Execute       source -notrace -encoding utf-8 C:/Xilinx/2025.1/Vitis/tps/tcl/tcl8.6/clock.tcl 
Execute         source -encoding utf-8 C:/Xilinx/2025.1/Vitis/tps/tcl/tcl8/8.5/msgcat-1.6.1.tm 
Execute           source C:/Xilinx/2025.1/Vitis/tps/tcl/tcllib2.0/0compatibility/pkgIndex.tcl 
Execute           source C:/Xilinx/2025.1/Vitis/tps/tcl/tcllib2.0/amazon-s3/pkgIndex.tcl 
Execute           source C:/Xilinx/2025.1/Vitis/tps/tcl/tcllib2.0/asn/pkgIndex.tcl 
Execute           source C:/Xilinx/2025.1/Vitis/tps/tcl/tcllib2.0/base32/pkgIndex.tcl 
Execute           source C:/Xilinx/2025.1/Vitis/tps/tcl/tcllib2.0/base64/pkgIndex.tcl 
Execute           source C:/Xilinx/2025.1/Vitis/tps/tcl/tcllib2.0/bee/pkgIndex.tcl 
Execute           source C:/Xilinx/2025.1/Vitis/tps/tcl/tcllib2.0/bench/pkgIndex.tcl 
Execute           source C:/Xilinx/2025.1/Vitis/tps/tcl/tcllib2.0/bibtex/pkgIndex.tcl 
Execute           source C:/Xilinx/2025.1/Vitis/tps/tcl/tcllib2.0/cache/pkgIndex.tcl 
Execute           source C:/Xilinx/2025.1/Vitis/tps/tcl/tcllib2.0/clay/pkgIndex.tcl 
Execute           source C:/Xilinx/2025.1/Vitis/tps/tcl/tcllib2.0/clock/pkgIndex.tcl 
Execute           source C:/Xilinx/2025.1/Vitis/tps/tcl/tcllib2.0/cmdline/pkgIndex.tcl 
Execute           source C:/Xilinx/2025.1/Vitis/tps/tcl/tcllib2.0/comm/pkgIndex.tcl 
Execute           source C:/Xilinx/2025.1/Vitis/tps/tcl/tcllib2.0/control/pkgIndex.tcl 
Execute           source C:/Xilinx/2025.1/Vitis/tps/tcl/tcllib2.0/coroutine/pkgIndex.tcl 
Execute           source C:/Xilinx/2025.1/Vitis/tps/tcl/tcllib2.0/counter/pkgIndex.tcl 
Execute           source C:/Xilinx/2025.1/Vitis/tps/tcl/tcllib2.0/crc/pkgIndex.tcl 
Execute           source C:/Xilinx/2025.1/Vitis/tps/tcl/tcllib2.0/cron/pkgIndex.tcl 
Execute           source C:/Xilinx/2025.1/Vitis/tps/tcl/tcllib2.0/csv/pkgIndex.tcl 
Execute           source C:/Xilinx/2025.1/Vitis/tps/tcl/tcllib2.0/debug/pkgIndex.tcl 
Execute           source C:/Xilinx/2025.1/Vitis/tps/tcl/tcllib2.0/defer/pkgIndex.tcl 
Execute           source C:/Xilinx/2025.1/Vitis/tps/tcl/tcllib2.0/dicttool/pkgIndex.tcl 
Execute           source C:/Xilinx/2025.1/Vitis/tps/tcl/tcllib2.0/dns/pkgIndex.tcl 
Execute           source C:/Xilinx/2025.1/Vitis/tps/tcl/tcllib2.0/docstrip/pkgIndex.tcl 
Execute           source C:/Xilinx/2025.1/Vitis/tps/tcl/tcllib2.0/doctools/pkgIndex.tcl 
Execute           source C:/Xilinx/2025.1/Vitis/tps/tcl/tcllib2.0/doctools2base/pkgIndex.tcl 
Execute           source C:/Xilinx/2025.1/Vitis/tps/tcl/tcllib2.0/doctools2idx/pkgIndex.tcl 
Execute           source C:/Xilinx/2025.1/Vitis/tps/tcl/tcllib2.0/doctools2toc/pkgIndex.tcl 
Execute           source C:/Xilinx/2025.1/Vitis/tps/tcl/tcllib2.0/dtplite/pkgIndex.tcl 
Execute           source C:/Xilinx/2025.1/Vitis/tps/tcl/tcllib2.0/fileutil/pkgIndex.tcl 
Execute           source C:/Xilinx/2025.1/Vitis/tps/tcl/tcllib2.0/ftp/pkgIndex.tcl 
Execute           source C:/Xilinx/2025.1/Vitis/tps/tcl/tcllib2.0/ftpd/pkgIndex.tcl 
Execute           source C:/Xilinx/2025.1/Vitis/tps/tcl/tcllib2.0/fumagic/pkgIndex.tcl 
Execute           source C:/Xilinx/2025.1/Vitis/tps/tcl/tcllib2.0/generator/pkgIndex.tcl 
Execute           source C:/Xilinx/2025.1/Vitis/tps/tcl/tcllib2.0/gpx/pkgIndex.tcl 
Execute           source C:/Xilinx/2025.1/Vitis/tps/tcl/tcllib2.0/grammar_aycock/pkgIndex.tcl 
Execute           source C:/Xilinx/2025.1/Vitis/tps/tcl/tcllib2.0/grammar_fa/pkgIndex.tcl 
Execute           source C:/Xilinx/2025.1/Vitis/tps/tcl/tcllib2.0/grammar_me/pkgIndex.tcl 
Execute           source C:/Xilinx/2025.1/Vitis/tps/tcl/tcllib2.0/grammar_peg/pkgIndex.tcl 
Execute           source C:/Xilinx/2025.1/Vitis/tps/tcl/tcllib2.0/hook/pkgIndex.tcl 
Execute           source C:/Xilinx/2025.1/Vitis/tps/tcl/tcllib2.0/html/pkgIndex.tcl 
Execute           source C:/Xilinx/2025.1/Vitis/tps/tcl/tcllib2.0/htmlparse/pkgIndex.tcl 
Execute           source C:/Xilinx/2025.1/Vitis/tps/tcl/tcllib2.0/http/pkgIndex.tcl 
Execute           source C:/Xilinx/2025.1/Vitis/tps/tcl/tcllib2.0/httpd/pkgIndex.tcl 
Execute           source C:/Xilinx/2025.1/Vitis/tps/tcl/tcllib2.0/httpwget/pkgIndex.tcl 
Execute           source C:/Xilinx/2025.1/Vitis/tps/tcl/tcllib2.0/ident/pkgIndex.tcl 
Execute           source C:/Xilinx/2025.1/Vitis/tps/tcl/tcllib2.0/imap4/pkgIndex.tcl 
Execute           source C:/Xilinx/2025.1/Vitis/tps/tcl/tcllib2.0/inifile/pkgIndex.tcl 
Execute           source C:/Xilinx/2025.1/Vitis/tps/tcl/tcllib2.0/interp/pkgIndex.tcl 
Execute           source C:/Xilinx/2025.1/Vitis/tps/tcl/tcllib2.0/irc/pkgIndex.tcl 
Execute           source C:/Xilinx/2025.1/Vitis/tps/tcl/tcllib2.0/javascript/pkgIndex.tcl 
Execute           source C:/Xilinx/2025.1/Vitis/tps/tcl/tcllib2.0/jpeg/pkgIndex.tcl 
Execute           source C:/Xilinx/2025.1/Vitis/tps/tcl/tcllib2.0/json/pkgIndex.tcl 
Execute           source C:/Xilinx/2025.1/Vitis/tps/tcl/tcllib2.0/lambda/pkgIndex.tcl 
Execute           source C:/Xilinx/2025.1/Vitis/tps/tcl/tcllib2.0/lazyset/pkgIndex.tcl 
Execute           source C:/Xilinx/2025.1/Vitis/tps/tcl/tcllib2.0/ldap/pkgIndex.tcl 
Execute           source C:/Xilinx/2025.1/Vitis/tps/tcl/tcllib2.0/log/pkgIndex.tcl 
Execute           source C:/Xilinx/2025.1/Vitis/tps/tcl/tcllib2.0/map/pkgIndex.tcl 
Execute           source C:/Xilinx/2025.1/Vitis/tps/tcl/tcllib2.0/mapproj/pkgIndex.tcl 
Execute           source C:/Xilinx/2025.1/Vitis/tps/tcl/tcllib2.0/markdown/pkgIndex.tcl 
Execute           source C:/Xilinx/2025.1/Vitis/tps/tcl/tcllib2.0/math/pkgIndex.tcl 
Execute           source C:/Xilinx/2025.1/Vitis/tps/tcl/tcllib2.0/md4/pkgIndex.tcl 
Execute           source C:/Xilinx/2025.1/Vitis/tps/tcl/tcllib2.0/md5/pkgIndex.tcl 
Execute           source C:/Xilinx/2025.1/Vitis/tps/tcl/tcllib2.0/md5crypt/pkgIndex.tcl 
Execute           source C:/Xilinx/2025.1/Vitis/tps/tcl/tcllib2.0/mime/pkgIndex.tcl 
Execute           source C:/Xilinx/2025.1/Vitis/tps/tcl/tcllib2.0/mkdoc/pkgIndex.tcl 
Execute           source C:/Xilinx/2025.1/Vitis/tps/tcl/tcllib2.0/multiplexer/pkgIndex.tcl 
Execute           source C:/Xilinx/2025.1/Vitis/tps/tcl/tcllib2.0/namespacex/pkgIndex.tcl 
Execute           source C:/Xilinx/2025.1/Vitis/tps/tcl/tcllib2.0/ncgi/pkgIndex.tcl 
Execute           source C:/Xilinx/2025.1/Vitis/tps/tcl/tcllib2.0/nettool/pkgIndex.tcl 
Execute           source C:/Xilinx/2025.1/Vitis/tps/tcl/tcllib2.0/nmea/pkgIndex.tcl 
Execute           source C:/Xilinx/2025.1/Vitis/tps/tcl/tcllib2.0/nns/pkgIndex.tcl 
Execute           source C:/Xilinx/2025.1/Vitis/tps/tcl/tcllib2.0/nntp/pkgIndex.tcl 
Execute           source C:/Xilinx/2025.1/Vitis/tps/tcl/tcllib2.0/ntp/pkgIndex.tcl 
Execute           source C:/Xilinx/2025.1/Vitis/tps/tcl/tcllib2.0/oauth/pkgIndex.tcl 
Execute           source C:/Xilinx/2025.1/Vitis/tps/tcl/tcllib2.0/oodialect/pkgIndex.tcl 
Execute           source C:/Xilinx/2025.1/Vitis/tps/tcl/tcllib2.0/oometa/pkgIndex.tcl 
Execute           source C:/Xilinx/2025.1/Vitis/tps/tcl/tcllib2.0/ooutil/pkgIndex.tcl 
Execute           source C:/Xilinx/2025.1/Vitis/tps/tcl/tcllib2.0/otp/pkgIndex.tcl 
Execute           source C:/Xilinx/2025.1/Vitis/tps/tcl/tcllib2.0/page/pkgIndex.tcl 
Execute           source C:/Xilinx/2025.1/Vitis/tps/tcl/tcllib2.0/pluginmgr/pkgIndex.tcl 
Execute           source C:/Xilinx/2025.1/Vitis/tps/tcl/tcllib2.0/png/pkgIndex.tcl 
Execute           source C:/Xilinx/2025.1/Vitis/tps/tcl/tcllib2.0/pop3/pkgIndex.tcl 
Execute           source C:/Xilinx/2025.1/Vitis/tps/tcl/tcllib2.0/pop3d/pkgIndex.tcl 
Execute           source C:/Xilinx/2025.1/Vitis/tps/tcl/tcllib2.0/practcl/pkgIndex.tcl 
Execute           source C:/Xilinx/2025.1/Vitis/tps/tcl/tcllib2.0/processman/pkgIndex.tcl 
Execute           source C:/Xilinx/2025.1/Vitis/tps/tcl/tcllib2.0/profiler/pkgIndex.tcl 
Execute           source C:/Xilinx/2025.1/Vitis/tps/tcl/tcllib2.0/pt/pkgIndex.tcl 
Execute           source C:/Xilinx/2025.1/Vitis/tps/tcl/tcllib2.0/rcs/pkgIndex.tcl 
Execute           source C:/Xilinx/2025.1/Vitis/tps/tcl/tcllib2.0/report/pkgIndex.tcl 
Execute           source C:/Xilinx/2025.1/Vitis/tps/tcl/tcllib2.0/rest/pkgIndex.tcl 
Execute           source C:/Xilinx/2025.1/Vitis/tps/tcl/tcllib2.0/ripemd/pkgIndex.tcl 
Execute           source C:/Xilinx/2025.1/Vitis/tps/tcl/tcllib2.0/sasl/pkgIndex.tcl 
Execute           source C:/Xilinx/2025.1/Vitis/tps/tcl/tcllib2.0/sha1/pkgIndex.tcl 
Execute           source C:/Xilinx/2025.1/Vitis/tps/tcl/tcllib2.0/simulation/pkgIndex.tcl 
Execute           source C:/Xilinx/2025.1/Vitis/tps/tcl/tcllib2.0/smtpd/pkgIndex.tcl 
Execute           source C:/Xilinx/2025.1/Vitis/tps/tcl/tcllib2.0/snit/pkgIndex.tcl 
Execute           source C:/Xilinx/2025.1/Vitis/tps/tcl/tcllib2.0/soundex/pkgIndex.tcl 
Execute           source C:/Xilinx/2025.1/Vitis/tps/tcl/tcllib2.0/stooop/pkgIndex.tcl 
Execute           source C:/Xilinx/2025.1/Vitis/tps/tcl/tcllib2.0/string/pkgIndex.tcl 
Execute           source C:/Xilinx/2025.1/Vitis/tps/tcl/tcllib2.0/stringprep/pkgIndex.tcl 
Execute           source C:/Xilinx/2025.1/Vitis/tps/tcl/tcllib2.0/struct/pkgIndex.tcl 
Execute           source C:/Xilinx/2025.1/Vitis/tps/tcl/tcllib2.0/tar/pkgIndex.tcl 
Execute           source C:/Xilinx/2025.1/Vitis/tps/tcl/tcllib2.0/tepam/pkgIndex.tcl 
Execute           source C:/Xilinx/2025.1/Vitis/tps/tcl/tcllib2.0/term/pkgIndex.tcl 
Execute           source C:/Xilinx/2025.1/Vitis/tps/tcl/tcllib2.0/textutil/pkgIndex.tcl 
Execute           source C:/Xilinx/2025.1/Vitis/tps/tcl/tcllib2.0/tie/pkgIndex.tcl 
Execute           source C:/Xilinx/2025.1/Vitis/tps/tcl/tcllib2.0/tiff/pkgIndex.tcl 
Execute           source C:/Xilinx/2025.1/Vitis/tps/tcl/tcllib2.0/tool/pkgIndex.tcl 
Execute           source C:/Xilinx/2025.1/Vitis/tps/tcl/tcllib2.0/transfer/pkgIndex.tcl 
Execute           source C:/Xilinx/2025.1/Vitis/tps/tcl/tcllib2.0/treeql/pkgIndex.tcl 
Execute           source C:/Xilinx/2025.1/Vitis/tps/tcl/tcllib2.0/try/pkgIndex.tcl 
Execute           source C:/Xilinx/2025.1/Vitis/tps/tcl/tcllib2.0/udpcluster/pkgIndex.tcl 
Execute           source C:/Xilinx/2025.1/Vitis/tps/tcl/tcllib2.0/uev/pkgIndex.tcl 
Execute           source C:/Xilinx/2025.1/Vitis/tps/tcl/tcllib2.0/units/pkgIndex.tcl 
Execute           source C:/Xilinx/2025.1/Vitis/tps/tcl/tcllib2.0/uri/pkgIndex.tcl 
Execute           source C:/Xilinx/2025.1/Vitis/tps/tcl/tcllib2.0/uuid/pkgIndex.tcl 
Execute           source C:/Xilinx/2025.1/Vitis/tps/tcl/tcllib2.0/valtype/pkgIndex.tcl 
Execute           source C:/Xilinx/2025.1/Vitis/tps/tcl/tcllib2.0/virtchannel_base/pkgIndex.tcl 
Execute           source C:/Xilinx/2025.1/Vitis/tps/tcl/tcllib2.0/virtchannel_core/pkgIndex.tcl 
Execute           source C:/Xilinx/2025.1/Vitis/tps/tcl/tcllib2.0/virtchannel_transform/pkgIndex.tcl 
Execute           source C:/Xilinx/2025.1/Vitis/tps/tcl/tcllib2.0/websocket/pkgIndex.tcl 
Execute           source C:/Xilinx/2025.1/Vitis/tps/tcl/tcllib2.0/wip/pkgIndex.tcl 
Execute           source C:/Xilinx/2025.1/Vitis/tps/tcl/tcllib2.0/yaml/pkgIndex.tcl 
Execute           source C:/Xilinx/2025.1/Vitis/tps/tcl/tcllib2.0/zip/pkgIndex.tcl 
Execute           source C:/Xilinx/2025.1/Vitis/tps/tcl/tcllib2.0/pkgIndex.tcl 
Execute             source C:/Xilinx/2025.1/Vitis/tps/tcl/tcllib2.0/0compatibility/pkgIndex.tcl 
Execute             source C:/Xilinx/2025.1/Vitis/tps/tcl/tcllib2.0/amazon-s3/pkgIndex.tcl 
Execute             source C:/Xilinx/2025.1/Vitis/tps/tcl/tcllib2.0/asn/pkgIndex.tcl 
Execute             source C:/Xilinx/2025.1/Vitis/tps/tcl/tcllib2.0/base32/pkgIndex.tcl 
Execute             source C:/Xilinx/2025.1/Vitis/tps/tcl/tcllib2.0/base64/pkgIndex.tcl 
Execute             source C:/Xilinx/2025.1/Vitis/tps/tcl/tcllib2.0/bee/pkgIndex.tcl 
Execute             source C:/Xilinx/2025.1/Vitis/tps/tcl/tcllib2.0/bench/pkgIndex.tcl 
Execute             source C:/Xilinx/2025.1/Vitis/tps/tcl/tcllib2.0/bibtex/pkgIndex.tcl 
Execute             source C:/Xilinx/2025.1/Vitis/tps/tcl/tcllib2.0/cache/pkgIndex.tcl 
Execute             source C:/Xilinx/2025.1/Vitis/tps/tcl/tcllib2.0/clay/pkgIndex.tcl 
Execute             source C:/Xilinx/2025.1/Vitis/tps/tcl/tcllib2.0/clock/pkgIndex.tcl 
Execute             source C:/Xilinx/2025.1/Vitis/tps/tcl/tcllib2.0/cmdline/pkgIndex.tcl 
Execute             source C:/Xilinx/2025.1/Vitis/tps/tcl/tcllib2.0/comm/pkgIndex.tcl 
Execute             source C:/Xilinx/2025.1/Vitis/tps/tcl/tcllib2.0/control/pkgIndex.tcl 
Execute             source C:/Xilinx/2025.1/Vitis/tps/tcl/tcllib2.0/coroutine/pkgIndex.tcl 
Execute             source C:/Xilinx/2025.1/Vitis/tps/tcl/tcllib2.0/counter/pkgIndex.tcl 
Execute             source C:/Xilinx/2025.1/Vitis/tps/tcl/tcllib2.0/crc/pkgIndex.tcl 
Execute             source C:/Xilinx/2025.1/Vitis/tps/tcl/tcllib2.0/cron/pkgIndex.tcl 
Execute             source C:/Xilinx/2025.1/Vitis/tps/tcl/tcllib2.0/csv/pkgIndex.tcl 
Execute             source C:/Xilinx/2025.1/Vitis/tps/tcl/tcllib2.0/debug/pkgIndex.tcl 
Execute             source C:/Xilinx/2025.1/Vitis/tps/tcl/tcllib2.0/defer/pkgIndex.tcl 
Execute             source C:/Xilinx/2025.1/Vitis/tps/tcl/tcllib2.0/dicttool/pkgIndex.tcl 
Execute             source C:/Xilinx/2025.1/Vitis/tps/tcl/tcllib2.0/dns/pkgIndex.tcl 
Execute             source C:/Xilinx/2025.1/Vitis/tps/tcl/tcllib2.0/docstrip/pkgIndex.tcl 
Execute             source C:/Xilinx/2025.1/Vitis/tps/tcl/tcllib2.0/doctools/pkgIndex.tcl 
Execute             source C:/Xilinx/2025.1/Vitis/tps/tcl/tcllib2.0/doctools2base/pkgIndex.tcl 
Execute             source C:/Xilinx/2025.1/Vitis/tps/tcl/tcllib2.0/doctools2idx/pkgIndex.tcl 
Execute             source C:/Xilinx/2025.1/Vitis/tps/tcl/tcllib2.0/doctools2toc/pkgIndex.tcl 
Execute             source C:/Xilinx/2025.1/Vitis/tps/tcl/tcllib2.0/dtplite/pkgIndex.tcl 
Execute             source C:/Xilinx/2025.1/Vitis/tps/tcl/tcllib2.0/fileutil/pkgIndex.tcl 
Execute             source C:/Xilinx/2025.1/Vitis/tps/tcl/tcllib2.0/ftp/pkgIndex.tcl 
Execute             source C:/Xilinx/2025.1/Vitis/tps/tcl/tcllib2.0/ftpd/pkgIndex.tcl 
Execute             source C:/Xilinx/2025.1/Vitis/tps/tcl/tcllib2.0/fumagic/pkgIndex.tcl 
Execute             source C:/Xilinx/2025.1/Vitis/tps/tcl/tcllib2.0/generator/pkgIndex.tcl 
Execute             source C:/Xilinx/2025.1/Vitis/tps/tcl/tcllib2.0/gpx/pkgIndex.tcl 
Execute             source C:/Xilinx/2025.1/Vitis/tps/tcl/tcllib2.0/grammar_aycock/pkgIndex.tcl 
Execute             source C:/Xilinx/2025.1/Vitis/tps/tcl/tcllib2.0/grammar_fa/pkgIndex.tcl 
Execute             source C:/Xilinx/2025.1/Vitis/tps/tcl/tcllib2.0/grammar_me/pkgIndex.tcl 
Execute             source C:/Xilinx/2025.1/Vitis/tps/tcl/tcllib2.0/grammar_peg/pkgIndex.tcl 
Execute             source C:/Xilinx/2025.1/Vitis/tps/tcl/tcllib2.0/hook/pkgIndex.tcl 
Execute             source C:/Xilinx/2025.1/Vitis/tps/tcl/tcllib2.0/html/pkgIndex.tcl 
Execute             source C:/Xilinx/2025.1/Vitis/tps/tcl/tcllib2.0/htmlparse/pkgIndex.tcl 
Execute             source C:/Xilinx/2025.1/Vitis/tps/tcl/tcllib2.0/http/pkgIndex.tcl 
Execute             source C:/Xilinx/2025.1/Vitis/tps/tcl/tcllib2.0/httpd/pkgIndex.tcl 
Execute             source C:/Xilinx/2025.1/Vitis/tps/tcl/tcllib2.0/httpwget/pkgIndex.tcl 
Execute             source C:/Xilinx/2025.1/Vitis/tps/tcl/tcllib2.0/ident/pkgIndex.tcl 
Execute             source C:/Xilinx/2025.1/Vitis/tps/tcl/tcllib2.0/imap4/pkgIndex.tcl 
Execute             source C:/Xilinx/2025.1/Vitis/tps/tcl/tcllib2.0/inifile/pkgIndex.tcl 
Execute             source C:/Xilinx/2025.1/Vitis/tps/tcl/tcllib2.0/interp/pkgIndex.tcl 
Execute             source C:/Xilinx/2025.1/Vitis/tps/tcl/tcllib2.0/irc/pkgIndex.tcl 
Execute             source C:/Xilinx/2025.1/Vitis/tps/tcl/tcllib2.0/javascript/pkgIndex.tcl 
Execute             source C:/Xilinx/2025.1/Vitis/tps/tcl/tcllib2.0/jpeg/pkgIndex.tcl 
Execute             source C:/Xilinx/2025.1/Vitis/tps/tcl/tcllib2.0/json/pkgIndex.tcl 
Execute             source C:/Xilinx/2025.1/Vitis/tps/tcl/tcllib2.0/lambda/pkgIndex.tcl 
Execute             source C:/Xilinx/2025.1/Vitis/tps/tcl/tcllib2.0/lazyset/pkgIndex.tcl 
Execute             source C:/Xilinx/2025.1/Vitis/tps/tcl/tcllib2.0/ldap/pkgIndex.tcl 
Execute             source C:/Xilinx/2025.1/Vitis/tps/tcl/tcllib2.0/log/pkgIndex.tcl 
Execute             source C:/Xilinx/2025.1/Vitis/tps/tcl/tcllib2.0/map/pkgIndex.tcl 
Execute             source C:/Xilinx/2025.1/Vitis/tps/tcl/tcllib2.0/mapproj/pkgIndex.tcl 
Execute             source C:/Xilinx/2025.1/Vitis/tps/tcl/tcllib2.0/markdown/pkgIndex.tcl 
Execute             source C:/Xilinx/2025.1/Vitis/tps/tcl/tcllib2.0/math/pkgIndex.tcl 
Execute             source C:/Xilinx/2025.1/Vitis/tps/tcl/tcllib2.0/md4/pkgIndex.tcl 
Execute             source C:/Xilinx/2025.1/Vitis/tps/tcl/tcllib2.0/md5/pkgIndex.tcl 
Execute             source C:/Xilinx/2025.1/Vitis/tps/tcl/tcllib2.0/md5crypt/pkgIndex.tcl 
Execute             source C:/Xilinx/2025.1/Vitis/tps/tcl/tcllib2.0/mime/pkgIndex.tcl 
Execute             source C:/Xilinx/2025.1/Vitis/tps/tcl/tcllib2.0/mkdoc/pkgIndex.tcl 
Execute             source C:/Xilinx/2025.1/Vitis/tps/tcl/tcllib2.0/multiplexer/pkgIndex.tcl 
Execute             source C:/Xilinx/2025.1/Vitis/tps/tcl/tcllib2.0/namespacex/pkgIndex.tcl 
Execute             source C:/Xilinx/2025.1/Vitis/tps/tcl/tcllib2.0/ncgi/pkgIndex.tcl 
Execute             source C:/Xilinx/2025.1/Vitis/tps/tcl/tcllib2.0/nettool/pkgIndex.tcl 
Execute             source C:/Xilinx/2025.1/Vitis/tps/tcl/tcllib2.0/nmea/pkgIndex.tcl 
Execute             source C:/Xilinx/2025.1/Vitis/tps/tcl/tcllib2.0/nns/pkgIndex.tcl 
Execute             source C:/Xilinx/2025.1/Vitis/tps/tcl/tcllib2.0/nntp/pkgIndex.tcl 
Execute             source C:/Xilinx/2025.1/Vitis/tps/tcl/tcllib2.0/ntp/pkgIndex.tcl 
Execute             source C:/Xilinx/2025.1/Vitis/tps/tcl/tcllib2.0/oauth/pkgIndex.tcl 
Execute             source C:/Xilinx/2025.1/Vitis/tps/tcl/tcllib2.0/oodialect/pkgIndex.tcl 
Execute             source C:/Xilinx/2025.1/Vitis/tps/tcl/tcllib2.0/oometa/pkgIndex.tcl 
Execute             source C:/Xilinx/2025.1/Vitis/tps/tcl/tcllib2.0/ooutil/pkgIndex.tcl 
Execute             source C:/Xilinx/2025.1/Vitis/tps/tcl/tcllib2.0/otp/pkgIndex.tcl 
Execute             source C:/Xilinx/2025.1/Vitis/tps/tcl/tcllib2.0/page/pkgIndex.tcl 
Execute             source C:/Xilinx/2025.1/Vitis/tps/tcl/tcllib2.0/pluginmgr/pkgIndex.tcl 
Execute             source C:/Xilinx/2025.1/Vitis/tps/tcl/tcllib2.0/png/pkgIndex.tcl 
Execute             source C:/Xilinx/2025.1/Vitis/tps/tcl/tcllib2.0/pop3/pkgIndex.tcl 
Execute             source C:/Xilinx/2025.1/Vitis/tps/tcl/tcllib2.0/pop3d/pkgIndex.tcl 
Execute             source C:/Xilinx/2025.1/Vitis/tps/tcl/tcllib2.0/practcl/pkgIndex.tcl 
Execute             source C:/Xilinx/2025.1/Vitis/tps/tcl/tcllib2.0/processman/pkgIndex.tcl 
Execute             source C:/Xilinx/2025.1/Vitis/tps/tcl/tcllib2.0/profiler/pkgIndex.tcl 
Execute             source C:/Xilinx/2025.1/Vitis/tps/tcl/tcllib2.0/pt/pkgIndex.tcl 
Execute             source C:/Xilinx/2025.1/Vitis/tps/tcl/tcllib2.0/rcs/pkgIndex.tcl 
Execute             source C:/Xilinx/2025.1/Vitis/tps/tcl/tcllib2.0/report/pkgIndex.tcl 
Execute             source C:/Xilinx/2025.1/Vitis/tps/tcl/tcllib2.0/rest/pkgIndex.tcl 
Execute             source C:/Xilinx/2025.1/Vitis/tps/tcl/tcllib2.0/ripemd/pkgIndex.tcl 
Execute             source C:/Xilinx/2025.1/Vitis/tps/tcl/tcllib2.0/sasl/pkgIndex.tcl 
Execute             source C:/Xilinx/2025.1/Vitis/tps/tcl/tcllib2.0/sha1/pkgIndex.tcl 
Execute             source C:/Xilinx/2025.1/Vitis/tps/tcl/tcllib2.0/simulation/pkgIndex.tcl 
Execute             source C:/Xilinx/2025.1/Vitis/tps/tcl/tcllib2.0/smtpd/pkgIndex.tcl 
Execute             source C:/Xilinx/2025.1/Vitis/tps/tcl/tcllib2.0/snit/pkgIndex.tcl 
Execute             source C:/Xilinx/2025.1/Vitis/tps/tcl/tcllib2.0/soundex/pkgIndex.tcl 
Execute             source C:/Xilinx/2025.1/Vitis/tps/tcl/tcllib2.0/stooop/pkgIndex.tcl 
Execute             source C:/Xilinx/2025.1/Vitis/tps/tcl/tcllib2.0/string/pkgIndex.tcl 
Execute             source C:/Xilinx/2025.1/Vitis/tps/tcl/tcllib2.0/stringprep/pkgIndex.tcl 
Execute             source C:/Xilinx/2025.1/Vitis/tps/tcl/tcllib2.0/struct/pkgIndex.tcl 
Execute             source C:/Xilinx/2025.1/Vitis/tps/tcl/tcllib2.0/tar/pkgIndex.tcl 
Execute             source C:/Xilinx/2025.1/Vitis/tps/tcl/tcllib2.0/tepam/pkgIndex.tcl 
Execute             source C:/Xilinx/2025.1/Vitis/tps/tcl/tcllib2.0/term/pkgIndex.tcl 
Execute             source C:/Xilinx/2025.1/Vitis/tps/tcl/tcllib2.0/textutil/pkgIndex.tcl 
Execute             source C:/Xilinx/2025.1/Vitis/tps/tcl/tcllib2.0/tie/pkgIndex.tcl 
Execute             source C:/Xilinx/2025.1/Vitis/tps/tcl/tcllib2.0/tiff/pkgIndex.tcl 
Execute             source C:/Xilinx/2025.1/Vitis/tps/tcl/tcllib2.0/tool/pkgIndex.tcl 
Execute             source C:/Xilinx/2025.1/Vitis/tps/tcl/tcllib2.0/transfer/pkgIndex.tcl 
Execute             source C:/Xilinx/2025.1/Vitis/tps/tcl/tcllib2.0/treeql/pkgIndex.tcl 
Execute             source C:/Xilinx/2025.1/Vitis/tps/tcl/tcllib2.0/try/pkgIndex.tcl 
Execute             source C:/Xilinx/2025.1/Vitis/tps/tcl/tcllib2.0/udpcluster/pkgIndex.tcl 
Execute             source C:/Xilinx/2025.1/Vitis/tps/tcl/tcllib2.0/uev/pkgIndex.tcl 
Execute             source C:/Xilinx/2025.1/Vitis/tps/tcl/tcllib2.0/units/pkgIndex.tcl 
Execute             source C:/Xilinx/2025.1/Vitis/tps/tcl/tcllib2.0/uri/pkgIndex.tcl 
Execute             source C:/Xilinx/2025.1/Vitis/tps/tcl/tcllib2.0/uuid/pkgIndex.tcl 
Execute             source C:/Xilinx/2025.1/Vitis/tps/tcl/tcllib2.0/valtype/pkgIndex.tcl 
Execute             source C:/Xilinx/2025.1/Vitis/tps/tcl/tcllib2.0/virtchannel_base/pkgIndex.tcl 
Execute             source C:/Xilinx/2025.1/Vitis/tps/tcl/tcllib2.0/virtchannel_core/pkgIndex.tcl 
Execute             source C:/Xilinx/2025.1/Vitis/tps/tcl/tcllib2.0/virtchannel_transform/pkgIndex.tcl 
Execute             source C:/Xilinx/2025.1/Vitis/tps/tcl/tcllib2.0/websocket/pkgIndex.tcl 
Execute             source C:/Xilinx/2025.1/Vitis/tps/tcl/tcllib2.0/wip/pkgIndex.tcl 
Execute             source C:/Xilinx/2025.1/Vitis/tps/tcl/tcllib2.0/yaml/pkgIndex.tcl 
Execute             source C:/Xilinx/2025.1/Vitis/tps/tcl/tcllib2.0/zip/pkgIndex.tcl 
Command           ap_source done; 0.117 sec.
Execute           source C:/Xilinx/2025.1/Vitis/tps/tcl/tdom/pkgIndex.tcl 
Execute           source C:/Xilinx/2025.1/Vitis/tps/tcl/tcl8.6/opt0.4/pkgIndex.tcl 
Execute           source C:/Xilinx/2025.1/Vitis/tps/tcl/tcl8.6/pkgs/win/thread2.8.7/pkgIndex.tcl 
Command         ap_source done; 0.257 sec.
Execute         source C:/Xilinx/2025.1/Vitis/tps/tcl/tcllib2.0/0compatibility/pkgIndex.tcl 
Execute         source C:/Xilinx/2025.1/Vitis/tps/tcl/tcllib2.0/amazon-s3/pkgIndex.tcl 
Execute         source C:/Xilinx/2025.1/Vitis/tps/tcl/tcllib2.0/asn/pkgIndex.tcl 
Execute         source C:/Xilinx/2025.1/Vitis/tps/tcl/tcllib2.0/base32/pkgIndex.tcl 
Execute         source C:/Xilinx/2025.1/Vitis/tps/tcl/tcllib2.0/base64/pkgIndex.tcl 
Execute         source C:/Xilinx/2025.1/Vitis/tps/tcl/tcllib2.0/bee/pkgIndex.tcl 
Execute         source C:/Xilinx/2025.1/Vitis/tps/tcl/tcllib2.0/bench/pkgIndex.tcl 
Execute         source C:/Xilinx/2025.1/Vitis/tps/tcl/tcllib2.0/bibtex/pkgIndex.tcl 
Execute         source C:/Xilinx/2025.1/Vitis/tps/tcl/tcllib2.0/cache/pkgIndex.tcl 
Execute         source C:/Xilinx/2025.1/Vitis/tps/tcl/tcllib2.0/clay/pkgIndex.tcl 
Execute         source C:/Xilinx/2025.1/Vitis/tps/tcl/tcllib2.0/clock/pkgIndex.tcl 
Execute         source C:/Xilinx/2025.1/Vitis/tps/tcl/tcllib2.0/cmdline/pkgIndex.tcl 
Execute         source C:/Xilinx/2025.1/Vitis/tps/tcl/tcllib2.0/comm/pkgIndex.tcl 
Execute         source C:/Xilinx/2025.1/Vitis/tps/tcl/tcllib2.0/control/pkgIndex.tcl 
Execute         source C:/Xilinx/2025.1/Vitis/tps/tcl/tcllib2.0/coroutine/pkgIndex.tcl 
Execute         source C:/Xilinx/2025.1/Vitis/tps/tcl/tcllib2.0/counter/pkgIndex.tcl 
Execute         source C:/Xilinx/2025.1/Vitis/tps/tcl/tcllib2.0/crc/pkgIndex.tcl 
Execute         source C:/Xilinx/2025.1/Vitis/tps/tcl/tcllib2.0/cron/pkgIndex.tcl 
Execute         source C:/Xilinx/2025.1/Vitis/tps/tcl/tcllib2.0/csv/pkgIndex.tcl 
Execute         source C:/Xilinx/2025.1/Vitis/tps/tcl/tcllib2.0/debug/pkgIndex.tcl 
Execute         source C:/Xilinx/2025.1/Vitis/tps/tcl/tcllib2.0/defer/pkgIndex.tcl 
Execute         source C:/Xilinx/2025.1/Vitis/tps/tcl/tcllib2.0/dicttool/pkgIndex.tcl 
Execute         source C:/Xilinx/2025.1/Vitis/tps/tcl/tcllib2.0/dns/pkgIndex.tcl 
Execute         source C:/Xilinx/2025.1/Vitis/tps/tcl/tcllib2.0/docstrip/pkgIndex.tcl 
Execute         source C:/Xilinx/2025.1/Vitis/tps/tcl/tcllib2.0/doctools/pkgIndex.tcl 
Execute         source C:/Xilinx/2025.1/Vitis/tps/tcl/tcllib2.0/doctools2base/pkgIndex.tcl 
Execute         source C:/Xilinx/2025.1/Vitis/tps/tcl/tcllib2.0/doctools2idx/pkgIndex.tcl 
Execute         source C:/Xilinx/2025.1/Vitis/tps/tcl/tcllib2.0/doctools2toc/pkgIndex.tcl 
Execute         source C:/Xilinx/2025.1/Vitis/tps/tcl/tcllib2.0/dtplite/pkgIndex.tcl 
Execute         source C:/Xilinx/2025.1/Vitis/tps/tcl/tcllib2.0/fileutil/pkgIndex.tcl 
Execute         source C:/Xilinx/2025.1/Vitis/tps/tcl/tcllib2.0/ftp/pkgIndex.tcl 
Execute         source C:/Xilinx/2025.1/Vitis/tps/tcl/tcllib2.0/ftpd/pkgIndex.tcl 
Execute         source C:/Xilinx/2025.1/Vitis/tps/tcl/tcllib2.0/fumagic/pkgIndex.tcl 
Execute         source C:/Xilinx/2025.1/Vitis/tps/tcl/tcllib2.0/generator/pkgIndex.tcl 
Execute         source C:/Xilinx/2025.1/Vitis/tps/tcl/tcllib2.0/gpx/pkgIndex.tcl 
Execute         source C:/Xilinx/2025.1/Vitis/tps/tcl/tcllib2.0/grammar_aycock/pkgIndex.tcl 
Execute         source C:/Xilinx/2025.1/Vitis/tps/tcl/tcllib2.0/grammar_fa/pkgIndex.tcl 
Execute         source C:/Xilinx/2025.1/Vitis/tps/tcl/tcllib2.0/grammar_me/pkgIndex.tcl 
Execute         source C:/Xilinx/2025.1/Vitis/tps/tcl/tcllib2.0/grammar_peg/pkgIndex.tcl 
Execute         source C:/Xilinx/2025.1/Vitis/tps/tcl/tcllib2.0/hook/pkgIndex.tcl 
Execute         source C:/Xilinx/2025.1/Vitis/tps/tcl/tcllib2.0/html/pkgIndex.tcl 
Execute         source C:/Xilinx/2025.1/Vitis/tps/tcl/tcllib2.0/htmlparse/pkgIndex.tcl 
Execute         source C:/Xilinx/2025.1/Vitis/tps/tcl/tcllib2.0/http/pkgIndex.tcl 
Execute         source C:/Xilinx/2025.1/Vitis/tps/tcl/tcllib2.0/httpd/pkgIndex.tcl 
Execute         source C:/Xilinx/2025.1/Vitis/tps/tcl/tcllib2.0/httpwget/pkgIndex.tcl 
Execute         source C:/Xilinx/2025.1/Vitis/tps/tcl/tcllib2.0/ident/pkgIndex.tcl 
Execute         source C:/Xilinx/2025.1/Vitis/tps/tcl/tcllib2.0/imap4/pkgIndex.tcl 
Execute         source C:/Xilinx/2025.1/Vitis/tps/tcl/tcllib2.0/inifile/pkgIndex.tcl 
Execute         source C:/Xilinx/2025.1/Vitis/tps/tcl/tcllib2.0/interp/pkgIndex.tcl 
Execute         source C:/Xilinx/2025.1/Vitis/tps/tcl/tcllib2.0/irc/pkgIndex.tcl 
Execute         source C:/Xilinx/2025.1/Vitis/tps/tcl/tcllib2.0/javascript/pkgIndex.tcl 
Execute         source C:/Xilinx/2025.1/Vitis/tps/tcl/tcllib2.0/jpeg/pkgIndex.tcl 
Execute         source C:/Xilinx/2025.1/Vitis/tps/tcl/tcllib2.0/json/pkgIndex.tcl 
Execute         source C:/Xilinx/2025.1/Vitis/tps/tcl/tcllib2.0/lambda/pkgIndex.tcl 
Execute         source C:/Xilinx/2025.1/Vitis/tps/tcl/tcllib2.0/lazyset/pkgIndex.tcl 
Execute         source C:/Xilinx/2025.1/Vitis/tps/tcl/tcllib2.0/ldap/pkgIndex.tcl 
Execute         source C:/Xilinx/2025.1/Vitis/tps/tcl/tcllib2.0/log/pkgIndex.tcl 
Execute         source C:/Xilinx/2025.1/Vitis/tps/tcl/tcllib2.0/map/pkgIndex.tcl 
Execute         source C:/Xilinx/2025.1/Vitis/tps/tcl/tcllib2.0/mapproj/pkgIndex.tcl 
Execute         source C:/Xilinx/2025.1/Vitis/tps/tcl/tcllib2.0/markdown/pkgIndex.tcl 
Execute         source C:/Xilinx/2025.1/Vitis/tps/tcl/tcllib2.0/math/pkgIndex.tcl 
Execute         source C:/Xilinx/2025.1/Vitis/tps/tcl/tcllib2.0/md4/pkgIndex.tcl 
Execute         source C:/Xilinx/2025.1/Vitis/tps/tcl/tcllib2.0/md5/pkgIndex.tcl 
Execute         source C:/Xilinx/2025.1/Vitis/tps/tcl/tcllib2.0/md5crypt/pkgIndex.tcl 
Execute         source C:/Xilinx/2025.1/Vitis/tps/tcl/tcllib2.0/mime/pkgIndex.tcl 
Execute         source C:/Xilinx/2025.1/Vitis/tps/tcl/tcllib2.0/mkdoc/pkgIndex.tcl 
Execute         source C:/Xilinx/2025.1/Vitis/tps/tcl/tcllib2.0/multiplexer/pkgIndex.tcl 
Execute         source C:/Xilinx/2025.1/Vitis/tps/tcl/tcllib2.0/namespacex/pkgIndex.tcl 
Execute         source C:/Xilinx/2025.1/Vitis/tps/tcl/tcllib2.0/ncgi/pkgIndex.tcl 
Execute         source C:/Xilinx/2025.1/Vitis/tps/tcl/tcllib2.0/nettool/pkgIndex.tcl 
Execute         source C:/Xilinx/2025.1/Vitis/tps/tcl/tcllib2.0/nmea/pkgIndex.tcl 
Execute         source C:/Xilinx/2025.1/Vitis/tps/tcl/tcllib2.0/nns/pkgIndex.tcl 
Execute         source C:/Xilinx/2025.1/Vitis/tps/tcl/tcllib2.0/nntp/pkgIndex.tcl 
Execute         source C:/Xilinx/2025.1/Vitis/tps/tcl/tcllib2.0/ntp/pkgIndex.tcl 
Execute         source C:/Xilinx/2025.1/Vitis/tps/tcl/tcllib2.0/oauth/pkgIndex.tcl 
Execute         source C:/Xilinx/2025.1/Vitis/tps/tcl/tcllib2.0/oodialect/pkgIndex.tcl 
Execute         source C:/Xilinx/2025.1/Vitis/tps/tcl/tcllib2.0/oometa/pkgIndex.tcl 
Execute         source C:/Xilinx/2025.1/Vitis/tps/tcl/tcllib2.0/ooutil/pkgIndex.tcl 
Execute         source C:/Xilinx/2025.1/Vitis/tps/tcl/tcllib2.0/otp/pkgIndex.tcl 
Execute         source C:/Xilinx/2025.1/Vitis/tps/tcl/tcllib2.0/page/pkgIndex.tcl 
Execute         source C:/Xilinx/2025.1/Vitis/tps/tcl/tcllib2.0/pluginmgr/pkgIndex.tcl 
Execute         source C:/Xilinx/2025.1/Vitis/tps/tcl/tcllib2.0/png/pkgIndex.tcl 
Execute         source C:/Xilinx/2025.1/Vitis/tps/tcl/tcllib2.0/pop3/pkgIndex.tcl 
Execute         source C:/Xilinx/2025.1/Vitis/tps/tcl/tcllib2.0/pop3d/pkgIndex.tcl 
Execute         source C:/Xilinx/2025.1/Vitis/tps/tcl/tcllib2.0/practcl/pkgIndex.tcl 
Execute         source C:/Xilinx/2025.1/Vitis/tps/tcl/tcllib2.0/processman/pkgIndex.tcl 
Execute         source C:/Xilinx/2025.1/Vitis/tps/tcl/tcllib2.0/profiler/pkgIndex.tcl 
Execute         source C:/Xilinx/2025.1/Vitis/tps/tcl/tcllib2.0/pt/pkgIndex.tcl 
Execute         source C:/Xilinx/2025.1/Vitis/tps/tcl/tcllib2.0/rcs/pkgIndex.tcl 
Execute         source C:/Xilinx/2025.1/Vitis/tps/tcl/tcllib2.0/report/pkgIndex.tcl 
Execute         source C:/Xilinx/2025.1/Vitis/tps/tcl/tcllib2.0/rest/pkgIndex.tcl 
Execute         source C:/Xilinx/2025.1/Vitis/tps/tcl/tcllib2.0/ripemd/pkgIndex.tcl 
Execute         source C:/Xilinx/2025.1/Vitis/tps/tcl/tcllib2.0/sasl/pkgIndex.tcl 
Execute         source C:/Xilinx/2025.1/Vitis/tps/tcl/tcllib2.0/sha1/pkgIndex.tcl 
Execute         source C:/Xilinx/2025.1/Vitis/tps/tcl/tcllib2.0/simulation/pkgIndex.tcl 
Execute         source C:/Xilinx/2025.1/Vitis/tps/tcl/tcllib2.0/smtpd/pkgIndex.tcl 
Execute         source C:/Xilinx/2025.1/Vitis/tps/tcl/tcllib2.0/snit/pkgIndex.tcl 
Execute         source C:/Xilinx/2025.1/Vitis/tps/tcl/tcllib2.0/soundex/pkgIndex.tcl 
Execute         source C:/Xilinx/2025.1/Vitis/tps/tcl/tcllib2.0/stooop/pkgIndex.tcl 
Execute         source C:/Xilinx/2025.1/Vitis/tps/tcl/tcllib2.0/string/pkgIndex.tcl 
Execute         source C:/Xilinx/2025.1/Vitis/tps/tcl/tcllib2.0/stringprep/pkgIndex.tcl 
Execute         source C:/Xilinx/2025.1/Vitis/tps/tcl/tcllib2.0/struct/pkgIndex.tcl 
Execute         source C:/Xilinx/2025.1/Vitis/tps/tcl/tcllib2.0/tar/pkgIndex.tcl 
Execute         source C:/Xilinx/2025.1/Vitis/tps/tcl/tcllib2.0/tepam/pkgIndex.tcl 
Execute         source C:/Xilinx/2025.1/Vitis/tps/tcl/tcllib2.0/term/pkgIndex.tcl 
Execute         source C:/Xilinx/2025.1/Vitis/tps/tcl/tcllib2.0/textutil/pkgIndex.tcl 
Execute         source C:/Xilinx/2025.1/Vitis/tps/tcl/tcllib2.0/tie/pkgIndex.tcl 
Execute         source C:/Xilinx/2025.1/Vitis/tps/tcl/tcllib2.0/tiff/pkgIndex.tcl 
Execute         source C:/Xilinx/2025.1/Vitis/tps/tcl/tcllib2.0/tool/pkgIndex.tcl 
Execute         source C:/Xilinx/2025.1/Vitis/tps/tcl/tcllib2.0/transfer/pkgIndex.tcl 
Execute         source C:/Xilinx/2025.1/Vitis/tps/tcl/tcllib2.0/treeql/pkgIndex.tcl 
Execute         source C:/Xilinx/2025.1/Vitis/tps/tcl/tcllib2.0/try/pkgIndex.tcl 
Execute         source C:/Xilinx/2025.1/Vitis/tps/tcl/tcllib2.0/udpcluster/pkgIndex.tcl 
Execute         source C:/Xilinx/2025.1/Vitis/tps/tcl/tcllib2.0/uev/pkgIndex.tcl 
Execute         source C:/Xilinx/2025.1/Vitis/tps/tcl/tcllib2.0/units/pkgIndex.tcl 
Execute         source C:/Xilinx/2025.1/Vitis/tps/tcl/tcllib2.0/uri/pkgIndex.tcl 
Execute         source C:/Xilinx/2025.1/Vitis/tps/tcl/tcllib2.0/uuid/pkgIndex.tcl 
Execute         source C:/Xilinx/2025.1/Vitis/tps/tcl/tcllib2.0/valtype/pkgIndex.tcl 
Execute         source C:/Xilinx/2025.1/Vitis/tps/tcl/tcllib2.0/virtchannel_base/pkgIndex.tcl 
Execute         source C:/Xilinx/2025.1/Vitis/tps/tcl/tcllib2.0/virtchannel_core/pkgIndex.tcl 
Execute         source C:/Xilinx/2025.1/Vitis/tps/tcl/tcllib2.0/virtchannel_transform/pkgIndex.tcl 
Execute         source C:/Xilinx/2025.1/Vitis/tps/tcl/tcllib2.0/websocket/pkgIndex.tcl 
Execute         source C:/Xilinx/2025.1/Vitis/tps/tcl/tcllib2.0/wip/pkgIndex.tcl 
Execute         source C:/Xilinx/2025.1/Vitis/tps/tcl/tcllib2.0/yaml/pkgIndex.tcl 
Execute         source C:/Xilinx/2025.1/Vitis/tps/tcl/tcllib2.0/zip/pkgIndex.tcl 
Execute         source C:/Xilinx/2025.1/Vitis/tps/tcl/tcllib2.0/pkgIndex.tcl 
Execute           source C:/Xilinx/2025.1/Vitis/tps/tcl/tcllib2.0/0compatibility/pkgIndex.tcl 
Execute           source C:/Xilinx/2025.1/Vitis/tps/tcl/tcllib2.0/amazon-s3/pkgIndex.tcl 
Execute           source C:/Xilinx/2025.1/Vitis/tps/tcl/tcllib2.0/asn/pkgIndex.tcl 
Execute           source C:/Xilinx/2025.1/Vitis/tps/tcl/tcllib2.0/base32/pkgIndex.tcl 
Execute           source C:/Xilinx/2025.1/Vitis/tps/tcl/tcllib2.0/base64/pkgIndex.tcl 
Execute           source C:/Xilinx/2025.1/Vitis/tps/tcl/tcllib2.0/bee/pkgIndex.tcl 
Execute           source C:/Xilinx/2025.1/Vitis/tps/tcl/tcllib2.0/bench/pkgIndex.tcl 
Execute           source C:/Xilinx/2025.1/Vitis/tps/tcl/tcllib2.0/bibtex/pkgIndex.tcl 
Execute           source C:/Xilinx/2025.1/Vitis/tps/tcl/tcllib2.0/cache/pkgIndex.tcl 
Execute           source C:/Xilinx/2025.1/Vitis/tps/tcl/tcllib2.0/clay/pkgIndex.tcl 
Execute           source C:/Xilinx/2025.1/Vitis/tps/tcl/tcllib2.0/clock/pkgIndex.tcl 
Execute           source C:/Xilinx/2025.1/Vitis/tps/tcl/tcllib2.0/cmdline/pkgIndex.tcl 
Execute           source C:/Xilinx/2025.1/Vitis/tps/tcl/tcllib2.0/comm/pkgIndex.tcl 
Execute           source C:/Xilinx/2025.1/Vitis/tps/tcl/tcllib2.0/control/pkgIndex.tcl 
Execute           source C:/Xilinx/2025.1/Vitis/tps/tcl/tcllib2.0/coroutine/pkgIndex.tcl 
Execute           source C:/Xilinx/2025.1/Vitis/tps/tcl/tcllib2.0/counter/pkgIndex.tcl 
Execute           source C:/Xilinx/2025.1/Vitis/tps/tcl/tcllib2.0/crc/pkgIndex.tcl 
Execute           source C:/Xilinx/2025.1/Vitis/tps/tcl/tcllib2.0/cron/pkgIndex.tcl 
Execute           source C:/Xilinx/2025.1/Vitis/tps/tcl/tcllib2.0/csv/pkgIndex.tcl 
Execute           source C:/Xilinx/2025.1/Vitis/tps/tcl/tcllib2.0/debug/pkgIndex.tcl 
Execute           source C:/Xilinx/2025.1/Vitis/tps/tcl/tcllib2.0/defer/pkgIndex.tcl 
Execute           source C:/Xilinx/2025.1/Vitis/tps/tcl/tcllib2.0/dicttool/pkgIndex.tcl 
Execute           source C:/Xilinx/2025.1/Vitis/tps/tcl/tcllib2.0/dns/pkgIndex.tcl 
Execute           source C:/Xilinx/2025.1/Vitis/tps/tcl/tcllib2.0/docstrip/pkgIndex.tcl 
Execute           source C:/Xilinx/2025.1/Vitis/tps/tcl/tcllib2.0/doctools/pkgIndex.tcl 
Execute           source C:/Xilinx/2025.1/Vitis/tps/tcl/tcllib2.0/doctools2base/pkgIndex.tcl 
Execute           source C:/Xilinx/2025.1/Vitis/tps/tcl/tcllib2.0/doctools2idx/pkgIndex.tcl 
Execute           source C:/Xilinx/2025.1/Vitis/tps/tcl/tcllib2.0/doctools2toc/pkgIndex.tcl 
Execute           source C:/Xilinx/2025.1/Vitis/tps/tcl/tcllib2.0/dtplite/pkgIndex.tcl 
Execute           source C:/Xilinx/2025.1/Vitis/tps/tcl/tcllib2.0/fileutil/pkgIndex.tcl 
Execute           source C:/Xilinx/2025.1/Vitis/tps/tcl/tcllib2.0/ftp/pkgIndex.tcl 
Execute           source C:/Xilinx/2025.1/Vitis/tps/tcl/tcllib2.0/ftpd/pkgIndex.tcl 
Execute           source C:/Xilinx/2025.1/Vitis/tps/tcl/tcllib2.0/fumagic/pkgIndex.tcl 
Execute           source C:/Xilinx/2025.1/Vitis/tps/tcl/tcllib2.0/generator/pkgIndex.tcl 
Execute           source C:/Xilinx/2025.1/Vitis/tps/tcl/tcllib2.0/gpx/pkgIndex.tcl 
Execute           source C:/Xilinx/2025.1/Vitis/tps/tcl/tcllib2.0/grammar_aycock/pkgIndex.tcl 
Execute           source C:/Xilinx/2025.1/Vitis/tps/tcl/tcllib2.0/grammar_fa/pkgIndex.tcl 
Execute           source C:/Xilinx/2025.1/Vitis/tps/tcl/tcllib2.0/grammar_me/pkgIndex.tcl 
Execute           source C:/Xilinx/2025.1/Vitis/tps/tcl/tcllib2.0/grammar_peg/pkgIndex.tcl 
Execute           source C:/Xilinx/2025.1/Vitis/tps/tcl/tcllib2.0/hook/pkgIndex.tcl 
Execute           source C:/Xilinx/2025.1/Vitis/tps/tcl/tcllib2.0/html/pkgIndex.tcl 
Execute           source C:/Xilinx/2025.1/Vitis/tps/tcl/tcllib2.0/htmlparse/pkgIndex.tcl 
Execute           source C:/Xilinx/2025.1/Vitis/tps/tcl/tcllib2.0/http/pkgIndex.tcl 
Execute           source C:/Xilinx/2025.1/Vitis/tps/tcl/tcllib2.0/httpd/pkgIndex.tcl 
Execute           source C:/Xilinx/2025.1/Vitis/tps/tcl/tcllib2.0/httpwget/pkgIndex.tcl 
Execute           source C:/Xilinx/2025.1/Vitis/tps/tcl/tcllib2.0/ident/pkgIndex.tcl 
Execute           source C:/Xilinx/2025.1/Vitis/tps/tcl/tcllib2.0/imap4/pkgIndex.tcl 
Execute           source C:/Xilinx/2025.1/Vitis/tps/tcl/tcllib2.0/inifile/pkgIndex.tcl 
Execute           source C:/Xilinx/2025.1/Vitis/tps/tcl/tcllib2.0/interp/pkgIndex.tcl 
Execute           source C:/Xilinx/2025.1/Vitis/tps/tcl/tcllib2.0/irc/pkgIndex.tcl 
Execute           source C:/Xilinx/2025.1/Vitis/tps/tcl/tcllib2.0/javascript/pkgIndex.tcl 
Execute           source C:/Xilinx/2025.1/Vitis/tps/tcl/tcllib2.0/jpeg/pkgIndex.tcl 
Execute           source C:/Xilinx/2025.1/Vitis/tps/tcl/tcllib2.0/json/pkgIndex.tcl 
Execute           source C:/Xilinx/2025.1/Vitis/tps/tcl/tcllib2.0/lambda/pkgIndex.tcl 
Execute           source C:/Xilinx/2025.1/Vitis/tps/tcl/tcllib2.0/lazyset/pkgIndex.tcl 
Execute           source C:/Xilinx/2025.1/Vitis/tps/tcl/tcllib2.0/ldap/pkgIndex.tcl 
Execute           source C:/Xilinx/2025.1/Vitis/tps/tcl/tcllib2.0/log/pkgIndex.tcl 
Execute           source C:/Xilinx/2025.1/Vitis/tps/tcl/tcllib2.0/map/pkgIndex.tcl 
Execute           source C:/Xilinx/2025.1/Vitis/tps/tcl/tcllib2.0/mapproj/pkgIndex.tcl 
Execute           source C:/Xilinx/2025.1/Vitis/tps/tcl/tcllib2.0/markdown/pkgIndex.tcl 
Execute           source C:/Xilinx/2025.1/Vitis/tps/tcl/tcllib2.0/math/pkgIndex.tcl 
Execute           source C:/Xilinx/2025.1/Vitis/tps/tcl/tcllib2.0/md4/pkgIndex.tcl 
Execute           source C:/Xilinx/2025.1/Vitis/tps/tcl/tcllib2.0/md5/pkgIndex.tcl 
Execute           source C:/Xilinx/2025.1/Vitis/tps/tcl/tcllib2.0/md5crypt/pkgIndex.tcl 
Execute           source C:/Xilinx/2025.1/Vitis/tps/tcl/tcllib2.0/mime/pkgIndex.tcl 
Execute           source C:/Xilinx/2025.1/Vitis/tps/tcl/tcllib2.0/mkdoc/pkgIndex.tcl 
Execute           source C:/Xilinx/2025.1/Vitis/tps/tcl/tcllib2.0/multiplexer/pkgIndex.tcl 
Execute           source C:/Xilinx/2025.1/Vitis/tps/tcl/tcllib2.0/namespacex/pkgIndex.tcl 
Execute           source C:/Xilinx/2025.1/Vitis/tps/tcl/tcllib2.0/ncgi/pkgIndex.tcl 
Execute           source C:/Xilinx/2025.1/Vitis/tps/tcl/tcllib2.0/nettool/pkgIndex.tcl 
Execute           source C:/Xilinx/2025.1/Vitis/tps/tcl/tcllib2.0/nmea/pkgIndex.tcl 
Execute           source C:/Xilinx/2025.1/Vitis/tps/tcl/tcllib2.0/nns/pkgIndex.tcl 
Execute           source C:/Xilinx/2025.1/Vitis/tps/tcl/tcllib2.0/nntp/pkgIndex.tcl 
Execute           source C:/Xilinx/2025.1/Vitis/tps/tcl/tcllib2.0/ntp/pkgIndex.tcl 
Execute           source C:/Xilinx/2025.1/Vitis/tps/tcl/tcllib2.0/oauth/pkgIndex.tcl 
Execute           source C:/Xilinx/2025.1/Vitis/tps/tcl/tcllib2.0/oodialect/pkgIndex.tcl 
Execute           source C:/Xilinx/2025.1/Vitis/tps/tcl/tcllib2.0/oometa/pkgIndex.tcl 
Execute           source C:/Xilinx/2025.1/Vitis/tps/tcl/tcllib2.0/ooutil/pkgIndex.tcl 
Execute           source C:/Xilinx/2025.1/Vitis/tps/tcl/tcllib2.0/otp/pkgIndex.tcl 
Execute           source C:/Xilinx/2025.1/Vitis/tps/tcl/tcllib2.0/page/pkgIndex.tcl 
Execute           source C:/Xilinx/2025.1/Vitis/tps/tcl/tcllib2.0/pluginmgr/pkgIndex.tcl 
Execute           source C:/Xilinx/2025.1/Vitis/tps/tcl/tcllib2.0/png/pkgIndex.tcl 
Execute           source C:/Xilinx/2025.1/Vitis/tps/tcl/tcllib2.0/pop3/pkgIndex.tcl 
Execute           source C:/Xilinx/2025.1/Vitis/tps/tcl/tcllib2.0/pop3d/pkgIndex.tcl 
Execute           source C:/Xilinx/2025.1/Vitis/tps/tcl/tcllib2.0/practcl/pkgIndex.tcl 
Execute           source C:/Xilinx/2025.1/Vitis/tps/tcl/tcllib2.0/processman/pkgIndex.tcl 
Execute           source C:/Xilinx/2025.1/Vitis/tps/tcl/tcllib2.0/profiler/pkgIndex.tcl 
Execute           source C:/Xilinx/2025.1/Vitis/tps/tcl/tcllib2.0/pt/pkgIndex.tcl 
Execute           source C:/Xilinx/2025.1/Vitis/tps/tcl/tcllib2.0/rcs/pkgIndex.tcl 
Execute           source C:/Xilinx/2025.1/Vitis/tps/tcl/tcllib2.0/report/pkgIndex.tcl 
Execute           source C:/Xilinx/2025.1/Vitis/tps/tcl/tcllib2.0/rest/pkgIndex.tcl 
Execute           source C:/Xilinx/2025.1/Vitis/tps/tcl/tcllib2.0/ripemd/pkgIndex.tcl 
Execute           source C:/Xilinx/2025.1/Vitis/tps/tcl/tcllib2.0/sasl/pkgIndex.tcl 
Execute           source C:/Xilinx/2025.1/Vitis/tps/tcl/tcllib2.0/sha1/pkgIndex.tcl 
Execute           source C:/Xilinx/2025.1/Vitis/tps/tcl/tcllib2.0/simulation/pkgIndex.tcl 
Execute           source C:/Xilinx/2025.1/Vitis/tps/tcl/tcllib2.0/smtpd/pkgIndex.tcl 
Execute           source C:/Xilinx/2025.1/Vitis/tps/tcl/tcllib2.0/snit/pkgIndex.tcl 
Execute           source C:/Xilinx/2025.1/Vitis/tps/tcl/tcllib2.0/soundex/pkgIndex.tcl 
Execute           source C:/Xilinx/2025.1/Vitis/tps/tcl/tcllib2.0/stooop/pkgIndex.tcl 
Execute           source C:/Xilinx/2025.1/Vitis/tps/tcl/tcllib2.0/string/pkgIndex.tcl 
Execute           source C:/Xilinx/2025.1/Vitis/tps/tcl/tcllib2.0/stringprep/pkgIndex.tcl 
Execute           source C:/Xilinx/2025.1/Vitis/tps/tcl/tcllib2.0/struct/pkgIndex.tcl 
Execute           source C:/Xilinx/2025.1/Vitis/tps/tcl/tcllib2.0/tar/pkgIndex.tcl 
Execute           source C:/Xilinx/2025.1/Vitis/tps/tcl/tcllib2.0/tepam/pkgIndex.tcl 
Execute           source C:/Xilinx/2025.1/Vitis/tps/tcl/tcllib2.0/term/pkgIndex.tcl 
Execute           source C:/Xilinx/2025.1/Vitis/tps/tcl/tcllib2.0/textutil/pkgIndex.tcl 
Execute           source C:/Xilinx/2025.1/Vitis/tps/tcl/tcllib2.0/tie/pkgIndex.tcl 
Execute           source C:/Xilinx/2025.1/Vitis/tps/tcl/tcllib2.0/tiff/pkgIndex.tcl 
Execute           source C:/Xilinx/2025.1/Vitis/tps/tcl/tcllib2.0/tool/pkgIndex.tcl 
Execute           source C:/Xilinx/2025.1/Vitis/tps/tcl/tcllib2.0/transfer/pkgIndex.tcl 
Execute           source C:/Xilinx/2025.1/Vitis/tps/tcl/tcllib2.0/treeql/pkgIndex.tcl 
Execute           source C:/Xilinx/2025.1/Vitis/tps/tcl/tcllib2.0/try/pkgIndex.tcl 
Execute           source C:/Xilinx/2025.1/Vitis/tps/tcl/tcllib2.0/udpcluster/pkgIndex.tcl 
Execute           source C:/Xilinx/2025.1/Vitis/tps/tcl/tcllib2.0/uev/pkgIndex.tcl 
Execute           source C:/Xilinx/2025.1/Vitis/tps/tcl/tcllib2.0/units/pkgIndex.tcl 
Execute           source C:/Xilinx/2025.1/Vitis/tps/tcl/tcllib2.0/uri/pkgIndex.tcl 
Execute           source C:/Xilinx/2025.1/Vitis/tps/tcl/tcllib2.0/uuid/pkgIndex.tcl 
Execute           source C:/Xilinx/2025.1/Vitis/tps/tcl/tcllib2.0/valtype/pkgIndex.tcl 
Execute           source C:/Xilinx/2025.1/Vitis/tps/tcl/tcllib2.0/virtchannel_base/pkgIndex.tcl 
Execute           source C:/Xilinx/2025.1/Vitis/tps/tcl/tcllib2.0/virtchannel_core/pkgIndex.tcl 
Execute           source C:/Xilinx/2025.1/Vitis/tps/tcl/tcllib2.0/virtchannel_transform/pkgIndex.tcl 
Execute           source C:/Xilinx/2025.1/Vitis/tps/tcl/tcllib2.0/websocket/pkgIndex.tcl 
Execute           source C:/Xilinx/2025.1/Vitis/tps/tcl/tcllib2.0/wip/pkgIndex.tcl 
Execute           source C:/Xilinx/2025.1/Vitis/tps/tcl/tcllib2.0/yaml/pkgIndex.tcl 
Execute           source C:/Xilinx/2025.1/Vitis/tps/tcl/tcllib2.0/zip/pkgIndex.tcl 
Command         ap_source done; 0.115 sec.
Execute         source C:/Xilinx/2025.1/Vitis/tps/tcl/tdom/pkgIndex.tcl 
Execute         source C:/Xilinx/2025.1/Vitis/tps/tcl/tcl8.6/opt0.4/pkgIndex.tcl 
Execute         source C:/Xilinx/2025.1/Vitis/tps/tcl/tcl8.6/pkgs/win/thread2.8.7/pkgIndex.tcl 
Command       ap_source done; 0.512 sec.
INFO-FLOW: Workspace C:/Users/ozair/Documents/Code_Drive/Drone/cnn/cnn/hls opened at Wed Jul 02 14:12:29 -0400 2025
Execute       send_msg_by_id INFO @200-1505@%s%s default  vivado 
INFO: [HLS 200-1505] Using default flow_target 'vivado'
Execute       send_msg_by_id INFO @200-2174@%s%s component C:/Users/ozair/Documents/Code_Drive/Drone/hls_files/hls_run.tcl 
INFO: [HLS 200-2174] Applying component config ini file C:/Users/ozair/Documents/Code_Drive/Drone/hls_files/hls_run.tcl
Execute       apply_ini C:/Users/ozair/Documents/Code_Drive/Drone/hls_files/hls_run.tcl 
Execute         send_msg_by_id INFO @200-1465@%s 'syn.file=./conv_pool.cpp' from C:/Users/ozair/Documents/Code_Drive/Drone/hls_files/hls_run.tcl(4) 
INFO: [HLS 200-1465] Applying config ini 'syn.file=./conv_pool.cpp' from C:/Users/ozair/Documents/Code_Drive/Drone/hls_files/hls_run.tcl(4)
Execute         add_files C:/Users/ozair/Documents/Code_Drive/Drone/hls_files/conv_pool.cpp 
INFO: [HLS 200-10] Adding design file 'C:/Users/ozair/Documents/Code_Drive/Drone/hls_files/conv_pool.cpp' to the project
Execute         send_msg_by_id INFO @200-1465@%s 'tb.file=./testbench.cpp' from C:/Users/ozair/Documents/Code_Drive/Drone/hls_files/hls_run.tcl(5) 
INFO: [HLS 200-1465] Applying config ini 'tb.file=./testbench.cpp' from C:/Users/ozair/Documents/Code_Drive/Drone/hls_files/hls_run.tcl(5)
Execute         add_files -tb C:/Users/ozair/Documents/Code_Drive/Drone/hls_files/testbench.cpp 
INFO: [HLS 200-10] Adding test bench file 'C:/Users/ozair/Documents/Code_Drive/Drone/hls_files/testbench.cpp' to the project
Execute         send_msg_by_id INFO @200-1465@%s 'flow_target=vivado' from C:/Users/ozair/Documents/Code_Drive/Drone/hls_files/hls_run.tcl(6) 
INFO: [HLS 200-1465] Applying config ini 'flow_target=vivado' from C:/Users/ozair/Documents/Code_Drive/Drone/hls_files/hls_run.tcl(6)
Execute         send_msg_by_id INFO @200-1505@%s%s  vivado 
INFO: [HLS 200-1505] Using flow_target 'vivado'
Execute         send_msg_by_id INFO @200-1465@%s 'part=xc7a100tfgg484-2L' from C:/Users/ozair/Documents/Code_Drive/Drone/hls_files/hls_run.tcl(1) 
INFO: [HLS 200-1465] Applying config ini 'part=xc7a100tfgg484-2L' from C:/Users/ozair/Documents/Code_Drive/Drone/hls_files/hls_run.tcl(1)
Execute         set_part xc7a100tfgg484-2L 
Execute           create_platform xc7a100tfgg484-2L -board  
DBG:HLSDevice: Trying to load device library: C:/Xilinx/2025.1/Vitis\lib\win64.o\xv_hlsvwrap.dll
DBG:HLSDevice: first parts/arch.xml in RDI_DATADIR: C:/Xilinx/2025.1/Vivado/data/parts/arch.xml
DBG:HLSDevice: init success
INFO: [HLS 200-1611] Setting target device to 'xc7a100t-fgg484-2L'
Command           create_platform done; 0.702 sec.
Execute           source C:/Xilinx/2025.1/Vitis/common/technology/xilinx/common/xilinx.gen 
Execute             source C:/Xilinx/2025.1/Vitis/common/technology/xilinx/interface/plb46.gen 
Execute             source C:/Xilinx/2025.1/Vitis/common/technology/xilinx/interface/axi4.gen 
Execute             source C:/Xilinx/2025.1/Vitis/common/technology/xilinx/interface/nativeAXI4.gen 
Execute               source C:/Xilinx/2025.1/Vitis/common/technology/xilinx/interface/saxilite.gen 
Execute             source C:/Xilinx/2025.1/Vitis/common/technology/xilinx/scripts/xilinxcoregen.gen 
Execute             source C:/Xilinx/2025.1/Vitis/common/technology/xilinx/interface/XilEDKCoreGen.gen 
Execute             source C:/Xilinx/2025.1/Vitis/common/technology/xilinx/ip/dds_compiler.gen 
Execute             source C:/Xilinx/2025.1/Vitis/common/technology/xilinx/ip/util.gen 
Execute             source C:/Xilinx/2025.1/Vitis/common/technology/xilinx/ip/xfft.gen 
Execute             source C:/Xilinx/2025.1/Vitis/common/technology/xilinx/ip/xfir.gen 
Execute             source C:/Xilinx/2025.1/Vitis/common/technology/xilinx/DSP48/dsp48.gen 
Command           ap_source done; 0.103 sec.
Execute           ap_part_info -name xc7a100t-fgg484-2L -data info 
Execute           config_compile -quiet -complex-mul-dsp=0 
Command         set_part done; 0.829 sec.
Execute         send_msg_by_id INFO @200-1465@%s 'clock=10ns' from C:/Users/ozair/Documents/Code_Drive/Drone/hls_files/hls_run.tcl(7) 
INFO: [HLS 200-1465] Applying config ini 'clock=10ns' from C:/Users/ozair/Documents/Code_Drive/Drone/hls_files/hls_run.tcl(7)
Execute         create_clock -period 10ns 
Execute           ap_set_clock -name default -period 10 -unit ns -default=false 
INFO: [SYN 201-201] Setting up clock 'default' with a period of 10ns.
Execute         send_msg_by_id INFO @200-1465@%s 'csim.clean=1' from C:/Users/ozair/Documents/Code_Drive/Drone/hls_files/hls_run.tcl(11) 
INFO: [HLS 200-1465] Applying config ini 'csim.clean=1' from C:/Users/ozair/Documents/Code_Drive/Drone/hls_files/hls_run.tcl(11)
Execute         config_csim -clean=1 
Execute         send_msg_by_id INFO @200-1465@%s 'csim.code_analyzer=1' from C:/Users/ozair/Documents/Code_Drive/Drone/hls_files/hls_run.tcl(10) 
INFO: [HLS 200-1465] Applying config ini 'csim.code_analyzer=1' from C:/Users/ozair/Documents/Code_Drive/Drone/hls_files/hls_run.tcl(10)
Execute         config_csim -code_analyzer=1 
Execute         send_msg_by_id INFO @200-1465@%s 'csim.setup=1' from C:/Users/ozair/Documents/Code_Drive/Drone/hls_files/hls_run.tcl(12) 
INFO: [HLS 200-1465] Applying config ini 'csim.setup=1' from C:/Users/ozair/Documents/Code_Drive/Drone/hls_files/hls_run.tcl(12)
Execute         config_csim -setup=1 
Execute         send_msg_by_id INFO @200-1465@%s 'package.output.format=ip_catalog' from C:/Users/ozair/Documents/Code_Drive/Drone/hls_files/hls_run.tcl(8) 
INFO: [HLS 200-1465] Applying config ini 'package.output.format=ip_catalog' from C:/Users/ozair/Documents/Code_Drive/Drone/hls_files/hls_run.tcl(8)
Execute         config_export -format=ip_catalog 
Execute         send_msg_by_id INFO @200-1465@%s 'sim.O=1' from C:/Users/ozair/Documents/Code_Drive/Drone/hls_files/hls_run.tcl(9) 
INFO: [HLS 200-1465] Applying config ini 'sim.O=1' from C:/Users/ozair/Documents/Code_Drive/Drone/hls_files/hls_run.tcl(9)
Execute         config_sim -O=1 
Command       apply_ini done; 0.903 sec.
Execute       write_component -config C:/Users/ozair/Documents/Code_Drive/Drone/hls_files/hls_run.tcl 
Execute         send_msg_by_id INFO @200-2176@%s C:/Users/ozair/Documents/Code_Drive/Drone/cnn/cnn/vitis-comp.json 
INFO: [HLS 200-2176] Writing Vitis IDE component file C:/Users/ozair/Documents/Code_Drive/Drone/cnn/cnn/vitis-comp.json
Command     open_solution done; 1.485 sec.
Command   open_component done; 1.489 sec.
Execute   apply_ini C:/Users/ozair/Documents/Code_Drive/Drone/cnn/cnn/hls/config.cmdline -iscmdline 
Execute   ::AP::init_summary_file csim 
Execute     AP::app_get_file_relativeroot [AP::app_get_root] {}
Execute   csim_design 
INFO-FLOW: Running SLX 'csim' proc: ::SLX::run_csim
INFO: [SIM 211-2] *************** CSIM start ***************
INFO: [SIM 211-4] CSIM will launch CLANG as the compiler.
Execute     send_msg_by_id INFO @200-2036@%s optimized 
INFO: [HLS 200-2036] Building optimized C Simulation binaries
Execute     ap_part_info -name xc7a100t-fgg484-2L -data info 
Execute     send_msg_by_id INFO @200-2035@ 
INFO: [HLS 200-2035] Skipping execution of C Simulation due to 'setup' option
INFO: [SIM 211-1] CSim file generation done with 0 errors.
INFO: [SIM 211-3] *************** CSIM finish ***************
Command   csim_design done; 11.212 sec.
Execute   close_project 
Execute     close_solution 
Execute       cleanup_all 
Execute       cleanup_all 
Execute       source -notrace -encoding utf-8 C:/Xilinx/2025.1/Vitis/tps/tcl/tcl8.6/clock.tcl 
Execute         source -encoding utf-8 C:/Xilinx/2025.1/Vitis/tps/tcl/tcl8/8.5/msgcat-1.6.1.tm 
Execute           source C:/Xilinx/2025.1/Vitis/tps/tcl/tcllib2.0/0compatibility/pkgIndex.tcl 
Execute           source C:/Xilinx/2025.1/Vitis/tps/tcl/tcllib2.0/amazon-s3/pkgIndex.tcl 
Execute           source C:/Xilinx/2025.1/Vitis/tps/tcl/tcllib2.0/asn/pkgIndex.tcl 
Execute           source C:/Xilinx/2025.1/Vitis/tps/tcl/tcllib2.0/base32/pkgIndex.tcl 
Execute           source C:/Xilinx/2025.1/Vitis/tps/tcl/tcllib2.0/base64/pkgIndex.tcl 
Execute           source C:/Xilinx/2025.1/Vitis/tps/tcl/tcllib2.0/bee/pkgIndex.tcl 
Execute           source C:/Xilinx/2025.1/Vitis/tps/tcl/tcllib2.0/bench/pkgIndex.tcl 
Execute           source C:/Xilinx/2025.1/Vitis/tps/tcl/tcllib2.0/bibtex/pkgIndex.tcl 
Execute           source C:/Xilinx/2025.1/Vitis/tps/tcl/tcllib2.0/cache/pkgIndex.tcl 
Execute           source C:/Xilinx/2025.1/Vitis/tps/tcl/tcllib2.0/clay/pkgIndex.tcl 
Execute           source C:/Xilinx/2025.1/Vitis/tps/tcl/tcllib2.0/clock/pkgIndex.tcl 
Execute           source C:/Xilinx/2025.1/Vitis/tps/tcl/tcllib2.0/cmdline/pkgIndex.tcl 
Execute           source C:/Xilinx/2025.1/Vitis/tps/tcl/tcllib2.0/comm/pkgIndex.tcl 
Execute           source C:/Xilinx/2025.1/Vitis/tps/tcl/tcllib2.0/control/pkgIndex.tcl 
Execute           source C:/Xilinx/2025.1/Vitis/tps/tcl/tcllib2.0/coroutine/pkgIndex.tcl 
Execute           source C:/Xilinx/2025.1/Vitis/tps/tcl/tcllib2.0/counter/pkgIndex.tcl 
Execute           source C:/Xilinx/2025.1/Vitis/tps/tcl/tcllib2.0/crc/pkgIndex.tcl 
Execute           source C:/Xilinx/2025.1/Vitis/tps/tcl/tcllib2.0/cron/pkgIndex.tcl 
Execute           source C:/Xilinx/2025.1/Vitis/tps/tcl/tcllib2.0/csv/pkgIndex.tcl 
Execute           source C:/Xilinx/2025.1/Vitis/tps/tcl/tcllib2.0/debug/pkgIndex.tcl 
Execute           source C:/Xilinx/2025.1/Vitis/tps/tcl/tcllib2.0/defer/pkgIndex.tcl 
Execute           source C:/Xilinx/2025.1/Vitis/tps/tcl/tcllib2.0/dicttool/pkgIndex.tcl 
Execute           source C:/Xilinx/2025.1/Vitis/tps/tcl/tcllib2.0/dns/pkgIndex.tcl 
Execute           source C:/Xilinx/2025.1/Vitis/tps/tcl/tcllib2.0/docstrip/pkgIndex.tcl 
Execute           source C:/Xilinx/2025.1/Vitis/tps/tcl/tcllib2.0/doctools/pkgIndex.tcl 
Execute           source C:/Xilinx/2025.1/Vitis/tps/tcl/tcllib2.0/doctools2base/pkgIndex.tcl 
Execute           source C:/Xilinx/2025.1/Vitis/tps/tcl/tcllib2.0/doctools2idx/pkgIndex.tcl 
Execute           source C:/Xilinx/2025.1/Vitis/tps/tcl/tcllib2.0/doctools2toc/pkgIndex.tcl 
Execute           source C:/Xilinx/2025.1/Vitis/tps/tcl/tcllib2.0/dtplite/pkgIndex.tcl 
Execute           source C:/Xilinx/2025.1/Vitis/tps/tcl/tcllib2.0/fileutil/pkgIndex.tcl 
Execute           source C:/Xilinx/2025.1/Vitis/tps/tcl/tcllib2.0/ftp/pkgIndex.tcl 
Execute           source C:/Xilinx/2025.1/Vitis/tps/tcl/tcllib2.0/ftpd/pkgIndex.tcl 
Execute           source C:/Xilinx/2025.1/Vitis/tps/tcl/tcllib2.0/fumagic/pkgIndex.tcl 
Execute           source C:/Xilinx/2025.1/Vitis/tps/tcl/tcllib2.0/generator/pkgIndex.tcl 
Execute           source C:/Xilinx/2025.1/Vitis/tps/tcl/tcllib2.0/gpx/pkgIndex.tcl 
Execute           source C:/Xilinx/2025.1/Vitis/tps/tcl/tcllib2.0/grammar_aycock/pkgIndex.tcl 
Execute           source C:/Xilinx/2025.1/Vitis/tps/tcl/tcllib2.0/grammar_fa/pkgIndex.tcl 
Execute           source C:/Xilinx/2025.1/Vitis/tps/tcl/tcllib2.0/grammar_me/pkgIndex.tcl 
Execute           source C:/Xilinx/2025.1/Vitis/tps/tcl/tcllib2.0/grammar_peg/pkgIndex.tcl 
Execute           source C:/Xilinx/2025.1/Vitis/tps/tcl/tcllib2.0/hook/pkgIndex.tcl 
Execute           source C:/Xilinx/2025.1/Vitis/tps/tcl/tcllib2.0/html/pkgIndex.tcl 
Execute           source C:/Xilinx/2025.1/Vitis/tps/tcl/tcllib2.0/htmlparse/pkgIndex.tcl 
Execute           source C:/Xilinx/2025.1/Vitis/tps/tcl/tcllib2.0/http/pkgIndex.tcl 
Execute           source C:/Xilinx/2025.1/Vitis/tps/tcl/tcllib2.0/httpd/pkgIndex.tcl 
Execute           source C:/Xilinx/2025.1/Vitis/tps/tcl/tcllib2.0/httpwget/pkgIndex.tcl 
Execute           source C:/Xilinx/2025.1/Vitis/tps/tcl/tcllib2.0/ident/pkgIndex.tcl 
Execute           source C:/Xilinx/2025.1/Vitis/tps/tcl/tcllib2.0/imap4/pkgIndex.tcl 
Execute           source C:/Xilinx/2025.1/Vitis/tps/tcl/tcllib2.0/inifile/pkgIndex.tcl 
Execute           source C:/Xilinx/2025.1/Vitis/tps/tcl/tcllib2.0/interp/pkgIndex.tcl 
Execute           source C:/Xilinx/2025.1/Vitis/tps/tcl/tcllib2.0/irc/pkgIndex.tcl 
Execute           source C:/Xilinx/2025.1/Vitis/tps/tcl/tcllib2.0/javascript/pkgIndex.tcl 
Execute           source C:/Xilinx/2025.1/Vitis/tps/tcl/tcllib2.0/jpeg/pkgIndex.tcl 
Execute           source C:/Xilinx/2025.1/Vitis/tps/tcl/tcllib2.0/json/pkgIndex.tcl 
Execute           source C:/Xilinx/2025.1/Vitis/tps/tcl/tcllib2.0/lambda/pkgIndex.tcl 
Execute           source C:/Xilinx/2025.1/Vitis/tps/tcl/tcllib2.0/lazyset/pkgIndex.tcl 
Execute           source C:/Xilinx/2025.1/Vitis/tps/tcl/tcllib2.0/ldap/pkgIndex.tcl 
Execute           source C:/Xilinx/2025.1/Vitis/tps/tcl/tcllib2.0/log/pkgIndex.tcl 
Execute           source C:/Xilinx/2025.1/Vitis/tps/tcl/tcllib2.0/map/pkgIndex.tcl 
Execute           source C:/Xilinx/2025.1/Vitis/tps/tcl/tcllib2.0/mapproj/pkgIndex.tcl 
Execute           source C:/Xilinx/2025.1/Vitis/tps/tcl/tcllib2.0/markdown/pkgIndex.tcl 
Execute           source C:/Xilinx/2025.1/Vitis/tps/tcl/tcllib2.0/math/pkgIndex.tcl 
Execute           source C:/Xilinx/2025.1/Vitis/tps/tcl/tcllib2.0/md4/pkgIndex.tcl 
Execute           source C:/Xilinx/2025.1/Vitis/tps/tcl/tcllib2.0/md5/pkgIndex.tcl 
Execute           source C:/Xilinx/2025.1/Vitis/tps/tcl/tcllib2.0/md5crypt/pkgIndex.tcl 
Execute           source C:/Xilinx/2025.1/Vitis/tps/tcl/tcllib2.0/mime/pkgIndex.tcl 
Execute           source C:/Xilinx/2025.1/Vitis/tps/tcl/tcllib2.0/mkdoc/pkgIndex.tcl 
Execute           source C:/Xilinx/2025.1/Vitis/tps/tcl/tcllib2.0/multiplexer/pkgIndex.tcl 
Execute           source C:/Xilinx/2025.1/Vitis/tps/tcl/tcllib2.0/namespacex/pkgIndex.tcl 
Execute           source C:/Xilinx/2025.1/Vitis/tps/tcl/tcllib2.0/ncgi/pkgIndex.tcl 
Execute           source C:/Xilinx/2025.1/Vitis/tps/tcl/tcllib2.0/nettool/pkgIndex.tcl 
Execute           source C:/Xilinx/2025.1/Vitis/tps/tcl/tcllib2.0/nmea/pkgIndex.tcl 
Execute           source C:/Xilinx/2025.1/Vitis/tps/tcl/tcllib2.0/nns/pkgIndex.tcl 
Execute           source C:/Xilinx/2025.1/Vitis/tps/tcl/tcllib2.0/nntp/pkgIndex.tcl 
Execute           source C:/Xilinx/2025.1/Vitis/tps/tcl/tcllib2.0/ntp/pkgIndex.tcl 
Execute           source C:/Xilinx/2025.1/Vitis/tps/tcl/tcllib2.0/oauth/pkgIndex.tcl 
Execute           source C:/Xilinx/2025.1/Vitis/tps/tcl/tcllib2.0/oodialect/pkgIndex.tcl 
Execute           source C:/Xilinx/2025.1/Vitis/tps/tcl/tcllib2.0/oometa/pkgIndex.tcl 
Execute           source C:/Xilinx/2025.1/Vitis/tps/tcl/tcllib2.0/ooutil/pkgIndex.tcl 
Execute           source C:/Xilinx/2025.1/Vitis/tps/tcl/tcllib2.0/otp/pkgIndex.tcl 
Execute           source C:/Xilinx/2025.1/Vitis/tps/tcl/tcllib2.0/page/pkgIndex.tcl 
Execute           source C:/Xilinx/2025.1/Vitis/tps/tcl/tcllib2.0/pluginmgr/pkgIndex.tcl 
Execute           source C:/Xilinx/2025.1/Vitis/tps/tcl/tcllib2.0/png/pkgIndex.tcl 
Execute           source C:/Xilinx/2025.1/Vitis/tps/tcl/tcllib2.0/pop3/pkgIndex.tcl 
Execute           source C:/Xilinx/2025.1/Vitis/tps/tcl/tcllib2.0/pop3d/pkgIndex.tcl 
Execute           source C:/Xilinx/2025.1/Vitis/tps/tcl/tcllib2.0/practcl/pkgIndex.tcl 
Execute           source C:/Xilinx/2025.1/Vitis/tps/tcl/tcllib2.0/processman/pkgIndex.tcl 
Execute           source C:/Xilinx/2025.1/Vitis/tps/tcl/tcllib2.0/profiler/pkgIndex.tcl 
Execute           source C:/Xilinx/2025.1/Vitis/tps/tcl/tcllib2.0/pt/pkgIndex.tcl 
Execute           source C:/Xilinx/2025.1/Vitis/tps/tcl/tcllib2.0/rcs/pkgIndex.tcl 
Execute           source C:/Xilinx/2025.1/Vitis/tps/tcl/tcllib2.0/report/pkgIndex.tcl 
Execute           source C:/Xilinx/2025.1/Vitis/tps/tcl/tcllib2.0/rest/pkgIndex.tcl 
Execute           source C:/Xilinx/2025.1/Vitis/tps/tcl/tcllib2.0/ripemd/pkgIndex.tcl 
Execute           source C:/Xilinx/2025.1/Vitis/tps/tcl/tcllib2.0/sasl/pkgIndex.tcl 
Execute           source C:/Xilinx/2025.1/Vitis/tps/tcl/tcllib2.0/sha1/pkgIndex.tcl 
Execute           source C:/Xilinx/2025.1/Vitis/tps/tcl/tcllib2.0/simulation/pkgIndex.tcl 
Execute           source C:/Xilinx/2025.1/Vitis/tps/tcl/tcllib2.0/smtpd/pkgIndex.tcl 
Execute           source C:/Xilinx/2025.1/Vitis/tps/tcl/tcllib2.0/snit/pkgIndex.tcl 
Execute           source C:/Xilinx/2025.1/Vitis/tps/tcl/tcllib2.0/soundex/pkgIndex.tcl 
Execute           source C:/Xilinx/2025.1/Vitis/tps/tcl/tcllib2.0/stooop/pkgIndex.tcl 
Execute           source C:/Xilinx/2025.1/Vitis/tps/tcl/tcllib2.0/string/pkgIndex.tcl 
Execute           source C:/Xilinx/2025.1/Vitis/tps/tcl/tcllib2.0/stringprep/pkgIndex.tcl 
Execute           source C:/Xilinx/2025.1/Vitis/tps/tcl/tcllib2.0/struct/pkgIndex.tcl 
Execute           source C:/Xilinx/2025.1/Vitis/tps/tcl/tcllib2.0/tar/pkgIndex.tcl 
Execute           source C:/Xilinx/2025.1/Vitis/tps/tcl/tcllib2.0/tepam/pkgIndex.tcl 
Execute           source C:/Xilinx/2025.1/Vitis/tps/tcl/tcllib2.0/term/pkgIndex.tcl 
Execute           source C:/Xilinx/2025.1/Vitis/tps/tcl/tcllib2.0/textutil/pkgIndex.tcl 
Execute           source C:/Xilinx/2025.1/Vitis/tps/tcl/tcllib2.0/tie/pkgIndex.tcl 
Execute           source C:/Xilinx/2025.1/Vitis/tps/tcl/tcllib2.0/tiff/pkgIndex.tcl 
Execute           source C:/Xilinx/2025.1/Vitis/tps/tcl/tcllib2.0/tool/pkgIndex.tcl 
Execute           source C:/Xilinx/2025.1/Vitis/tps/tcl/tcllib2.0/transfer/pkgIndex.tcl 
Execute           source C:/Xilinx/2025.1/Vitis/tps/tcl/tcllib2.0/treeql/pkgIndex.tcl 
Execute           source C:/Xilinx/2025.1/Vitis/tps/tcl/tcllib2.0/try/pkgIndex.tcl 
Execute           source C:/Xilinx/2025.1/Vitis/tps/tcl/tcllib2.0/udpcluster/pkgIndex.tcl 
Execute           source C:/Xilinx/2025.1/Vitis/tps/tcl/tcllib2.0/uev/pkgIndex.tcl 
Execute           source C:/Xilinx/2025.1/Vitis/tps/tcl/tcllib2.0/units/pkgIndex.tcl 
Execute           source C:/Xilinx/2025.1/Vitis/tps/tcl/tcllib2.0/uri/pkgIndex.tcl 
Execute           source C:/Xilinx/2025.1/Vitis/tps/tcl/tcllib2.0/uuid/pkgIndex.tcl 
Execute           source C:/Xilinx/2025.1/Vitis/tps/tcl/tcllib2.0/valtype/pkgIndex.tcl 
Execute           source C:/Xilinx/2025.1/Vitis/tps/tcl/tcllib2.0/virtchannel_base/pkgIndex.tcl 
Execute           source C:/Xilinx/2025.1/Vitis/tps/tcl/tcllib2.0/virtchannel_core/pkgIndex.tcl 
Execute           source C:/Xilinx/2025.1/Vitis/tps/tcl/tcllib2.0/virtchannel_transform/pkgIndex.tcl 
Execute           source C:/Xilinx/2025.1/Vitis/tps/tcl/tcllib2.0/websocket/pkgIndex.tcl 
Execute           source C:/Xilinx/2025.1/Vitis/tps/tcl/tcllib2.0/wip/pkgIndex.tcl 
Execute           source C:/Xilinx/2025.1/Vitis/tps/tcl/tcllib2.0/yaml/pkgIndex.tcl 
Execute           source C:/Xilinx/2025.1/Vitis/tps/tcl/tcllib2.0/zip/pkgIndex.tcl 
Execute           source C:/Xilinx/2025.1/Vitis/tps/tcl/tcllib2.0/pkgIndex.tcl 
Execute             source C:/Xilinx/2025.1/Vitis/tps/tcl/tcllib2.0/0compatibility/pkgIndex.tcl 
Execute             source C:/Xilinx/2025.1/Vitis/tps/tcl/tcllib2.0/amazon-s3/pkgIndex.tcl 
Execute             source C:/Xilinx/2025.1/Vitis/tps/tcl/tcllib2.0/asn/pkgIndex.tcl 
Execute             source C:/Xilinx/2025.1/Vitis/tps/tcl/tcllib2.0/base32/pkgIndex.tcl 
Execute             source C:/Xilinx/2025.1/Vitis/tps/tcl/tcllib2.0/base64/pkgIndex.tcl 
Execute             source C:/Xilinx/2025.1/Vitis/tps/tcl/tcllib2.0/bee/pkgIndex.tcl 
Execute             source C:/Xilinx/2025.1/Vitis/tps/tcl/tcllib2.0/bench/pkgIndex.tcl 
Execute             source C:/Xilinx/2025.1/Vitis/tps/tcl/tcllib2.0/bibtex/pkgIndex.tcl 
Execute             source C:/Xilinx/2025.1/Vitis/tps/tcl/tcllib2.0/cache/pkgIndex.tcl 
Execute             source C:/Xilinx/2025.1/Vitis/tps/tcl/tcllib2.0/clay/pkgIndex.tcl 
Execute             source C:/Xilinx/2025.1/Vitis/tps/tcl/tcllib2.0/clock/pkgIndex.tcl 
Execute             source C:/Xilinx/2025.1/Vitis/tps/tcl/tcllib2.0/cmdline/pkgIndex.tcl 
Execute             source C:/Xilinx/2025.1/Vitis/tps/tcl/tcllib2.0/comm/pkgIndex.tcl 
Execute             source C:/Xilinx/2025.1/Vitis/tps/tcl/tcllib2.0/control/pkgIndex.tcl 
Execute             source C:/Xilinx/2025.1/Vitis/tps/tcl/tcllib2.0/coroutine/pkgIndex.tcl 
Execute             source C:/Xilinx/2025.1/Vitis/tps/tcl/tcllib2.0/counter/pkgIndex.tcl 
Execute             source C:/Xilinx/2025.1/Vitis/tps/tcl/tcllib2.0/crc/pkgIndex.tcl 
Execute             source C:/Xilinx/2025.1/Vitis/tps/tcl/tcllib2.0/cron/pkgIndex.tcl 
Execute             source C:/Xilinx/2025.1/Vitis/tps/tcl/tcllib2.0/csv/pkgIndex.tcl 
Execute             source C:/Xilinx/2025.1/Vitis/tps/tcl/tcllib2.0/debug/pkgIndex.tcl 
Execute             source C:/Xilinx/2025.1/Vitis/tps/tcl/tcllib2.0/defer/pkgIndex.tcl 
Execute             source C:/Xilinx/2025.1/Vitis/tps/tcl/tcllib2.0/dicttool/pkgIndex.tcl 
Execute             source C:/Xilinx/2025.1/Vitis/tps/tcl/tcllib2.0/dns/pkgIndex.tcl 
Execute             source C:/Xilinx/2025.1/Vitis/tps/tcl/tcllib2.0/docstrip/pkgIndex.tcl 
Execute             source C:/Xilinx/2025.1/Vitis/tps/tcl/tcllib2.0/doctools/pkgIndex.tcl 
Execute             source C:/Xilinx/2025.1/Vitis/tps/tcl/tcllib2.0/doctools2base/pkgIndex.tcl 
Execute             source C:/Xilinx/2025.1/Vitis/tps/tcl/tcllib2.0/doctools2idx/pkgIndex.tcl 
Execute             source C:/Xilinx/2025.1/Vitis/tps/tcl/tcllib2.0/doctools2toc/pkgIndex.tcl 
Execute             source C:/Xilinx/2025.1/Vitis/tps/tcl/tcllib2.0/dtplite/pkgIndex.tcl 
Execute             source C:/Xilinx/2025.1/Vitis/tps/tcl/tcllib2.0/fileutil/pkgIndex.tcl 
Execute             source C:/Xilinx/2025.1/Vitis/tps/tcl/tcllib2.0/ftp/pkgIndex.tcl 
Execute             source C:/Xilinx/2025.1/Vitis/tps/tcl/tcllib2.0/ftpd/pkgIndex.tcl 
Execute             source C:/Xilinx/2025.1/Vitis/tps/tcl/tcllib2.0/fumagic/pkgIndex.tcl 
Execute             source C:/Xilinx/2025.1/Vitis/tps/tcl/tcllib2.0/generator/pkgIndex.tcl 
Execute             source C:/Xilinx/2025.1/Vitis/tps/tcl/tcllib2.0/gpx/pkgIndex.tcl 
Execute             source C:/Xilinx/2025.1/Vitis/tps/tcl/tcllib2.0/grammar_aycock/pkgIndex.tcl 
Execute             source C:/Xilinx/2025.1/Vitis/tps/tcl/tcllib2.0/grammar_fa/pkgIndex.tcl 
Execute             source C:/Xilinx/2025.1/Vitis/tps/tcl/tcllib2.0/grammar_me/pkgIndex.tcl 
Execute             source C:/Xilinx/2025.1/Vitis/tps/tcl/tcllib2.0/grammar_peg/pkgIndex.tcl 
Execute             source C:/Xilinx/2025.1/Vitis/tps/tcl/tcllib2.0/hook/pkgIndex.tcl 
Execute             source C:/Xilinx/2025.1/Vitis/tps/tcl/tcllib2.0/html/pkgIndex.tcl 
Execute             source C:/Xilinx/2025.1/Vitis/tps/tcl/tcllib2.0/htmlparse/pkgIndex.tcl 
Execute             source C:/Xilinx/2025.1/Vitis/tps/tcl/tcllib2.0/http/pkgIndex.tcl 
Execute             source C:/Xilinx/2025.1/Vitis/tps/tcl/tcllib2.0/httpd/pkgIndex.tcl 
Execute             source C:/Xilinx/2025.1/Vitis/tps/tcl/tcllib2.0/httpwget/pkgIndex.tcl 
Execute             source C:/Xilinx/2025.1/Vitis/tps/tcl/tcllib2.0/ident/pkgIndex.tcl 
Execute             source C:/Xilinx/2025.1/Vitis/tps/tcl/tcllib2.0/imap4/pkgIndex.tcl 
Execute             source C:/Xilinx/2025.1/Vitis/tps/tcl/tcllib2.0/inifile/pkgIndex.tcl 
Execute             source C:/Xilinx/2025.1/Vitis/tps/tcl/tcllib2.0/interp/pkgIndex.tcl 
Execute             source C:/Xilinx/2025.1/Vitis/tps/tcl/tcllib2.0/irc/pkgIndex.tcl 
Execute             source C:/Xilinx/2025.1/Vitis/tps/tcl/tcllib2.0/javascript/pkgIndex.tcl 
Execute             source C:/Xilinx/2025.1/Vitis/tps/tcl/tcllib2.0/jpeg/pkgIndex.tcl 
Execute             source C:/Xilinx/2025.1/Vitis/tps/tcl/tcllib2.0/json/pkgIndex.tcl 
Execute             source C:/Xilinx/2025.1/Vitis/tps/tcl/tcllib2.0/lambda/pkgIndex.tcl 
Execute             source C:/Xilinx/2025.1/Vitis/tps/tcl/tcllib2.0/lazyset/pkgIndex.tcl 
Execute             source C:/Xilinx/2025.1/Vitis/tps/tcl/tcllib2.0/ldap/pkgIndex.tcl 
Execute             source C:/Xilinx/2025.1/Vitis/tps/tcl/tcllib2.0/log/pkgIndex.tcl 
Execute             source C:/Xilinx/2025.1/Vitis/tps/tcl/tcllib2.0/map/pkgIndex.tcl 
Execute             source C:/Xilinx/2025.1/Vitis/tps/tcl/tcllib2.0/mapproj/pkgIndex.tcl 
Execute             source C:/Xilinx/2025.1/Vitis/tps/tcl/tcllib2.0/markdown/pkgIndex.tcl 
Execute             source C:/Xilinx/2025.1/Vitis/tps/tcl/tcllib2.0/math/pkgIndex.tcl 
Execute             source C:/Xilinx/2025.1/Vitis/tps/tcl/tcllib2.0/md4/pkgIndex.tcl 
Execute             source C:/Xilinx/2025.1/Vitis/tps/tcl/tcllib2.0/md5/pkgIndex.tcl 
Execute             source C:/Xilinx/2025.1/Vitis/tps/tcl/tcllib2.0/md5crypt/pkgIndex.tcl 
Execute             source C:/Xilinx/2025.1/Vitis/tps/tcl/tcllib2.0/mime/pkgIndex.tcl 
Execute             source C:/Xilinx/2025.1/Vitis/tps/tcl/tcllib2.0/mkdoc/pkgIndex.tcl 
Execute             source C:/Xilinx/2025.1/Vitis/tps/tcl/tcllib2.0/multiplexer/pkgIndex.tcl 
Execute             source C:/Xilinx/2025.1/Vitis/tps/tcl/tcllib2.0/namespacex/pkgIndex.tcl 
Execute             source C:/Xilinx/2025.1/Vitis/tps/tcl/tcllib2.0/ncgi/pkgIndex.tcl 
Execute             source C:/Xilinx/2025.1/Vitis/tps/tcl/tcllib2.0/nettool/pkgIndex.tcl 
Execute             source C:/Xilinx/2025.1/Vitis/tps/tcl/tcllib2.0/nmea/pkgIndex.tcl 
Execute             source C:/Xilinx/2025.1/Vitis/tps/tcl/tcllib2.0/nns/pkgIndex.tcl 
Execute             source C:/Xilinx/2025.1/Vitis/tps/tcl/tcllib2.0/nntp/pkgIndex.tcl 
Execute             source C:/Xilinx/2025.1/Vitis/tps/tcl/tcllib2.0/ntp/pkgIndex.tcl 
Execute             source C:/Xilinx/2025.1/Vitis/tps/tcl/tcllib2.0/oauth/pkgIndex.tcl 
Execute             source C:/Xilinx/2025.1/Vitis/tps/tcl/tcllib2.0/oodialect/pkgIndex.tcl 
Execute             source C:/Xilinx/2025.1/Vitis/tps/tcl/tcllib2.0/oometa/pkgIndex.tcl 
Execute             source C:/Xilinx/2025.1/Vitis/tps/tcl/tcllib2.0/ooutil/pkgIndex.tcl 
Execute             source C:/Xilinx/2025.1/Vitis/tps/tcl/tcllib2.0/otp/pkgIndex.tcl 
Execute             source C:/Xilinx/2025.1/Vitis/tps/tcl/tcllib2.0/page/pkgIndex.tcl 
Execute             source C:/Xilinx/2025.1/Vitis/tps/tcl/tcllib2.0/pluginmgr/pkgIndex.tcl 
Execute             source C:/Xilinx/2025.1/Vitis/tps/tcl/tcllib2.0/png/pkgIndex.tcl 
Execute             source C:/Xilinx/2025.1/Vitis/tps/tcl/tcllib2.0/pop3/pkgIndex.tcl 
Execute             source C:/Xilinx/2025.1/Vitis/tps/tcl/tcllib2.0/pop3d/pkgIndex.tcl 
Execute             source C:/Xilinx/2025.1/Vitis/tps/tcl/tcllib2.0/practcl/pkgIndex.tcl 
Execute             source C:/Xilinx/2025.1/Vitis/tps/tcl/tcllib2.0/processman/pkgIndex.tcl 
Execute             source C:/Xilinx/2025.1/Vitis/tps/tcl/tcllib2.0/profiler/pkgIndex.tcl 
Execute             source C:/Xilinx/2025.1/Vitis/tps/tcl/tcllib2.0/pt/pkgIndex.tcl 
Execute             source C:/Xilinx/2025.1/Vitis/tps/tcl/tcllib2.0/rcs/pkgIndex.tcl 
Execute             source C:/Xilinx/2025.1/Vitis/tps/tcl/tcllib2.0/report/pkgIndex.tcl 
Execute             source C:/Xilinx/2025.1/Vitis/tps/tcl/tcllib2.0/rest/pkgIndex.tcl 
Execute             source C:/Xilinx/2025.1/Vitis/tps/tcl/tcllib2.0/ripemd/pkgIndex.tcl 
Execute             source C:/Xilinx/2025.1/Vitis/tps/tcl/tcllib2.0/sasl/pkgIndex.tcl 
Execute             source C:/Xilinx/2025.1/Vitis/tps/tcl/tcllib2.0/sha1/pkgIndex.tcl 
Execute             source C:/Xilinx/2025.1/Vitis/tps/tcl/tcllib2.0/simulation/pkgIndex.tcl 
Execute             source C:/Xilinx/2025.1/Vitis/tps/tcl/tcllib2.0/smtpd/pkgIndex.tcl 
Execute             source C:/Xilinx/2025.1/Vitis/tps/tcl/tcllib2.0/snit/pkgIndex.tcl 
Execute             source C:/Xilinx/2025.1/Vitis/tps/tcl/tcllib2.0/soundex/pkgIndex.tcl 
Execute             source C:/Xilinx/2025.1/Vitis/tps/tcl/tcllib2.0/stooop/pkgIndex.tcl 
Execute             source C:/Xilinx/2025.1/Vitis/tps/tcl/tcllib2.0/string/pkgIndex.tcl 
Execute             source C:/Xilinx/2025.1/Vitis/tps/tcl/tcllib2.0/stringprep/pkgIndex.tcl 
Execute             source C:/Xilinx/2025.1/Vitis/tps/tcl/tcllib2.0/struct/pkgIndex.tcl 
Execute             source C:/Xilinx/2025.1/Vitis/tps/tcl/tcllib2.0/tar/pkgIndex.tcl 
Execute             source C:/Xilinx/2025.1/Vitis/tps/tcl/tcllib2.0/tepam/pkgIndex.tcl 
Execute             source C:/Xilinx/2025.1/Vitis/tps/tcl/tcllib2.0/term/pkgIndex.tcl 
Execute             source C:/Xilinx/2025.1/Vitis/tps/tcl/tcllib2.0/textutil/pkgIndex.tcl 
Execute             source C:/Xilinx/2025.1/Vitis/tps/tcl/tcllib2.0/tie/pkgIndex.tcl 
Execute             source C:/Xilinx/2025.1/Vitis/tps/tcl/tcllib2.0/tiff/pkgIndex.tcl 
Execute             source C:/Xilinx/2025.1/Vitis/tps/tcl/tcllib2.0/tool/pkgIndex.tcl 
Execute             source C:/Xilinx/2025.1/Vitis/tps/tcl/tcllib2.0/transfer/pkgIndex.tcl 
Execute             source C:/Xilinx/2025.1/Vitis/tps/tcl/tcllib2.0/treeql/pkgIndex.tcl 
Execute             source C:/Xilinx/2025.1/Vitis/tps/tcl/tcllib2.0/try/pkgIndex.tcl 
Execute             source C:/Xilinx/2025.1/Vitis/tps/tcl/tcllib2.0/udpcluster/pkgIndex.tcl 
Execute             source C:/Xilinx/2025.1/Vitis/tps/tcl/tcllib2.0/uev/pkgIndex.tcl 
Execute             source C:/Xilinx/2025.1/Vitis/tps/tcl/tcllib2.0/units/pkgIndex.tcl 
Execute             source C:/Xilinx/2025.1/Vitis/tps/tcl/tcllib2.0/uri/pkgIndex.tcl 
Execute             source C:/Xilinx/2025.1/Vitis/tps/tcl/tcllib2.0/uuid/pkgIndex.tcl 
Execute             source C:/Xilinx/2025.1/Vitis/tps/tcl/tcllib2.0/valtype/pkgIndex.tcl 
Execute             source C:/Xilinx/2025.1/Vitis/tps/tcl/tcllib2.0/virtchannel_base/pkgIndex.tcl 
Execute             source C:/Xilinx/2025.1/Vitis/tps/tcl/tcllib2.0/virtchannel_core/pkgIndex.tcl 
Execute             source C:/Xilinx/2025.1/Vitis/tps/tcl/tcllib2.0/virtchannel_transform/pkgIndex.tcl 
Execute             source C:/Xilinx/2025.1/Vitis/tps/tcl/tcllib2.0/websocket/pkgIndex.tcl 
Execute             source C:/Xilinx/2025.1/Vitis/tps/tcl/tcllib2.0/wip/pkgIndex.tcl 
Execute             source C:/Xilinx/2025.1/Vitis/tps/tcl/tcllib2.0/yaml/pkgIndex.tcl 
Execute             source C:/Xilinx/2025.1/Vitis/tps/tcl/tcllib2.0/zip/pkgIndex.tcl 
Command           ap_source done; 0.116 sec.
Execute           source C:/Xilinx/2025.1/Vitis/tps/tcl/tdom/pkgIndex.tcl 
Execute           source C:/Xilinx/2025.1/Vitis/tps/tcl/tcl8.6/opt0.4/pkgIndex.tcl 
Execute           source C:/Xilinx/2025.1/Vitis/tps/tcl/tcl8.6/pkgs/win/thread2.8.7/pkgIndex.tcl 
Command         ap_source done; 0.253 sec.
Execute         source C:/Xilinx/2025.1/Vitis/tps/tcl/tcllib2.0/0compatibility/pkgIndex.tcl 
Execute         source C:/Xilinx/2025.1/Vitis/tps/tcl/tcllib2.0/amazon-s3/pkgIndex.tcl 
Execute         source C:/Xilinx/2025.1/Vitis/tps/tcl/tcllib2.0/asn/pkgIndex.tcl 
Execute         source C:/Xilinx/2025.1/Vitis/tps/tcl/tcllib2.0/base32/pkgIndex.tcl 
Execute         source C:/Xilinx/2025.1/Vitis/tps/tcl/tcllib2.0/base64/pkgIndex.tcl 
Execute         source C:/Xilinx/2025.1/Vitis/tps/tcl/tcllib2.0/bee/pkgIndex.tcl 
Execute         source C:/Xilinx/2025.1/Vitis/tps/tcl/tcllib2.0/bench/pkgIndex.tcl 
Execute         source C:/Xilinx/2025.1/Vitis/tps/tcl/tcllib2.0/bibtex/pkgIndex.tcl 
Execute         source C:/Xilinx/2025.1/Vitis/tps/tcl/tcllib2.0/cache/pkgIndex.tcl 
Execute         source C:/Xilinx/2025.1/Vitis/tps/tcl/tcllib2.0/clay/pkgIndex.tcl 
Execute         source C:/Xilinx/2025.1/Vitis/tps/tcl/tcllib2.0/clock/pkgIndex.tcl 
Execute         source C:/Xilinx/2025.1/Vitis/tps/tcl/tcllib2.0/cmdline/pkgIndex.tcl 
Execute         source C:/Xilinx/2025.1/Vitis/tps/tcl/tcllib2.0/comm/pkgIndex.tcl 
Execute         source C:/Xilinx/2025.1/Vitis/tps/tcl/tcllib2.0/control/pkgIndex.tcl 
Execute         source C:/Xilinx/2025.1/Vitis/tps/tcl/tcllib2.0/coroutine/pkgIndex.tcl 
Execute         source C:/Xilinx/2025.1/Vitis/tps/tcl/tcllib2.0/counter/pkgIndex.tcl 
Execute         source C:/Xilinx/2025.1/Vitis/tps/tcl/tcllib2.0/crc/pkgIndex.tcl 
Execute         source C:/Xilinx/2025.1/Vitis/tps/tcl/tcllib2.0/cron/pkgIndex.tcl 
Execute         source C:/Xilinx/2025.1/Vitis/tps/tcl/tcllib2.0/csv/pkgIndex.tcl 
Execute         source C:/Xilinx/2025.1/Vitis/tps/tcl/tcllib2.0/debug/pkgIndex.tcl 
Execute         source C:/Xilinx/2025.1/Vitis/tps/tcl/tcllib2.0/defer/pkgIndex.tcl 
Execute         source C:/Xilinx/2025.1/Vitis/tps/tcl/tcllib2.0/dicttool/pkgIndex.tcl 
Execute         source C:/Xilinx/2025.1/Vitis/tps/tcl/tcllib2.0/dns/pkgIndex.tcl 
Execute         source C:/Xilinx/2025.1/Vitis/tps/tcl/tcllib2.0/docstrip/pkgIndex.tcl 
Execute         source C:/Xilinx/2025.1/Vitis/tps/tcl/tcllib2.0/doctools/pkgIndex.tcl 
Execute         source C:/Xilinx/2025.1/Vitis/tps/tcl/tcllib2.0/doctools2base/pkgIndex.tcl 
Execute         source C:/Xilinx/2025.1/Vitis/tps/tcl/tcllib2.0/doctools2idx/pkgIndex.tcl 
Execute         source C:/Xilinx/2025.1/Vitis/tps/tcl/tcllib2.0/doctools2toc/pkgIndex.tcl 
Execute         source C:/Xilinx/2025.1/Vitis/tps/tcl/tcllib2.0/dtplite/pkgIndex.tcl 
Execute         source C:/Xilinx/2025.1/Vitis/tps/tcl/tcllib2.0/fileutil/pkgIndex.tcl 
Execute         source C:/Xilinx/2025.1/Vitis/tps/tcl/tcllib2.0/ftp/pkgIndex.tcl 
Execute         source C:/Xilinx/2025.1/Vitis/tps/tcl/tcllib2.0/ftpd/pkgIndex.tcl 
Execute         source C:/Xilinx/2025.1/Vitis/tps/tcl/tcllib2.0/fumagic/pkgIndex.tcl 
Execute         source C:/Xilinx/2025.1/Vitis/tps/tcl/tcllib2.0/generator/pkgIndex.tcl 
Execute         source C:/Xilinx/2025.1/Vitis/tps/tcl/tcllib2.0/gpx/pkgIndex.tcl 
Execute         source C:/Xilinx/2025.1/Vitis/tps/tcl/tcllib2.0/grammar_aycock/pkgIndex.tcl 
Execute         source C:/Xilinx/2025.1/Vitis/tps/tcl/tcllib2.0/grammar_fa/pkgIndex.tcl 
Execute         source C:/Xilinx/2025.1/Vitis/tps/tcl/tcllib2.0/grammar_me/pkgIndex.tcl 
Execute         source C:/Xilinx/2025.1/Vitis/tps/tcl/tcllib2.0/grammar_peg/pkgIndex.tcl 
Execute         source C:/Xilinx/2025.1/Vitis/tps/tcl/tcllib2.0/hook/pkgIndex.tcl 
Execute         source C:/Xilinx/2025.1/Vitis/tps/tcl/tcllib2.0/html/pkgIndex.tcl 
Execute         source C:/Xilinx/2025.1/Vitis/tps/tcl/tcllib2.0/htmlparse/pkgIndex.tcl 
Execute         source C:/Xilinx/2025.1/Vitis/tps/tcl/tcllib2.0/http/pkgIndex.tcl 
Execute         source C:/Xilinx/2025.1/Vitis/tps/tcl/tcllib2.0/httpd/pkgIndex.tcl 
Execute         source C:/Xilinx/2025.1/Vitis/tps/tcl/tcllib2.0/httpwget/pkgIndex.tcl 
Execute         source C:/Xilinx/2025.1/Vitis/tps/tcl/tcllib2.0/ident/pkgIndex.tcl 
Execute         source C:/Xilinx/2025.1/Vitis/tps/tcl/tcllib2.0/imap4/pkgIndex.tcl 
Execute         source C:/Xilinx/2025.1/Vitis/tps/tcl/tcllib2.0/inifile/pkgIndex.tcl 
Execute         source C:/Xilinx/2025.1/Vitis/tps/tcl/tcllib2.0/interp/pkgIndex.tcl 
Execute         source C:/Xilinx/2025.1/Vitis/tps/tcl/tcllib2.0/irc/pkgIndex.tcl 
Execute         source C:/Xilinx/2025.1/Vitis/tps/tcl/tcllib2.0/javascript/pkgIndex.tcl 
Execute         source C:/Xilinx/2025.1/Vitis/tps/tcl/tcllib2.0/jpeg/pkgIndex.tcl 
Execute         source C:/Xilinx/2025.1/Vitis/tps/tcl/tcllib2.0/json/pkgIndex.tcl 
Execute         source C:/Xilinx/2025.1/Vitis/tps/tcl/tcllib2.0/lambda/pkgIndex.tcl 
Execute         source C:/Xilinx/2025.1/Vitis/tps/tcl/tcllib2.0/lazyset/pkgIndex.tcl 
Execute         source C:/Xilinx/2025.1/Vitis/tps/tcl/tcllib2.0/ldap/pkgIndex.tcl 
Execute         source C:/Xilinx/2025.1/Vitis/tps/tcl/tcllib2.0/log/pkgIndex.tcl 
Execute         source C:/Xilinx/2025.1/Vitis/tps/tcl/tcllib2.0/map/pkgIndex.tcl 
Execute         source C:/Xilinx/2025.1/Vitis/tps/tcl/tcllib2.0/mapproj/pkgIndex.tcl 
Execute         source C:/Xilinx/2025.1/Vitis/tps/tcl/tcllib2.0/markdown/pkgIndex.tcl 
Execute         source C:/Xilinx/2025.1/Vitis/tps/tcl/tcllib2.0/math/pkgIndex.tcl 
Execute         source C:/Xilinx/2025.1/Vitis/tps/tcl/tcllib2.0/md4/pkgIndex.tcl 
Execute         source C:/Xilinx/2025.1/Vitis/tps/tcl/tcllib2.0/md5/pkgIndex.tcl 
Execute         source C:/Xilinx/2025.1/Vitis/tps/tcl/tcllib2.0/md5crypt/pkgIndex.tcl 
Execute         source C:/Xilinx/2025.1/Vitis/tps/tcl/tcllib2.0/mime/pkgIndex.tcl 
Execute         source C:/Xilinx/2025.1/Vitis/tps/tcl/tcllib2.0/mkdoc/pkgIndex.tcl 
Execute         source C:/Xilinx/2025.1/Vitis/tps/tcl/tcllib2.0/multiplexer/pkgIndex.tcl 
Execute         source C:/Xilinx/2025.1/Vitis/tps/tcl/tcllib2.0/namespacex/pkgIndex.tcl 
Execute         source C:/Xilinx/2025.1/Vitis/tps/tcl/tcllib2.0/ncgi/pkgIndex.tcl 
Execute         source C:/Xilinx/2025.1/Vitis/tps/tcl/tcllib2.0/nettool/pkgIndex.tcl 
Execute         source C:/Xilinx/2025.1/Vitis/tps/tcl/tcllib2.0/nmea/pkgIndex.tcl 
Execute         source C:/Xilinx/2025.1/Vitis/tps/tcl/tcllib2.0/nns/pkgIndex.tcl 
Execute         source C:/Xilinx/2025.1/Vitis/tps/tcl/tcllib2.0/nntp/pkgIndex.tcl 
Execute         source C:/Xilinx/2025.1/Vitis/tps/tcl/tcllib2.0/ntp/pkgIndex.tcl 
Execute         source C:/Xilinx/2025.1/Vitis/tps/tcl/tcllib2.0/oauth/pkgIndex.tcl 
Execute         source C:/Xilinx/2025.1/Vitis/tps/tcl/tcllib2.0/oodialect/pkgIndex.tcl 
Execute         source C:/Xilinx/2025.1/Vitis/tps/tcl/tcllib2.0/oometa/pkgIndex.tcl 
Execute         source C:/Xilinx/2025.1/Vitis/tps/tcl/tcllib2.0/ooutil/pkgIndex.tcl 
Execute         source C:/Xilinx/2025.1/Vitis/tps/tcl/tcllib2.0/otp/pkgIndex.tcl 
Execute         source C:/Xilinx/2025.1/Vitis/tps/tcl/tcllib2.0/page/pkgIndex.tcl 
Execute         source C:/Xilinx/2025.1/Vitis/tps/tcl/tcllib2.0/pluginmgr/pkgIndex.tcl 
Execute         source C:/Xilinx/2025.1/Vitis/tps/tcl/tcllib2.0/png/pkgIndex.tcl 
Execute         source C:/Xilinx/2025.1/Vitis/tps/tcl/tcllib2.0/pop3/pkgIndex.tcl 
Execute         source C:/Xilinx/2025.1/Vitis/tps/tcl/tcllib2.0/pop3d/pkgIndex.tcl 
Execute         source C:/Xilinx/2025.1/Vitis/tps/tcl/tcllib2.0/practcl/pkgIndex.tcl 
Execute         source C:/Xilinx/2025.1/Vitis/tps/tcl/tcllib2.0/processman/pkgIndex.tcl 
Execute         source C:/Xilinx/2025.1/Vitis/tps/tcl/tcllib2.0/profiler/pkgIndex.tcl 
Execute         source C:/Xilinx/2025.1/Vitis/tps/tcl/tcllib2.0/pt/pkgIndex.tcl 
Execute         source C:/Xilinx/2025.1/Vitis/tps/tcl/tcllib2.0/rcs/pkgIndex.tcl 
Execute         source C:/Xilinx/2025.1/Vitis/tps/tcl/tcllib2.0/report/pkgIndex.tcl 
Execute         source C:/Xilinx/2025.1/Vitis/tps/tcl/tcllib2.0/rest/pkgIndex.tcl 
Execute         source C:/Xilinx/2025.1/Vitis/tps/tcl/tcllib2.0/ripemd/pkgIndex.tcl 
Execute         source C:/Xilinx/2025.1/Vitis/tps/tcl/tcllib2.0/sasl/pkgIndex.tcl 
Execute         source C:/Xilinx/2025.1/Vitis/tps/tcl/tcllib2.0/sha1/pkgIndex.tcl 
Execute         source C:/Xilinx/2025.1/Vitis/tps/tcl/tcllib2.0/simulation/pkgIndex.tcl 
Execute         source C:/Xilinx/2025.1/Vitis/tps/tcl/tcllib2.0/smtpd/pkgIndex.tcl 
Execute         source C:/Xilinx/2025.1/Vitis/tps/tcl/tcllib2.0/snit/pkgIndex.tcl 
Execute         source C:/Xilinx/2025.1/Vitis/tps/tcl/tcllib2.0/soundex/pkgIndex.tcl 
Execute         source C:/Xilinx/2025.1/Vitis/tps/tcl/tcllib2.0/stooop/pkgIndex.tcl 
Execute         source C:/Xilinx/2025.1/Vitis/tps/tcl/tcllib2.0/string/pkgIndex.tcl 
Execute         source C:/Xilinx/2025.1/Vitis/tps/tcl/tcllib2.0/stringprep/pkgIndex.tcl 
Execute         source C:/Xilinx/2025.1/Vitis/tps/tcl/tcllib2.0/struct/pkgIndex.tcl 
Execute         source C:/Xilinx/2025.1/Vitis/tps/tcl/tcllib2.0/tar/pkgIndex.tcl 
Execute         source C:/Xilinx/2025.1/Vitis/tps/tcl/tcllib2.0/tepam/pkgIndex.tcl 
Execute         source C:/Xilinx/2025.1/Vitis/tps/tcl/tcllib2.0/term/pkgIndex.tcl 
Execute         source C:/Xilinx/2025.1/Vitis/tps/tcl/tcllib2.0/textutil/pkgIndex.tcl 
Execute         source C:/Xilinx/2025.1/Vitis/tps/tcl/tcllib2.0/tie/pkgIndex.tcl 
Execute         source C:/Xilinx/2025.1/Vitis/tps/tcl/tcllib2.0/tiff/pkgIndex.tcl 
Execute         source C:/Xilinx/2025.1/Vitis/tps/tcl/tcllib2.0/tool/pkgIndex.tcl 
Execute         source C:/Xilinx/2025.1/Vitis/tps/tcl/tcllib2.0/transfer/pkgIndex.tcl 
Execute         source C:/Xilinx/2025.1/Vitis/tps/tcl/tcllib2.0/treeql/pkgIndex.tcl 
Execute         source C:/Xilinx/2025.1/Vitis/tps/tcl/tcllib2.0/try/pkgIndex.tcl 
Execute         source C:/Xilinx/2025.1/Vitis/tps/tcl/tcllib2.0/udpcluster/pkgIndex.tcl 
Execute         source C:/Xilinx/2025.1/Vitis/tps/tcl/tcllib2.0/uev/pkgIndex.tcl 
Execute         source C:/Xilinx/2025.1/Vitis/tps/tcl/tcllib2.0/units/pkgIndex.tcl 
Execute         source C:/Xilinx/2025.1/Vitis/tps/tcl/tcllib2.0/uri/pkgIndex.tcl 
Execute         source C:/Xilinx/2025.1/Vitis/tps/tcl/tcllib2.0/uuid/pkgIndex.tcl 
Execute         source C:/Xilinx/2025.1/Vitis/tps/tcl/tcllib2.0/valtype/pkgIndex.tcl 
Execute         source C:/Xilinx/2025.1/Vitis/tps/tcl/tcllib2.0/virtchannel_base/pkgIndex.tcl 
Execute         source C:/Xilinx/2025.1/Vitis/tps/tcl/tcllib2.0/virtchannel_core/pkgIndex.tcl 
Execute         source C:/Xilinx/2025.1/Vitis/tps/tcl/tcllib2.0/virtchannel_transform/pkgIndex.tcl 
Execute         source C:/Xilinx/2025.1/Vitis/tps/tcl/tcllib2.0/websocket/pkgIndex.tcl 
Execute         source C:/Xilinx/2025.1/Vitis/tps/tcl/tcllib2.0/wip/pkgIndex.tcl 
Execute         source C:/Xilinx/2025.1/Vitis/tps/tcl/tcllib2.0/yaml/pkgIndex.tcl 
Execute         source C:/Xilinx/2025.1/Vitis/tps/tcl/tcllib2.0/zip/pkgIndex.tcl 
Execute         source C:/Xilinx/2025.1/Vitis/tps/tcl/tcllib2.0/pkgIndex.tcl 
Execute           source C:/Xilinx/2025.1/Vitis/tps/tcl/tcllib2.0/0compatibility/pkgIndex.tcl 
Execute           source C:/Xilinx/2025.1/Vitis/tps/tcl/tcllib2.0/amazon-s3/pkgIndex.tcl 
Execute           source C:/Xilinx/2025.1/Vitis/tps/tcl/tcllib2.0/asn/pkgIndex.tcl 
Execute           source C:/Xilinx/2025.1/Vitis/tps/tcl/tcllib2.0/base32/pkgIndex.tcl 
Execute           source C:/Xilinx/2025.1/Vitis/tps/tcl/tcllib2.0/base64/pkgIndex.tcl 
Execute           source C:/Xilinx/2025.1/Vitis/tps/tcl/tcllib2.0/bee/pkgIndex.tcl 
Execute           source C:/Xilinx/2025.1/Vitis/tps/tcl/tcllib2.0/bench/pkgIndex.tcl 
Execute           source C:/Xilinx/2025.1/Vitis/tps/tcl/tcllib2.0/bibtex/pkgIndex.tcl 
Execute           source C:/Xilinx/2025.1/Vitis/tps/tcl/tcllib2.0/cache/pkgIndex.tcl 
Execute           source C:/Xilinx/2025.1/Vitis/tps/tcl/tcllib2.0/clay/pkgIndex.tcl 
Execute           source C:/Xilinx/2025.1/Vitis/tps/tcl/tcllib2.0/clock/pkgIndex.tcl 
Execute           source C:/Xilinx/2025.1/Vitis/tps/tcl/tcllib2.0/cmdline/pkgIndex.tcl 
Execute           source C:/Xilinx/2025.1/Vitis/tps/tcl/tcllib2.0/comm/pkgIndex.tcl 
Execute           source C:/Xilinx/2025.1/Vitis/tps/tcl/tcllib2.0/control/pkgIndex.tcl 
Execute           source C:/Xilinx/2025.1/Vitis/tps/tcl/tcllib2.0/coroutine/pkgIndex.tcl 
Execute           source C:/Xilinx/2025.1/Vitis/tps/tcl/tcllib2.0/counter/pkgIndex.tcl 
Execute           source C:/Xilinx/2025.1/Vitis/tps/tcl/tcllib2.0/crc/pkgIndex.tcl 
Execute           source C:/Xilinx/2025.1/Vitis/tps/tcl/tcllib2.0/cron/pkgIndex.tcl 
Execute           source C:/Xilinx/2025.1/Vitis/tps/tcl/tcllib2.0/csv/pkgIndex.tcl 
Execute           source C:/Xilinx/2025.1/Vitis/tps/tcl/tcllib2.0/debug/pkgIndex.tcl 
Execute           source C:/Xilinx/2025.1/Vitis/tps/tcl/tcllib2.0/defer/pkgIndex.tcl 
Execute           source C:/Xilinx/2025.1/Vitis/tps/tcl/tcllib2.0/dicttool/pkgIndex.tcl 
Execute           source C:/Xilinx/2025.1/Vitis/tps/tcl/tcllib2.0/dns/pkgIndex.tcl 
Execute           source C:/Xilinx/2025.1/Vitis/tps/tcl/tcllib2.0/docstrip/pkgIndex.tcl 
Execute           source C:/Xilinx/2025.1/Vitis/tps/tcl/tcllib2.0/doctools/pkgIndex.tcl 
Execute           source C:/Xilinx/2025.1/Vitis/tps/tcl/tcllib2.0/doctools2base/pkgIndex.tcl 
Execute           source C:/Xilinx/2025.1/Vitis/tps/tcl/tcllib2.0/doctools2idx/pkgIndex.tcl 
Execute           source C:/Xilinx/2025.1/Vitis/tps/tcl/tcllib2.0/doctools2toc/pkgIndex.tcl 
Execute           source C:/Xilinx/2025.1/Vitis/tps/tcl/tcllib2.0/dtplite/pkgIndex.tcl 
Execute           source C:/Xilinx/2025.1/Vitis/tps/tcl/tcllib2.0/fileutil/pkgIndex.tcl 
Execute           source C:/Xilinx/2025.1/Vitis/tps/tcl/tcllib2.0/ftp/pkgIndex.tcl 
Execute           source C:/Xilinx/2025.1/Vitis/tps/tcl/tcllib2.0/ftpd/pkgIndex.tcl 
Execute           source C:/Xilinx/2025.1/Vitis/tps/tcl/tcllib2.0/fumagic/pkgIndex.tcl 
Execute           source C:/Xilinx/2025.1/Vitis/tps/tcl/tcllib2.0/generator/pkgIndex.tcl 
Execute           source C:/Xilinx/2025.1/Vitis/tps/tcl/tcllib2.0/gpx/pkgIndex.tcl 
Execute           source C:/Xilinx/2025.1/Vitis/tps/tcl/tcllib2.0/grammar_aycock/pkgIndex.tcl 
Execute           source C:/Xilinx/2025.1/Vitis/tps/tcl/tcllib2.0/grammar_fa/pkgIndex.tcl 
Execute           source C:/Xilinx/2025.1/Vitis/tps/tcl/tcllib2.0/grammar_me/pkgIndex.tcl 
Execute           source C:/Xilinx/2025.1/Vitis/tps/tcl/tcllib2.0/grammar_peg/pkgIndex.tcl 
Execute           source C:/Xilinx/2025.1/Vitis/tps/tcl/tcllib2.0/hook/pkgIndex.tcl 
Execute           source C:/Xilinx/2025.1/Vitis/tps/tcl/tcllib2.0/html/pkgIndex.tcl 
Execute           source C:/Xilinx/2025.1/Vitis/tps/tcl/tcllib2.0/htmlparse/pkgIndex.tcl 
Execute           source C:/Xilinx/2025.1/Vitis/tps/tcl/tcllib2.0/http/pkgIndex.tcl 
Execute           source C:/Xilinx/2025.1/Vitis/tps/tcl/tcllib2.0/httpd/pkgIndex.tcl 
Execute           source C:/Xilinx/2025.1/Vitis/tps/tcl/tcllib2.0/httpwget/pkgIndex.tcl 
Execute           source C:/Xilinx/2025.1/Vitis/tps/tcl/tcllib2.0/ident/pkgIndex.tcl 
Execute           source C:/Xilinx/2025.1/Vitis/tps/tcl/tcllib2.0/imap4/pkgIndex.tcl 
Execute           source C:/Xilinx/2025.1/Vitis/tps/tcl/tcllib2.0/inifile/pkgIndex.tcl 
Execute           source C:/Xilinx/2025.1/Vitis/tps/tcl/tcllib2.0/interp/pkgIndex.tcl 
Execute           source C:/Xilinx/2025.1/Vitis/tps/tcl/tcllib2.0/irc/pkgIndex.tcl 
Execute           source C:/Xilinx/2025.1/Vitis/tps/tcl/tcllib2.0/javascript/pkgIndex.tcl 
Execute           source C:/Xilinx/2025.1/Vitis/tps/tcl/tcllib2.0/jpeg/pkgIndex.tcl 
Execute           source C:/Xilinx/2025.1/Vitis/tps/tcl/tcllib2.0/json/pkgIndex.tcl 
Execute           source C:/Xilinx/2025.1/Vitis/tps/tcl/tcllib2.0/lambda/pkgIndex.tcl 
Execute           source C:/Xilinx/2025.1/Vitis/tps/tcl/tcllib2.0/lazyset/pkgIndex.tcl 
Execute           source C:/Xilinx/2025.1/Vitis/tps/tcl/tcllib2.0/ldap/pkgIndex.tcl 
Execute           source C:/Xilinx/2025.1/Vitis/tps/tcl/tcllib2.0/log/pkgIndex.tcl 
Execute           source C:/Xilinx/2025.1/Vitis/tps/tcl/tcllib2.0/map/pkgIndex.tcl 
Execute           source C:/Xilinx/2025.1/Vitis/tps/tcl/tcllib2.0/mapproj/pkgIndex.tcl 
Execute           source C:/Xilinx/2025.1/Vitis/tps/tcl/tcllib2.0/markdown/pkgIndex.tcl 
Execute           source C:/Xilinx/2025.1/Vitis/tps/tcl/tcllib2.0/math/pkgIndex.tcl 
Execute           source C:/Xilinx/2025.1/Vitis/tps/tcl/tcllib2.0/md4/pkgIndex.tcl 
Execute           source C:/Xilinx/2025.1/Vitis/tps/tcl/tcllib2.0/md5/pkgIndex.tcl 
Execute           source C:/Xilinx/2025.1/Vitis/tps/tcl/tcllib2.0/md5crypt/pkgIndex.tcl 
Execute           source C:/Xilinx/2025.1/Vitis/tps/tcl/tcllib2.0/mime/pkgIndex.tcl 
Execute           source C:/Xilinx/2025.1/Vitis/tps/tcl/tcllib2.0/mkdoc/pkgIndex.tcl 
Execute           source C:/Xilinx/2025.1/Vitis/tps/tcl/tcllib2.0/multiplexer/pkgIndex.tcl 
Execute           source C:/Xilinx/2025.1/Vitis/tps/tcl/tcllib2.0/namespacex/pkgIndex.tcl 
Execute           source C:/Xilinx/2025.1/Vitis/tps/tcl/tcllib2.0/ncgi/pkgIndex.tcl 
Execute           source C:/Xilinx/2025.1/Vitis/tps/tcl/tcllib2.0/nettool/pkgIndex.tcl 
Execute           source C:/Xilinx/2025.1/Vitis/tps/tcl/tcllib2.0/nmea/pkgIndex.tcl 
Execute           source C:/Xilinx/2025.1/Vitis/tps/tcl/tcllib2.0/nns/pkgIndex.tcl 
Execute           source C:/Xilinx/2025.1/Vitis/tps/tcl/tcllib2.0/nntp/pkgIndex.tcl 
Execute           source C:/Xilinx/2025.1/Vitis/tps/tcl/tcllib2.0/ntp/pkgIndex.tcl 
Execute           source C:/Xilinx/2025.1/Vitis/tps/tcl/tcllib2.0/oauth/pkgIndex.tcl 
Execute           source C:/Xilinx/2025.1/Vitis/tps/tcl/tcllib2.0/oodialect/pkgIndex.tcl 
Execute           source C:/Xilinx/2025.1/Vitis/tps/tcl/tcllib2.0/oometa/pkgIndex.tcl 
Execute           source C:/Xilinx/2025.1/Vitis/tps/tcl/tcllib2.0/ooutil/pkgIndex.tcl 
Execute           source C:/Xilinx/2025.1/Vitis/tps/tcl/tcllib2.0/otp/pkgIndex.tcl 
Execute           source C:/Xilinx/2025.1/Vitis/tps/tcl/tcllib2.0/page/pkgIndex.tcl 
Execute           source C:/Xilinx/2025.1/Vitis/tps/tcl/tcllib2.0/pluginmgr/pkgIndex.tcl 
Execute           source C:/Xilinx/2025.1/Vitis/tps/tcl/tcllib2.0/png/pkgIndex.tcl 
Execute           source C:/Xilinx/2025.1/Vitis/tps/tcl/tcllib2.0/pop3/pkgIndex.tcl 
Execute           source C:/Xilinx/2025.1/Vitis/tps/tcl/tcllib2.0/pop3d/pkgIndex.tcl 
Execute           source C:/Xilinx/2025.1/Vitis/tps/tcl/tcllib2.0/practcl/pkgIndex.tcl 
Execute           source C:/Xilinx/2025.1/Vitis/tps/tcl/tcllib2.0/processman/pkgIndex.tcl 
Execute           source C:/Xilinx/2025.1/Vitis/tps/tcl/tcllib2.0/profiler/pkgIndex.tcl 
Execute           source C:/Xilinx/2025.1/Vitis/tps/tcl/tcllib2.0/pt/pkgIndex.tcl 
Execute           source C:/Xilinx/2025.1/Vitis/tps/tcl/tcllib2.0/rcs/pkgIndex.tcl 
Execute           source C:/Xilinx/2025.1/Vitis/tps/tcl/tcllib2.0/report/pkgIndex.tcl 
Execute           source C:/Xilinx/2025.1/Vitis/tps/tcl/tcllib2.0/rest/pkgIndex.tcl 
Execute           source C:/Xilinx/2025.1/Vitis/tps/tcl/tcllib2.0/ripemd/pkgIndex.tcl 
Execute           source C:/Xilinx/2025.1/Vitis/tps/tcl/tcllib2.0/sasl/pkgIndex.tcl 
Execute           source C:/Xilinx/2025.1/Vitis/tps/tcl/tcllib2.0/sha1/pkgIndex.tcl 
Execute           source C:/Xilinx/2025.1/Vitis/tps/tcl/tcllib2.0/simulation/pkgIndex.tcl 
Execute           source C:/Xilinx/2025.1/Vitis/tps/tcl/tcllib2.0/smtpd/pkgIndex.tcl 
Execute           source C:/Xilinx/2025.1/Vitis/tps/tcl/tcllib2.0/snit/pkgIndex.tcl 
Execute           source C:/Xilinx/2025.1/Vitis/tps/tcl/tcllib2.0/soundex/pkgIndex.tcl 
Execute           source C:/Xilinx/2025.1/Vitis/tps/tcl/tcllib2.0/stooop/pkgIndex.tcl 
Execute           source C:/Xilinx/2025.1/Vitis/tps/tcl/tcllib2.0/string/pkgIndex.tcl 
Execute           source C:/Xilinx/2025.1/Vitis/tps/tcl/tcllib2.0/stringprep/pkgIndex.tcl 
Execute           source C:/Xilinx/2025.1/Vitis/tps/tcl/tcllib2.0/struct/pkgIndex.tcl 
Execute           source C:/Xilinx/2025.1/Vitis/tps/tcl/tcllib2.0/tar/pkgIndex.tcl 
Execute           source C:/Xilinx/2025.1/Vitis/tps/tcl/tcllib2.0/tepam/pkgIndex.tcl 
Execute           source C:/Xilinx/2025.1/Vitis/tps/tcl/tcllib2.0/term/pkgIndex.tcl 
Execute           source C:/Xilinx/2025.1/Vitis/tps/tcl/tcllib2.0/textutil/pkgIndex.tcl 
Execute           source C:/Xilinx/2025.1/Vitis/tps/tcl/tcllib2.0/tie/pkgIndex.tcl 
Execute           source C:/Xilinx/2025.1/Vitis/tps/tcl/tcllib2.0/tiff/pkgIndex.tcl 
Execute           source C:/Xilinx/2025.1/Vitis/tps/tcl/tcllib2.0/tool/pkgIndex.tcl 
Execute           source C:/Xilinx/2025.1/Vitis/tps/tcl/tcllib2.0/transfer/pkgIndex.tcl 
Execute           source C:/Xilinx/2025.1/Vitis/tps/tcl/tcllib2.0/treeql/pkgIndex.tcl 
Execute           source C:/Xilinx/2025.1/Vitis/tps/tcl/tcllib2.0/try/pkgIndex.tcl 
Execute           source C:/Xilinx/2025.1/Vitis/tps/tcl/tcllib2.0/udpcluster/pkgIndex.tcl 
Execute           source C:/Xilinx/2025.1/Vitis/tps/tcl/tcllib2.0/uev/pkgIndex.tcl 
Execute           source C:/Xilinx/2025.1/Vitis/tps/tcl/tcllib2.0/units/pkgIndex.tcl 
Execute           source C:/Xilinx/2025.1/Vitis/tps/tcl/tcllib2.0/uri/pkgIndex.tcl 
Execute           source C:/Xilinx/2025.1/Vitis/tps/tcl/tcllib2.0/uuid/pkgIndex.tcl 
Execute           source C:/Xilinx/2025.1/Vitis/tps/tcl/tcllib2.0/valtype/pkgIndex.tcl 
Execute           source C:/Xilinx/2025.1/Vitis/tps/tcl/tcllib2.0/virtchannel_base/pkgIndex.tcl 
Execute           source C:/Xilinx/2025.1/Vitis/tps/tcl/tcllib2.0/virtchannel_core/pkgIndex.tcl 
Execute           source C:/Xilinx/2025.1/Vitis/tps/tcl/tcllib2.0/virtchannel_transform/pkgIndex.tcl 
Execute           source C:/Xilinx/2025.1/Vitis/tps/tcl/tcllib2.0/websocket/pkgIndex.tcl 
Execute           source C:/Xilinx/2025.1/Vitis/tps/tcl/tcllib2.0/wip/pkgIndex.tcl 
Execute           source C:/Xilinx/2025.1/Vitis/tps/tcl/tcllib2.0/yaml/pkgIndex.tcl 
Execute           source C:/Xilinx/2025.1/Vitis/tps/tcl/tcllib2.0/zip/pkgIndex.tcl 
Command         ap_source done; 0.114 sec.
Execute         source C:/Xilinx/2025.1/Vitis/tps/tcl/tdom/pkgIndex.tcl 
Execute         source C:/Xilinx/2025.1/Vitis/tps/tcl/tcl8.6/opt0.4/pkgIndex.tcl 
Execute         source C:/Xilinx/2025.1/Vitis/tps/tcl/tcl8.6/pkgs/win/thread2.8.7/pkgIndex.tcl 
Command       ap_source done; 0.509 sec.
INFO-FLOW: Workspace C:/Users/ozair/Documents/Code_Drive/Drone/cnn/cnn/hls opened at Wed Jul 02 14:44:12 -0400 2025
Execute       send_msg_by_id INFO @200-1505@%s%s default  vivado 
INFO: [HLS 200-1505] Using default flow_target 'vivado'
Execute       send_msg_by_id INFO @200-2174@%s%s component C:/Users/ozair/Documents/Code_Drive/Drone/hls_files/hls_run.tcl 
INFO: [HLS 200-2174] Applying component config ini file C:/Users/ozair/Documents/Code_Drive/Drone/hls_files/hls_run.tcl
Execute       apply_ini C:/Users/ozair/Documents/Code_Drive/Drone/hls_files/hls_run.tcl 
Execute         send_msg_by_id INFO @200-1465@%s 'syn.file=./conv_pool.cpp' from C:/Users/ozair/Documents/Code_Drive/Drone/hls_files/hls_run.tcl(3) 
INFO: [HLS 200-1465] Applying config ini 'syn.file=./conv_pool.cpp' from C:/Users/ozair/Documents/Code_Drive/Drone/hls_files/hls_run.tcl(3)
Execute         add_files C:/Users/ozair/Documents/Code_Drive/Drone/hls_files/conv_pool.cpp 
INFO: [HLS 200-10] Adding design file 'C:/Users/ozair/Documents/Code_Drive/Drone/hls_files/conv_pool.cpp' to the project
Execute         send_msg_by_id INFO @200-1465@%s 'tb.file=./testbench.cpp' from C:/Users/ozair/Documents/Code_Drive/Drone/hls_files/hls_run.tcl(4) 
INFO: [HLS 200-1465] Applying config ini 'tb.file=./testbench.cpp' from C:/Users/ozair/Documents/Code_Drive/Drone/hls_files/hls_run.tcl(4)
Execute         add_files -tb C:/Users/ozair/Documents/Code_Drive/Drone/hls_files/testbench.cpp 
INFO: [HLS 200-10] Adding test bench file 'C:/Users/ozair/Documents/Code_Drive/Drone/hls_files/testbench.cpp' to the project
Execute         send_msg_by_id INFO @200-1465@%s 'flow_target=vivado' from C:/Users/ozair/Documents/Code_Drive/Drone/hls_files/hls_run.tcl(5) 
INFO: [HLS 200-1465] Applying config ini 'flow_target=vivado' from C:/Users/ozair/Documents/Code_Drive/Drone/hls_files/hls_run.tcl(5)
Execute         send_msg_by_id INFO @200-1505@%s%s  vivado 
INFO: [HLS 200-1505] Using flow_target 'vivado'
Execute         send_msg_by_id INFO @200-1465@%s 'part=xc7a100tfgg484-2L' from C:/Users/ozair/Documents/Code_Drive/Drone/hls_files/hls_run.tcl(1) 
INFO: [HLS 200-1465] Applying config ini 'part=xc7a100tfgg484-2L' from C:/Users/ozair/Documents/Code_Drive/Drone/hls_files/hls_run.tcl(1)
Execute         set_part xc7a100tfgg484-2L 
Execute           create_platform xc7a100tfgg484-2L -board  
DBG:HLSDevice: Trying to load device library: C:/Xilinx/2025.1/Vitis\lib\win64.o\xv_hlsvwrap.dll
DBG:HLSDevice: first parts/arch.xml in RDI_DATADIR: C:/Xilinx/2025.1/Vivado/data/parts/arch.xml
DBG:HLSDevice: init success
INFO: [HLS 200-1611] Setting target device to 'xc7a100t-fgg484-2L'
Command           create_platform done; 0.744 sec.
Execute           source C:/Xilinx/2025.1/Vitis/common/technology/xilinx/common/xilinx.gen 
Execute             source C:/Xilinx/2025.1/Vitis/common/technology/xilinx/interface/plb46.gen 
Execute             source C:/Xilinx/2025.1/Vitis/common/technology/xilinx/interface/axi4.gen 
Execute             source C:/Xilinx/2025.1/Vitis/common/technology/xilinx/interface/nativeAXI4.gen 
Execute               source C:/Xilinx/2025.1/Vitis/common/technology/xilinx/interface/saxilite.gen 
Execute             source C:/Xilinx/2025.1/Vitis/common/technology/xilinx/scripts/xilinxcoregen.gen 
Execute             source C:/Xilinx/2025.1/Vitis/common/technology/xilinx/interface/XilEDKCoreGen.gen 
Execute             source C:/Xilinx/2025.1/Vitis/common/technology/xilinx/ip/dds_compiler.gen 
Execute             source C:/Xilinx/2025.1/Vitis/common/technology/xilinx/ip/util.gen 
Execute             source C:/Xilinx/2025.1/Vitis/common/technology/xilinx/ip/xfft.gen 
Execute             source C:/Xilinx/2025.1/Vitis/common/technology/xilinx/ip/xfir.gen 
Execute             source C:/Xilinx/2025.1/Vitis/common/technology/xilinx/DSP48/dsp48.gen 
Command           ap_source done; 0.121 sec.
Execute           ap_part_info -name xc7a100t-fgg484-2L -data info 
Execute           config_compile -quiet -complex-mul-dsp=0 
Command         set_part done; 0.88 sec.
Execute         send_msg_by_id INFO @200-1465@%s 'clock=10ns' from C:/Users/ozair/Documents/Code_Drive/Drone/hls_files/hls_run.tcl(6) 
INFO: [HLS 200-1465] Applying config ini 'clock=10ns' from C:/Users/ozair/Documents/Code_Drive/Drone/hls_files/hls_run.tcl(6)
Execute         create_clock -period 10ns 
Execute           ap_set_clock -name default -period 10 -unit ns -default=false 
INFO: [SYN 201-201] Setting up clock 'default' with a period of 10ns.
Execute         send_msg_by_id INFO @200-1465@%s 'csim.clean=0' from C:/Users/ozair/Documents/Code_Drive/Drone/hls_files/hls_run.tcl(10) 
INFO: [HLS 200-1465] Applying config ini 'csim.clean=0' from C:/Users/ozair/Documents/Code_Drive/Drone/hls_files/hls_run.tcl(10)
Execute         config_csim -clean=0 
Execute         send_msg_by_id INFO @200-1465@%s 'csim.code_analyzer=1' from C:/Users/ozair/Documents/Code_Drive/Drone/hls_files/hls_run.tcl(9) 
INFO: [HLS 200-1465] Applying config ini 'csim.code_analyzer=1' from C:/Users/ozair/Documents/Code_Drive/Drone/hls_files/hls_run.tcl(9)
Execute         config_csim -code_analyzer=1 
Execute         send_msg_by_id INFO @200-1465@%s 'csim.setup=0' from C:/Users/ozair/Documents/Code_Drive/Drone/hls_files/hls_run.tcl(8) 
INFO: [HLS 200-1465] Applying config ini 'csim.setup=0' from C:/Users/ozair/Documents/Code_Drive/Drone/hls_files/hls_run.tcl(8)
Execute         config_csim -setup=0 
Execute         send_msg_by_id INFO @200-1465@%s 'package.output.format=ip_catalog' from C:/Users/ozair/Documents/Code_Drive/Drone/hls_files/hls_run.tcl(7) 
INFO: [HLS 200-1465] Applying config ini 'package.output.format=ip_catalog' from C:/Users/ozair/Documents/Code_Drive/Drone/hls_files/hls_run.tcl(7)
Execute         config_export -format=ip_catalog 
Execute         send_msg_by_id INFO @200-1465@%s 'sim.O=0' from C:/Users/ozair/Documents/Code_Drive/Drone/hls_files/hls_run.tcl(11) 
INFO: [HLS 200-1465] Applying config ini 'sim.O=0' from C:/Users/ozair/Documents/Code_Drive/Drone/hls_files/hls_run.tcl(11)
Execute         config_sim -O=0 
Command       apply_ini done; 0.968 sec.
Execute       write_component -config C:/Users/ozair/Documents/Code_Drive/Drone/hls_files/hls_run.tcl 
Execute         send_msg_by_id INFO @200-2176@%s C:/Users/ozair/Documents/Code_Drive/Drone/cnn/cnn/vitis-comp.json 
INFO: [HLS 200-2176] Writing Vitis IDE component file C:/Users/ozair/Documents/Code_Drive/Drone/cnn/cnn/vitis-comp.json
Command     open_solution done; 1.534 sec.
Command   open_component done; 1.538 sec.
Execute   apply_ini C:/Users/ozair/Documents/Code_Drive/Drone/cnn/cnn/hls/config.cmdline -iscmdline 
Execute   ::AP::init_summary_file csim 
Execute     AP::app_get_file_relativeroot [AP::app_get_root] {}
Execute   csim_design 
INFO-FLOW: Running SLX 'csim' proc: ::SLX::run_csim
INFO-FLOW: ::SLX::run_csim failed: child process exited abnormally
INFO-FLOW: Caught error in csim_design: Problem running csim: child process exited abnormally
    while executing
"error "Problem running $stage: $result""
    (procedure "::AP::hls_slx_hook" line 55)
    invoked from within
"::AP::hls_slx_hook csim $config_value_dict replace_flow"
    (procedure "ap_internal_csim_design" line 96)
    invoked from within
"ap_internal_csim_design "
Command   csim_design done; error code: 2; 2.194 sec.
Execute   close_project 
Execute     close_solution 
Execute       cleanup_all 
Execute       cleanup_all 
Execute       source -notrace -encoding utf-8 C:/Xilinx/2025.1/Vitis/tps/tcl/tcl8.6/clock.tcl 
Execute         source -encoding utf-8 C:/Xilinx/2025.1/Vitis/tps/tcl/tcl8/8.5/msgcat-1.6.1.tm 
Execute           source C:/Xilinx/2025.1/Vitis/tps/tcl/tcllib2.0/0compatibility/pkgIndex.tcl 
Execute           source C:/Xilinx/2025.1/Vitis/tps/tcl/tcllib2.0/amazon-s3/pkgIndex.tcl 
Execute           source C:/Xilinx/2025.1/Vitis/tps/tcl/tcllib2.0/asn/pkgIndex.tcl 
Execute           source C:/Xilinx/2025.1/Vitis/tps/tcl/tcllib2.0/base32/pkgIndex.tcl 
Execute           source C:/Xilinx/2025.1/Vitis/tps/tcl/tcllib2.0/base64/pkgIndex.tcl 
Execute           source C:/Xilinx/2025.1/Vitis/tps/tcl/tcllib2.0/bee/pkgIndex.tcl 
Execute           source C:/Xilinx/2025.1/Vitis/tps/tcl/tcllib2.0/bench/pkgIndex.tcl 
Execute           source C:/Xilinx/2025.1/Vitis/tps/tcl/tcllib2.0/bibtex/pkgIndex.tcl 
Execute           source C:/Xilinx/2025.1/Vitis/tps/tcl/tcllib2.0/cache/pkgIndex.tcl 
Execute           source C:/Xilinx/2025.1/Vitis/tps/tcl/tcllib2.0/clay/pkgIndex.tcl 
Execute           source C:/Xilinx/2025.1/Vitis/tps/tcl/tcllib2.0/clock/pkgIndex.tcl 
Execute           source C:/Xilinx/2025.1/Vitis/tps/tcl/tcllib2.0/cmdline/pkgIndex.tcl 
Execute           source C:/Xilinx/2025.1/Vitis/tps/tcl/tcllib2.0/comm/pkgIndex.tcl 
Execute           source C:/Xilinx/2025.1/Vitis/tps/tcl/tcllib2.0/control/pkgIndex.tcl 
Execute           source C:/Xilinx/2025.1/Vitis/tps/tcl/tcllib2.0/coroutine/pkgIndex.tcl 
Execute           source C:/Xilinx/2025.1/Vitis/tps/tcl/tcllib2.0/counter/pkgIndex.tcl 
Execute           source C:/Xilinx/2025.1/Vitis/tps/tcl/tcllib2.0/crc/pkgIndex.tcl 
Execute           source C:/Xilinx/2025.1/Vitis/tps/tcl/tcllib2.0/cron/pkgIndex.tcl 
Execute           source C:/Xilinx/2025.1/Vitis/tps/tcl/tcllib2.0/csv/pkgIndex.tcl 
Execute           source C:/Xilinx/2025.1/Vitis/tps/tcl/tcllib2.0/debug/pkgIndex.tcl 
Execute           source C:/Xilinx/2025.1/Vitis/tps/tcl/tcllib2.0/defer/pkgIndex.tcl 
Execute           source C:/Xilinx/2025.1/Vitis/tps/tcl/tcllib2.0/dicttool/pkgIndex.tcl 
Execute           source C:/Xilinx/2025.1/Vitis/tps/tcl/tcllib2.0/dns/pkgIndex.tcl 
Execute           source C:/Xilinx/2025.1/Vitis/tps/tcl/tcllib2.0/docstrip/pkgIndex.tcl 
Execute           source C:/Xilinx/2025.1/Vitis/tps/tcl/tcllib2.0/doctools/pkgIndex.tcl 
Execute           source C:/Xilinx/2025.1/Vitis/tps/tcl/tcllib2.0/doctools2base/pkgIndex.tcl 
Execute           source C:/Xilinx/2025.1/Vitis/tps/tcl/tcllib2.0/doctools2idx/pkgIndex.tcl 
Execute           source C:/Xilinx/2025.1/Vitis/tps/tcl/tcllib2.0/doctools2toc/pkgIndex.tcl 
Execute           source C:/Xilinx/2025.1/Vitis/tps/tcl/tcllib2.0/dtplite/pkgIndex.tcl 
Execute           source C:/Xilinx/2025.1/Vitis/tps/tcl/tcllib2.0/fileutil/pkgIndex.tcl 
Execute           source C:/Xilinx/2025.1/Vitis/tps/tcl/tcllib2.0/ftp/pkgIndex.tcl 
Execute           source C:/Xilinx/2025.1/Vitis/tps/tcl/tcllib2.0/ftpd/pkgIndex.tcl 
Execute           source C:/Xilinx/2025.1/Vitis/tps/tcl/tcllib2.0/fumagic/pkgIndex.tcl 
Execute           source C:/Xilinx/2025.1/Vitis/tps/tcl/tcllib2.0/generator/pkgIndex.tcl 
Execute           source C:/Xilinx/2025.1/Vitis/tps/tcl/tcllib2.0/gpx/pkgIndex.tcl 
Execute           source C:/Xilinx/2025.1/Vitis/tps/tcl/tcllib2.0/grammar_aycock/pkgIndex.tcl 
Execute           source C:/Xilinx/2025.1/Vitis/tps/tcl/tcllib2.0/grammar_fa/pkgIndex.tcl 
Execute           source C:/Xilinx/2025.1/Vitis/tps/tcl/tcllib2.0/grammar_me/pkgIndex.tcl 
Execute           source C:/Xilinx/2025.1/Vitis/tps/tcl/tcllib2.0/grammar_peg/pkgIndex.tcl 
Execute           source C:/Xilinx/2025.1/Vitis/tps/tcl/tcllib2.0/hook/pkgIndex.tcl 
Execute           source C:/Xilinx/2025.1/Vitis/tps/tcl/tcllib2.0/html/pkgIndex.tcl 
Execute           source C:/Xilinx/2025.1/Vitis/tps/tcl/tcllib2.0/htmlparse/pkgIndex.tcl 
Execute           source C:/Xilinx/2025.1/Vitis/tps/tcl/tcllib2.0/http/pkgIndex.tcl 
Execute           source C:/Xilinx/2025.1/Vitis/tps/tcl/tcllib2.0/httpd/pkgIndex.tcl 
Execute           source C:/Xilinx/2025.1/Vitis/tps/tcl/tcllib2.0/httpwget/pkgIndex.tcl 
Execute           source C:/Xilinx/2025.1/Vitis/tps/tcl/tcllib2.0/ident/pkgIndex.tcl 
Execute           source C:/Xilinx/2025.1/Vitis/tps/tcl/tcllib2.0/imap4/pkgIndex.tcl 
Execute           source C:/Xilinx/2025.1/Vitis/tps/tcl/tcllib2.0/inifile/pkgIndex.tcl 
Execute           source C:/Xilinx/2025.1/Vitis/tps/tcl/tcllib2.0/interp/pkgIndex.tcl 
Execute           source C:/Xilinx/2025.1/Vitis/tps/tcl/tcllib2.0/irc/pkgIndex.tcl 
Execute           source C:/Xilinx/2025.1/Vitis/tps/tcl/tcllib2.0/javascript/pkgIndex.tcl 
Execute           source C:/Xilinx/2025.1/Vitis/tps/tcl/tcllib2.0/jpeg/pkgIndex.tcl 
Execute           source C:/Xilinx/2025.1/Vitis/tps/tcl/tcllib2.0/json/pkgIndex.tcl 
Execute           source C:/Xilinx/2025.1/Vitis/tps/tcl/tcllib2.0/lambda/pkgIndex.tcl 
Execute           source C:/Xilinx/2025.1/Vitis/tps/tcl/tcllib2.0/lazyset/pkgIndex.tcl 
Execute           source C:/Xilinx/2025.1/Vitis/tps/tcl/tcllib2.0/ldap/pkgIndex.tcl 
Execute           source C:/Xilinx/2025.1/Vitis/tps/tcl/tcllib2.0/log/pkgIndex.tcl 
Execute           source C:/Xilinx/2025.1/Vitis/tps/tcl/tcllib2.0/map/pkgIndex.tcl 
Execute           source C:/Xilinx/2025.1/Vitis/tps/tcl/tcllib2.0/mapproj/pkgIndex.tcl 
Execute           source C:/Xilinx/2025.1/Vitis/tps/tcl/tcllib2.0/markdown/pkgIndex.tcl 
Execute           source C:/Xilinx/2025.1/Vitis/tps/tcl/tcllib2.0/math/pkgIndex.tcl 
Execute           source C:/Xilinx/2025.1/Vitis/tps/tcl/tcllib2.0/md4/pkgIndex.tcl 
Execute           source C:/Xilinx/2025.1/Vitis/tps/tcl/tcllib2.0/md5/pkgIndex.tcl 
Execute           source C:/Xilinx/2025.1/Vitis/tps/tcl/tcllib2.0/md5crypt/pkgIndex.tcl 
Execute           source C:/Xilinx/2025.1/Vitis/tps/tcl/tcllib2.0/mime/pkgIndex.tcl 
Execute           source C:/Xilinx/2025.1/Vitis/tps/tcl/tcllib2.0/mkdoc/pkgIndex.tcl 
Execute           source C:/Xilinx/2025.1/Vitis/tps/tcl/tcllib2.0/multiplexer/pkgIndex.tcl 
Execute           source C:/Xilinx/2025.1/Vitis/tps/tcl/tcllib2.0/namespacex/pkgIndex.tcl 
Execute           source C:/Xilinx/2025.1/Vitis/tps/tcl/tcllib2.0/ncgi/pkgIndex.tcl 
Execute           source C:/Xilinx/2025.1/Vitis/tps/tcl/tcllib2.0/nettool/pkgIndex.tcl 
Execute           source C:/Xilinx/2025.1/Vitis/tps/tcl/tcllib2.0/nmea/pkgIndex.tcl 
Execute           source C:/Xilinx/2025.1/Vitis/tps/tcl/tcllib2.0/nns/pkgIndex.tcl 
Execute           source C:/Xilinx/2025.1/Vitis/tps/tcl/tcllib2.0/nntp/pkgIndex.tcl 
Execute           source C:/Xilinx/2025.1/Vitis/tps/tcl/tcllib2.0/ntp/pkgIndex.tcl 
Execute           source C:/Xilinx/2025.1/Vitis/tps/tcl/tcllib2.0/oauth/pkgIndex.tcl 
Execute           source C:/Xilinx/2025.1/Vitis/tps/tcl/tcllib2.0/oodialect/pkgIndex.tcl 
Execute           source C:/Xilinx/2025.1/Vitis/tps/tcl/tcllib2.0/oometa/pkgIndex.tcl 
Execute           source C:/Xilinx/2025.1/Vitis/tps/tcl/tcllib2.0/ooutil/pkgIndex.tcl 
Execute           source C:/Xilinx/2025.1/Vitis/tps/tcl/tcllib2.0/otp/pkgIndex.tcl 
Execute           source C:/Xilinx/2025.1/Vitis/tps/tcl/tcllib2.0/page/pkgIndex.tcl 
Execute           source C:/Xilinx/2025.1/Vitis/tps/tcl/tcllib2.0/pluginmgr/pkgIndex.tcl 
Execute           source C:/Xilinx/2025.1/Vitis/tps/tcl/tcllib2.0/png/pkgIndex.tcl 
Execute           source C:/Xilinx/2025.1/Vitis/tps/tcl/tcllib2.0/pop3/pkgIndex.tcl 
Execute           source C:/Xilinx/2025.1/Vitis/tps/tcl/tcllib2.0/pop3d/pkgIndex.tcl 
Execute           source C:/Xilinx/2025.1/Vitis/tps/tcl/tcllib2.0/practcl/pkgIndex.tcl 
Execute           source C:/Xilinx/2025.1/Vitis/tps/tcl/tcllib2.0/processman/pkgIndex.tcl 
Execute           source C:/Xilinx/2025.1/Vitis/tps/tcl/tcllib2.0/profiler/pkgIndex.tcl 
Execute           source C:/Xilinx/2025.1/Vitis/tps/tcl/tcllib2.0/pt/pkgIndex.tcl 
Execute           source C:/Xilinx/2025.1/Vitis/tps/tcl/tcllib2.0/rcs/pkgIndex.tcl 
Execute           source C:/Xilinx/2025.1/Vitis/tps/tcl/tcllib2.0/report/pkgIndex.tcl 
Execute           source C:/Xilinx/2025.1/Vitis/tps/tcl/tcllib2.0/rest/pkgIndex.tcl 
Execute           source C:/Xilinx/2025.1/Vitis/tps/tcl/tcllib2.0/ripemd/pkgIndex.tcl 
Execute           source C:/Xilinx/2025.1/Vitis/tps/tcl/tcllib2.0/sasl/pkgIndex.tcl 
Execute           source C:/Xilinx/2025.1/Vitis/tps/tcl/tcllib2.0/sha1/pkgIndex.tcl 
Execute           source C:/Xilinx/2025.1/Vitis/tps/tcl/tcllib2.0/simulation/pkgIndex.tcl 
Execute           source C:/Xilinx/2025.1/Vitis/tps/tcl/tcllib2.0/smtpd/pkgIndex.tcl 
Execute           source C:/Xilinx/2025.1/Vitis/tps/tcl/tcllib2.0/snit/pkgIndex.tcl 
Execute           source C:/Xilinx/2025.1/Vitis/tps/tcl/tcllib2.0/soundex/pkgIndex.tcl 
Execute           source C:/Xilinx/2025.1/Vitis/tps/tcl/tcllib2.0/stooop/pkgIndex.tcl 
Execute           source C:/Xilinx/2025.1/Vitis/tps/tcl/tcllib2.0/string/pkgIndex.tcl 
Execute           source C:/Xilinx/2025.1/Vitis/tps/tcl/tcllib2.0/stringprep/pkgIndex.tcl 
Execute           source C:/Xilinx/2025.1/Vitis/tps/tcl/tcllib2.0/struct/pkgIndex.tcl 
Execute           source C:/Xilinx/2025.1/Vitis/tps/tcl/tcllib2.0/tar/pkgIndex.tcl 
Execute           source C:/Xilinx/2025.1/Vitis/tps/tcl/tcllib2.0/tepam/pkgIndex.tcl 
Execute           source C:/Xilinx/2025.1/Vitis/tps/tcl/tcllib2.0/term/pkgIndex.tcl 
Execute           source C:/Xilinx/2025.1/Vitis/tps/tcl/tcllib2.0/textutil/pkgIndex.tcl 
Execute           source C:/Xilinx/2025.1/Vitis/tps/tcl/tcllib2.0/tie/pkgIndex.tcl 
Execute           source C:/Xilinx/2025.1/Vitis/tps/tcl/tcllib2.0/tiff/pkgIndex.tcl 
Execute           source C:/Xilinx/2025.1/Vitis/tps/tcl/tcllib2.0/tool/pkgIndex.tcl 
Execute           source C:/Xilinx/2025.1/Vitis/tps/tcl/tcllib2.0/transfer/pkgIndex.tcl 
Execute           source C:/Xilinx/2025.1/Vitis/tps/tcl/tcllib2.0/treeql/pkgIndex.tcl 
Execute           source C:/Xilinx/2025.1/Vitis/tps/tcl/tcllib2.0/try/pkgIndex.tcl 
Execute           source C:/Xilinx/2025.1/Vitis/tps/tcl/tcllib2.0/udpcluster/pkgIndex.tcl 
Execute           source C:/Xilinx/2025.1/Vitis/tps/tcl/tcllib2.0/uev/pkgIndex.tcl 
Execute           source C:/Xilinx/2025.1/Vitis/tps/tcl/tcllib2.0/units/pkgIndex.tcl 
Execute           source C:/Xilinx/2025.1/Vitis/tps/tcl/tcllib2.0/uri/pkgIndex.tcl 
Execute           source C:/Xilinx/2025.1/Vitis/tps/tcl/tcllib2.0/uuid/pkgIndex.tcl 
Execute           source C:/Xilinx/2025.1/Vitis/tps/tcl/tcllib2.0/valtype/pkgIndex.tcl 
Execute           source C:/Xilinx/2025.1/Vitis/tps/tcl/tcllib2.0/virtchannel_base/pkgIndex.tcl 
Execute           source C:/Xilinx/2025.1/Vitis/tps/tcl/tcllib2.0/virtchannel_core/pkgIndex.tcl 
Execute           source C:/Xilinx/2025.1/Vitis/tps/tcl/tcllib2.0/virtchannel_transform/pkgIndex.tcl 
Execute           source C:/Xilinx/2025.1/Vitis/tps/tcl/tcllib2.0/websocket/pkgIndex.tcl 
Execute           source C:/Xilinx/2025.1/Vitis/tps/tcl/tcllib2.0/wip/pkgIndex.tcl 
Execute           source C:/Xilinx/2025.1/Vitis/tps/tcl/tcllib2.0/yaml/pkgIndex.tcl 
Execute           source C:/Xilinx/2025.1/Vitis/tps/tcl/tcllib2.0/zip/pkgIndex.tcl 
Execute           source C:/Xilinx/2025.1/Vitis/tps/tcl/tcllib2.0/pkgIndex.tcl 
Execute             source C:/Xilinx/2025.1/Vitis/tps/tcl/tcllib2.0/0compatibility/pkgIndex.tcl 
Execute             source C:/Xilinx/2025.1/Vitis/tps/tcl/tcllib2.0/amazon-s3/pkgIndex.tcl 
Execute             source C:/Xilinx/2025.1/Vitis/tps/tcl/tcllib2.0/asn/pkgIndex.tcl 
Execute             source C:/Xilinx/2025.1/Vitis/tps/tcl/tcllib2.0/base32/pkgIndex.tcl 
Execute             source C:/Xilinx/2025.1/Vitis/tps/tcl/tcllib2.0/base64/pkgIndex.tcl 
Execute             source C:/Xilinx/2025.1/Vitis/tps/tcl/tcllib2.0/bee/pkgIndex.tcl 
Execute             source C:/Xilinx/2025.1/Vitis/tps/tcl/tcllib2.0/bench/pkgIndex.tcl 
Execute             source C:/Xilinx/2025.1/Vitis/tps/tcl/tcllib2.0/bibtex/pkgIndex.tcl 
Execute             source C:/Xilinx/2025.1/Vitis/tps/tcl/tcllib2.0/cache/pkgIndex.tcl 
Execute             source C:/Xilinx/2025.1/Vitis/tps/tcl/tcllib2.0/clay/pkgIndex.tcl 
Execute             source C:/Xilinx/2025.1/Vitis/tps/tcl/tcllib2.0/clock/pkgIndex.tcl 
Execute             source C:/Xilinx/2025.1/Vitis/tps/tcl/tcllib2.0/cmdline/pkgIndex.tcl 
Execute             source C:/Xilinx/2025.1/Vitis/tps/tcl/tcllib2.0/comm/pkgIndex.tcl 
Execute             source C:/Xilinx/2025.1/Vitis/tps/tcl/tcllib2.0/control/pkgIndex.tcl 
Execute             source C:/Xilinx/2025.1/Vitis/tps/tcl/tcllib2.0/coroutine/pkgIndex.tcl 
Execute             source C:/Xilinx/2025.1/Vitis/tps/tcl/tcllib2.0/counter/pkgIndex.tcl 
Execute             source C:/Xilinx/2025.1/Vitis/tps/tcl/tcllib2.0/crc/pkgIndex.tcl 
Execute             source C:/Xilinx/2025.1/Vitis/tps/tcl/tcllib2.0/cron/pkgIndex.tcl 
Execute             source C:/Xilinx/2025.1/Vitis/tps/tcl/tcllib2.0/csv/pkgIndex.tcl 
Execute             source C:/Xilinx/2025.1/Vitis/tps/tcl/tcllib2.0/debug/pkgIndex.tcl 
Execute             source C:/Xilinx/2025.1/Vitis/tps/tcl/tcllib2.0/defer/pkgIndex.tcl 
Execute             source C:/Xilinx/2025.1/Vitis/tps/tcl/tcllib2.0/dicttool/pkgIndex.tcl 
Execute             source C:/Xilinx/2025.1/Vitis/tps/tcl/tcllib2.0/dns/pkgIndex.tcl 
Execute             source C:/Xilinx/2025.1/Vitis/tps/tcl/tcllib2.0/docstrip/pkgIndex.tcl 
Execute             source C:/Xilinx/2025.1/Vitis/tps/tcl/tcllib2.0/doctools/pkgIndex.tcl 
Execute             source C:/Xilinx/2025.1/Vitis/tps/tcl/tcllib2.0/doctools2base/pkgIndex.tcl 
Execute             source C:/Xilinx/2025.1/Vitis/tps/tcl/tcllib2.0/doctools2idx/pkgIndex.tcl 
Execute             source C:/Xilinx/2025.1/Vitis/tps/tcl/tcllib2.0/doctools2toc/pkgIndex.tcl 
Execute             source C:/Xilinx/2025.1/Vitis/tps/tcl/tcllib2.0/dtplite/pkgIndex.tcl 
Execute             source C:/Xilinx/2025.1/Vitis/tps/tcl/tcllib2.0/fileutil/pkgIndex.tcl 
Execute             source C:/Xilinx/2025.1/Vitis/tps/tcl/tcllib2.0/ftp/pkgIndex.tcl 
Execute             source C:/Xilinx/2025.1/Vitis/tps/tcl/tcllib2.0/ftpd/pkgIndex.tcl 
Execute             source C:/Xilinx/2025.1/Vitis/tps/tcl/tcllib2.0/fumagic/pkgIndex.tcl 
Execute             source C:/Xilinx/2025.1/Vitis/tps/tcl/tcllib2.0/generator/pkgIndex.tcl 
Execute             source C:/Xilinx/2025.1/Vitis/tps/tcl/tcllib2.0/gpx/pkgIndex.tcl 
Execute             source C:/Xilinx/2025.1/Vitis/tps/tcl/tcllib2.0/grammar_aycock/pkgIndex.tcl 
Execute             source C:/Xilinx/2025.1/Vitis/tps/tcl/tcllib2.0/grammar_fa/pkgIndex.tcl 
Execute             source C:/Xilinx/2025.1/Vitis/tps/tcl/tcllib2.0/grammar_me/pkgIndex.tcl 
Execute             source C:/Xilinx/2025.1/Vitis/tps/tcl/tcllib2.0/grammar_peg/pkgIndex.tcl 
Execute             source C:/Xilinx/2025.1/Vitis/tps/tcl/tcllib2.0/hook/pkgIndex.tcl 
Execute             source C:/Xilinx/2025.1/Vitis/tps/tcl/tcllib2.0/html/pkgIndex.tcl 
Execute             source C:/Xilinx/2025.1/Vitis/tps/tcl/tcllib2.0/htmlparse/pkgIndex.tcl 
Execute             source C:/Xilinx/2025.1/Vitis/tps/tcl/tcllib2.0/http/pkgIndex.tcl 
Execute             source C:/Xilinx/2025.1/Vitis/tps/tcl/tcllib2.0/httpd/pkgIndex.tcl 
Execute             source C:/Xilinx/2025.1/Vitis/tps/tcl/tcllib2.0/httpwget/pkgIndex.tcl 
Execute             source C:/Xilinx/2025.1/Vitis/tps/tcl/tcllib2.0/ident/pkgIndex.tcl 
Execute             source C:/Xilinx/2025.1/Vitis/tps/tcl/tcllib2.0/imap4/pkgIndex.tcl 
Execute             source C:/Xilinx/2025.1/Vitis/tps/tcl/tcllib2.0/inifile/pkgIndex.tcl 
Execute             source C:/Xilinx/2025.1/Vitis/tps/tcl/tcllib2.0/interp/pkgIndex.tcl 
Execute             source C:/Xilinx/2025.1/Vitis/tps/tcl/tcllib2.0/irc/pkgIndex.tcl 
Execute             source C:/Xilinx/2025.1/Vitis/tps/tcl/tcllib2.0/javascript/pkgIndex.tcl 
Execute             source C:/Xilinx/2025.1/Vitis/tps/tcl/tcllib2.0/jpeg/pkgIndex.tcl 
Execute             source C:/Xilinx/2025.1/Vitis/tps/tcl/tcllib2.0/json/pkgIndex.tcl 
Execute             source C:/Xilinx/2025.1/Vitis/tps/tcl/tcllib2.0/lambda/pkgIndex.tcl 
Execute             source C:/Xilinx/2025.1/Vitis/tps/tcl/tcllib2.0/lazyset/pkgIndex.tcl 
Execute             source C:/Xilinx/2025.1/Vitis/tps/tcl/tcllib2.0/ldap/pkgIndex.tcl 
Execute             source C:/Xilinx/2025.1/Vitis/tps/tcl/tcllib2.0/log/pkgIndex.tcl 
Execute             source C:/Xilinx/2025.1/Vitis/tps/tcl/tcllib2.0/map/pkgIndex.tcl 
Execute             source C:/Xilinx/2025.1/Vitis/tps/tcl/tcllib2.0/mapproj/pkgIndex.tcl 
Execute             source C:/Xilinx/2025.1/Vitis/tps/tcl/tcllib2.0/markdown/pkgIndex.tcl 
Execute             source C:/Xilinx/2025.1/Vitis/tps/tcl/tcllib2.0/math/pkgIndex.tcl 
Execute             source C:/Xilinx/2025.1/Vitis/tps/tcl/tcllib2.0/md4/pkgIndex.tcl 
Execute             source C:/Xilinx/2025.1/Vitis/tps/tcl/tcllib2.0/md5/pkgIndex.tcl 
Execute             source C:/Xilinx/2025.1/Vitis/tps/tcl/tcllib2.0/md5crypt/pkgIndex.tcl 
Execute             source C:/Xilinx/2025.1/Vitis/tps/tcl/tcllib2.0/mime/pkgIndex.tcl 
Execute             source C:/Xilinx/2025.1/Vitis/tps/tcl/tcllib2.0/mkdoc/pkgIndex.tcl 
Execute             source C:/Xilinx/2025.1/Vitis/tps/tcl/tcllib2.0/multiplexer/pkgIndex.tcl 
Execute             source C:/Xilinx/2025.1/Vitis/tps/tcl/tcllib2.0/namespacex/pkgIndex.tcl 
Execute             source C:/Xilinx/2025.1/Vitis/tps/tcl/tcllib2.0/ncgi/pkgIndex.tcl 
Execute             source C:/Xilinx/2025.1/Vitis/tps/tcl/tcllib2.0/nettool/pkgIndex.tcl 
Execute             source C:/Xilinx/2025.1/Vitis/tps/tcl/tcllib2.0/nmea/pkgIndex.tcl 
Execute             source C:/Xilinx/2025.1/Vitis/tps/tcl/tcllib2.0/nns/pkgIndex.tcl 
Execute             source C:/Xilinx/2025.1/Vitis/tps/tcl/tcllib2.0/nntp/pkgIndex.tcl 
Execute             source C:/Xilinx/2025.1/Vitis/tps/tcl/tcllib2.0/ntp/pkgIndex.tcl 
Execute             source C:/Xilinx/2025.1/Vitis/tps/tcl/tcllib2.0/oauth/pkgIndex.tcl 
Execute             source C:/Xilinx/2025.1/Vitis/tps/tcl/tcllib2.0/oodialect/pkgIndex.tcl 
Execute             source C:/Xilinx/2025.1/Vitis/tps/tcl/tcllib2.0/oometa/pkgIndex.tcl 
Execute             source C:/Xilinx/2025.1/Vitis/tps/tcl/tcllib2.0/ooutil/pkgIndex.tcl 
Execute             source C:/Xilinx/2025.1/Vitis/tps/tcl/tcllib2.0/otp/pkgIndex.tcl 
Execute             source C:/Xilinx/2025.1/Vitis/tps/tcl/tcllib2.0/page/pkgIndex.tcl 
Execute             source C:/Xilinx/2025.1/Vitis/tps/tcl/tcllib2.0/pluginmgr/pkgIndex.tcl 
Execute             source C:/Xilinx/2025.1/Vitis/tps/tcl/tcllib2.0/png/pkgIndex.tcl 
Execute             source C:/Xilinx/2025.1/Vitis/tps/tcl/tcllib2.0/pop3/pkgIndex.tcl 
Execute             source C:/Xilinx/2025.1/Vitis/tps/tcl/tcllib2.0/pop3d/pkgIndex.tcl 
Execute             source C:/Xilinx/2025.1/Vitis/tps/tcl/tcllib2.0/practcl/pkgIndex.tcl 
Execute             source C:/Xilinx/2025.1/Vitis/tps/tcl/tcllib2.0/processman/pkgIndex.tcl 
Execute             source C:/Xilinx/2025.1/Vitis/tps/tcl/tcllib2.0/profiler/pkgIndex.tcl 
Execute             source C:/Xilinx/2025.1/Vitis/tps/tcl/tcllib2.0/pt/pkgIndex.tcl 
Execute             source C:/Xilinx/2025.1/Vitis/tps/tcl/tcllib2.0/rcs/pkgIndex.tcl 
Execute             source C:/Xilinx/2025.1/Vitis/tps/tcl/tcllib2.0/report/pkgIndex.tcl 
Execute             source C:/Xilinx/2025.1/Vitis/tps/tcl/tcllib2.0/rest/pkgIndex.tcl 
Execute             source C:/Xilinx/2025.1/Vitis/tps/tcl/tcllib2.0/ripemd/pkgIndex.tcl 
Execute             source C:/Xilinx/2025.1/Vitis/tps/tcl/tcllib2.0/sasl/pkgIndex.tcl 
Execute             source C:/Xilinx/2025.1/Vitis/tps/tcl/tcllib2.0/sha1/pkgIndex.tcl 
Execute             source C:/Xilinx/2025.1/Vitis/tps/tcl/tcllib2.0/simulation/pkgIndex.tcl 
Execute             source C:/Xilinx/2025.1/Vitis/tps/tcl/tcllib2.0/smtpd/pkgIndex.tcl 
Execute             source C:/Xilinx/2025.1/Vitis/tps/tcl/tcllib2.0/snit/pkgIndex.tcl 
Execute             source C:/Xilinx/2025.1/Vitis/tps/tcl/tcllib2.0/soundex/pkgIndex.tcl 
Execute             source C:/Xilinx/2025.1/Vitis/tps/tcl/tcllib2.0/stooop/pkgIndex.tcl 
Execute             source C:/Xilinx/2025.1/Vitis/tps/tcl/tcllib2.0/string/pkgIndex.tcl 
Execute             source C:/Xilinx/2025.1/Vitis/tps/tcl/tcllib2.0/stringprep/pkgIndex.tcl 
Execute             source C:/Xilinx/2025.1/Vitis/tps/tcl/tcllib2.0/struct/pkgIndex.tcl 
Execute             source C:/Xilinx/2025.1/Vitis/tps/tcl/tcllib2.0/tar/pkgIndex.tcl 
Execute             source C:/Xilinx/2025.1/Vitis/tps/tcl/tcllib2.0/tepam/pkgIndex.tcl 
Execute             source C:/Xilinx/2025.1/Vitis/tps/tcl/tcllib2.0/term/pkgIndex.tcl 
Execute             source C:/Xilinx/2025.1/Vitis/tps/tcl/tcllib2.0/textutil/pkgIndex.tcl 
Execute             source C:/Xilinx/2025.1/Vitis/tps/tcl/tcllib2.0/tie/pkgIndex.tcl 
Execute             source C:/Xilinx/2025.1/Vitis/tps/tcl/tcllib2.0/tiff/pkgIndex.tcl 
Execute             source C:/Xilinx/2025.1/Vitis/tps/tcl/tcllib2.0/tool/pkgIndex.tcl 
Execute             source C:/Xilinx/2025.1/Vitis/tps/tcl/tcllib2.0/transfer/pkgIndex.tcl 
Execute             source C:/Xilinx/2025.1/Vitis/tps/tcl/tcllib2.0/treeql/pkgIndex.tcl 
Execute             source C:/Xilinx/2025.1/Vitis/tps/tcl/tcllib2.0/try/pkgIndex.tcl 
Execute             source C:/Xilinx/2025.1/Vitis/tps/tcl/tcllib2.0/udpcluster/pkgIndex.tcl 
Execute             source C:/Xilinx/2025.1/Vitis/tps/tcl/tcllib2.0/uev/pkgIndex.tcl 
Execute             source C:/Xilinx/2025.1/Vitis/tps/tcl/tcllib2.0/units/pkgIndex.tcl 
Execute             source C:/Xilinx/2025.1/Vitis/tps/tcl/tcllib2.0/uri/pkgIndex.tcl 
Execute             source C:/Xilinx/2025.1/Vitis/tps/tcl/tcllib2.0/uuid/pkgIndex.tcl 
Execute             source C:/Xilinx/2025.1/Vitis/tps/tcl/tcllib2.0/valtype/pkgIndex.tcl 
Execute             source C:/Xilinx/2025.1/Vitis/tps/tcl/tcllib2.0/virtchannel_base/pkgIndex.tcl 
Execute             source C:/Xilinx/2025.1/Vitis/tps/tcl/tcllib2.0/virtchannel_core/pkgIndex.tcl 
Execute             source C:/Xilinx/2025.1/Vitis/tps/tcl/tcllib2.0/virtchannel_transform/pkgIndex.tcl 
Execute             source C:/Xilinx/2025.1/Vitis/tps/tcl/tcllib2.0/websocket/pkgIndex.tcl 
Execute             source C:/Xilinx/2025.1/Vitis/tps/tcl/tcllib2.0/wip/pkgIndex.tcl 
Execute             source C:/Xilinx/2025.1/Vitis/tps/tcl/tcllib2.0/yaml/pkgIndex.tcl 
Execute             source C:/Xilinx/2025.1/Vitis/tps/tcl/tcllib2.0/zip/pkgIndex.tcl 
Command           ap_source done; 0.118 sec.
Execute           source C:/Xilinx/2025.1/Vitis/tps/tcl/tdom/pkgIndex.tcl 
Execute           source C:/Xilinx/2025.1/Vitis/tps/tcl/tcl8.6/opt0.4/pkgIndex.tcl 
Execute           source C:/Xilinx/2025.1/Vitis/tps/tcl/tcl8.6/pkgs/win/thread2.8.7/pkgIndex.tcl 
Command         ap_source done; 0.264 sec.
Execute         source C:/Xilinx/2025.1/Vitis/tps/tcl/tcllib2.0/0compatibility/pkgIndex.tcl 
Execute         source C:/Xilinx/2025.1/Vitis/tps/tcl/tcllib2.0/amazon-s3/pkgIndex.tcl 
Execute         source C:/Xilinx/2025.1/Vitis/tps/tcl/tcllib2.0/asn/pkgIndex.tcl 
Execute         source C:/Xilinx/2025.1/Vitis/tps/tcl/tcllib2.0/base32/pkgIndex.tcl 
Execute         source C:/Xilinx/2025.1/Vitis/tps/tcl/tcllib2.0/base64/pkgIndex.tcl 
Execute         source C:/Xilinx/2025.1/Vitis/tps/tcl/tcllib2.0/bee/pkgIndex.tcl 
Execute         source C:/Xilinx/2025.1/Vitis/tps/tcl/tcllib2.0/bench/pkgIndex.tcl 
Execute         source C:/Xilinx/2025.1/Vitis/tps/tcl/tcllib2.0/bibtex/pkgIndex.tcl 
Execute         source C:/Xilinx/2025.1/Vitis/tps/tcl/tcllib2.0/cache/pkgIndex.tcl 
Execute         source C:/Xilinx/2025.1/Vitis/tps/tcl/tcllib2.0/clay/pkgIndex.tcl 
Execute         source C:/Xilinx/2025.1/Vitis/tps/tcl/tcllib2.0/clock/pkgIndex.tcl 
Execute         source C:/Xilinx/2025.1/Vitis/tps/tcl/tcllib2.0/cmdline/pkgIndex.tcl 
Execute         source C:/Xilinx/2025.1/Vitis/tps/tcl/tcllib2.0/comm/pkgIndex.tcl 
Execute         source C:/Xilinx/2025.1/Vitis/tps/tcl/tcllib2.0/control/pkgIndex.tcl 
Execute         source C:/Xilinx/2025.1/Vitis/tps/tcl/tcllib2.0/coroutine/pkgIndex.tcl 
Execute         source C:/Xilinx/2025.1/Vitis/tps/tcl/tcllib2.0/counter/pkgIndex.tcl 
Execute         source C:/Xilinx/2025.1/Vitis/tps/tcl/tcllib2.0/crc/pkgIndex.tcl 
Execute         source C:/Xilinx/2025.1/Vitis/tps/tcl/tcllib2.0/cron/pkgIndex.tcl 
Execute         source C:/Xilinx/2025.1/Vitis/tps/tcl/tcllib2.0/csv/pkgIndex.tcl 
Execute         source C:/Xilinx/2025.1/Vitis/tps/tcl/tcllib2.0/debug/pkgIndex.tcl 
Execute         source C:/Xilinx/2025.1/Vitis/tps/tcl/tcllib2.0/defer/pkgIndex.tcl 
Execute         source C:/Xilinx/2025.1/Vitis/tps/tcl/tcllib2.0/dicttool/pkgIndex.tcl 
Execute         source C:/Xilinx/2025.1/Vitis/tps/tcl/tcllib2.0/dns/pkgIndex.tcl 
Execute         source C:/Xilinx/2025.1/Vitis/tps/tcl/tcllib2.0/docstrip/pkgIndex.tcl 
Execute         source C:/Xilinx/2025.1/Vitis/tps/tcl/tcllib2.0/doctools/pkgIndex.tcl 
Execute         source C:/Xilinx/2025.1/Vitis/tps/tcl/tcllib2.0/doctools2base/pkgIndex.tcl 
Execute         source C:/Xilinx/2025.1/Vitis/tps/tcl/tcllib2.0/doctools2idx/pkgIndex.tcl 
Execute         source C:/Xilinx/2025.1/Vitis/tps/tcl/tcllib2.0/doctools2toc/pkgIndex.tcl 
Execute         source C:/Xilinx/2025.1/Vitis/tps/tcl/tcllib2.0/dtplite/pkgIndex.tcl 
Execute         source C:/Xilinx/2025.1/Vitis/tps/tcl/tcllib2.0/fileutil/pkgIndex.tcl 
Execute         source C:/Xilinx/2025.1/Vitis/tps/tcl/tcllib2.0/ftp/pkgIndex.tcl 
Execute         source C:/Xilinx/2025.1/Vitis/tps/tcl/tcllib2.0/ftpd/pkgIndex.tcl 
Execute         source C:/Xilinx/2025.1/Vitis/tps/tcl/tcllib2.0/fumagic/pkgIndex.tcl 
Execute         source C:/Xilinx/2025.1/Vitis/tps/tcl/tcllib2.0/generator/pkgIndex.tcl 
Execute         source C:/Xilinx/2025.1/Vitis/tps/tcl/tcllib2.0/gpx/pkgIndex.tcl 
Execute         source C:/Xilinx/2025.1/Vitis/tps/tcl/tcllib2.0/grammar_aycock/pkgIndex.tcl 
Execute         source C:/Xilinx/2025.1/Vitis/tps/tcl/tcllib2.0/grammar_fa/pkgIndex.tcl 
Execute         source C:/Xilinx/2025.1/Vitis/tps/tcl/tcllib2.0/grammar_me/pkgIndex.tcl 
Execute         source C:/Xilinx/2025.1/Vitis/tps/tcl/tcllib2.0/grammar_peg/pkgIndex.tcl 
Execute         source C:/Xilinx/2025.1/Vitis/tps/tcl/tcllib2.0/hook/pkgIndex.tcl 
Execute         source C:/Xilinx/2025.1/Vitis/tps/tcl/tcllib2.0/html/pkgIndex.tcl 
Execute         source C:/Xilinx/2025.1/Vitis/tps/tcl/tcllib2.0/htmlparse/pkgIndex.tcl 
Execute         source C:/Xilinx/2025.1/Vitis/tps/tcl/tcllib2.0/http/pkgIndex.tcl 
Execute         source C:/Xilinx/2025.1/Vitis/tps/tcl/tcllib2.0/httpd/pkgIndex.tcl 
Execute         source C:/Xilinx/2025.1/Vitis/tps/tcl/tcllib2.0/httpwget/pkgIndex.tcl 
Execute         source C:/Xilinx/2025.1/Vitis/tps/tcl/tcllib2.0/ident/pkgIndex.tcl 
Execute         source C:/Xilinx/2025.1/Vitis/tps/tcl/tcllib2.0/imap4/pkgIndex.tcl 
Execute         source C:/Xilinx/2025.1/Vitis/tps/tcl/tcllib2.0/inifile/pkgIndex.tcl 
Execute         source C:/Xilinx/2025.1/Vitis/tps/tcl/tcllib2.0/interp/pkgIndex.tcl 
Execute         source C:/Xilinx/2025.1/Vitis/tps/tcl/tcllib2.0/irc/pkgIndex.tcl 
Execute         source C:/Xilinx/2025.1/Vitis/tps/tcl/tcllib2.0/javascript/pkgIndex.tcl 
Execute         source C:/Xilinx/2025.1/Vitis/tps/tcl/tcllib2.0/jpeg/pkgIndex.tcl 
Execute         source C:/Xilinx/2025.1/Vitis/tps/tcl/tcllib2.0/json/pkgIndex.tcl 
Execute         source C:/Xilinx/2025.1/Vitis/tps/tcl/tcllib2.0/lambda/pkgIndex.tcl 
Execute         source C:/Xilinx/2025.1/Vitis/tps/tcl/tcllib2.0/lazyset/pkgIndex.tcl 
Execute         source C:/Xilinx/2025.1/Vitis/tps/tcl/tcllib2.0/ldap/pkgIndex.tcl 
Execute         source C:/Xilinx/2025.1/Vitis/tps/tcl/tcllib2.0/log/pkgIndex.tcl 
Execute         source C:/Xilinx/2025.1/Vitis/tps/tcl/tcllib2.0/map/pkgIndex.tcl 
Execute         source C:/Xilinx/2025.1/Vitis/tps/tcl/tcllib2.0/mapproj/pkgIndex.tcl 
Execute         source C:/Xilinx/2025.1/Vitis/tps/tcl/tcllib2.0/markdown/pkgIndex.tcl 
Execute         source C:/Xilinx/2025.1/Vitis/tps/tcl/tcllib2.0/math/pkgIndex.tcl 
Execute         source C:/Xilinx/2025.1/Vitis/tps/tcl/tcllib2.0/md4/pkgIndex.tcl 
Execute         source C:/Xilinx/2025.1/Vitis/tps/tcl/tcllib2.0/md5/pkgIndex.tcl 
Execute         source C:/Xilinx/2025.1/Vitis/tps/tcl/tcllib2.0/md5crypt/pkgIndex.tcl 
Execute         source C:/Xilinx/2025.1/Vitis/tps/tcl/tcllib2.0/mime/pkgIndex.tcl 
Execute         source C:/Xilinx/2025.1/Vitis/tps/tcl/tcllib2.0/mkdoc/pkgIndex.tcl 
Execute         source C:/Xilinx/2025.1/Vitis/tps/tcl/tcllib2.0/multiplexer/pkgIndex.tcl 
Execute         source C:/Xilinx/2025.1/Vitis/tps/tcl/tcllib2.0/namespacex/pkgIndex.tcl 
Execute         source C:/Xilinx/2025.1/Vitis/tps/tcl/tcllib2.0/ncgi/pkgIndex.tcl 
Execute         source C:/Xilinx/2025.1/Vitis/tps/tcl/tcllib2.0/nettool/pkgIndex.tcl 
Execute         source C:/Xilinx/2025.1/Vitis/tps/tcl/tcllib2.0/nmea/pkgIndex.tcl 
Execute         source C:/Xilinx/2025.1/Vitis/tps/tcl/tcllib2.0/nns/pkgIndex.tcl 
Execute         source C:/Xilinx/2025.1/Vitis/tps/tcl/tcllib2.0/nntp/pkgIndex.tcl 
Execute         source C:/Xilinx/2025.1/Vitis/tps/tcl/tcllib2.0/ntp/pkgIndex.tcl 
Execute         source C:/Xilinx/2025.1/Vitis/tps/tcl/tcllib2.0/oauth/pkgIndex.tcl 
Execute         source C:/Xilinx/2025.1/Vitis/tps/tcl/tcllib2.0/oodialect/pkgIndex.tcl 
Execute         source C:/Xilinx/2025.1/Vitis/tps/tcl/tcllib2.0/oometa/pkgIndex.tcl 
Execute         source C:/Xilinx/2025.1/Vitis/tps/tcl/tcllib2.0/ooutil/pkgIndex.tcl 
Execute         source C:/Xilinx/2025.1/Vitis/tps/tcl/tcllib2.0/otp/pkgIndex.tcl 
Execute         source C:/Xilinx/2025.1/Vitis/tps/tcl/tcllib2.0/page/pkgIndex.tcl 
Execute         source C:/Xilinx/2025.1/Vitis/tps/tcl/tcllib2.0/pluginmgr/pkgIndex.tcl 
Execute         source C:/Xilinx/2025.1/Vitis/tps/tcl/tcllib2.0/png/pkgIndex.tcl 
Execute         source C:/Xilinx/2025.1/Vitis/tps/tcl/tcllib2.0/pop3/pkgIndex.tcl 
Execute         source C:/Xilinx/2025.1/Vitis/tps/tcl/tcllib2.0/pop3d/pkgIndex.tcl 
Execute         source C:/Xilinx/2025.1/Vitis/tps/tcl/tcllib2.0/practcl/pkgIndex.tcl 
Execute         source C:/Xilinx/2025.1/Vitis/tps/tcl/tcllib2.0/processman/pkgIndex.tcl 
Execute         source C:/Xilinx/2025.1/Vitis/tps/tcl/tcllib2.0/profiler/pkgIndex.tcl 
Execute         source C:/Xilinx/2025.1/Vitis/tps/tcl/tcllib2.0/pt/pkgIndex.tcl 
Execute         source C:/Xilinx/2025.1/Vitis/tps/tcl/tcllib2.0/rcs/pkgIndex.tcl 
Execute         source C:/Xilinx/2025.1/Vitis/tps/tcl/tcllib2.0/report/pkgIndex.tcl 
Execute         source C:/Xilinx/2025.1/Vitis/tps/tcl/tcllib2.0/rest/pkgIndex.tcl 
Execute         source C:/Xilinx/2025.1/Vitis/tps/tcl/tcllib2.0/ripemd/pkgIndex.tcl 
Execute         source C:/Xilinx/2025.1/Vitis/tps/tcl/tcllib2.0/sasl/pkgIndex.tcl 
Execute         source C:/Xilinx/2025.1/Vitis/tps/tcl/tcllib2.0/sha1/pkgIndex.tcl 
Execute         source C:/Xilinx/2025.1/Vitis/tps/tcl/tcllib2.0/simulation/pkgIndex.tcl 
Execute         source C:/Xilinx/2025.1/Vitis/tps/tcl/tcllib2.0/smtpd/pkgIndex.tcl 
Execute         source C:/Xilinx/2025.1/Vitis/tps/tcl/tcllib2.0/snit/pkgIndex.tcl 
Execute         source C:/Xilinx/2025.1/Vitis/tps/tcl/tcllib2.0/soundex/pkgIndex.tcl 
Execute         source C:/Xilinx/2025.1/Vitis/tps/tcl/tcllib2.0/stooop/pkgIndex.tcl 
Execute         source C:/Xilinx/2025.1/Vitis/tps/tcl/tcllib2.0/string/pkgIndex.tcl 
Execute         source C:/Xilinx/2025.1/Vitis/tps/tcl/tcllib2.0/stringprep/pkgIndex.tcl 
Execute         source C:/Xilinx/2025.1/Vitis/tps/tcl/tcllib2.0/struct/pkgIndex.tcl 
Execute         source C:/Xilinx/2025.1/Vitis/tps/tcl/tcllib2.0/tar/pkgIndex.tcl 
Execute         source C:/Xilinx/2025.1/Vitis/tps/tcl/tcllib2.0/tepam/pkgIndex.tcl 
Execute         source C:/Xilinx/2025.1/Vitis/tps/tcl/tcllib2.0/term/pkgIndex.tcl 
Execute         source C:/Xilinx/2025.1/Vitis/tps/tcl/tcllib2.0/textutil/pkgIndex.tcl 
Execute         source C:/Xilinx/2025.1/Vitis/tps/tcl/tcllib2.0/tie/pkgIndex.tcl 
Execute         source C:/Xilinx/2025.1/Vitis/tps/tcl/tcllib2.0/tiff/pkgIndex.tcl 
Execute         source C:/Xilinx/2025.1/Vitis/tps/tcl/tcllib2.0/tool/pkgIndex.tcl 
Execute         source C:/Xilinx/2025.1/Vitis/tps/tcl/tcllib2.0/transfer/pkgIndex.tcl 
Execute         source C:/Xilinx/2025.1/Vitis/tps/tcl/tcllib2.0/treeql/pkgIndex.tcl 
Execute         source C:/Xilinx/2025.1/Vitis/tps/tcl/tcllib2.0/try/pkgIndex.tcl 
Execute         source C:/Xilinx/2025.1/Vitis/tps/tcl/tcllib2.0/udpcluster/pkgIndex.tcl 
Execute         source C:/Xilinx/2025.1/Vitis/tps/tcl/tcllib2.0/uev/pkgIndex.tcl 
Execute         source C:/Xilinx/2025.1/Vitis/tps/tcl/tcllib2.0/units/pkgIndex.tcl 
Execute         source C:/Xilinx/2025.1/Vitis/tps/tcl/tcllib2.0/uri/pkgIndex.tcl 
Execute         source C:/Xilinx/2025.1/Vitis/tps/tcl/tcllib2.0/uuid/pkgIndex.tcl 
Execute         source C:/Xilinx/2025.1/Vitis/tps/tcl/tcllib2.0/valtype/pkgIndex.tcl 
Execute         source C:/Xilinx/2025.1/Vitis/tps/tcl/tcllib2.0/virtchannel_base/pkgIndex.tcl 
Execute         source C:/Xilinx/2025.1/Vitis/tps/tcl/tcllib2.0/virtchannel_core/pkgIndex.tcl 
Execute         source C:/Xilinx/2025.1/Vitis/tps/tcl/tcllib2.0/virtchannel_transform/pkgIndex.tcl 
Execute         source C:/Xilinx/2025.1/Vitis/tps/tcl/tcllib2.0/websocket/pkgIndex.tcl 
Execute         source C:/Xilinx/2025.1/Vitis/tps/tcl/tcllib2.0/wip/pkgIndex.tcl 
Execute         source C:/Xilinx/2025.1/Vitis/tps/tcl/tcllib2.0/yaml/pkgIndex.tcl 
Execute         source C:/Xilinx/2025.1/Vitis/tps/tcl/tcllib2.0/zip/pkgIndex.tcl 
Execute         source C:/Xilinx/2025.1/Vitis/tps/tcl/tcllib2.0/pkgIndex.tcl 
Execute           source C:/Xilinx/2025.1/Vitis/tps/tcl/tcllib2.0/0compatibility/pkgIndex.tcl 
Execute           source C:/Xilinx/2025.1/Vitis/tps/tcl/tcllib2.0/amazon-s3/pkgIndex.tcl 
Execute           source C:/Xilinx/2025.1/Vitis/tps/tcl/tcllib2.0/asn/pkgIndex.tcl 
Execute           source C:/Xilinx/2025.1/Vitis/tps/tcl/tcllib2.0/base32/pkgIndex.tcl 
Execute           source C:/Xilinx/2025.1/Vitis/tps/tcl/tcllib2.0/base64/pkgIndex.tcl 
Execute           source C:/Xilinx/2025.1/Vitis/tps/tcl/tcllib2.0/bee/pkgIndex.tcl 
Execute           source C:/Xilinx/2025.1/Vitis/tps/tcl/tcllib2.0/bench/pkgIndex.tcl 
Execute           source C:/Xilinx/2025.1/Vitis/tps/tcl/tcllib2.0/bibtex/pkgIndex.tcl 
Execute           source C:/Xilinx/2025.1/Vitis/tps/tcl/tcllib2.0/cache/pkgIndex.tcl 
Execute           source C:/Xilinx/2025.1/Vitis/tps/tcl/tcllib2.0/clay/pkgIndex.tcl 
Execute           source C:/Xilinx/2025.1/Vitis/tps/tcl/tcllib2.0/clock/pkgIndex.tcl 
Execute           source C:/Xilinx/2025.1/Vitis/tps/tcl/tcllib2.0/cmdline/pkgIndex.tcl 
Execute           source C:/Xilinx/2025.1/Vitis/tps/tcl/tcllib2.0/comm/pkgIndex.tcl 
Execute           source C:/Xilinx/2025.1/Vitis/tps/tcl/tcllib2.0/control/pkgIndex.tcl 
Execute           source C:/Xilinx/2025.1/Vitis/tps/tcl/tcllib2.0/coroutine/pkgIndex.tcl 
Execute           source C:/Xilinx/2025.1/Vitis/tps/tcl/tcllib2.0/counter/pkgIndex.tcl 
Execute           source C:/Xilinx/2025.1/Vitis/tps/tcl/tcllib2.0/crc/pkgIndex.tcl 
Execute           source C:/Xilinx/2025.1/Vitis/tps/tcl/tcllib2.0/cron/pkgIndex.tcl 
Execute           source C:/Xilinx/2025.1/Vitis/tps/tcl/tcllib2.0/csv/pkgIndex.tcl 
Execute           source C:/Xilinx/2025.1/Vitis/tps/tcl/tcllib2.0/debug/pkgIndex.tcl 
Execute           source C:/Xilinx/2025.1/Vitis/tps/tcl/tcllib2.0/defer/pkgIndex.tcl 
Execute           source C:/Xilinx/2025.1/Vitis/tps/tcl/tcllib2.0/dicttool/pkgIndex.tcl 
Execute           source C:/Xilinx/2025.1/Vitis/tps/tcl/tcllib2.0/dns/pkgIndex.tcl 
Execute           source C:/Xilinx/2025.1/Vitis/tps/tcl/tcllib2.0/docstrip/pkgIndex.tcl 
Execute           source C:/Xilinx/2025.1/Vitis/tps/tcl/tcllib2.0/doctools/pkgIndex.tcl 
Execute           source C:/Xilinx/2025.1/Vitis/tps/tcl/tcllib2.0/doctools2base/pkgIndex.tcl 
Execute           source C:/Xilinx/2025.1/Vitis/tps/tcl/tcllib2.0/doctools2idx/pkgIndex.tcl 
Execute           source C:/Xilinx/2025.1/Vitis/tps/tcl/tcllib2.0/doctools2toc/pkgIndex.tcl 
Execute           source C:/Xilinx/2025.1/Vitis/tps/tcl/tcllib2.0/dtplite/pkgIndex.tcl 
Execute           source C:/Xilinx/2025.1/Vitis/tps/tcl/tcllib2.0/fileutil/pkgIndex.tcl 
Execute           source C:/Xilinx/2025.1/Vitis/tps/tcl/tcllib2.0/ftp/pkgIndex.tcl 
Execute           source C:/Xilinx/2025.1/Vitis/tps/tcl/tcllib2.0/ftpd/pkgIndex.tcl 
Execute           source C:/Xilinx/2025.1/Vitis/tps/tcl/tcllib2.0/fumagic/pkgIndex.tcl 
Execute           source C:/Xilinx/2025.1/Vitis/tps/tcl/tcllib2.0/generator/pkgIndex.tcl 
Execute           source C:/Xilinx/2025.1/Vitis/tps/tcl/tcllib2.0/gpx/pkgIndex.tcl 
Execute           source C:/Xilinx/2025.1/Vitis/tps/tcl/tcllib2.0/grammar_aycock/pkgIndex.tcl 
Execute           source C:/Xilinx/2025.1/Vitis/tps/tcl/tcllib2.0/grammar_fa/pkgIndex.tcl 
Execute           source C:/Xilinx/2025.1/Vitis/tps/tcl/tcllib2.0/grammar_me/pkgIndex.tcl 
Execute           source C:/Xilinx/2025.1/Vitis/tps/tcl/tcllib2.0/grammar_peg/pkgIndex.tcl 
Execute           source C:/Xilinx/2025.1/Vitis/tps/tcl/tcllib2.0/hook/pkgIndex.tcl 
Execute           source C:/Xilinx/2025.1/Vitis/tps/tcl/tcllib2.0/html/pkgIndex.tcl 
Execute           source C:/Xilinx/2025.1/Vitis/tps/tcl/tcllib2.0/htmlparse/pkgIndex.tcl 
Execute           source C:/Xilinx/2025.1/Vitis/tps/tcl/tcllib2.0/http/pkgIndex.tcl 
Execute           source C:/Xilinx/2025.1/Vitis/tps/tcl/tcllib2.0/httpd/pkgIndex.tcl 
Execute           source C:/Xilinx/2025.1/Vitis/tps/tcl/tcllib2.0/httpwget/pkgIndex.tcl 
Execute           source C:/Xilinx/2025.1/Vitis/tps/tcl/tcllib2.0/ident/pkgIndex.tcl 
Execute           source C:/Xilinx/2025.1/Vitis/tps/tcl/tcllib2.0/imap4/pkgIndex.tcl 
Execute           source C:/Xilinx/2025.1/Vitis/tps/tcl/tcllib2.0/inifile/pkgIndex.tcl 
Execute           source C:/Xilinx/2025.1/Vitis/tps/tcl/tcllib2.0/interp/pkgIndex.tcl 
Execute           source C:/Xilinx/2025.1/Vitis/tps/tcl/tcllib2.0/irc/pkgIndex.tcl 
Execute           source C:/Xilinx/2025.1/Vitis/tps/tcl/tcllib2.0/javascript/pkgIndex.tcl 
Execute           source C:/Xilinx/2025.1/Vitis/tps/tcl/tcllib2.0/jpeg/pkgIndex.tcl 
Execute           source C:/Xilinx/2025.1/Vitis/tps/tcl/tcllib2.0/json/pkgIndex.tcl 
Execute           source C:/Xilinx/2025.1/Vitis/tps/tcl/tcllib2.0/lambda/pkgIndex.tcl 
Execute           source C:/Xilinx/2025.1/Vitis/tps/tcl/tcllib2.0/lazyset/pkgIndex.tcl 
Execute           source C:/Xilinx/2025.1/Vitis/tps/tcl/tcllib2.0/ldap/pkgIndex.tcl 
Execute           source C:/Xilinx/2025.1/Vitis/tps/tcl/tcllib2.0/log/pkgIndex.tcl 
Execute           source C:/Xilinx/2025.1/Vitis/tps/tcl/tcllib2.0/map/pkgIndex.tcl 
Execute           source C:/Xilinx/2025.1/Vitis/tps/tcl/tcllib2.0/mapproj/pkgIndex.tcl 
Execute           source C:/Xilinx/2025.1/Vitis/tps/tcl/tcllib2.0/markdown/pkgIndex.tcl 
Execute           source C:/Xilinx/2025.1/Vitis/tps/tcl/tcllib2.0/math/pkgIndex.tcl 
Execute           source C:/Xilinx/2025.1/Vitis/tps/tcl/tcllib2.0/md4/pkgIndex.tcl 
Execute           source C:/Xilinx/2025.1/Vitis/tps/tcl/tcllib2.0/md5/pkgIndex.tcl 
Execute           source C:/Xilinx/2025.1/Vitis/tps/tcl/tcllib2.0/md5crypt/pkgIndex.tcl 
Execute           source C:/Xilinx/2025.1/Vitis/tps/tcl/tcllib2.0/mime/pkgIndex.tcl 
Execute           source C:/Xilinx/2025.1/Vitis/tps/tcl/tcllib2.0/mkdoc/pkgIndex.tcl 
Execute           source C:/Xilinx/2025.1/Vitis/tps/tcl/tcllib2.0/multiplexer/pkgIndex.tcl 
Execute           source C:/Xilinx/2025.1/Vitis/tps/tcl/tcllib2.0/namespacex/pkgIndex.tcl 
Execute           source C:/Xilinx/2025.1/Vitis/tps/tcl/tcllib2.0/ncgi/pkgIndex.tcl 
Execute           source C:/Xilinx/2025.1/Vitis/tps/tcl/tcllib2.0/nettool/pkgIndex.tcl 
Execute           source C:/Xilinx/2025.1/Vitis/tps/tcl/tcllib2.0/nmea/pkgIndex.tcl 
Execute           source C:/Xilinx/2025.1/Vitis/tps/tcl/tcllib2.0/nns/pkgIndex.tcl 
Execute           source C:/Xilinx/2025.1/Vitis/tps/tcl/tcllib2.0/nntp/pkgIndex.tcl 
Execute           source C:/Xilinx/2025.1/Vitis/tps/tcl/tcllib2.0/ntp/pkgIndex.tcl 
Execute           source C:/Xilinx/2025.1/Vitis/tps/tcl/tcllib2.0/oauth/pkgIndex.tcl 
Execute           source C:/Xilinx/2025.1/Vitis/tps/tcl/tcllib2.0/oodialect/pkgIndex.tcl 
Execute           source C:/Xilinx/2025.1/Vitis/tps/tcl/tcllib2.0/oometa/pkgIndex.tcl 
Execute           source C:/Xilinx/2025.1/Vitis/tps/tcl/tcllib2.0/ooutil/pkgIndex.tcl 
Execute           source C:/Xilinx/2025.1/Vitis/tps/tcl/tcllib2.0/otp/pkgIndex.tcl 
Execute           source C:/Xilinx/2025.1/Vitis/tps/tcl/tcllib2.0/page/pkgIndex.tcl 
Execute           source C:/Xilinx/2025.1/Vitis/tps/tcl/tcllib2.0/pluginmgr/pkgIndex.tcl 
Execute           source C:/Xilinx/2025.1/Vitis/tps/tcl/tcllib2.0/png/pkgIndex.tcl 
Execute           source C:/Xilinx/2025.1/Vitis/tps/tcl/tcllib2.0/pop3/pkgIndex.tcl 
Execute           source C:/Xilinx/2025.1/Vitis/tps/tcl/tcllib2.0/pop3d/pkgIndex.tcl 
Execute           source C:/Xilinx/2025.1/Vitis/tps/tcl/tcllib2.0/practcl/pkgIndex.tcl 
Execute           source C:/Xilinx/2025.1/Vitis/tps/tcl/tcllib2.0/processman/pkgIndex.tcl 
Execute           source C:/Xilinx/2025.1/Vitis/tps/tcl/tcllib2.0/profiler/pkgIndex.tcl 
Execute           source C:/Xilinx/2025.1/Vitis/tps/tcl/tcllib2.0/pt/pkgIndex.tcl 
Execute           source C:/Xilinx/2025.1/Vitis/tps/tcl/tcllib2.0/rcs/pkgIndex.tcl 
Execute           source C:/Xilinx/2025.1/Vitis/tps/tcl/tcllib2.0/report/pkgIndex.tcl 
Execute           source C:/Xilinx/2025.1/Vitis/tps/tcl/tcllib2.0/rest/pkgIndex.tcl 
Execute           source C:/Xilinx/2025.1/Vitis/tps/tcl/tcllib2.0/ripemd/pkgIndex.tcl 
Execute           source C:/Xilinx/2025.1/Vitis/tps/tcl/tcllib2.0/sasl/pkgIndex.tcl 
Execute           source C:/Xilinx/2025.1/Vitis/tps/tcl/tcllib2.0/sha1/pkgIndex.tcl 
Execute           source C:/Xilinx/2025.1/Vitis/tps/tcl/tcllib2.0/simulation/pkgIndex.tcl 
Execute           source C:/Xilinx/2025.1/Vitis/tps/tcl/tcllib2.0/smtpd/pkgIndex.tcl 
Execute           source C:/Xilinx/2025.1/Vitis/tps/tcl/tcllib2.0/snit/pkgIndex.tcl 
Execute           source C:/Xilinx/2025.1/Vitis/tps/tcl/tcllib2.0/soundex/pkgIndex.tcl 
Execute           source C:/Xilinx/2025.1/Vitis/tps/tcl/tcllib2.0/stooop/pkgIndex.tcl 
Execute           source C:/Xilinx/2025.1/Vitis/tps/tcl/tcllib2.0/string/pkgIndex.tcl 
Execute           source C:/Xilinx/2025.1/Vitis/tps/tcl/tcllib2.0/stringprep/pkgIndex.tcl 
Execute           source C:/Xilinx/2025.1/Vitis/tps/tcl/tcllib2.0/struct/pkgIndex.tcl 
Execute           source C:/Xilinx/2025.1/Vitis/tps/tcl/tcllib2.0/tar/pkgIndex.tcl 
Execute           source C:/Xilinx/2025.1/Vitis/tps/tcl/tcllib2.0/tepam/pkgIndex.tcl 
Execute           source C:/Xilinx/2025.1/Vitis/tps/tcl/tcllib2.0/term/pkgIndex.tcl 
Execute           source C:/Xilinx/2025.1/Vitis/tps/tcl/tcllib2.0/textutil/pkgIndex.tcl 
Execute           source C:/Xilinx/2025.1/Vitis/tps/tcl/tcllib2.0/tie/pkgIndex.tcl 
Execute           source C:/Xilinx/2025.1/Vitis/tps/tcl/tcllib2.0/tiff/pkgIndex.tcl 
Execute           source C:/Xilinx/2025.1/Vitis/tps/tcl/tcllib2.0/tool/pkgIndex.tcl 
Execute           source C:/Xilinx/2025.1/Vitis/tps/tcl/tcllib2.0/transfer/pkgIndex.tcl 
Execute           source C:/Xilinx/2025.1/Vitis/tps/tcl/tcllib2.0/treeql/pkgIndex.tcl 
Execute           source C:/Xilinx/2025.1/Vitis/tps/tcl/tcllib2.0/try/pkgIndex.tcl 
Execute           source C:/Xilinx/2025.1/Vitis/tps/tcl/tcllib2.0/udpcluster/pkgIndex.tcl 
Execute           source C:/Xilinx/2025.1/Vitis/tps/tcl/tcllib2.0/uev/pkgIndex.tcl 
Execute           source C:/Xilinx/2025.1/Vitis/tps/tcl/tcllib2.0/units/pkgIndex.tcl 
Execute           source C:/Xilinx/2025.1/Vitis/tps/tcl/tcllib2.0/uri/pkgIndex.tcl 
Execute           source C:/Xilinx/2025.1/Vitis/tps/tcl/tcllib2.0/uuid/pkgIndex.tcl 
Execute           source C:/Xilinx/2025.1/Vitis/tps/tcl/tcllib2.0/valtype/pkgIndex.tcl 
Execute           source C:/Xilinx/2025.1/Vitis/tps/tcl/tcllib2.0/virtchannel_base/pkgIndex.tcl 
Execute           source C:/Xilinx/2025.1/Vitis/tps/tcl/tcllib2.0/virtchannel_core/pkgIndex.tcl 
Execute           source C:/Xilinx/2025.1/Vitis/tps/tcl/tcllib2.0/virtchannel_transform/pkgIndex.tcl 
Execute           source C:/Xilinx/2025.1/Vitis/tps/tcl/tcllib2.0/websocket/pkgIndex.tcl 
Execute           source C:/Xilinx/2025.1/Vitis/tps/tcl/tcllib2.0/wip/pkgIndex.tcl 
Execute           source C:/Xilinx/2025.1/Vitis/tps/tcl/tcllib2.0/yaml/pkgIndex.tcl 
Execute           source C:/Xilinx/2025.1/Vitis/tps/tcl/tcllib2.0/zip/pkgIndex.tcl 
Command         ap_source done; 0.118 sec.
Execute         source C:/Xilinx/2025.1/Vitis/tps/tcl/tdom/pkgIndex.tcl 
Execute         source C:/Xilinx/2025.1/Vitis/tps/tcl/tcl8.6/opt0.4/pkgIndex.tcl 
Execute         source C:/Xilinx/2025.1/Vitis/tps/tcl/tcl8.6/pkgs/win/thread2.8.7/pkgIndex.tcl 
Command       ap_source done; 0.527 sec.
INFO-FLOW: Workspace C:/Users/ozair/Documents/Code_Drive/Drone/cnn/cnn/hls opened at Wed Jul 02 15:01:14 -0400 2025
Execute       send_msg_by_id INFO @200-1505@%s%s default  vivado 
INFO: [HLS 200-1505] Using default flow_target 'vivado'
Execute       send_msg_by_id INFO @200-2174@%s%s component C:/Users/ozair/Documents/Code_Drive/Drone/hls_files/hls_run.tcl 
INFO: [HLS 200-2174] Applying component config ini file C:/Users/ozair/Documents/Code_Drive/Drone/hls_files/hls_run.tcl
Execute       apply_ini C:/Users/ozair/Documents/Code_Drive/Drone/hls_files/hls_run.tcl 
Execute         send_msg_by_id WARNING @200-1921@%s [hls] entry 'top=cnn_accel' from C:/Users/ozair/Documents/Code_Drive/Drone/hls_files/hls_run.tcl(4) 
WARNING: [HLS 200-1921] Skipping unknown config ini [hls] entry 'top=cnn_accel' from C:/Users/ozair/Documents/Code_Drive/Drone/hls_files/hls_run.tcl(4)
Execute         send_msg_by_id INFO @200-1465@%s 'syn.file=./conv_pool.cpp' from C:/Users/ozair/Documents/Code_Drive/Drone/hls_files/hls_run.tcl(3) 
INFO: [HLS 200-1465] Applying config ini 'syn.file=./conv_pool.cpp' from C:/Users/ozair/Documents/Code_Drive/Drone/hls_files/hls_run.tcl(3)
Execute         add_files C:/Users/ozair/Documents/Code_Drive/Drone/hls_files/conv_pool.cpp 
INFO: [HLS 200-10] Adding design file 'C:/Users/ozair/Documents/Code_Drive/Drone/hls_files/conv_pool.cpp' to the project
Execute         send_msg_by_id INFO @200-1465@%s 'tb.file=./testbench.cpp' from C:/Users/ozair/Documents/Code_Drive/Drone/hls_files/hls_run.tcl(5) 
INFO: [HLS 200-1465] Applying config ini 'tb.file=./testbench.cpp' from C:/Users/ozair/Documents/Code_Drive/Drone/hls_files/hls_run.tcl(5)
Execute         add_files -tb C:/Users/ozair/Documents/Code_Drive/Drone/hls_files/testbench.cpp 
INFO: [HLS 200-10] Adding test bench file 'C:/Users/ozair/Documents/Code_Drive/Drone/hls_files/testbench.cpp' to the project
Execute         send_msg_by_id INFO @200-1465@%s 'flow_target=vivado' from C:/Users/ozair/Documents/Code_Drive/Drone/hls_files/hls_run.tcl(6) 
INFO: [HLS 200-1465] Applying config ini 'flow_target=vivado' from C:/Users/ozair/Documents/Code_Drive/Drone/hls_files/hls_run.tcl(6)
Execute         send_msg_by_id INFO @200-1505@%s%s  vivado 
INFO: [HLS 200-1505] Using flow_target 'vivado'
Execute         send_msg_by_id INFO @200-1465@%s 'part=xc7a100tfgg484-2L' from C:/Users/ozair/Documents/Code_Drive/Drone/hls_files/hls_run.tcl(1) 
INFO: [HLS 200-1465] Applying config ini 'part=xc7a100tfgg484-2L' from C:/Users/ozair/Documents/Code_Drive/Drone/hls_files/hls_run.tcl(1)
Execute         set_part xc7a100tfgg484-2L 
Execute           create_platform xc7a100tfgg484-2L -board  
DBG:HLSDevice: Trying to load device library: C:/Xilinx/2025.1/Vitis\lib\win64.o\xv_hlsvwrap.dll
DBG:HLSDevice: first parts/arch.xml in RDI_DATADIR: C:/Xilinx/2025.1/Vivado/data/parts/arch.xml
DBG:HLSDevice: init success
INFO: [HLS 200-1611] Setting target device to 'xc7a100t-fgg484-2L'
Command           create_platform done; 0.736 sec.
Execute           source C:/Xilinx/2025.1/Vitis/common/technology/xilinx/common/xilinx.gen 
Execute             source C:/Xilinx/2025.1/Vitis/common/technology/xilinx/interface/plb46.gen 
Execute             source C:/Xilinx/2025.1/Vitis/common/technology/xilinx/interface/axi4.gen 
Execute             source C:/Xilinx/2025.1/Vitis/common/technology/xilinx/interface/nativeAXI4.gen 
Execute               source C:/Xilinx/2025.1/Vitis/common/technology/xilinx/interface/saxilite.gen 
Execute             source C:/Xilinx/2025.1/Vitis/common/technology/xilinx/scripts/xilinxcoregen.gen 
Execute             source C:/Xilinx/2025.1/Vitis/common/technology/xilinx/interface/XilEDKCoreGen.gen 
Execute             source C:/Xilinx/2025.1/Vitis/common/technology/xilinx/ip/dds_compiler.gen 
Execute             source C:/Xilinx/2025.1/Vitis/common/technology/xilinx/ip/util.gen 
Execute             source C:/Xilinx/2025.1/Vitis/common/technology/xilinx/ip/xfft.gen 
Execute             source C:/Xilinx/2025.1/Vitis/common/technology/xilinx/ip/xfir.gen 
Execute             source C:/Xilinx/2025.1/Vitis/common/technology/xilinx/DSP48/dsp48.gen 
Command           ap_source done; 0.106 sec.
Execute           ap_part_info -name xc7a100t-fgg484-2L -data info 
Execute           config_compile -quiet -complex-mul-dsp=0 
Command         set_part done; 0.857 sec.
Execute         send_msg_by_id INFO @200-1465@%s 'clock=10ns' from C:/Users/ozair/Documents/Code_Drive/Drone/hls_files/hls_run.tcl(7) 
INFO: [HLS 200-1465] Applying config ini 'clock=10ns' from C:/Users/ozair/Documents/Code_Drive/Drone/hls_files/hls_run.tcl(7)
Execute         create_clock -period 10ns 
Execute           ap_set_clock -name default -period 10 -unit ns -default=false 
INFO: [SYN 201-201] Setting up clock 'default' with a period of 10ns.
Execute         send_msg_by_id INFO @200-1465@%s 'csim.clean=0' from C:/Users/ozair/Documents/Code_Drive/Drone/hls_files/hls_run.tcl(11) 
INFO: [HLS 200-1465] Applying config ini 'csim.clean=0' from C:/Users/ozair/Documents/Code_Drive/Drone/hls_files/hls_run.tcl(11)
Execute         config_csim -clean=0 
Execute         send_msg_by_id INFO @200-1465@%s 'csim.code_analyzer=1' from C:/Users/ozair/Documents/Code_Drive/Drone/hls_files/hls_run.tcl(10) 
INFO: [HLS 200-1465] Applying config ini 'csim.code_analyzer=1' from C:/Users/ozair/Documents/Code_Drive/Drone/hls_files/hls_run.tcl(10)
Execute         config_csim -code_analyzer=1 
Execute         send_msg_by_id INFO @200-1465@%s 'csim.setup=0' from C:/Users/ozair/Documents/Code_Drive/Drone/hls_files/hls_run.tcl(9) 
INFO: [HLS 200-1465] Applying config ini 'csim.setup=0' from C:/Users/ozair/Documents/Code_Drive/Drone/hls_files/hls_run.tcl(9)
Execute         config_csim -setup=0 
Execute         send_msg_by_id INFO @200-1465@%s 'package.output.format=ip_catalog' from C:/Users/ozair/Documents/Code_Drive/Drone/hls_files/hls_run.tcl(8) 
INFO: [HLS 200-1465] Applying config ini 'package.output.format=ip_catalog' from C:/Users/ozair/Documents/Code_Drive/Drone/hls_files/hls_run.tcl(8)
Execute         config_export -format=ip_catalog 
Execute         send_msg_by_id INFO @200-1465@%s 'sim.O=0' from C:/Users/ozair/Documents/Code_Drive/Drone/hls_files/hls_run.tcl(12) 
INFO: [HLS 200-1465] Applying config ini 'sim.O=0' from C:/Users/ozair/Documents/Code_Drive/Drone/hls_files/hls_run.tcl(12)
Execute         config_sim -O=0 
Command       apply_ini done; 0.91 sec.
Execute       write_component -config C:/Users/ozair/Documents/Code_Drive/Drone/hls_files/hls_run.tcl 
Execute         send_msg_by_id INFO @200-2176@%s C:/Users/ozair/Documents/Code_Drive/Drone/cnn/cnn/vitis-comp.json 
INFO: [HLS 200-2176] Writing Vitis IDE component file C:/Users/ozair/Documents/Code_Drive/Drone/cnn/cnn/vitis-comp.json
Command     open_solution done; 1.473 sec.
Command   open_component done; 1.477 sec.
Execute   apply_ini C:/Users/ozair/Documents/Code_Drive/Drone/cnn/cnn/hls/config.cmdline -iscmdline 
Execute   ::AP::init_summary_file csim 
Execute     AP::app_get_file_relativeroot [AP::app_get_root] {}
Execute   csim_design 
INFO-FLOW: Running SLX 'csim' proc: ::SLX::run_csim
INFO-FLOW: ::SLX::run_csim failed: child process exited abnormally
INFO-FLOW: Caught error in csim_design: Problem running csim: child process exited abnormally
    while executing
"error "Problem running $stage: $result""
    (procedure "::AP::hls_slx_hook" line 55)
    invoked from within
"::AP::hls_slx_hook csim $config_value_dict replace_flow"
    (procedure "ap_internal_csim_design" line 96)
    invoked from within
"ap_internal_csim_design "
Command   csim_design done; error code: 2; 2.144 sec.
Execute   close_project 
Execute     close_solution 
Execute       cleanup_all 
Execute       cleanup_all 
Execute       source -notrace -encoding utf-8 C:/Xilinx/2025.1/Vitis/tps/tcl/tcl8.6/clock.tcl 
Execute         source -encoding utf-8 C:/Xilinx/2025.1/Vitis/tps/tcl/tcl8/8.5/msgcat-1.6.1.tm 
Execute           source C:/Xilinx/2025.1/Vitis/tps/tcl/tcllib2.0/0compatibility/pkgIndex.tcl 
Execute           source C:/Xilinx/2025.1/Vitis/tps/tcl/tcllib2.0/amazon-s3/pkgIndex.tcl 
Execute           source C:/Xilinx/2025.1/Vitis/tps/tcl/tcllib2.0/asn/pkgIndex.tcl 
Execute           source C:/Xilinx/2025.1/Vitis/tps/tcl/tcllib2.0/base32/pkgIndex.tcl 
Execute           source C:/Xilinx/2025.1/Vitis/tps/tcl/tcllib2.0/base64/pkgIndex.tcl 
Execute           source C:/Xilinx/2025.1/Vitis/tps/tcl/tcllib2.0/bee/pkgIndex.tcl 
Execute           source C:/Xilinx/2025.1/Vitis/tps/tcl/tcllib2.0/bench/pkgIndex.tcl 
Execute           source C:/Xilinx/2025.1/Vitis/tps/tcl/tcllib2.0/bibtex/pkgIndex.tcl 
Execute           source C:/Xilinx/2025.1/Vitis/tps/tcl/tcllib2.0/cache/pkgIndex.tcl 
Execute           source C:/Xilinx/2025.1/Vitis/tps/tcl/tcllib2.0/clay/pkgIndex.tcl 
Execute           source C:/Xilinx/2025.1/Vitis/tps/tcl/tcllib2.0/clock/pkgIndex.tcl 
Execute           source C:/Xilinx/2025.1/Vitis/tps/tcl/tcllib2.0/cmdline/pkgIndex.tcl 
Execute           source C:/Xilinx/2025.1/Vitis/tps/tcl/tcllib2.0/comm/pkgIndex.tcl 
Execute           source C:/Xilinx/2025.1/Vitis/tps/tcl/tcllib2.0/control/pkgIndex.tcl 
Execute           source C:/Xilinx/2025.1/Vitis/tps/tcl/tcllib2.0/coroutine/pkgIndex.tcl 
Execute           source C:/Xilinx/2025.1/Vitis/tps/tcl/tcllib2.0/counter/pkgIndex.tcl 
Execute           source C:/Xilinx/2025.1/Vitis/tps/tcl/tcllib2.0/crc/pkgIndex.tcl 
Execute           source C:/Xilinx/2025.1/Vitis/tps/tcl/tcllib2.0/cron/pkgIndex.tcl 
Execute           source C:/Xilinx/2025.1/Vitis/tps/tcl/tcllib2.0/csv/pkgIndex.tcl 
Execute           source C:/Xilinx/2025.1/Vitis/tps/tcl/tcllib2.0/debug/pkgIndex.tcl 
Execute           source C:/Xilinx/2025.1/Vitis/tps/tcl/tcllib2.0/defer/pkgIndex.tcl 
Execute           source C:/Xilinx/2025.1/Vitis/tps/tcl/tcllib2.0/dicttool/pkgIndex.tcl 
Execute           source C:/Xilinx/2025.1/Vitis/tps/tcl/tcllib2.0/dns/pkgIndex.tcl 
Execute           source C:/Xilinx/2025.1/Vitis/tps/tcl/tcllib2.0/docstrip/pkgIndex.tcl 
Execute           source C:/Xilinx/2025.1/Vitis/tps/tcl/tcllib2.0/doctools/pkgIndex.tcl 
Execute           source C:/Xilinx/2025.1/Vitis/tps/tcl/tcllib2.0/doctools2base/pkgIndex.tcl 
Execute           source C:/Xilinx/2025.1/Vitis/tps/tcl/tcllib2.0/doctools2idx/pkgIndex.tcl 
Execute           source C:/Xilinx/2025.1/Vitis/tps/tcl/tcllib2.0/doctools2toc/pkgIndex.tcl 
Execute           source C:/Xilinx/2025.1/Vitis/tps/tcl/tcllib2.0/dtplite/pkgIndex.tcl 
Execute           source C:/Xilinx/2025.1/Vitis/tps/tcl/tcllib2.0/fileutil/pkgIndex.tcl 
Execute           source C:/Xilinx/2025.1/Vitis/tps/tcl/tcllib2.0/ftp/pkgIndex.tcl 
Execute           source C:/Xilinx/2025.1/Vitis/tps/tcl/tcllib2.0/ftpd/pkgIndex.tcl 
Execute           source C:/Xilinx/2025.1/Vitis/tps/tcl/tcllib2.0/fumagic/pkgIndex.tcl 
Execute           source C:/Xilinx/2025.1/Vitis/tps/tcl/tcllib2.0/generator/pkgIndex.tcl 
Execute           source C:/Xilinx/2025.1/Vitis/tps/tcl/tcllib2.0/gpx/pkgIndex.tcl 
Execute           source C:/Xilinx/2025.1/Vitis/tps/tcl/tcllib2.0/grammar_aycock/pkgIndex.tcl 
Execute           source C:/Xilinx/2025.1/Vitis/tps/tcl/tcllib2.0/grammar_fa/pkgIndex.tcl 
Execute           source C:/Xilinx/2025.1/Vitis/tps/tcl/tcllib2.0/grammar_me/pkgIndex.tcl 
Execute           source C:/Xilinx/2025.1/Vitis/tps/tcl/tcllib2.0/grammar_peg/pkgIndex.tcl 
Execute           source C:/Xilinx/2025.1/Vitis/tps/tcl/tcllib2.0/hook/pkgIndex.tcl 
Execute           source C:/Xilinx/2025.1/Vitis/tps/tcl/tcllib2.0/html/pkgIndex.tcl 
Execute           source C:/Xilinx/2025.1/Vitis/tps/tcl/tcllib2.0/htmlparse/pkgIndex.tcl 
Execute           source C:/Xilinx/2025.1/Vitis/tps/tcl/tcllib2.0/http/pkgIndex.tcl 
Execute           source C:/Xilinx/2025.1/Vitis/tps/tcl/tcllib2.0/httpd/pkgIndex.tcl 
Execute           source C:/Xilinx/2025.1/Vitis/tps/tcl/tcllib2.0/httpwget/pkgIndex.tcl 
Execute           source C:/Xilinx/2025.1/Vitis/tps/tcl/tcllib2.0/ident/pkgIndex.tcl 
Execute           source C:/Xilinx/2025.1/Vitis/tps/tcl/tcllib2.0/imap4/pkgIndex.tcl 
Execute           source C:/Xilinx/2025.1/Vitis/tps/tcl/tcllib2.0/inifile/pkgIndex.tcl 
Execute           source C:/Xilinx/2025.1/Vitis/tps/tcl/tcllib2.0/interp/pkgIndex.tcl 
Execute           source C:/Xilinx/2025.1/Vitis/tps/tcl/tcllib2.0/irc/pkgIndex.tcl 
Execute           source C:/Xilinx/2025.1/Vitis/tps/tcl/tcllib2.0/javascript/pkgIndex.tcl 
Execute           source C:/Xilinx/2025.1/Vitis/tps/tcl/tcllib2.0/jpeg/pkgIndex.tcl 
Execute           source C:/Xilinx/2025.1/Vitis/tps/tcl/tcllib2.0/json/pkgIndex.tcl 
Execute           source C:/Xilinx/2025.1/Vitis/tps/tcl/tcllib2.0/lambda/pkgIndex.tcl 
Execute           source C:/Xilinx/2025.1/Vitis/tps/tcl/tcllib2.0/lazyset/pkgIndex.tcl 
Execute           source C:/Xilinx/2025.1/Vitis/tps/tcl/tcllib2.0/ldap/pkgIndex.tcl 
Execute           source C:/Xilinx/2025.1/Vitis/tps/tcl/tcllib2.0/log/pkgIndex.tcl 
Execute           source C:/Xilinx/2025.1/Vitis/tps/tcl/tcllib2.0/map/pkgIndex.tcl 
Execute           source C:/Xilinx/2025.1/Vitis/tps/tcl/tcllib2.0/mapproj/pkgIndex.tcl 
Execute           source C:/Xilinx/2025.1/Vitis/tps/tcl/tcllib2.0/markdown/pkgIndex.tcl 
Execute           source C:/Xilinx/2025.1/Vitis/tps/tcl/tcllib2.0/math/pkgIndex.tcl 
Execute           source C:/Xilinx/2025.1/Vitis/tps/tcl/tcllib2.0/md4/pkgIndex.tcl 
Execute           source C:/Xilinx/2025.1/Vitis/tps/tcl/tcllib2.0/md5/pkgIndex.tcl 
Execute           source C:/Xilinx/2025.1/Vitis/tps/tcl/tcllib2.0/md5crypt/pkgIndex.tcl 
Execute           source C:/Xilinx/2025.1/Vitis/tps/tcl/tcllib2.0/mime/pkgIndex.tcl 
Execute           source C:/Xilinx/2025.1/Vitis/tps/tcl/tcllib2.0/mkdoc/pkgIndex.tcl 
Execute           source C:/Xilinx/2025.1/Vitis/tps/tcl/tcllib2.0/multiplexer/pkgIndex.tcl 
Execute           source C:/Xilinx/2025.1/Vitis/tps/tcl/tcllib2.0/namespacex/pkgIndex.tcl 
Execute           source C:/Xilinx/2025.1/Vitis/tps/tcl/tcllib2.0/ncgi/pkgIndex.tcl 
Execute           source C:/Xilinx/2025.1/Vitis/tps/tcl/tcllib2.0/nettool/pkgIndex.tcl 
Execute           source C:/Xilinx/2025.1/Vitis/tps/tcl/tcllib2.0/nmea/pkgIndex.tcl 
Execute           source C:/Xilinx/2025.1/Vitis/tps/tcl/tcllib2.0/nns/pkgIndex.tcl 
Execute           source C:/Xilinx/2025.1/Vitis/tps/tcl/tcllib2.0/nntp/pkgIndex.tcl 
Execute           source C:/Xilinx/2025.1/Vitis/tps/tcl/tcllib2.0/ntp/pkgIndex.tcl 
Execute           source C:/Xilinx/2025.1/Vitis/tps/tcl/tcllib2.0/oauth/pkgIndex.tcl 
Execute           source C:/Xilinx/2025.1/Vitis/tps/tcl/tcllib2.0/oodialect/pkgIndex.tcl 
Execute           source C:/Xilinx/2025.1/Vitis/tps/tcl/tcllib2.0/oometa/pkgIndex.tcl 
Execute           source C:/Xilinx/2025.1/Vitis/tps/tcl/tcllib2.0/ooutil/pkgIndex.tcl 
Execute           source C:/Xilinx/2025.1/Vitis/tps/tcl/tcllib2.0/otp/pkgIndex.tcl 
Execute           source C:/Xilinx/2025.1/Vitis/tps/tcl/tcllib2.0/page/pkgIndex.tcl 
Execute           source C:/Xilinx/2025.1/Vitis/tps/tcl/tcllib2.0/pluginmgr/pkgIndex.tcl 
Execute           source C:/Xilinx/2025.1/Vitis/tps/tcl/tcllib2.0/png/pkgIndex.tcl 
Execute           source C:/Xilinx/2025.1/Vitis/tps/tcl/tcllib2.0/pop3/pkgIndex.tcl 
Execute           source C:/Xilinx/2025.1/Vitis/tps/tcl/tcllib2.0/pop3d/pkgIndex.tcl 
Execute           source C:/Xilinx/2025.1/Vitis/tps/tcl/tcllib2.0/practcl/pkgIndex.tcl 
Execute           source C:/Xilinx/2025.1/Vitis/tps/tcl/tcllib2.0/processman/pkgIndex.tcl 
Execute           source C:/Xilinx/2025.1/Vitis/tps/tcl/tcllib2.0/profiler/pkgIndex.tcl 
Execute           source C:/Xilinx/2025.1/Vitis/tps/tcl/tcllib2.0/pt/pkgIndex.tcl 
Execute           source C:/Xilinx/2025.1/Vitis/tps/tcl/tcllib2.0/rcs/pkgIndex.tcl 
Execute           source C:/Xilinx/2025.1/Vitis/tps/tcl/tcllib2.0/report/pkgIndex.tcl 
Execute           source C:/Xilinx/2025.1/Vitis/tps/tcl/tcllib2.0/rest/pkgIndex.tcl 
Execute           source C:/Xilinx/2025.1/Vitis/tps/tcl/tcllib2.0/ripemd/pkgIndex.tcl 
Execute           source C:/Xilinx/2025.1/Vitis/tps/tcl/tcllib2.0/sasl/pkgIndex.tcl 
Execute           source C:/Xilinx/2025.1/Vitis/tps/tcl/tcllib2.0/sha1/pkgIndex.tcl 
Execute           source C:/Xilinx/2025.1/Vitis/tps/tcl/tcllib2.0/simulation/pkgIndex.tcl 
Execute           source C:/Xilinx/2025.1/Vitis/tps/tcl/tcllib2.0/smtpd/pkgIndex.tcl 
Execute           source C:/Xilinx/2025.1/Vitis/tps/tcl/tcllib2.0/snit/pkgIndex.tcl 
Execute           source C:/Xilinx/2025.1/Vitis/tps/tcl/tcllib2.0/soundex/pkgIndex.tcl 
Execute           source C:/Xilinx/2025.1/Vitis/tps/tcl/tcllib2.0/stooop/pkgIndex.tcl 
Execute           source C:/Xilinx/2025.1/Vitis/tps/tcl/tcllib2.0/string/pkgIndex.tcl 
Execute           source C:/Xilinx/2025.1/Vitis/tps/tcl/tcllib2.0/stringprep/pkgIndex.tcl 
Execute           source C:/Xilinx/2025.1/Vitis/tps/tcl/tcllib2.0/struct/pkgIndex.tcl 
Execute           source C:/Xilinx/2025.1/Vitis/tps/tcl/tcllib2.0/tar/pkgIndex.tcl 
Execute           source C:/Xilinx/2025.1/Vitis/tps/tcl/tcllib2.0/tepam/pkgIndex.tcl 
Execute           source C:/Xilinx/2025.1/Vitis/tps/tcl/tcllib2.0/term/pkgIndex.tcl 
Execute           source C:/Xilinx/2025.1/Vitis/tps/tcl/tcllib2.0/textutil/pkgIndex.tcl 
Execute           source C:/Xilinx/2025.1/Vitis/tps/tcl/tcllib2.0/tie/pkgIndex.tcl 
Execute           source C:/Xilinx/2025.1/Vitis/tps/tcl/tcllib2.0/tiff/pkgIndex.tcl 
Execute           source C:/Xilinx/2025.1/Vitis/tps/tcl/tcllib2.0/tool/pkgIndex.tcl 
Execute           source C:/Xilinx/2025.1/Vitis/tps/tcl/tcllib2.0/transfer/pkgIndex.tcl 
Execute           source C:/Xilinx/2025.1/Vitis/tps/tcl/tcllib2.0/treeql/pkgIndex.tcl 
Execute           source C:/Xilinx/2025.1/Vitis/tps/tcl/tcllib2.0/try/pkgIndex.tcl 
Execute           source C:/Xilinx/2025.1/Vitis/tps/tcl/tcllib2.0/udpcluster/pkgIndex.tcl 
Execute           source C:/Xilinx/2025.1/Vitis/tps/tcl/tcllib2.0/uev/pkgIndex.tcl 
Execute           source C:/Xilinx/2025.1/Vitis/tps/tcl/tcllib2.0/units/pkgIndex.tcl 
Execute           source C:/Xilinx/2025.1/Vitis/tps/tcl/tcllib2.0/uri/pkgIndex.tcl 
Execute           source C:/Xilinx/2025.1/Vitis/tps/tcl/tcllib2.0/uuid/pkgIndex.tcl 
Execute           source C:/Xilinx/2025.1/Vitis/tps/tcl/tcllib2.0/valtype/pkgIndex.tcl 
Execute           source C:/Xilinx/2025.1/Vitis/tps/tcl/tcllib2.0/virtchannel_base/pkgIndex.tcl 
Execute           source C:/Xilinx/2025.1/Vitis/tps/tcl/tcllib2.0/virtchannel_core/pkgIndex.tcl 
Execute           source C:/Xilinx/2025.1/Vitis/tps/tcl/tcllib2.0/virtchannel_transform/pkgIndex.tcl 
Execute           source C:/Xilinx/2025.1/Vitis/tps/tcl/tcllib2.0/websocket/pkgIndex.tcl 
Execute           source C:/Xilinx/2025.1/Vitis/tps/tcl/tcllib2.0/wip/pkgIndex.tcl 
Execute           source C:/Xilinx/2025.1/Vitis/tps/tcl/tcllib2.0/yaml/pkgIndex.tcl 
Execute           source C:/Xilinx/2025.1/Vitis/tps/tcl/tcllib2.0/zip/pkgIndex.tcl 
Execute           source C:/Xilinx/2025.1/Vitis/tps/tcl/tcllib2.0/pkgIndex.tcl 
Execute             source C:/Xilinx/2025.1/Vitis/tps/tcl/tcllib2.0/0compatibility/pkgIndex.tcl 
Execute             source C:/Xilinx/2025.1/Vitis/tps/tcl/tcllib2.0/amazon-s3/pkgIndex.tcl 
Execute             source C:/Xilinx/2025.1/Vitis/tps/tcl/tcllib2.0/asn/pkgIndex.tcl 
Execute             source C:/Xilinx/2025.1/Vitis/tps/tcl/tcllib2.0/base32/pkgIndex.tcl 
Execute             source C:/Xilinx/2025.1/Vitis/tps/tcl/tcllib2.0/base64/pkgIndex.tcl 
Execute             source C:/Xilinx/2025.1/Vitis/tps/tcl/tcllib2.0/bee/pkgIndex.tcl 
Execute             source C:/Xilinx/2025.1/Vitis/tps/tcl/tcllib2.0/bench/pkgIndex.tcl 
Execute             source C:/Xilinx/2025.1/Vitis/tps/tcl/tcllib2.0/bibtex/pkgIndex.tcl 
Execute             source C:/Xilinx/2025.1/Vitis/tps/tcl/tcllib2.0/cache/pkgIndex.tcl 
Execute             source C:/Xilinx/2025.1/Vitis/tps/tcl/tcllib2.0/clay/pkgIndex.tcl 
Execute             source C:/Xilinx/2025.1/Vitis/tps/tcl/tcllib2.0/clock/pkgIndex.tcl 
Execute             source C:/Xilinx/2025.1/Vitis/tps/tcl/tcllib2.0/cmdline/pkgIndex.tcl 
Execute             source C:/Xilinx/2025.1/Vitis/tps/tcl/tcllib2.0/comm/pkgIndex.tcl 
Execute             source C:/Xilinx/2025.1/Vitis/tps/tcl/tcllib2.0/control/pkgIndex.tcl 
Execute             source C:/Xilinx/2025.1/Vitis/tps/tcl/tcllib2.0/coroutine/pkgIndex.tcl 
Execute             source C:/Xilinx/2025.1/Vitis/tps/tcl/tcllib2.0/counter/pkgIndex.tcl 
Execute             source C:/Xilinx/2025.1/Vitis/tps/tcl/tcllib2.0/crc/pkgIndex.tcl 
Execute             source C:/Xilinx/2025.1/Vitis/tps/tcl/tcllib2.0/cron/pkgIndex.tcl 
Execute             source C:/Xilinx/2025.1/Vitis/tps/tcl/tcllib2.0/csv/pkgIndex.tcl 
Execute             source C:/Xilinx/2025.1/Vitis/tps/tcl/tcllib2.0/debug/pkgIndex.tcl 
Execute             source C:/Xilinx/2025.1/Vitis/tps/tcl/tcllib2.0/defer/pkgIndex.tcl 
Execute             source C:/Xilinx/2025.1/Vitis/tps/tcl/tcllib2.0/dicttool/pkgIndex.tcl 
Execute             source C:/Xilinx/2025.1/Vitis/tps/tcl/tcllib2.0/dns/pkgIndex.tcl 
Execute             source C:/Xilinx/2025.1/Vitis/tps/tcl/tcllib2.0/docstrip/pkgIndex.tcl 
Execute             source C:/Xilinx/2025.1/Vitis/tps/tcl/tcllib2.0/doctools/pkgIndex.tcl 
Execute             source C:/Xilinx/2025.1/Vitis/tps/tcl/tcllib2.0/doctools2base/pkgIndex.tcl 
Execute             source C:/Xilinx/2025.1/Vitis/tps/tcl/tcllib2.0/doctools2idx/pkgIndex.tcl 
Execute             source C:/Xilinx/2025.1/Vitis/tps/tcl/tcllib2.0/doctools2toc/pkgIndex.tcl 
Execute             source C:/Xilinx/2025.1/Vitis/tps/tcl/tcllib2.0/dtplite/pkgIndex.tcl 
Execute             source C:/Xilinx/2025.1/Vitis/tps/tcl/tcllib2.0/fileutil/pkgIndex.tcl 
Execute             source C:/Xilinx/2025.1/Vitis/tps/tcl/tcllib2.0/ftp/pkgIndex.tcl 
Execute             source C:/Xilinx/2025.1/Vitis/tps/tcl/tcllib2.0/ftpd/pkgIndex.tcl 
Execute             source C:/Xilinx/2025.1/Vitis/tps/tcl/tcllib2.0/fumagic/pkgIndex.tcl 
Execute             source C:/Xilinx/2025.1/Vitis/tps/tcl/tcllib2.0/generator/pkgIndex.tcl 
Execute             source C:/Xilinx/2025.1/Vitis/tps/tcl/tcllib2.0/gpx/pkgIndex.tcl 
Execute             source C:/Xilinx/2025.1/Vitis/tps/tcl/tcllib2.0/grammar_aycock/pkgIndex.tcl 
Execute             source C:/Xilinx/2025.1/Vitis/tps/tcl/tcllib2.0/grammar_fa/pkgIndex.tcl 
Execute             source C:/Xilinx/2025.1/Vitis/tps/tcl/tcllib2.0/grammar_me/pkgIndex.tcl 
Execute             source C:/Xilinx/2025.1/Vitis/tps/tcl/tcllib2.0/grammar_peg/pkgIndex.tcl 
Execute             source C:/Xilinx/2025.1/Vitis/tps/tcl/tcllib2.0/hook/pkgIndex.tcl 
Execute             source C:/Xilinx/2025.1/Vitis/tps/tcl/tcllib2.0/html/pkgIndex.tcl 
Execute             source C:/Xilinx/2025.1/Vitis/tps/tcl/tcllib2.0/htmlparse/pkgIndex.tcl 
Execute             source C:/Xilinx/2025.1/Vitis/tps/tcl/tcllib2.0/http/pkgIndex.tcl 
Execute             source C:/Xilinx/2025.1/Vitis/tps/tcl/tcllib2.0/httpd/pkgIndex.tcl 
Execute             source C:/Xilinx/2025.1/Vitis/tps/tcl/tcllib2.0/httpwget/pkgIndex.tcl 
Execute             source C:/Xilinx/2025.1/Vitis/tps/tcl/tcllib2.0/ident/pkgIndex.tcl 
Execute             source C:/Xilinx/2025.1/Vitis/tps/tcl/tcllib2.0/imap4/pkgIndex.tcl 
Execute             source C:/Xilinx/2025.1/Vitis/tps/tcl/tcllib2.0/inifile/pkgIndex.tcl 
Execute             source C:/Xilinx/2025.1/Vitis/tps/tcl/tcllib2.0/interp/pkgIndex.tcl 
Execute             source C:/Xilinx/2025.1/Vitis/tps/tcl/tcllib2.0/irc/pkgIndex.tcl 
Execute             source C:/Xilinx/2025.1/Vitis/tps/tcl/tcllib2.0/javascript/pkgIndex.tcl 
Execute             source C:/Xilinx/2025.1/Vitis/tps/tcl/tcllib2.0/jpeg/pkgIndex.tcl 
Execute             source C:/Xilinx/2025.1/Vitis/tps/tcl/tcllib2.0/json/pkgIndex.tcl 
Execute             source C:/Xilinx/2025.1/Vitis/tps/tcl/tcllib2.0/lambda/pkgIndex.tcl 
Execute             source C:/Xilinx/2025.1/Vitis/tps/tcl/tcllib2.0/lazyset/pkgIndex.tcl 
Execute             source C:/Xilinx/2025.1/Vitis/tps/tcl/tcllib2.0/ldap/pkgIndex.tcl 
Execute             source C:/Xilinx/2025.1/Vitis/tps/tcl/tcllib2.0/log/pkgIndex.tcl 
Execute             source C:/Xilinx/2025.1/Vitis/tps/tcl/tcllib2.0/map/pkgIndex.tcl 
Execute             source C:/Xilinx/2025.1/Vitis/tps/tcl/tcllib2.0/mapproj/pkgIndex.tcl 
Execute             source C:/Xilinx/2025.1/Vitis/tps/tcl/tcllib2.0/markdown/pkgIndex.tcl 
Execute             source C:/Xilinx/2025.1/Vitis/tps/tcl/tcllib2.0/math/pkgIndex.tcl 
Execute             source C:/Xilinx/2025.1/Vitis/tps/tcl/tcllib2.0/md4/pkgIndex.tcl 
Execute             source C:/Xilinx/2025.1/Vitis/tps/tcl/tcllib2.0/md5/pkgIndex.tcl 
Execute             source C:/Xilinx/2025.1/Vitis/tps/tcl/tcllib2.0/md5crypt/pkgIndex.tcl 
Execute             source C:/Xilinx/2025.1/Vitis/tps/tcl/tcllib2.0/mime/pkgIndex.tcl 
Execute             source C:/Xilinx/2025.1/Vitis/tps/tcl/tcllib2.0/mkdoc/pkgIndex.tcl 
Execute             source C:/Xilinx/2025.1/Vitis/tps/tcl/tcllib2.0/multiplexer/pkgIndex.tcl 
Execute             source C:/Xilinx/2025.1/Vitis/tps/tcl/tcllib2.0/namespacex/pkgIndex.tcl 
Execute             source C:/Xilinx/2025.1/Vitis/tps/tcl/tcllib2.0/ncgi/pkgIndex.tcl 
Execute             source C:/Xilinx/2025.1/Vitis/tps/tcl/tcllib2.0/nettool/pkgIndex.tcl 
Execute             source C:/Xilinx/2025.1/Vitis/tps/tcl/tcllib2.0/nmea/pkgIndex.tcl 
Execute             source C:/Xilinx/2025.1/Vitis/tps/tcl/tcllib2.0/nns/pkgIndex.tcl 
Execute             source C:/Xilinx/2025.1/Vitis/tps/tcl/tcllib2.0/nntp/pkgIndex.tcl 
Execute             source C:/Xilinx/2025.1/Vitis/tps/tcl/tcllib2.0/ntp/pkgIndex.tcl 
Execute             source C:/Xilinx/2025.1/Vitis/tps/tcl/tcllib2.0/oauth/pkgIndex.tcl 
Execute             source C:/Xilinx/2025.1/Vitis/tps/tcl/tcllib2.0/oodialect/pkgIndex.tcl 
Execute             source C:/Xilinx/2025.1/Vitis/tps/tcl/tcllib2.0/oometa/pkgIndex.tcl 
Execute             source C:/Xilinx/2025.1/Vitis/tps/tcl/tcllib2.0/ooutil/pkgIndex.tcl 
Execute             source C:/Xilinx/2025.1/Vitis/tps/tcl/tcllib2.0/otp/pkgIndex.tcl 
Execute             source C:/Xilinx/2025.1/Vitis/tps/tcl/tcllib2.0/page/pkgIndex.tcl 
Execute             source C:/Xilinx/2025.1/Vitis/tps/tcl/tcllib2.0/pluginmgr/pkgIndex.tcl 
Execute             source C:/Xilinx/2025.1/Vitis/tps/tcl/tcllib2.0/png/pkgIndex.tcl 
Execute             source C:/Xilinx/2025.1/Vitis/tps/tcl/tcllib2.0/pop3/pkgIndex.tcl 
Execute             source C:/Xilinx/2025.1/Vitis/tps/tcl/tcllib2.0/pop3d/pkgIndex.tcl 
Execute             source C:/Xilinx/2025.1/Vitis/tps/tcl/tcllib2.0/practcl/pkgIndex.tcl 
Execute             source C:/Xilinx/2025.1/Vitis/tps/tcl/tcllib2.0/processman/pkgIndex.tcl 
Execute             source C:/Xilinx/2025.1/Vitis/tps/tcl/tcllib2.0/profiler/pkgIndex.tcl 
Execute             source C:/Xilinx/2025.1/Vitis/tps/tcl/tcllib2.0/pt/pkgIndex.tcl 
Execute             source C:/Xilinx/2025.1/Vitis/tps/tcl/tcllib2.0/rcs/pkgIndex.tcl 
Execute             source C:/Xilinx/2025.1/Vitis/tps/tcl/tcllib2.0/report/pkgIndex.tcl 
Execute             source C:/Xilinx/2025.1/Vitis/tps/tcl/tcllib2.0/rest/pkgIndex.tcl 
Execute             source C:/Xilinx/2025.1/Vitis/tps/tcl/tcllib2.0/ripemd/pkgIndex.tcl 
Execute             source C:/Xilinx/2025.1/Vitis/tps/tcl/tcllib2.0/sasl/pkgIndex.tcl 
Execute             source C:/Xilinx/2025.1/Vitis/tps/tcl/tcllib2.0/sha1/pkgIndex.tcl 
Execute             source C:/Xilinx/2025.1/Vitis/tps/tcl/tcllib2.0/simulation/pkgIndex.tcl 
Execute             source C:/Xilinx/2025.1/Vitis/tps/tcl/tcllib2.0/smtpd/pkgIndex.tcl 
Execute             source C:/Xilinx/2025.1/Vitis/tps/tcl/tcllib2.0/snit/pkgIndex.tcl 
Execute             source C:/Xilinx/2025.1/Vitis/tps/tcl/tcllib2.0/soundex/pkgIndex.tcl 
Execute             source C:/Xilinx/2025.1/Vitis/tps/tcl/tcllib2.0/stooop/pkgIndex.tcl 
Execute             source C:/Xilinx/2025.1/Vitis/tps/tcl/tcllib2.0/string/pkgIndex.tcl 
Execute             source C:/Xilinx/2025.1/Vitis/tps/tcl/tcllib2.0/stringprep/pkgIndex.tcl 
Execute             source C:/Xilinx/2025.1/Vitis/tps/tcl/tcllib2.0/struct/pkgIndex.tcl 
Execute             source C:/Xilinx/2025.1/Vitis/tps/tcl/tcllib2.0/tar/pkgIndex.tcl 
Execute             source C:/Xilinx/2025.1/Vitis/tps/tcl/tcllib2.0/tepam/pkgIndex.tcl 
Execute             source C:/Xilinx/2025.1/Vitis/tps/tcl/tcllib2.0/term/pkgIndex.tcl 
Execute             source C:/Xilinx/2025.1/Vitis/tps/tcl/tcllib2.0/textutil/pkgIndex.tcl 
Execute             source C:/Xilinx/2025.1/Vitis/tps/tcl/tcllib2.0/tie/pkgIndex.tcl 
Execute             source C:/Xilinx/2025.1/Vitis/tps/tcl/tcllib2.0/tiff/pkgIndex.tcl 
Execute             source C:/Xilinx/2025.1/Vitis/tps/tcl/tcllib2.0/tool/pkgIndex.tcl 
Execute             source C:/Xilinx/2025.1/Vitis/tps/tcl/tcllib2.0/transfer/pkgIndex.tcl 
Execute             source C:/Xilinx/2025.1/Vitis/tps/tcl/tcllib2.0/treeql/pkgIndex.tcl 
Execute             source C:/Xilinx/2025.1/Vitis/tps/tcl/tcllib2.0/try/pkgIndex.tcl 
Execute             source C:/Xilinx/2025.1/Vitis/tps/tcl/tcllib2.0/udpcluster/pkgIndex.tcl 
Execute             source C:/Xilinx/2025.1/Vitis/tps/tcl/tcllib2.0/uev/pkgIndex.tcl 
Execute             source C:/Xilinx/2025.1/Vitis/tps/tcl/tcllib2.0/units/pkgIndex.tcl 
Execute             source C:/Xilinx/2025.1/Vitis/tps/tcl/tcllib2.0/uri/pkgIndex.tcl 
Execute             source C:/Xilinx/2025.1/Vitis/tps/tcl/tcllib2.0/uuid/pkgIndex.tcl 
Execute             source C:/Xilinx/2025.1/Vitis/tps/tcl/tcllib2.0/valtype/pkgIndex.tcl 
Execute             source C:/Xilinx/2025.1/Vitis/tps/tcl/tcllib2.0/virtchannel_base/pkgIndex.tcl 
Execute             source C:/Xilinx/2025.1/Vitis/tps/tcl/tcllib2.0/virtchannel_core/pkgIndex.tcl 
Execute             source C:/Xilinx/2025.1/Vitis/tps/tcl/tcllib2.0/virtchannel_transform/pkgIndex.tcl 
Execute             source C:/Xilinx/2025.1/Vitis/tps/tcl/tcllib2.0/websocket/pkgIndex.tcl 
Execute             source C:/Xilinx/2025.1/Vitis/tps/tcl/tcllib2.0/wip/pkgIndex.tcl 
Execute             source C:/Xilinx/2025.1/Vitis/tps/tcl/tcllib2.0/yaml/pkgIndex.tcl 
Execute             source C:/Xilinx/2025.1/Vitis/tps/tcl/tcllib2.0/zip/pkgIndex.tcl 
Command           ap_source done; 0.114 sec.
Execute           source C:/Xilinx/2025.1/Vitis/tps/tcl/tdom/pkgIndex.tcl 
Execute           source C:/Xilinx/2025.1/Vitis/tps/tcl/tcl8.6/opt0.4/pkgIndex.tcl 
Execute           source C:/Xilinx/2025.1/Vitis/tps/tcl/tcl8.6/pkgs/win/thread2.8.7/pkgIndex.tcl 
Command         ap_source done; 0.253 sec.
Execute         source C:/Xilinx/2025.1/Vitis/tps/tcl/tcllib2.0/0compatibility/pkgIndex.tcl 
Execute         source C:/Xilinx/2025.1/Vitis/tps/tcl/tcllib2.0/amazon-s3/pkgIndex.tcl 
Execute         source C:/Xilinx/2025.1/Vitis/tps/tcl/tcllib2.0/asn/pkgIndex.tcl 
Execute         source C:/Xilinx/2025.1/Vitis/tps/tcl/tcllib2.0/base32/pkgIndex.tcl 
Execute         source C:/Xilinx/2025.1/Vitis/tps/tcl/tcllib2.0/base64/pkgIndex.tcl 
Execute         source C:/Xilinx/2025.1/Vitis/tps/tcl/tcllib2.0/bee/pkgIndex.tcl 
Execute         source C:/Xilinx/2025.1/Vitis/tps/tcl/tcllib2.0/bench/pkgIndex.tcl 
Execute         source C:/Xilinx/2025.1/Vitis/tps/tcl/tcllib2.0/bibtex/pkgIndex.tcl 
Execute         source C:/Xilinx/2025.1/Vitis/tps/tcl/tcllib2.0/cache/pkgIndex.tcl 
Execute         source C:/Xilinx/2025.1/Vitis/tps/tcl/tcllib2.0/clay/pkgIndex.tcl 
Execute         source C:/Xilinx/2025.1/Vitis/tps/tcl/tcllib2.0/clock/pkgIndex.tcl 
Execute         source C:/Xilinx/2025.1/Vitis/tps/tcl/tcllib2.0/cmdline/pkgIndex.tcl 
Execute         source C:/Xilinx/2025.1/Vitis/tps/tcl/tcllib2.0/comm/pkgIndex.tcl 
Execute         source C:/Xilinx/2025.1/Vitis/tps/tcl/tcllib2.0/control/pkgIndex.tcl 
Execute         source C:/Xilinx/2025.1/Vitis/tps/tcl/tcllib2.0/coroutine/pkgIndex.tcl 
Execute         source C:/Xilinx/2025.1/Vitis/tps/tcl/tcllib2.0/counter/pkgIndex.tcl 
Execute         source C:/Xilinx/2025.1/Vitis/tps/tcl/tcllib2.0/crc/pkgIndex.tcl 
Execute         source C:/Xilinx/2025.1/Vitis/tps/tcl/tcllib2.0/cron/pkgIndex.tcl 
Execute         source C:/Xilinx/2025.1/Vitis/tps/tcl/tcllib2.0/csv/pkgIndex.tcl 
Execute         source C:/Xilinx/2025.1/Vitis/tps/tcl/tcllib2.0/debug/pkgIndex.tcl 
Execute         source C:/Xilinx/2025.1/Vitis/tps/tcl/tcllib2.0/defer/pkgIndex.tcl 
Execute         source C:/Xilinx/2025.1/Vitis/tps/tcl/tcllib2.0/dicttool/pkgIndex.tcl 
Execute         source C:/Xilinx/2025.1/Vitis/tps/tcl/tcllib2.0/dns/pkgIndex.tcl 
Execute         source C:/Xilinx/2025.1/Vitis/tps/tcl/tcllib2.0/docstrip/pkgIndex.tcl 
Execute         source C:/Xilinx/2025.1/Vitis/tps/tcl/tcllib2.0/doctools/pkgIndex.tcl 
Execute         source C:/Xilinx/2025.1/Vitis/tps/tcl/tcllib2.0/doctools2base/pkgIndex.tcl 
Execute         source C:/Xilinx/2025.1/Vitis/tps/tcl/tcllib2.0/doctools2idx/pkgIndex.tcl 
Execute         source C:/Xilinx/2025.1/Vitis/tps/tcl/tcllib2.0/doctools2toc/pkgIndex.tcl 
Execute         source C:/Xilinx/2025.1/Vitis/tps/tcl/tcllib2.0/dtplite/pkgIndex.tcl 
Execute         source C:/Xilinx/2025.1/Vitis/tps/tcl/tcllib2.0/fileutil/pkgIndex.tcl 
Execute         source C:/Xilinx/2025.1/Vitis/tps/tcl/tcllib2.0/ftp/pkgIndex.tcl 
Execute         source C:/Xilinx/2025.1/Vitis/tps/tcl/tcllib2.0/ftpd/pkgIndex.tcl 
Execute         source C:/Xilinx/2025.1/Vitis/tps/tcl/tcllib2.0/fumagic/pkgIndex.tcl 
Execute         source C:/Xilinx/2025.1/Vitis/tps/tcl/tcllib2.0/generator/pkgIndex.tcl 
Execute         source C:/Xilinx/2025.1/Vitis/tps/tcl/tcllib2.0/gpx/pkgIndex.tcl 
Execute         source C:/Xilinx/2025.1/Vitis/tps/tcl/tcllib2.0/grammar_aycock/pkgIndex.tcl 
Execute         source C:/Xilinx/2025.1/Vitis/tps/tcl/tcllib2.0/grammar_fa/pkgIndex.tcl 
Execute         source C:/Xilinx/2025.1/Vitis/tps/tcl/tcllib2.0/grammar_me/pkgIndex.tcl 
Execute         source C:/Xilinx/2025.1/Vitis/tps/tcl/tcllib2.0/grammar_peg/pkgIndex.tcl 
Execute         source C:/Xilinx/2025.1/Vitis/tps/tcl/tcllib2.0/hook/pkgIndex.tcl 
Execute         source C:/Xilinx/2025.1/Vitis/tps/tcl/tcllib2.0/html/pkgIndex.tcl 
Execute         source C:/Xilinx/2025.1/Vitis/tps/tcl/tcllib2.0/htmlparse/pkgIndex.tcl 
Execute         source C:/Xilinx/2025.1/Vitis/tps/tcl/tcllib2.0/http/pkgIndex.tcl 
Execute         source C:/Xilinx/2025.1/Vitis/tps/tcl/tcllib2.0/httpd/pkgIndex.tcl 
Execute         source C:/Xilinx/2025.1/Vitis/tps/tcl/tcllib2.0/httpwget/pkgIndex.tcl 
Execute         source C:/Xilinx/2025.1/Vitis/tps/tcl/tcllib2.0/ident/pkgIndex.tcl 
Execute         source C:/Xilinx/2025.1/Vitis/tps/tcl/tcllib2.0/imap4/pkgIndex.tcl 
Execute         source C:/Xilinx/2025.1/Vitis/tps/tcl/tcllib2.0/inifile/pkgIndex.tcl 
Execute         source C:/Xilinx/2025.1/Vitis/tps/tcl/tcllib2.0/interp/pkgIndex.tcl 
Execute         source C:/Xilinx/2025.1/Vitis/tps/tcl/tcllib2.0/irc/pkgIndex.tcl 
Execute         source C:/Xilinx/2025.1/Vitis/tps/tcl/tcllib2.0/javascript/pkgIndex.tcl 
Execute         source C:/Xilinx/2025.1/Vitis/tps/tcl/tcllib2.0/jpeg/pkgIndex.tcl 
Execute         source C:/Xilinx/2025.1/Vitis/tps/tcl/tcllib2.0/json/pkgIndex.tcl 
Execute         source C:/Xilinx/2025.1/Vitis/tps/tcl/tcllib2.0/lambda/pkgIndex.tcl 
Execute         source C:/Xilinx/2025.1/Vitis/tps/tcl/tcllib2.0/lazyset/pkgIndex.tcl 
Execute         source C:/Xilinx/2025.1/Vitis/tps/tcl/tcllib2.0/ldap/pkgIndex.tcl 
Execute         source C:/Xilinx/2025.1/Vitis/tps/tcl/tcllib2.0/log/pkgIndex.tcl 
Execute         source C:/Xilinx/2025.1/Vitis/tps/tcl/tcllib2.0/map/pkgIndex.tcl 
Execute         source C:/Xilinx/2025.1/Vitis/tps/tcl/tcllib2.0/mapproj/pkgIndex.tcl 
Execute         source C:/Xilinx/2025.1/Vitis/tps/tcl/tcllib2.0/markdown/pkgIndex.tcl 
Execute         source C:/Xilinx/2025.1/Vitis/tps/tcl/tcllib2.0/math/pkgIndex.tcl 
Execute         source C:/Xilinx/2025.1/Vitis/tps/tcl/tcllib2.0/md4/pkgIndex.tcl 
Execute         source C:/Xilinx/2025.1/Vitis/tps/tcl/tcllib2.0/md5/pkgIndex.tcl 
Execute         source C:/Xilinx/2025.1/Vitis/tps/tcl/tcllib2.0/md5crypt/pkgIndex.tcl 
Execute         source C:/Xilinx/2025.1/Vitis/tps/tcl/tcllib2.0/mime/pkgIndex.tcl 
Execute         source C:/Xilinx/2025.1/Vitis/tps/tcl/tcllib2.0/mkdoc/pkgIndex.tcl 
Execute         source C:/Xilinx/2025.1/Vitis/tps/tcl/tcllib2.0/multiplexer/pkgIndex.tcl 
Execute         source C:/Xilinx/2025.1/Vitis/tps/tcl/tcllib2.0/namespacex/pkgIndex.tcl 
Execute         source C:/Xilinx/2025.1/Vitis/tps/tcl/tcllib2.0/ncgi/pkgIndex.tcl 
Execute         source C:/Xilinx/2025.1/Vitis/tps/tcl/tcllib2.0/nettool/pkgIndex.tcl 
Execute         source C:/Xilinx/2025.1/Vitis/tps/tcl/tcllib2.0/nmea/pkgIndex.tcl 
Execute         source C:/Xilinx/2025.1/Vitis/tps/tcl/tcllib2.0/nns/pkgIndex.tcl 
Execute         source C:/Xilinx/2025.1/Vitis/tps/tcl/tcllib2.0/nntp/pkgIndex.tcl 
Execute         source C:/Xilinx/2025.1/Vitis/tps/tcl/tcllib2.0/ntp/pkgIndex.tcl 
Execute         source C:/Xilinx/2025.1/Vitis/tps/tcl/tcllib2.0/oauth/pkgIndex.tcl 
Execute         source C:/Xilinx/2025.1/Vitis/tps/tcl/tcllib2.0/oodialect/pkgIndex.tcl 
Execute         source C:/Xilinx/2025.1/Vitis/tps/tcl/tcllib2.0/oometa/pkgIndex.tcl 
Execute         source C:/Xilinx/2025.1/Vitis/tps/tcl/tcllib2.0/ooutil/pkgIndex.tcl 
Execute         source C:/Xilinx/2025.1/Vitis/tps/tcl/tcllib2.0/otp/pkgIndex.tcl 
Execute         source C:/Xilinx/2025.1/Vitis/tps/tcl/tcllib2.0/page/pkgIndex.tcl 
Execute         source C:/Xilinx/2025.1/Vitis/tps/tcl/tcllib2.0/pluginmgr/pkgIndex.tcl 
Execute         source C:/Xilinx/2025.1/Vitis/tps/tcl/tcllib2.0/png/pkgIndex.tcl 
Execute         source C:/Xilinx/2025.1/Vitis/tps/tcl/tcllib2.0/pop3/pkgIndex.tcl 
Execute         source C:/Xilinx/2025.1/Vitis/tps/tcl/tcllib2.0/pop3d/pkgIndex.tcl 
Execute         source C:/Xilinx/2025.1/Vitis/tps/tcl/tcllib2.0/practcl/pkgIndex.tcl 
Execute         source C:/Xilinx/2025.1/Vitis/tps/tcl/tcllib2.0/processman/pkgIndex.tcl 
Execute         source C:/Xilinx/2025.1/Vitis/tps/tcl/tcllib2.0/profiler/pkgIndex.tcl 
Execute         source C:/Xilinx/2025.1/Vitis/tps/tcl/tcllib2.0/pt/pkgIndex.tcl 
Execute         source C:/Xilinx/2025.1/Vitis/tps/tcl/tcllib2.0/rcs/pkgIndex.tcl 
Execute         source C:/Xilinx/2025.1/Vitis/tps/tcl/tcllib2.0/report/pkgIndex.tcl 
Execute         source C:/Xilinx/2025.1/Vitis/tps/tcl/tcllib2.0/rest/pkgIndex.tcl 
Execute         source C:/Xilinx/2025.1/Vitis/tps/tcl/tcllib2.0/ripemd/pkgIndex.tcl 
Execute         source C:/Xilinx/2025.1/Vitis/tps/tcl/tcllib2.0/sasl/pkgIndex.tcl 
Execute         source C:/Xilinx/2025.1/Vitis/tps/tcl/tcllib2.0/sha1/pkgIndex.tcl 
Execute         source C:/Xilinx/2025.1/Vitis/tps/tcl/tcllib2.0/simulation/pkgIndex.tcl 
Execute         source C:/Xilinx/2025.1/Vitis/tps/tcl/tcllib2.0/smtpd/pkgIndex.tcl 
Execute         source C:/Xilinx/2025.1/Vitis/tps/tcl/tcllib2.0/snit/pkgIndex.tcl 
Execute         source C:/Xilinx/2025.1/Vitis/tps/tcl/tcllib2.0/soundex/pkgIndex.tcl 
Execute         source C:/Xilinx/2025.1/Vitis/tps/tcl/tcllib2.0/stooop/pkgIndex.tcl 
Execute         source C:/Xilinx/2025.1/Vitis/tps/tcl/tcllib2.0/string/pkgIndex.tcl 
Execute         source C:/Xilinx/2025.1/Vitis/tps/tcl/tcllib2.0/stringprep/pkgIndex.tcl 
Execute         source C:/Xilinx/2025.1/Vitis/tps/tcl/tcllib2.0/struct/pkgIndex.tcl 
Execute         source C:/Xilinx/2025.1/Vitis/tps/tcl/tcllib2.0/tar/pkgIndex.tcl 
Execute         source C:/Xilinx/2025.1/Vitis/tps/tcl/tcllib2.0/tepam/pkgIndex.tcl 
Execute         source C:/Xilinx/2025.1/Vitis/tps/tcl/tcllib2.0/term/pkgIndex.tcl 
Execute         source C:/Xilinx/2025.1/Vitis/tps/tcl/tcllib2.0/textutil/pkgIndex.tcl 
Execute         source C:/Xilinx/2025.1/Vitis/tps/tcl/tcllib2.0/tie/pkgIndex.tcl 
Execute         source C:/Xilinx/2025.1/Vitis/tps/tcl/tcllib2.0/tiff/pkgIndex.tcl 
Execute         source C:/Xilinx/2025.1/Vitis/tps/tcl/tcllib2.0/tool/pkgIndex.tcl 
Execute         source C:/Xilinx/2025.1/Vitis/tps/tcl/tcllib2.0/transfer/pkgIndex.tcl 
Execute         source C:/Xilinx/2025.1/Vitis/tps/tcl/tcllib2.0/treeql/pkgIndex.tcl 
Execute         source C:/Xilinx/2025.1/Vitis/tps/tcl/tcllib2.0/try/pkgIndex.tcl 
Execute         source C:/Xilinx/2025.1/Vitis/tps/tcl/tcllib2.0/udpcluster/pkgIndex.tcl 
Execute         source C:/Xilinx/2025.1/Vitis/tps/tcl/tcllib2.0/uev/pkgIndex.tcl 
Execute         source C:/Xilinx/2025.1/Vitis/tps/tcl/tcllib2.0/units/pkgIndex.tcl 
Execute         source C:/Xilinx/2025.1/Vitis/tps/tcl/tcllib2.0/uri/pkgIndex.tcl 
Execute         source C:/Xilinx/2025.1/Vitis/tps/tcl/tcllib2.0/uuid/pkgIndex.tcl 
Execute         source C:/Xilinx/2025.1/Vitis/tps/tcl/tcllib2.0/valtype/pkgIndex.tcl 
Execute         source C:/Xilinx/2025.1/Vitis/tps/tcl/tcllib2.0/virtchannel_base/pkgIndex.tcl 
Execute         source C:/Xilinx/2025.1/Vitis/tps/tcl/tcllib2.0/virtchannel_core/pkgIndex.tcl 
Execute         source C:/Xilinx/2025.1/Vitis/tps/tcl/tcllib2.0/virtchannel_transform/pkgIndex.tcl 
Execute         source C:/Xilinx/2025.1/Vitis/tps/tcl/tcllib2.0/websocket/pkgIndex.tcl 
Execute         source C:/Xilinx/2025.1/Vitis/tps/tcl/tcllib2.0/wip/pkgIndex.tcl 
Execute         source C:/Xilinx/2025.1/Vitis/tps/tcl/tcllib2.0/yaml/pkgIndex.tcl 
Execute         source C:/Xilinx/2025.1/Vitis/tps/tcl/tcllib2.0/zip/pkgIndex.tcl 
Execute         source C:/Xilinx/2025.1/Vitis/tps/tcl/tcllib2.0/pkgIndex.tcl 
Execute           source C:/Xilinx/2025.1/Vitis/tps/tcl/tcllib2.0/0compatibility/pkgIndex.tcl 
Execute           source C:/Xilinx/2025.1/Vitis/tps/tcl/tcllib2.0/amazon-s3/pkgIndex.tcl 
Execute           source C:/Xilinx/2025.1/Vitis/tps/tcl/tcllib2.0/asn/pkgIndex.tcl 
Execute           source C:/Xilinx/2025.1/Vitis/tps/tcl/tcllib2.0/base32/pkgIndex.tcl 
Execute           source C:/Xilinx/2025.1/Vitis/tps/tcl/tcllib2.0/base64/pkgIndex.tcl 
Execute           source C:/Xilinx/2025.1/Vitis/tps/tcl/tcllib2.0/bee/pkgIndex.tcl 
Execute           source C:/Xilinx/2025.1/Vitis/tps/tcl/tcllib2.0/bench/pkgIndex.tcl 
Execute           source C:/Xilinx/2025.1/Vitis/tps/tcl/tcllib2.0/bibtex/pkgIndex.tcl 
Execute           source C:/Xilinx/2025.1/Vitis/tps/tcl/tcllib2.0/cache/pkgIndex.tcl 
Execute           source C:/Xilinx/2025.1/Vitis/tps/tcl/tcllib2.0/clay/pkgIndex.tcl 
Execute           source C:/Xilinx/2025.1/Vitis/tps/tcl/tcllib2.0/clock/pkgIndex.tcl 
Execute           source C:/Xilinx/2025.1/Vitis/tps/tcl/tcllib2.0/cmdline/pkgIndex.tcl 
Execute           source C:/Xilinx/2025.1/Vitis/tps/tcl/tcllib2.0/comm/pkgIndex.tcl 
Execute           source C:/Xilinx/2025.1/Vitis/tps/tcl/tcllib2.0/control/pkgIndex.tcl 
Execute           source C:/Xilinx/2025.1/Vitis/tps/tcl/tcllib2.0/coroutine/pkgIndex.tcl 
Execute           source C:/Xilinx/2025.1/Vitis/tps/tcl/tcllib2.0/counter/pkgIndex.tcl 
Execute           source C:/Xilinx/2025.1/Vitis/tps/tcl/tcllib2.0/crc/pkgIndex.tcl 
Execute           source C:/Xilinx/2025.1/Vitis/tps/tcl/tcllib2.0/cron/pkgIndex.tcl 
Execute           source C:/Xilinx/2025.1/Vitis/tps/tcl/tcllib2.0/csv/pkgIndex.tcl 
Execute           source C:/Xilinx/2025.1/Vitis/tps/tcl/tcllib2.0/debug/pkgIndex.tcl 
Execute           source C:/Xilinx/2025.1/Vitis/tps/tcl/tcllib2.0/defer/pkgIndex.tcl 
Execute           source C:/Xilinx/2025.1/Vitis/tps/tcl/tcllib2.0/dicttool/pkgIndex.tcl 
Execute           source C:/Xilinx/2025.1/Vitis/tps/tcl/tcllib2.0/dns/pkgIndex.tcl 
Execute           source C:/Xilinx/2025.1/Vitis/tps/tcl/tcllib2.0/docstrip/pkgIndex.tcl 
Execute           source C:/Xilinx/2025.1/Vitis/tps/tcl/tcllib2.0/doctools/pkgIndex.tcl 
Execute           source C:/Xilinx/2025.1/Vitis/tps/tcl/tcllib2.0/doctools2base/pkgIndex.tcl 
Execute           source C:/Xilinx/2025.1/Vitis/tps/tcl/tcllib2.0/doctools2idx/pkgIndex.tcl 
Execute           source C:/Xilinx/2025.1/Vitis/tps/tcl/tcllib2.0/doctools2toc/pkgIndex.tcl 
Execute           source C:/Xilinx/2025.1/Vitis/tps/tcl/tcllib2.0/dtplite/pkgIndex.tcl 
Execute           source C:/Xilinx/2025.1/Vitis/tps/tcl/tcllib2.0/fileutil/pkgIndex.tcl 
Execute           source C:/Xilinx/2025.1/Vitis/tps/tcl/tcllib2.0/ftp/pkgIndex.tcl 
Execute           source C:/Xilinx/2025.1/Vitis/tps/tcl/tcllib2.0/ftpd/pkgIndex.tcl 
Execute           source C:/Xilinx/2025.1/Vitis/tps/tcl/tcllib2.0/fumagic/pkgIndex.tcl 
Execute           source C:/Xilinx/2025.1/Vitis/tps/tcl/tcllib2.0/generator/pkgIndex.tcl 
Execute           source C:/Xilinx/2025.1/Vitis/tps/tcl/tcllib2.0/gpx/pkgIndex.tcl 
Execute           source C:/Xilinx/2025.1/Vitis/tps/tcl/tcllib2.0/grammar_aycock/pkgIndex.tcl 
Execute           source C:/Xilinx/2025.1/Vitis/tps/tcl/tcllib2.0/grammar_fa/pkgIndex.tcl 
Execute           source C:/Xilinx/2025.1/Vitis/tps/tcl/tcllib2.0/grammar_me/pkgIndex.tcl 
Execute           source C:/Xilinx/2025.1/Vitis/tps/tcl/tcllib2.0/grammar_peg/pkgIndex.tcl 
Execute           source C:/Xilinx/2025.1/Vitis/tps/tcl/tcllib2.0/hook/pkgIndex.tcl 
Execute           source C:/Xilinx/2025.1/Vitis/tps/tcl/tcllib2.0/html/pkgIndex.tcl 
Execute           source C:/Xilinx/2025.1/Vitis/tps/tcl/tcllib2.0/htmlparse/pkgIndex.tcl 
Execute           source C:/Xilinx/2025.1/Vitis/tps/tcl/tcllib2.0/http/pkgIndex.tcl 
Execute           source C:/Xilinx/2025.1/Vitis/tps/tcl/tcllib2.0/httpd/pkgIndex.tcl 
Execute           source C:/Xilinx/2025.1/Vitis/tps/tcl/tcllib2.0/httpwget/pkgIndex.tcl 
Execute           source C:/Xilinx/2025.1/Vitis/tps/tcl/tcllib2.0/ident/pkgIndex.tcl 
Execute           source C:/Xilinx/2025.1/Vitis/tps/tcl/tcllib2.0/imap4/pkgIndex.tcl 
Execute           source C:/Xilinx/2025.1/Vitis/tps/tcl/tcllib2.0/inifile/pkgIndex.tcl 
Execute           source C:/Xilinx/2025.1/Vitis/tps/tcl/tcllib2.0/interp/pkgIndex.tcl 
Execute           source C:/Xilinx/2025.1/Vitis/tps/tcl/tcllib2.0/irc/pkgIndex.tcl 
Execute           source C:/Xilinx/2025.1/Vitis/tps/tcl/tcllib2.0/javascript/pkgIndex.tcl 
Execute           source C:/Xilinx/2025.1/Vitis/tps/tcl/tcllib2.0/jpeg/pkgIndex.tcl 
Execute           source C:/Xilinx/2025.1/Vitis/tps/tcl/tcllib2.0/json/pkgIndex.tcl 
Execute           source C:/Xilinx/2025.1/Vitis/tps/tcl/tcllib2.0/lambda/pkgIndex.tcl 
Execute           source C:/Xilinx/2025.1/Vitis/tps/tcl/tcllib2.0/lazyset/pkgIndex.tcl 
Execute           source C:/Xilinx/2025.1/Vitis/tps/tcl/tcllib2.0/ldap/pkgIndex.tcl 
Execute           source C:/Xilinx/2025.1/Vitis/tps/tcl/tcllib2.0/log/pkgIndex.tcl 
Execute           source C:/Xilinx/2025.1/Vitis/tps/tcl/tcllib2.0/map/pkgIndex.tcl 
Execute           source C:/Xilinx/2025.1/Vitis/tps/tcl/tcllib2.0/mapproj/pkgIndex.tcl 
Execute           source C:/Xilinx/2025.1/Vitis/tps/tcl/tcllib2.0/markdown/pkgIndex.tcl 
Execute           source C:/Xilinx/2025.1/Vitis/tps/tcl/tcllib2.0/math/pkgIndex.tcl 
Execute           source C:/Xilinx/2025.1/Vitis/tps/tcl/tcllib2.0/md4/pkgIndex.tcl 
Execute           source C:/Xilinx/2025.1/Vitis/tps/tcl/tcllib2.0/md5/pkgIndex.tcl 
Execute           source C:/Xilinx/2025.1/Vitis/tps/tcl/tcllib2.0/md5crypt/pkgIndex.tcl 
Execute           source C:/Xilinx/2025.1/Vitis/tps/tcl/tcllib2.0/mime/pkgIndex.tcl 
Execute           source C:/Xilinx/2025.1/Vitis/tps/tcl/tcllib2.0/mkdoc/pkgIndex.tcl 
Execute           source C:/Xilinx/2025.1/Vitis/tps/tcl/tcllib2.0/multiplexer/pkgIndex.tcl 
Execute           source C:/Xilinx/2025.1/Vitis/tps/tcl/tcllib2.0/namespacex/pkgIndex.tcl 
Execute           source C:/Xilinx/2025.1/Vitis/tps/tcl/tcllib2.0/ncgi/pkgIndex.tcl 
Execute           source C:/Xilinx/2025.1/Vitis/tps/tcl/tcllib2.0/nettool/pkgIndex.tcl 
Execute           source C:/Xilinx/2025.1/Vitis/tps/tcl/tcllib2.0/nmea/pkgIndex.tcl 
Execute           source C:/Xilinx/2025.1/Vitis/tps/tcl/tcllib2.0/nns/pkgIndex.tcl 
Execute           source C:/Xilinx/2025.1/Vitis/tps/tcl/tcllib2.0/nntp/pkgIndex.tcl 
Execute           source C:/Xilinx/2025.1/Vitis/tps/tcl/tcllib2.0/ntp/pkgIndex.tcl 
Execute           source C:/Xilinx/2025.1/Vitis/tps/tcl/tcllib2.0/oauth/pkgIndex.tcl 
Execute           source C:/Xilinx/2025.1/Vitis/tps/tcl/tcllib2.0/oodialect/pkgIndex.tcl 
Execute           source C:/Xilinx/2025.1/Vitis/tps/tcl/tcllib2.0/oometa/pkgIndex.tcl 
Execute           source C:/Xilinx/2025.1/Vitis/tps/tcl/tcllib2.0/ooutil/pkgIndex.tcl 
Execute           source C:/Xilinx/2025.1/Vitis/tps/tcl/tcllib2.0/otp/pkgIndex.tcl 
Execute           source C:/Xilinx/2025.1/Vitis/tps/tcl/tcllib2.0/page/pkgIndex.tcl 
Execute           source C:/Xilinx/2025.1/Vitis/tps/tcl/tcllib2.0/pluginmgr/pkgIndex.tcl 
Execute           source C:/Xilinx/2025.1/Vitis/tps/tcl/tcllib2.0/png/pkgIndex.tcl 
Execute           source C:/Xilinx/2025.1/Vitis/tps/tcl/tcllib2.0/pop3/pkgIndex.tcl 
Execute           source C:/Xilinx/2025.1/Vitis/tps/tcl/tcllib2.0/pop3d/pkgIndex.tcl 
Execute           source C:/Xilinx/2025.1/Vitis/tps/tcl/tcllib2.0/practcl/pkgIndex.tcl 
Execute           source C:/Xilinx/2025.1/Vitis/tps/tcl/tcllib2.0/processman/pkgIndex.tcl 
Execute           source C:/Xilinx/2025.1/Vitis/tps/tcl/tcllib2.0/profiler/pkgIndex.tcl 
Execute           source C:/Xilinx/2025.1/Vitis/tps/tcl/tcllib2.0/pt/pkgIndex.tcl 
Execute           source C:/Xilinx/2025.1/Vitis/tps/tcl/tcllib2.0/rcs/pkgIndex.tcl 
Execute           source C:/Xilinx/2025.1/Vitis/tps/tcl/tcllib2.0/report/pkgIndex.tcl 
Execute           source C:/Xilinx/2025.1/Vitis/tps/tcl/tcllib2.0/rest/pkgIndex.tcl 
Execute           source C:/Xilinx/2025.1/Vitis/tps/tcl/tcllib2.0/ripemd/pkgIndex.tcl 
Execute           source C:/Xilinx/2025.1/Vitis/tps/tcl/tcllib2.0/sasl/pkgIndex.tcl 
Execute           source C:/Xilinx/2025.1/Vitis/tps/tcl/tcllib2.0/sha1/pkgIndex.tcl 
Execute           source C:/Xilinx/2025.1/Vitis/tps/tcl/tcllib2.0/simulation/pkgIndex.tcl 
Execute           source C:/Xilinx/2025.1/Vitis/tps/tcl/tcllib2.0/smtpd/pkgIndex.tcl 
Execute           source C:/Xilinx/2025.1/Vitis/tps/tcl/tcllib2.0/snit/pkgIndex.tcl 
Execute           source C:/Xilinx/2025.1/Vitis/tps/tcl/tcllib2.0/soundex/pkgIndex.tcl 
Execute           source C:/Xilinx/2025.1/Vitis/tps/tcl/tcllib2.0/stooop/pkgIndex.tcl 
Execute           source C:/Xilinx/2025.1/Vitis/tps/tcl/tcllib2.0/string/pkgIndex.tcl 
Execute           source C:/Xilinx/2025.1/Vitis/tps/tcl/tcllib2.0/stringprep/pkgIndex.tcl 
Execute           source C:/Xilinx/2025.1/Vitis/tps/tcl/tcllib2.0/struct/pkgIndex.tcl 
Execute           source C:/Xilinx/2025.1/Vitis/tps/tcl/tcllib2.0/tar/pkgIndex.tcl 
Execute           source C:/Xilinx/2025.1/Vitis/tps/tcl/tcllib2.0/tepam/pkgIndex.tcl 
Execute           source C:/Xilinx/2025.1/Vitis/tps/tcl/tcllib2.0/term/pkgIndex.tcl 
Execute           source C:/Xilinx/2025.1/Vitis/tps/tcl/tcllib2.0/textutil/pkgIndex.tcl 
Execute           source C:/Xilinx/2025.1/Vitis/tps/tcl/tcllib2.0/tie/pkgIndex.tcl 
Execute           source C:/Xilinx/2025.1/Vitis/tps/tcl/tcllib2.0/tiff/pkgIndex.tcl 
Execute           source C:/Xilinx/2025.1/Vitis/tps/tcl/tcllib2.0/tool/pkgIndex.tcl 
Execute           source C:/Xilinx/2025.1/Vitis/tps/tcl/tcllib2.0/transfer/pkgIndex.tcl 
Execute           source C:/Xilinx/2025.1/Vitis/tps/tcl/tcllib2.0/treeql/pkgIndex.tcl 
Execute           source C:/Xilinx/2025.1/Vitis/tps/tcl/tcllib2.0/try/pkgIndex.tcl 
Execute           source C:/Xilinx/2025.1/Vitis/tps/tcl/tcllib2.0/udpcluster/pkgIndex.tcl 
Execute           source C:/Xilinx/2025.1/Vitis/tps/tcl/tcllib2.0/uev/pkgIndex.tcl 
Execute           source C:/Xilinx/2025.1/Vitis/tps/tcl/tcllib2.0/units/pkgIndex.tcl 
Execute           source C:/Xilinx/2025.1/Vitis/tps/tcl/tcllib2.0/uri/pkgIndex.tcl 
Execute           source C:/Xilinx/2025.1/Vitis/tps/tcl/tcllib2.0/uuid/pkgIndex.tcl 
Execute           source C:/Xilinx/2025.1/Vitis/tps/tcl/tcllib2.0/valtype/pkgIndex.tcl 
Execute           source C:/Xilinx/2025.1/Vitis/tps/tcl/tcllib2.0/virtchannel_base/pkgIndex.tcl 
Execute           source C:/Xilinx/2025.1/Vitis/tps/tcl/tcllib2.0/virtchannel_core/pkgIndex.tcl 
Execute           source C:/Xilinx/2025.1/Vitis/tps/tcl/tcllib2.0/virtchannel_transform/pkgIndex.tcl 
Execute           source C:/Xilinx/2025.1/Vitis/tps/tcl/tcllib2.0/websocket/pkgIndex.tcl 
Execute           source C:/Xilinx/2025.1/Vitis/tps/tcl/tcllib2.0/wip/pkgIndex.tcl 
Execute           source C:/Xilinx/2025.1/Vitis/tps/tcl/tcllib2.0/yaml/pkgIndex.tcl 
Execute           source C:/Xilinx/2025.1/Vitis/tps/tcl/tcllib2.0/zip/pkgIndex.tcl 
Command         ap_source done; 0.114 sec.
Execute         source C:/Xilinx/2025.1/Vitis/tps/tcl/tdom/pkgIndex.tcl 
Execute         source C:/Xilinx/2025.1/Vitis/tps/tcl/tcl8.6/opt0.4/pkgIndex.tcl 
Execute         source C:/Xilinx/2025.1/Vitis/tps/tcl/tcl8.6/pkgs/win/thread2.8.7/pkgIndex.tcl 
Command       ap_source done; 0.509 sec.
INFO-FLOW: Workspace C:/Users/ozair/Documents/Code_Drive/Drone/cnn/cnn/hls opened at Wed Jul 02 15:10:08 -0400 2025
Execute       send_msg_by_id INFO @200-1505@%s%s default  vivado 
INFO: [HLS 200-1505] Using default flow_target 'vivado'
Execute       send_msg_by_id INFO @200-2174@%s%s component C:/Users/ozair/Documents/Code_Drive/Drone/hls_files/hls_run.tcl 
INFO: [HLS 200-2174] Applying component config ini file C:/Users/ozair/Documents/Code_Drive/Drone/hls_files/hls_run.tcl
Execute       apply_ini C:/Users/ozair/Documents/Code_Drive/Drone/hls_files/hls_run.tcl 
Execute         send_msg_by_id WARNING @200-1921@%s [hls] entry 'toplevel=cnn_accel' from C:/Users/ozair/Documents/Code_Drive/Drone/hls_files/hls_run.tcl(4) 
WARNING: [HLS 200-1921] Skipping unknown config ini [hls] entry 'toplevel=cnn_accel' from C:/Users/ozair/Documents/Code_Drive/Drone/hls_files/hls_run.tcl(4)
Execute         send_msg_by_id INFO @200-1465@%s 'syn.file=./conv_pool.cpp' from C:/Users/ozair/Documents/Code_Drive/Drone/hls_files/hls_run.tcl(3) 
INFO: [HLS 200-1465] Applying config ini 'syn.file=./conv_pool.cpp' from C:/Users/ozair/Documents/Code_Drive/Drone/hls_files/hls_run.tcl(3)
Execute         add_files C:/Users/ozair/Documents/Code_Drive/Drone/hls_files/conv_pool.cpp 
INFO: [HLS 200-10] Adding design file 'C:/Users/ozair/Documents/Code_Drive/Drone/hls_files/conv_pool.cpp' to the project
Execute         send_msg_by_id INFO @200-1465@%s 'tb.file=./testbench.cpp' from C:/Users/ozair/Documents/Code_Drive/Drone/hls_files/hls_run.tcl(5) 
INFO: [HLS 200-1465] Applying config ini 'tb.file=./testbench.cpp' from C:/Users/ozair/Documents/Code_Drive/Drone/hls_files/hls_run.tcl(5)
Execute         add_files -tb C:/Users/ozair/Documents/Code_Drive/Drone/hls_files/testbench.cpp 
INFO: [HLS 200-10] Adding test bench file 'C:/Users/ozair/Documents/Code_Drive/Drone/hls_files/testbench.cpp' to the project
Execute         send_msg_by_id INFO @200-1465@%s 'flow_target=vivado' from C:/Users/ozair/Documents/Code_Drive/Drone/hls_files/hls_run.tcl(6) 
INFO: [HLS 200-1465] Applying config ini 'flow_target=vivado' from C:/Users/ozair/Documents/Code_Drive/Drone/hls_files/hls_run.tcl(6)
Execute         send_msg_by_id INFO @200-1505@%s%s  vivado 
INFO: [HLS 200-1505] Using flow_target 'vivado'
Execute         send_msg_by_id INFO @200-1465@%s 'part=xc7a100tfgg484-2L' from C:/Users/ozair/Documents/Code_Drive/Drone/hls_files/hls_run.tcl(1) 
INFO: [HLS 200-1465] Applying config ini 'part=xc7a100tfgg484-2L' from C:/Users/ozair/Documents/Code_Drive/Drone/hls_files/hls_run.tcl(1)
Execute         set_part xc7a100tfgg484-2L 
Execute           create_platform xc7a100tfgg484-2L -board  
DBG:HLSDevice: Trying to load device library: C:/Xilinx/2025.1/Vitis\lib\win64.o\xv_hlsvwrap.dll
DBG:HLSDevice: first parts/arch.xml in RDI_DATADIR: C:/Xilinx/2025.1/Vivado/data/parts/arch.xml
DBG:HLSDevice: init success
INFO: [HLS 200-1611] Setting target device to 'xc7a100t-fgg484-2L'
Command           create_platform done; 0.707 sec.
Execute           source C:/Xilinx/2025.1/Vitis/common/technology/xilinx/common/xilinx.gen 
Execute             source C:/Xilinx/2025.1/Vitis/common/technology/xilinx/interface/plb46.gen 
Execute             source C:/Xilinx/2025.1/Vitis/common/technology/xilinx/interface/axi4.gen 
Execute             source C:/Xilinx/2025.1/Vitis/common/technology/xilinx/interface/nativeAXI4.gen 
Execute               source C:/Xilinx/2025.1/Vitis/common/technology/xilinx/interface/saxilite.gen 
Execute             source C:/Xilinx/2025.1/Vitis/common/technology/xilinx/scripts/xilinxcoregen.gen 
Execute             source C:/Xilinx/2025.1/Vitis/common/technology/xilinx/interface/XilEDKCoreGen.gen 
Execute             source C:/Xilinx/2025.1/Vitis/common/technology/xilinx/ip/dds_compiler.gen 
Execute             source C:/Xilinx/2025.1/Vitis/common/technology/xilinx/ip/util.gen 
Execute             source C:/Xilinx/2025.1/Vitis/common/technology/xilinx/ip/xfft.gen 
Execute             source C:/Xilinx/2025.1/Vitis/common/technology/xilinx/ip/xfir.gen 
Execute             source C:/Xilinx/2025.1/Vitis/common/technology/xilinx/DSP48/dsp48.gen 
Command           ap_source done; 0.116 sec.
Execute           ap_part_info -name xc7a100t-fgg484-2L -data info 
Execute           config_compile -quiet -complex-mul-dsp=0 
Command         set_part done; 0.84 sec.
Execute         send_msg_by_id INFO @200-1465@%s 'clock=10ns' from C:/Users/ozair/Documents/Code_Drive/Drone/hls_files/hls_run.tcl(7) 
INFO: [HLS 200-1465] Applying config ini 'clock=10ns' from C:/Users/ozair/Documents/Code_Drive/Drone/hls_files/hls_run.tcl(7)
Execute         create_clock -period 10ns 
Execute           ap_set_clock -name default -period 10 -unit ns -default=false 
INFO: [SYN 201-201] Setting up clock 'default' with a period of 10ns.
Execute         send_msg_by_id INFO @200-1465@%s 'csim.clean=0' from C:/Users/ozair/Documents/Code_Drive/Drone/hls_files/hls_run.tcl(11) 
INFO: [HLS 200-1465] Applying config ini 'csim.clean=0' from C:/Users/ozair/Documents/Code_Drive/Drone/hls_files/hls_run.tcl(11)
Execute         config_csim -clean=0 
Execute         send_msg_by_id INFO @200-1465@%s 'csim.code_analyzer=1' from C:/Users/ozair/Documents/Code_Drive/Drone/hls_files/hls_run.tcl(10) 
INFO: [HLS 200-1465] Applying config ini 'csim.code_analyzer=1' from C:/Users/ozair/Documents/Code_Drive/Drone/hls_files/hls_run.tcl(10)
Execute         config_csim -code_analyzer=1 
Execute         send_msg_by_id INFO @200-1465@%s 'csim.setup=0' from C:/Users/ozair/Documents/Code_Drive/Drone/hls_files/hls_run.tcl(9) 
INFO: [HLS 200-1465] Applying config ini 'csim.setup=0' from C:/Users/ozair/Documents/Code_Drive/Drone/hls_files/hls_run.tcl(9)
Execute         config_csim -setup=0 
Execute         send_msg_by_id INFO @200-1465@%s 'package.output.format=ip_catalog' from C:/Users/ozair/Documents/Code_Drive/Drone/hls_files/hls_run.tcl(8) 
INFO: [HLS 200-1465] Applying config ini 'package.output.format=ip_catalog' from C:/Users/ozair/Documents/Code_Drive/Drone/hls_files/hls_run.tcl(8)
Execute         config_export -format=ip_catalog 
Execute         send_msg_by_id INFO @200-1465@%s 'sim.O=0' from C:/Users/ozair/Documents/Code_Drive/Drone/hls_files/hls_run.tcl(12) 
INFO: [HLS 200-1465] Applying config ini 'sim.O=0' from C:/Users/ozair/Documents/Code_Drive/Drone/hls_files/hls_run.tcl(12)
Execute         config_sim -O=0 
Command       apply_ini done; 0.882 sec.
Execute       write_component -config C:/Users/ozair/Documents/Code_Drive/Drone/hls_files/hls_run.tcl 
Execute         send_msg_by_id INFO @200-2176@%s C:/Users/ozair/Documents/Code_Drive/Drone/cnn/cnn/vitis-comp.json 
INFO: [HLS 200-2176] Writing Vitis IDE component file C:/Users/ozair/Documents/Code_Drive/Drone/cnn/cnn/vitis-comp.json
Command     open_solution done; 1.425 sec.
Command   open_component done; 1.428 sec.
Execute   apply_ini C:/Users/ozair/Documents/Code_Drive/Drone/cnn/cnn/hls/config.cmdline -iscmdline 
Execute   ::AP::init_summary_file csim 
Execute     AP::app_get_file_relativeroot [AP::app_get_root] {}
Execute   csim_design 
INFO-FLOW: Running SLX 'csim' proc: ::SLX::run_csim
INFO-FLOW: ::SLX::run_csim failed: child process exited abnormally
INFO-FLOW: Caught error in csim_design: Problem running csim: child process exited abnormally
    while executing
"error "Problem running $stage: $result""
    (procedure "::AP::hls_slx_hook" line 55)
    invoked from within
"::AP::hls_slx_hook csim $config_value_dict replace_flow"
    (procedure "ap_internal_csim_design" line 96)
    invoked from within
"ap_internal_csim_design "
Command   csim_design done; error code: 2; 1.647 sec.
Execute   close_project 
Execute     close_solution 
Execute       cleanup_all 
Execute       cleanup_all 
Execute       source -notrace -encoding utf-8 C:/Xilinx/2025.1/Vitis/tps/tcl/tcl8.6/clock.tcl 
Execute         source -encoding utf-8 C:/Xilinx/2025.1/Vitis/tps/tcl/tcl8/8.5/msgcat-1.6.1.tm 
Execute           source C:/Xilinx/2025.1/Vitis/tps/tcl/tcllib2.0/0compatibility/pkgIndex.tcl 
Execute           source C:/Xilinx/2025.1/Vitis/tps/tcl/tcllib2.0/amazon-s3/pkgIndex.tcl 
Execute           source C:/Xilinx/2025.1/Vitis/tps/tcl/tcllib2.0/asn/pkgIndex.tcl 
Execute           source C:/Xilinx/2025.1/Vitis/tps/tcl/tcllib2.0/base32/pkgIndex.tcl 
Execute           source C:/Xilinx/2025.1/Vitis/tps/tcl/tcllib2.0/base64/pkgIndex.tcl 
Execute           source C:/Xilinx/2025.1/Vitis/tps/tcl/tcllib2.0/bee/pkgIndex.tcl 
Execute           source C:/Xilinx/2025.1/Vitis/tps/tcl/tcllib2.0/bench/pkgIndex.tcl 
Execute           source C:/Xilinx/2025.1/Vitis/tps/tcl/tcllib2.0/bibtex/pkgIndex.tcl 
Execute           source C:/Xilinx/2025.1/Vitis/tps/tcl/tcllib2.0/cache/pkgIndex.tcl 
Execute           source C:/Xilinx/2025.1/Vitis/tps/tcl/tcllib2.0/clay/pkgIndex.tcl 
Execute           source C:/Xilinx/2025.1/Vitis/tps/tcl/tcllib2.0/clock/pkgIndex.tcl 
Execute           source C:/Xilinx/2025.1/Vitis/tps/tcl/tcllib2.0/cmdline/pkgIndex.tcl 
Execute           source C:/Xilinx/2025.1/Vitis/tps/tcl/tcllib2.0/comm/pkgIndex.tcl 
Execute           source C:/Xilinx/2025.1/Vitis/tps/tcl/tcllib2.0/control/pkgIndex.tcl 
Execute           source C:/Xilinx/2025.1/Vitis/tps/tcl/tcllib2.0/coroutine/pkgIndex.tcl 
Execute           source C:/Xilinx/2025.1/Vitis/tps/tcl/tcllib2.0/counter/pkgIndex.tcl 
Execute           source C:/Xilinx/2025.1/Vitis/tps/tcl/tcllib2.0/crc/pkgIndex.tcl 
Execute           source C:/Xilinx/2025.1/Vitis/tps/tcl/tcllib2.0/cron/pkgIndex.tcl 
Execute           source C:/Xilinx/2025.1/Vitis/tps/tcl/tcllib2.0/csv/pkgIndex.tcl 
Execute           source C:/Xilinx/2025.1/Vitis/tps/tcl/tcllib2.0/debug/pkgIndex.tcl 
Execute           source C:/Xilinx/2025.1/Vitis/tps/tcl/tcllib2.0/defer/pkgIndex.tcl 
Execute           source C:/Xilinx/2025.1/Vitis/tps/tcl/tcllib2.0/dicttool/pkgIndex.tcl 
Execute           source C:/Xilinx/2025.1/Vitis/tps/tcl/tcllib2.0/dns/pkgIndex.tcl 
Execute           source C:/Xilinx/2025.1/Vitis/tps/tcl/tcllib2.0/docstrip/pkgIndex.tcl 
Execute           source C:/Xilinx/2025.1/Vitis/tps/tcl/tcllib2.0/doctools/pkgIndex.tcl 
Execute           source C:/Xilinx/2025.1/Vitis/tps/tcl/tcllib2.0/doctools2base/pkgIndex.tcl 
Execute           source C:/Xilinx/2025.1/Vitis/tps/tcl/tcllib2.0/doctools2idx/pkgIndex.tcl 
Execute           source C:/Xilinx/2025.1/Vitis/tps/tcl/tcllib2.0/doctools2toc/pkgIndex.tcl 
Execute           source C:/Xilinx/2025.1/Vitis/tps/tcl/tcllib2.0/dtplite/pkgIndex.tcl 
Execute           source C:/Xilinx/2025.1/Vitis/tps/tcl/tcllib2.0/fileutil/pkgIndex.tcl 
Execute           source C:/Xilinx/2025.1/Vitis/tps/tcl/tcllib2.0/ftp/pkgIndex.tcl 
Execute           source C:/Xilinx/2025.1/Vitis/tps/tcl/tcllib2.0/ftpd/pkgIndex.tcl 
Execute           source C:/Xilinx/2025.1/Vitis/tps/tcl/tcllib2.0/fumagic/pkgIndex.tcl 
Execute           source C:/Xilinx/2025.1/Vitis/tps/tcl/tcllib2.0/generator/pkgIndex.tcl 
Execute           source C:/Xilinx/2025.1/Vitis/tps/tcl/tcllib2.0/gpx/pkgIndex.tcl 
Execute           source C:/Xilinx/2025.1/Vitis/tps/tcl/tcllib2.0/grammar_aycock/pkgIndex.tcl 
Execute           source C:/Xilinx/2025.1/Vitis/tps/tcl/tcllib2.0/grammar_fa/pkgIndex.tcl 
Execute           source C:/Xilinx/2025.1/Vitis/tps/tcl/tcllib2.0/grammar_me/pkgIndex.tcl 
Execute           source C:/Xilinx/2025.1/Vitis/tps/tcl/tcllib2.0/grammar_peg/pkgIndex.tcl 
Execute           source C:/Xilinx/2025.1/Vitis/tps/tcl/tcllib2.0/hook/pkgIndex.tcl 
Execute           source C:/Xilinx/2025.1/Vitis/tps/tcl/tcllib2.0/html/pkgIndex.tcl 
Execute           source C:/Xilinx/2025.1/Vitis/tps/tcl/tcllib2.0/htmlparse/pkgIndex.tcl 
Execute           source C:/Xilinx/2025.1/Vitis/tps/tcl/tcllib2.0/http/pkgIndex.tcl 
Execute           source C:/Xilinx/2025.1/Vitis/tps/tcl/tcllib2.0/httpd/pkgIndex.tcl 
Execute           source C:/Xilinx/2025.1/Vitis/tps/tcl/tcllib2.0/httpwget/pkgIndex.tcl 
Execute           source C:/Xilinx/2025.1/Vitis/tps/tcl/tcllib2.0/ident/pkgIndex.tcl 
Execute           source C:/Xilinx/2025.1/Vitis/tps/tcl/tcllib2.0/imap4/pkgIndex.tcl 
Execute           source C:/Xilinx/2025.1/Vitis/tps/tcl/tcllib2.0/inifile/pkgIndex.tcl 
Execute           source C:/Xilinx/2025.1/Vitis/tps/tcl/tcllib2.0/interp/pkgIndex.tcl 
Execute           source C:/Xilinx/2025.1/Vitis/tps/tcl/tcllib2.0/irc/pkgIndex.tcl 
Execute           source C:/Xilinx/2025.1/Vitis/tps/tcl/tcllib2.0/javascript/pkgIndex.tcl 
Execute           source C:/Xilinx/2025.1/Vitis/tps/tcl/tcllib2.0/jpeg/pkgIndex.tcl 
Execute           source C:/Xilinx/2025.1/Vitis/tps/tcl/tcllib2.0/json/pkgIndex.tcl 
Execute           source C:/Xilinx/2025.1/Vitis/tps/tcl/tcllib2.0/lambda/pkgIndex.tcl 
Execute           source C:/Xilinx/2025.1/Vitis/tps/tcl/tcllib2.0/lazyset/pkgIndex.tcl 
Execute           source C:/Xilinx/2025.1/Vitis/tps/tcl/tcllib2.0/ldap/pkgIndex.tcl 
Execute           source C:/Xilinx/2025.1/Vitis/tps/tcl/tcllib2.0/log/pkgIndex.tcl 
Execute           source C:/Xilinx/2025.1/Vitis/tps/tcl/tcllib2.0/map/pkgIndex.tcl 
Execute           source C:/Xilinx/2025.1/Vitis/tps/tcl/tcllib2.0/mapproj/pkgIndex.tcl 
Execute           source C:/Xilinx/2025.1/Vitis/tps/tcl/tcllib2.0/markdown/pkgIndex.tcl 
Execute           source C:/Xilinx/2025.1/Vitis/tps/tcl/tcllib2.0/math/pkgIndex.tcl 
Execute           source C:/Xilinx/2025.1/Vitis/tps/tcl/tcllib2.0/md4/pkgIndex.tcl 
Execute           source C:/Xilinx/2025.1/Vitis/tps/tcl/tcllib2.0/md5/pkgIndex.tcl 
Execute           source C:/Xilinx/2025.1/Vitis/tps/tcl/tcllib2.0/md5crypt/pkgIndex.tcl 
Execute           source C:/Xilinx/2025.1/Vitis/tps/tcl/tcllib2.0/mime/pkgIndex.tcl 
Execute           source C:/Xilinx/2025.1/Vitis/tps/tcl/tcllib2.0/mkdoc/pkgIndex.tcl 
Execute           source C:/Xilinx/2025.1/Vitis/tps/tcl/tcllib2.0/multiplexer/pkgIndex.tcl 
Execute           source C:/Xilinx/2025.1/Vitis/tps/tcl/tcllib2.0/namespacex/pkgIndex.tcl 
Execute           source C:/Xilinx/2025.1/Vitis/tps/tcl/tcllib2.0/ncgi/pkgIndex.tcl 
Execute           source C:/Xilinx/2025.1/Vitis/tps/tcl/tcllib2.0/nettool/pkgIndex.tcl 
Execute           source C:/Xilinx/2025.1/Vitis/tps/tcl/tcllib2.0/nmea/pkgIndex.tcl 
Execute           source C:/Xilinx/2025.1/Vitis/tps/tcl/tcllib2.0/nns/pkgIndex.tcl 
Execute           source C:/Xilinx/2025.1/Vitis/tps/tcl/tcllib2.0/nntp/pkgIndex.tcl 
Execute           source C:/Xilinx/2025.1/Vitis/tps/tcl/tcllib2.0/ntp/pkgIndex.tcl 
Execute           source C:/Xilinx/2025.1/Vitis/tps/tcl/tcllib2.0/oauth/pkgIndex.tcl 
Execute           source C:/Xilinx/2025.1/Vitis/tps/tcl/tcllib2.0/oodialect/pkgIndex.tcl 
Execute           source C:/Xilinx/2025.1/Vitis/tps/tcl/tcllib2.0/oometa/pkgIndex.tcl 
Execute           source C:/Xilinx/2025.1/Vitis/tps/tcl/tcllib2.0/ooutil/pkgIndex.tcl 
Execute           source C:/Xilinx/2025.1/Vitis/tps/tcl/tcllib2.0/otp/pkgIndex.tcl 
Execute           source C:/Xilinx/2025.1/Vitis/tps/tcl/tcllib2.0/page/pkgIndex.tcl 
Execute           source C:/Xilinx/2025.1/Vitis/tps/tcl/tcllib2.0/pluginmgr/pkgIndex.tcl 
Execute           source C:/Xilinx/2025.1/Vitis/tps/tcl/tcllib2.0/png/pkgIndex.tcl 
Execute           source C:/Xilinx/2025.1/Vitis/tps/tcl/tcllib2.0/pop3/pkgIndex.tcl 
Execute           source C:/Xilinx/2025.1/Vitis/tps/tcl/tcllib2.0/pop3d/pkgIndex.tcl 
Execute           source C:/Xilinx/2025.1/Vitis/tps/tcl/tcllib2.0/practcl/pkgIndex.tcl 
Execute           source C:/Xilinx/2025.1/Vitis/tps/tcl/tcllib2.0/processman/pkgIndex.tcl 
Execute           source C:/Xilinx/2025.1/Vitis/tps/tcl/tcllib2.0/profiler/pkgIndex.tcl 
Execute           source C:/Xilinx/2025.1/Vitis/tps/tcl/tcllib2.0/pt/pkgIndex.tcl 
Execute           source C:/Xilinx/2025.1/Vitis/tps/tcl/tcllib2.0/rcs/pkgIndex.tcl 
Execute           source C:/Xilinx/2025.1/Vitis/tps/tcl/tcllib2.0/report/pkgIndex.tcl 
Execute           source C:/Xilinx/2025.1/Vitis/tps/tcl/tcllib2.0/rest/pkgIndex.tcl 
Execute           source C:/Xilinx/2025.1/Vitis/tps/tcl/tcllib2.0/ripemd/pkgIndex.tcl 
Execute           source C:/Xilinx/2025.1/Vitis/tps/tcl/tcllib2.0/sasl/pkgIndex.tcl 
Execute           source C:/Xilinx/2025.1/Vitis/tps/tcl/tcllib2.0/sha1/pkgIndex.tcl 
Execute           source C:/Xilinx/2025.1/Vitis/tps/tcl/tcllib2.0/simulation/pkgIndex.tcl 
Execute           source C:/Xilinx/2025.1/Vitis/tps/tcl/tcllib2.0/smtpd/pkgIndex.tcl 
Execute           source C:/Xilinx/2025.1/Vitis/tps/tcl/tcllib2.0/snit/pkgIndex.tcl 
Execute           source C:/Xilinx/2025.1/Vitis/tps/tcl/tcllib2.0/soundex/pkgIndex.tcl 
Execute           source C:/Xilinx/2025.1/Vitis/tps/tcl/tcllib2.0/stooop/pkgIndex.tcl 
Execute           source C:/Xilinx/2025.1/Vitis/tps/tcl/tcllib2.0/string/pkgIndex.tcl 
Execute           source C:/Xilinx/2025.1/Vitis/tps/tcl/tcllib2.0/stringprep/pkgIndex.tcl 
Execute           source C:/Xilinx/2025.1/Vitis/tps/tcl/tcllib2.0/struct/pkgIndex.tcl 
Execute           source C:/Xilinx/2025.1/Vitis/tps/tcl/tcllib2.0/tar/pkgIndex.tcl 
Execute           source C:/Xilinx/2025.1/Vitis/tps/tcl/tcllib2.0/tepam/pkgIndex.tcl 
Execute           source C:/Xilinx/2025.1/Vitis/tps/tcl/tcllib2.0/term/pkgIndex.tcl 
Execute           source C:/Xilinx/2025.1/Vitis/tps/tcl/tcllib2.0/textutil/pkgIndex.tcl 
Execute           source C:/Xilinx/2025.1/Vitis/tps/tcl/tcllib2.0/tie/pkgIndex.tcl 
Execute           source C:/Xilinx/2025.1/Vitis/tps/tcl/tcllib2.0/tiff/pkgIndex.tcl 
Execute           source C:/Xilinx/2025.1/Vitis/tps/tcl/tcllib2.0/tool/pkgIndex.tcl 
Execute           source C:/Xilinx/2025.1/Vitis/tps/tcl/tcllib2.0/transfer/pkgIndex.tcl 
Execute           source C:/Xilinx/2025.1/Vitis/tps/tcl/tcllib2.0/treeql/pkgIndex.tcl 
Execute           source C:/Xilinx/2025.1/Vitis/tps/tcl/tcllib2.0/try/pkgIndex.tcl 
Execute           source C:/Xilinx/2025.1/Vitis/tps/tcl/tcllib2.0/udpcluster/pkgIndex.tcl 
Execute           source C:/Xilinx/2025.1/Vitis/tps/tcl/tcllib2.0/uev/pkgIndex.tcl 
Execute           source C:/Xilinx/2025.1/Vitis/tps/tcl/tcllib2.0/units/pkgIndex.tcl 
Execute           source C:/Xilinx/2025.1/Vitis/tps/tcl/tcllib2.0/uri/pkgIndex.tcl 
Execute           source C:/Xilinx/2025.1/Vitis/tps/tcl/tcllib2.0/uuid/pkgIndex.tcl 
Execute           source C:/Xilinx/2025.1/Vitis/tps/tcl/tcllib2.0/valtype/pkgIndex.tcl 
Execute           source C:/Xilinx/2025.1/Vitis/tps/tcl/tcllib2.0/virtchannel_base/pkgIndex.tcl 
Execute           source C:/Xilinx/2025.1/Vitis/tps/tcl/tcllib2.0/virtchannel_core/pkgIndex.tcl 
Execute           source C:/Xilinx/2025.1/Vitis/tps/tcl/tcllib2.0/virtchannel_transform/pkgIndex.tcl 
Execute           source C:/Xilinx/2025.1/Vitis/tps/tcl/tcllib2.0/websocket/pkgIndex.tcl 
Execute           source C:/Xilinx/2025.1/Vitis/tps/tcl/tcllib2.0/wip/pkgIndex.tcl 
Execute           source C:/Xilinx/2025.1/Vitis/tps/tcl/tcllib2.0/yaml/pkgIndex.tcl 
Execute           source C:/Xilinx/2025.1/Vitis/tps/tcl/tcllib2.0/zip/pkgIndex.tcl 
Execute           source C:/Xilinx/2025.1/Vitis/tps/tcl/tcllib2.0/pkgIndex.tcl 
Execute             source C:/Xilinx/2025.1/Vitis/tps/tcl/tcllib2.0/0compatibility/pkgIndex.tcl 
Execute             source C:/Xilinx/2025.1/Vitis/tps/tcl/tcllib2.0/amazon-s3/pkgIndex.tcl 
Execute             source C:/Xilinx/2025.1/Vitis/tps/tcl/tcllib2.0/asn/pkgIndex.tcl 
Execute             source C:/Xilinx/2025.1/Vitis/tps/tcl/tcllib2.0/base32/pkgIndex.tcl 
Execute             source C:/Xilinx/2025.1/Vitis/tps/tcl/tcllib2.0/base64/pkgIndex.tcl 
Execute             source C:/Xilinx/2025.1/Vitis/tps/tcl/tcllib2.0/bee/pkgIndex.tcl 
Execute             source C:/Xilinx/2025.1/Vitis/tps/tcl/tcllib2.0/bench/pkgIndex.tcl 
Execute             source C:/Xilinx/2025.1/Vitis/tps/tcl/tcllib2.0/bibtex/pkgIndex.tcl 
Execute             source C:/Xilinx/2025.1/Vitis/tps/tcl/tcllib2.0/cache/pkgIndex.tcl 
Execute             source C:/Xilinx/2025.1/Vitis/tps/tcl/tcllib2.0/clay/pkgIndex.tcl 
Execute             source C:/Xilinx/2025.1/Vitis/tps/tcl/tcllib2.0/clock/pkgIndex.tcl 
Execute             source C:/Xilinx/2025.1/Vitis/tps/tcl/tcllib2.0/cmdline/pkgIndex.tcl 
Execute             source C:/Xilinx/2025.1/Vitis/tps/tcl/tcllib2.0/comm/pkgIndex.tcl 
Execute             source C:/Xilinx/2025.1/Vitis/tps/tcl/tcllib2.0/control/pkgIndex.tcl 
Execute             source C:/Xilinx/2025.1/Vitis/tps/tcl/tcllib2.0/coroutine/pkgIndex.tcl 
Execute             source C:/Xilinx/2025.1/Vitis/tps/tcl/tcllib2.0/counter/pkgIndex.tcl 
Execute             source C:/Xilinx/2025.1/Vitis/tps/tcl/tcllib2.0/crc/pkgIndex.tcl 
Execute             source C:/Xilinx/2025.1/Vitis/tps/tcl/tcllib2.0/cron/pkgIndex.tcl 
Execute             source C:/Xilinx/2025.1/Vitis/tps/tcl/tcllib2.0/csv/pkgIndex.tcl 
Execute             source C:/Xilinx/2025.1/Vitis/tps/tcl/tcllib2.0/debug/pkgIndex.tcl 
Execute             source C:/Xilinx/2025.1/Vitis/tps/tcl/tcllib2.0/defer/pkgIndex.tcl 
Execute             source C:/Xilinx/2025.1/Vitis/tps/tcl/tcllib2.0/dicttool/pkgIndex.tcl 
Execute             source C:/Xilinx/2025.1/Vitis/tps/tcl/tcllib2.0/dns/pkgIndex.tcl 
Execute             source C:/Xilinx/2025.1/Vitis/tps/tcl/tcllib2.0/docstrip/pkgIndex.tcl 
Execute             source C:/Xilinx/2025.1/Vitis/tps/tcl/tcllib2.0/doctools/pkgIndex.tcl 
Execute             source C:/Xilinx/2025.1/Vitis/tps/tcl/tcllib2.0/doctools2base/pkgIndex.tcl 
Execute             source C:/Xilinx/2025.1/Vitis/tps/tcl/tcllib2.0/doctools2idx/pkgIndex.tcl 
Execute             source C:/Xilinx/2025.1/Vitis/tps/tcl/tcllib2.0/doctools2toc/pkgIndex.tcl 
Execute             source C:/Xilinx/2025.1/Vitis/tps/tcl/tcllib2.0/dtplite/pkgIndex.tcl 
Execute             source C:/Xilinx/2025.1/Vitis/tps/tcl/tcllib2.0/fileutil/pkgIndex.tcl 
Execute             source C:/Xilinx/2025.1/Vitis/tps/tcl/tcllib2.0/ftp/pkgIndex.tcl 
Execute             source C:/Xilinx/2025.1/Vitis/tps/tcl/tcllib2.0/ftpd/pkgIndex.tcl 
Execute             source C:/Xilinx/2025.1/Vitis/tps/tcl/tcllib2.0/fumagic/pkgIndex.tcl 
Execute             source C:/Xilinx/2025.1/Vitis/tps/tcl/tcllib2.0/generator/pkgIndex.tcl 
Execute             source C:/Xilinx/2025.1/Vitis/tps/tcl/tcllib2.0/gpx/pkgIndex.tcl 
Execute             source C:/Xilinx/2025.1/Vitis/tps/tcl/tcllib2.0/grammar_aycock/pkgIndex.tcl 
Execute             source C:/Xilinx/2025.1/Vitis/tps/tcl/tcllib2.0/grammar_fa/pkgIndex.tcl 
Execute             source C:/Xilinx/2025.1/Vitis/tps/tcl/tcllib2.0/grammar_me/pkgIndex.tcl 
Execute             source C:/Xilinx/2025.1/Vitis/tps/tcl/tcllib2.0/grammar_peg/pkgIndex.tcl 
Execute             source C:/Xilinx/2025.1/Vitis/tps/tcl/tcllib2.0/hook/pkgIndex.tcl 
Execute             source C:/Xilinx/2025.1/Vitis/tps/tcl/tcllib2.0/html/pkgIndex.tcl 
Execute             source C:/Xilinx/2025.1/Vitis/tps/tcl/tcllib2.0/htmlparse/pkgIndex.tcl 
Execute             source C:/Xilinx/2025.1/Vitis/tps/tcl/tcllib2.0/http/pkgIndex.tcl 
Execute             source C:/Xilinx/2025.1/Vitis/tps/tcl/tcllib2.0/httpd/pkgIndex.tcl 
Execute             source C:/Xilinx/2025.1/Vitis/tps/tcl/tcllib2.0/httpwget/pkgIndex.tcl 
Execute             source C:/Xilinx/2025.1/Vitis/tps/tcl/tcllib2.0/ident/pkgIndex.tcl 
Execute             source C:/Xilinx/2025.1/Vitis/tps/tcl/tcllib2.0/imap4/pkgIndex.tcl 
Execute             source C:/Xilinx/2025.1/Vitis/tps/tcl/tcllib2.0/inifile/pkgIndex.tcl 
Execute             source C:/Xilinx/2025.1/Vitis/tps/tcl/tcllib2.0/interp/pkgIndex.tcl 
Execute             source C:/Xilinx/2025.1/Vitis/tps/tcl/tcllib2.0/irc/pkgIndex.tcl 
Execute             source C:/Xilinx/2025.1/Vitis/tps/tcl/tcllib2.0/javascript/pkgIndex.tcl 
Execute             source C:/Xilinx/2025.1/Vitis/tps/tcl/tcllib2.0/jpeg/pkgIndex.tcl 
Execute             source C:/Xilinx/2025.1/Vitis/tps/tcl/tcllib2.0/json/pkgIndex.tcl 
Execute             source C:/Xilinx/2025.1/Vitis/tps/tcl/tcllib2.0/lambda/pkgIndex.tcl 
Execute             source C:/Xilinx/2025.1/Vitis/tps/tcl/tcllib2.0/lazyset/pkgIndex.tcl 
Execute             source C:/Xilinx/2025.1/Vitis/tps/tcl/tcllib2.0/ldap/pkgIndex.tcl 
Execute             source C:/Xilinx/2025.1/Vitis/tps/tcl/tcllib2.0/log/pkgIndex.tcl 
Execute             source C:/Xilinx/2025.1/Vitis/tps/tcl/tcllib2.0/map/pkgIndex.tcl 
Execute             source C:/Xilinx/2025.1/Vitis/tps/tcl/tcllib2.0/mapproj/pkgIndex.tcl 
Execute             source C:/Xilinx/2025.1/Vitis/tps/tcl/tcllib2.0/markdown/pkgIndex.tcl 
Execute             source C:/Xilinx/2025.1/Vitis/tps/tcl/tcllib2.0/math/pkgIndex.tcl 
Execute             source C:/Xilinx/2025.1/Vitis/tps/tcl/tcllib2.0/md4/pkgIndex.tcl 
Execute             source C:/Xilinx/2025.1/Vitis/tps/tcl/tcllib2.0/md5/pkgIndex.tcl 
Execute             source C:/Xilinx/2025.1/Vitis/tps/tcl/tcllib2.0/md5crypt/pkgIndex.tcl 
Execute             source C:/Xilinx/2025.1/Vitis/tps/tcl/tcllib2.0/mime/pkgIndex.tcl 
Execute             source C:/Xilinx/2025.1/Vitis/tps/tcl/tcllib2.0/mkdoc/pkgIndex.tcl 
Execute             source C:/Xilinx/2025.1/Vitis/tps/tcl/tcllib2.0/multiplexer/pkgIndex.tcl 
Execute             source C:/Xilinx/2025.1/Vitis/tps/tcl/tcllib2.0/namespacex/pkgIndex.tcl 
Execute             source C:/Xilinx/2025.1/Vitis/tps/tcl/tcllib2.0/ncgi/pkgIndex.tcl 
Execute             source C:/Xilinx/2025.1/Vitis/tps/tcl/tcllib2.0/nettool/pkgIndex.tcl 
Execute             source C:/Xilinx/2025.1/Vitis/tps/tcl/tcllib2.0/nmea/pkgIndex.tcl 
Execute             source C:/Xilinx/2025.1/Vitis/tps/tcl/tcllib2.0/nns/pkgIndex.tcl 
Execute             source C:/Xilinx/2025.1/Vitis/tps/tcl/tcllib2.0/nntp/pkgIndex.tcl 
Execute             source C:/Xilinx/2025.1/Vitis/tps/tcl/tcllib2.0/ntp/pkgIndex.tcl 
Execute             source C:/Xilinx/2025.1/Vitis/tps/tcl/tcllib2.0/oauth/pkgIndex.tcl 
Execute             source C:/Xilinx/2025.1/Vitis/tps/tcl/tcllib2.0/oodialect/pkgIndex.tcl 
Execute             source C:/Xilinx/2025.1/Vitis/tps/tcl/tcllib2.0/oometa/pkgIndex.tcl 
Execute             source C:/Xilinx/2025.1/Vitis/tps/tcl/tcllib2.0/ooutil/pkgIndex.tcl 
Execute             source C:/Xilinx/2025.1/Vitis/tps/tcl/tcllib2.0/otp/pkgIndex.tcl 
Execute             source C:/Xilinx/2025.1/Vitis/tps/tcl/tcllib2.0/page/pkgIndex.tcl 
Execute             source C:/Xilinx/2025.1/Vitis/tps/tcl/tcllib2.0/pluginmgr/pkgIndex.tcl 
Execute             source C:/Xilinx/2025.1/Vitis/tps/tcl/tcllib2.0/png/pkgIndex.tcl 
Execute             source C:/Xilinx/2025.1/Vitis/tps/tcl/tcllib2.0/pop3/pkgIndex.tcl 
Execute             source C:/Xilinx/2025.1/Vitis/tps/tcl/tcllib2.0/pop3d/pkgIndex.tcl 
Execute             source C:/Xilinx/2025.1/Vitis/tps/tcl/tcllib2.0/practcl/pkgIndex.tcl 
Execute             source C:/Xilinx/2025.1/Vitis/tps/tcl/tcllib2.0/processman/pkgIndex.tcl 
Execute             source C:/Xilinx/2025.1/Vitis/tps/tcl/tcllib2.0/profiler/pkgIndex.tcl 
Execute             source C:/Xilinx/2025.1/Vitis/tps/tcl/tcllib2.0/pt/pkgIndex.tcl 
Execute             source C:/Xilinx/2025.1/Vitis/tps/tcl/tcllib2.0/rcs/pkgIndex.tcl 
Execute             source C:/Xilinx/2025.1/Vitis/tps/tcl/tcllib2.0/report/pkgIndex.tcl 
Execute             source C:/Xilinx/2025.1/Vitis/tps/tcl/tcllib2.0/rest/pkgIndex.tcl 
Execute             source C:/Xilinx/2025.1/Vitis/tps/tcl/tcllib2.0/ripemd/pkgIndex.tcl 
Execute             source C:/Xilinx/2025.1/Vitis/tps/tcl/tcllib2.0/sasl/pkgIndex.tcl 
Execute             source C:/Xilinx/2025.1/Vitis/tps/tcl/tcllib2.0/sha1/pkgIndex.tcl 
Execute             source C:/Xilinx/2025.1/Vitis/tps/tcl/tcllib2.0/simulation/pkgIndex.tcl 
Execute             source C:/Xilinx/2025.1/Vitis/tps/tcl/tcllib2.0/smtpd/pkgIndex.tcl 
Execute             source C:/Xilinx/2025.1/Vitis/tps/tcl/tcllib2.0/snit/pkgIndex.tcl 
Execute             source C:/Xilinx/2025.1/Vitis/tps/tcl/tcllib2.0/soundex/pkgIndex.tcl 
Execute             source C:/Xilinx/2025.1/Vitis/tps/tcl/tcllib2.0/stooop/pkgIndex.tcl 
Execute             source C:/Xilinx/2025.1/Vitis/tps/tcl/tcllib2.0/string/pkgIndex.tcl 
Execute             source C:/Xilinx/2025.1/Vitis/tps/tcl/tcllib2.0/stringprep/pkgIndex.tcl 
Execute             source C:/Xilinx/2025.1/Vitis/tps/tcl/tcllib2.0/struct/pkgIndex.tcl 
Execute             source C:/Xilinx/2025.1/Vitis/tps/tcl/tcllib2.0/tar/pkgIndex.tcl 
Execute             source C:/Xilinx/2025.1/Vitis/tps/tcl/tcllib2.0/tepam/pkgIndex.tcl 
Execute             source C:/Xilinx/2025.1/Vitis/tps/tcl/tcllib2.0/term/pkgIndex.tcl 
Execute             source C:/Xilinx/2025.1/Vitis/tps/tcl/tcllib2.0/textutil/pkgIndex.tcl 
Execute             source C:/Xilinx/2025.1/Vitis/tps/tcl/tcllib2.0/tie/pkgIndex.tcl 
Execute             source C:/Xilinx/2025.1/Vitis/tps/tcl/tcllib2.0/tiff/pkgIndex.tcl 
Execute             source C:/Xilinx/2025.1/Vitis/tps/tcl/tcllib2.0/tool/pkgIndex.tcl 
Execute             source C:/Xilinx/2025.1/Vitis/tps/tcl/tcllib2.0/transfer/pkgIndex.tcl 
Execute             source C:/Xilinx/2025.1/Vitis/tps/tcl/tcllib2.0/treeql/pkgIndex.tcl 
Execute             source C:/Xilinx/2025.1/Vitis/tps/tcl/tcllib2.0/try/pkgIndex.tcl 
Execute             source C:/Xilinx/2025.1/Vitis/tps/tcl/tcllib2.0/udpcluster/pkgIndex.tcl 
Execute             source C:/Xilinx/2025.1/Vitis/tps/tcl/tcllib2.0/uev/pkgIndex.tcl 
Execute             source C:/Xilinx/2025.1/Vitis/tps/tcl/tcllib2.0/units/pkgIndex.tcl 
Execute             source C:/Xilinx/2025.1/Vitis/tps/tcl/tcllib2.0/uri/pkgIndex.tcl 
Execute             source C:/Xilinx/2025.1/Vitis/tps/tcl/tcllib2.0/uuid/pkgIndex.tcl 
Execute             source C:/Xilinx/2025.1/Vitis/tps/tcl/tcllib2.0/valtype/pkgIndex.tcl 
Execute             source C:/Xilinx/2025.1/Vitis/tps/tcl/tcllib2.0/virtchannel_base/pkgIndex.tcl 
Execute             source C:/Xilinx/2025.1/Vitis/tps/tcl/tcllib2.0/virtchannel_core/pkgIndex.tcl 
Execute             source C:/Xilinx/2025.1/Vitis/tps/tcl/tcllib2.0/virtchannel_transform/pkgIndex.tcl 
Execute             source C:/Xilinx/2025.1/Vitis/tps/tcl/tcllib2.0/websocket/pkgIndex.tcl 
Execute             source C:/Xilinx/2025.1/Vitis/tps/tcl/tcllib2.0/wip/pkgIndex.tcl 
Execute             source C:/Xilinx/2025.1/Vitis/tps/tcl/tcllib2.0/yaml/pkgIndex.tcl 
Execute             source C:/Xilinx/2025.1/Vitis/tps/tcl/tcllib2.0/zip/pkgIndex.tcl 
Command           ap_source done; 0.114 sec.
Execute           source C:/Xilinx/2025.1/Vitis/tps/tcl/tdom/pkgIndex.tcl 
Execute           source C:/Xilinx/2025.1/Vitis/tps/tcl/tcl8.6/opt0.4/pkgIndex.tcl 
Execute           source C:/Xilinx/2025.1/Vitis/tps/tcl/tcl8.6/pkgs/win/thread2.8.7/pkgIndex.tcl 
Command         ap_source done; 0.254 sec.
Execute         source C:/Xilinx/2025.1/Vitis/tps/tcl/tcllib2.0/0compatibility/pkgIndex.tcl 
Execute         source C:/Xilinx/2025.1/Vitis/tps/tcl/tcllib2.0/amazon-s3/pkgIndex.tcl 
Execute         source C:/Xilinx/2025.1/Vitis/tps/tcl/tcllib2.0/asn/pkgIndex.tcl 
Execute         source C:/Xilinx/2025.1/Vitis/tps/tcl/tcllib2.0/base32/pkgIndex.tcl 
Execute         source C:/Xilinx/2025.1/Vitis/tps/tcl/tcllib2.0/base64/pkgIndex.tcl 
Execute         source C:/Xilinx/2025.1/Vitis/tps/tcl/tcllib2.0/bee/pkgIndex.tcl 
Execute         source C:/Xilinx/2025.1/Vitis/tps/tcl/tcllib2.0/bench/pkgIndex.tcl 
Execute         source C:/Xilinx/2025.1/Vitis/tps/tcl/tcllib2.0/bibtex/pkgIndex.tcl 
Execute         source C:/Xilinx/2025.1/Vitis/tps/tcl/tcllib2.0/cache/pkgIndex.tcl 
Execute         source C:/Xilinx/2025.1/Vitis/tps/tcl/tcllib2.0/clay/pkgIndex.tcl 
Execute         source C:/Xilinx/2025.1/Vitis/tps/tcl/tcllib2.0/clock/pkgIndex.tcl 
Execute         source C:/Xilinx/2025.1/Vitis/tps/tcl/tcllib2.0/cmdline/pkgIndex.tcl 
Execute         source C:/Xilinx/2025.1/Vitis/tps/tcl/tcllib2.0/comm/pkgIndex.tcl 
Execute         source C:/Xilinx/2025.1/Vitis/tps/tcl/tcllib2.0/control/pkgIndex.tcl 
Execute         source C:/Xilinx/2025.1/Vitis/tps/tcl/tcllib2.0/coroutine/pkgIndex.tcl 
Execute         source C:/Xilinx/2025.1/Vitis/tps/tcl/tcllib2.0/counter/pkgIndex.tcl 
Execute         source C:/Xilinx/2025.1/Vitis/tps/tcl/tcllib2.0/crc/pkgIndex.tcl 
Execute         source C:/Xilinx/2025.1/Vitis/tps/tcl/tcllib2.0/cron/pkgIndex.tcl 
Execute         source C:/Xilinx/2025.1/Vitis/tps/tcl/tcllib2.0/csv/pkgIndex.tcl 
Execute         source C:/Xilinx/2025.1/Vitis/tps/tcl/tcllib2.0/debug/pkgIndex.tcl 
Execute         source C:/Xilinx/2025.1/Vitis/tps/tcl/tcllib2.0/defer/pkgIndex.tcl 
Execute         source C:/Xilinx/2025.1/Vitis/tps/tcl/tcllib2.0/dicttool/pkgIndex.tcl 
Execute         source C:/Xilinx/2025.1/Vitis/tps/tcl/tcllib2.0/dns/pkgIndex.tcl 
Execute         source C:/Xilinx/2025.1/Vitis/tps/tcl/tcllib2.0/docstrip/pkgIndex.tcl 
Execute         source C:/Xilinx/2025.1/Vitis/tps/tcl/tcllib2.0/doctools/pkgIndex.tcl 
Execute         source C:/Xilinx/2025.1/Vitis/tps/tcl/tcllib2.0/doctools2base/pkgIndex.tcl 
Execute         source C:/Xilinx/2025.1/Vitis/tps/tcl/tcllib2.0/doctools2idx/pkgIndex.tcl 
Execute         source C:/Xilinx/2025.1/Vitis/tps/tcl/tcllib2.0/doctools2toc/pkgIndex.tcl 
Execute         source C:/Xilinx/2025.1/Vitis/tps/tcl/tcllib2.0/dtplite/pkgIndex.tcl 
Execute         source C:/Xilinx/2025.1/Vitis/tps/tcl/tcllib2.0/fileutil/pkgIndex.tcl 
Execute         source C:/Xilinx/2025.1/Vitis/tps/tcl/tcllib2.0/ftp/pkgIndex.tcl 
Execute         source C:/Xilinx/2025.1/Vitis/tps/tcl/tcllib2.0/ftpd/pkgIndex.tcl 
Execute         source C:/Xilinx/2025.1/Vitis/tps/tcl/tcllib2.0/fumagic/pkgIndex.tcl 
Execute         source C:/Xilinx/2025.1/Vitis/tps/tcl/tcllib2.0/generator/pkgIndex.tcl 
Execute         source C:/Xilinx/2025.1/Vitis/tps/tcl/tcllib2.0/gpx/pkgIndex.tcl 
Execute         source C:/Xilinx/2025.1/Vitis/tps/tcl/tcllib2.0/grammar_aycock/pkgIndex.tcl 
Execute         source C:/Xilinx/2025.1/Vitis/tps/tcl/tcllib2.0/grammar_fa/pkgIndex.tcl 
Execute         source C:/Xilinx/2025.1/Vitis/tps/tcl/tcllib2.0/grammar_me/pkgIndex.tcl 
Execute         source C:/Xilinx/2025.1/Vitis/tps/tcl/tcllib2.0/grammar_peg/pkgIndex.tcl 
Execute         source C:/Xilinx/2025.1/Vitis/tps/tcl/tcllib2.0/hook/pkgIndex.tcl 
Execute         source C:/Xilinx/2025.1/Vitis/tps/tcl/tcllib2.0/html/pkgIndex.tcl 
Execute         source C:/Xilinx/2025.1/Vitis/tps/tcl/tcllib2.0/htmlparse/pkgIndex.tcl 
Execute         source C:/Xilinx/2025.1/Vitis/tps/tcl/tcllib2.0/http/pkgIndex.tcl 
Execute         source C:/Xilinx/2025.1/Vitis/tps/tcl/tcllib2.0/httpd/pkgIndex.tcl 
Execute         source C:/Xilinx/2025.1/Vitis/tps/tcl/tcllib2.0/httpwget/pkgIndex.tcl 
Execute         source C:/Xilinx/2025.1/Vitis/tps/tcl/tcllib2.0/ident/pkgIndex.tcl 
Execute         source C:/Xilinx/2025.1/Vitis/tps/tcl/tcllib2.0/imap4/pkgIndex.tcl 
Execute         source C:/Xilinx/2025.1/Vitis/tps/tcl/tcllib2.0/inifile/pkgIndex.tcl 
Execute         source C:/Xilinx/2025.1/Vitis/tps/tcl/tcllib2.0/interp/pkgIndex.tcl 
Execute         source C:/Xilinx/2025.1/Vitis/tps/tcl/tcllib2.0/irc/pkgIndex.tcl 
Execute         source C:/Xilinx/2025.1/Vitis/tps/tcl/tcllib2.0/javascript/pkgIndex.tcl 
Execute         source C:/Xilinx/2025.1/Vitis/tps/tcl/tcllib2.0/jpeg/pkgIndex.tcl 
Execute         source C:/Xilinx/2025.1/Vitis/tps/tcl/tcllib2.0/json/pkgIndex.tcl 
Execute         source C:/Xilinx/2025.1/Vitis/tps/tcl/tcllib2.0/lambda/pkgIndex.tcl 
Execute         source C:/Xilinx/2025.1/Vitis/tps/tcl/tcllib2.0/lazyset/pkgIndex.tcl 
Execute         source C:/Xilinx/2025.1/Vitis/tps/tcl/tcllib2.0/ldap/pkgIndex.tcl 
Execute         source C:/Xilinx/2025.1/Vitis/tps/tcl/tcllib2.0/log/pkgIndex.tcl 
Execute         source C:/Xilinx/2025.1/Vitis/tps/tcl/tcllib2.0/map/pkgIndex.tcl 
Execute         source C:/Xilinx/2025.1/Vitis/tps/tcl/tcllib2.0/mapproj/pkgIndex.tcl 
Execute         source C:/Xilinx/2025.1/Vitis/tps/tcl/tcllib2.0/markdown/pkgIndex.tcl 
Execute         source C:/Xilinx/2025.1/Vitis/tps/tcl/tcllib2.0/math/pkgIndex.tcl 
Execute         source C:/Xilinx/2025.1/Vitis/tps/tcl/tcllib2.0/md4/pkgIndex.tcl 
Execute         source C:/Xilinx/2025.1/Vitis/tps/tcl/tcllib2.0/md5/pkgIndex.tcl 
Execute         source C:/Xilinx/2025.1/Vitis/tps/tcl/tcllib2.0/md5crypt/pkgIndex.tcl 
Execute         source C:/Xilinx/2025.1/Vitis/tps/tcl/tcllib2.0/mime/pkgIndex.tcl 
Execute         source C:/Xilinx/2025.1/Vitis/tps/tcl/tcllib2.0/mkdoc/pkgIndex.tcl 
Execute         source C:/Xilinx/2025.1/Vitis/tps/tcl/tcllib2.0/multiplexer/pkgIndex.tcl 
Execute         source C:/Xilinx/2025.1/Vitis/tps/tcl/tcllib2.0/namespacex/pkgIndex.tcl 
Execute         source C:/Xilinx/2025.1/Vitis/tps/tcl/tcllib2.0/ncgi/pkgIndex.tcl 
Execute         source C:/Xilinx/2025.1/Vitis/tps/tcl/tcllib2.0/nettool/pkgIndex.tcl 
Execute         source C:/Xilinx/2025.1/Vitis/tps/tcl/tcllib2.0/nmea/pkgIndex.tcl 
Execute         source C:/Xilinx/2025.1/Vitis/tps/tcl/tcllib2.0/nns/pkgIndex.tcl 
Execute         source C:/Xilinx/2025.1/Vitis/tps/tcl/tcllib2.0/nntp/pkgIndex.tcl 
Execute         source C:/Xilinx/2025.1/Vitis/tps/tcl/tcllib2.0/ntp/pkgIndex.tcl 
Execute         source C:/Xilinx/2025.1/Vitis/tps/tcl/tcllib2.0/oauth/pkgIndex.tcl 
Execute         source C:/Xilinx/2025.1/Vitis/tps/tcl/tcllib2.0/oodialect/pkgIndex.tcl 
Execute         source C:/Xilinx/2025.1/Vitis/tps/tcl/tcllib2.0/oometa/pkgIndex.tcl 
Execute         source C:/Xilinx/2025.1/Vitis/tps/tcl/tcllib2.0/ooutil/pkgIndex.tcl 
Execute         source C:/Xilinx/2025.1/Vitis/tps/tcl/tcllib2.0/otp/pkgIndex.tcl 
Execute         source C:/Xilinx/2025.1/Vitis/tps/tcl/tcllib2.0/page/pkgIndex.tcl 
Execute         source C:/Xilinx/2025.1/Vitis/tps/tcl/tcllib2.0/pluginmgr/pkgIndex.tcl 
Execute         source C:/Xilinx/2025.1/Vitis/tps/tcl/tcllib2.0/png/pkgIndex.tcl 
Execute         source C:/Xilinx/2025.1/Vitis/tps/tcl/tcllib2.0/pop3/pkgIndex.tcl 
Execute         source C:/Xilinx/2025.1/Vitis/tps/tcl/tcllib2.0/pop3d/pkgIndex.tcl 
Execute         source C:/Xilinx/2025.1/Vitis/tps/tcl/tcllib2.0/practcl/pkgIndex.tcl 
Execute         source C:/Xilinx/2025.1/Vitis/tps/tcl/tcllib2.0/processman/pkgIndex.tcl 
Execute         source C:/Xilinx/2025.1/Vitis/tps/tcl/tcllib2.0/profiler/pkgIndex.tcl 
Execute         source C:/Xilinx/2025.1/Vitis/tps/tcl/tcllib2.0/pt/pkgIndex.tcl 
Execute         source C:/Xilinx/2025.1/Vitis/tps/tcl/tcllib2.0/rcs/pkgIndex.tcl 
Execute         source C:/Xilinx/2025.1/Vitis/tps/tcl/tcllib2.0/report/pkgIndex.tcl 
Execute         source C:/Xilinx/2025.1/Vitis/tps/tcl/tcllib2.0/rest/pkgIndex.tcl 
Execute         source C:/Xilinx/2025.1/Vitis/tps/tcl/tcllib2.0/ripemd/pkgIndex.tcl 
Execute         source C:/Xilinx/2025.1/Vitis/tps/tcl/tcllib2.0/sasl/pkgIndex.tcl 
Execute         source C:/Xilinx/2025.1/Vitis/tps/tcl/tcllib2.0/sha1/pkgIndex.tcl 
Execute         source C:/Xilinx/2025.1/Vitis/tps/tcl/tcllib2.0/simulation/pkgIndex.tcl 
Execute         source C:/Xilinx/2025.1/Vitis/tps/tcl/tcllib2.0/smtpd/pkgIndex.tcl 
Execute         source C:/Xilinx/2025.1/Vitis/tps/tcl/tcllib2.0/snit/pkgIndex.tcl 
Execute         source C:/Xilinx/2025.1/Vitis/tps/tcl/tcllib2.0/soundex/pkgIndex.tcl 
Execute         source C:/Xilinx/2025.1/Vitis/tps/tcl/tcllib2.0/stooop/pkgIndex.tcl 
Execute         source C:/Xilinx/2025.1/Vitis/tps/tcl/tcllib2.0/string/pkgIndex.tcl 
Execute         source C:/Xilinx/2025.1/Vitis/tps/tcl/tcllib2.0/stringprep/pkgIndex.tcl 
Execute         source C:/Xilinx/2025.1/Vitis/tps/tcl/tcllib2.0/struct/pkgIndex.tcl 
Execute         source C:/Xilinx/2025.1/Vitis/tps/tcl/tcllib2.0/tar/pkgIndex.tcl 
Execute         source C:/Xilinx/2025.1/Vitis/tps/tcl/tcllib2.0/tepam/pkgIndex.tcl 
Execute         source C:/Xilinx/2025.1/Vitis/tps/tcl/tcllib2.0/term/pkgIndex.tcl 
Execute         source C:/Xilinx/2025.1/Vitis/tps/tcl/tcllib2.0/textutil/pkgIndex.tcl 
Execute         source C:/Xilinx/2025.1/Vitis/tps/tcl/tcllib2.0/tie/pkgIndex.tcl 
Execute         source C:/Xilinx/2025.1/Vitis/tps/tcl/tcllib2.0/tiff/pkgIndex.tcl 
Execute         source C:/Xilinx/2025.1/Vitis/tps/tcl/tcllib2.0/tool/pkgIndex.tcl 
Execute         source C:/Xilinx/2025.1/Vitis/tps/tcl/tcllib2.0/transfer/pkgIndex.tcl 
Execute         source C:/Xilinx/2025.1/Vitis/tps/tcl/tcllib2.0/treeql/pkgIndex.tcl 
Execute         source C:/Xilinx/2025.1/Vitis/tps/tcl/tcllib2.0/try/pkgIndex.tcl 
Execute         source C:/Xilinx/2025.1/Vitis/tps/tcl/tcllib2.0/udpcluster/pkgIndex.tcl 
Execute         source C:/Xilinx/2025.1/Vitis/tps/tcl/tcllib2.0/uev/pkgIndex.tcl 
Execute         source C:/Xilinx/2025.1/Vitis/tps/tcl/tcllib2.0/units/pkgIndex.tcl 
Execute         source C:/Xilinx/2025.1/Vitis/tps/tcl/tcllib2.0/uri/pkgIndex.tcl 
Execute         source C:/Xilinx/2025.1/Vitis/tps/tcl/tcllib2.0/uuid/pkgIndex.tcl 
Execute         source C:/Xilinx/2025.1/Vitis/tps/tcl/tcllib2.0/valtype/pkgIndex.tcl 
Execute         source C:/Xilinx/2025.1/Vitis/tps/tcl/tcllib2.0/virtchannel_base/pkgIndex.tcl 
Execute         source C:/Xilinx/2025.1/Vitis/tps/tcl/tcllib2.0/virtchannel_core/pkgIndex.tcl 
Execute         source C:/Xilinx/2025.1/Vitis/tps/tcl/tcllib2.0/virtchannel_transform/pkgIndex.tcl 
Execute         source C:/Xilinx/2025.1/Vitis/tps/tcl/tcllib2.0/websocket/pkgIndex.tcl 
Execute         source C:/Xilinx/2025.1/Vitis/tps/tcl/tcllib2.0/wip/pkgIndex.tcl 
Execute         source C:/Xilinx/2025.1/Vitis/tps/tcl/tcllib2.0/yaml/pkgIndex.tcl 
Execute         source C:/Xilinx/2025.1/Vitis/tps/tcl/tcllib2.0/zip/pkgIndex.tcl 
Execute         source C:/Xilinx/2025.1/Vitis/tps/tcl/tcllib2.0/pkgIndex.tcl 
Execute           source C:/Xilinx/2025.1/Vitis/tps/tcl/tcllib2.0/0compatibility/pkgIndex.tcl 
Execute           source C:/Xilinx/2025.1/Vitis/tps/tcl/tcllib2.0/amazon-s3/pkgIndex.tcl 
Execute           source C:/Xilinx/2025.1/Vitis/tps/tcl/tcllib2.0/asn/pkgIndex.tcl 
Execute           source C:/Xilinx/2025.1/Vitis/tps/tcl/tcllib2.0/base32/pkgIndex.tcl 
Execute           source C:/Xilinx/2025.1/Vitis/tps/tcl/tcllib2.0/base64/pkgIndex.tcl 
Execute           source C:/Xilinx/2025.1/Vitis/tps/tcl/tcllib2.0/bee/pkgIndex.tcl 
Execute           source C:/Xilinx/2025.1/Vitis/tps/tcl/tcllib2.0/bench/pkgIndex.tcl 
Execute           source C:/Xilinx/2025.1/Vitis/tps/tcl/tcllib2.0/bibtex/pkgIndex.tcl 
Execute           source C:/Xilinx/2025.1/Vitis/tps/tcl/tcllib2.0/cache/pkgIndex.tcl 
Execute           source C:/Xilinx/2025.1/Vitis/tps/tcl/tcllib2.0/clay/pkgIndex.tcl 
Execute           source C:/Xilinx/2025.1/Vitis/tps/tcl/tcllib2.0/clock/pkgIndex.tcl 
Execute           source C:/Xilinx/2025.1/Vitis/tps/tcl/tcllib2.0/cmdline/pkgIndex.tcl 
Execute           source C:/Xilinx/2025.1/Vitis/tps/tcl/tcllib2.0/comm/pkgIndex.tcl 
Execute           source C:/Xilinx/2025.1/Vitis/tps/tcl/tcllib2.0/control/pkgIndex.tcl 
Execute           source C:/Xilinx/2025.1/Vitis/tps/tcl/tcllib2.0/coroutine/pkgIndex.tcl 
Execute           source C:/Xilinx/2025.1/Vitis/tps/tcl/tcllib2.0/counter/pkgIndex.tcl 
Execute           source C:/Xilinx/2025.1/Vitis/tps/tcl/tcllib2.0/crc/pkgIndex.tcl 
Execute           source C:/Xilinx/2025.1/Vitis/tps/tcl/tcllib2.0/cron/pkgIndex.tcl 
Execute           source C:/Xilinx/2025.1/Vitis/tps/tcl/tcllib2.0/csv/pkgIndex.tcl 
Execute           source C:/Xilinx/2025.1/Vitis/tps/tcl/tcllib2.0/debug/pkgIndex.tcl 
Execute           source C:/Xilinx/2025.1/Vitis/tps/tcl/tcllib2.0/defer/pkgIndex.tcl 
Execute           source C:/Xilinx/2025.1/Vitis/tps/tcl/tcllib2.0/dicttool/pkgIndex.tcl 
Execute           source C:/Xilinx/2025.1/Vitis/tps/tcl/tcllib2.0/dns/pkgIndex.tcl 
Execute           source C:/Xilinx/2025.1/Vitis/tps/tcl/tcllib2.0/docstrip/pkgIndex.tcl 
Execute           source C:/Xilinx/2025.1/Vitis/tps/tcl/tcllib2.0/doctools/pkgIndex.tcl 
Execute           source C:/Xilinx/2025.1/Vitis/tps/tcl/tcllib2.0/doctools2base/pkgIndex.tcl 
Execute           source C:/Xilinx/2025.1/Vitis/tps/tcl/tcllib2.0/doctools2idx/pkgIndex.tcl 
Execute           source C:/Xilinx/2025.1/Vitis/tps/tcl/tcllib2.0/doctools2toc/pkgIndex.tcl 
Execute           source C:/Xilinx/2025.1/Vitis/tps/tcl/tcllib2.0/dtplite/pkgIndex.tcl 
Execute           source C:/Xilinx/2025.1/Vitis/tps/tcl/tcllib2.0/fileutil/pkgIndex.tcl 
Execute           source C:/Xilinx/2025.1/Vitis/tps/tcl/tcllib2.0/ftp/pkgIndex.tcl 
Execute           source C:/Xilinx/2025.1/Vitis/tps/tcl/tcllib2.0/ftpd/pkgIndex.tcl 
Execute           source C:/Xilinx/2025.1/Vitis/tps/tcl/tcllib2.0/fumagic/pkgIndex.tcl 
Execute           source C:/Xilinx/2025.1/Vitis/tps/tcl/tcllib2.0/generator/pkgIndex.tcl 
Execute           source C:/Xilinx/2025.1/Vitis/tps/tcl/tcllib2.0/gpx/pkgIndex.tcl 
Execute           source C:/Xilinx/2025.1/Vitis/tps/tcl/tcllib2.0/grammar_aycock/pkgIndex.tcl 
Execute           source C:/Xilinx/2025.1/Vitis/tps/tcl/tcllib2.0/grammar_fa/pkgIndex.tcl 
Execute           source C:/Xilinx/2025.1/Vitis/tps/tcl/tcllib2.0/grammar_me/pkgIndex.tcl 
Execute           source C:/Xilinx/2025.1/Vitis/tps/tcl/tcllib2.0/grammar_peg/pkgIndex.tcl 
Execute           source C:/Xilinx/2025.1/Vitis/tps/tcl/tcllib2.0/hook/pkgIndex.tcl 
Execute           source C:/Xilinx/2025.1/Vitis/tps/tcl/tcllib2.0/html/pkgIndex.tcl 
Execute           source C:/Xilinx/2025.1/Vitis/tps/tcl/tcllib2.0/htmlparse/pkgIndex.tcl 
Execute           source C:/Xilinx/2025.1/Vitis/tps/tcl/tcllib2.0/http/pkgIndex.tcl 
Execute           source C:/Xilinx/2025.1/Vitis/tps/tcl/tcllib2.0/httpd/pkgIndex.tcl 
Execute           source C:/Xilinx/2025.1/Vitis/tps/tcl/tcllib2.0/httpwget/pkgIndex.tcl 
Execute           source C:/Xilinx/2025.1/Vitis/tps/tcl/tcllib2.0/ident/pkgIndex.tcl 
Execute           source C:/Xilinx/2025.1/Vitis/tps/tcl/tcllib2.0/imap4/pkgIndex.tcl 
Execute           source C:/Xilinx/2025.1/Vitis/tps/tcl/tcllib2.0/inifile/pkgIndex.tcl 
Execute           source C:/Xilinx/2025.1/Vitis/tps/tcl/tcllib2.0/interp/pkgIndex.tcl 
Execute           source C:/Xilinx/2025.1/Vitis/tps/tcl/tcllib2.0/irc/pkgIndex.tcl 
Execute           source C:/Xilinx/2025.1/Vitis/tps/tcl/tcllib2.0/javascript/pkgIndex.tcl 
Execute           source C:/Xilinx/2025.1/Vitis/tps/tcl/tcllib2.0/jpeg/pkgIndex.tcl 
Execute           source C:/Xilinx/2025.1/Vitis/tps/tcl/tcllib2.0/json/pkgIndex.tcl 
Execute           source C:/Xilinx/2025.1/Vitis/tps/tcl/tcllib2.0/lambda/pkgIndex.tcl 
Execute           source C:/Xilinx/2025.1/Vitis/tps/tcl/tcllib2.0/lazyset/pkgIndex.tcl 
Execute           source C:/Xilinx/2025.1/Vitis/tps/tcl/tcllib2.0/ldap/pkgIndex.tcl 
Execute           source C:/Xilinx/2025.1/Vitis/tps/tcl/tcllib2.0/log/pkgIndex.tcl 
Execute           source C:/Xilinx/2025.1/Vitis/tps/tcl/tcllib2.0/map/pkgIndex.tcl 
Execute           source C:/Xilinx/2025.1/Vitis/tps/tcl/tcllib2.0/mapproj/pkgIndex.tcl 
Execute           source C:/Xilinx/2025.1/Vitis/tps/tcl/tcllib2.0/markdown/pkgIndex.tcl 
Execute           source C:/Xilinx/2025.1/Vitis/tps/tcl/tcllib2.0/math/pkgIndex.tcl 
Execute           source C:/Xilinx/2025.1/Vitis/tps/tcl/tcllib2.0/md4/pkgIndex.tcl 
Execute           source C:/Xilinx/2025.1/Vitis/tps/tcl/tcllib2.0/md5/pkgIndex.tcl 
Execute           source C:/Xilinx/2025.1/Vitis/tps/tcl/tcllib2.0/md5crypt/pkgIndex.tcl 
Execute           source C:/Xilinx/2025.1/Vitis/tps/tcl/tcllib2.0/mime/pkgIndex.tcl 
Execute           source C:/Xilinx/2025.1/Vitis/tps/tcl/tcllib2.0/mkdoc/pkgIndex.tcl 
Execute           source C:/Xilinx/2025.1/Vitis/tps/tcl/tcllib2.0/multiplexer/pkgIndex.tcl 
Execute           source C:/Xilinx/2025.1/Vitis/tps/tcl/tcllib2.0/namespacex/pkgIndex.tcl 
Execute           source C:/Xilinx/2025.1/Vitis/tps/tcl/tcllib2.0/ncgi/pkgIndex.tcl 
Execute           source C:/Xilinx/2025.1/Vitis/tps/tcl/tcllib2.0/nettool/pkgIndex.tcl 
Execute           source C:/Xilinx/2025.1/Vitis/tps/tcl/tcllib2.0/nmea/pkgIndex.tcl 
Execute           source C:/Xilinx/2025.1/Vitis/tps/tcl/tcllib2.0/nns/pkgIndex.tcl 
Execute           source C:/Xilinx/2025.1/Vitis/tps/tcl/tcllib2.0/nntp/pkgIndex.tcl 
Execute           source C:/Xilinx/2025.1/Vitis/tps/tcl/tcllib2.0/ntp/pkgIndex.tcl 
Execute           source C:/Xilinx/2025.1/Vitis/tps/tcl/tcllib2.0/oauth/pkgIndex.tcl 
Execute           source C:/Xilinx/2025.1/Vitis/tps/tcl/tcllib2.0/oodialect/pkgIndex.tcl 
Execute           source C:/Xilinx/2025.1/Vitis/tps/tcl/tcllib2.0/oometa/pkgIndex.tcl 
Execute           source C:/Xilinx/2025.1/Vitis/tps/tcl/tcllib2.0/ooutil/pkgIndex.tcl 
Execute           source C:/Xilinx/2025.1/Vitis/tps/tcl/tcllib2.0/otp/pkgIndex.tcl 
Execute           source C:/Xilinx/2025.1/Vitis/tps/tcl/tcllib2.0/page/pkgIndex.tcl 
Execute           source C:/Xilinx/2025.1/Vitis/tps/tcl/tcllib2.0/pluginmgr/pkgIndex.tcl 
Execute           source C:/Xilinx/2025.1/Vitis/tps/tcl/tcllib2.0/png/pkgIndex.tcl 
Execute           source C:/Xilinx/2025.1/Vitis/tps/tcl/tcllib2.0/pop3/pkgIndex.tcl 
Execute           source C:/Xilinx/2025.1/Vitis/tps/tcl/tcllib2.0/pop3d/pkgIndex.tcl 
Execute           source C:/Xilinx/2025.1/Vitis/tps/tcl/tcllib2.0/practcl/pkgIndex.tcl 
Execute           source C:/Xilinx/2025.1/Vitis/tps/tcl/tcllib2.0/processman/pkgIndex.tcl 
Execute           source C:/Xilinx/2025.1/Vitis/tps/tcl/tcllib2.0/profiler/pkgIndex.tcl 
Execute           source C:/Xilinx/2025.1/Vitis/tps/tcl/tcllib2.0/pt/pkgIndex.tcl 
Execute           source C:/Xilinx/2025.1/Vitis/tps/tcl/tcllib2.0/rcs/pkgIndex.tcl 
Execute           source C:/Xilinx/2025.1/Vitis/tps/tcl/tcllib2.0/report/pkgIndex.tcl 
Execute           source C:/Xilinx/2025.1/Vitis/tps/tcl/tcllib2.0/rest/pkgIndex.tcl 
Execute           source C:/Xilinx/2025.1/Vitis/tps/tcl/tcllib2.0/ripemd/pkgIndex.tcl 
Execute           source C:/Xilinx/2025.1/Vitis/tps/tcl/tcllib2.0/sasl/pkgIndex.tcl 
Execute           source C:/Xilinx/2025.1/Vitis/tps/tcl/tcllib2.0/sha1/pkgIndex.tcl 
Execute           source C:/Xilinx/2025.1/Vitis/tps/tcl/tcllib2.0/simulation/pkgIndex.tcl 
Execute           source C:/Xilinx/2025.1/Vitis/tps/tcl/tcllib2.0/smtpd/pkgIndex.tcl 
Execute           source C:/Xilinx/2025.1/Vitis/tps/tcl/tcllib2.0/snit/pkgIndex.tcl 
Execute           source C:/Xilinx/2025.1/Vitis/tps/tcl/tcllib2.0/soundex/pkgIndex.tcl 
Execute           source C:/Xilinx/2025.1/Vitis/tps/tcl/tcllib2.0/stooop/pkgIndex.tcl 
Execute           source C:/Xilinx/2025.1/Vitis/tps/tcl/tcllib2.0/string/pkgIndex.tcl 
Execute           source C:/Xilinx/2025.1/Vitis/tps/tcl/tcllib2.0/stringprep/pkgIndex.tcl 
Execute           source C:/Xilinx/2025.1/Vitis/tps/tcl/tcllib2.0/struct/pkgIndex.tcl 
Execute           source C:/Xilinx/2025.1/Vitis/tps/tcl/tcllib2.0/tar/pkgIndex.tcl 
Execute           source C:/Xilinx/2025.1/Vitis/tps/tcl/tcllib2.0/tepam/pkgIndex.tcl 
Execute           source C:/Xilinx/2025.1/Vitis/tps/tcl/tcllib2.0/term/pkgIndex.tcl 
Execute           source C:/Xilinx/2025.1/Vitis/tps/tcl/tcllib2.0/textutil/pkgIndex.tcl 
Execute           source C:/Xilinx/2025.1/Vitis/tps/tcl/tcllib2.0/tie/pkgIndex.tcl 
Execute           source C:/Xilinx/2025.1/Vitis/tps/tcl/tcllib2.0/tiff/pkgIndex.tcl 
Execute           source C:/Xilinx/2025.1/Vitis/tps/tcl/tcllib2.0/tool/pkgIndex.tcl 
Execute           source C:/Xilinx/2025.1/Vitis/tps/tcl/tcllib2.0/transfer/pkgIndex.tcl 
Execute           source C:/Xilinx/2025.1/Vitis/tps/tcl/tcllib2.0/treeql/pkgIndex.tcl 
Execute           source C:/Xilinx/2025.1/Vitis/tps/tcl/tcllib2.0/try/pkgIndex.tcl 
Execute           source C:/Xilinx/2025.1/Vitis/tps/tcl/tcllib2.0/udpcluster/pkgIndex.tcl 
Execute           source C:/Xilinx/2025.1/Vitis/tps/tcl/tcllib2.0/uev/pkgIndex.tcl 
Execute           source C:/Xilinx/2025.1/Vitis/tps/tcl/tcllib2.0/units/pkgIndex.tcl 
Execute           source C:/Xilinx/2025.1/Vitis/tps/tcl/tcllib2.0/uri/pkgIndex.tcl 
Execute           source C:/Xilinx/2025.1/Vitis/tps/tcl/tcllib2.0/uuid/pkgIndex.tcl 
Execute           source C:/Xilinx/2025.1/Vitis/tps/tcl/tcllib2.0/valtype/pkgIndex.tcl 
Execute           source C:/Xilinx/2025.1/Vitis/tps/tcl/tcllib2.0/virtchannel_base/pkgIndex.tcl 
Execute           source C:/Xilinx/2025.1/Vitis/tps/tcl/tcllib2.0/virtchannel_core/pkgIndex.tcl 
Execute           source C:/Xilinx/2025.1/Vitis/tps/tcl/tcllib2.0/virtchannel_transform/pkgIndex.tcl 
Execute           source C:/Xilinx/2025.1/Vitis/tps/tcl/tcllib2.0/websocket/pkgIndex.tcl 
Execute           source C:/Xilinx/2025.1/Vitis/tps/tcl/tcllib2.0/wip/pkgIndex.tcl 
Execute           source C:/Xilinx/2025.1/Vitis/tps/tcl/tcllib2.0/yaml/pkgIndex.tcl 
Execute           source C:/Xilinx/2025.1/Vitis/tps/tcl/tcllib2.0/zip/pkgIndex.tcl 
Command         ap_source done; 0.116 sec.
Execute         source C:/Xilinx/2025.1/Vitis/tps/tcl/tdom/pkgIndex.tcl 
Execute         source C:/Xilinx/2025.1/Vitis/tps/tcl/tcl8.6/opt0.4/pkgIndex.tcl 
Execute         source C:/Xilinx/2025.1/Vitis/tps/tcl/tcl8.6/pkgs/win/thread2.8.7/pkgIndex.tcl 
Command       ap_source done; 0.51 sec.
INFO-FLOW: Workspace C:/Users/ozair/Documents/Code_Drive/Drone/cnn/cnn/hls opened at Wed Jul 02 15:11:24 -0400 2025
Execute       send_msg_by_id INFO @200-1505@%s%s default  vivado 
INFO: [HLS 200-1505] Using default flow_target 'vivado'
Execute       send_msg_by_id INFO @200-2174@%s%s component C:/Users/ozair/Documents/Code_Drive/Drone/hls_files/hls_run.tcl 
INFO: [HLS 200-2174] Applying component config ini file C:/Users/ozair/Documents/Code_Drive/Drone/hls_files/hls_run.tcl
Execute       apply_ini C:/Users/ozair/Documents/Code_Drive/Drone/hls_files/hls_run.tcl 
Execute         send_msg_by_id WARNING @200-1921@%s [hls] entry 'set_top=cnn_accel' from C:/Users/ozair/Documents/Code_Drive/Drone/hls_files/hls_run.tcl(4) 
WARNING: [HLS 200-1921] Skipping unknown config ini [hls] entry 'set_top=cnn_accel' from C:/Users/ozair/Documents/Code_Drive/Drone/hls_files/hls_run.tcl(4)
Execute         send_msg_by_id INFO @200-1465@%s 'syn.file=./conv_pool.cpp' from C:/Users/ozair/Documents/Code_Drive/Drone/hls_files/hls_run.tcl(3) 
INFO: [HLS 200-1465] Applying config ini 'syn.file=./conv_pool.cpp' from C:/Users/ozair/Documents/Code_Drive/Drone/hls_files/hls_run.tcl(3)
Execute         add_files C:/Users/ozair/Documents/Code_Drive/Drone/hls_files/conv_pool.cpp 
INFO: [HLS 200-10] Adding design file 'C:/Users/ozair/Documents/Code_Drive/Drone/hls_files/conv_pool.cpp' to the project
Execute         send_msg_by_id INFO @200-1465@%s 'tb.file=./testbench.cpp' from C:/Users/ozair/Documents/Code_Drive/Drone/hls_files/hls_run.tcl(5) 
INFO: [HLS 200-1465] Applying config ini 'tb.file=./testbench.cpp' from C:/Users/ozair/Documents/Code_Drive/Drone/hls_files/hls_run.tcl(5)
Execute         add_files -tb C:/Users/ozair/Documents/Code_Drive/Drone/hls_files/testbench.cpp 
INFO: [HLS 200-10] Adding test bench file 'C:/Users/ozair/Documents/Code_Drive/Drone/hls_files/testbench.cpp' to the project
Execute         send_msg_by_id INFO @200-1465@%s 'flow_target=vivado' from C:/Users/ozair/Documents/Code_Drive/Drone/hls_files/hls_run.tcl(6) 
INFO: [HLS 200-1465] Applying config ini 'flow_target=vivado' from C:/Users/ozair/Documents/Code_Drive/Drone/hls_files/hls_run.tcl(6)
Execute         send_msg_by_id INFO @200-1505@%s%s  vivado 
INFO: [HLS 200-1505] Using flow_target 'vivado'
Execute         send_msg_by_id INFO @200-1465@%s 'part=xc7a100tfgg484-2L' from C:/Users/ozair/Documents/Code_Drive/Drone/hls_files/hls_run.tcl(1) 
INFO: [HLS 200-1465] Applying config ini 'part=xc7a100tfgg484-2L' from C:/Users/ozair/Documents/Code_Drive/Drone/hls_files/hls_run.tcl(1)
Execute         set_part xc7a100tfgg484-2L 
Execute           create_platform xc7a100tfgg484-2L -board  
DBG:HLSDevice: Trying to load device library: C:/Xilinx/2025.1/Vitis\lib\win64.o\xv_hlsvwrap.dll
DBG:HLSDevice: first parts/arch.xml in RDI_DATADIR: C:/Xilinx/2025.1/Vivado/data/parts/arch.xml
DBG:HLSDevice: init success
INFO: [HLS 200-1611] Setting target device to 'xc7a100t-fgg484-2L'
Command           create_platform done; 0.703 sec.
Execute           source C:/Xilinx/2025.1/Vitis/common/technology/xilinx/common/xilinx.gen 
Execute             source C:/Xilinx/2025.1/Vitis/common/technology/xilinx/interface/plb46.gen 
Execute             source C:/Xilinx/2025.1/Vitis/common/technology/xilinx/interface/axi4.gen 
Execute             source C:/Xilinx/2025.1/Vitis/common/technology/xilinx/interface/nativeAXI4.gen 
Execute               source C:/Xilinx/2025.1/Vitis/common/technology/xilinx/interface/saxilite.gen 
Execute             source C:/Xilinx/2025.1/Vitis/common/technology/xilinx/scripts/xilinxcoregen.gen 
Execute             source C:/Xilinx/2025.1/Vitis/common/technology/xilinx/interface/XilEDKCoreGen.gen 
Execute             source C:/Xilinx/2025.1/Vitis/common/technology/xilinx/ip/dds_compiler.gen 
Execute             source C:/Xilinx/2025.1/Vitis/common/technology/xilinx/ip/util.gen 
Execute             source C:/Xilinx/2025.1/Vitis/common/technology/xilinx/ip/xfft.gen 
Execute             source C:/Xilinx/2025.1/Vitis/common/technology/xilinx/ip/xfir.gen 
Execute             source C:/Xilinx/2025.1/Vitis/common/technology/xilinx/DSP48/dsp48.gen 
Command           ap_source done; 0.106 sec.
Execute           ap_part_info -name xc7a100t-fgg484-2L -data info 
Execute           config_compile -quiet -complex-mul-dsp=0 
Command         set_part done; 0.824 sec.
Execute         send_msg_by_id INFO @200-1465@%s 'clock=10ns' from C:/Users/ozair/Documents/Code_Drive/Drone/hls_files/hls_run.tcl(7) 
INFO: [HLS 200-1465] Applying config ini 'clock=10ns' from C:/Users/ozair/Documents/Code_Drive/Drone/hls_files/hls_run.tcl(7)
Execute         create_clock -period 10ns 
Execute           ap_set_clock -name default -period 10 -unit ns -default=false 
INFO: [SYN 201-201] Setting up clock 'default' with a period of 10ns.
Execute         send_msg_by_id INFO @200-1465@%s 'csim.clean=0' from C:/Users/ozair/Documents/Code_Drive/Drone/hls_files/hls_run.tcl(11) 
INFO: [HLS 200-1465] Applying config ini 'csim.clean=0' from C:/Users/ozair/Documents/Code_Drive/Drone/hls_files/hls_run.tcl(11)
Execute         config_csim -clean=0 
Execute         send_msg_by_id INFO @200-1465@%s 'csim.code_analyzer=1' from C:/Users/ozair/Documents/Code_Drive/Drone/hls_files/hls_run.tcl(10) 
INFO: [HLS 200-1465] Applying config ini 'csim.code_analyzer=1' from C:/Users/ozair/Documents/Code_Drive/Drone/hls_files/hls_run.tcl(10)
Execute         config_csim -code_analyzer=1 
Execute         send_msg_by_id INFO @200-1465@%s 'csim.setup=0' from C:/Users/ozair/Documents/Code_Drive/Drone/hls_files/hls_run.tcl(9) 
INFO: [HLS 200-1465] Applying config ini 'csim.setup=0' from C:/Users/ozair/Documents/Code_Drive/Drone/hls_files/hls_run.tcl(9)
Execute         config_csim -setup=0 
Execute         send_msg_by_id INFO @200-1465@%s 'package.output.format=ip_catalog' from C:/Users/ozair/Documents/Code_Drive/Drone/hls_files/hls_run.tcl(8) 
INFO: [HLS 200-1465] Applying config ini 'package.output.format=ip_catalog' from C:/Users/ozair/Documents/Code_Drive/Drone/hls_files/hls_run.tcl(8)
Execute         config_export -format=ip_catalog 
Execute         send_msg_by_id INFO @200-1465@%s 'sim.O=0' from C:/Users/ozair/Documents/Code_Drive/Drone/hls_files/hls_run.tcl(12) 
INFO: [HLS 200-1465] Applying config ini 'sim.O=0' from C:/Users/ozair/Documents/Code_Drive/Drone/hls_files/hls_run.tcl(12)
Execute         config_sim -O=0 
Command       apply_ini done; 0.865 sec.
Execute       write_component -config C:/Users/ozair/Documents/Code_Drive/Drone/hls_files/hls_run.tcl 
Execute         send_msg_by_id INFO @200-2176@%s C:/Users/ozair/Documents/Code_Drive/Drone/cnn/cnn/vitis-comp.json 
INFO: [HLS 200-2176] Writing Vitis IDE component file C:/Users/ozair/Documents/Code_Drive/Drone/cnn/cnn/vitis-comp.json
Command     open_solution done; 1.41 sec.
Command   open_component done; 1.414 sec.
Execute   apply_ini C:/Users/ozair/Documents/Code_Drive/Drone/cnn/cnn/hls/config.cmdline -iscmdline 
Execute   ::AP::init_summary_file csim 
Execute     AP::app_get_file_relativeroot [AP::app_get_root] {}
Execute   csim_design 
INFO-FLOW: Running SLX 'csim' proc: ::SLX::run_csim
INFO-FLOW: ::SLX::run_csim failed: child process exited abnormally
INFO-FLOW: Caught error in csim_design: Problem running csim: child process exited abnormally
    while executing
"error "Problem running $stage: $result""
    (procedure "::AP::hls_slx_hook" line 55)
    invoked from within
"::AP::hls_slx_hook csim $config_value_dict replace_flow"
    (procedure "ap_internal_csim_design" line 96)
    invoked from within
"ap_internal_csim_design "
Command   csim_design done; error code: 2; 1.606 sec.
Execute   close_project 
Execute     close_solution 
Execute       cleanup_all 
Execute       cleanup_all 
Execute       source -notrace -encoding utf-8 C:/Xilinx/2025.1/Vitis/tps/tcl/tcl8.6/clock.tcl 
Execute         source -encoding utf-8 C:/Xilinx/2025.1/Vitis/tps/tcl/tcl8/8.5/msgcat-1.6.1.tm 
Execute           source C:/Xilinx/2025.1/Vitis/tps/tcl/tcllib2.0/0compatibility/pkgIndex.tcl 
Execute           source C:/Xilinx/2025.1/Vitis/tps/tcl/tcllib2.0/amazon-s3/pkgIndex.tcl 
Execute           source C:/Xilinx/2025.1/Vitis/tps/tcl/tcllib2.0/asn/pkgIndex.tcl 
Execute           source C:/Xilinx/2025.1/Vitis/tps/tcl/tcllib2.0/base32/pkgIndex.tcl 
Execute           source C:/Xilinx/2025.1/Vitis/tps/tcl/tcllib2.0/base64/pkgIndex.tcl 
Execute           source C:/Xilinx/2025.1/Vitis/tps/tcl/tcllib2.0/bee/pkgIndex.tcl 
Execute           source C:/Xilinx/2025.1/Vitis/tps/tcl/tcllib2.0/bench/pkgIndex.tcl 
Execute           source C:/Xilinx/2025.1/Vitis/tps/tcl/tcllib2.0/bibtex/pkgIndex.tcl 
Execute           source C:/Xilinx/2025.1/Vitis/tps/tcl/tcllib2.0/cache/pkgIndex.tcl 
Execute           source C:/Xilinx/2025.1/Vitis/tps/tcl/tcllib2.0/clay/pkgIndex.tcl 
Execute           source C:/Xilinx/2025.1/Vitis/tps/tcl/tcllib2.0/clock/pkgIndex.tcl 
Execute           source C:/Xilinx/2025.1/Vitis/tps/tcl/tcllib2.0/cmdline/pkgIndex.tcl 
Execute           source C:/Xilinx/2025.1/Vitis/tps/tcl/tcllib2.0/comm/pkgIndex.tcl 
Execute           source C:/Xilinx/2025.1/Vitis/tps/tcl/tcllib2.0/control/pkgIndex.tcl 
Execute           source C:/Xilinx/2025.1/Vitis/tps/tcl/tcllib2.0/coroutine/pkgIndex.tcl 
Execute           source C:/Xilinx/2025.1/Vitis/tps/tcl/tcllib2.0/counter/pkgIndex.tcl 
Execute           source C:/Xilinx/2025.1/Vitis/tps/tcl/tcllib2.0/crc/pkgIndex.tcl 
Execute           source C:/Xilinx/2025.1/Vitis/tps/tcl/tcllib2.0/cron/pkgIndex.tcl 
Execute           source C:/Xilinx/2025.1/Vitis/tps/tcl/tcllib2.0/csv/pkgIndex.tcl 
Execute           source C:/Xilinx/2025.1/Vitis/tps/tcl/tcllib2.0/debug/pkgIndex.tcl 
Execute           source C:/Xilinx/2025.1/Vitis/tps/tcl/tcllib2.0/defer/pkgIndex.tcl 
Execute           source C:/Xilinx/2025.1/Vitis/tps/tcl/tcllib2.0/dicttool/pkgIndex.tcl 
Execute           source C:/Xilinx/2025.1/Vitis/tps/tcl/tcllib2.0/dns/pkgIndex.tcl 
Execute           source C:/Xilinx/2025.1/Vitis/tps/tcl/tcllib2.0/docstrip/pkgIndex.tcl 
Execute           source C:/Xilinx/2025.1/Vitis/tps/tcl/tcllib2.0/doctools/pkgIndex.tcl 
Execute           source C:/Xilinx/2025.1/Vitis/tps/tcl/tcllib2.0/doctools2base/pkgIndex.tcl 
Execute           source C:/Xilinx/2025.1/Vitis/tps/tcl/tcllib2.0/doctools2idx/pkgIndex.tcl 
Execute           source C:/Xilinx/2025.1/Vitis/tps/tcl/tcllib2.0/doctools2toc/pkgIndex.tcl 
Execute           source C:/Xilinx/2025.1/Vitis/tps/tcl/tcllib2.0/dtplite/pkgIndex.tcl 
Execute           source C:/Xilinx/2025.1/Vitis/tps/tcl/tcllib2.0/fileutil/pkgIndex.tcl 
Execute           source C:/Xilinx/2025.1/Vitis/tps/tcl/tcllib2.0/ftp/pkgIndex.tcl 
Execute           source C:/Xilinx/2025.1/Vitis/tps/tcl/tcllib2.0/ftpd/pkgIndex.tcl 
Execute           source C:/Xilinx/2025.1/Vitis/tps/tcl/tcllib2.0/fumagic/pkgIndex.tcl 
Execute           source C:/Xilinx/2025.1/Vitis/tps/tcl/tcllib2.0/generator/pkgIndex.tcl 
Execute           source C:/Xilinx/2025.1/Vitis/tps/tcl/tcllib2.0/gpx/pkgIndex.tcl 
Execute           source C:/Xilinx/2025.1/Vitis/tps/tcl/tcllib2.0/grammar_aycock/pkgIndex.tcl 
Execute           source C:/Xilinx/2025.1/Vitis/tps/tcl/tcllib2.0/grammar_fa/pkgIndex.tcl 
Execute           source C:/Xilinx/2025.1/Vitis/tps/tcl/tcllib2.0/grammar_me/pkgIndex.tcl 
Execute           source C:/Xilinx/2025.1/Vitis/tps/tcl/tcllib2.0/grammar_peg/pkgIndex.tcl 
Execute           source C:/Xilinx/2025.1/Vitis/tps/tcl/tcllib2.0/hook/pkgIndex.tcl 
Execute           source C:/Xilinx/2025.1/Vitis/tps/tcl/tcllib2.0/html/pkgIndex.tcl 
Execute           source C:/Xilinx/2025.1/Vitis/tps/tcl/tcllib2.0/htmlparse/pkgIndex.tcl 
Execute           source C:/Xilinx/2025.1/Vitis/tps/tcl/tcllib2.0/http/pkgIndex.tcl 
Execute           source C:/Xilinx/2025.1/Vitis/tps/tcl/tcllib2.0/httpd/pkgIndex.tcl 
Execute           source C:/Xilinx/2025.1/Vitis/tps/tcl/tcllib2.0/httpwget/pkgIndex.tcl 
Execute           source C:/Xilinx/2025.1/Vitis/tps/tcl/tcllib2.0/ident/pkgIndex.tcl 
Execute           source C:/Xilinx/2025.1/Vitis/tps/tcl/tcllib2.0/imap4/pkgIndex.tcl 
Execute           source C:/Xilinx/2025.1/Vitis/tps/tcl/tcllib2.0/inifile/pkgIndex.tcl 
Execute           source C:/Xilinx/2025.1/Vitis/tps/tcl/tcllib2.0/interp/pkgIndex.tcl 
Execute           source C:/Xilinx/2025.1/Vitis/tps/tcl/tcllib2.0/irc/pkgIndex.tcl 
Execute           source C:/Xilinx/2025.1/Vitis/tps/tcl/tcllib2.0/javascript/pkgIndex.tcl 
Execute           source C:/Xilinx/2025.1/Vitis/tps/tcl/tcllib2.0/jpeg/pkgIndex.tcl 
Execute           source C:/Xilinx/2025.1/Vitis/tps/tcl/tcllib2.0/json/pkgIndex.tcl 
Execute           source C:/Xilinx/2025.1/Vitis/tps/tcl/tcllib2.0/lambda/pkgIndex.tcl 
Execute           source C:/Xilinx/2025.1/Vitis/tps/tcl/tcllib2.0/lazyset/pkgIndex.tcl 
Execute           source C:/Xilinx/2025.1/Vitis/tps/tcl/tcllib2.0/ldap/pkgIndex.tcl 
Execute           source C:/Xilinx/2025.1/Vitis/tps/tcl/tcllib2.0/log/pkgIndex.tcl 
Execute           source C:/Xilinx/2025.1/Vitis/tps/tcl/tcllib2.0/map/pkgIndex.tcl 
Execute           source C:/Xilinx/2025.1/Vitis/tps/tcl/tcllib2.0/mapproj/pkgIndex.tcl 
Execute           source C:/Xilinx/2025.1/Vitis/tps/tcl/tcllib2.0/markdown/pkgIndex.tcl 
Execute           source C:/Xilinx/2025.1/Vitis/tps/tcl/tcllib2.0/math/pkgIndex.tcl 
Execute           source C:/Xilinx/2025.1/Vitis/tps/tcl/tcllib2.0/md4/pkgIndex.tcl 
Execute           source C:/Xilinx/2025.1/Vitis/tps/tcl/tcllib2.0/md5/pkgIndex.tcl 
Execute           source C:/Xilinx/2025.1/Vitis/tps/tcl/tcllib2.0/md5crypt/pkgIndex.tcl 
Execute           source C:/Xilinx/2025.1/Vitis/tps/tcl/tcllib2.0/mime/pkgIndex.tcl 
Execute           source C:/Xilinx/2025.1/Vitis/tps/tcl/tcllib2.0/mkdoc/pkgIndex.tcl 
Execute           source C:/Xilinx/2025.1/Vitis/tps/tcl/tcllib2.0/multiplexer/pkgIndex.tcl 
Execute           source C:/Xilinx/2025.1/Vitis/tps/tcl/tcllib2.0/namespacex/pkgIndex.tcl 
Execute           source C:/Xilinx/2025.1/Vitis/tps/tcl/tcllib2.0/ncgi/pkgIndex.tcl 
Execute           source C:/Xilinx/2025.1/Vitis/tps/tcl/tcllib2.0/nettool/pkgIndex.tcl 
Execute           source C:/Xilinx/2025.1/Vitis/tps/tcl/tcllib2.0/nmea/pkgIndex.tcl 
Execute           source C:/Xilinx/2025.1/Vitis/tps/tcl/tcllib2.0/nns/pkgIndex.tcl 
Execute           source C:/Xilinx/2025.1/Vitis/tps/tcl/tcllib2.0/nntp/pkgIndex.tcl 
Execute           source C:/Xilinx/2025.1/Vitis/tps/tcl/tcllib2.0/ntp/pkgIndex.tcl 
Execute           source C:/Xilinx/2025.1/Vitis/tps/tcl/tcllib2.0/oauth/pkgIndex.tcl 
Execute           source C:/Xilinx/2025.1/Vitis/tps/tcl/tcllib2.0/oodialect/pkgIndex.tcl 
Execute           source C:/Xilinx/2025.1/Vitis/tps/tcl/tcllib2.0/oometa/pkgIndex.tcl 
Execute           source C:/Xilinx/2025.1/Vitis/tps/tcl/tcllib2.0/ooutil/pkgIndex.tcl 
Execute           source C:/Xilinx/2025.1/Vitis/tps/tcl/tcllib2.0/otp/pkgIndex.tcl 
Execute           source C:/Xilinx/2025.1/Vitis/tps/tcl/tcllib2.0/page/pkgIndex.tcl 
Execute           source C:/Xilinx/2025.1/Vitis/tps/tcl/tcllib2.0/pluginmgr/pkgIndex.tcl 
Execute           source C:/Xilinx/2025.1/Vitis/tps/tcl/tcllib2.0/png/pkgIndex.tcl 
Execute           source C:/Xilinx/2025.1/Vitis/tps/tcl/tcllib2.0/pop3/pkgIndex.tcl 
Execute           source C:/Xilinx/2025.1/Vitis/tps/tcl/tcllib2.0/pop3d/pkgIndex.tcl 
Execute           source C:/Xilinx/2025.1/Vitis/tps/tcl/tcllib2.0/practcl/pkgIndex.tcl 
Execute           source C:/Xilinx/2025.1/Vitis/tps/tcl/tcllib2.0/processman/pkgIndex.tcl 
Execute           source C:/Xilinx/2025.1/Vitis/tps/tcl/tcllib2.0/profiler/pkgIndex.tcl 
Execute           source C:/Xilinx/2025.1/Vitis/tps/tcl/tcllib2.0/pt/pkgIndex.tcl 
Execute           source C:/Xilinx/2025.1/Vitis/tps/tcl/tcllib2.0/rcs/pkgIndex.tcl 
Execute           source C:/Xilinx/2025.1/Vitis/tps/tcl/tcllib2.0/report/pkgIndex.tcl 
Execute           source C:/Xilinx/2025.1/Vitis/tps/tcl/tcllib2.0/rest/pkgIndex.tcl 
Execute           source C:/Xilinx/2025.1/Vitis/tps/tcl/tcllib2.0/ripemd/pkgIndex.tcl 
Execute           source C:/Xilinx/2025.1/Vitis/tps/tcl/tcllib2.0/sasl/pkgIndex.tcl 
Execute           source C:/Xilinx/2025.1/Vitis/tps/tcl/tcllib2.0/sha1/pkgIndex.tcl 
Execute           source C:/Xilinx/2025.1/Vitis/tps/tcl/tcllib2.0/simulation/pkgIndex.tcl 
Execute           source C:/Xilinx/2025.1/Vitis/tps/tcl/tcllib2.0/smtpd/pkgIndex.tcl 
Execute           source C:/Xilinx/2025.1/Vitis/tps/tcl/tcllib2.0/snit/pkgIndex.tcl 
Execute           source C:/Xilinx/2025.1/Vitis/tps/tcl/tcllib2.0/soundex/pkgIndex.tcl 
Execute           source C:/Xilinx/2025.1/Vitis/tps/tcl/tcllib2.0/stooop/pkgIndex.tcl 
Execute           source C:/Xilinx/2025.1/Vitis/tps/tcl/tcllib2.0/string/pkgIndex.tcl 
Execute           source C:/Xilinx/2025.1/Vitis/tps/tcl/tcllib2.0/stringprep/pkgIndex.tcl 
Execute           source C:/Xilinx/2025.1/Vitis/tps/tcl/tcllib2.0/struct/pkgIndex.tcl 
Execute           source C:/Xilinx/2025.1/Vitis/tps/tcl/tcllib2.0/tar/pkgIndex.tcl 
Execute           source C:/Xilinx/2025.1/Vitis/tps/tcl/tcllib2.0/tepam/pkgIndex.tcl 
Execute           source C:/Xilinx/2025.1/Vitis/tps/tcl/tcllib2.0/term/pkgIndex.tcl 
Execute           source C:/Xilinx/2025.1/Vitis/tps/tcl/tcllib2.0/textutil/pkgIndex.tcl 
Execute           source C:/Xilinx/2025.1/Vitis/tps/tcl/tcllib2.0/tie/pkgIndex.tcl 
Execute           source C:/Xilinx/2025.1/Vitis/tps/tcl/tcllib2.0/tiff/pkgIndex.tcl 
Execute           source C:/Xilinx/2025.1/Vitis/tps/tcl/tcllib2.0/tool/pkgIndex.tcl 
Execute           source C:/Xilinx/2025.1/Vitis/tps/tcl/tcllib2.0/transfer/pkgIndex.tcl 
Execute           source C:/Xilinx/2025.1/Vitis/tps/tcl/tcllib2.0/treeql/pkgIndex.tcl 
Execute           source C:/Xilinx/2025.1/Vitis/tps/tcl/tcllib2.0/try/pkgIndex.tcl 
Execute           source C:/Xilinx/2025.1/Vitis/tps/tcl/tcllib2.0/udpcluster/pkgIndex.tcl 
Execute           source C:/Xilinx/2025.1/Vitis/tps/tcl/tcllib2.0/uev/pkgIndex.tcl 
Execute           source C:/Xilinx/2025.1/Vitis/tps/tcl/tcllib2.0/units/pkgIndex.tcl 
Execute           source C:/Xilinx/2025.1/Vitis/tps/tcl/tcllib2.0/uri/pkgIndex.tcl 
Execute           source C:/Xilinx/2025.1/Vitis/tps/tcl/tcllib2.0/uuid/pkgIndex.tcl 
Execute           source C:/Xilinx/2025.1/Vitis/tps/tcl/tcllib2.0/valtype/pkgIndex.tcl 
Execute           source C:/Xilinx/2025.1/Vitis/tps/tcl/tcllib2.0/virtchannel_base/pkgIndex.tcl 
Execute           source C:/Xilinx/2025.1/Vitis/tps/tcl/tcllib2.0/virtchannel_core/pkgIndex.tcl 
Execute           source C:/Xilinx/2025.1/Vitis/tps/tcl/tcllib2.0/virtchannel_transform/pkgIndex.tcl 
Execute           source C:/Xilinx/2025.1/Vitis/tps/tcl/tcllib2.0/websocket/pkgIndex.tcl 
Execute           source C:/Xilinx/2025.1/Vitis/tps/tcl/tcllib2.0/wip/pkgIndex.tcl 
Execute           source C:/Xilinx/2025.1/Vitis/tps/tcl/tcllib2.0/yaml/pkgIndex.tcl 
Execute           source C:/Xilinx/2025.1/Vitis/tps/tcl/tcllib2.0/zip/pkgIndex.tcl 
Execute           source C:/Xilinx/2025.1/Vitis/tps/tcl/tcllib2.0/pkgIndex.tcl 
Execute             source C:/Xilinx/2025.1/Vitis/tps/tcl/tcllib2.0/0compatibility/pkgIndex.tcl 
Execute             source C:/Xilinx/2025.1/Vitis/tps/tcl/tcllib2.0/amazon-s3/pkgIndex.tcl 
Execute             source C:/Xilinx/2025.1/Vitis/tps/tcl/tcllib2.0/asn/pkgIndex.tcl 
Execute             source C:/Xilinx/2025.1/Vitis/tps/tcl/tcllib2.0/base32/pkgIndex.tcl 
Execute             source C:/Xilinx/2025.1/Vitis/tps/tcl/tcllib2.0/base64/pkgIndex.tcl 
Execute             source C:/Xilinx/2025.1/Vitis/tps/tcl/tcllib2.0/bee/pkgIndex.tcl 
Execute             source C:/Xilinx/2025.1/Vitis/tps/tcl/tcllib2.0/bench/pkgIndex.tcl 
Execute             source C:/Xilinx/2025.1/Vitis/tps/tcl/tcllib2.0/bibtex/pkgIndex.tcl 
Execute             source C:/Xilinx/2025.1/Vitis/tps/tcl/tcllib2.0/cache/pkgIndex.tcl 
Execute             source C:/Xilinx/2025.1/Vitis/tps/tcl/tcllib2.0/clay/pkgIndex.tcl 
Execute             source C:/Xilinx/2025.1/Vitis/tps/tcl/tcllib2.0/clock/pkgIndex.tcl 
Execute             source C:/Xilinx/2025.1/Vitis/tps/tcl/tcllib2.0/cmdline/pkgIndex.tcl 
Execute             source C:/Xilinx/2025.1/Vitis/tps/tcl/tcllib2.0/comm/pkgIndex.tcl 
Execute             source C:/Xilinx/2025.1/Vitis/tps/tcl/tcllib2.0/control/pkgIndex.tcl 
Execute             source C:/Xilinx/2025.1/Vitis/tps/tcl/tcllib2.0/coroutine/pkgIndex.tcl 
Execute             source C:/Xilinx/2025.1/Vitis/tps/tcl/tcllib2.0/counter/pkgIndex.tcl 
Execute             source C:/Xilinx/2025.1/Vitis/tps/tcl/tcllib2.0/crc/pkgIndex.tcl 
Execute             source C:/Xilinx/2025.1/Vitis/tps/tcl/tcllib2.0/cron/pkgIndex.tcl 
Execute             source C:/Xilinx/2025.1/Vitis/tps/tcl/tcllib2.0/csv/pkgIndex.tcl 
Execute             source C:/Xilinx/2025.1/Vitis/tps/tcl/tcllib2.0/debug/pkgIndex.tcl 
Execute             source C:/Xilinx/2025.1/Vitis/tps/tcl/tcllib2.0/defer/pkgIndex.tcl 
Execute             source C:/Xilinx/2025.1/Vitis/tps/tcl/tcllib2.0/dicttool/pkgIndex.tcl 
Execute             source C:/Xilinx/2025.1/Vitis/tps/tcl/tcllib2.0/dns/pkgIndex.tcl 
Execute             source C:/Xilinx/2025.1/Vitis/tps/tcl/tcllib2.0/docstrip/pkgIndex.tcl 
Execute             source C:/Xilinx/2025.1/Vitis/tps/tcl/tcllib2.0/doctools/pkgIndex.tcl 
Execute             source C:/Xilinx/2025.1/Vitis/tps/tcl/tcllib2.0/doctools2base/pkgIndex.tcl 
Execute             source C:/Xilinx/2025.1/Vitis/tps/tcl/tcllib2.0/doctools2idx/pkgIndex.tcl 
Execute             source C:/Xilinx/2025.1/Vitis/tps/tcl/tcllib2.0/doctools2toc/pkgIndex.tcl 
Execute             source C:/Xilinx/2025.1/Vitis/tps/tcl/tcllib2.0/dtplite/pkgIndex.tcl 
Execute             source C:/Xilinx/2025.1/Vitis/tps/tcl/tcllib2.0/fileutil/pkgIndex.tcl 
Execute             source C:/Xilinx/2025.1/Vitis/tps/tcl/tcllib2.0/ftp/pkgIndex.tcl 
Execute             source C:/Xilinx/2025.1/Vitis/tps/tcl/tcllib2.0/ftpd/pkgIndex.tcl 
Execute             source C:/Xilinx/2025.1/Vitis/tps/tcl/tcllib2.0/fumagic/pkgIndex.tcl 
Execute             source C:/Xilinx/2025.1/Vitis/tps/tcl/tcllib2.0/generator/pkgIndex.tcl 
Execute             source C:/Xilinx/2025.1/Vitis/tps/tcl/tcllib2.0/gpx/pkgIndex.tcl 
Execute             source C:/Xilinx/2025.1/Vitis/tps/tcl/tcllib2.0/grammar_aycock/pkgIndex.tcl 
Execute             source C:/Xilinx/2025.1/Vitis/tps/tcl/tcllib2.0/grammar_fa/pkgIndex.tcl 
Execute             source C:/Xilinx/2025.1/Vitis/tps/tcl/tcllib2.0/grammar_me/pkgIndex.tcl 
Execute             source C:/Xilinx/2025.1/Vitis/tps/tcl/tcllib2.0/grammar_peg/pkgIndex.tcl 
Execute             source C:/Xilinx/2025.1/Vitis/tps/tcl/tcllib2.0/hook/pkgIndex.tcl 
Execute             source C:/Xilinx/2025.1/Vitis/tps/tcl/tcllib2.0/html/pkgIndex.tcl 
Execute             source C:/Xilinx/2025.1/Vitis/tps/tcl/tcllib2.0/htmlparse/pkgIndex.tcl 
Execute             source C:/Xilinx/2025.1/Vitis/tps/tcl/tcllib2.0/http/pkgIndex.tcl 
Execute             source C:/Xilinx/2025.1/Vitis/tps/tcl/tcllib2.0/httpd/pkgIndex.tcl 
Execute             source C:/Xilinx/2025.1/Vitis/tps/tcl/tcllib2.0/httpwget/pkgIndex.tcl 
Execute             source C:/Xilinx/2025.1/Vitis/tps/tcl/tcllib2.0/ident/pkgIndex.tcl 
Execute             source C:/Xilinx/2025.1/Vitis/tps/tcl/tcllib2.0/imap4/pkgIndex.tcl 
Execute             source C:/Xilinx/2025.1/Vitis/tps/tcl/tcllib2.0/inifile/pkgIndex.tcl 
Execute             source C:/Xilinx/2025.1/Vitis/tps/tcl/tcllib2.0/interp/pkgIndex.tcl 
Execute             source C:/Xilinx/2025.1/Vitis/tps/tcl/tcllib2.0/irc/pkgIndex.tcl 
Execute             source C:/Xilinx/2025.1/Vitis/tps/tcl/tcllib2.0/javascript/pkgIndex.tcl 
Execute             source C:/Xilinx/2025.1/Vitis/tps/tcl/tcllib2.0/jpeg/pkgIndex.tcl 
Execute             source C:/Xilinx/2025.1/Vitis/tps/tcl/tcllib2.0/json/pkgIndex.tcl 
Execute             source C:/Xilinx/2025.1/Vitis/tps/tcl/tcllib2.0/lambda/pkgIndex.tcl 
Execute             source C:/Xilinx/2025.1/Vitis/tps/tcl/tcllib2.0/lazyset/pkgIndex.tcl 
Execute             source C:/Xilinx/2025.1/Vitis/tps/tcl/tcllib2.0/ldap/pkgIndex.tcl 
Execute             source C:/Xilinx/2025.1/Vitis/tps/tcl/tcllib2.0/log/pkgIndex.tcl 
Execute             source C:/Xilinx/2025.1/Vitis/tps/tcl/tcllib2.0/map/pkgIndex.tcl 
Execute             source C:/Xilinx/2025.1/Vitis/tps/tcl/tcllib2.0/mapproj/pkgIndex.tcl 
Execute             source C:/Xilinx/2025.1/Vitis/tps/tcl/tcllib2.0/markdown/pkgIndex.tcl 
Execute             source C:/Xilinx/2025.1/Vitis/tps/tcl/tcllib2.0/math/pkgIndex.tcl 
Execute             source C:/Xilinx/2025.1/Vitis/tps/tcl/tcllib2.0/md4/pkgIndex.tcl 
Execute             source C:/Xilinx/2025.1/Vitis/tps/tcl/tcllib2.0/md5/pkgIndex.tcl 
Execute             source C:/Xilinx/2025.1/Vitis/tps/tcl/tcllib2.0/md5crypt/pkgIndex.tcl 
Execute             source C:/Xilinx/2025.1/Vitis/tps/tcl/tcllib2.0/mime/pkgIndex.tcl 
Execute             source C:/Xilinx/2025.1/Vitis/tps/tcl/tcllib2.0/mkdoc/pkgIndex.tcl 
Execute             source C:/Xilinx/2025.1/Vitis/tps/tcl/tcllib2.0/multiplexer/pkgIndex.tcl 
Execute             source C:/Xilinx/2025.1/Vitis/tps/tcl/tcllib2.0/namespacex/pkgIndex.tcl 
Execute             source C:/Xilinx/2025.1/Vitis/tps/tcl/tcllib2.0/ncgi/pkgIndex.tcl 
Execute             source C:/Xilinx/2025.1/Vitis/tps/tcl/tcllib2.0/nettool/pkgIndex.tcl 
Execute             source C:/Xilinx/2025.1/Vitis/tps/tcl/tcllib2.0/nmea/pkgIndex.tcl 
Execute             source C:/Xilinx/2025.1/Vitis/tps/tcl/tcllib2.0/nns/pkgIndex.tcl 
Execute             source C:/Xilinx/2025.1/Vitis/tps/tcl/tcllib2.0/nntp/pkgIndex.tcl 
Execute             source C:/Xilinx/2025.1/Vitis/tps/tcl/tcllib2.0/ntp/pkgIndex.tcl 
Execute             source C:/Xilinx/2025.1/Vitis/tps/tcl/tcllib2.0/oauth/pkgIndex.tcl 
Execute             source C:/Xilinx/2025.1/Vitis/tps/tcl/tcllib2.0/oodialect/pkgIndex.tcl 
Execute             source C:/Xilinx/2025.1/Vitis/tps/tcl/tcllib2.0/oometa/pkgIndex.tcl 
Execute             source C:/Xilinx/2025.1/Vitis/tps/tcl/tcllib2.0/ooutil/pkgIndex.tcl 
Execute             source C:/Xilinx/2025.1/Vitis/tps/tcl/tcllib2.0/otp/pkgIndex.tcl 
Execute             source C:/Xilinx/2025.1/Vitis/tps/tcl/tcllib2.0/page/pkgIndex.tcl 
Execute             source C:/Xilinx/2025.1/Vitis/tps/tcl/tcllib2.0/pluginmgr/pkgIndex.tcl 
Execute             source C:/Xilinx/2025.1/Vitis/tps/tcl/tcllib2.0/png/pkgIndex.tcl 
Execute             source C:/Xilinx/2025.1/Vitis/tps/tcl/tcllib2.0/pop3/pkgIndex.tcl 
Execute             source C:/Xilinx/2025.1/Vitis/tps/tcl/tcllib2.0/pop3d/pkgIndex.tcl 
Execute             source C:/Xilinx/2025.1/Vitis/tps/tcl/tcllib2.0/practcl/pkgIndex.tcl 
Execute             source C:/Xilinx/2025.1/Vitis/tps/tcl/tcllib2.0/processman/pkgIndex.tcl 
Execute             source C:/Xilinx/2025.1/Vitis/tps/tcl/tcllib2.0/profiler/pkgIndex.tcl 
Execute             source C:/Xilinx/2025.1/Vitis/tps/tcl/tcllib2.0/pt/pkgIndex.tcl 
Execute             source C:/Xilinx/2025.1/Vitis/tps/tcl/tcllib2.0/rcs/pkgIndex.tcl 
Execute             source C:/Xilinx/2025.1/Vitis/tps/tcl/tcllib2.0/report/pkgIndex.tcl 
Execute             source C:/Xilinx/2025.1/Vitis/tps/tcl/tcllib2.0/rest/pkgIndex.tcl 
Execute             source C:/Xilinx/2025.1/Vitis/tps/tcl/tcllib2.0/ripemd/pkgIndex.tcl 
Execute             source C:/Xilinx/2025.1/Vitis/tps/tcl/tcllib2.0/sasl/pkgIndex.tcl 
Execute             source C:/Xilinx/2025.1/Vitis/tps/tcl/tcllib2.0/sha1/pkgIndex.tcl 
Execute             source C:/Xilinx/2025.1/Vitis/tps/tcl/tcllib2.0/simulation/pkgIndex.tcl 
Execute             source C:/Xilinx/2025.1/Vitis/tps/tcl/tcllib2.0/smtpd/pkgIndex.tcl 
Execute             source C:/Xilinx/2025.1/Vitis/tps/tcl/tcllib2.0/snit/pkgIndex.tcl 
Execute             source C:/Xilinx/2025.1/Vitis/tps/tcl/tcllib2.0/soundex/pkgIndex.tcl 
Execute             source C:/Xilinx/2025.1/Vitis/tps/tcl/tcllib2.0/stooop/pkgIndex.tcl 
Execute             source C:/Xilinx/2025.1/Vitis/tps/tcl/tcllib2.0/string/pkgIndex.tcl 
Execute             source C:/Xilinx/2025.1/Vitis/tps/tcl/tcllib2.0/stringprep/pkgIndex.tcl 
Execute             source C:/Xilinx/2025.1/Vitis/tps/tcl/tcllib2.0/struct/pkgIndex.tcl 
Execute             source C:/Xilinx/2025.1/Vitis/tps/tcl/tcllib2.0/tar/pkgIndex.tcl 
Execute             source C:/Xilinx/2025.1/Vitis/tps/tcl/tcllib2.0/tepam/pkgIndex.tcl 
Execute             source C:/Xilinx/2025.1/Vitis/tps/tcl/tcllib2.0/term/pkgIndex.tcl 
Execute             source C:/Xilinx/2025.1/Vitis/tps/tcl/tcllib2.0/textutil/pkgIndex.tcl 
Execute             source C:/Xilinx/2025.1/Vitis/tps/tcl/tcllib2.0/tie/pkgIndex.tcl 
Execute             source C:/Xilinx/2025.1/Vitis/tps/tcl/tcllib2.0/tiff/pkgIndex.tcl 
Execute             source C:/Xilinx/2025.1/Vitis/tps/tcl/tcllib2.0/tool/pkgIndex.tcl 
Execute             source C:/Xilinx/2025.1/Vitis/tps/tcl/tcllib2.0/transfer/pkgIndex.tcl 
Execute             source C:/Xilinx/2025.1/Vitis/tps/tcl/tcllib2.0/treeql/pkgIndex.tcl 
Execute             source C:/Xilinx/2025.1/Vitis/tps/tcl/tcllib2.0/try/pkgIndex.tcl 
Execute             source C:/Xilinx/2025.1/Vitis/tps/tcl/tcllib2.0/udpcluster/pkgIndex.tcl 
Execute             source C:/Xilinx/2025.1/Vitis/tps/tcl/tcllib2.0/uev/pkgIndex.tcl 
Execute             source C:/Xilinx/2025.1/Vitis/tps/tcl/tcllib2.0/units/pkgIndex.tcl 
Execute             source C:/Xilinx/2025.1/Vitis/tps/tcl/tcllib2.0/uri/pkgIndex.tcl 
Execute             source C:/Xilinx/2025.1/Vitis/tps/tcl/tcllib2.0/uuid/pkgIndex.tcl 
Execute             source C:/Xilinx/2025.1/Vitis/tps/tcl/tcllib2.0/valtype/pkgIndex.tcl 
Execute             source C:/Xilinx/2025.1/Vitis/tps/tcl/tcllib2.0/virtchannel_base/pkgIndex.tcl 
Execute             source C:/Xilinx/2025.1/Vitis/tps/tcl/tcllib2.0/virtchannel_core/pkgIndex.tcl 
Execute             source C:/Xilinx/2025.1/Vitis/tps/tcl/tcllib2.0/virtchannel_transform/pkgIndex.tcl 
Execute             source C:/Xilinx/2025.1/Vitis/tps/tcl/tcllib2.0/websocket/pkgIndex.tcl 
Execute             source C:/Xilinx/2025.1/Vitis/tps/tcl/tcllib2.0/wip/pkgIndex.tcl 
Execute             source C:/Xilinx/2025.1/Vitis/tps/tcl/tcllib2.0/yaml/pkgIndex.tcl 
Execute             source C:/Xilinx/2025.1/Vitis/tps/tcl/tcllib2.0/zip/pkgIndex.tcl 
Command           ap_source done; 0.121 sec.
Execute           source C:/Xilinx/2025.1/Vitis/tps/tcl/tdom/pkgIndex.tcl 
Execute           source C:/Xilinx/2025.1/Vitis/tps/tcl/tcl8.6/opt0.4/pkgIndex.tcl 
Execute           source C:/Xilinx/2025.1/Vitis/tps/tcl/tcl8.6/pkgs/win/thread2.8.7/pkgIndex.tcl 
Command         ap_source done; 0.269 sec.
Execute         source C:/Xilinx/2025.1/Vitis/tps/tcl/tcllib2.0/0compatibility/pkgIndex.tcl 
Execute         source C:/Xilinx/2025.1/Vitis/tps/tcl/tcllib2.0/amazon-s3/pkgIndex.tcl 
Execute         source C:/Xilinx/2025.1/Vitis/tps/tcl/tcllib2.0/asn/pkgIndex.tcl 
Execute         source C:/Xilinx/2025.1/Vitis/tps/tcl/tcllib2.0/base32/pkgIndex.tcl 
Execute         source C:/Xilinx/2025.1/Vitis/tps/tcl/tcllib2.0/base64/pkgIndex.tcl 
Execute         source C:/Xilinx/2025.1/Vitis/tps/tcl/tcllib2.0/bee/pkgIndex.tcl 
Execute         source C:/Xilinx/2025.1/Vitis/tps/tcl/tcllib2.0/bench/pkgIndex.tcl 
Execute         source C:/Xilinx/2025.1/Vitis/tps/tcl/tcllib2.0/bibtex/pkgIndex.tcl 
Execute         source C:/Xilinx/2025.1/Vitis/tps/tcl/tcllib2.0/cache/pkgIndex.tcl 
Execute         source C:/Xilinx/2025.1/Vitis/tps/tcl/tcllib2.0/clay/pkgIndex.tcl 
Execute         source C:/Xilinx/2025.1/Vitis/tps/tcl/tcllib2.0/clock/pkgIndex.tcl 
Execute         source C:/Xilinx/2025.1/Vitis/tps/tcl/tcllib2.0/cmdline/pkgIndex.tcl 
Execute         source C:/Xilinx/2025.1/Vitis/tps/tcl/tcllib2.0/comm/pkgIndex.tcl 
Execute         source C:/Xilinx/2025.1/Vitis/tps/tcl/tcllib2.0/control/pkgIndex.tcl 
Execute         source C:/Xilinx/2025.1/Vitis/tps/tcl/tcllib2.0/coroutine/pkgIndex.tcl 
Execute         source C:/Xilinx/2025.1/Vitis/tps/tcl/tcllib2.0/counter/pkgIndex.tcl 
Execute         source C:/Xilinx/2025.1/Vitis/tps/tcl/tcllib2.0/crc/pkgIndex.tcl 
Execute         source C:/Xilinx/2025.1/Vitis/tps/tcl/tcllib2.0/cron/pkgIndex.tcl 
Execute         source C:/Xilinx/2025.1/Vitis/tps/tcl/tcllib2.0/csv/pkgIndex.tcl 
Execute         source C:/Xilinx/2025.1/Vitis/tps/tcl/tcllib2.0/debug/pkgIndex.tcl 
Execute         source C:/Xilinx/2025.1/Vitis/tps/tcl/tcllib2.0/defer/pkgIndex.tcl 
Execute         source C:/Xilinx/2025.1/Vitis/tps/tcl/tcllib2.0/dicttool/pkgIndex.tcl 
Execute         source C:/Xilinx/2025.1/Vitis/tps/tcl/tcllib2.0/dns/pkgIndex.tcl 
Execute         source C:/Xilinx/2025.1/Vitis/tps/tcl/tcllib2.0/docstrip/pkgIndex.tcl 
Execute         source C:/Xilinx/2025.1/Vitis/tps/tcl/tcllib2.0/doctools/pkgIndex.tcl 
Execute         source C:/Xilinx/2025.1/Vitis/tps/tcl/tcllib2.0/doctools2base/pkgIndex.tcl 
Execute         source C:/Xilinx/2025.1/Vitis/tps/tcl/tcllib2.0/doctools2idx/pkgIndex.tcl 
Execute         source C:/Xilinx/2025.1/Vitis/tps/tcl/tcllib2.0/doctools2toc/pkgIndex.tcl 
Execute         source C:/Xilinx/2025.1/Vitis/tps/tcl/tcllib2.0/dtplite/pkgIndex.tcl 
Execute         source C:/Xilinx/2025.1/Vitis/tps/tcl/tcllib2.0/fileutil/pkgIndex.tcl 
Execute         source C:/Xilinx/2025.1/Vitis/tps/tcl/tcllib2.0/ftp/pkgIndex.tcl 
Execute         source C:/Xilinx/2025.1/Vitis/tps/tcl/tcllib2.0/ftpd/pkgIndex.tcl 
Execute         source C:/Xilinx/2025.1/Vitis/tps/tcl/tcllib2.0/fumagic/pkgIndex.tcl 
Execute         source C:/Xilinx/2025.1/Vitis/tps/tcl/tcllib2.0/generator/pkgIndex.tcl 
Execute         source C:/Xilinx/2025.1/Vitis/tps/tcl/tcllib2.0/gpx/pkgIndex.tcl 
Execute         source C:/Xilinx/2025.1/Vitis/tps/tcl/tcllib2.0/grammar_aycock/pkgIndex.tcl 
Execute         source C:/Xilinx/2025.1/Vitis/tps/tcl/tcllib2.0/grammar_fa/pkgIndex.tcl 
Execute         source C:/Xilinx/2025.1/Vitis/tps/tcl/tcllib2.0/grammar_me/pkgIndex.tcl 
Execute         source C:/Xilinx/2025.1/Vitis/tps/tcl/tcllib2.0/grammar_peg/pkgIndex.tcl 
Execute         source C:/Xilinx/2025.1/Vitis/tps/tcl/tcllib2.0/hook/pkgIndex.tcl 
Execute         source C:/Xilinx/2025.1/Vitis/tps/tcl/tcllib2.0/html/pkgIndex.tcl 
Execute         source C:/Xilinx/2025.1/Vitis/tps/tcl/tcllib2.0/htmlparse/pkgIndex.tcl 
Execute         source C:/Xilinx/2025.1/Vitis/tps/tcl/tcllib2.0/http/pkgIndex.tcl 
Execute         source C:/Xilinx/2025.1/Vitis/tps/tcl/tcllib2.0/httpd/pkgIndex.tcl 
Execute         source C:/Xilinx/2025.1/Vitis/tps/tcl/tcllib2.0/httpwget/pkgIndex.tcl 
Execute         source C:/Xilinx/2025.1/Vitis/tps/tcl/tcllib2.0/ident/pkgIndex.tcl 
Execute         source C:/Xilinx/2025.1/Vitis/tps/tcl/tcllib2.0/imap4/pkgIndex.tcl 
Execute         source C:/Xilinx/2025.1/Vitis/tps/tcl/tcllib2.0/inifile/pkgIndex.tcl 
Execute         source C:/Xilinx/2025.1/Vitis/tps/tcl/tcllib2.0/interp/pkgIndex.tcl 
Execute         source C:/Xilinx/2025.1/Vitis/tps/tcl/tcllib2.0/irc/pkgIndex.tcl 
Execute         source C:/Xilinx/2025.1/Vitis/tps/tcl/tcllib2.0/javascript/pkgIndex.tcl 
Execute         source C:/Xilinx/2025.1/Vitis/tps/tcl/tcllib2.0/jpeg/pkgIndex.tcl 
Execute         source C:/Xilinx/2025.1/Vitis/tps/tcl/tcllib2.0/json/pkgIndex.tcl 
Execute         source C:/Xilinx/2025.1/Vitis/tps/tcl/tcllib2.0/lambda/pkgIndex.tcl 
Execute         source C:/Xilinx/2025.1/Vitis/tps/tcl/tcllib2.0/lazyset/pkgIndex.tcl 
Execute         source C:/Xilinx/2025.1/Vitis/tps/tcl/tcllib2.0/ldap/pkgIndex.tcl 
Execute         source C:/Xilinx/2025.1/Vitis/tps/tcl/tcllib2.0/log/pkgIndex.tcl 
Execute         source C:/Xilinx/2025.1/Vitis/tps/tcl/tcllib2.0/map/pkgIndex.tcl 
Execute         source C:/Xilinx/2025.1/Vitis/tps/tcl/tcllib2.0/mapproj/pkgIndex.tcl 
Execute         source C:/Xilinx/2025.1/Vitis/tps/tcl/tcllib2.0/markdown/pkgIndex.tcl 
Execute         source C:/Xilinx/2025.1/Vitis/tps/tcl/tcllib2.0/math/pkgIndex.tcl 
Execute         source C:/Xilinx/2025.1/Vitis/tps/tcl/tcllib2.0/md4/pkgIndex.tcl 
Execute         source C:/Xilinx/2025.1/Vitis/tps/tcl/tcllib2.0/md5/pkgIndex.tcl 
Execute         source C:/Xilinx/2025.1/Vitis/tps/tcl/tcllib2.0/md5crypt/pkgIndex.tcl 
Execute         source C:/Xilinx/2025.1/Vitis/tps/tcl/tcllib2.0/mime/pkgIndex.tcl 
Execute         source C:/Xilinx/2025.1/Vitis/tps/tcl/tcllib2.0/mkdoc/pkgIndex.tcl 
Execute         source C:/Xilinx/2025.1/Vitis/tps/tcl/tcllib2.0/multiplexer/pkgIndex.tcl 
Execute         source C:/Xilinx/2025.1/Vitis/tps/tcl/tcllib2.0/namespacex/pkgIndex.tcl 
Execute         source C:/Xilinx/2025.1/Vitis/tps/tcl/tcllib2.0/ncgi/pkgIndex.tcl 
Execute         source C:/Xilinx/2025.1/Vitis/tps/tcl/tcllib2.0/nettool/pkgIndex.tcl 
Execute         source C:/Xilinx/2025.1/Vitis/tps/tcl/tcllib2.0/nmea/pkgIndex.tcl 
Execute         source C:/Xilinx/2025.1/Vitis/tps/tcl/tcllib2.0/nns/pkgIndex.tcl 
Execute         source C:/Xilinx/2025.1/Vitis/tps/tcl/tcllib2.0/nntp/pkgIndex.tcl 
Execute         source C:/Xilinx/2025.1/Vitis/tps/tcl/tcllib2.0/ntp/pkgIndex.tcl 
Execute         source C:/Xilinx/2025.1/Vitis/tps/tcl/tcllib2.0/oauth/pkgIndex.tcl 
Execute         source C:/Xilinx/2025.1/Vitis/tps/tcl/tcllib2.0/oodialect/pkgIndex.tcl 
Execute         source C:/Xilinx/2025.1/Vitis/tps/tcl/tcllib2.0/oometa/pkgIndex.tcl 
Execute         source C:/Xilinx/2025.1/Vitis/tps/tcl/tcllib2.0/ooutil/pkgIndex.tcl 
Execute         source C:/Xilinx/2025.1/Vitis/tps/tcl/tcllib2.0/otp/pkgIndex.tcl 
Execute         source C:/Xilinx/2025.1/Vitis/tps/tcl/tcllib2.0/page/pkgIndex.tcl 
Execute         source C:/Xilinx/2025.1/Vitis/tps/tcl/tcllib2.0/pluginmgr/pkgIndex.tcl 
Execute         source C:/Xilinx/2025.1/Vitis/tps/tcl/tcllib2.0/png/pkgIndex.tcl 
Execute         source C:/Xilinx/2025.1/Vitis/tps/tcl/tcllib2.0/pop3/pkgIndex.tcl 
Execute         source C:/Xilinx/2025.1/Vitis/tps/tcl/tcllib2.0/pop3d/pkgIndex.tcl 
Execute         source C:/Xilinx/2025.1/Vitis/tps/tcl/tcllib2.0/practcl/pkgIndex.tcl 
Execute         source C:/Xilinx/2025.1/Vitis/tps/tcl/tcllib2.0/processman/pkgIndex.tcl 
Execute         source C:/Xilinx/2025.1/Vitis/tps/tcl/tcllib2.0/profiler/pkgIndex.tcl 
Execute         source C:/Xilinx/2025.1/Vitis/tps/tcl/tcllib2.0/pt/pkgIndex.tcl 
Execute         source C:/Xilinx/2025.1/Vitis/tps/tcl/tcllib2.0/rcs/pkgIndex.tcl 
Execute         source C:/Xilinx/2025.1/Vitis/tps/tcl/tcllib2.0/report/pkgIndex.tcl 
Execute         source C:/Xilinx/2025.1/Vitis/tps/tcl/tcllib2.0/rest/pkgIndex.tcl 
Execute         source C:/Xilinx/2025.1/Vitis/tps/tcl/tcllib2.0/ripemd/pkgIndex.tcl 
Execute         source C:/Xilinx/2025.1/Vitis/tps/tcl/tcllib2.0/sasl/pkgIndex.tcl 
Execute         source C:/Xilinx/2025.1/Vitis/tps/tcl/tcllib2.0/sha1/pkgIndex.tcl 
Execute         source C:/Xilinx/2025.1/Vitis/tps/tcl/tcllib2.0/simulation/pkgIndex.tcl 
Execute         source C:/Xilinx/2025.1/Vitis/tps/tcl/tcllib2.0/smtpd/pkgIndex.tcl 
Execute         source C:/Xilinx/2025.1/Vitis/tps/tcl/tcllib2.0/snit/pkgIndex.tcl 
Execute         source C:/Xilinx/2025.1/Vitis/tps/tcl/tcllib2.0/soundex/pkgIndex.tcl 
Execute         source C:/Xilinx/2025.1/Vitis/tps/tcl/tcllib2.0/stooop/pkgIndex.tcl 
Execute         source C:/Xilinx/2025.1/Vitis/tps/tcl/tcllib2.0/string/pkgIndex.tcl 
Execute         source C:/Xilinx/2025.1/Vitis/tps/tcl/tcllib2.0/stringprep/pkgIndex.tcl 
Execute         source C:/Xilinx/2025.1/Vitis/tps/tcl/tcllib2.0/struct/pkgIndex.tcl 
Execute         source C:/Xilinx/2025.1/Vitis/tps/tcl/tcllib2.0/tar/pkgIndex.tcl 
Execute         source C:/Xilinx/2025.1/Vitis/tps/tcl/tcllib2.0/tepam/pkgIndex.tcl 
Execute         source C:/Xilinx/2025.1/Vitis/tps/tcl/tcllib2.0/term/pkgIndex.tcl 
Execute         source C:/Xilinx/2025.1/Vitis/tps/tcl/tcllib2.0/textutil/pkgIndex.tcl 
Execute         source C:/Xilinx/2025.1/Vitis/tps/tcl/tcllib2.0/tie/pkgIndex.tcl 
Execute         source C:/Xilinx/2025.1/Vitis/tps/tcl/tcllib2.0/tiff/pkgIndex.tcl 
Execute         source C:/Xilinx/2025.1/Vitis/tps/tcl/tcllib2.0/tool/pkgIndex.tcl 
Execute         source C:/Xilinx/2025.1/Vitis/tps/tcl/tcllib2.0/transfer/pkgIndex.tcl 
Execute         source C:/Xilinx/2025.1/Vitis/tps/tcl/tcllib2.0/treeql/pkgIndex.tcl 
Execute         source C:/Xilinx/2025.1/Vitis/tps/tcl/tcllib2.0/try/pkgIndex.tcl 
Execute         source C:/Xilinx/2025.1/Vitis/tps/tcl/tcllib2.0/udpcluster/pkgIndex.tcl 
Execute         source C:/Xilinx/2025.1/Vitis/tps/tcl/tcllib2.0/uev/pkgIndex.tcl 
Execute         source C:/Xilinx/2025.1/Vitis/tps/tcl/tcllib2.0/units/pkgIndex.tcl 
Execute         source C:/Xilinx/2025.1/Vitis/tps/tcl/tcllib2.0/uri/pkgIndex.tcl 
Execute         source C:/Xilinx/2025.1/Vitis/tps/tcl/tcllib2.0/uuid/pkgIndex.tcl 
Execute         source C:/Xilinx/2025.1/Vitis/tps/tcl/tcllib2.0/valtype/pkgIndex.tcl 
Execute         source C:/Xilinx/2025.1/Vitis/tps/tcl/tcllib2.0/virtchannel_base/pkgIndex.tcl 
Execute         source C:/Xilinx/2025.1/Vitis/tps/tcl/tcllib2.0/virtchannel_core/pkgIndex.tcl 
Execute         source C:/Xilinx/2025.1/Vitis/tps/tcl/tcllib2.0/virtchannel_transform/pkgIndex.tcl 
Execute         source C:/Xilinx/2025.1/Vitis/tps/tcl/tcllib2.0/websocket/pkgIndex.tcl 
Execute         source C:/Xilinx/2025.1/Vitis/tps/tcl/tcllib2.0/wip/pkgIndex.tcl 
Execute         source C:/Xilinx/2025.1/Vitis/tps/tcl/tcllib2.0/yaml/pkgIndex.tcl 
Execute         source C:/Xilinx/2025.1/Vitis/tps/tcl/tcllib2.0/zip/pkgIndex.tcl 
Execute         source C:/Xilinx/2025.1/Vitis/tps/tcl/tcllib2.0/pkgIndex.tcl 
Execute           source C:/Xilinx/2025.1/Vitis/tps/tcl/tcllib2.0/0compatibility/pkgIndex.tcl 
Execute           source C:/Xilinx/2025.1/Vitis/tps/tcl/tcllib2.0/amazon-s3/pkgIndex.tcl 
Execute           source C:/Xilinx/2025.1/Vitis/tps/tcl/tcllib2.0/asn/pkgIndex.tcl 
Execute           source C:/Xilinx/2025.1/Vitis/tps/tcl/tcllib2.0/base32/pkgIndex.tcl 
Execute           source C:/Xilinx/2025.1/Vitis/tps/tcl/tcllib2.0/base64/pkgIndex.tcl 
Execute           source C:/Xilinx/2025.1/Vitis/tps/tcl/tcllib2.0/bee/pkgIndex.tcl 
Execute           source C:/Xilinx/2025.1/Vitis/tps/tcl/tcllib2.0/bench/pkgIndex.tcl 
Execute           source C:/Xilinx/2025.1/Vitis/tps/tcl/tcllib2.0/bibtex/pkgIndex.tcl 
Execute           source C:/Xilinx/2025.1/Vitis/tps/tcl/tcllib2.0/cache/pkgIndex.tcl 
Execute           source C:/Xilinx/2025.1/Vitis/tps/tcl/tcllib2.0/clay/pkgIndex.tcl 
Execute           source C:/Xilinx/2025.1/Vitis/tps/tcl/tcllib2.0/clock/pkgIndex.tcl 
Execute           source C:/Xilinx/2025.1/Vitis/tps/tcl/tcllib2.0/cmdline/pkgIndex.tcl 
Execute           source C:/Xilinx/2025.1/Vitis/tps/tcl/tcllib2.0/comm/pkgIndex.tcl 
Execute           source C:/Xilinx/2025.1/Vitis/tps/tcl/tcllib2.0/control/pkgIndex.tcl 
Execute           source C:/Xilinx/2025.1/Vitis/tps/tcl/tcllib2.0/coroutine/pkgIndex.tcl 
Execute           source C:/Xilinx/2025.1/Vitis/tps/tcl/tcllib2.0/counter/pkgIndex.tcl 
Execute           source C:/Xilinx/2025.1/Vitis/tps/tcl/tcllib2.0/crc/pkgIndex.tcl 
Execute           source C:/Xilinx/2025.1/Vitis/tps/tcl/tcllib2.0/cron/pkgIndex.tcl 
Execute           source C:/Xilinx/2025.1/Vitis/tps/tcl/tcllib2.0/csv/pkgIndex.tcl 
Execute           source C:/Xilinx/2025.1/Vitis/tps/tcl/tcllib2.0/debug/pkgIndex.tcl 
Execute           source C:/Xilinx/2025.1/Vitis/tps/tcl/tcllib2.0/defer/pkgIndex.tcl 
Execute           source C:/Xilinx/2025.1/Vitis/tps/tcl/tcllib2.0/dicttool/pkgIndex.tcl 
Execute           source C:/Xilinx/2025.1/Vitis/tps/tcl/tcllib2.0/dns/pkgIndex.tcl 
Execute           source C:/Xilinx/2025.1/Vitis/tps/tcl/tcllib2.0/docstrip/pkgIndex.tcl 
Execute           source C:/Xilinx/2025.1/Vitis/tps/tcl/tcllib2.0/doctools/pkgIndex.tcl 
Execute           source C:/Xilinx/2025.1/Vitis/tps/tcl/tcllib2.0/doctools2base/pkgIndex.tcl 
Execute           source C:/Xilinx/2025.1/Vitis/tps/tcl/tcllib2.0/doctools2idx/pkgIndex.tcl 
Execute           source C:/Xilinx/2025.1/Vitis/tps/tcl/tcllib2.0/doctools2toc/pkgIndex.tcl 
Execute           source C:/Xilinx/2025.1/Vitis/tps/tcl/tcllib2.0/dtplite/pkgIndex.tcl 
Execute           source C:/Xilinx/2025.1/Vitis/tps/tcl/tcllib2.0/fileutil/pkgIndex.tcl 
Execute           source C:/Xilinx/2025.1/Vitis/tps/tcl/tcllib2.0/ftp/pkgIndex.tcl 
Execute           source C:/Xilinx/2025.1/Vitis/tps/tcl/tcllib2.0/ftpd/pkgIndex.tcl 
Execute           source C:/Xilinx/2025.1/Vitis/tps/tcl/tcllib2.0/fumagic/pkgIndex.tcl 
Execute           source C:/Xilinx/2025.1/Vitis/tps/tcl/tcllib2.0/generator/pkgIndex.tcl 
Execute           source C:/Xilinx/2025.1/Vitis/tps/tcl/tcllib2.0/gpx/pkgIndex.tcl 
Execute           source C:/Xilinx/2025.1/Vitis/tps/tcl/tcllib2.0/grammar_aycock/pkgIndex.tcl 
Execute           source C:/Xilinx/2025.1/Vitis/tps/tcl/tcllib2.0/grammar_fa/pkgIndex.tcl 
Execute           source C:/Xilinx/2025.1/Vitis/tps/tcl/tcllib2.0/grammar_me/pkgIndex.tcl 
Execute           source C:/Xilinx/2025.1/Vitis/tps/tcl/tcllib2.0/grammar_peg/pkgIndex.tcl 
Execute           source C:/Xilinx/2025.1/Vitis/tps/tcl/tcllib2.0/hook/pkgIndex.tcl 
Execute           source C:/Xilinx/2025.1/Vitis/tps/tcl/tcllib2.0/html/pkgIndex.tcl 
Execute           source C:/Xilinx/2025.1/Vitis/tps/tcl/tcllib2.0/htmlparse/pkgIndex.tcl 
Execute           source C:/Xilinx/2025.1/Vitis/tps/tcl/tcllib2.0/http/pkgIndex.tcl 
Execute           source C:/Xilinx/2025.1/Vitis/tps/tcl/tcllib2.0/httpd/pkgIndex.tcl 
Execute           source C:/Xilinx/2025.1/Vitis/tps/tcl/tcllib2.0/httpwget/pkgIndex.tcl 
Execute           source C:/Xilinx/2025.1/Vitis/tps/tcl/tcllib2.0/ident/pkgIndex.tcl 
Execute           source C:/Xilinx/2025.1/Vitis/tps/tcl/tcllib2.0/imap4/pkgIndex.tcl 
Execute           source C:/Xilinx/2025.1/Vitis/tps/tcl/tcllib2.0/inifile/pkgIndex.tcl 
Execute           source C:/Xilinx/2025.1/Vitis/tps/tcl/tcllib2.0/interp/pkgIndex.tcl 
Execute           source C:/Xilinx/2025.1/Vitis/tps/tcl/tcllib2.0/irc/pkgIndex.tcl 
Execute           source C:/Xilinx/2025.1/Vitis/tps/tcl/tcllib2.0/javascript/pkgIndex.tcl 
Execute           source C:/Xilinx/2025.1/Vitis/tps/tcl/tcllib2.0/jpeg/pkgIndex.tcl 
Execute           source C:/Xilinx/2025.1/Vitis/tps/tcl/tcllib2.0/json/pkgIndex.tcl 
Execute           source C:/Xilinx/2025.1/Vitis/tps/tcl/tcllib2.0/lambda/pkgIndex.tcl 
Execute           source C:/Xilinx/2025.1/Vitis/tps/tcl/tcllib2.0/lazyset/pkgIndex.tcl 
Execute           source C:/Xilinx/2025.1/Vitis/tps/tcl/tcllib2.0/ldap/pkgIndex.tcl 
Execute           source C:/Xilinx/2025.1/Vitis/tps/tcl/tcllib2.0/log/pkgIndex.tcl 
Execute           source C:/Xilinx/2025.1/Vitis/tps/tcl/tcllib2.0/map/pkgIndex.tcl 
Execute           source C:/Xilinx/2025.1/Vitis/tps/tcl/tcllib2.0/mapproj/pkgIndex.tcl 
Execute           source C:/Xilinx/2025.1/Vitis/tps/tcl/tcllib2.0/markdown/pkgIndex.tcl 
Execute           source C:/Xilinx/2025.1/Vitis/tps/tcl/tcllib2.0/math/pkgIndex.tcl 
Execute           source C:/Xilinx/2025.1/Vitis/tps/tcl/tcllib2.0/md4/pkgIndex.tcl 
Execute           source C:/Xilinx/2025.1/Vitis/tps/tcl/tcllib2.0/md5/pkgIndex.tcl 
Execute           source C:/Xilinx/2025.1/Vitis/tps/tcl/tcllib2.0/md5crypt/pkgIndex.tcl 
Execute           source C:/Xilinx/2025.1/Vitis/tps/tcl/tcllib2.0/mime/pkgIndex.tcl 
Execute           source C:/Xilinx/2025.1/Vitis/tps/tcl/tcllib2.0/mkdoc/pkgIndex.tcl 
Execute           source C:/Xilinx/2025.1/Vitis/tps/tcl/tcllib2.0/multiplexer/pkgIndex.tcl 
Execute           source C:/Xilinx/2025.1/Vitis/tps/tcl/tcllib2.0/namespacex/pkgIndex.tcl 
Execute           source C:/Xilinx/2025.1/Vitis/tps/tcl/tcllib2.0/ncgi/pkgIndex.tcl 
Execute           source C:/Xilinx/2025.1/Vitis/tps/tcl/tcllib2.0/nettool/pkgIndex.tcl 
Execute           source C:/Xilinx/2025.1/Vitis/tps/tcl/tcllib2.0/nmea/pkgIndex.tcl 
Execute           source C:/Xilinx/2025.1/Vitis/tps/tcl/tcllib2.0/nns/pkgIndex.tcl 
Execute           source C:/Xilinx/2025.1/Vitis/tps/tcl/tcllib2.0/nntp/pkgIndex.tcl 
Execute           source C:/Xilinx/2025.1/Vitis/tps/tcl/tcllib2.0/ntp/pkgIndex.tcl 
Execute           source C:/Xilinx/2025.1/Vitis/tps/tcl/tcllib2.0/oauth/pkgIndex.tcl 
Execute           source C:/Xilinx/2025.1/Vitis/tps/tcl/tcllib2.0/oodialect/pkgIndex.tcl 
Execute           source C:/Xilinx/2025.1/Vitis/tps/tcl/tcllib2.0/oometa/pkgIndex.tcl 
Execute           source C:/Xilinx/2025.1/Vitis/tps/tcl/tcllib2.0/ooutil/pkgIndex.tcl 
Execute           source C:/Xilinx/2025.1/Vitis/tps/tcl/tcllib2.0/otp/pkgIndex.tcl 
Execute           source C:/Xilinx/2025.1/Vitis/tps/tcl/tcllib2.0/page/pkgIndex.tcl 
Execute           source C:/Xilinx/2025.1/Vitis/tps/tcl/tcllib2.0/pluginmgr/pkgIndex.tcl 
Execute           source C:/Xilinx/2025.1/Vitis/tps/tcl/tcllib2.0/png/pkgIndex.tcl 
Execute           source C:/Xilinx/2025.1/Vitis/tps/tcl/tcllib2.0/pop3/pkgIndex.tcl 
Execute           source C:/Xilinx/2025.1/Vitis/tps/tcl/tcllib2.0/pop3d/pkgIndex.tcl 
Execute           source C:/Xilinx/2025.1/Vitis/tps/tcl/tcllib2.0/practcl/pkgIndex.tcl 
Execute           source C:/Xilinx/2025.1/Vitis/tps/tcl/tcllib2.0/processman/pkgIndex.tcl 
Execute           source C:/Xilinx/2025.1/Vitis/tps/tcl/tcllib2.0/profiler/pkgIndex.tcl 
Execute           source C:/Xilinx/2025.1/Vitis/tps/tcl/tcllib2.0/pt/pkgIndex.tcl 
Execute           source C:/Xilinx/2025.1/Vitis/tps/tcl/tcllib2.0/rcs/pkgIndex.tcl 
Execute           source C:/Xilinx/2025.1/Vitis/tps/tcl/tcllib2.0/report/pkgIndex.tcl 
Execute           source C:/Xilinx/2025.1/Vitis/tps/tcl/tcllib2.0/rest/pkgIndex.tcl 
Execute           source C:/Xilinx/2025.1/Vitis/tps/tcl/tcllib2.0/ripemd/pkgIndex.tcl 
Execute           source C:/Xilinx/2025.1/Vitis/tps/tcl/tcllib2.0/sasl/pkgIndex.tcl 
Execute           source C:/Xilinx/2025.1/Vitis/tps/tcl/tcllib2.0/sha1/pkgIndex.tcl 
Execute           source C:/Xilinx/2025.1/Vitis/tps/tcl/tcllib2.0/simulation/pkgIndex.tcl 
Execute           source C:/Xilinx/2025.1/Vitis/tps/tcl/tcllib2.0/smtpd/pkgIndex.tcl 
Execute           source C:/Xilinx/2025.1/Vitis/tps/tcl/tcllib2.0/snit/pkgIndex.tcl 
Execute           source C:/Xilinx/2025.1/Vitis/tps/tcl/tcllib2.0/soundex/pkgIndex.tcl 
Execute           source C:/Xilinx/2025.1/Vitis/tps/tcl/tcllib2.0/stooop/pkgIndex.tcl 
Execute           source C:/Xilinx/2025.1/Vitis/tps/tcl/tcllib2.0/string/pkgIndex.tcl 
Execute           source C:/Xilinx/2025.1/Vitis/tps/tcl/tcllib2.0/stringprep/pkgIndex.tcl 
Execute           source C:/Xilinx/2025.1/Vitis/tps/tcl/tcllib2.0/struct/pkgIndex.tcl 
Execute           source C:/Xilinx/2025.1/Vitis/tps/tcl/tcllib2.0/tar/pkgIndex.tcl 
Execute           source C:/Xilinx/2025.1/Vitis/tps/tcl/tcllib2.0/tepam/pkgIndex.tcl 
Execute           source C:/Xilinx/2025.1/Vitis/tps/tcl/tcllib2.0/term/pkgIndex.tcl 
Execute           source C:/Xilinx/2025.1/Vitis/tps/tcl/tcllib2.0/textutil/pkgIndex.tcl 
Execute           source C:/Xilinx/2025.1/Vitis/tps/tcl/tcllib2.0/tie/pkgIndex.tcl 
Execute           source C:/Xilinx/2025.1/Vitis/tps/tcl/tcllib2.0/tiff/pkgIndex.tcl 
Execute           source C:/Xilinx/2025.1/Vitis/tps/tcl/tcllib2.0/tool/pkgIndex.tcl 
Execute           source C:/Xilinx/2025.1/Vitis/tps/tcl/tcllib2.0/transfer/pkgIndex.tcl 
Execute           source C:/Xilinx/2025.1/Vitis/tps/tcl/tcllib2.0/treeql/pkgIndex.tcl 
Execute           source C:/Xilinx/2025.1/Vitis/tps/tcl/tcllib2.0/try/pkgIndex.tcl 
Execute           source C:/Xilinx/2025.1/Vitis/tps/tcl/tcllib2.0/udpcluster/pkgIndex.tcl 
Execute           source C:/Xilinx/2025.1/Vitis/tps/tcl/tcllib2.0/uev/pkgIndex.tcl 
Execute           source C:/Xilinx/2025.1/Vitis/tps/tcl/tcllib2.0/units/pkgIndex.tcl 
Execute           source C:/Xilinx/2025.1/Vitis/tps/tcl/tcllib2.0/uri/pkgIndex.tcl 
Execute           source C:/Xilinx/2025.1/Vitis/tps/tcl/tcllib2.0/uuid/pkgIndex.tcl 
Execute           source C:/Xilinx/2025.1/Vitis/tps/tcl/tcllib2.0/valtype/pkgIndex.tcl 
Execute           source C:/Xilinx/2025.1/Vitis/tps/tcl/tcllib2.0/virtchannel_base/pkgIndex.tcl 
Execute           source C:/Xilinx/2025.1/Vitis/tps/tcl/tcllib2.0/virtchannel_core/pkgIndex.tcl 
Execute           source C:/Xilinx/2025.1/Vitis/tps/tcl/tcllib2.0/virtchannel_transform/pkgIndex.tcl 
Execute           source C:/Xilinx/2025.1/Vitis/tps/tcl/tcllib2.0/websocket/pkgIndex.tcl 
Execute           source C:/Xilinx/2025.1/Vitis/tps/tcl/tcllib2.0/wip/pkgIndex.tcl 
Execute           source C:/Xilinx/2025.1/Vitis/tps/tcl/tcllib2.0/yaml/pkgIndex.tcl 
Execute           source C:/Xilinx/2025.1/Vitis/tps/tcl/tcllib2.0/zip/pkgIndex.tcl 
Command         ap_source done; 0.148 sec.
Execute         source C:/Xilinx/2025.1/Vitis/tps/tcl/tdom/pkgIndex.tcl 
Execute         source C:/Xilinx/2025.1/Vitis/tps/tcl/tcl8.6/opt0.4/pkgIndex.tcl 
Execute         source C:/Xilinx/2025.1/Vitis/tps/tcl/tcl8.6/pkgs/win/thread2.8.7/pkgIndex.tcl 
Command       ap_source done; 0.57 sec.
INFO-FLOW: Workspace C:/Users/ozair/Documents/Code_Drive/Drone/cnn/cnn/hls opened at Wed Jul 02 15:31:28 -0400 2025
Execute       send_msg_by_id INFO @200-1505@%s%s default  vivado 
INFO: [HLS 200-1505] Using default flow_target 'vivado'
Execute       send_msg_by_id INFO @200-2174@%s%s component C:/Users/ozair/Documents/Code_Drive/Drone/hls_files/hls_run.tcl 
INFO: [HLS 200-2174] Applying component config ini file C:/Users/ozair/Documents/Code_Drive/Drone/hls_files/hls_run.tcl
Execute       apply_ini C:/Users/ozair/Documents/Code_Drive/Drone/hls_files/hls_run.tcl 
Execute         send_msg_by_id INFO @200-1465@%s 'syn.file=./conv_pool.cpp' from C:/Users/ozair/Documents/Code_Drive/Drone/hls_files/hls_run.tcl(4) 
INFO: [HLS 200-1465] Applying config ini 'syn.file=./conv_pool.cpp' from C:/Users/ozair/Documents/Code_Drive/Drone/hls_files/hls_run.tcl(4)
Execute         add_files C:/Users/ozair/Documents/Code_Drive/Drone/hls_files/conv_pool.cpp 
INFO: [HLS 200-10] Adding design file 'C:/Users/ozair/Documents/Code_Drive/Drone/hls_files/conv_pool.cpp' to the project
Execute         send_msg_by_id INFO @200-1465@%s 'tb.file=./testbench.cpp' from C:/Users/ozair/Documents/Code_Drive/Drone/hls_files/hls_run.tcl(5) 
INFO: [HLS 200-1465] Applying config ini 'tb.file=./testbench.cpp' from C:/Users/ozair/Documents/Code_Drive/Drone/hls_files/hls_run.tcl(5)
Execute         add_files -tb C:/Users/ozair/Documents/Code_Drive/Drone/hls_files/testbench.cpp 
INFO: [HLS 200-10] Adding test bench file 'C:/Users/ozair/Documents/Code_Drive/Drone/hls_files/testbench.cpp' to the project
Execute         send_msg_by_id INFO @200-1465@%s 'syn.top=cnn_accel' from C:/Users/ozair/Documents/Code_Drive/Drone/hls_files/hls_run.tcl(13) 
INFO: [HLS 200-1465] Applying config ini 'syn.top=cnn_accel' from C:/Users/ozair/Documents/Code_Drive/Drone/hls_files/hls_run.tcl(13)
Execute         set_top cnn_accel 
Execute         send_msg_by_id INFO @200-1465@%s 'flow_target=vivado' from C:/Users/ozair/Documents/Code_Drive/Drone/hls_files/hls_run.tcl(6) 
INFO: [HLS 200-1465] Applying config ini 'flow_target=vivado' from C:/Users/ozair/Documents/Code_Drive/Drone/hls_files/hls_run.tcl(6)
Execute         send_msg_by_id INFO @200-1505@%s%s  vivado 
INFO: [HLS 200-1505] Using flow_target 'vivado'
Execute         send_msg_by_id INFO @200-1465@%s 'part=xc7a100tfgg484-2L' from C:/Users/ozair/Documents/Code_Drive/Drone/hls_files/hls_run.tcl(1) 
INFO: [HLS 200-1465] Applying config ini 'part=xc7a100tfgg484-2L' from C:/Users/ozair/Documents/Code_Drive/Drone/hls_files/hls_run.tcl(1)
Execute         set_part xc7a100tfgg484-2L 
Execute           create_platform xc7a100tfgg484-2L -board  
DBG:HLSDevice: Trying to load device library: C:/Xilinx/2025.1/Vitis\lib\win64.o\xv_hlsvwrap.dll
DBG:HLSDevice: first parts/arch.xml in RDI_DATADIR: C:/Xilinx/2025.1/Vivado/data/parts/arch.xml
DBG:HLSDevice: init success
INFO: [HLS 200-1611] Setting target device to 'xc7a100t-fgg484-2L'
Command           create_platform done; 0.713 sec.
Execute           source C:/Xilinx/2025.1/Vitis/common/technology/xilinx/common/xilinx.gen 
Execute             source C:/Xilinx/2025.1/Vitis/common/technology/xilinx/interface/plb46.gen 
Execute             source C:/Xilinx/2025.1/Vitis/common/technology/xilinx/interface/axi4.gen 
Execute             source C:/Xilinx/2025.1/Vitis/common/technology/xilinx/interface/nativeAXI4.gen 
Execute               source C:/Xilinx/2025.1/Vitis/common/technology/xilinx/interface/saxilite.gen 
Execute             source C:/Xilinx/2025.1/Vitis/common/technology/xilinx/scripts/xilinxcoregen.gen 
Execute             source C:/Xilinx/2025.1/Vitis/common/technology/xilinx/interface/XilEDKCoreGen.gen 
Execute             source C:/Xilinx/2025.1/Vitis/common/technology/xilinx/ip/dds_compiler.gen 
Execute             source C:/Xilinx/2025.1/Vitis/common/technology/xilinx/ip/util.gen 
Execute             source C:/Xilinx/2025.1/Vitis/common/technology/xilinx/ip/xfft.gen 
Execute             source C:/Xilinx/2025.1/Vitis/common/technology/xilinx/ip/xfir.gen 
Execute             source C:/Xilinx/2025.1/Vitis/common/technology/xilinx/DSP48/dsp48.gen 
Command           ap_source done; 0.107 sec.
Execute           ap_part_info -name xc7a100t-fgg484-2L -data info 
Execute           config_compile -quiet -complex-mul-dsp=0 
Command         set_part done; 0.833 sec.
Execute         send_msg_by_id INFO @200-1465@%s 'clock=10ns' from C:/Users/ozair/Documents/Code_Drive/Drone/hls_files/hls_run.tcl(7) 
INFO: [HLS 200-1465] Applying config ini 'clock=10ns' from C:/Users/ozair/Documents/Code_Drive/Drone/hls_files/hls_run.tcl(7)
Execute         create_clock -period 10ns 
Execute           ap_set_clock -name default -period 10 -unit ns -default=false 
INFO: [SYN 201-201] Setting up clock 'default' with a period of 10ns.
Execute         send_msg_by_id INFO @200-1465@%s 'csim.clean=0' from C:/Users/ozair/Documents/Code_Drive/Drone/hls_files/hls_run.tcl(11) 
INFO: [HLS 200-1465] Applying config ini 'csim.clean=0' from C:/Users/ozair/Documents/Code_Drive/Drone/hls_files/hls_run.tcl(11)
Execute         config_csim -clean=0 
Execute         send_msg_by_id INFO @200-1465@%s 'csim.code_analyzer=1' from C:/Users/ozair/Documents/Code_Drive/Drone/hls_files/hls_run.tcl(10) 
INFO: [HLS 200-1465] Applying config ini 'csim.code_analyzer=1' from C:/Users/ozair/Documents/Code_Drive/Drone/hls_files/hls_run.tcl(10)
Execute         config_csim -code_analyzer=1 
Execute         send_msg_by_id INFO @200-1465@%s 'csim.setup=0' from C:/Users/ozair/Documents/Code_Drive/Drone/hls_files/hls_run.tcl(9) 
INFO: [HLS 200-1465] Applying config ini 'csim.setup=0' from C:/Users/ozair/Documents/Code_Drive/Drone/hls_files/hls_run.tcl(9)
Execute         config_csim -setup=0 
Execute         send_msg_by_id INFO @200-1465@%s 'package.output.format=ip_catalog' from C:/Users/ozair/Documents/Code_Drive/Drone/hls_files/hls_run.tcl(8) 
INFO: [HLS 200-1465] Applying config ini 'package.output.format=ip_catalog' from C:/Users/ozair/Documents/Code_Drive/Drone/hls_files/hls_run.tcl(8)
Execute         config_export -format=ip_catalog 
Execute         send_msg_by_id INFO @200-1465@%s 'sim.O=0' from C:/Users/ozair/Documents/Code_Drive/Drone/hls_files/hls_run.tcl(12) 
INFO: [HLS 200-1465] Applying config ini 'sim.O=0' from C:/Users/ozair/Documents/Code_Drive/Drone/hls_files/hls_run.tcl(12)
Execute         config_sim -O=0 
Command       apply_ini done; 0.874 sec.
Execute       write_component -config C:/Users/ozair/Documents/Code_Drive/Drone/hls_files/hls_run.tcl 
Execute         send_msg_by_id INFO @200-2176@%s C:/Users/ozair/Documents/Code_Drive/Drone/cnn/cnn/vitis-comp.json 
INFO: [HLS 200-2176] Writing Vitis IDE component file C:/Users/ozair/Documents/Code_Drive/Drone/cnn/cnn/vitis-comp.json
Command     open_solution done; 1.483 sec.
Command   open_component done; 1.49 sec.
Execute   apply_ini C:/Users/ozair/Documents/Code_Drive/Drone/cnn/cnn/hls/config.cmdline -iscmdline 
Execute   ::AP::init_summary_file csim 
Execute     AP::app_get_file_relativeroot [AP::app_get_root] {}
Execute   csim_design 
INFO-FLOW: Running SLX 'csim' proc: ::SLX::run_csim
INFO-FLOW: SLX proc replaces csim
Command   csim_design done; 55.224 sec.
Execute   close_project 
Execute     close_solution 
Execute       cleanup_all 
Execute       cleanup_all 
