

================================================================
== Vitis HLS Report for 'cnn_accel_Pipeline_POOL1_ROW_POOL1_COL_POOL1_CH'
================================================================
* Date:           Fri Jul  4 17:05:28 2025

* Version:        2025.1 (Build 6135595 on May 21 2025)
* Project:        cnn_accel
* Solution:       hls (Vivado IP Flow Target)
* Product family: artix7
* Target device:  xc7a100t-fgg484-2L


================================================================
== Performance Estimates
================================================================
+ Timing: 
    * Summary: 
    +--------+----------+-----------+------------+
    |  Clock |  Target  | Estimated | Uncertainty|
    +--------+----------+-----------+------------+
    |ap_clk  |  20.00 ns|  10.999 ns|     5.40 ns|
    +--------+----------+-----------+------------+

+ Latency: 
    * Summary: 
    +---------+---------+----------+----------+--------+--------+------------------------------------------------+
    |  Latency (cycles) |  Latency (absolute) |     Interval    |                    Pipeline                    |
    |   min   |   max   |    min   |    max   |   min  |   max  |                      Type                      |
    +---------+---------+----------+----------+--------+--------+------------------------------------------------+
    |   302740|   302740|  6.055 ms|  6.055 ms|  302738|  302738|  loop auto-rewind stp (delay=0 clock cycles(s))|
    +---------+---------+----------+----------+--------+--------+------------------------------------------------+

    + Detail: 
        * Instance: 
        N/A

        * Loop: 
        +--------------------------------+---------+---------+----------+-----------+-----------+--------+----------+
        |                                |  Latency (cycles) | Iteration|  Initiation Interval  |  Trip  |          |
        |            Loop Name           |   min   |   max   |  Latency |  achieved |   target  |  Count | Pipelined|
        +--------------------------------+---------+---------+----------+-----------+-----------+--------+----------+
        |- POOL1_ROW_POOL1_COL_POOL1_CH  |   302738|   302738|         5|          2|          1|  151368|       yes|
        +--------------------------------+---------+---------+----------+-----------+-----------+--------+----------+



================================================================
== Utilization Estimates
================================================================
* Summary: 
+-----------------+---------+-----+--------+-------+-----+
|       Name      | BRAM_18K| DSP |   FF   |  LUT  | URAM|
+-----------------+---------+-----+--------+-------+-----+
|DSP              |        -|    1|       -|      -|    -|
|Expression       |        -|    -|       0|    676|    -|
|FIFO             |        -|    -|       -|      -|    -|
|Instance         |        -|    0|       0|    192|    -|
|Memory           |        -|    -|       -|      -|    -|
|Multiplexer      |        -|    -|       0|    319|    -|
|Register         |        -|    -|     329|      -|    -|
+-----------------+---------+-----+--------+-------+-----+
|Total            |        0|    1|     329|   1187|    0|
+-----------------+---------+-----+--------+-------+-----+
|Available        |      270|  240|  126800|  63400|    0|
+-----------------+---------+-----+--------+-------+-----+
|Utilization (%)  |        0|   ~0|      ~0|      1|    0|
+-----------------+---------+-----+--------+-------+-----+

+ Detail: 
    * Instance: 
    +---------------------------+-----------------------+---------+----+---+----+-----+
    |          Instance         |         Module        | BRAM_18K| DSP| FF| LUT| URAM|
    +---------------------------+-----------------------+---------+----+---+----+-----+
    |mul_8ns_10ns_17_1_1_U52    |mul_8ns_10ns_17_1_1    |        0|   0|  0|  63|    0|
    |mul_8ns_10ns_17_1_1_U53    |mul_8ns_10ns_17_1_1    |        0|   0|  0|  63|    0|
    |sparsemux_17_3_32_1_1_U50  |sparsemux_17_3_32_1_1  |        0|   0|  0|  33|    0|
    |sparsemux_17_3_32_1_1_U51  |sparsemux_17_3_32_1_1  |        0|   0|  0|  33|    0|
    +---------------------------+-----------------------+---------+----+---+----+-----+
    |Total                      |                       |        0|   0|  0| 192|    0|
    +---------------------------+-----------------------+---------+----+---+----+-----+

    * DSP: 
    +-----------------------------------+-------------------------------+--------------+
    |              Instance             |             Module            |  Expression  |
    +-----------------------------------+-------------------------------+--------------+
    |mac_muladd_8ns_7ns_8ns_15_4_1_U54  |mac_muladd_8ns_7ns_8ns_15_4_1  |  i0 * i1 + i2|
    +-----------------------------------+-------------------------------+--------------+

    * Memory: 
    N/A

    * FIFO: 
    N/A

    * Expression: 
    +--------------------------+----------+----+---+----+------------+------------+
    |       Variable Name      | Operation| DSP| FF| LUT| Bitwidth P0| Bitwidth P1|
    +--------------------------+----------+----+---+----+------------+------------+
    |add_ln124_1_fu_697_p2     |         +|   0|  0|  25|          18|           1|
    |add_ln124_fu_712_p2       |         +|   0|  0|  14|           7|           1|
    |add_ln126_2_fu_945_p2     |         +|   0|  0|  19|          12|           1|
    |add_ln126_fu_758_p2       |         +|   0|  0|  15|           8|           1|
    |add_ln128_fu_940_p2       |         +|   0|  0|  13|           4|           1|
    |empty_75_fu_816_p2        |         +|   0|  0|  24|          17|          17|
    |empty_76_fu_906_p2        |         +|   0|  0|  24|          17|          17|
    |empty_77_fu_846_p2        |         +|   0|  0|  24|          17|          17|
    |empty_78_fu_923_p2        |         +|   0|  0|  24|          17|          17|
    |and_ln124_fu_744_p2       |       and|   0|  0|   2|           1|           1|
    |and_ln134_1_fu_1058_p2    |       and|   0|  0|   2|           1|           1|
    |and_ln134_fu_1052_p2      |       and|   0|  0|   2|           1|           1|
    |and_ln135_1_fu_1147_p2    |       and|   0|  0|   2|           1|           1|
    |and_ln135_fu_1141_p2      |       and|   0|  0|   2|           1|           1|
    |and_ln136_1_fu_1247_p2    |       and|   0|  0|   2|           1|           1|
    |and_ln136_fu_1241_p2      |       and|   0|  0|   2|           1|           1|
    |icmp_ln124_fu_691_p2      |      icmp|   0|  0|  25|          18|          18|
    |icmp_ln126_fu_718_p2      |      icmp|   0|  0|  19|          12|          11|
    |icmp_ln128_fu_738_p2      |      icmp|   0|  0|  13|           4|           5|
    |icmp_ln134_1_fu_1022_p2   |      icmp|   0|  0|  30|          23|           1|
    |icmp_ln134_2_fu_1034_p2   |      icmp|   0|  0|  15|           8|           2|
    |icmp_ln134_3_fu_1040_p2   |      icmp|   0|  0|  30|          23|           1|
    |icmp_ln134_fu_1016_p2     |      icmp|   0|  0|  15|           8|           2|
    |icmp_ln135_1_fu_1111_p2   |      icmp|   0|  0|  30|          23|           1|
    |icmp_ln135_2_fu_1123_p2   |      icmp|   0|  0|  15|           8|           2|
    |icmp_ln135_3_fu_1129_p2   |      icmp|   0|  0|  30|          23|           1|
    |icmp_ln135_fu_1105_p2     |      icmp|   0|  0|  15|           8|           2|
    |icmp_ln136_1_fu_1205_p2   |      icmp|   0|  0|  15|           8|           2|
    |icmp_ln136_2_fu_1211_p2   |      icmp|   0|  0|  30|          23|           1|
    |icmp_ln136_3_fu_1223_p2   |      icmp|   0|  0|  15|           8|           2|
    |icmp_ln136_4_fu_1229_p2   |      icmp|   0|  0|  30|          23|           1|
    |empty_fu_764_p2           |        or|   0|  0|   2|           1|           1|
    |or_ln134_1_fu_1046_p2     |        or|   0|  0|   2|           1|           1|
    |or_ln134_fu_1028_p2       |        or|   0|  0|   2|           1|           1|
    |or_ln135_1_fu_1135_p2     |        or|   0|  0|   2|           1|           1|
    |or_ln135_fu_1117_p2       |        or|   0|  0|   2|           1|           1|
    |or_ln136_1_fu_1235_p2     |        or|   0|  0|   2|           1|           1|
    |or_ln136_fu_1217_p2       |        or|   0|  0|   2|           1|           1|
    |m_1_mid2_fu_770_p3        |    select|   0|  0|   4|           1|           1|
    |mx_fu_1064_p3             |    select|   0|  0|  32|           1|          32|
    |my_fu_1153_p3             |    select|   0|  0|  32|           1|          32|
    |select_ln124_1_fu_750_p3  |    select|   0|  0|   7|           1|           7|
    |select_ln124_fu_724_p3    |    select|   0|  0|   8|           1|           1|
    |select_ln126_1_fu_950_p3  |    select|   0|  0|  12|           1|           1|
    |select_ln126_fu_778_p3    |    select|   0|  0|   8|           1|           8|
    |select_ln136_fu_1253_p3   |    select|   0|  0|  32|           1|          32|
    |ap_enable_pp0             |       xor|   0|  0|   2|           1|           2|
    |xor_ln124_fu_732_p2       |       xor|   0|  0|   2|           1|           2|
    +--------------------------+----------+----+---+----+------------+------------+
    |Total                     |          |   0|  0| 676|         361|         257|
    +--------------------------+----------+----+---+----+------------+------------+

    * Multiplexer: 
    +-------------------------+----+-----------+-----+-----------+
    |           Name          | LUT| Input Size| Bits| Total Bits|
    +-------------------------+----+-----------+-----+-----------+
    |ap_NS_fsm                |  13|          3|    1|          3|
    |ap_done_int              |   9|          2|    1|          2|
    |ap_enable_reg_pp0_iter0  |   9|          2|    1|          2|
    |ap_enable_reg_pp0_iter1  |   9|          2|    1|          2|
    |feat1_3_address0_local   |  13|          3|   17|         51|
    |feat1_3_address1_local   |  13|          3|   17|         51|
    |feat1_4_address0_local   |  13|          3|   17|         51|
    |feat1_4_address1_local   |  13|          3|   17|         51|
    |feat1_5_address0_local   |  13|          3|   17|         51|
    |feat1_5_address1_local   |  13|          3|   17|         51|
    |feat1_6_address0_local   |  13|          3|   17|         51|
    |feat1_6_address1_local   |  13|          3|   17|         51|
    |feat1_7_address0_local   |  13|          3|   17|         51|
    |feat1_7_address1_local   |  13|          3|   17|         51|
    |feat1_8_address0_local   |  13|          3|   17|         51|
    |feat1_8_address1_local   |  13|          3|   17|         51|
    |feat1_9_address0_local   |  13|          3|   17|         51|
    |feat1_9_address1_local   |  13|          3|   17|         51|
    |feat1_address0_local     |  13|          3|   17|         51|
    |feat1_address1_local     |  13|          3|   17|         51|
    |grp_fu_572_p0            |  13|          3|   32|         96|
    |grp_fu_572_p1            |  13|          3|   32|         96|
    |i_fu_132                 |   9|          2|    7|         14|
    |indvar_flatten55_fu_128  |   9|          2|   12|         24|
    |indvar_flatten68_fu_136  |   9|          2|   18|         36|
    |j_fu_124                 |   9|          2|    8|         16|
    |m_fu_120                 |   9|          2|    4|          8|
    +-------------------------+----+-----------+-----+-----------+
    |Total                    | 319|         73|  389|       1115|
    +-------------------------+----+-----------+-----+-----------+

    * Register: 
    +-------------------------------------+----+----+-----+-----------+
    |                 Name                | FF | LUT| Bits| Const Bits|
    +-------------------------------------+----+----+-----+-----------+
    |add_ln124_1_reg_1320                 |  18|   0|   18|          0|
    |ap_CS_fsm                            |   2|   0|    2|          0|
    |ap_done_reg                          |   1|   0|    1|          0|
    |ap_enable_reg_pp0_iter0_reg          |   1|   0|    1|          0|
    |ap_enable_reg_pp0_iter1              |   1|   0|    1|          0|
    |ap_enable_reg_pp0_iter2              |   1|   0|    1|          0|
    |ap_loop_exit_ready_pp0_iter1_reg     |   1|   0|    1|          0|
    |i_fu_132                             |   7|   0|    7|          0|
    |icmp_ln124_reg_1316                  |   1|   0|    1|          0|
    |icmp_ln126_reg_1325                  |   1|   0|    1|          0|
    |indvar_flatten55_fu_128              |  12|   0|   12|          0|
    |indvar_flatten55_load_reg_1311       |  12|   0|   12|          0|
    |indvar_flatten68_fu_136              |  18|   0|   18|          0|
    |j_fu_124                             |   8|   0|    8|          0|
    |m0_reg_1529                          |  32|   0|   32|          0|
    |m1_reg_1543                          |  32|   0|   32|          0|
    |m2_reg_1536                          |  32|   0|   32|          0|
    |m3_reg_1550                          |  32|   0|   32|          0|
    |m_1_mid2_reg_1337                    |   4|   0|    4|          0|
    |m_fu_120                             |   4|   0|    4|          0|
    |mx_reg_1562                          |  32|   0|   32|          0|
    |my_reg_1569                          |  32|   0|   32|          0|
    |select_ln124_1_reg_1330              |   7|   0|    7|          0|
    |select_ln126_reg_1342                |   8|   0|    8|          0|
    |select_ln126_reg_1342_pp0_iter1_reg  |   8|   0|    8|          0|
    |tmp_35_cast_reg_1348                 |   8|   0|   17|          9|
    |tmp_36_cast_reg_1393                 |   8|   0|   17|          9|
    |trunc_ln128_reg_1438                 |   3|   0|    3|          0|
    |trunc_ln128_reg_1438_pp0_iter1_reg   |   3|   0|    3|          0|
    +-------------------------------------+----+----+-----+-----------+
    |Total                                | 329|   0|  347|         18|
    +-------------------------------------+----+----+-----+-----------+



================================================================
== Interface
================================================================
* Summary: 
+----------------------+-----+-----+------------+-------------------------------------------------+--------------+
|       RTL Ports      | Dir | Bits|  Protocol  |                  Source Object                  |    C Type    |
+----------------------+-----+-----+------------+-------------------------------------------------+--------------+
|ap_clk                |   in|    1|  ap_ctrl_hs|  cnn_accel_Pipeline_POOL1_ROW_POOL1_COL_POOL1_CH|  return value|
|ap_rst                |   in|    1|  ap_ctrl_hs|  cnn_accel_Pipeline_POOL1_ROW_POOL1_COL_POOL1_CH|  return value|
|ap_start              |   in|    1|  ap_ctrl_hs|  cnn_accel_Pipeline_POOL1_ROW_POOL1_COL_POOL1_CH|  return value|
|ap_done               |  out|    1|  ap_ctrl_hs|  cnn_accel_Pipeline_POOL1_ROW_POOL1_COL_POOL1_CH|  return value|
|ap_idle               |  out|    1|  ap_ctrl_hs|  cnn_accel_Pipeline_POOL1_ROW_POOL1_COL_POOL1_CH|  return value|
|ap_ready              |  out|    1|  ap_ctrl_hs|  cnn_accel_Pipeline_POOL1_ROW_POOL1_COL_POOL1_CH|  return value|
|grp_fu_1278_p_din0    |  out|   32|  ap_ctrl_hs|  cnn_accel_Pipeline_POOL1_ROW_POOL1_COL_POOL1_CH|  return value|
|grp_fu_1278_p_din1    |  out|   32|  ap_ctrl_hs|  cnn_accel_Pipeline_POOL1_ROW_POOL1_COL_POOL1_CH|  return value|
|grp_fu_1278_p_opcode  |  out|    5|  ap_ctrl_hs|  cnn_accel_Pipeline_POOL1_ROW_POOL1_COL_POOL1_CH|  return value|
|grp_fu_1278_p_dout0   |   in|    1|  ap_ctrl_hs|  cnn_accel_Pipeline_POOL1_ROW_POOL1_COL_POOL1_CH|  return value|
|grp_fu_1278_p_ce      |  out|    1|  ap_ctrl_hs|  cnn_accel_Pipeline_POOL1_ROW_POOL1_COL_POOL1_CH|  return value|
|grp_fu_2863_p_din0    |  out|   32|  ap_ctrl_hs|  cnn_accel_Pipeline_POOL1_ROW_POOL1_COL_POOL1_CH|  return value|
|grp_fu_2863_p_din1    |  out|   32|  ap_ctrl_hs|  cnn_accel_Pipeline_POOL1_ROW_POOL1_COL_POOL1_CH|  return value|
|grp_fu_2863_p_opcode  |  out|    5|  ap_ctrl_hs|  cnn_accel_Pipeline_POOL1_ROW_POOL1_COL_POOL1_CH|  return value|
|grp_fu_2863_p_dout0   |   in|    1|  ap_ctrl_hs|  cnn_accel_Pipeline_POOL1_ROW_POOL1_COL_POOL1_CH|  return value|
|grp_fu_2863_p_ce      |  out|    1|  ap_ctrl_hs|  cnn_accel_Pipeline_POOL1_ROW_POOL1_COL_POOL1_CH|  return value|
|feat1_p_address0      |  out|   15|   ap_memory|                                          feat1_p|         array|
|feat1_p_ce0           |  out|    1|   ap_memory|                                          feat1_p|         array|
|feat1_p_we0           |  out|    1|   ap_memory|                                          feat1_p|         array|
|feat1_p_d0            |  out|   32|   ap_memory|                                          feat1_p|         array|
|feat1_address0        |  out|   17|   ap_memory|                                            feat1|         array|
|feat1_ce0             |  out|    1|   ap_memory|                                            feat1|         array|
|feat1_q0              |   in|   32|   ap_memory|                                            feat1|         array|
|feat1_address1        |  out|   17|   ap_memory|                                            feat1|         array|
|feat1_ce1             |  out|    1|   ap_memory|                                            feat1|         array|
|feat1_q1              |   in|   32|   ap_memory|                                            feat1|         array|
|feat1_3_address0      |  out|   17|   ap_memory|                                          feat1_3|         array|
|feat1_3_ce0           |  out|    1|   ap_memory|                                          feat1_3|         array|
|feat1_3_q0            |   in|   32|   ap_memory|                                          feat1_3|         array|
|feat1_3_address1      |  out|   17|   ap_memory|                                          feat1_3|         array|
|feat1_3_ce1           |  out|    1|   ap_memory|                                          feat1_3|         array|
|feat1_3_q1            |   in|   32|   ap_memory|                                          feat1_3|         array|
|feat1_4_address0      |  out|   17|   ap_memory|                                          feat1_4|         array|
|feat1_4_ce0           |  out|    1|   ap_memory|                                          feat1_4|         array|
|feat1_4_q0            |   in|   32|   ap_memory|                                          feat1_4|         array|
|feat1_4_address1      |  out|   17|   ap_memory|                                          feat1_4|         array|
|feat1_4_ce1           |  out|    1|   ap_memory|                                          feat1_4|         array|
|feat1_4_q1            |   in|   32|   ap_memory|                                          feat1_4|         array|
|feat1_5_address0      |  out|   17|   ap_memory|                                          feat1_5|         array|
|feat1_5_ce0           |  out|    1|   ap_memory|                                          feat1_5|         array|
|feat1_5_q0            |   in|   32|   ap_memory|                                          feat1_5|         array|
|feat1_5_address1      |  out|   17|   ap_memory|                                          feat1_5|         array|
|feat1_5_ce1           |  out|    1|   ap_memory|                                          feat1_5|         array|
|feat1_5_q1            |   in|   32|   ap_memory|                                          feat1_5|         array|
|feat1_6_address0      |  out|   17|   ap_memory|                                          feat1_6|         array|
|feat1_6_ce0           |  out|    1|   ap_memory|                                          feat1_6|         array|
|feat1_6_q0            |   in|   32|   ap_memory|                                          feat1_6|         array|
|feat1_6_address1      |  out|   17|   ap_memory|                                          feat1_6|         array|
|feat1_6_ce1           |  out|    1|   ap_memory|                                          feat1_6|         array|
|feat1_6_q1            |   in|   32|   ap_memory|                                          feat1_6|         array|
|feat1_7_address0      |  out|   17|   ap_memory|                                          feat1_7|         array|
|feat1_7_ce0           |  out|    1|   ap_memory|                                          feat1_7|         array|
|feat1_7_q0            |   in|   32|   ap_memory|                                          feat1_7|         array|
|feat1_7_address1      |  out|   17|   ap_memory|                                          feat1_7|         array|
|feat1_7_ce1           |  out|    1|   ap_memory|                                          feat1_7|         array|
|feat1_7_q1            |   in|   32|   ap_memory|                                          feat1_7|         array|
|feat1_8_address0      |  out|   17|   ap_memory|                                          feat1_8|         array|
|feat1_8_ce0           |  out|    1|   ap_memory|                                          feat1_8|         array|
|feat1_8_q0            |   in|   32|   ap_memory|                                          feat1_8|         array|
|feat1_8_address1      |  out|   17|   ap_memory|                                          feat1_8|         array|
|feat1_8_ce1           |  out|    1|   ap_memory|                                          feat1_8|         array|
|feat1_8_q1            |   in|   32|   ap_memory|                                          feat1_8|         array|
|feat1_9_address0      |  out|   17|   ap_memory|                                          feat1_9|         array|
|feat1_9_ce0           |  out|    1|   ap_memory|                                          feat1_9|         array|
|feat1_9_q0            |   in|   32|   ap_memory|                                          feat1_9|         array|
|feat1_9_address1      |  out|   17|   ap_memory|                                          feat1_9|         array|
|feat1_9_ce1           |  out|    1|   ap_memory|                                          feat1_9|         array|
|feat1_9_q1            |   in|   32|   ap_memory|                                          feat1_9|         array|
|feat1_p_10_address0   |  out|   15|   ap_memory|                                       feat1_p_10|         array|
|feat1_p_10_ce0        |  out|    1|   ap_memory|                                       feat1_p_10|         array|
|feat1_p_10_we0        |  out|    1|   ap_memory|                                       feat1_p_10|         array|
|feat1_p_10_d0         |  out|   32|   ap_memory|                                       feat1_p_10|         array|
|feat1_p_11_address0   |  out|   15|   ap_memory|                                       feat1_p_11|         array|
|feat1_p_11_ce0        |  out|    1|   ap_memory|                                       feat1_p_11|         array|
|feat1_p_11_we0        |  out|    1|   ap_memory|                                       feat1_p_11|         array|
|feat1_p_11_d0         |  out|   32|   ap_memory|                                       feat1_p_11|         array|
|feat1_p_12_address0   |  out|   15|   ap_memory|                                       feat1_p_12|         array|
|feat1_p_12_ce0        |  out|    1|   ap_memory|                                       feat1_p_12|         array|
|feat1_p_12_we0        |  out|    1|   ap_memory|                                       feat1_p_12|         array|
|feat1_p_12_d0         |  out|   32|   ap_memory|                                       feat1_p_12|         array|
|feat1_p_13_address0   |  out|   15|   ap_memory|                                       feat1_p_13|         array|
|feat1_p_13_ce0        |  out|    1|   ap_memory|                                       feat1_p_13|         array|
|feat1_p_13_we0        |  out|    1|   ap_memory|                                       feat1_p_13|         array|
|feat1_p_13_d0         |  out|   32|   ap_memory|                                       feat1_p_13|         array|
|feat1_p_14_address0   |  out|   15|   ap_memory|                                       feat1_p_14|         array|
|feat1_p_14_ce0        |  out|    1|   ap_memory|                                       feat1_p_14|         array|
|feat1_p_14_we0        |  out|    1|   ap_memory|                                       feat1_p_14|         array|
|feat1_p_14_d0         |  out|   32|   ap_memory|                                       feat1_p_14|         array|
|feat1_p_15_address0   |  out|   15|   ap_memory|                                       feat1_p_15|         array|
|feat1_p_15_ce0        |  out|    1|   ap_memory|                                       feat1_p_15|         array|
|feat1_p_15_we0        |  out|    1|   ap_memory|                                       feat1_p_15|         array|
|feat1_p_15_d0         |  out|   32|   ap_memory|                                       feat1_p_15|         array|
|feat1_p_16_address0   |  out|   15|   ap_memory|                                       feat1_p_16|         array|
|feat1_p_16_ce0        |  out|    1|   ap_memory|                                       feat1_p_16|         array|
|feat1_p_16_we0        |  out|    1|   ap_memory|                                       feat1_p_16|         array|
|feat1_p_16_d0         |  out|   32|   ap_memory|                                       feat1_p_16|         array|
+----------------------+-----+-----+------------+-------------------------------------------------+--------------+

============================================================
+ Verbose Summary: Synthesis Manager
============================================================
InlineROM: 1
ExposeGlobal: 0
============================================================
+ Verbose Summary: CDFG Model
============================================================
IsTopModel: 0
ResetActiveHigh: 1
IsCombinational: 2
IsDatapathOnly: 2
HasWiredReturn: 1
HasMFsm: 2
HasVarLatency: 1
IsPipeline: 0
IsRtlPipelined: 0
IsInstanceOverlapped: 0
IsDontTouch: 0
HasImplIP: 0
IsGatedGlobalClock: 0

+ Individual pipeline summary: 
  * Pipeline-0: initiation interval (II) = 2, depth = 6


============================================================
+ Verbose Summary: Schedule
============================================================
* Number of FSM states : 6
* Pipeline : 1
  Pipeline-0 : II = 2, D = 6, States = { 1 2 3 4 5 6 }
* Dataflow Pipeline: 0

* FSM state transitions: 
1 --> 2 
2 --> 3 
3 --> 4 
4 --> 5 
5 --> 6 
6 --> 

* FSM state operations: 

State 1 <SV = 0> <Delay = 1.32>
ST_1 : Operation 8 [1/1] (0.00ns)   --->   "%m = alloca i32 1" [../hls_files/conv_pool.cpp:128]   --->   Operation 8 'alloca' 'm' <Predicate = true> <Delay = 0.00>
ST_1 : Operation 9 [1/1] (0.00ns)   --->   "%j = alloca i32 1" [../hls_files/conv_pool.cpp:126]   --->   Operation 9 'alloca' 'j' <Predicate = true> <Delay = 0.00>
ST_1 : Operation 10 [1/1] (0.00ns)   --->   "%indvar_flatten55 = alloca i32 1"   --->   Operation 10 'alloca' 'indvar_flatten55' <Predicate = true> <Delay = 0.00>
ST_1 : Operation 11 [1/1] (0.00ns)   --->   "%i = alloca i32 1" [../hls_files/conv_pool.cpp:124]   --->   Operation 11 'alloca' 'i' <Predicate = true> <Delay = 0.00>
ST_1 : Operation 12 [1/1] (0.00ns)   --->   "%indvar_flatten68 = alloca i32 1"   --->   Operation 12 'alloca' 'indvar_flatten68' <Predicate = true> <Delay = 0.00>
ST_1 : Operation 13 [1/1] (1.32ns)   --->   "%store_ln0 = store i18 0, i18 %indvar_flatten68"   --->   Operation 13 'store' 'store_ln0' <Predicate = true> <Delay = 1.32>
ST_1 : Operation 14 [1/1] (1.32ns)   --->   "%store_ln124 = store i7 0, i7 %i" [../hls_files/conv_pool.cpp:124]   --->   Operation 14 'store' 'store_ln124' <Predicate = true> <Delay = 1.32>
ST_1 : Operation 15 [1/1] (1.32ns)   --->   "%store_ln0 = store i12 0, i12 %indvar_flatten55"   --->   Operation 15 'store' 'store_ln0' <Predicate = true> <Delay = 1.32>
ST_1 : Operation 16 [1/1] (1.32ns)   --->   "%store_ln126 = store i8 0, i8 %j" [../hls_files/conv_pool.cpp:126]   --->   Operation 16 'store' 'store_ln126' <Predicate = true> <Delay = 1.32>
ST_1 : Operation 17 [1/1] (1.32ns)   --->   "%store_ln128 = store i4 0, i4 %m" [../hls_files/conv_pool.cpp:128]   --->   Operation 17 'store' 'store_ln128' <Predicate = true> <Delay = 1.32>
ST_1 : Operation 18 [1/1] (0.00ns)   --->   "%br_ln0 = br void %for.body109"   --->   Operation 18 'br' 'br_ln0' <Predicate = true> <Delay = 0.00>

State 2 <SV = 1> <Delay = 10.9>
ST_2 : Operation 19 [1/1] (0.00ns)   --->   "%indvar_flatten55_load = load i12 %indvar_flatten55" [../hls_files/conv_pool.cpp:126]   --->   Operation 19 'load' 'indvar_flatten55_load' <Predicate = true> <Delay = 0.00>
ST_2 : Operation 20 [1/1] (0.00ns)   --->   "%indvar_flatten68_load = load i18 %indvar_flatten68" [../hls_files/conv_pool.cpp:124]   --->   Operation 20 'load' 'indvar_flatten68_load' <Predicate = true> <Delay = 0.00>
ST_2 : Operation 21 [1/1] (1.88ns)   --->   "%icmp_ln124 = icmp_eq  i18 %indvar_flatten68_load, i18 151368" [../hls_files/conv_pool.cpp:124]   --->   Operation 21 'icmp' 'icmp_ln124' <Predicate = true> <Delay = 1.88> <CoreInst = "Cmp">   --->   Core 9 'Cmp' <Latency = 0> <II = 1> <Delay = 1.88> <FuncUnit> <Opcode : 'seteq' 'setne' 'setle' 'setge' 'setlt' 'setgt'> <InPorts = 2> <OutPorts = 1>
ST_2 : Operation 22 [1/1] (1.88ns)   --->   "%add_ln124_1 = add i18 %indvar_flatten68_load, i18 1" [../hls_files/conv_pool.cpp:124]   --->   Operation 22 'add' 'add_ln124_1' <Predicate = true> <Delay = 1.88> <CoreInst = "Adder">   --->   Core 1 'Adder' <Latency = 0> <II = 1> <Delay = 1.88> <FuncUnit> <Opcode : 'add' 'sub'> <InPorts = 2> <OutPorts = 1>
ST_2 : Operation 23 [1/1] (0.00ns)   --->   "%br_ln124 = br i1 %icmp_ln124, void %for.inc173, void %CONV2_ROW.exitStub" [../hls_files/conv_pool.cpp:124]   --->   Operation 23 'br' 'br_ln124' <Predicate = true> <Delay = 0.00>
ST_2 : Operation 24 [1/1] (0.00ns)   --->   "%m_load = load i4 %m" [../hls_files/conv_pool.cpp:128]   --->   Operation 24 'load' 'm_load' <Predicate = (!icmp_ln124)> <Delay = 0.00>
ST_2 : Operation 25 [1/1] (0.00ns)   --->   "%j_load = load i8 %j" [../hls_files/conv_pool.cpp:124]   --->   Operation 25 'load' 'j_load' <Predicate = (!icmp_ln124)> <Delay = 0.00>
ST_2 : Operation 26 [1/1] (0.00ns)   --->   "%i_load = load i7 %i" [../hls_files/conv_pool.cpp:124]   --->   Operation 26 'load' 'i_load' <Predicate = (!icmp_ln124)> <Delay = 0.00>
ST_2 : Operation 27 [1/1] (1.66ns)   --->   "%add_ln124 = add i7 %i_load, i7 1" [../hls_files/conv_pool.cpp:124]   --->   Operation 27 'add' 'add_ln124' <Predicate = (!icmp_ln124)> <Delay = 1.66> <CoreInst = "Adder">   --->   Core 1 'Adder' <Latency = 0> <II = 1> <Delay = 1.66> <FuncUnit> <Opcode : 'add' 'sub'> <InPorts = 2> <OutPorts = 1>
ST_2 : Operation 28 [1/1] (1.77ns)   --->   "%icmp_ln126 = icmp_eq  i12 %indvar_flatten55_load, i12 1272" [../hls_files/conv_pool.cpp:126]   --->   Operation 28 'icmp' 'icmp_ln126' <Predicate = (!icmp_ln124)> <Delay = 1.77> <CoreInst = "Cmp">   --->   Core 9 'Cmp' <Latency = 0> <II = 1> <Delay = 1.77> <FuncUnit> <Opcode : 'seteq' 'setne' 'setle' 'setge' 'setlt' 'setgt'> <InPorts = 2> <OutPorts = 1>
ST_2 : Operation 29 [1/1] (1.07ns)   --->   "%select_ln124 = select i1 %icmp_ln126, i8 0, i8 %j_load" [../hls_files/conv_pool.cpp:124]   --->   Operation 29 'select' 'select_ln124' <Predicate = (!icmp_ln124)> <Delay = 1.07> <CoreInst = "Sel">   --->   Core 73 'Sel' <Latency = 0> <II = 1> <Delay = 1.07> <FuncUnit> <Opcode : 'select'> <InPorts = 3> <OutPorts = 1>
ST_2 : Operation 30 [1/1] (0.00ns) (grouped into LUT with out node and_ln124)   --->   "%xor_ln124 = xor i1 %icmp_ln126, i1 1" [../hls_files/conv_pool.cpp:124]   --->   Operation 30 'xor' 'xor_ln124' <Predicate = (!icmp_ln124)> <Delay = 0.00> <CoreInst = "LogicGate">   --->   Core 74 'LogicGate' <Latency = 0> <II = 1> <Delay = 0.80> <FuncUnit> <Opcode : 'and' 'or' 'xor'> <InPorts = 2> <OutPorts = 1>
ST_2 : Operation 31 [1/1] (1.49ns)   --->   "%icmp_ln128 = icmp_eq  i4 %m_load, i4 8" [../hls_files/conv_pool.cpp:128]   --->   Operation 31 'icmp' 'icmp_ln128' <Predicate = (!icmp_ln124)> <Delay = 1.49> <CoreInst = "Cmp">   --->   Core 9 'Cmp' <Latency = 0> <II = 1> <Delay = 1.54> <FuncUnit> <Opcode : 'seteq' 'setne' 'setle' 'setge' 'setlt' 'setgt'> <InPorts = 2> <OutPorts = 1>
ST_2 : Operation 32 [1/1] (0.80ns) (out node of the LUT)   --->   "%and_ln124 = and i1 %icmp_ln128, i1 %xor_ln124" [../hls_files/conv_pool.cpp:124]   --->   Operation 32 'and' 'and_ln124' <Predicate = (!icmp_ln124)> <Delay = 0.80> <CoreInst = "LogicGate">   --->   Core 74 'LogicGate' <Latency = 0> <II = 1> <Delay = 0.80> <FuncUnit> <Opcode : 'and' 'or' 'xor'> <InPorts = 2> <OutPorts = 1>
ST_2 : Operation 33 [1/1] (0.80ns)   --->   "%select_ln124_1 = select i1 %icmp_ln126, i7 %add_ln124, i7 %i_load" [../hls_files/conv_pool.cpp:124]   --->   Operation 33 'select' 'select_ln124_1' <Predicate = (!icmp_ln124)> <Delay = 0.80> <CoreInst = "Sel">   --->   Core 73 'Sel' <Latency = 0> <II = 1> <Delay = 0.80> <FuncUnit> <Opcode : 'select'> <InPorts = 3> <OutPorts = 1>
ST_2 : Operation 34 [1/1] (1.71ns)   --->   "%add_ln126 = add i8 %select_ln124, i8 1" [../hls_files/conv_pool.cpp:126]   --->   Operation 34 'add' 'add_ln126' <Predicate = (!icmp_ln124)> <Delay = 1.71> <CoreInst = "Adder">   --->   Core 1 'Adder' <Latency = 0> <II = 1> <Delay = 1.71> <FuncUnit> <Opcode : 'add' 'sub'> <InPorts = 2> <OutPorts = 1>
ST_2 : Operation 35 [1/1] (0.00ns) (grouped into LUT with out node m_1_mid2)   --->   "%empty = or i1 %and_ln124, i1 %icmp_ln126" [../hls_files/conv_pool.cpp:124]   --->   Operation 35 'or' 'empty' <Predicate = (!icmp_ln124)> <Delay = 0.00> <CoreInst = "LogicGate">   --->   Core 74 'LogicGate' <Latency = 0> <II = 1> <Delay = 0.80> <FuncUnit> <Opcode : 'and' 'or' 'xor'> <InPorts = 2> <OutPorts = 1>
ST_2 : Operation 36 [1/1] (0.80ns) (out node of the LUT)   --->   "%m_1_mid2 = select i1 %empty, i4 0, i4 %m_load" [../hls_files/conv_pool.cpp:124]   --->   Operation 36 'select' 'm_1_mid2' <Predicate = (!icmp_ln124)> <Delay = 0.80> <CoreInst = "Sel">   --->   Core 73 'Sel' <Latency = 0> <II = 1> <Delay = 0.80> <FuncUnit> <Opcode : 'select'> <InPorts = 3> <OutPorts = 1>
ST_2 : Operation 37 [1/1] (1.07ns)   --->   "%select_ln126 = select i1 %and_ln124, i8 %add_ln126, i8 %select_ln124" [../hls_files/conv_pool.cpp:126]   --->   Operation 37 'select' 'select_ln126' <Predicate = (!icmp_ln124)> <Delay = 1.07> <CoreInst = "Sel">   --->   Core 73 'Sel' <Latency = 0> <II = 1> <Delay = 1.07> <FuncUnit> <Opcode : 'select'> <InPorts = 3> <OutPorts = 1>
ST_2 : Operation 38 [1/1] (0.00ns)   --->   "%tmp_s = bitconcatenate i8 @_ssdm_op_BitConcatenate.i8.i7.i1, i7 %select_ln124_1, i1 0" [../hls_files/conv_pool.cpp:124]   --->   Operation 38 'bitconcatenate' 'tmp_s' <Predicate = (!icmp_ln124)> <Delay = 0.00>
ST_2 : Operation 39 [1/1] (0.00ns)   --->   "%tmp_33_cast = zext i8 %tmp_s" [../hls_files/conv_pool.cpp:124]   --->   Operation 39 'zext' 'tmp_33_cast' <Predicate = (!icmp_ln124)> <Delay = 0.00>
ST_2 : Operation 40 [1/1] (3.78ns)   --->   "%empty_72 = mul i17 %tmp_33_cast, i17 318" [../hls_files/conv_pool.cpp:124]   --->   Operation 40 'mul' 'empty_72' <Predicate = (!icmp_ln124)> <Delay = 3.78> <CoreInst = "Multiplier">   --->   Core 3 'Multiplier' <Latency = 0> <II = 1> <Delay = 3.78> <FuncUnit> <Opcode : 'mul'> <InPorts = 2> <OutPorts = 1>
ST_2 : Operation 41 [1/1] (0.00ns)   --->   "%tmp_15 = bitconcatenate i9 @_ssdm_op_BitConcatenate.i9.i8.i1, i8 %select_ln126, i1 0" [../hls_files/conv_pool.cpp:126]   --->   Operation 41 'bitconcatenate' 'tmp_15' <Predicate = (!icmp_ln124)> <Delay = 0.00>
ST_2 : Operation 42 [1/1] (0.00ns)   --->   "%tmp_35_cast = zext i9 %tmp_15" [../hls_files/conv_pool.cpp:126]   --->   Operation 42 'zext' 'tmp_35_cast' <Predicate = (!icmp_ln124)> <Delay = 0.00>
ST_2 : Operation 43 [1/1] (1.86ns)   --->   "%empty_75 = add i17 %empty_72, i17 %tmp_35_cast" [../hls_files/conv_pool.cpp:124]   --->   Operation 43 'add' 'empty_75' <Predicate = (!icmp_ln124)> <Delay = 1.86> <CoreInst = "Adder">   --->   Core 1 'Adder' <Latency = 0> <II = 1> <Delay = 1.86> <FuncUnit> <Opcode : 'add' 'sub'> <InPorts = 2> <OutPorts = 1>
ST_2 : Operation 44 [1/1] (0.00ns)   --->   "%p_cast1 = zext i17 %empty_75" [../hls_files/conv_pool.cpp:124]   --->   Operation 44 'zext' 'p_cast1' <Predicate = (!icmp_ln124)> <Delay = 0.00>
ST_2 : Operation 45 [1/1] (0.00ns)   --->   "%feat1_addr = getelementptr i32 %feat1, i64 0, i64 %p_cast1" [../hls_files/conv_pool.cpp:124]   --->   Operation 45 'getelementptr' 'feat1_addr' <Predicate = (!icmp_ln124)> <Delay = 0.00>
ST_2 : Operation 46 [1/1] (0.00ns)   --->   "%feat1_3_addr = getelementptr i32 %feat1_3, i64 0, i64 %p_cast1" [../hls_files/conv_pool.cpp:124]   --->   Operation 46 'getelementptr' 'feat1_3_addr' <Predicate = (!icmp_ln124)> <Delay = 0.00>
ST_2 : Operation 47 [1/1] (0.00ns)   --->   "%feat1_4_addr = getelementptr i32 %feat1_4, i64 0, i64 %p_cast1" [../hls_files/conv_pool.cpp:124]   --->   Operation 47 'getelementptr' 'feat1_4_addr' <Predicate = (!icmp_ln124)> <Delay = 0.00>
ST_2 : Operation 48 [1/1] (0.00ns)   --->   "%feat1_5_addr = getelementptr i32 %feat1_5, i64 0, i64 %p_cast1" [../hls_files/conv_pool.cpp:124]   --->   Operation 48 'getelementptr' 'feat1_5_addr' <Predicate = (!icmp_ln124)> <Delay = 0.00>
ST_2 : Operation 49 [1/1] (0.00ns)   --->   "%feat1_6_addr = getelementptr i32 %feat1_6, i64 0, i64 %p_cast1" [../hls_files/conv_pool.cpp:124]   --->   Operation 49 'getelementptr' 'feat1_6_addr' <Predicate = (!icmp_ln124)> <Delay = 0.00>
ST_2 : Operation 50 [1/1] (0.00ns)   --->   "%feat1_7_addr = getelementptr i32 %feat1_7, i64 0, i64 %p_cast1" [../hls_files/conv_pool.cpp:124]   --->   Operation 50 'getelementptr' 'feat1_7_addr' <Predicate = (!icmp_ln124)> <Delay = 0.00>
ST_2 : Operation 51 [1/1] (0.00ns)   --->   "%feat1_8_addr = getelementptr i32 %feat1_8, i64 0, i64 %p_cast1" [../hls_files/conv_pool.cpp:124]   --->   Operation 51 'getelementptr' 'feat1_8_addr' <Predicate = (!icmp_ln124)> <Delay = 0.00>
ST_2 : Operation 52 [1/1] (0.00ns)   --->   "%feat1_9_addr = getelementptr i32 %feat1_9, i64 0, i64 %p_cast1" [../hls_files/conv_pool.cpp:124]   --->   Operation 52 'getelementptr' 'feat1_9_addr' <Predicate = (!icmp_ln124)> <Delay = 0.00>
ST_2 : Operation 53 [1/1] (0.00ns)   --->   "%tmp_16 = bitconcatenate i9 @_ssdm_op_BitConcatenate.i9.i8.i1, i8 %select_ln126, i1 1" [../hls_files/conv_pool.cpp:126]   --->   Operation 53 'bitconcatenate' 'tmp_16' <Predicate = (!icmp_ln124)> <Delay = 0.00>
ST_2 : Operation 54 [1/1] (0.00ns)   --->   "%tmp_36_cast = zext i9 %tmp_16" [../hls_files/conv_pool.cpp:126]   --->   Operation 54 'zext' 'tmp_36_cast' <Predicate = (!icmp_ln124)> <Delay = 0.00>
ST_2 : Operation 55 [1/1] (1.86ns)   --->   "%empty_77 = add i17 %empty_72, i17 %tmp_36_cast" [../hls_files/conv_pool.cpp:124]   --->   Operation 55 'add' 'empty_77' <Predicate = (!icmp_ln124)> <Delay = 1.86> <CoreInst = "Adder">   --->   Core 1 'Adder' <Latency = 0> <II = 1> <Delay = 1.86> <FuncUnit> <Opcode : 'add' 'sub'> <InPorts = 2> <OutPorts = 1>
ST_2 : Operation 56 [1/1] (0.00ns)   --->   "%p_cast3 = zext i17 %empty_77" [../hls_files/conv_pool.cpp:124]   --->   Operation 56 'zext' 'p_cast3' <Predicate = (!icmp_ln124)> <Delay = 0.00>
ST_2 : Operation 57 [1/1] (0.00ns)   --->   "%feat1_addr_2 = getelementptr i32 %feat1, i64 0, i64 %p_cast3" [../hls_files/conv_pool.cpp:124]   --->   Operation 57 'getelementptr' 'feat1_addr_2' <Predicate = (!icmp_ln124)> <Delay = 0.00>
ST_2 : Operation 58 [1/1] (0.00ns)   --->   "%feat1_3_addr_2 = getelementptr i32 %feat1_3, i64 0, i64 %p_cast3" [../hls_files/conv_pool.cpp:124]   --->   Operation 58 'getelementptr' 'feat1_3_addr_2' <Predicate = (!icmp_ln124)> <Delay = 0.00>
ST_2 : Operation 59 [1/1] (0.00ns)   --->   "%feat1_4_addr_2 = getelementptr i32 %feat1_4, i64 0, i64 %p_cast3" [../hls_files/conv_pool.cpp:124]   --->   Operation 59 'getelementptr' 'feat1_4_addr_2' <Predicate = (!icmp_ln124)> <Delay = 0.00>
ST_2 : Operation 60 [1/1] (0.00ns)   --->   "%feat1_5_addr_2 = getelementptr i32 %feat1_5, i64 0, i64 %p_cast3" [../hls_files/conv_pool.cpp:124]   --->   Operation 60 'getelementptr' 'feat1_5_addr_2' <Predicate = (!icmp_ln124)> <Delay = 0.00>
ST_2 : Operation 61 [1/1] (0.00ns)   --->   "%feat1_6_addr_2 = getelementptr i32 %feat1_6, i64 0, i64 %p_cast3" [../hls_files/conv_pool.cpp:124]   --->   Operation 61 'getelementptr' 'feat1_6_addr_2' <Predicate = (!icmp_ln124)> <Delay = 0.00>
ST_2 : Operation 62 [1/1] (0.00ns)   --->   "%feat1_7_addr_2 = getelementptr i32 %feat1_7, i64 0, i64 %p_cast3" [../hls_files/conv_pool.cpp:124]   --->   Operation 62 'getelementptr' 'feat1_7_addr_2' <Predicate = (!icmp_ln124)> <Delay = 0.00>
ST_2 : Operation 63 [1/1] (0.00ns)   --->   "%feat1_8_addr_2 = getelementptr i32 %feat1_8, i64 0, i64 %p_cast3" [../hls_files/conv_pool.cpp:124]   --->   Operation 63 'getelementptr' 'feat1_8_addr_2' <Predicate = (!icmp_ln124)> <Delay = 0.00>
ST_2 : Operation 64 [1/1] (0.00ns)   --->   "%feat1_9_addr_2 = getelementptr i32 %feat1_9, i64 0, i64 %p_cast3" [../hls_files/conv_pool.cpp:124]   --->   Operation 64 'getelementptr' 'feat1_9_addr_2' <Predicate = (!icmp_ln124)> <Delay = 0.00>
ST_2 : Operation 65 [2/2] (2.77ns)   --->   "%feat1_load = load i17 %feat1_addr" [../hls_files/conv_pool.cpp:124]   --->   Operation 65 'load' 'feat1_load' <Predicate = (!icmp_ln124)> <Delay = 2.77> <CoreInst = "RAM">   --->   Core 81 'RAM' <Latency = 1> <II = 1> <Delay = 2.77> <Storage> <Opcode : 'load' 'store'> <Ports = 2> <Width = 32> <Depth = 75684> <RAM>
ST_2 : Operation 66 [2/2] (2.77ns)   --->   "%feat1_3_load = load i17 %feat1_3_addr" [../hls_files/conv_pool.cpp:124]   --->   Operation 66 'load' 'feat1_3_load' <Predicate = (!icmp_ln124)> <Delay = 2.77> <CoreInst = "RAM">   --->   Core 81 'RAM' <Latency = 1> <II = 1> <Delay = 2.77> <Storage> <Opcode : 'load' 'store'> <Ports = 2> <Width = 32> <Depth = 75684> <RAM>
ST_2 : Operation 67 [2/2] (2.77ns)   --->   "%feat1_4_load = load i17 %feat1_4_addr" [../hls_files/conv_pool.cpp:124]   --->   Operation 67 'load' 'feat1_4_load' <Predicate = (!icmp_ln124)> <Delay = 2.77> <CoreInst = "RAM">   --->   Core 81 'RAM' <Latency = 1> <II = 1> <Delay = 2.77> <Storage> <Opcode : 'load' 'store'> <Ports = 2> <Width = 32> <Depth = 75684> <RAM>
ST_2 : Operation 68 [2/2] (2.77ns)   --->   "%feat1_5_load = load i17 %feat1_5_addr" [../hls_files/conv_pool.cpp:124]   --->   Operation 68 'load' 'feat1_5_load' <Predicate = (!icmp_ln124)> <Delay = 2.77> <CoreInst = "RAM">   --->   Core 81 'RAM' <Latency = 1> <II = 1> <Delay = 2.77> <Storage> <Opcode : 'load' 'store'> <Ports = 2> <Width = 32> <Depth = 75684> <RAM>
ST_2 : Operation 69 [2/2] (2.77ns)   --->   "%feat1_6_load = load i17 %feat1_6_addr" [../hls_files/conv_pool.cpp:124]   --->   Operation 69 'load' 'feat1_6_load' <Predicate = (!icmp_ln124)> <Delay = 2.77> <CoreInst = "RAM">   --->   Core 81 'RAM' <Latency = 1> <II = 1> <Delay = 2.77> <Storage> <Opcode : 'load' 'store'> <Ports = 2> <Width = 32> <Depth = 75684> <RAM>
ST_2 : Operation 70 [2/2] (2.77ns)   --->   "%feat1_7_load = load i17 %feat1_7_addr" [../hls_files/conv_pool.cpp:124]   --->   Operation 70 'load' 'feat1_7_load' <Predicate = (!icmp_ln124)> <Delay = 2.77> <CoreInst = "RAM">   --->   Core 81 'RAM' <Latency = 1> <II = 1> <Delay = 2.77> <Storage> <Opcode : 'load' 'store'> <Ports = 2> <Width = 32> <Depth = 75684> <RAM>
ST_2 : Operation 71 [2/2] (2.77ns)   --->   "%feat1_8_load = load i17 %feat1_8_addr" [../hls_files/conv_pool.cpp:124]   --->   Operation 71 'load' 'feat1_8_load' <Predicate = (!icmp_ln124)> <Delay = 2.77> <CoreInst = "RAM">   --->   Core 81 'RAM' <Latency = 1> <II = 1> <Delay = 2.77> <Storage> <Opcode : 'load' 'store'> <Ports = 2> <Width = 32> <Depth = 75684> <RAM>
ST_2 : Operation 72 [2/2] (2.77ns)   --->   "%feat1_9_load = load i17 %feat1_9_addr" [../hls_files/conv_pool.cpp:124]   --->   Operation 72 'load' 'feat1_9_load' <Predicate = (!icmp_ln124)> <Delay = 2.77> <CoreInst = "RAM">   --->   Core 81 'RAM' <Latency = 1> <II = 1> <Delay = 2.77> <Storage> <Opcode : 'load' 'store'> <Ports = 2> <Width = 32> <Depth = 75684> <RAM>
ST_2 : Operation 73 [2/2] (2.77ns)   --->   "%feat1_load_2 = load i17 %feat1_addr_2" [../hls_files/conv_pool.cpp:124]   --->   Operation 73 'load' 'feat1_load_2' <Predicate = (!icmp_ln124)> <Delay = 2.77> <CoreInst = "RAM">   --->   Core 81 'RAM' <Latency = 1> <II = 1> <Delay = 2.77> <Storage> <Opcode : 'load' 'store'> <Ports = 2> <Width = 32> <Depth = 75684> <RAM>
ST_2 : Operation 74 [2/2] (2.77ns)   --->   "%feat1_3_load_2 = load i17 %feat1_3_addr_2" [../hls_files/conv_pool.cpp:124]   --->   Operation 74 'load' 'feat1_3_load_2' <Predicate = (!icmp_ln124)> <Delay = 2.77> <CoreInst = "RAM">   --->   Core 81 'RAM' <Latency = 1> <II = 1> <Delay = 2.77> <Storage> <Opcode : 'load' 'store'> <Ports = 2> <Width = 32> <Depth = 75684> <RAM>
ST_2 : Operation 75 [2/2] (2.77ns)   --->   "%feat1_4_load_2 = load i17 %feat1_4_addr_2" [../hls_files/conv_pool.cpp:124]   --->   Operation 75 'load' 'feat1_4_load_2' <Predicate = (!icmp_ln124)> <Delay = 2.77> <CoreInst = "RAM">   --->   Core 81 'RAM' <Latency = 1> <II = 1> <Delay = 2.77> <Storage> <Opcode : 'load' 'store'> <Ports = 2> <Width = 32> <Depth = 75684> <RAM>
ST_2 : Operation 76 [2/2] (2.77ns)   --->   "%feat1_5_load_2 = load i17 %feat1_5_addr_2" [../hls_files/conv_pool.cpp:124]   --->   Operation 76 'load' 'feat1_5_load_2' <Predicate = (!icmp_ln124)> <Delay = 2.77> <CoreInst = "RAM">   --->   Core 81 'RAM' <Latency = 1> <II = 1> <Delay = 2.77> <Storage> <Opcode : 'load' 'store'> <Ports = 2> <Width = 32> <Depth = 75684> <RAM>
ST_2 : Operation 77 [2/2] (2.77ns)   --->   "%feat1_6_load_2 = load i17 %feat1_6_addr_2" [../hls_files/conv_pool.cpp:124]   --->   Operation 77 'load' 'feat1_6_load_2' <Predicate = (!icmp_ln124)> <Delay = 2.77> <CoreInst = "RAM">   --->   Core 81 'RAM' <Latency = 1> <II = 1> <Delay = 2.77> <Storage> <Opcode : 'load' 'store'> <Ports = 2> <Width = 32> <Depth = 75684> <RAM>
ST_2 : Operation 78 [2/2] (2.77ns)   --->   "%feat1_7_load_2 = load i17 %feat1_7_addr_2" [../hls_files/conv_pool.cpp:124]   --->   Operation 78 'load' 'feat1_7_load_2' <Predicate = (!icmp_ln124)> <Delay = 2.77> <CoreInst = "RAM">   --->   Core 81 'RAM' <Latency = 1> <II = 1> <Delay = 2.77> <Storage> <Opcode : 'load' 'store'> <Ports = 2> <Width = 32> <Depth = 75684> <RAM>
ST_2 : Operation 79 [2/2] (2.77ns)   --->   "%feat1_8_load_2 = load i17 %feat1_8_addr_2" [../hls_files/conv_pool.cpp:124]   --->   Operation 79 'load' 'feat1_8_load_2' <Predicate = (!icmp_ln124)> <Delay = 2.77> <CoreInst = "RAM">   --->   Core 81 'RAM' <Latency = 1> <II = 1> <Delay = 2.77> <Storage> <Opcode : 'load' 'store'> <Ports = 2> <Width = 32> <Depth = 75684> <RAM>
ST_2 : Operation 80 [2/2] (2.77ns)   --->   "%feat1_9_load_2 = load i17 %feat1_9_addr_2" [../hls_files/conv_pool.cpp:124]   --->   Operation 80 'load' 'feat1_9_load_2' <Predicate = (!icmp_ln124)> <Delay = 2.77> <CoreInst = "RAM">   --->   Core 81 'RAM' <Latency = 1> <II = 1> <Delay = 2.77> <Storage> <Opcode : 'load' 'store'> <Ports = 2> <Width = 32> <Depth = 75684> <RAM>
ST_2 : Operation 81 [1/1] (0.00ns)   --->   "%trunc_ln128 = trunc i4 %m_1_mid2" [../hls_files/conv_pool.cpp:128]   --->   Operation 81 'trunc' 'trunc_ln128' <Predicate = (!icmp_ln124)> <Delay = 0.00>
ST_2 : Operation 82 [1/1] (1.34ns)   --->   "%switch_ln136 = switch i3 %trunc_ln128, void %arrayidx16626.case.7, i3 0, void %arrayidx16626.case.0, i3 1, void %arrayidx16626.case.1, i3 2, void %arrayidx16626.case.2, i3 3, void %arrayidx16626.case.3, i3 4, void %arrayidx16626.case.4, i3 5, void %arrayidx16626.case.5, i3 6, void %arrayidx16626.case.6" [../hls_files/conv_pool.cpp:136]   --->   Operation 82 'switch' 'switch_ln136' <Predicate = (!icmp_ln124)> <Delay = 1.34>
ST_2 : Operation 83 [1/1] (0.00ns)   --->   "%br_ln136 = br void %arrayidx16626.exit" [../hls_files/conv_pool.cpp:136]   --->   Operation 83 'br' 'br_ln136' <Predicate = (!icmp_ln124 & trunc_ln128 == 6)> <Delay = 0.00>
ST_2 : Operation 84 [1/1] (0.00ns)   --->   "%br_ln136 = br void %arrayidx16626.exit" [../hls_files/conv_pool.cpp:136]   --->   Operation 84 'br' 'br_ln136' <Predicate = (!icmp_ln124 & trunc_ln128 == 5)> <Delay = 0.00>
ST_2 : Operation 85 [1/1] (0.00ns)   --->   "%br_ln136 = br void %arrayidx16626.exit" [../hls_files/conv_pool.cpp:136]   --->   Operation 85 'br' 'br_ln136' <Predicate = (!icmp_ln124 & trunc_ln128 == 4)> <Delay = 0.00>
ST_2 : Operation 86 [1/1] (0.00ns)   --->   "%br_ln136 = br void %arrayidx16626.exit" [../hls_files/conv_pool.cpp:136]   --->   Operation 86 'br' 'br_ln136' <Predicate = (!icmp_ln124 & trunc_ln128 == 3)> <Delay = 0.00>
ST_2 : Operation 87 [1/1] (0.00ns)   --->   "%br_ln136 = br void %arrayidx16626.exit" [../hls_files/conv_pool.cpp:136]   --->   Operation 87 'br' 'br_ln136' <Predicate = (!icmp_ln124 & trunc_ln128 == 2)> <Delay = 0.00>
ST_2 : Operation 88 [1/1] (0.00ns)   --->   "%br_ln136 = br void %arrayidx16626.exit" [../hls_files/conv_pool.cpp:136]   --->   Operation 88 'br' 'br_ln136' <Predicate = (!icmp_ln124 & trunc_ln128 == 1)> <Delay = 0.00>
ST_2 : Operation 89 [1/1] (0.00ns)   --->   "%br_ln136 = br void %arrayidx16626.exit" [../hls_files/conv_pool.cpp:136]   --->   Operation 89 'br' 'br_ln136' <Predicate = (!icmp_ln124 & trunc_ln128 == 0)> <Delay = 0.00>
ST_2 : Operation 90 [1/1] (0.00ns)   --->   "%br_ln136 = br void %arrayidx16626.exit" [../hls_files/conv_pool.cpp:136]   --->   Operation 90 'br' 'br_ln136' <Predicate = (!icmp_ln124 & trunc_ln128 == 7)> <Delay = 0.00>

State 3 <SV = 2> <Delay = 8.41>
ST_3 : Operation 91 [1/1] (0.00ns)   --->   "%select_ln124_1_cast = zext i7 %select_ln124_1" [../hls_files/conv_pool.cpp:124]   --->   Operation 91 'zext' 'select_ln124_1_cast' <Predicate = (!icmp_ln124)> <Delay = 0.00>
ST_3 : Operation 92 [3/3] (1.38ns) (grouped into DSP with root node empty_74)   --->   "%empty_71 = mul i15 %select_ln124_1_cast, i15 159" [../hls_files/conv_pool.cpp:124]   --->   Operation 92 'mul' 'empty_71' <Predicate = (!icmp_ln124)> <Delay = 1.38> <CoreInst = "DSP48">   --->   Core 116 'DSP48' <Latency = 3> <II = 1> <Delay = 1.82> <IPBlock> <Opcode : 'add' 'sub' 'mul' 'select'> <InPorts = 0> <OutPorts = 1> <Sync> <CReg>
ST_3 : Operation 93 [1/1] (0.00ns)   --->   "%tmp_14 = bitconcatenate i8 @_ssdm_op_BitConcatenate.i8.i7.i1, i7 %select_ln124_1, i1 1" [../hls_files/conv_pool.cpp:124]   --->   Operation 93 'bitconcatenate' 'tmp_14' <Predicate = (!icmp_ln124)> <Delay = 0.00>
ST_3 : Operation 94 [1/1] (0.00ns)   --->   "%tmp_34_cast = zext i8 %tmp_14" [../hls_files/conv_pool.cpp:124]   --->   Operation 94 'zext' 'tmp_34_cast' <Predicate = (!icmp_ln124)> <Delay = 0.00>
ST_3 : Operation 95 [1/1] (3.78ns)   --->   "%empty_73 = mul i17 %tmp_34_cast, i17 318" [../hls_files/conv_pool.cpp:124]   --->   Operation 95 'mul' 'empty_73' <Predicate = (!icmp_ln124)> <Delay = 3.78> <CoreInst = "Multiplier">   --->   Core 3 'Multiplier' <Latency = 0> <II = 1> <Delay = 3.78> <FuncUnit> <Opcode : 'mul'> <InPorts = 2> <OutPorts = 1>
ST_3 : Operation 96 [1/1] (1.86ns)   --->   "%empty_76 = add i17 %empty_73, i17 %tmp_35_cast" [../hls_files/conv_pool.cpp:124]   --->   Operation 96 'add' 'empty_76' <Predicate = (!icmp_ln124)> <Delay = 1.86> <CoreInst = "Adder">   --->   Core 1 'Adder' <Latency = 0> <II = 1> <Delay = 1.86> <FuncUnit> <Opcode : 'add' 'sub'> <InPorts = 2> <OutPorts = 1>
ST_3 : Operation 97 [1/1] (0.00ns)   --->   "%p_cast2 = zext i17 %empty_76" [../hls_files/conv_pool.cpp:124]   --->   Operation 97 'zext' 'p_cast2' <Predicate = (!icmp_ln124)> <Delay = 0.00>
ST_3 : Operation 98 [1/1] (0.00ns)   --->   "%feat1_addr_1 = getelementptr i32 %feat1, i64 0, i64 %p_cast2" [../hls_files/conv_pool.cpp:124]   --->   Operation 98 'getelementptr' 'feat1_addr_1' <Predicate = (!icmp_ln124 & trunc_ln128 == 0)> <Delay = 0.00>
ST_3 : Operation 99 [1/1] (0.00ns)   --->   "%feat1_3_addr_1 = getelementptr i32 %feat1_3, i64 0, i64 %p_cast2" [../hls_files/conv_pool.cpp:124]   --->   Operation 99 'getelementptr' 'feat1_3_addr_1' <Predicate = (!icmp_ln124 & trunc_ln128 == 1)> <Delay = 0.00>
ST_3 : Operation 100 [1/1] (0.00ns)   --->   "%feat1_4_addr_1 = getelementptr i32 %feat1_4, i64 0, i64 %p_cast2" [../hls_files/conv_pool.cpp:124]   --->   Operation 100 'getelementptr' 'feat1_4_addr_1' <Predicate = (!icmp_ln124 & trunc_ln128 == 2)> <Delay = 0.00>
ST_3 : Operation 101 [1/1] (0.00ns)   --->   "%feat1_5_addr_1 = getelementptr i32 %feat1_5, i64 0, i64 %p_cast2" [../hls_files/conv_pool.cpp:124]   --->   Operation 101 'getelementptr' 'feat1_5_addr_1' <Predicate = (!icmp_ln124 & trunc_ln128 == 3)> <Delay = 0.00>
ST_3 : Operation 102 [1/1] (0.00ns)   --->   "%feat1_6_addr_1 = getelementptr i32 %feat1_6, i64 0, i64 %p_cast2" [../hls_files/conv_pool.cpp:124]   --->   Operation 102 'getelementptr' 'feat1_6_addr_1' <Predicate = (!icmp_ln124 & trunc_ln128 == 4)> <Delay = 0.00>
ST_3 : Operation 103 [1/1] (0.00ns)   --->   "%feat1_7_addr_1 = getelementptr i32 %feat1_7, i64 0, i64 %p_cast2" [../hls_files/conv_pool.cpp:124]   --->   Operation 103 'getelementptr' 'feat1_7_addr_1' <Predicate = (!icmp_ln124 & trunc_ln128 == 5)> <Delay = 0.00>
ST_3 : Operation 104 [1/1] (0.00ns)   --->   "%feat1_8_addr_1 = getelementptr i32 %feat1_8, i64 0, i64 %p_cast2" [../hls_files/conv_pool.cpp:124]   --->   Operation 104 'getelementptr' 'feat1_8_addr_1' <Predicate = (!icmp_ln124 & trunc_ln128 == 6)> <Delay = 0.00>
ST_3 : Operation 105 [1/1] (0.00ns)   --->   "%feat1_9_addr_1 = getelementptr i32 %feat1_9, i64 0, i64 %p_cast2" [../hls_files/conv_pool.cpp:124]   --->   Operation 105 'getelementptr' 'feat1_9_addr_1' <Predicate = (!icmp_ln124 & trunc_ln128 == 7)> <Delay = 0.00>
ST_3 : Operation 106 [1/1] (1.86ns)   --->   "%empty_78 = add i17 %empty_73, i17 %tmp_36_cast" [../hls_files/conv_pool.cpp:124]   --->   Operation 106 'add' 'empty_78' <Predicate = (!icmp_ln124)> <Delay = 1.86> <CoreInst = "Adder">   --->   Core 1 'Adder' <Latency = 0> <II = 1> <Delay = 1.86> <FuncUnit> <Opcode : 'add' 'sub'> <InPorts = 2> <OutPorts = 1>
ST_3 : Operation 107 [1/1] (0.00ns)   --->   "%p_cast4 = zext i17 %empty_78" [../hls_files/conv_pool.cpp:124]   --->   Operation 107 'zext' 'p_cast4' <Predicate = (!icmp_ln124)> <Delay = 0.00>
ST_3 : Operation 108 [1/1] (0.00ns)   --->   "%feat1_addr_3 = getelementptr i32 %feat1, i64 0, i64 %p_cast4" [../hls_files/conv_pool.cpp:124]   --->   Operation 108 'getelementptr' 'feat1_addr_3' <Predicate = (!icmp_ln124 & trunc_ln128 == 0)> <Delay = 0.00>
ST_3 : Operation 109 [1/1] (0.00ns)   --->   "%feat1_3_addr_3 = getelementptr i32 %feat1_3, i64 0, i64 %p_cast4" [../hls_files/conv_pool.cpp:124]   --->   Operation 109 'getelementptr' 'feat1_3_addr_3' <Predicate = (!icmp_ln124 & trunc_ln128 == 1)> <Delay = 0.00>
ST_3 : Operation 110 [1/1] (0.00ns)   --->   "%feat1_4_addr_3 = getelementptr i32 %feat1_4, i64 0, i64 %p_cast4" [../hls_files/conv_pool.cpp:124]   --->   Operation 110 'getelementptr' 'feat1_4_addr_3' <Predicate = (!icmp_ln124 & trunc_ln128 == 2)> <Delay = 0.00>
ST_3 : Operation 111 [1/1] (0.00ns)   --->   "%feat1_5_addr_3 = getelementptr i32 %feat1_5, i64 0, i64 %p_cast4" [../hls_files/conv_pool.cpp:124]   --->   Operation 111 'getelementptr' 'feat1_5_addr_3' <Predicate = (!icmp_ln124 & trunc_ln128 == 3)> <Delay = 0.00>
ST_3 : Operation 112 [1/1] (0.00ns)   --->   "%feat1_6_addr_3 = getelementptr i32 %feat1_6, i64 0, i64 %p_cast4" [../hls_files/conv_pool.cpp:124]   --->   Operation 112 'getelementptr' 'feat1_6_addr_3' <Predicate = (!icmp_ln124 & trunc_ln128 == 4)> <Delay = 0.00>
ST_3 : Operation 113 [1/1] (0.00ns)   --->   "%feat1_7_addr_3 = getelementptr i32 %feat1_7, i64 0, i64 %p_cast4" [../hls_files/conv_pool.cpp:124]   --->   Operation 113 'getelementptr' 'feat1_7_addr_3' <Predicate = (!icmp_ln124 & trunc_ln128 == 5)> <Delay = 0.00>
ST_3 : Operation 114 [1/1] (0.00ns)   --->   "%feat1_8_addr_3 = getelementptr i32 %feat1_8, i64 0, i64 %p_cast4" [../hls_files/conv_pool.cpp:124]   --->   Operation 114 'getelementptr' 'feat1_8_addr_3' <Predicate = (!icmp_ln124 & trunc_ln128 == 6)> <Delay = 0.00>
ST_3 : Operation 115 [1/1] (0.00ns)   --->   "%feat1_9_addr_3 = getelementptr i32 %feat1_9, i64 0, i64 %p_cast4" [../hls_files/conv_pool.cpp:124]   --->   Operation 115 'getelementptr' 'feat1_9_addr_3' <Predicate = (!icmp_ln124 & trunc_ln128 == 7)> <Delay = 0.00>
ST_3 : Operation 116 [1/2] ( I:2.77ns O:2.77ns )   --->   "%feat1_load = load i17 %feat1_addr" [../hls_files/conv_pool.cpp:124]   --->   Operation 116 'load' 'feat1_load' <Predicate = (!icmp_ln124)> <Delay = 2.77> <CoreInst = "RAM">   --->   Core 81 'RAM' <Latency = 1> <II = 1> <Delay = 2.77> <Storage> <Opcode : 'load' 'store'> <Ports = 2> <Width = 32> <Depth = 75684> <RAM>
ST_3 : Operation 117 [1/2] ( I:2.77ns O:2.77ns )   --->   "%feat1_3_load = load i17 %feat1_3_addr" [../hls_files/conv_pool.cpp:124]   --->   Operation 117 'load' 'feat1_3_load' <Predicate = (!icmp_ln124)> <Delay = 2.77> <CoreInst = "RAM">   --->   Core 81 'RAM' <Latency = 1> <II = 1> <Delay = 2.77> <Storage> <Opcode : 'load' 'store'> <Ports = 2> <Width = 32> <Depth = 75684> <RAM>
ST_3 : Operation 118 [1/2] ( I:2.77ns O:2.77ns )   --->   "%feat1_4_load = load i17 %feat1_4_addr" [../hls_files/conv_pool.cpp:124]   --->   Operation 118 'load' 'feat1_4_load' <Predicate = (!icmp_ln124)> <Delay = 2.77> <CoreInst = "RAM">   --->   Core 81 'RAM' <Latency = 1> <II = 1> <Delay = 2.77> <Storage> <Opcode : 'load' 'store'> <Ports = 2> <Width = 32> <Depth = 75684> <RAM>
ST_3 : Operation 119 [1/2] ( I:2.77ns O:2.77ns )   --->   "%feat1_5_load = load i17 %feat1_5_addr" [../hls_files/conv_pool.cpp:124]   --->   Operation 119 'load' 'feat1_5_load' <Predicate = (!icmp_ln124)> <Delay = 2.77> <CoreInst = "RAM">   --->   Core 81 'RAM' <Latency = 1> <II = 1> <Delay = 2.77> <Storage> <Opcode : 'load' 'store'> <Ports = 2> <Width = 32> <Depth = 75684> <RAM>
ST_3 : Operation 120 [1/2] ( I:2.77ns O:2.77ns )   --->   "%feat1_6_load = load i17 %feat1_6_addr" [../hls_files/conv_pool.cpp:124]   --->   Operation 120 'load' 'feat1_6_load' <Predicate = (!icmp_ln124)> <Delay = 2.77> <CoreInst = "RAM">   --->   Core 81 'RAM' <Latency = 1> <II = 1> <Delay = 2.77> <Storage> <Opcode : 'load' 'store'> <Ports = 2> <Width = 32> <Depth = 75684> <RAM>
ST_3 : Operation 121 [1/2] ( I:2.77ns O:2.77ns )   --->   "%feat1_7_load = load i17 %feat1_7_addr" [../hls_files/conv_pool.cpp:124]   --->   Operation 121 'load' 'feat1_7_load' <Predicate = (!icmp_ln124)> <Delay = 2.77> <CoreInst = "RAM">   --->   Core 81 'RAM' <Latency = 1> <II = 1> <Delay = 2.77> <Storage> <Opcode : 'load' 'store'> <Ports = 2> <Width = 32> <Depth = 75684> <RAM>
ST_3 : Operation 122 [1/2] ( I:2.77ns O:2.77ns )   --->   "%feat1_8_load = load i17 %feat1_8_addr" [../hls_files/conv_pool.cpp:124]   --->   Operation 122 'load' 'feat1_8_load' <Predicate = (!icmp_ln124)> <Delay = 2.77> <CoreInst = "RAM">   --->   Core 81 'RAM' <Latency = 1> <II = 1> <Delay = 2.77> <Storage> <Opcode : 'load' 'store'> <Ports = 2> <Width = 32> <Depth = 75684> <RAM>
ST_3 : Operation 123 [1/2] ( I:2.77ns O:2.77ns )   --->   "%feat1_9_load = load i17 %feat1_9_addr" [../hls_files/conv_pool.cpp:124]   --->   Operation 123 'load' 'feat1_9_load' <Predicate = (!icmp_ln124)> <Delay = 2.77> <CoreInst = "RAM">   --->   Core 81 'RAM' <Latency = 1> <II = 1> <Delay = 2.77> <Storage> <Opcode : 'load' 'store'> <Ports = 2> <Width = 32> <Depth = 75684> <RAM>
ST_3 : Operation 124 [2/2] (2.77ns)   --->   "%feat1_load_1 = load i17 %feat1_addr_1" [../hls_files/conv_pool.cpp:124]   --->   Operation 124 'load' 'feat1_load_1' <Predicate = (!icmp_ln124 & trunc_ln128 == 0)> <Delay = 2.77> <CoreInst = "RAM">   --->   Core 81 'RAM' <Latency = 1> <II = 1> <Delay = 2.77> <Storage> <Opcode : 'load' 'store'> <Ports = 2> <Width = 32> <Depth = 75684> <RAM>
ST_3 : Operation 125 [2/2] (2.77ns)   --->   "%feat1_3_load_1 = load i17 %feat1_3_addr_1" [../hls_files/conv_pool.cpp:124]   --->   Operation 125 'load' 'feat1_3_load_1' <Predicate = (!icmp_ln124 & trunc_ln128 == 1)> <Delay = 2.77> <CoreInst = "RAM">   --->   Core 81 'RAM' <Latency = 1> <II = 1> <Delay = 2.77> <Storage> <Opcode : 'load' 'store'> <Ports = 2> <Width = 32> <Depth = 75684> <RAM>
ST_3 : Operation 126 [2/2] (2.77ns)   --->   "%feat1_4_load_1 = load i17 %feat1_4_addr_1" [../hls_files/conv_pool.cpp:124]   --->   Operation 126 'load' 'feat1_4_load_1' <Predicate = (!icmp_ln124 & trunc_ln128 == 2)> <Delay = 2.77> <CoreInst = "RAM">   --->   Core 81 'RAM' <Latency = 1> <II = 1> <Delay = 2.77> <Storage> <Opcode : 'load' 'store'> <Ports = 2> <Width = 32> <Depth = 75684> <RAM>
ST_3 : Operation 127 [2/2] (2.77ns)   --->   "%feat1_5_load_1 = load i17 %feat1_5_addr_1" [../hls_files/conv_pool.cpp:124]   --->   Operation 127 'load' 'feat1_5_load_1' <Predicate = (!icmp_ln124 & trunc_ln128 == 3)> <Delay = 2.77> <CoreInst = "RAM">   --->   Core 81 'RAM' <Latency = 1> <II = 1> <Delay = 2.77> <Storage> <Opcode : 'load' 'store'> <Ports = 2> <Width = 32> <Depth = 75684> <RAM>
ST_3 : Operation 128 [2/2] (2.77ns)   --->   "%feat1_6_load_1 = load i17 %feat1_6_addr_1" [../hls_files/conv_pool.cpp:124]   --->   Operation 128 'load' 'feat1_6_load_1' <Predicate = (!icmp_ln124 & trunc_ln128 == 4)> <Delay = 2.77> <CoreInst = "RAM">   --->   Core 81 'RAM' <Latency = 1> <II = 1> <Delay = 2.77> <Storage> <Opcode : 'load' 'store'> <Ports = 2> <Width = 32> <Depth = 75684> <RAM>
ST_3 : Operation 129 [2/2] (2.77ns)   --->   "%feat1_7_load_1 = load i17 %feat1_7_addr_1" [../hls_files/conv_pool.cpp:124]   --->   Operation 129 'load' 'feat1_7_load_1' <Predicate = (!icmp_ln124 & trunc_ln128 == 5)> <Delay = 2.77> <CoreInst = "RAM">   --->   Core 81 'RAM' <Latency = 1> <II = 1> <Delay = 2.77> <Storage> <Opcode : 'load' 'store'> <Ports = 2> <Width = 32> <Depth = 75684> <RAM>
ST_3 : Operation 130 [2/2] (2.77ns)   --->   "%feat1_8_load_1 = load i17 %feat1_8_addr_1" [../hls_files/conv_pool.cpp:124]   --->   Operation 130 'load' 'feat1_8_load_1' <Predicate = (!icmp_ln124 & trunc_ln128 == 6)> <Delay = 2.77> <CoreInst = "RAM">   --->   Core 81 'RAM' <Latency = 1> <II = 1> <Delay = 2.77> <Storage> <Opcode : 'load' 'store'> <Ports = 2> <Width = 32> <Depth = 75684> <RAM>
ST_3 : Operation 131 [2/2] (2.77ns)   --->   "%feat1_9_load_1 = load i17 %feat1_9_addr_1" [../hls_files/conv_pool.cpp:124]   --->   Operation 131 'load' 'feat1_9_load_1' <Predicate = (!icmp_ln124 & trunc_ln128 == 7)> <Delay = 2.77> <CoreInst = "RAM">   --->   Core 81 'RAM' <Latency = 1> <II = 1> <Delay = 2.77> <Storage> <Opcode : 'load' 'store'> <Ports = 2> <Width = 32> <Depth = 75684> <RAM>
ST_3 : Operation 132 [1/2] ( I:2.77ns O:2.77ns )   --->   "%feat1_load_2 = load i17 %feat1_addr_2" [../hls_files/conv_pool.cpp:124]   --->   Operation 132 'load' 'feat1_load_2' <Predicate = (!icmp_ln124)> <Delay = 2.77> <CoreInst = "RAM">   --->   Core 81 'RAM' <Latency = 1> <II = 1> <Delay = 2.77> <Storage> <Opcode : 'load' 'store'> <Ports = 2> <Width = 32> <Depth = 75684> <RAM>
ST_3 : Operation 133 [1/2] ( I:2.77ns O:2.77ns )   --->   "%feat1_3_load_2 = load i17 %feat1_3_addr_2" [../hls_files/conv_pool.cpp:124]   --->   Operation 133 'load' 'feat1_3_load_2' <Predicate = (!icmp_ln124)> <Delay = 2.77> <CoreInst = "RAM">   --->   Core 81 'RAM' <Latency = 1> <II = 1> <Delay = 2.77> <Storage> <Opcode : 'load' 'store'> <Ports = 2> <Width = 32> <Depth = 75684> <RAM>
ST_3 : Operation 134 [1/2] ( I:2.77ns O:2.77ns )   --->   "%feat1_4_load_2 = load i17 %feat1_4_addr_2" [../hls_files/conv_pool.cpp:124]   --->   Operation 134 'load' 'feat1_4_load_2' <Predicate = (!icmp_ln124)> <Delay = 2.77> <CoreInst = "RAM">   --->   Core 81 'RAM' <Latency = 1> <II = 1> <Delay = 2.77> <Storage> <Opcode : 'load' 'store'> <Ports = 2> <Width = 32> <Depth = 75684> <RAM>
ST_3 : Operation 135 [1/2] ( I:2.77ns O:2.77ns )   --->   "%feat1_5_load_2 = load i17 %feat1_5_addr_2" [../hls_files/conv_pool.cpp:124]   --->   Operation 135 'load' 'feat1_5_load_2' <Predicate = (!icmp_ln124)> <Delay = 2.77> <CoreInst = "RAM">   --->   Core 81 'RAM' <Latency = 1> <II = 1> <Delay = 2.77> <Storage> <Opcode : 'load' 'store'> <Ports = 2> <Width = 32> <Depth = 75684> <RAM>
ST_3 : Operation 136 [1/2] ( I:2.77ns O:2.77ns )   --->   "%feat1_6_load_2 = load i17 %feat1_6_addr_2" [../hls_files/conv_pool.cpp:124]   --->   Operation 136 'load' 'feat1_6_load_2' <Predicate = (!icmp_ln124)> <Delay = 2.77> <CoreInst = "RAM">   --->   Core 81 'RAM' <Latency = 1> <II = 1> <Delay = 2.77> <Storage> <Opcode : 'load' 'store'> <Ports = 2> <Width = 32> <Depth = 75684> <RAM>
ST_3 : Operation 137 [1/2] ( I:2.77ns O:2.77ns )   --->   "%feat1_7_load_2 = load i17 %feat1_7_addr_2" [../hls_files/conv_pool.cpp:124]   --->   Operation 137 'load' 'feat1_7_load_2' <Predicate = (!icmp_ln124)> <Delay = 2.77> <CoreInst = "RAM">   --->   Core 81 'RAM' <Latency = 1> <II = 1> <Delay = 2.77> <Storage> <Opcode : 'load' 'store'> <Ports = 2> <Width = 32> <Depth = 75684> <RAM>
ST_3 : Operation 138 [1/2] ( I:2.77ns O:2.77ns )   --->   "%feat1_8_load_2 = load i17 %feat1_8_addr_2" [../hls_files/conv_pool.cpp:124]   --->   Operation 138 'load' 'feat1_8_load_2' <Predicate = (!icmp_ln124)> <Delay = 2.77> <CoreInst = "RAM">   --->   Core 81 'RAM' <Latency = 1> <II = 1> <Delay = 2.77> <Storage> <Opcode : 'load' 'store'> <Ports = 2> <Width = 32> <Depth = 75684> <RAM>
ST_3 : Operation 139 [1/2] ( I:2.77ns O:2.77ns )   --->   "%feat1_9_load_2 = load i17 %feat1_9_addr_2" [../hls_files/conv_pool.cpp:124]   --->   Operation 139 'load' 'feat1_9_load_2' <Predicate = (!icmp_ln124)> <Delay = 2.77> <CoreInst = "RAM">   --->   Core 81 'RAM' <Latency = 1> <II = 1> <Delay = 2.77> <Storage> <Opcode : 'load' 'store'> <Ports = 2> <Width = 32> <Depth = 75684> <RAM>
ST_3 : Operation 140 [2/2] (2.77ns)   --->   "%feat1_load_3 = load i17 %feat1_addr_3" [../hls_files/conv_pool.cpp:124]   --->   Operation 140 'load' 'feat1_load_3' <Predicate = (!icmp_ln124 & trunc_ln128 == 0)> <Delay = 2.77> <CoreInst = "RAM">   --->   Core 81 'RAM' <Latency = 1> <II = 1> <Delay = 2.77> <Storage> <Opcode : 'load' 'store'> <Ports = 2> <Width = 32> <Depth = 75684> <RAM>
ST_3 : Operation 141 [2/2] (2.77ns)   --->   "%feat1_3_load_3 = load i17 %feat1_3_addr_3" [../hls_files/conv_pool.cpp:124]   --->   Operation 141 'load' 'feat1_3_load_3' <Predicate = (!icmp_ln124 & trunc_ln128 == 1)> <Delay = 2.77> <CoreInst = "RAM">   --->   Core 81 'RAM' <Latency = 1> <II = 1> <Delay = 2.77> <Storage> <Opcode : 'load' 'store'> <Ports = 2> <Width = 32> <Depth = 75684> <RAM>
ST_3 : Operation 142 [2/2] (2.77ns)   --->   "%feat1_4_load_3 = load i17 %feat1_4_addr_3" [../hls_files/conv_pool.cpp:124]   --->   Operation 142 'load' 'feat1_4_load_3' <Predicate = (!icmp_ln124 & trunc_ln128 == 2)> <Delay = 2.77> <CoreInst = "RAM">   --->   Core 81 'RAM' <Latency = 1> <II = 1> <Delay = 2.77> <Storage> <Opcode : 'load' 'store'> <Ports = 2> <Width = 32> <Depth = 75684> <RAM>
ST_3 : Operation 143 [2/2] (2.77ns)   --->   "%feat1_5_load_3 = load i17 %feat1_5_addr_3" [../hls_files/conv_pool.cpp:124]   --->   Operation 143 'load' 'feat1_5_load_3' <Predicate = (!icmp_ln124 & trunc_ln128 == 3)> <Delay = 2.77> <CoreInst = "RAM">   --->   Core 81 'RAM' <Latency = 1> <II = 1> <Delay = 2.77> <Storage> <Opcode : 'load' 'store'> <Ports = 2> <Width = 32> <Depth = 75684> <RAM>
ST_3 : Operation 144 [2/2] (2.77ns)   --->   "%feat1_6_load_3 = load i17 %feat1_6_addr_3" [../hls_files/conv_pool.cpp:124]   --->   Operation 144 'load' 'feat1_6_load_3' <Predicate = (!icmp_ln124 & trunc_ln128 == 4)> <Delay = 2.77> <CoreInst = "RAM">   --->   Core 81 'RAM' <Latency = 1> <II = 1> <Delay = 2.77> <Storage> <Opcode : 'load' 'store'> <Ports = 2> <Width = 32> <Depth = 75684> <RAM>
ST_3 : Operation 145 [2/2] (2.77ns)   --->   "%feat1_7_load_3 = load i17 %feat1_7_addr_3" [../hls_files/conv_pool.cpp:124]   --->   Operation 145 'load' 'feat1_7_load_3' <Predicate = (!icmp_ln124 & trunc_ln128 == 5)> <Delay = 2.77> <CoreInst = "RAM">   --->   Core 81 'RAM' <Latency = 1> <II = 1> <Delay = 2.77> <Storage> <Opcode : 'load' 'store'> <Ports = 2> <Width = 32> <Depth = 75684> <RAM>
ST_3 : Operation 146 [2/2] (2.77ns)   --->   "%feat1_8_load_3 = load i17 %feat1_8_addr_3" [../hls_files/conv_pool.cpp:124]   --->   Operation 146 'load' 'feat1_8_load_3' <Predicate = (!icmp_ln124 & trunc_ln128 == 6)> <Delay = 2.77> <CoreInst = "RAM">   --->   Core 81 'RAM' <Latency = 1> <II = 1> <Delay = 2.77> <Storage> <Opcode : 'load' 'store'> <Ports = 2> <Width = 32> <Depth = 75684> <RAM>
ST_3 : Operation 147 [2/2] (2.77ns)   --->   "%feat1_9_load_3 = load i17 %feat1_9_addr_3" [../hls_files/conv_pool.cpp:124]   --->   Operation 147 'load' 'feat1_9_load_3' <Predicate = (!icmp_ln124 & trunc_ln128 == 7)> <Delay = 2.77> <CoreInst = "RAM">   --->   Core 81 'RAM' <Latency = 1> <II = 1> <Delay = 2.77> <Storage> <Opcode : 'load' 'store'> <Ports = 2> <Width = 32> <Depth = 75684> <RAM>
ST_3 : Operation 148 [1/1] (1.47ns)   --->   "%m0 = sparsemux i32 @_ssdm_op_SparseMux.ap_auto.8float.float.i3, i3 0, i32 %feat1_load, i3 1, i32 %feat1_3_load, i3 2, i32 %feat1_4_load, i3 3, i32 %feat1_5_load, i3 4, i32 %feat1_6_load, i3 5, i32 %feat1_7_load, i3 6, i32 %feat1_8_load, i3 7, i32 %feat1_9_load, i32 <undef>, i3 %trunc_ln128" [../hls_files/conv_pool.cpp:130]   --->   Operation 148 'sparsemux' 'm0' <Predicate = (!icmp_ln124)> <Delay = 1.47> <CoreInst = "BinarySparseMux_DontCare">   --->   Core 137 'BinarySparseMux_DontCare' <Latency = 0> <II = 1> <Delay = 1.47> <FuncUnit> <Opcode : 'sparsemux'> <InPorts = 2> <OutPorts = 1>
ST_3 : Operation 149 [1/1] (1.47ns)   --->   "%m2 = sparsemux i32 @_ssdm_op_SparseMux.ap_auto.8float.float.i3, i3 0, i32 %feat1_load_2, i3 1, i32 %feat1_3_load_2, i3 2, i32 %feat1_4_load_2, i3 3, i32 %feat1_5_load_2, i3 4, i32 %feat1_6_load_2, i3 5, i32 %feat1_7_load_2, i3 6, i32 %feat1_8_load_2, i3 7, i32 %feat1_9_load_2, i32 <undef>, i3 %trunc_ln128" [../hls_files/conv_pool.cpp:132]   --->   Operation 149 'sparsemux' 'm2' <Predicate = (!icmp_ln124)> <Delay = 1.47> <CoreInst = "BinarySparseMux_DontCare">   --->   Core 137 'BinarySparseMux_DontCare' <Latency = 0> <II = 1> <Delay = 1.47> <FuncUnit> <Opcode : 'sparsemux'> <InPorts = 2> <OutPorts = 1>
ST_3 : Operation 150 [1/1] (1.49ns)   --->   "%add_ln128 = add i4 %m_1_mid2, i4 1" [../hls_files/conv_pool.cpp:128]   --->   Operation 150 'add' 'add_ln128' <Predicate = (!icmp_ln124)> <Delay = 1.49> <CoreInst = "Adder">   --->   Core 1 'Adder' <Latency = 0> <II = 1> <Delay = 1.49> <FuncUnit> <Opcode : 'add' 'sub'> <InPorts = 2> <OutPorts = 1>
ST_3 : Operation 151 [1/1] (1.77ns)   --->   "%add_ln126_2 = add i12 %indvar_flatten55_load, i12 1" [../hls_files/conv_pool.cpp:126]   --->   Operation 151 'add' 'add_ln126_2' <Predicate = (!icmp_ln124 & !icmp_ln126)> <Delay = 1.77> <CoreInst = "Adder">   --->   Core 1 'Adder' <Latency = 0> <II = 1> <Delay = 1.77> <FuncUnit> <Opcode : 'add' 'sub'> <InPorts = 2> <OutPorts = 1>
ST_3 : Operation 152 [1/1] (0.59ns)   --->   "%select_ln126_1 = select i1 %icmp_ln126, i12 1, i12 %add_ln126_2" [../hls_files/conv_pool.cpp:126]   --->   Operation 152 'select' 'select_ln126_1' <Predicate = (!icmp_ln124)> <Delay = 0.59> <CoreInst = "Sel">   --->   Core 73 'Sel' <Latency = 0> <II = 1> <Delay = 0.59> <FuncUnit> <Opcode : 'select'> <InPorts = 3> <OutPorts = 1>
ST_3 : Operation 153 [1/1] (1.32ns)   --->   "%store_ln124 = store i18 %add_ln124_1, i18 %indvar_flatten68" [../hls_files/conv_pool.cpp:124]   --->   Operation 153 'store' 'store_ln124' <Predicate = (!icmp_ln124)> <Delay = 1.32>
ST_3 : Operation 154 [1/1] (1.32ns)   --->   "%store_ln124 = store i7 %select_ln124_1, i7 %i" [../hls_files/conv_pool.cpp:124]   --->   Operation 154 'store' 'store_ln124' <Predicate = (!icmp_ln124)> <Delay = 1.32>
ST_3 : Operation 155 [1/1] (1.32ns)   --->   "%store_ln126 = store i12 %select_ln126_1, i12 %indvar_flatten55" [../hls_files/conv_pool.cpp:126]   --->   Operation 155 'store' 'store_ln126' <Predicate = (!icmp_ln124)> <Delay = 1.32>
ST_3 : Operation 156 [1/1] (1.32ns)   --->   "%store_ln126 = store i8 %select_ln126, i8 %j" [../hls_files/conv_pool.cpp:126]   --->   Operation 156 'store' 'store_ln126' <Predicate = (!icmp_ln124)> <Delay = 1.32>
ST_3 : Operation 157 [1/1] (1.32ns)   --->   "%store_ln128 = store i4 %add_ln128, i4 %m" [../hls_files/conv_pool.cpp:128]   --->   Operation 157 'store' 'store_ln128' <Predicate = (!icmp_ln124)> <Delay = 1.32>
ST_3 : Operation 158 [1/1] (0.00ns)   --->   "%br_ln128 = br void %for.body109" [../hls_files/conv_pool.cpp:128]   --->   Operation 158 'br' 'br_ln128' <Predicate = (!icmp_ln124)> <Delay = 0.00>

State 4 <SV = 3> <Delay = 8.49>
ST_4 : Operation 159 [2/3] (1.38ns) (grouped into DSP with root node empty_74)   --->   "%empty_71 = mul i15 %select_ln124_1_cast, i15 159" [../hls_files/conv_pool.cpp:124]   --->   Operation 159 'mul' 'empty_71' <Predicate = true> <Delay = 1.38> <CoreInst = "DSP48">   --->   Core 116 'DSP48' <Latency = 3> <II = 1> <Delay = 1.82> <IPBlock> <Opcode : 'add' 'sub' 'mul' 'select'> <InPorts = 0> <OutPorts = 1> <Sync> <CReg>
ST_4 : Operation 160 [1/2] ( I:2.77ns O:2.77ns )   --->   "%feat1_load_1 = load i17 %feat1_addr_1" [../hls_files/conv_pool.cpp:124]   --->   Operation 160 'load' 'feat1_load_1' <Predicate = (trunc_ln128 == 0)> <Delay = 2.77> <CoreInst = "RAM">   --->   Core 81 'RAM' <Latency = 1> <II = 1> <Delay = 2.77> <Storage> <Opcode : 'load' 'store'> <Ports = 2> <Width = 32> <Depth = 75684> <RAM>
ST_4 : Operation 161 [1/2] ( I:2.77ns O:2.77ns )   --->   "%feat1_3_load_1 = load i17 %feat1_3_addr_1" [../hls_files/conv_pool.cpp:124]   --->   Operation 161 'load' 'feat1_3_load_1' <Predicate = (trunc_ln128 == 1)> <Delay = 2.77> <CoreInst = "RAM">   --->   Core 81 'RAM' <Latency = 1> <II = 1> <Delay = 2.77> <Storage> <Opcode : 'load' 'store'> <Ports = 2> <Width = 32> <Depth = 75684> <RAM>
ST_4 : Operation 162 [1/2] ( I:2.77ns O:2.77ns )   --->   "%feat1_4_load_1 = load i17 %feat1_4_addr_1" [../hls_files/conv_pool.cpp:124]   --->   Operation 162 'load' 'feat1_4_load_1' <Predicate = (trunc_ln128 == 2)> <Delay = 2.77> <CoreInst = "RAM">   --->   Core 81 'RAM' <Latency = 1> <II = 1> <Delay = 2.77> <Storage> <Opcode : 'load' 'store'> <Ports = 2> <Width = 32> <Depth = 75684> <RAM>
ST_4 : Operation 163 [1/2] ( I:2.77ns O:2.77ns )   --->   "%feat1_5_load_1 = load i17 %feat1_5_addr_1" [../hls_files/conv_pool.cpp:124]   --->   Operation 163 'load' 'feat1_5_load_1' <Predicate = (trunc_ln128 == 3)> <Delay = 2.77> <CoreInst = "RAM">   --->   Core 81 'RAM' <Latency = 1> <II = 1> <Delay = 2.77> <Storage> <Opcode : 'load' 'store'> <Ports = 2> <Width = 32> <Depth = 75684> <RAM>
ST_4 : Operation 164 [1/2] ( I:2.77ns O:2.77ns )   --->   "%feat1_6_load_1 = load i17 %feat1_6_addr_1" [../hls_files/conv_pool.cpp:124]   --->   Operation 164 'load' 'feat1_6_load_1' <Predicate = (trunc_ln128 == 4)> <Delay = 2.77> <CoreInst = "RAM">   --->   Core 81 'RAM' <Latency = 1> <II = 1> <Delay = 2.77> <Storage> <Opcode : 'load' 'store'> <Ports = 2> <Width = 32> <Depth = 75684> <RAM>
ST_4 : Operation 165 [1/2] ( I:2.77ns O:2.77ns )   --->   "%feat1_7_load_1 = load i17 %feat1_7_addr_1" [../hls_files/conv_pool.cpp:124]   --->   Operation 165 'load' 'feat1_7_load_1' <Predicate = (trunc_ln128 == 5)> <Delay = 2.77> <CoreInst = "RAM">   --->   Core 81 'RAM' <Latency = 1> <II = 1> <Delay = 2.77> <Storage> <Opcode : 'load' 'store'> <Ports = 2> <Width = 32> <Depth = 75684> <RAM>
ST_4 : Operation 166 [1/2] ( I:2.77ns O:2.77ns )   --->   "%feat1_8_load_1 = load i17 %feat1_8_addr_1" [../hls_files/conv_pool.cpp:124]   --->   Operation 166 'load' 'feat1_8_load_1' <Predicate = (trunc_ln128 == 6)> <Delay = 2.77> <CoreInst = "RAM">   --->   Core 81 'RAM' <Latency = 1> <II = 1> <Delay = 2.77> <Storage> <Opcode : 'load' 'store'> <Ports = 2> <Width = 32> <Depth = 75684> <RAM>
ST_4 : Operation 167 [1/2] ( I:2.77ns O:2.77ns )   --->   "%feat1_9_load_1 = load i17 %feat1_9_addr_1" [../hls_files/conv_pool.cpp:124]   --->   Operation 167 'load' 'feat1_9_load_1' <Predicate = (trunc_ln128 == 7)> <Delay = 2.77> <CoreInst = "RAM">   --->   Core 81 'RAM' <Latency = 1> <II = 1> <Delay = 2.77> <Storage> <Opcode : 'load' 'store'> <Ports = 2> <Width = 32> <Depth = 75684> <RAM>
ST_4 : Operation 168 [1/2] ( I:2.77ns O:2.77ns )   --->   "%feat1_load_3 = load i17 %feat1_addr_3" [../hls_files/conv_pool.cpp:124]   --->   Operation 168 'load' 'feat1_load_3' <Predicate = (trunc_ln128 == 0)> <Delay = 2.77> <CoreInst = "RAM">   --->   Core 81 'RAM' <Latency = 1> <II = 1> <Delay = 2.77> <Storage> <Opcode : 'load' 'store'> <Ports = 2> <Width = 32> <Depth = 75684> <RAM>
ST_4 : Operation 169 [1/2] ( I:2.77ns O:2.77ns )   --->   "%feat1_3_load_3 = load i17 %feat1_3_addr_3" [../hls_files/conv_pool.cpp:124]   --->   Operation 169 'load' 'feat1_3_load_3' <Predicate = (trunc_ln128 == 1)> <Delay = 2.77> <CoreInst = "RAM">   --->   Core 81 'RAM' <Latency = 1> <II = 1> <Delay = 2.77> <Storage> <Opcode : 'load' 'store'> <Ports = 2> <Width = 32> <Depth = 75684> <RAM>
ST_4 : Operation 170 [1/2] ( I:2.77ns O:2.77ns )   --->   "%feat1_4_load_3 = load i17 %feat1_4_addr_3" [../hls_files/conv_pool.cpp:124]   --->   Operation 170 'load' 'feat1_4_load_3' <Predicate = (trunc_ln128 == 2)> <Delay = 2.77> <CoreInst = "RAM">   --->   Core 81 'RAM' <Latency = 1> <II = 1> <Delay = 2.77> <Storage> <Opcode : 'load' 'store'> <Ports = 2> <Width = 32> <Depth = 75684> <RAM>
ST_4 : Operation 171 [1/2] ( I:2.77ns O:2.77ns )   --->   "%feat1_5_load_3 = load i17 %feat1_5_addr_3" [../hls_files/conv_pool.cpp:124]   --->   Operation 171 'load' 'feat1_5_load_3' <Predicate = (trunc_ln128 == 3)> <Delay = 2.77> <CoreInst = "RAM">   --->   Core 81 'RAM' <Latency = 1> <II = 1> <Delay = 2.77> <Storage> <Opcode : 'load' 'store'> <Ports = 2> <Width = 32> <Depth = 75684> <RAM>
ST_4 : Operation 172 [1/2] ( I:2.77ns O:2.77ns )   --->   "%feat1_6_load_3 = load i17 %feat1_6_addr_3" [../hls_files/conv_pool.cpp:124]   --->   Operation 172 'load' 'feat1_6_load_3' <Predicate = (trunc_ln128 == 4)> <Delay = 2.77> <CoreInst = "RAM">   --->   Core 81 'RAM' <Latency = 1> <II = 1> <Delay = 2.77> <Storage> <Opcode : 'load' 'store'> <Ports = 2> <Width = 32> <Depth = 75684> <RAM>
ST_4 : Operation 173 [1/2] ( I:2.77ns O:2.77ns )   --->   "%feat1_7_load_3 = load i17 %feat1_7_addr_3" [../hls_files/conv_pool.cpp:124]   --->   Operation 173 'load' 'feat1_7_load_3' <Predicate = (trunc_ln128 == 5)> <Delay = 2.77> <CoreInst = "RAM">   --->   Core 81 'RAM' <Latency = 1> <II = 1> <Delay = 2.77> <Storage> <Opcode : 'load' 'store'> <Ports = 2> <Width = 32> <Depth = 75684> <RAM>
ST_4 : Operation 174 [1/2] ( I:2.77ns O:2.77ns )   --->   "%feat1_8_load_3 = load i17 %feat1_8_addr_3" [../hls_files/conv_pool.cpp:124]   --->   Operation 174 'load' 'feat1_8_load_3' <Predicate = (trunc_ln128 == 6)> <Delay = 2.77> <CoreInst = "RAM">   --->   Core 81 'RAM' <Latency = 1> <II = 1> <Delay = 2.77> <Storage> <Opcode : 'load' 'store'> <Ports = 2> <Width = 32> <Depth = 75684> <RAM>
ST_4 : Operation 175 [1/2] ( I:2.77ns O:2.77ns )   --->   "%feat1_9_load_3 = load i17 %feat1_9_addr_3" [../hls_files/conv_pool.cpp:124]   --->   Operation 175 'load' 'feat1_9_load_3' <Predicate = (trunc_ln128 == 7)> <Delay = 2.77> <CoreInst = "RAM">   --->   Core 81 'RAM' <Latency = 1> <II = 1> <Delay = 2.77> <Storage> <Opcode : 'load' 'store'> <Ports = 2> <Width = 32> <Depth = 75684> <RAM>
ST_4 : Operation 176 [1/1] (1.47ns)   --->   "%m1 = sparsemux i32 @_ssdm_op_SparseMux.ap_auto.8float.float.i3, i3 0, i32 %feat1_load_1, i3 1, i32 %feat1_3_load_1, i3 2, i32 %feat1_4_load_1, i3 3, i32 %feat1_5_load_1, i3 4, i32 %feat1_6_load_1, i3 5, i32 %feat1_7_load_1, i3 6, i32 %feat1_8_load_1, i3 7, i32 %feat1_9_load_1, i32 <undef>, i3 %trunc_ln128" [../hls_files/conv_pool.cpp:131]   --->   Operation 176 'sparsemux' 'm1' <Predicate = true> <Delay = 1.47> <CoreInst = "BinarySparseMux_DontCare">   --->   Core 137 'BinarySparseMux_DontCare' <Latency = 0> <II = 1> <Delay = 1.47> <FuncUnit> <Opcode : 'sparsemux'> <InPorts = 2> <OutPorts = 1>
ST_4 : Operation 177 [1/1] (1.47ns)   --->   "%m3 = sparsemux i32 @_ssdm_op_SparseMux.ap_auto.8float.float.i3, i3 0, i32 %feat1_load_3, i3 1, i32 %feat1_3_load_3, i3 2, i32 %feat1_4_load_3, i3 3, i32 %feat1_5_load_3, i3 4, i32 %feat1_6_load_3, i3 5, i32 %feat1_7_load_3, i3 6, i32 %feat1_8_load_3, i3 7, i32 %feat1_9_load_3, i32 <undef>, i3 %trunc_ln128" [../hls_files/conv_pool.cpp:133]   --->   Operation 177 'sparsemux' 'm3' <Predicate = true> <Delay = 1.47> <CoreInst = "BinarySparseMux_DontCare">   --->   Core 137 'BinarySparseMux_DontCare' <Latency = 0> <II = 1> <Delay = 1.47> <FuncUnit> <Opcode : 'sparsemux'> <InPorts = 2> <OutPorts = 1>
ST_4 : Operation 178 [2/2] (4.24ns)   --->   "%tmp_4 = fcmp_ogt  i32 %m0, i32 %m1" [../hls_files/conv_pool.cpp:134]   --->   Operation 178 'fcmp' 'tmp_4' <Predicate = true> <Delay = 4.24> <CoreInst = "FCompare">   --->   Core 19 'FCompare' <Latency = 1> <II = 1> <Delay = 4.24> <FuncUnit> <Opcode : 'fcmp'> <InPorts = 2> <OutPorts = 1>
ST_4 : Operation 179 [2/2] (4.24ns)   --->   "%tmp_10 = fcmp_ogt  i32 %m2, i32 %m3" [../hls_files/conv_pool.cpp:135]   --->   Operation 179 'fcmp' 'tmp_10' <Predicate = true> <Delay = 4.24> <CoreInst = "FCompare">   --->   Core 19 'FCompare' <Latency = 1> <II = 1> <Delay = 4.24> <FuncUnit> <Opcode : 'fcmp'> <InPorts = 2> <OutPorts = 1>
ST_4 : Operation 253 [1/1] (1.32ns)   --->   "%ret_ln0 = ret"   --->   Operation 253 'ret' 'ret_ln0' <Predicate = (icmp_ln124)> <Delay = 1.32>

State 5 <SV = 4> <Delay = 10.0>
ST_5 : Operation 180 [1/3] (0.00ns) (grouped into DSP with root node empty_74)   --->   "%empty_71 = mul i15 %select_ln124_1_cast, i15 159" [../hls_files/conv_pool.cpp:124]   --->   Operation 180 'mul' 'empty_71' <Predicate = true> <Delay = 0.00> <CoreInst = "DSP48">   --->   Core 116 'DSP48' <Latency = 3> <II = 1> <Delay = 1.82> <IPBlock> <Opcode : 'add' 'sub' 'mul' 'select'> <InPorts = 0> <OutPorts = 1> <Sync> <CReg>
ST_5 : Operation 181 [1/1] (0.00ns)   --->   "%select_ln126_cast = zext i8 %select_ln126" [../hls_files/conv_pool.cpp:126]   --->   Operation 181 'zext' 'select_ln126_cast' <Predicate = true> <Delay = 0.00>
ST_5 : Operation 182 [2/2] (1.76ns) (root node of the DSP)   --->   "%empty_74 = add i15 %empty_71, i15 %select_ln126_cast" [../hls_files/conv_pool.cpp:124]   --->   Operation 182 'add' 'empty_74' <Predicate = true> <Delay = 1.76> <CoreInst = "DSP48">   --->   Core 116 'DSP48' <Latency = 3> <II = 1> <Delay = 1.82> <IPBlock> <Opcode : 'add' 'sub' 'mul' 'select'> <InPorts = 0> <OutPorts = 1> <Sync> <CReg>
ST_5 : Operation 183 [1/1] (0.00ns)   --->   "%bitcast_ln134 = bitcast i32 %m0" [../hls_files/conv_pool.cpp:134]   --->   Operation 183 'bitcast' 'bitcast_ln134' <Predicate = true> <Delay = 0.00>
ST_5 : Operation 184 [1/1] (0.00ns)   --->   "%tmp_2 = partselect i8 @_ssdm_op_PartSelect.i8.i32.i32.i32, i32 %bitcast_ln134, i32 23, i32 30" [../hls_files/conv_pool.cpp:134]   --->   Operation 184 'partselect' 'tmp_2' <Predicate = true> <Delay = 0.00>
ST_5 : Operation 185 [1/1] (0.00ns)   --->   "%trunc_ln134 = trunc i32 %bitcast_ln134" [../hls_files/conv_pool.cpp:134]   --->   Operation 185 'trunc' 'trunc_ln134' <Predicate = true> <Delay = 0.00>
ST_5 : Operation 186 [1/1] (0.00ns)   --->   "%bitcast_ln134_1 = bitcast i32 %m1" [../hls_files/conv_pool.cpp:134]   --->   Operation 186 'bitcast' 'bitcast_ln134_1' <Predicate = true> <Delay = 0.00>
ST_5 : Operation 187 [1/1] (0.00ns)   --->   "%tmp_3 = partselect i8 @_ssdm_op_PartSelect.i8.i32.i32.i32, i32 %bitcast_ln134_1, i32 23, i32 30" [../hls_files/conv_pool.cpp:134]   --->   Operation 187 'partselect' 'tmp_3' <Predicate = true> <Delay = 0.00>
ST_5 : Operation 188 [1/1] (0.00ns)   --->   "%trunc_ln134_1 = trunc i32 %bitcast_ln134_1" [../hls_files/conv_pool.cpp:134]   --->   Operation 188 'trunc' 'trunc_ln134_1' <Predicate = true> <Delay = 0.00>
ST_5 : Operation 189 [1/1] (1.71ns)   --->   "%icmp_ln134 = icmp_ne  i8 %tmp_2, i8 255" [../hls_files/conv_pool.cpp:134]   --->   Operation 189 'icmp' 'icmp_ln134' <Predicate = true> <Delay = 1.71> <CoreInst = "Cmp">   --->   Core 9 'Cmp' <Latency = 0> <II = 1> <Delay = 1.71> <FuncUnit> <Opcode : 'seteq' 'setne' 'setle' 'setge' 'setlt' 'setgt'> <InPorts = 2> <OutPorts = 1>
ST_5 : Operation 190 [1/1] (1.98ns)   --->   "%icmp_ln134_1 = icmp_eq  i23 %trunc_ln134, i23 0" [../hls_files/conv_pool.cpp:134]   --->   Operation 190 'icmp' 'icmp_ln134_1' <Predicate = true> <Delay = 1.98> <CoreInst = "Cmp">   --->   Core 9 'Cmp' <Latency = 0> <II = 1> <Delay = 1.98> <FuncUnit> <Opcode : 'seteq' 'setne' 'setle' 'setge' 'setlt' 'setgt'> <InPorts = 2> <OutPorts = 1>
ST_5 : Operation 191 [1/1] (0.00ns) (grouped into LUT with out node and_ln134_1)   --->   "%or_ln134 = or i1 %icmp_ln134_1, i1 %icmp_ln134" [../hls_files/conv_pool.cpp:134]   --->   Operation 191 'or' 'or_ln134' <Predicate = true> <Delay = 0.00> <CoreInst = "LogicGate">   --->   Core 74 'LogicGate' <Latency = 0> <II = 1> <Delay = 0.80> <FuncUnit> <Opcode : 'and' 'or' 'xor'> <InPorts = 2> <OutPorts = 1>
ST_5 : Operation 192 [1/1] (1.71ns)   --->   "%icmp_ln134_2 = icmp_ne  i8 %tmp_3, i8 255" [../hls_files/conv_pool.cpp:134]   --->   Operation 192 'icmp' 'icmp_ln134_2' <Predicate = true> <Delay = 1.71> <CoreInst = "Cmp">   --->   Core 9 'Cmp' <Latency = 0> <II = 1> <Delay = 1.71> <FuncUnit> <Opcode : 'seteq' 'setne' 'setle' 'setge' 'setlt' 'setgt'> <InPorts = 2> <OutPorts = 1>
ST_5 : Operation 193 [1/1] (1.98ns)   --->   "%icmp_ln134_3 = icmp_eq  i23 %trunc_ln134_1, i23 0" [../hls_files/conv_pool.cpp:134]   --->   Operation 193 'icmp' 'icmp_ln134_3' <Predicate = true> <Delay = 1.98> <CoreInst = "Cmp">   --->   Core 9 'Cmp' <Latency = 0> <II = 1> <Delay = 1.98> <FuncUnit> <Opcode : 'seteq' 'setne' 'setle' 'setge' 'setlt' 'setgt'> <InPorts = 2> <OutPorts = 1>
ST_5 : Operation 194 [1/1] (0.00ns) (grouped into LUT with out node and_ln134_1)   --->   "%or_ln134_1 = or i1 %icmp_ln134_3, i1 %icmp_ln134_2" [../hls_files/conv_pool.cpp:134]   --->   Operation 194 'or' 'or_ln134_1' <Predicate = true> <Delay = 0.00> <CoreInst = "LogicGate">   --->   Core 74 'LogicGate' <Latency = 0> <II = 1> <Delay = 0.80> <FuncUnit> <Opcode : 'and' 'or' 'xor'> <InPorts = 2> <OutPorts = 1>
ST_5 : Operation 195 [1/1] (0.00ns) (grouped into LUT with out node and_ln134_1)   --->   "%and_ln134 = and i1 %or_ln134, i1 %or_ln134_1" [../hls_files/conv_pool.cpp:134]   --->   Operation 195 'and' 'and_ln134' <Predicate = true> <Delay = 0.00> <CoreInst = "LogicGate">   --->   Core 74 'LogicGate' <Latency = 0> <II = 1> <Delay = 0.80> <FuncUnit> <Opcode : 'and' 'or' 'xor'> <InPorts = 2> <OutPorts = 1>
ST_5 : Operation 196 [1/2] (4.24ns)   --->   "%tmp_4 = fcmp_ogt  i32 %m0, i32 %m1" [../hls_files/conv_pool.cpp:134]   --->   Operation 196 'fcmp' 'tmp_4' <Predicate = true> <Delay = 4.24> <CoreInst = "FCompare">   --->   Core 19 'FCompare' <Latency = 1> <II = 1> <Delay = 4.24> <FuncUnit> <Opcode : 'fcmp'> <InPorts = 2> <OutPorts = 1>
ST_5 : Operation 197 [1/1] (0.80ns) (out node of the LUT)   --->   "%and_ln134_1 = and i1 %and_ln134, i1 %tmp_4" [../hls_files/conv_pool.cpp:134]   --->   Operation 197 'and' 'and_ln134_1' <Predicate = true> <Delay = 0.80> <CoreInst = "LogicGate">   --->   Core 74 'LogicGate' <Latency = 0> <II = 1> <Delay = 0.80> <FuncUnit> <Opcode : 'and' 'or' 'xor'> <InPorts = 2> <OutPorts = 1>
ST_5 : Operation 198 [1/1] (0.77ns) (out node of the LUT)   --->   "%mx = select i1 %and_ln134_1, i32 %m0, i32 %m1" [../hls_files/conv_pool.cpp:134]   --->   Operation 198 'select' 'mx' <Predicate = true> <Delay = 0.77> <CoreInst = "Sel">   --->   Core 73 'Sel' <Latency = 0> <II = 1> <Delay = 0.77> <FuncUnit> <Opcode : 'select'> <InPorts = 3> <OutPorts = 1>
ST_5 : Operation 199 [1/1] (0.00ns)   --->   "%bitcast_ln135 = bitcast i32 %m2" [../hls_files/conv_pool.cpp:135]   --->   Operation 199 'bitcast' 'bitcast_ln135' <Predicate = true> <Delay = 0.00>
ST_5 : Operation 200 [1/1] (0.00ns)   --->   "%tmp_5 = partselect i8 @_ssdm_op_PartSelect.i8.i32.i32.i32, i32 %bitcast_ln135, i32 23, i32 30" [../hls_files/conv_pool.cpp:135]   --->   Operation 200 'partselect' 'tmp_5' <Predicate = true> <Delay = 0.00>
ST_5 : Operation 201 [1/1] (0.00ns)   --->   "%trunc_ln135 = trunc i32 %bitcast_ln135" [../hls_files/conv_pool.cpp:135]   --->   Operation 201 'trunc' 'trunc_ln135' <Predicate = true> <Delay = 0.00>
ST_5 : Operation 202 [1/1] (0.00ns)   --->   "%bitcast_ln135_1 = bitcast i32 %m3" [../hls_files/conv_pool.cpp:135]   --->   Operation 202 'bitcast' 'bitcast_ln135_1' <Predicate = true> <Delay = 0.00>
ST_5 : Operation 203 [1/1] (0.00ns)   --->   "%tmp_6 = partselect i8 @_ssdm_op_PartSelect.i8.i32.i32.i32, i32 %bitcast_ln135_1, i32 23, i32 30" [../hls_files/conv_pool.cpp:135]   --->   Operation 203 'partselect' 'tmp_6' <Predicate = true> <Delay = 0.00>
ST_5 : Operation 204 [1/1] (0.00ns)   --->   "%trunc_ln135_1 = trunc i32 %bitcast_ln135_1" [../hls_files/conv_pool.cpp:135]   --->   Operation 204 'trunc' 'trunc_ln135_1' <Predicate = true> <Delay = 0.00>
ST_5 : Operation 205 [1/1] (1.71ns)   --->   "%icmp_ln135 = icmp_ne  i8 %tmp_5, i8 255" [../hls_files/conv_pool.cpp:135]   --->   Operation 205 'icmp' 'icmp_ln135' <Predicate = true> <Delay = 1.71> <CoreInst = "Cmp">   --->   Core 9 'Cmp' <Latency = 0> <II = 1> <Delay = 1.71> <FuncUnit> <Opcode : 'seteq' 'setne' 'setle' 'setge' 'setlt' 'setgt'> <InPorts = 2> <OutPorts = 1>
ST_5 : Operation 206 [1/1] (1.98ns)   --->   "%icmp_ln135_1 = icmp_eq  i23 %trunc_ln135, i23 0" [../hls_files/conv_pool.cpp:135]   --->   Operation 206 'icmp' 'icmp_ln135_1' <Predicate = true> <Delay = 1.98> <CoreInst = "Cmp">   --->   Core 9 'Cmp' <Latency = 0> <II = 1> <Delay = 1.98> <FuncUnit> <Opcode : 'seteq' 'setne' 'setle' 'setge' 'setlt' 'setgt'> <InPorts = 2> <OutPorts = 1>
ST_5 : Operation 207 [1/1] (0.00ns) (grouped into LUT with out node and_ln135_1)   --->   "%or_ln135 = or i1 %icmp_ln135_1, i1 %icmp_ln135" [../hls_files/conv_pool.cpp:135]   --->   Operation 207 'or' 'or_ln135' <Predicate = true> <Delay = 0.00> <CoreInst = "LogicGate">   --->   Core 74 'LogicGate' <Latency = 0> <II = 1> <Delay = 0.80> <FuncUnit> <Opcode : 'and' 'or' 'xor'> <InPorts = 2> <OutPorts = 1>
ST_5 : Operation 208 [1/1] (1.71ns)   --->   "%icmp_ln135_2 = icmp_ne  i8 %tmp_6, i8 255" [../hls_files/conv_pool.cpp:135]   --->   Operation 208 'icmp' 'icmp_ln135_2' <Predicate = true> <Delay = 1.71> <CoreInst = "Cmp">   --->   Core 9 'Cmp' <Latency = 0> <II = 1> <Delay = 1.71> <FuncUnit> <Opcode : 'seteq' 'setne' 'setle' 'setge' 'setlt' 'setgt'> <InPorts = 2> <OutPorts = 1>
ST_5 : Operation 209 [1/1] (1.98ns)   --->   "%icmp_ln135_3 = icmp_eq  i23 %trunc_ln135_1, i23 0" [../hls_files/conv_pool.cpp:135]   --->   Operation 209 'icmp' 'icmp_ln135_3' <Predicate = true> <Delay = 1.98> <CoreInst = "Cmp">   --->   Core 9 'Cmp' <Latency = 0> <II = 1> <Delay = 1.98> <FuncUnit> <Opcode : 'seteq' 'setne' 'setle' 'setge' 'setlt' 'setgt'> <InPorts = 2> <OutPorts = 1>
ST_5 : Operation 210 [1/1] (0.00ns) (grouped into LUT with out node and_ln135_1)   --->   "%or_ln135_1 = or i1 %icmp_ln135_3, i1 %icmp_ln135_2" [../hls_files/conv_pool.cpp:135]   --->   Operation 210 'or' 'or_ln135_1' <Predicate = true> <Delay = 0.00> <CoreInst = "LogicGate">   --->   Core 74 'LogicGate' <Latency = 0> <II = 1> <Delay = 0.80> <FuncUnit> <Opcode : 'and' 'or' 'xor'> <InPorts = 2> <OutPorts = 1>
ST_5 : Operation 211 [1/1] (0.00ns) (grouped into LUT with out node and_ln135_1)   --->   "%and_ln135 = and i1 %or_ln135, i1 %or_ln135_1" [../hls_files/conv_pool.cpp:135]   --->   Operation 211 'and' 'and_ln135' <Predicate = true> <Delay = 0.00> <CoreInst = "LogicGate">   --->   Core 74 'LogicGate' <Latency = 0> <II = 1> <Delay = 0.80> <FuncUnit> <Opcode : 'and' 'or' 'xor'> <InPorts = 2> <OutPorts = 1>
ST_5 : Operation 212 [1/2] (4.24ns)   --->   "%tmp_10 = fcmp_ogt  i32 %m2, i32 %m3" [../hls_files/conv_pool.cpp:135]   --->   Operation 212 'fcmp' 'tmp_10' <Predicate = true> <Delay = 4.24> <CoreInst = "FCompare">   --->   Core 19 'FCompare' <Latency = 1> <II = 1> <Delay = 4.24> <FuncUnit> <Opcode : 'fcmp'> <InPorts = 2> <OutPorts = 1>
ST_5 : Operation 213 [1/1] (0.80ns) (out node of the LUT)   --->   "%and_ln135_1 = and i1 %and_ln135, i1 %tmp_10" [../hls_files/conv_pool.cpp:135]   --->   Operation 213 'and' 'and_ln135_1' <Predicate = true> <Delay = 0.80> <CoreInst = "LogicGate">   --->   Core 74 'LogicGate' <Latency = 0> <II = 1> <Delay = 0.80> <FuncUnit> <Opcode : 'and' 'or' 'xor'> <InPorts = 2> <OutPorts = 1>
ST_5 : Operation 214 [1/1] (0.77ns) (out node of the LUT)   --->   "%my = select i1 %and_ln135_1, i32 %m2, i32 %m3" [../hls_files/conv_pool.cpp:135]   --->   Operation 214 'select' 'my' <Predicate = true> <Delay = 0.77> <CoreInst = "Sel">   --->   Core 73 'Sel' <Latency = 0> <II = 1> <Delay = 0.77> <FuncUnit> <Opcode : 'select'> <InPorts = 3> <OutPorts = 1>
ST_5 : Operation 215 [2/2] (4.24ns)   --->   "%tmp_13 = fcmp_ogt  i32 %mx, i32 %my" [../hls_files/conv_pool.cpp:136]   --->   Operation 215 'fcmp' 'tmp_13' <Predicate = true> <Delay = 4.24> <CoreInst = "FCompare">   --->   Core 19 'FCompare' <Latency = 1> <II = 1> <Delay = 4.24> <FuncUnit> <Opcode : 'fcmp'> <InPorts = 2> <OutPorts = 1>

State 6 <SV = 5> <Delay = 8.59>
ST_6 : Operation 216 [1/1] (0.00ns)   --->   "%specloopname_ln0 = specloopname void @_ssdm_op_SpecLoopName, void @POOL1_ROW_POOL1_COL_POOL1_CH_str"   --->   Operation 216 'specloopname' 'specloopname_ln0' <Predicate = true> <Delay = 0.00>
ST_6 : Operation 217 [1/1] (0.00ns)   --->   "%speclooptripcount_ln0 = speclooptripcount void @_ssdm_op_SpecLoopTripCount, i64 151368, i64 151368, i64 151368"   --->   Operation 217 'speclooptripcount' 'speclooptripcount_ln0' <Predicate = true> <Delay = 0.00>
ST_6 : Operation 218 [1/2] (1.76ns) (root node of the DSP)   --->   "%empty_74 = add i15 %empty_71, i15 %select_ln126_cast" [../hls_files/conv_pool.cpp:124]   --->   Operation 218 'add' 'empty_74' <Predicate = true> <Delay = 1.76> <CoreInst = "DSP48">   --->   Core 116 'DSP48' <Latency = 3> <II = 1> <Delay = 1.82> <IPBlock> <Opcode : 'add' 'sub' 'mul' 'select'> <InPorts = 0> <OutPorts = 1> <Sync> <CReg>
ST_6 : Operation 219 [1/1] (0.00ns)   --->   "%p_cast = zext i15 %empty_74" [../hls_files/conv_pool.cpp:124]   --->   Operation 219 'zext' 'p_cast' <Predicate = true> <Delay = 0.00>
ST_6 : Operation 220 [1/1] (0.00ns)   --->   "%feat1_p_addr = getelementptr i32 %feat1_p, i64 0, i64 %p_cast" [../hls_files/conv_pool.cpp:124]   --->   Operation 220 'getelementptr' 'feat1_p_addr' <Predicate = true> <Delay = 0.00>
ST_6 : Operation 221 [1/1] (0.00ns)   --->   "%feat1_p_10_addr = getelementptr i32 %feat1_p_10, i64 0, i64 %p_cast" [../hls_files/conv_pool.cpp:124]   --->   Operation 221 'getelementptr' 'feat1_p_10_addr' <Predicate = true> <Delay = 0.00>
ST_6 : Operation 222 [1/1] (0.00ns)   --->   "%feat1_p_11_addr = getelementptr i32 %feat1_p_11, i64 0, i64 %p_cast" [../hls_files/conv_pool.cpp:124]   --->   Operation 222 'getelementptr' 'feat1_p_11_addr' <Predicate = true> <Delay = 0.00>
ST_6 : Operation 223 [1/1] (0.00ns)   --->   "%feat1_p_12_addr = getelementptr i32 %feat1_p_12, i64 0, i64 %p_cast" [../hls_files/conv_pool.cpp:124]   --->   Operation 223 'getelementptr' 'feat1_p_12_addr' <Predicate = true> <Delay = 0.00>
ST_6 : Operation 224 [1/1] (0.00ns)   --->   "%feat1_p_13_addr = getelementptr i32 %feat1_p_13, i64 0, i64 %p_cast" [../hls_files/conv_pool.cpp:124]   --->   Operation 224 'getelementptr' 'feat1_p_13_addr' <Predicate = true> <Delay = 0.00>
ST_6 : Operation 225 [1/1] (0.00ns)   --->   "%feat1_p_14_addr = getelementptr i32 %feat1_p_14, i64 0, i64 %p_cast" [../hls_files/conv_pool.cpp:124]   --->   Operation 225 'getelementptr' 'feat1_p_14_addr' <Predicate = true> <Delay = 0.00>
ST_6 : Operation 226 [1/1] (0.00ns)   --->   "%feat1_p_15_addr = getelementptr i32 %feat1_p_15, i64 0, i64 %p_cast" [../hls_files/conv_pool.cpp:124]   --->   Operation 226 'getelementptr' 'feat1_p_15_addr' <Predicate = true> <Delay = 0.00>
ST_6 : Operation 227 [1/1] (0.00ns)   --->   "%feat1_p_16_addr = getelementptr i32 %feat1_p_16, i64 0, i64 %p_cast" [../hls_files/conv_pool.cpp:124]   --->   Operation 227 'getelementptr' 'feat1_p_16_addr' <Predicate = true> <Delay = 0.00>
ST_6 : Operation 228 [1/1] (0.00ns)   --->   "%specpipeline_ln128 = specpipeline void @_ssdm_op_SpecPipeline, i32 4294967295, i32 0, i32 0, i32 0, void @empty_23" [../hls_files/conv_pool.cpp:128]   --->   Operation 228 'specpipeline' 'specpipeline_ln128' <Predicate = true> <Delay = 0.00>
ST_6 : Operation 229 [1/1] (0.00ns)   --->   "%bitcast_ln136 = bitcast i32 %mx" [../hls_files/conv_pool.cpp:136]   --->   Operation 229 'bitcast' 'bitcast_ln136' <Predicate = true> <Delay = 0.00>
ST_6 : Operation 230 [1/1] (0.00ns)   --->   "%tmp_11 = partselect i8 @_ssdm_op_PartSelect.i8.i32.i32.i32, i32 %bitcast_ln136, i32 23, i32 30" [../hls_files/conv_pool.cpp:136]   --->   Operation 230 'partselect' 'tmp_11' <Predicate = true> <Delay = 0.00>
ST_6 : Operation 231 [1/1] (0.00ns)   --->   "%trunc_ln136 = trunc i32 %bitcast_ln136" [../hls_files/conv_pool.cpp:136]   --->   Operation 231 'trunc' 'trunc_ln136' <Predicate = true> <Delay = 0.00>
ST_6 : Operation 232 [1/1] (0.00ns)   --->   "%bitcast_ln136_1 = bitcast i32 %my" [../hls_files/conv_pool.cpp:136]   --->   Operation 232 'bitcast' 'bitcast_ln136_1' <Predicate = true> <Delay = 0.00>
ST_6 : Operation 233 [1/1] (0.00ns)   --->   "%tmp_12 = partselect i8 @_ssdm_op_PartSelect.i8.i32.i32.i32, i32 %bitcast_ln136_1, i32 23, i32 30" [../hls_files/conv_pool.cpp:136]   --->   Operation 233 'partselect' 'tmp_12' <Predicate = true> <Delay = 0.00>
ST_6 : Operation 234 [1/1] (0.00ns)   --->   "%trunc_ln136_1 = trunc i32 %bitcast_ln136_1" [../hls_files/conv_pool.cpp:136]   --->   Operation 234 'trunc' 'trunc_ln136_1' <Predicate = true> <Delay = 0.00>
ST_6 : Operation 235 [1/1] (1.71ns)   --->   "%icmp_ln136_1 = icmp_ne  i8 %tmp_11, i8 255" [../hls_files/conv_pool.cpp:136]   --->   Operation 235 'icmp' 'icmp_ln136_1' <Predicate = true> <Delay = 1.71> <CoreInst = "Cmp">   --->   Core 9 'Cmp' <Latency = 0> <II = 1> <Delay = 1.71> <FuncUnit> <Opcode : 'seteq' 'setne' 'setle' 'setge' 'setlt' 'setgt'> <InPorts = 2> <OutPorts = 1>
ST_6 : Operation 236 [1/1] (1.98ns)   --->   "%icmp_ln136_2 = icmp_eq  i23 %trunc_ln136, i23 0" [../hls_files/conv_pool.cpp:136]   --->   Operation 236 'icmp' 'icmp_ln136_2' <Predicate = true> <Delay = 1.98> <CoreInst = "Cmp">   --->   Core 9 'Cmp' <Latency = 0> <II = 1> <Delay = 1.98> <FuncUnit> <Opcode : 'seteq' 'setne' 'setle' 'setge' 'setlt' 'setgt'> <InPorts = 2> <OutPorts = 1>
ST_6 : Operation 237 [1/1] (0.00ns) (grouped into LUT with out node and_ln136_1)   --->   "%or_ln136 = or i1 %icmp_ln136_2, i1 %icmp_ln136_1" [../hls_files/conv_pool.cpp:136]   --->   Operation 237 'or' 'or_ln136' <Predicate = true> <Delay = 0.00> <CoreInst = "LogicGate">   --->   Core 74 'LogicGate' <Latency = 0> <II = 1> <Delay = 0.80> <FuncUnit> <Opcode : 'and' 'or' 'xor'> <InPorts = 2> <OutPorts = 1>
ST_6 : Operation 238 [1/1] (1.71ns)   --->   "%icmp_ln136_3 = icmp_ne  i8 %tmp_12, i8 255" [../hls_files/conv_pool.cpp:136]   --->   Operation 238 'icmp' 'icmp_ln136_3' <Predicate = true> <Delay = 1.71> <CoreInst = "Cmp">   --->   Core 9 'Cmp' <Latency = 0> <II = 1> <Delay = 1.71> <FuncUnit> <Opcode : 'seteq' 'setne' 'setle' 'setge' 'setlt' 'setgt'> <InPorts = 2> <OutPorts = 1>
ST_6 : Operation 239 [1/1] (1.98ns)   --->   "%icmp_ln136_4 = icmp_eq  i23 %trunc_ln136_1, i23 0" [../hls_files/conv_pool.cpp:136]   --->   Operation 239 'icmp' 'icmp_ln136_4' <Predicate = true> <Delay = 1.98> <CoreInst = "Cmp">   --->   Core 9 'Cmp' <Latency = 0> <II = 1> <Delay = 1.98> <FuncUnit> <Opcode : 'seteq' 'setne' 'setle' 'setge' 'setlt' 'setgt'> <InPorts = 2> <OutPorts = 1>
ST_6 : Operation 240 [1/1] (0.00ns) (grouped into LUT with out node and_ln136_1)   --->   "%or_ln136_1 = or i1 %icmp_ln136_4, i1 %icmp_ln136_3" [../hls_files/conv_pool.cpp:136]   --->   Operation 240 'or' 'or_ln136_1' <Predicate = true> <Delay = 0.00> <CoreInst = "LogicGate">   --->   Core 74 'LogicGate' <Latency = 0> <II = 1> <Delay = 0.80> <FuncUnit> <Opcode : 'and' 'or' 'xor'> <InPorts = 2> <OutPorts = 1>
ST_6 : Operation 241 [1/1] (0.00ns) (grouped into LUT with out node and_ln136_1)   --->   "%and_ln136 = and i1 %or_ln136, i1 %or_ln136_1" [../hls_files/conv_pool.cpp:136]   --->   Operation 241 'and' 'and_ln136' <Predicate = true> <Delay = 0.00> <CoreInst = "LogicGate">   --->   Core 74 'LogicGate' <Latency = 0> <II = 1> <Delay = 0.80> <FuncUnit> <Opcode : 'and' 'or' 'xor'> <InPorts = 2> <OutPorts = 1>
ST_6 : Operation 242 [1/2] (4.24ns)   --->   "%tmp_13 = fcmp_ogt  i32 %mx, i32 %my" [../hls_files/conv_pool.cpp:136]   --->   Operation 242 'fcmp' 'tmp_13' <Predicate = true> <Delay = 4.24> <CoreInst = "FCompare">   --->   Core 19 'FCompare' <Latency = 1> <II = 1> <Delay = 4.24> <FuncUnit> <Opcode : 'fcmp'> <InPorts = 2> <OutPorts = 1>
ST_6 : Operation 243 [1/1] (0.80ns) (out node of the LUT)   --->   "%and_ln136_1 = and i1 %and_ln136, i1 %tmp_13" [../hls_files/conv_pool.cpp:136]   --->   Operation 243 'and' 'and_ln136_1' <Predicate = true> <Delay = 0.80> <CoreInst = "LogicGate">   --->   Core 74 'LogicGate' <Latency = 0> <II = 1> <Delay = 0.80> <FuncUnit> <Opcode : 'and' 'or' 'xor'> <InPorts = 2> <OutPorts = 1>
ST_6 : Operation 244 [1/1] (0.77ns) (out node of the LUT)   --->   "%select_ln136 = select i1 %and_ln136_1, i32 %mx, i32 %my" [../hls_files/conv_pool.cpp:136]   --->   Operation 244 'select' 'select_ln136' <Predicate = true> <Delay = 0.77> <CoreInst = "Sel">   --->   Core 73 'Sel' <Latency = 0> <II = 1> <Delay = 0.77> <FuncUnit> <Opcode : 'select'> <InPorts = 3> <OutPorts = 1>
ST_6 : Operation 245 [1/1] ( I:2.77ns O:2.77ns )   --->   "%store_ln136 = store i32 %select_ln136, i15 %feat1_p_15_addr" [../hls_files/conv_pool.cpp:136]   --->   Operation 245 'store' 'store_ln136' <Predicate = (trunc_ln128 == 6)> <Delay = 2.77> <CoreInst = "RAM">   --->   Core 81 'RAM' <Latency = 1> <II = 1> <Delay = 2.77> <Storage> <Opcode : 'load' 'store'> <Ports = 2> <Width = 32> <Depth = 18921> <RAM>
ST_6 : Operation 246 [1/1] ( I:2.77ns O:2.77ns )   --->   "%store_ln136 = store i32 %select_ln136, i15 %feat1_p_14_addr" [../hls_files/conv_pool.cpp:136]   --->   Operation 246 'store' 'store_ln136' <Predicate = (trunc_ln128 == 5)> <Delay = 2.77> <CoreInst = "RAM">   --->   Core 81 'RAM' <Latency = 1> <II = 1> <Delay = 2.77> <Storage> <Opcode : 'load' 'store'> <Ports = 2> <Width = 32> <Depth = 18921> <RAM>
ST_6 : Operation 247 [1/1] ( I:2.77ns O:2.77ns )   --->   "%store_ln136 = store i32 %select_ln136, i15 %feat1_p_13_addr" [../hls_files/conv_pool.cpp:136]   --->   Operation 247 'store' 'store_ln136' <Predicate = (trunc_ln128 == 4)> <Delay = 2.77> <CoreInst = "RAM">   --->   Core 81 'RAM' <Latency = 1> <II = 1> <Delay = 2.77> <Storage> <Opcode : 'load' 'store'> <Ports = 2> <Width = 32> <Depth = 18921> <RAM>
ST_6 : Operation 248 [1/1] ( I:2.77ns O:2.77ns )   --->   "%store_ln136 = store i32 %select_ln136, i15 %feat1_p_12_addr" [../hls_files/conv_pool.cpp:136]   --->   Operation 248 'store' 'store_ln136' <Predicate = (trunc_ln128 == 3)> <Delay = 2.77> <CoreInst = "RAM">   --->   Core 81 'RAM' <Latency = 1> <II = 1> <Delay = 2.77> <Storage> <Opcode : 'load' 'store'> <Ports = 2> <Width = 32> <Depth = 18921> <RAM>
ST_6 : Operation 249 [1/1] ( I:2.77ns O:2.77ns )   --->   "%store_ln136 = store i32 %select_ln136, i15 %feat1_p_11_addr" [../hls_files/conv_pool.cpp:136]   --->   Operation 249 'store' 'store_ln136' <Predicate = (trunc_ln128 == 2)> <Delay = 2.77> <CoreInst = "RAM">   --->   Core 81 'RAM' <Latency = 1> <II = 1> <Delay = 2.77> <Storage> <Opcode : 'load' 'store'> <Ports = 2> <Width = 32> <Depth = 18921> <RAM>
ST_6 : Operation 250 [1/1] ( I:2.77ns O:2.77ns )   --->   "%store_ln136 = store i32 %select_ln136, i15 %feat1_p_10_addr" [../hls_files/conv_pool.cpp:136]   --->   Operation 250 'store' 'store_ln136' <Predicate = (trunc_ln128 == 1)> <Delay = 2.77> <CoreInst = "RAM">   --->   Core 81 'RAM' <Latency = 1> <II = 1> <Delay = 2.77> <Storage> <Opcode : 'load' 'store'> <Ports = 2> <Width = 32> <Depth = 18921> <RAM>
ST_6 : Operation 251 [1/1] ( I:2.77ns O:2.77ns )   --->   "%store_ln136 = store i32 %select_ln136, i15 %feat1_p_addr" [../hls_files/conv_pool.cpp:136]   --->   Operation 251 'store' 'store_ln136' <Predicate = (trunc_ln128 == 0)> <Delay = 2.77> <CoreInst = "RAM">   --->   Core 81 'RAM' <Latency = 1> <II = 1> <Delay = 2.77> <Storage> <Opcode : 'load' 'store'> <Ports = 2> <Width = 32> <Depth = 18921> <RAM>
ST_6 : Operation 252 [1/1] ( I:2.77ns O:2.77ns )   --->   "%store_ln136 = store i32 %select_ln136, i15 %feat1_p_16_addr" [../hls_files/conv_pool.cpp:136]   --->   Operation 252 'store' 'store_ln136' <Predicate = (trunc_ln128 == 7)> <Delay = 2.77> <CoreInst = "RAM">   --->   Core 81 'RAM' <Latency = 1> <II = 1> <Delay = 2.77> <Storage> <Opcode : 'load' 'store'> <Ports = 2> <Width = 32> <Depth = 18921> <RAM>


============================================================
+ Verbose Summary: Binding
============================================================
STG Binding: 
---------------- STG Properties BEGIN ----------------
- Is combinational: 0
- Is one-state seq: 0
- Is datapath-only: 0
- Is pipelined: 0
- Is top level: 0
Port [ Return ] is wired: 1; IO mode=ap_ctrl_hs:ce=0
Port [ feat1_p]:  wired=1; compound=1; hidden=0; nouse=0; global=1; static=1; extern=0; dir=1; type=1; pingpong=0; private_global=0; MemPort=[03]; IO mode=ap_memory:ce=0
Port [ feat1]:  wired=1; compound=1; hidden=0; nouse=0; global=1; static=1; extern=0; dir=0; type=1; pingpong=0; private_global=0; MemPort=[11]; IO mode=ap_memory:ce=0
Port [ feat1_3]:  wired=1; compound=1; hidden=0; nouse=0; global=1; static=1; extern=0; dir=0; type=1; pingpong=0; private_global=0; MemPort=[11]; IO mode=ap_memory:ce=0
Port [ feat1_4]:  wired=1; compound=1; hidden=0; nouse=0; global=1; static=1; extern=0; dir=0; type=1; pingpong=0; private_global=0; MemPort=[11]; IO mode=ap_memory:ce=0
Port [ feat1_5]:  wired=1; compound=1; hidden=0; nouse=0; global=1; static=1; extern=0; dir=0; type=1; pingpong=0; private_global=0; MemPort=[11]; IO mode=ap_memory:ce=0
Port [ feat1_6]:  wired=1; compound=1; hidden=0; nouse=0; global=1; static=1; extern=0; dir=0; type=1; pingpong=0; private_global=0; MemPort=[11]; IO mode=ap_memory:ce=0
Port [ feat1_7]:  wired=1; compound=1; hidden=0; nouse=0; global=1; static=1; extern=0; dir=0; type=1; pingpong=0; private_global=0; MemPort=[11]; IO mode=ap_memory:ce=0
Port [ feat1_8]:  wired=1; compound=1; hidden=0; nouse=0; global=1; static=1; extern=0; dir=0; type=1; pingpong=0; private_global=0; MemPort=[11]; IO mode=ap_memory:ce=0
Port [ feat1_9]:  wired=1; compound=1; hidden=0; nouse=0; global=1; static=1; extern=0; dir=0; type=1; pingpong=0; private_global=0; MemPort=[11]; IO mode=ap_memory:ce=0
Port [ feat1_p_10]:  wired=1; compound=1; hidden=0; nouse=0; global=1; static=1; extern=0; dir=1; type=1; pingpong=0; private_global=0; MemPort=[03]; IO mode=ap_memory:ce=0
Port [ feat1_p_11]:  wired=1; compound=1; hidden=0; nouse=0; global=1; static=1; extern=0; dir=1; type=1; pingpong=0; private_global=0; MemPort=[03]; IO mode=ap_memory:ce=0
Port [ feat1_p_12]:  wired=1; compound=1; hidden=0; nouse=0; global=1; static=1; extern=0; dir=1; type=1; pingpong=0; private_global=0; MemPort=[03]; IO mode=ap_memory:ce=0
Port [ feat1_p_13]:  wired=1; compound=1; hidden=0; nouse=0; global=1; static=1; extern=0; dir=1; type=1; pingpong=0; private_global=0; MemPort=[03]; IO mode=ap_memory:ce=0
Port [ feat1_p_14]:  wired=1; compound=1; hidden=0; nouse=0; global=1; static=1; extern=0; dir=1; type=1; pingpong=0; private_global=0; MemPort=[03]; IO mode=ap_memory:ce=0
Port [ feat1_p_15]:  wired=1; compound=1; hidden=0; nouse=0; global=1; static=1; extern=0; dir=1; type=1; pingpong=0; private_global=0; MemPort=[03]; IO mode=ap_memory:ce=0
Port [ feat1_p_16]:  wired=1; compound=1; hidden=0; nouse=0; global=1; static=1; extern=0; dir=1; type=1; pingpong=0; private_global=0; MemPort=[03]; IO mode=ap_memory:ce=0
---------------- STG Properties END ------------------

---------------- Datapath Model BEGIN ----------------

<LifeTime>
<method=bitvector/>
m                     (alloca           ) [ 0111000]
j                     (alloca           ) [ 0111000]
indvar_flatten55      (alloca           ) [ 0111000]
i                     (alloca           ) [ 0111000]
indvar_flatten68      (alloca           ) [ 0111000]
store_ln0             (store            ) [ 0000000]
store_ln124           (store            ) [ 0000000]
store_ln0             (store            ) [ 0000000]
store_ln126           (store            ) [ 0000000]
store_ln128           (store            ) [ 0000000]
br_ln0                (br               ) [ 0000000]
indvar_flatten55_load (load             ) [ 0101000]
indvar_flatten68_load (load             ) [ 0000000]
icmp_ln124            (icmp             ) [ 0111100]
add_ln124_1           (add              ) [ 0101000]
br_ln124              (br               ) [ 0000000]
m_load                (load             ) [ 0000000]
j_load                (load             ) [ 0000000]
i_load                (load             ) [ 0000000]
add_ln124             (add              ) [ 0000000]
icmp_ln126            (icmp             ) [ 0101000]
select_ln124          (select           ) [ 0000000]
xor_ln124             (xor              ) [ 0000000]
icmp_ln128            (icmp             ) [ 0000000]
and_ln124             (and              ) [ 0000000]
select_ln124_1        (select           ) [ 0101000]
add_ln126             (add              ) [ 0000000]
empty                 (or               ) [ 0000000]
m_1_mid2              (select           ) [ 0101000]
select_ln126          (select           ) [ 0111110]
tmp_s                 (bitconcatenate   ) [ 0000000]
tmp_33_cast           (zext             ) [ 0000000]
empty_72              (mul              ) [ 0000000]
tmp_15                (bitconcatenate   ) [ 0000000]
tmp_35_cast           (zext             ) [ 0101000]
empty_75              (add              ) [ 0000000]
p_cast1               (zext             ) [ 0000000]
feat1_addr            (getelementptr    ) [ 0101000]
feat1_3_addr          (getelementptr    ) [ 0101000]
feat1_4_addr          (getelementptr    ) [ 0101000]
feat1_5_addr          (getelementptr    ) [ 0101000]
feat1_6_addr          (getelementptr    ) [ 0101000]
feat1_7_addr          (getelementptr    ) [ 0101000]
feat1_8_addr          (getelementptr    ) [ 0101000]
feat1_9_addr          (getelementptr    ) [ 0101000]
tmp_16                (bitconcatenate   ) [ 0000000]
tmp_36_cast           (zext             ) [ 0101000]
empty_77              (add              ) [ 0000000]
p_cast3               (zext             ) [ 0000000]
feat1_addr_2          (getelementptr    ) [ 0101000]
feat1_3_addr_2        (getelementptr    ) [ 0101000]
feat1_4_addr_2        (getelementptr    ) [ 0101000]
feat1_5_addr_2        (getelementptr    ) [ 0101000]
feat1_6_addr_2        (getelementptr    ) [ 0101000]
feat1_7_addr_2        (getelementptr    ) [ 0101000]
feat1_8_addr_2        (getelementptr    ) [ 0101000]
feat1_9_addr_2        (getelementptr    ) [ 0101000]
trunc_ln128           (trunc            ) [ 0111111]
switch_ln136          (switch           ) [ 0000000]
br_ln136              (br               ) [ 0000000]
br_ln136              (br               ) [ 0000000]
br_ln136              (br               ) [ 0000000]
br_ln136              (br               ) [ 0000000]
br_ln136              (br               ) [ 0000000]
br_ln136              (br               ) [ 0000000]
br_ln136              (br               ) [ 0000000]
br_ln136              (br               ) [ 0000000]
select_ln124_1_cast   (zext             ) [ 0110110]
tmp_14                (bitconcatenate   ) [ 0000000]
tmp_34_cast           (zext             ) [ 0000000]
empty_73              (mul              ) [ 0000000]
empty_76              (add              ) [ 0000000]
p_cast2               (zext             ) [ 0000000]
feat1_addr_1          (getelementptr    ) [ 0010100]
feat1_3_addr_1        (getelementptr    ) [ 0010100]
feat1_4_addr_1        (getelementptr    ) [ 0010100]
feat1_5_addr_1        (getelementptr    ) [ 0010100]
feat1_6_addr_1        (getelementptr    ) [ 0010100]
feat1_7_addr_1        (getelementptr    ) [ 0010100]
feat1_8_addr_1        (getelementptr    ) [ 0010100]
feat1_9_addr_1        (getelementptr    ) [ 0010100]
empty_78              (add              ) [ 0000000]
p_cast4               (zext             ) [ 0000000]
feat1_addr_3          (getelementptr    ) [ 0010100]
feat1_3_addr_3        (getelementptr    ) [ 0010100]
feat1_4_addr_3        (getelementptr    ) [ 0010100]
feat1_5_addr_3        (getelementptr    ) [ 0010100]
feat1_6_addr_3        (getelementptr    ) [ 0010100]
feat1_7_addr_3        (getelementptr    ) [ 0010100]
feat1_8_addr_3        (getelementptr    ) [ 0010100]
feat1_9_addr_3        (getelementptr    ) [ 0010100]
feat1_load            (load             ) [ 0000000]
feat1_3_load          (load             ) [ 0000000]
feat1_4_load          (load             ) [ 0000000]
feat1_5_load          (load             ) [ 0000000]
feat1_6_load          (load             ) [ 0000000]
feat1_7_load          (load             ) [ 0000000]
feat1_8_load          (load             ) [ 0000000]
feat1_9_load          (load             ) [ 0000000]
feat1_load_2          (load             ) [ 0000000]
feat1_3_load_2        (load             ) [ 0000000]
feat1_4_load_2        (load             ) [ 0000000]
feat1_5_load_2        (load             ) [ 0000000]
feat1_6_load_2        (load             ) [ 0000000]
feat1_7_load_2        (load             ) [ 0000000]
feat1_8_load_2        (load             ) [ 0000000]
feat1_9_load_2        (load             ) [ 0000000]
m0                    (sparsemux        ) [ 0110110]
m2                    (sparsemux        ) [ 0110110]
add_ln128             (add              ) [ 0000000]
add_ln126_2           (add              ) [ 0000000]
select_ln126_1        (select           ) [ 0000000]
store_ln124           (store            ) [ 0000000]
store_ln124           (store            ) [ 0000000]
store_ln126           (store            ) [ 0000000]
store_ln126           (store            ) [ 0000000]
store_ln128           (store            ) [ 0000000]
br_ln128              (br               ) [ 0000000]
feat1_load_1          (load             ) [ 0000000]
feat1_3_load_1        (load             ) [ 0000000]
feat1_4_load_1        (load             ) [ 0000000]
feat1_5_load_1        (load             ) [ 0000000]
feat1_6_load_1        (load             ) [ 0000000]
feat1_7_load_1        (load             ) [ 0000000]
feat1_8_load_1        (load             ) [ 0000000]
feat1_9_load_1        (load             ) [ 0000000]
feat1_load_3          (load             ) [ 0000000]
feat1_3_load_3        (load             ) [ 0000000]
feat1_4_load_3        (load             ) [ 0000000]
feat1_5_load_3        (load             ) [ 0000000]
feat1_6_load_3        (load             ) [ 0000000]
feat1_7_load_3        (load             ) [ 0000000]
feat1_8_load_3        (load             ) [ 0000000]
feat1_9_load_3        (load             ) [ 0000000]
m1                    (sparsemux        ) [ 0100010]
m3                    (sparsemux        ) [ 0100010]
empty_71              (mul              ) [ 0010001]
select_ln126_cast     (zext             ) [ 0010001]
bitcast_ln134         (bitcast          ) [ 0000000]
tmp_2                 (partselect       ) [ 0000000]
trunc_ln134           (trunc            ) [ 0000000]
bitcast_ln134_1       (bitcast          ) [ 0000000]
tmp_3                 (partselect       ) [ 0000000]
trunc_ln134_1         (trunc            ) [ 0000000]
icmp_ln134            (icmp             ) [ 0000000]
icmp_ln134_1          (icmp             ) [ 0000000]
or_ln134              (or               ) [ 0000000]
icmp_ln134_2          (icmp             ) [ 0000000]
icmp_ln134_3          (icmp             ) [ 0000000]
or_ln134_1            (or               ) [ 0000000]
and_ln134             (and              ) [ 0000000]
tmp_4                 (fcmp             ) [ 0000000]
and_ln134_1           (and              ) [ 0000000]
mx                    (select           ) [ 0010001]
bitcast_ln135         (bitcast          ) [ 0000000]
tmp_5                 (partselect       ) [ 0000000]
trunc_ln135           (trunc            ) [ 0000000]
bitcast_ln135_1       (bitcast          ) [ 0000000]
tmp_6                 (partselect       ) [ 0000000]
trunc_ln135_1         (trunc            ) [ 0000000]
icmp_ln135            (icmp             ) [ 0000000]
icmp_ln135_1          (icmp             ) [ 0000000]
or_ln135              (or               ) [ 0000000]
icmp_ln135_2          (icmp             ) [ 0000000]
icmp_ln135_3          (icmp             ) [ 0000000]
or_ln135_1            (or               ) [ 0000000]
and_ln135             (and              ) [ 0000000]
tmp_10                (fcmp             ) [ 0000000]
and_ln135_1           (and              ) [ 0000000]
my                    (select           ) [ 0010001]
specloopname_ln0      (specloopname     ) [ 0000000]
speclooptripcount_ln0 (speclooptripcount) [ 0000000]
empty_74              (add              ) [ 0000000]
p_cast                (zext             ) [ 0000000]
feat1_p_addr          (getelementptr    ) [ 0000000]
feat1_p_10_addr       (getelementptr    ) [ 0000000]
feat1_p_11_addr       (getelementptr    ) [ 0000000]
feat1_p_12_addr       (getelementptr    ) [ 0000000]
feat1_p_13_addr       (getelementptr    ) [ 0000000]
feat1_p_14_addr       (getelementptr    ) [ 0000000]
feat1_p_15_addr       (getelementptr    ) [ 0000000]
feat1_p_16_addr       (getelementptr    ) [ 0000000]
specpipeline_ln128    (specpipeline     ) [ 0000000]
bitcast_ln136         (bitcast          ) [ 0000000]
tmp_11                (partselect       ) [ 0000000]
trunc_ln136           (trunc            ) [ 0000000]
bitcast_ln136_1       (bitcast          ) [ 0000000]
tmp_12                (partselect       ) [ 0000000]
trunc_ln136_1         (trunc            ) [ 0000000]
icmp_ln136_1          (icmp             ) [ 0000000]
icmp_ln136_2          (icmp             ) [ 0000000]
or_ln136              (or               ) [ 0000000]
icmp_ln136_3          (icmp             ) [ 0000000]
icmp_ln136_4          (icmp             ) [ 0000000]
or_ln136_1            (or               ) [ 0000000]
and_ln136             (and              ) [ 0000000]
tmp_13                (fcmp             ) [ 0000000]
and_ln136_1           (and              ) [ 0000000]
select_ln136          (select           ) [ 0000000]
store_ln136           (store            ) [ 0000000]
store_ln136           (store            ) [ 0000000]
store_ln136           (store            ) [ 0000000]
store_ln136           (store            ) [ 0000000]
store_ln136           (store            ) [ 0000000]
store_ln136           (store            ) [ 0000000]
store_ln136           (store            ) [ 0000000]
store_ln136           (store            ) [ 0000000]
ret_ln0               (ret              ) [ 0000000]
</LifeTime>

<model>

<comp_list>
<comp id="0" class="1000" name="feat1_p">
<pin_list>
<pin id="1" dir="1" index="0" bw="1" slack="0"/>
</pin_list>
<bind>
<StgValue><ssdm name="feat1_p"/><MemPortTyVec>0 3 </MemPortTyVec>
</StgValue>
</bind>
</comp>

<comp id="2" class="1000" name="feat1">
<pin_list>
<pin id="3" dir="1" index="0" bw="1" slack="0"/>
</pin_list>
<bind>
<StgValue><ssdm name="feat1"/><MemPortTyVec>1 1 </MemPortTyVec>
</StgValue>
</bind>
</comp>

<comp id="4" class="1000" name="feat1_3">
<pin_list>
<pin id="5" dir="1" index="0" bw="1" slack="0"/>
</pin_list>
<bind>
<StgValue><ssdm name="feat1_3"/><MemPortTyVec>1 1 </MemPortTyVec>
</StgValue>
</bind>
</comp>

<comp id="6" class="1000" name="feat1_4">
<pin_list>
<pin id="7" dir="1" index="0" bw="1" slack="0"/>
</pin_list>
<bind>
<StgValue><ssdm name="feat1_4"/><MemPortTyVec>1 1 </MemPortTyVec>
</StgValue>
</bind>
</comp>

<comp id="8" class="1000" name="feat1_5">
<pin_list>
<pin id="9" dir="1" index="0" bw="1" slack="0"/>
</pin_list>
<bind>
<StgValue><ssdm name="feat1_5"/><MemPortTyVec>1 1 </MemPortTyVec>
</StgValue>
</bind>
</comp>

<comp id="10" class="1000" name="feat1_6">
<pin_list>
<pin id="11" dir="1" index="0" bw="1" slack="0"/>
</pin_list>
<bind>
<StgValue><ssdm name="feat1_6"/><MemPortTyVec>1 1 </MemPortTyVec>
</StgValue>
</bind>
</comp>

<comp id="12" class="1000" name="feat1_7">
<pin_list>
<pin id="13" dir="1" index="0" bw="1" slack="0"/>
</pin_list>
<bind>
<StgValue><ssdm name="feat1_7"/><MemPortTyVec>1 1 </MemPortTyVec>
</StgValue>
</bind>
</comp>

<comp id="14" class="1000" name="feat1_8">
<pin_list>
<pin id="15" dir="1" index="0" bw="1" slack="0"/>
</pin_list>
<bind>
<StgValue><ssdm name="feat1_8"/><MemPortTyVec>1 1 </MemPortTyVec>
</StgValue>
</bind>
</comp>

<comp id="16" class="1000" name="feat1_9">
<pin_list>
<pin id="17" dir="1" index="0" bw="1" slack="0"/>
</pin_list>
<bind>
<StgValue><ssdm name="feat1_9"/><MemPortTyVec>1 1 </MemPortTyVec>
</StgValue>
</bind>
</comp>

<comp id="18" class="1000" name="feat1_p_10">
<pin_list>
<pin id="19" dir="1" index="0" bw="1" slack="0"/>
</pin_list>
<bind>
<StgValue><ssdm name="feat1_p_10"/><MemPortTyVec>0 3 </MemPortTyVec>
</StgValue>
</bind>
</comp>

<comp id="20" class="1000" name="feat1_p_11">
<pin_list>
<pin id="21" dir="1" index="0" bw="1" slack="0"/>
</pin_list>
<bind>
<StgValue><ssdm name="feat1_p_11"/><MemPortTyVec>0 3 </MemPortTyVec>
</StgValue>
</bind>
</comp>

<comp id="22" class="1000" name="feat1_p_12">
<pin_list>
<pin id="23" dir="1" index="0" bw="1" slack="0"/>
</pin_list>
<bind>
<StgValue><ssdm name="feat1_p_12"/><MemPortTyVec>0 3 </MemPortTyVec>
</StgValue>
</bind>
</comp>

<comp id="24" class="1000" name="feat1_p_13">
<pin_list>
<pin id="25" dir="1" index="0" bw="1" slack="0"/>
</pin_list>
<bind>
<StgValue><ssdm name="feat1_p_13"/><MemPortTyVec>0 3 </MemPortTyVec>
</StgValue>
</bind>
</comp>

<comp id="26" class="1000" name="feat1_p_14">
<pin_list>
<pin id="27" dir="1" index="0" bw="1" slack="0"/>
</pin_list>
<bind>
<StgValue><ssdm name="feat1_p_14"/><MemPortTyVec>0 3 </MemPortTyVec>
</StgValue>
</bind>
</comp>

<comp id="28" class="1000" name="feat1_p_15">
<pin_list>
<pin id="29" dir="1" index="0" bw="1" slack="0"/>
</pin_list>
<bind>
<StgValue><ssdm name="feat1_p_15"/><MemPortTyVec>0 3 </MemPortTyVec>
</StgValue>
</bind>
</comp>

<comp id="30" class="1000" name="feat1_p_16">
<pin_list>
<pin id="31" dir="1" index="0" bw="1" slack="0"/>
</pin_list>
<bind>
<StgValue><ssdm name="feat1_p_16"/><MemPortTyVec>0 3 </MemPortTyVec>
</StgValue>
</bind>
</comp>

<comp id="32" class="1001" name="const_32">
<pin_list>
<pin id="33" dir="1" index="0" bw="1" slack="0"/>
</pin_list>
<bind>
<StgValue><ssdm name=""/></StgValue>
</bind>
</comp>

<comp id="34" class="1001" name="const_34">
<pin_list>
<pin id="35" dir="1" index="0" bw="1" slack="0"/>
</pin_list>
<bind>
<StgValue><ssdm name=""/></StgValue>
</bind>
</comp>

<comp id="36" class="1001" name="const_36">
<pin_list>
<pin id="37" dir="1" index="0" bw="1" slack="0"/>
</pin_list>
<bind>
<StgValue><ssdm name=""/></StgValue>
</bind>
</comp>

<comp id="38" class="1001" name="const_38">
<pin_list>
<pin id="39" dir="1" index="0" bw="1" slack="0"/>
</pin_list>
<bind>
<StgValue><ssdm name=""/></StgValue>
</bind>
</comp>

<comp id="40" class="1001" name="const_40">
<pin_list>
<pin id="41" dir="1" index="0" bw="1" slack="0"/>
</pin_list>
<bind>
<StgValue><ssdm name=""/></StgValue>
</bind>
</comp>

<comp id="42" class="1001" name="const_42">
<pin_list>
<pin id="43" dir="1" index="0" bw="1" slack="0"/>
</pin_list>
<bind>
<StgValue><ssdm name=""/></StgValue>
</bind>
</comp>

<comp id="44" class="1001" name="const_44">
<pin_list>
<pin id="45" dir="1" index="0" bw="1" slack="0"/>
</pin_list>
<bind>
<StgValue><ssdm name=""/></StgValue>
</bind>
</comp>

<comp id="46" class="1001" name="const_46">
<pin_list>
<pin id="47" dir="1" index="0" bw="1" slack="0"/>
</pin_list>
<bind>
<StgValue><ssdm name=""/></StgValue>
</bind>
</comp>

<comp id="48" class="1001" name="const_48">
<pin_list>
<pin id="49" dir="1" index="0" bw="1" slack="0"/>
</pin_list>
<bind>
<StgValue><ssdm name=""/></StgValue>
</bind>
</comp>

<comp id="50" class="1001" name="const_50">
<pin_list>
<pin id="51" dir="1" index="0" bw="1" slack="0"/>
</pin_list>
<bind>
<StgValue><ssdm name=""/></StgValue>
</bind>
</comp>

<comp id="52" class="1001" name="const_52">
<pin_list>
<pin id="53" dir="1" index="0" bw="1" slack="0"/>
</pin_list>
<bind>
<StgValue><ssdm name=""/></StgValue>
</bind>
</comp>

<comp id="54" class="1001" name="const_54">
<pin_list>
<pin id="55" dir="1" index="0" bw="1" slack="0"/>
</pin_list>
<bind>
<StgValue><ssdm name=""/></StgValue>
</bind>
</comp>

<comp id="56" class="1001" name="const_56">
<pin_list>
<pin id="57" dir="1" index="0" bw="1" slack="0"/>
</pin_list>
<bind>
<StgValue><ssdm name=""/></StgValue>
</bind>
</comp>

<comp id="58" class="1001" name="const_58">
<pin_list>
<pin id="59" dir="1" index="0" bw="1" slack="0"/>
</pin_list>
<bind>
<StgValue><ssdm name="_ssdm_op_BitConcatenate.i8.i7.i1"/></StgValue>
</bind>
</comp>

<comp id="60" class="1001" name="const_60">
<pin_list>
<pin id="61" dir="1" index="0" bw="1" slack="0"/>
</pin_list>
<bind>
<StgValue><ssdm name=""/></StgValue>
</bind>
</comp>

<comp id="62" class="1001" name="const_62">
<pin_list>
<pin id="63" dir="1" index="0" bw="1" slack="0"/>
</pin_list>
<bind>
<StgValue><ssdm name=""/></StgValue>
</bind>
</comp>

<comp id="64" class="1001" name="const_64">
<pin_list>
<pin id="65" dir="1" index="0" bw="1" slack="0"/>
</pin_list>
<bind>
<StgValue><ssdm name="_ssdm_op_BitConcatenate.i9.i8.i1"/></StgValue>
</bind>
</comp>

<comp id="66" class="1001" name="const_66">
<pin_list>
<pin id="67" dir="1" index="0" bw="1" slack="0"/>
</pin_list>
<bind>
<StgValue><ssdm name=""/></StgValue>
</bind>
</comp>

<comp id="68" class="1001" name="const_68">
<pin_list>
<pin id="69" dir="1" index="0" bw="1" slack="0"/>
</pin_list>
<bind>
<StgValue><ssdm name=""/></StgValue>
</bind>
</comp>

<comp id="70" class="1001" name="const_70">
<pin_list>
<pin id="71" dir="1" index="0" bw="1" slack="0"/>
</pin_list>
<bind>
<StgValue><ssdm name=""/></StgValue>
</bind>
</comp>

<comp id="72" class="1001" name="const_72">
<pin_list>
<pin id="73" dir="1" index="0" bw="1" slack="0"/>
</pin_list>
<bind>
<StgValue><ssdm name=""/></StgValue>
</bind>
</comp>

<comp id="74" class="1001" name="const_74">
<pin_list>
<pin id="75" dir="1" index="0" bw="1" slack="0"/>
</pin_list>
<bind>
<StgValue><ssdm name=""/></StgValue>
</bind>
</comp>

<comp id="76" class="1001" name="const_76">
<pin_list>
<pin id="77" dir="1" index="0" bw="1" slack="0"/>
</pin_list>
<bind>
<StgValue><ssdm name=""/></StgValue>
</bind>
</comp>

<comp id="78" class="1001" name="const_78">
<pin_list>
<pin id="79" dir="1" index="0" bw="1" slack="0"/>
</pin_list>
<bind>
<StgValue><ssdm name=""/></StgValue>
</bind>
</comp>

<comp id="80" class="1001" name="const_80">
<pin_list>
<pin id="81" dir="1" index="0" bw="1" slack="0"/>
</pin_list>
<bind>
<StgValue><ssdm name=""/></StgValue>
</bind>
</comp>

<comp id="82" class="1001" name="const_82">
<pin_list>
<pin id="83" dir="1" index="0" bw="1" slack="0"/>
</pin_list>
<bind>
<StgValue><ssdm name=""/></StgValue>
</bind>
</comp>

<comp id="84" class="1001" name="const_84">
<pin_list>
<pin id="85" dir="1" index="0" bw="1" slack="0"/>
</pin_list>
<bind>
<StgValue><ssdm name="_ssdm_op_SparseMux.ap_auto.8float.float.i3"/></StgValue>
</bind>
</comp>

<comp id="86" class="1001" name="const_86">
<pin_list>
<pin id="87" dir="1" index="0" bw="1" slack="0"/>
</pin_list>
<bind>
<StgValue><ssdm name=""/></StgValue>
</bind>
</comp>

<comp id="88" class="1001" name="const_88">
<pin_list>
<pin id="89" dir="1" index="0" bw="1" slack="0"/>
</pin_list>
<bind>
<StgValue><ssdm name=""/></StgValue>
</bind>
</comp>

<comp id="90" class="1001" name="const_90">
<pin_list>
<pin id="91" dir="1" index="0" bw="1" slack="0"/>
</pin_list>
<bind>
<StgValue><ssdm name=""/></StgValue>
</bind>
</comp>

<comp id="92" class="1001" name="const_92">
<pin_list>
<pin id="93" dir="1" index="0" bw="1" slack="0"/>
</pin_list>
<bind>
<StgValue><ssdm name=""/></StgValue>
</bind>
</comp>

<comp id="94" class="1001" name="const_94">
<pin_list>
<pin id="95" dir="1" index="0" bw="1" slack="0"/>
</pin_list>
<bind>
<StgValue><ssdm name="_ssdm_op_PartSelect.i8.i32.i32.i32"/></StgValue>
</bind>
</comp>

<comp id="96" class="1001" name="const_96">
<pin_list>
<pin id="97" dir="1" index="0" bw="1" slack="0"/>
</pin_list>
<bind>
<StgValue><ssdm name=""/></StgValue>
</bind>
</comp>

<comp id="98" class="1001" name="const_98">
<pin_list>
<pin id="99" dir="1" index="0" bw="1" slack="0"/>
</pin_list>
<bind>
<StgValue><ssdm name=""/></StgValue>
</bind>
</comp>

<comp id="100" class="1001" name="const_100">
<pin_list>
<pin id="101" dir="1" index="0" bw="1" slack="0"/>
</pin_list>
<bind>
<StgValue><ssdm name=""/></StgValue>
</bind>
</comp>

<comp id="102" class="1001" name="const_102">
<pin_list>
<pin id="103" dir="1" index="0" bw="1" slack="0"/>
</pin_list>
<bind>
<StgValue><ssdm name=""/></StgValue>
</bind>
</comp>

<comp id="104" class="1001" name="const_104">
<pin_list>
<pin id="105" dir="1" index="0" bw="1" slack="2147483647"/>
</pin_list>
<bind>
<StgValue><ssdm name="_ssdm_op_SpecLoopName"/></StgValue>
</bind>
</comp>

<comp id="106" class="1001" name="const_106">
<pin_list>
<pin id="107" dir="1" index="0" bw="1" slack="2147483647"/>
</pin_list>
<bind>
<StgValue><ssdm name="POOL1_ROW_POOL1_COL_POOL1_CH_str"/></StgValue>
</bind>
</comp>

<comp id="108" class="1001" name="const_108">
<pin_list>
<pin id="109" dir="1" index="0" bw="1" slack="2147483647"/>
</pin_list>
<bind>
<StgValue><ssdm name="_ssdm_op_SpecLoopTripCount"/></StgValue>
</bind>
</comp>

<comp id="110" class="1001" name="const_110">
<pin_list>
<pin id="111" dir="1" index="0" bw="1" slack="2147483647"/>
</pin_list>
<bind>
<StgValue><ssdm name=""/></StgValue>
</bind>
</comp>

<comp id="112" class="1001" name="const_112">
<pin_list>
<pin id="113" dir="1" index="0" bw="1" slack="2147483647"/>
</pin_list>
<bind>
<StgValue><ssdm name="_ssdm_op_SpecPipeline"/></StgValue>
</bind>
</comp>

<comp id="114" class="1001" name="const_114">
<pin_list>
<pin id="115" dir="1" index="0" bw="1" slack="2147483647"/>
</pin_list>
<bind>
<StgValue><ssdm name=""/></StgValue>
</bind>
</comp>

<comp id="116" class="1001" name="const_116">
<pin_list>
<pin id="117" dir="1" index="0" bw="1" slack="2147483647"/>
</pin_list>
<bind>
<StgValue><ssdm name=""/></StgValue>
</bind>
</comp>

<comp id="118" class="1001" name="const_118">
<pin_list>
<pin id="119" dir="1" index="0" bw="1" slack="2147483647"/>
</pin_list>
<bind>
<StgValue><ssdm name="empty_23"/></StgValue>
</bind>
</comp>

<comp id="120" class="1004" name="m_fu_120">
<pin_list>
<pin id="121" dir="0" index="0" bw="1" slack="0"/>
<pin id="122" dir="1" index="1" bw="4" slack="0"/>
</pin_list>
<bind>
<opcode="alloca(26) " fcode="alloca"/>
<opset="m/1 "/>
</bind>
</comp>

<comp id="124" class="1004" name="j_fu_124">
<pin_list>
<pin id="125" dir="0" index="0" bw="1" slack="0"/>
<pin id="126" dir="1" index="1" bw="8" slack="0"/>
</pin_list>
<bind>
<opcode="alloca(26) " fcode="alloca"/>
<opset="j/1 "/>
</bind>
</comp>

<comp id="128" class="1004" name="indvar_flatten55_fu_128">
<pin_list>
<pin id="129" dir="0" index="0" bw="1" slack="0"/>
<pin id="130" dir="1" index="1" bw="12" slack="0"/>
</pin_list>
<bind>
<opcode="alloca(26) " fcode="alloca"/>
<opset="indvar_flatten55/1 "/>
</bind>
</comp>

<comp id="132" class="1004" name="i_fu_132">
<pin_list>
<pin id="133" dir="0" index="0" bw="1" slack="0"/>
<pin id="134" dir="1" index="1" bw="7" slack="0"/>
</pin_list>
<bind>
<opcode="alloca(26) " fcode="alloca"/>
<opset="i/1 "/>
</bind>
</comp>

<comp id="136" class="1004" name="indvar_flatten68_fu_136">
<pin_list>
<pin id="137" dir="0" index="0" bw="1" slack="0"/>
<pin id="138" dir="1" index="1" bw="18" slack="0"/>
</pin_list>
<bind>
<opcode="alloca(26) " fcode="alloca"/>
<opset="indvar_flatten68/1 "/>
</bind>
</comp>

<comp id="140" class="1004" name="feat1_addr_gep_fu_140">
<pin_list>
<pin id="141" dir="0" index="0" bw="32" slack="0"/>
<pin id="142" dir="0" index="1" bw="1" slack="0"/>
<pin id="143" dir="0" index="2" bw="17" slack="0"/>
<pin id="144" dir="1" index="3" bw="17" slack="0"/>
</pin_list>
<bind>
<opcode="getelementptr(29) " fcode="getelementptr"/>
<opset="feat1_addr/2 "/>
</bind>
</comp>

<comp id="147" class="1004" name="feat1_3_addr_gep_fu_147">
<pin_list>
<pin id="148" dir="0" index="0" bw="32" slack="0"/>
<pin id="149" dir="0" index="1" bw="1" slack="0"/>
<pin id="150" dir="0" index="2" bw="17" slack="0"/>
<pin id="151" dir="1" index="3" bw="17" slack="0"/>
</pin_list>
<bind>
<opcode="getelementptr(29) " fcode="getelementptr"/>
<opset="feat1_3_addr/2 "/>
</bind>
</comp>

<comp id="154" class="1004" name="feat1_4_addr_gep_fu_154">
<pin_list>
<pin id="155" dir="0" index="0" bw="32" slack="0"/>
<pin id="156" dir="0" index="1" bw="1" slack="0"/>
<pin id="157" dir="0" index="2" bw="17" slack="0"/>
<pin id="158" dir="1" index="3" bw="17" slack="0"/>
</pin_list>
<bind>
<opcode="getelementptr(29) " fcode="getelementptr"/>
<opset="feat1_4_addr/2 "/>
</bind>
</comp>

<comp id="161" class="1004" name="feat1_5_addr_gep_fu_161">
<pin_list>
<pin id="162" dir="0" index="0" bw="32" slack="0"/>
<pin id="163" dir="0" index="1" bw="1" slack="0"/>
<pin id="164" dir="0" index="2" bw="17" slack="0"/>
<pin id="165" dir="1" index="3" bw="17" slack="0"/>
</pin_list>
<bind>
<opcode="getelementptr(29) " fcode="getelementptr"/>
<opset="feat1_5_addr/2 "/>
</bind>
</comp>

<comp id="168" class="1004" name="feat1_6_addr_gep_fu_168">
<pin_list>
<pin id="169" dir="0" index="0" bw="32" slack="0"/>
<pin id="170" dir="0" index="1" bw="1" slack="0"/>
<pin id="171" dir="0" index="2" bw="17" slack="0"/>
<pin id="172" dir="1" index="3" bw="17" slack="0"/>
</pin_list>
<bind>
<opcode="getelementptr(29) " fcode="getelementptr"/>
<opset="feat1_6_addr/2 "/>
</bind>
</comp>

<comp id="175" class="1004" name="feat1_7_addr_gep_fu_175">
<pin_list>
<pin id="176" dir="0" index="0" bw="32" slack="0"/>
<pin id="177" dir="0" index="1" bw="1" slack="0"/>
<pin id="178" dir="0" index="2" bw="17" slack="0"/>
<pin id="179" dir="1" index="3" bw="17" slack="0"/>
</pin_list>
<bind>
<opcode="getelementptr(29) " fcode="getelementptr"/>
<opset="feat1_7_addr/2 "/>
</bind>
</comp>

<comp id="182" class="1004" name="feat1_8_addr_gep_fu_182">
<pin_list>
<pin id="183" dir="0" index="0" bw="32" slack="0"/>
<pin id="184" dir="0" index="1" bw="1" slack="0"/>
<pin id="185" dir="0" index="2" bw="17" slack="0"/>
<pin id="186" dir="1" index="3" bw="17" slack="0"/>
</pin_list>
<bind>
<opcode="getelementptr(29) " fcode="getelementptr"/>
<opset="feat1_8_addr/2 "/>
</bind>
</comp>

<comp id="189" class="1004" name="feat1_9_addr_gep_fu_189">
<pin_list>
<pin id="190" dir="0" index="0" bw="32" slack="0"/>
<pin id="191" dir="0" index="1" bw="1" slack="0"/>
<pin id="192" dir="0" index="2" bw="17" slack="0"/>
<pin id="193" dir="1" index="3" bw="17" slack="0"/>
</pin_list>
<bind>
<opcode="getelementptr(29) " fcode="getelementptr"/>
<opset="feat1_9_addr/2 "/>
</bind>
</comp>

<comp id="196" class="1004" name="feat1_addr_2_gep_fu_196">
<pin_list>
<pin id="197" dir="0" index="0" bw="32" slack="0"/>
<pin id="198" dir="0" index="1" bw="1" slack="0"/>
<pin id="199" dir="0" index="2" bw="17" slack="0"/>
<pin id="200" dir="1" index="3" bw="17" slack="0"/>
</pin_list>
<bind>
<opcode="getelementptr(29) " fcode="getelementptr"/>
<opset="feat1_addr_2/2 "/>
</bind>
</comp>

<comp id="203" class="1004" name="feat1_3_addr_2_gep_fu_203">
<pin_list>
<pin id="204" dir="0" index="0" bw="32" slack="0"/>
<pin id="205" dir="0" index="1" bw="1" slack="0"/>
<pin id="206" dir="0" index="2" bw="17" slack="0"/>
<pin id="207" dir="1" index="3" bw="17" slack="0"/>
</pin_list>
<bind>
<opcode="getelementptr(29) " fcode="getelementptr"/>
<opset="feat1_3_addr_2/2 "/>
</bind>
</comp>

<comp id="210" class="1004" name="feat1_4_addr_2_gep_fu_210">
<pin_list>
<pin id="211" dir="0" index="0" bw="32" slack="0"/>
<pin id="212" dir="0" index="1" bw="1" slack="0"/>
<pin id="213" dir="0" index="2" bw="17" slack="0"/>
<pin id="214" dir="1" index="3" bw="17" slack="0"/>
</pin_list>
<bind>
<opcode="getelementptr(29) " fcode="getelementptr"/>
<opset="feat1_4_addr_2/2 "/>
</bind>
</comp>

<comp id="217" class="1004" name="feat1_5_addr_2_gep_fu_217">
<pin_list>
<pin id="218" dir="0" index="0" bw="32" slack="0"/>
<pin id="219" dir="0" index="1" bw="1" slack="0"/>
<pin id="220" dir="0" index="2" bw="17" slack="0"/>
<pin id="221" dir="1" index="3" bw="17" slack="0"/>
</pin_list>
<bind>
<opcode="getelementptr(29) " fcode="getelementptr"/>
<opset="feat1_5_addr_2/2 "/>
</bind>
</comp>

<comp id="224" class="1004" name="feat1_6_addr_2_gep_fu_224">
<pin_list>
<pin id="225" dir="0" index="0" bw="32" slack="0"/>
<pin id="226" dir="0" index="1" bw="1" slack="0"/>
<pin id="227" dir="0" index="2" bw="17" slack="0"/>
<pin id="228" dir="1" index="3" bw="17" slack="0"/>
</pin_list>
<bind>
<opcode="getelementptr(29) " fcode="getelementptr"/>
<opset="feat1_6_addr_2/2 "/>
</bind>
</comp>

<comp id="231" class="1004" name="feat1_7_addr_2_gep_fu_231">
<pin_list>
<pin id="232" dir="0" index="0" bw="32" slack="0"/>
<pin id="233" dir="0" index="1" bw="1" slack="0"/>
<pin id="234" dir="0" index="2" bw="17" slack="0"/>
<pin id="235" dir="1" index="3" bw="17" slack="0"/>
</pin_list>
<bind>
<opcode="getelementptr(29) " fcode="getelementptr"/>
<opset="feat1_7_addr_2/2 "/>
</bind>
</comp>

<comp id="238" class="1004" name="feat1_8_addr_2_gep_fu_238">
<pin_list>
<pin id="239" dir="0" index="0" bw="32" slack="0"/>
<pin id="240" dir="0" index="1" bw="1" slack="0"/>
<pin id="241" dir="0" index="2" bw="17" slack="0"/>
<pin id="242" dir="1" index="3" bw="17" slack="0"/>
</pin_list>
<bind>
<opcode="getelementptr(29) " fcode="getelementptr"/>
<opset="feat1_8_addr_2/2 "/>
</bind>
</comp>

<comp id="245" class="1004" name="feat1_9_addr_2_gep_fu_245">
<pin_list>
<pin id="246" dir="0" index="0" bw="32" slack="0"/>
<pin id="247" dir="0" index="1" bw="1" slack="0"/>
<pin id="248" dir="0" index="2" bw="17" slack="0"/>
<pin id="249" dir="1" index="3" bw="17" slack="0"/>
</pin_list>
<bind>
<opcode="getelementptr(29) " fcode="getelementptr"/>
<opset="feat1_9_addr_2/2 "/>
</bind>
</comp>

<comp id="252" class="1004" name="grp_access_fu_252">
<pin_list>
<pin id="253" dir="0" index="0" bw="17" slack="0"/>
<pin id="254" dir="0" index="1" bw="32" slack="2147483647"/>
<pin id="255" dir="0" index="2" bw="0" slack="0"/>
<pin id="257" dir="0" index="4" bw="17" slack="2147483647"/>
<pin id="258" dir="0" index="5" bw="32" slack="2147483647"/>
<pin id="259" dir="0" index="6" bw="0" slack="2147483647"/>
<pin id="256" dir="1" index="3" bw="32" slack="0"/>
<pin id="260" dir="1" index="7" bw="32" slack="0"/>
</pin_list>
<bind>
<opcode="load(27) " fcode="load"/>
<opset="feat1_load/2 feat1_load_2/2 feat1_load_1/3 feat1_load_3/3 "/>
</bind>
</comp>

<comp id="262" class="1004" name="grp_access_fu_262">
<pin_list>
<pin id="263" dir="0" index="0" bw="17" slack="0"/>
<pin id="264" dir="0" index="1" bw="32" slack="2147483647"/>
<pin id="265" dir="0" index="2" bw="0" slack="0"/>
<pin id="267" dir="0" index="4" bw="17" slack="2147483647"/>
<pin id="268" dir="0" index="5" bw="32" slack="2147483647"/>
<pin id="269" dir="0" index="6" bw="0" slack="2147483647"/>
<pin id="266" dir="1" index="3" bw="32" slack="0"/>
<pin id="270" dir="1" index="7" bw="32" slack="0"/>
</pin_list>
<bind>
<opcode="load(27) " fcode="load"/>
<opset="feat1_3_load/2 feat1_3_load_2/2 feat1_3_load_1/3 feat1_3_load_3/3 "/>
</bind>
</comp>

<comp id="272" class="1004" name="grp_access_fu_272">
<pin_list>
<pin id="273" dir="0" index="0" bw="17" slack="0"/>
<pin id="274" dir="0" index="1" bw="32" slack="2147483647"/>
<pin id="275" dir="0" index="2" bw="0" slack="0"/>
<pin id="277" dir="0" index="4" bw="17" slack="2147483647"/>
<pin id="278" dir="0" index="5" bw="32" slack="2147483647"/>
<pin id="279" dir="0" index="6" bw="0" slack="2147483647"/>
<pin id="276" dir="1" index="3" bw="32" slack="0"/>
<pin id="280" dir="1" index="7" bw="32" slack="0"/>
</pin_list>
<bind>
<opcode="load(27) " fcode="load"/>
<opset="feat1_4_load/2 feat1_4_load_2/2 feat1_4_load_1/3 feat1_4_load_3/3 "/>
</bind>
</comp>

<comp id="282" class="1004" name="grp_access_fu_282">
<pin_list>
<pin id="283" dir="0" index="0" bw="17" slack="0"/>
<pin id="284" dir="0" index="1" bw="32" slack="2147483647"/>
<pin id="285" dir="0" index="2" bw="0" slack="0"/>
<pin id="287" dir="0" index="4" bw="17" slack="2147483647"/>
<pin id="288" dir="0" index="5" bw="32" slack="2147483647"/>
<pin id="289" dir="0" index="6" bw="0" slack="2147483647"/>
<pin id="286" dir="1" index="3" bw="32" slack="0"/>
<pin id="290" dir="1" index="7" bw="32" slack="0"/>
</pin_list>
<bind>
<opcode="load(27) " fcode="load"/>
<opset="feat1_5_load/2 feat1_5_load_2/2 feat1_5_load_1/3 feat1_5_load_3/3 "/>
</bind>
</comp>

<comp id="292" class="1004" name="grp_access_fu_292">
<pin_list>
<pin id="293" dir="0" index="0" bw="17" slack="0"/>
<pin id="294" dir="0" index="1" bw="32" slack="2147483647"/>
<pin id="295" dir="0" index="2" bw="0" slack="0"/>
<pin id="297" dir="0" index="4" bw="17" slack="2147483647"/>
<pin id="298" dir="0" index="5" bw="32" slack="2147483647"/>
<pin id="299" dir="0" index="6" bw="0" slack="2147483647"/>
<pin id="296" dir="1" index="3" bw="32" slack="0"/>
<pin id="300" dir="1" index="7" bw="32" slack="0"/>
</pin_list>
<bind>
<opcode="load(27) " fcode="load"/>
<opset="feat1_6_load/2 feat1_6_load_2/2 feat1_6_load_1/3 feat1_6_load_3/3 "/>
</bind>
</comp>

<comp id="302" class="1004" name="grp_access_fu_302">
<pin_list>
<pin id="303" dir="0" index="0" bw="17" slack="0"/>
<pin id="304" dir="0" index="1" bw="32" slack="2147483647"/>
<pin id="305" dir="0" index="2" bw="0" slack="0"/>
<pin id="307" dir="0" index="4" bw="17" slack="2147483647"/>
<pin id="308" dir="0" index="5" bw="32" slack="2147483647"/>
<pin id="309" dir="0" index="6" bw="0" slack="2147483647"/>
<pin id="306" dir="1" index="3" bw="32" slack="0"/>
<pin id="310" dir="1" index="7" bw="32" slack="0"/>
</pin_list>
<bind>
<opcode="load(27) " fcode="load"/>
<opset="feat1_7_load/2 feat1_7_load_2/2 feat1_7_load_1/3 feat1_7_load_3/3 "/>
</bind>
</comp>

<comp id="312" class="1004" name="grp_access_fu_312">
<pin_list>
<pin id="313" dir="0" index="0" bw="17" slack="0"/>
<pin id="314" dir="0" index="1" bw="32" slack="2147483647"/>
<pin id="315" dir="0" index="2" bw="0" slack="0"/>
<pin id="317" dir="0" index="4" bw="17" slack="2147483647"/>
<pin id="318" dir="0" index="5" bw="32" slack="2147483647"/>
<pin id="319" dir="0" index="6" bw="0" slack="2147483647"/>
<pin id="316" dir="1" index="3" bw="32" slack="0"/>
<pin id="320" dir="1" index="7" bw="32" slack="0"/>
</pin_list>
<bind>
<opcode="load(27) " fcode="load"/>
<opset="feat1_8_load/2 feat1_8_load_2/2 feat1_8_load_1/3 feat1_8_load_3/3 "/>
</bind>
</comp>

<comp id="322" class="1004" name="grp_access_fu_322">
<pin_list>
<pin id="323" dir="0" index="0" bw="17" slack="0"/>
<pin id="324" dir="0" index="1" bw="32" slack="2147483647"/>
<pin id="325" dir="0" index="2" bw="0" slack="0"/>
<pin id="327" dir="0" index="4" bw="17" slack="2147483647"/>
<pin id="328" dir="0" index="5" bw="32" slack="2147483647"/>
<pin id="329" dir="0" index="6" bw="0" slack="2147483647"/>
<pin id="326" dir="1" index="3" bw="32" slack="0"/>
<pin id="330" dir="1" index="7" bw="32" slack="0"/>
</pin_list>
<bind>
<opcode="load(27) " fcode="load"/>
<opset="feat1_9_load/2 feat1_9_load_2/2 feat1_9_load_1/3 feat1_9_load_3/3 "/>
</bind>
</comp>

<comp id="340" class="1004" name="feat1_addr_1_gep_fu_340">
<pin_list>
<pin id="341" dir="0" index="0" bw="32" slack="0"/>
<pin id="342" dir="0" index="1" bw="1" slack="0"/>
<pin id="343" dir="0" index="2" bw="17" slack="0"/>
<pin id="344" dir="1" index="3" bw="17" slack="0"/>
</pin_list>
<bind>
<opcode="getelementptr(29) " fcode="getelementptr"/>
<opset="feat1_addr_1/3 "/>
</bind>
</comp>

<comp id="347" class="1004" name="feat1_3_addr_1_gep_fu_347">
<pin_list>
<pin id="348" dir="0" index="0" bw="32" slack="0"/>
<pin id="349" dir="0" index="1" bw="1" slack="0"/>
<pin id="350" dir="0" index="2" bw="17" slack="0"/>
<pin id="351" dir="1" index="3" bw="17" slack="0"/>
</pin_list>
<bind>
<opcode="getelementptr(29) " fcode="getelementptr"/>
<opset="feat1_3_addr_1/3 "/>
</bind>
</comp>

<comp id="354" class="1004" name="feat1_4_addr_1_gep_fu_354">
<pin_list>
<pin id="355" dir="0" index="0" bw="32" slack="0"/>
<pin id="356" dir="0" index="1" bw="1" slack="0"/>
<pin id="357" dir="0" index="2" bw="17" slack="0"/>
<pin id="358" dir="1" index="3" bw="17" slack="0"/>
</pin_list>
<bind>
<opcode="getelementptr(29) " fcode="getelementptr"/>
<opset="feat1_4_addr_1/3 "/>
</bind>
</comp>

<comp id="361" class="1004" name="feat1_5_addr_1_gep_fu_361">
<pin_list>
<pin id="362" dir="0" index="0" bw="32" slack="0"/>
<pin id="363" dir="0" index="1" bw="1" slack="0"/>
<pin id="364" dir="0" index="2" bw="17" slack="0"/>
<pin id="365" dir="1" index="3" bw="17" slack="0"/>
</pin_list>
<bind>
<opcode="getelementptr(29) " fcode="getelementptr"/>
<opset="feat1_5_addr_1/3 "/>
</bind>
</comp>

<comp id="368" class="1004" name="feat1_6_addr_1_gep_fu_368">
<pin_list>
<pin id="369" dir="0" index="0" bw="32" slack="0"/>
<pin id="370" dir="0" index="1" bw="1" slack="0"/>
<pin id="371" dir="0" index="2" bw="17" slack="0"/>
<pin id="372" dir="1" index="3" bw="17" slack="0"/>
</pin_list>
<bind>
<opcode="getelementptr(29) " fcode="getelementptr"/>
<opset="feat1_6_addr_1/3 "/>
</bind>
</comp>

<comp id="375" class="1004" name="feat1_7_addr_1_gep_fu_375">
<pin_list>
<pin id="376" dir="0" index="0" bw="32" slack="0"/>
<pin id="377" dir="0" index="1" bw="1" slack="0"/>
<pin id="378" dir="0" index="2" bw="17" slack="0"/>
<pin id="379" dir="1" index="3" bw="17" slack="0"/>
</pin_list>
<bind>
<opcode="getelementptr(29) " fcode="getelementptr"/>
<opset="feat1_7_addr_1/3 "/>
</bind>
</comp>

<comp id="382" class="1004" name="feat1_8_addr_1_gep_fu_382">
<pin_list>
<pin id="383" dir="0" index="0" bw="32" slack="0"/>
<pin id="384" dir="0" index="1" bw="1" slack="0"/>
<pin id="385" dir="0" index="2" bw="17" slack="0"/>
<pin id="386" dir="1" index="3" bw="17" slack="0"/>
</pin_list>
<bind>
<opcode="getelementptr(29) " fcode="getelementptr"/>
<opset="feat1_8_addr_1/3 "/>
</bind>
</comp>

<comp id="389" class="1004" name="feat1_9_addr_1_gep_fu_389">
<pin_list>
<pin id="390" dir="0" index="0" bw="32" slack="0"/>
<pin id="391" dir="0" index="1" bw="1" slack="0"/>
<pin id="392" dir="0" index="2" bw="17" slack="0"/>
<pin id="393" dir="1" index="3" bw="17" slack="0"/>
</pin_list>
<bind>
<opcode="getelementptr(29) " fcode="getelementptr"/>
<opset="feat1_9_addr_1/3 "/>
</bind>
</comp>

<comp id="396" class="1004" name="feat1_addr_3_gep_fu_396">
<pin_list>
<pin id="397" dir="0" index="0" bw="32" slack="0"/>
<pin id="398" dir="0" index="1" bw="1" slack="0"/>
<pin id="399" dir="0" index="2" bw="17" slack="0"/>
<pin id="400" dir="1" index="3" bw="17" slack="0"/>
</pin_list>
<bind>
<opcode="getelementptr(29) " fcode="getelementptr"/>
<opset="feat1_addr_3/3 "/>
</bind>
</comp>

<comp id="403" class="1004" name="feat1_3_addr_3_gep_fu_403">
<pin_list>
<pin id="404" dir="0" index="0" bw="32" slack="0"/>
<pin id="405" dir="0" index="1" bw="1" slack="0"/>
<pin id="406" dir="0" index="2" bw="17" slack="0"/>
<pin id="407" dir="1" index="3" bw="17" slack="0"/>
</pin_list>
<bind>
<opcode="getelementptr(29) " fcode="getelementptr"/>
<opset="feat1_3_addr_3/3 "/>
</bind>
</comp>

<comp id="410" class="1004" name="feat1_4_addr_3_gep_fu_410">
<pin_list>
<pin id="411" dir="0" index="0" bw="32" slack="0"/>
<pin id="412" dir="0" index="1" bw="1" slack="0"/>
<pin id="413" dir="0" index="2" bw="17" slack="0"/>
<pin id="414" dir="1" index="3" bw="17" slack="0"/>
</pin_list>
<bind>
<opcode="getelementptr(29) " fcode="getelementptr"/>
<opset="feat1_4_addr_3/3 "/>
</bind>
</comp>

<comp id="417" class="1004" name="feat1_5_addr_3_gep_fu_417">
<pin_list>
<pin id="418" dir="0" index="0" bw="32" slack="0"/>
<pin id="419" dir="0" index="1" bw="1" slack="0"/>
<pin id="420" dir="0" index="2" bw="17" slack="0"/>
<pin id="421" dir="1" index="3" bw="17" slack="0"/>
</pin_list>
<bind>
<opcode="getelementptr(29) " fcode="getelementptr"/>
<opset="feat1_5_addr_3/3 "/>
</bind>
</comp>

<comp id="424" class="1004" name="feat1_6_addr_3_gep_fu_424">
<pin_list>
<pin id="425" dir="0" index="0" bw="32" slack="0"/>
<pin id="426" dir="0" index="1" bw="1" slack="0"/>
<pin id="427" dir="0" index="2" bw="17" slack="0"/>
<pin id="428" dir="1" index="3" bw="17" slack="0"/>
</pin_list>
<bind>
<opcode="getelementptr(29) " fcode="getelementptr"/>
<opset="feat1_6_addr_3/3 "/>
</bind>
</comp>

<comp id="431" class="1004" name="feat1_7_addr_3_gep_fu_431">
<pin_list>
<pin id="432" dir="0" index="0" bw="32" slack="0"/>
<pin id="433" dir="0" index="1" bw="1" slack="0"/>
<pin id="434" dir="0" index="2" bw="17" slack="0"/>
<pin id="435" dir="1" index="3" bw="17" slack="0"/>
</pin_list>
<bind>
<opcode="getelementptr(29) " fcode="getelementptr"/>
<opset="feat1_7_addr_3/3 "/>
</bind>
</comp>

<comp id="438" class="1004" name="feat1_8_addr_3_gep_fu_438">
<pin_list>
<pin id="439" dir="0" index="0" bw="32" slack="0"/>
<pin id="440" dir="0" index="1" bw="1" slack="0"/>
<pin id="441" dir="0" index="2" bw="17" slack="0"/>
<pin id="442" dir="1" index="3" bw="17" slack="0"/>
</pin_list>
<bind>
<opcode="getelementptr(29) " fcode="getelementptr"/>
<opset="feat1_8_addr_3/3 "/>
</bind>
</comp>

<comp id="445" class="1004" name="feat1_9_addr_3_gep_fu_445">
<pin_list>
<pin id="446" dir="0" index="0" bw="32" slack="0"/>
<pin id="447" dir="0" index="1" bw="1" slack="0"/>
<pin id="448" dir="0" index="2" bw="17" slack="0"/>
<pin id="449" dir="1" index="3" bw="17" slack="0"/>
</pin_list>
<bind>
<opcode="getelementptr(29) " fcode="getelementptr"/>
<opset="feat1_9_addr_3/3 "/>
</bind>
</comp>

<comp id="468" class="1004" name="feat1_p_addr_gep_fu_468">
<pin_list>
<pin id="469" dir="0" index="0" bw="32" slack="0"/>
<pin id="470" dir="0" index="1" bw="1" slack="0"/>
<pin id="471" dir="0" index="2" bw="15" slack="0"/>
<pin id="472" dir="1" index="3" bw="15" slack="0"/>
</pin_list>
<bind>
<opcode="getelementptr(29) " fcode="getelementptr"/>
<opset="feat1_p_addr/6 "/>
</bind>
</comp>

<comp id="475" class="1004" name="feat1_p_10_addr_gep_fu_475">
<pin_list>
<pin id="476" dir="0" index="0" bw="32" slack="0"/>
<pin id="477" dir="0" index="1" bw="1" slack="0"/>
<pin id="478" dir="0" index="2" bw="15" slack="0"/>
<pin id="479" dir="1" index="3" bw="15" slack="0"/>
</pin_list>
<bind>
<opcode="getelementptr(29) " fcode="getelementptr"/>
<opset="feat1_p_10_addr/6 "/>
</bind>
</comp>

<comp id="482" class="1004" name="feat1_p_11_addr_gep_fu_482">
<pin_list>
<pin id="483" dir="0" index="0" bw="32" slack="0"/>
<pin id="484" dir="0" index="1" bw="1" slack="0"/>
<pin id="485" dir="0" index="2" bw="15" slack="0"/>
<pin id="486" dir="1" index="3" bw="15" slack="0"/>
</pin_list>
<bind>
<opcode="getelementptr(29) " fcode="getelementptr"/>
<opset="feat1_p_11_addr/6 "/>
</bind>
</comp>

<comp id="489" class="1004" name="feat1_p_12_addr_gep_fu_489">
<pin_list>
<pin id="490" dir="0" index="0" bw="32" slack="0"/>
<pin id="491" dir="0" index="1" bw="1" slack="0"/>
<pin id="492" dir="0" index="2" bw="15" slack="0"/>
<pin id="493" dir="1" index="3" bw="15" slack="0"/>
</pin_list>
<bind>
<opcode="getelementptr(29) " fcode="getelementptr"/>
<opset="feat1_p_12_addr/6 "/>
</bind>
</comp>

<comp id="496" class="1004" name="feat1_p_13_addr_gep_fu_496">
<pin_list>
<pin id="497" dir="0" index="0" bw="32" slack="0"/>
<pin id="498" dir="0" index="1" bw="1" slack="0"/>
<pin id="499" dir="0" index="2" bw="15" slack="0"/>
<pin id="500" dir="1" index="3" bw="15" slack="0"/>
</pin_list>
<bind>
<opcode="getelementptr(29) " fcode="getelementptr"/>
<opset="feat1_p_13_addr/6 "/>
</bind>
</comp>

<comp id="503" class="1004" name="feat1_p_14_addr_gep_fu_503">
<pin_list>
<pin id="504" dir="0" index="0" bw="32" slack="0"/>
<pin id="505" dir="0" index="1" bw="1" slack="0"/>
<pin id="506" dir="0" index="2" bw="15" slack="0"/>
<pin id="507" dir="1" index="3" bw="15" slack="0"/>
</pin_list>
<bind>
<opcode="getelementptr(29) " fcode="getelementptr"/>
<opset="feat1_p_14_addr/6 "/>
</bind>
</comp>

<comp id="510" class="1004" name="feat1_p_15_addr_gep_fu_510">
<pin_list>
<pin id="511" dir="0" index="0" bw="32" slack="0"/>
<pin id="512" dir="0" index="1" bw="1" slack="0"/>
<pin id="513" dir="0" index="2" bw="15" slack="0"/>
<pin id="514" dir="1" index="3" bw="15" slack="0"/>
</pin_list>
<bind>
<opcode="getelementptr(29) " fcode="getelementptr"/>
<opset="feat1_p_15_addr/6 "/>
</bind>
</comp>

<comp id="517" class="1004" name="feat1_p_16_addr_gep_fu_517">
<pin_list>
<pin id="518" dir="0" index="0" bw="32" slack="0"/>
<pin id="519" dir="0" index="1" bw="1" slack="0"/>
<pin id="520" dir="0" index="2" bw="15" slack="0"/>
<pin id="521" dir="1" index="3" bw="15" slack="0"/>
</pin_list>
<bind>
<opcode="getelementptr(29) " fcode="getelementptr"/>
<opset="feat1_p_16_addr/6 "/>
</bind>
</comp>

<comp id="524" class="1004" name="store_ln136_access_fu_524">
<pin_list>
<pin id="525" dir="0" index="0" bw="15" slack="0"/>
<pin id="526" dir="0" index="1" bw="32" slack="0"/>
<pin id="527" dir="0" index="2" bw="0" slack="2147483647"/>
<pin id="528" dir="1" index="3" bw="32" slack="2147483647"/>
</pin_list>
<bind>
<opcode="store(28) " fcode="store"/>
<opset="store_ln136/6 "/>
</bind>
</comp>

<comp id="530" class="1004" name="store_ln136_access_fu_530">
<pin_list>
<pin id="531" dir="0" index="0" bw="15" slack="0"/>
<pin id="532" dir="0" index="1" bw="32" slack="0"/>
<pin id="533" dir="0" index="2" bw="0" slack="2147483647"/>
<pin id="534" dir="1" index="3" bw="32" slack="2147483647"/>
</pin_list>
<bind>
<opcode="store(28) " fcode="store"/>
<opset="store_ln136/6 "/>
</bind>
</comp>

<comp id="536" class="1004" name="store_ln136_access_fu_536">
<pin_list>
<pin id="537" dir="0" index="0" bw="15" slack="0"/>
<pin id="538" dir="0" index="1" bw="32" slack="0"/>
<pin id="539" dir="0" index="2" bw="0" slack="2147483647"/>
<pin id="540" dir="1" index="3" bw="32" slack="2147483647"/>
</pin_list>
<bind>
<opcode="store(28) " fcode="store"/>
<opset="store_ln136/6 "/>
</bind>
</comp>

<comp id="542" class="1004" name="store_ln136_access_fu_542">
<pin_list>
<pin id="543" dir="0" index="0" bw="15" slack="0"/>
<pin id="544" dir="0" index="1" bw="32" slack="0"/>
<pin id="545" dir="0" index="2" bw="0" slack="2147483647"/>
<pin id="546" dir="1" index="3" bw="32" slack="2147483647"/>
</pin_list>
<bind>
<opcode="store(28) " fcode="store"/>
<opset="store_ln136/6 "/>
</bind>
</comp>

<comp id="548" class="1004" name="store_ln136_access_fu_548">
<pin_list>
<pin id="549" dir="0" index="0" bw="15" slack="0"/>
<pin id="550" dir="0" index="1" bw="32" slack="0"/>
<pin id="551" dir="0" index="2" bw="0" slack="2147483647"/>
<pin id="552" dir="1" index="3" bw="32" slack="2147483647"/>
</pin_list>
<bind>
<opcode="store(28) " fcode="store"/>
<opset="store_ln136/6 "/>
</bind>
</comp>

<comp id="554" class="1004" name="store_ln136_access_fu_554">
<pin_list>
<pin id="555" dir="0" index="0" bw="15" slack="0"/>
<pin id="556" dir="0" index="1" bw="32" slack="0"/>
<pin id="557" dir="0" index="2" bw="0" slack="2147483647"/>
<pin id="558" dir="1" index="3" bw="32" slack="2147483647"/>
</pin_list>
<bind>
<opcode="store(28) " fcode="store"/>
<opset="store_ln136/6 "/>
</bind>
</comp>

<comp id="560" class="1004" name="store_ln136_access_fu_560">
<pin_list>
<pin id="561" dir="0" index="0" bw="15" slack="0"/>
<pin id="562" dir="0" index="1" bw="32" slack="0"/>
<pin id="563" dir="0" index="2" bw="0" slack="2147483647"/>
<pin id="564" dir="1" index="3" bw="32" slack="2147483647"/>
</pin_list>
<bind>
<opcode="store(28) " fcode="store"/>
<opset="store_ln136/6 "/>
</bind>
</comp>

<comp id="566" class="1004" name="store_ln136_access_fu_566">
<pin_list>
<pin id="567" dir="0" index="0" bw="15" slack="0"/>
<pin id="568" dir="0" index="1" bw="32" slack="0"/>
<pin id="569" dir="0" index="2" bw="0" slack="2147483647"/>
<pin id="570" dir="1" index="3" bw="32" slack="2147483647"/>
</pin_list>
<bind>
<opcode="store(28) " fcode="store"/>
<opset="store_ln136/6 "/>
</bind>
</comp>

<comp id="572" class="1004" name="grp_fu_572">
<pin_list>
<pin id="573" dir="0" index="0" bw="32" slack="0"/>
<pin id="574" dir="0" index="1" bw="32" slack="0"/>
<pin id="575" dir="1" index="2" bw="1" slack="0"/>
</pin_list>
<bind>
<opcode="fcmp(46) " fcode="fcmp"/>
<opset="tmp_4/4 tmp_13/5 "/>
</bind>
</comp>

<comp id="576" class="1004" name="grp_fu_576">
<pin_list>
<pin id="577" dir="0" index="0" bw="32" slack="1"/>
<pin id="578" dir="0" index="1" bw="32" slack="0"/>
<pin id="579" dir="1" index="2" bw="1" slack="0"/>
</pin_list>
<bind>
<opcode="fcmp(46) " fcode="fcmp"/>
<opset="tmp_10/4 "/>
</bind>
</comp>

<comp id="580" class="1004" name="grp_fu_580">
<pin_list>
<pin id="581" dir="0" index="0" bw="32" slack="0"/>
<pin id="582" dir="0" index="1" bw="3" slack="0"/>
<pin id="583" dir="0" index="2" bw="32" slack="0"/>
<pin id="584" dir="0" index="3" bw="3" slack="0"/>
<pin id="585" dir="0" index="4" bw="32" slack="0"/>
<pin id="586" dir="0" index="5" bw="3" slack="0"/>
<pin id="587" dir="0" index="6" bw="32" slack="0"/>
<pin id="588" dir="0" index="7" bw="3" slack="0"/>
<pin id="589" dir="0" index="8" bw="32" slack="0"/>
<pin id="590" dir="0" index="9" bw="3" slack="0"/>
<pin id="591" dir="0" index="10" bw="32" slack="0"/>
<pin id="592" dir="0" index="11" bw="3" slack="0"/>
<pin id="593" dir="0" index="12" bw="32" slack="0"/>
<pin id="594" dir="0" index="13" bw="3" slack="0"/>
<pin id="595" dir="0" index="14" bw="32" slack="0"/>
<pin id="596" dir="0" index="15" bw="3" slack="0"/>
<pin id="597" dir="0" index="16" bw="32" slack="0"/>
<pin id="598" dir="0" index="17" bw="32" slack="0"/>
<pin id="599" dir="0" index="18" bw="3" slack="1"/>
<pin id="600" dir="1" index="19" bw="32" slack="0"/>
</pin_list>
<bind>
<opcode="sparsemux(1197) " fcode="sparsemux"/>
<opset="m0/3 m1/4 "/>
</bind>
</comp>

<comp id="620" class="1004" name="grp_fu_620">
<pin_list>
<pin id="621" dir="0" index="0" bw="32" slack="0"/>
<pin id="622" dir="0" index="1" bw="3" slack="0"/>
<pin id="623" dir="0" index="2" bw="32" slack="0"/>
<pin id="624" dir="0" index="3" bw="3" slack="0"/>
<pin id="625" dir="0" index="4" bw="32" slack="0"/>
<pin id="626" dir="0" index="5" bw="3" slack="0"/>
<pin id="627" dir="0" index="6" bw="32" slack="0"/>
<pin id="628" dir="0" index="7" bw="3" slack="0"/>
<pin id="629" dir="0" index="8" bw="32" slack="0"/>
<pin id="630" dir="0" index="9" bw="3" slack="0"/>
<pin id="631" dir="0" index="10" bw="32" slack="0"/>
<pin id="632" dir="0" index="11" bw="3" slack="0"/>
<pin id="633" dir="0" index="12" bw="32" slack="0"/>
<pin id="634" dir="0" index="13" bw="3" slack="0"/>
<pin id="635" dir="0" index="14" bw="32" slack="0"/>
<pin id="636" dir="0" index="15" bw="3" slack="0"/>
<pin id="637" dir="0" index="16" bw="32" slack="0"/>
<pin id="638" dir="0" index="17" bw="32" slack="0"/>
<pin id="639" dir="0" index="18" bw="3" slack="1"/>
<pin id="640" dir="1" index="19" bw="32" slack="0"/>
</pin_list>
<bind>
<opcode="sparsemux(1197) " fcode="sparsemux"/>
<opset="m2/3 m3/4 "/>
</bind>
</comp>

<comp id="660" class="1004" name="store_ln0_store_fu_660">
<pin_list>
<pin id="661" dir="0" index="0" bw="1" slack="0"/>
<pin id="662" dir="0" index="1" bw="18" slack="0"/>
<pin id="663" dir="1" index="2" bw="0" slack="2147483647"/>
</pin_list>
<bind>
<opcode="store(28) " fcode="store"/>
<opset="store_ln0/1 "/>
</bind>
</comp>

<comp id="665" class="1004" name="store_ln124_store_fu_665">
<pin_list>
<pin id="666" dir="0" index="0" bw="1" slack="0"/>
<pin id="667" dir="0" index="1" bw="7" slack="0"/>
<pin id="668" dir="1" index="2" bw="0" slack="2147483647"/>
</pin_list>
<bind>
<opcode="store(28) " fcode="store"/>
<opset="store_ln124/1 "/>
</bind>
</comp>

<comp id="670" class="1004" name="store_ln0_store_fu_670">
<pin_list>
<pin id="671" dir="0" index="0" bw="1" slack="0"/>
<pin id="672" dir="0" index="1" bw="12" slack="0"/>
<pin id="673" dir="1" index="2" bw="0" slack="2147483647"/>
</pin_list>
<bind>
<opcode="store(28) " fcode="store"/>
<opset="store_ln0/1 "/>
</bind>
</comp>

<comp id="675" class="1004" name="store_ln126_store_fu_675">
<pin_list>
<pin id="676" dir="0" index="0" bw="1" slack="0"/>
<pin id="677" dir="0" index="1" bw="8" slack="0"/>
<pin id="678" dir="1" index="2" bw="0" slack="2147483647"/>
</pin_list>
<bind>
<opcode="store(28) " fcode="store"/>
<opset="store_ln126/1 "/>
</bind>
</comp>

<comp id="680" class="1004" name="store_ln128_store_fu_680">
<pin_list>
<pin id="681" dir="0" index="0" bw="1" slack="0"/>
<pin id="682" dir="0" index="1" bw="4" slack="0"/>
<pin id="683" dir="1" index="2" bw="0" slack="2147483647"/>
</pin_list>
<bind>
<opcode="store(28) " fcode="store"/>
<opset="store_ln128/1 "/>
</bind>
</comp>

<comp id="685" class="1004" name="indvar_flatten55_load_load_fu_685">
<pin_list>
<pin id="686" dir="0" index="0" bw="12" slack="1"/>
<pin id="687" dir="1" index="1" bw="12" slack="0"/>
</pin_list>
<bind>
<opcode="load(27) " fcode="load"/>
<opset="indvar_flatten55_load/2 "/>
</bind>
</comp>

<comp id="688" class="1004" name="indvar_flatten68_load_load_fu_688">
<pin_list>
<pin id="689" dir="0" index="0" bw="18" slack="1"/>
<pin id="690" dir="1" index="1" bw="18" slack="0"/>
</pin_list>
<bind>
<opcode="load(27) " fcode="load"/>
<opset="indvar_flatten68_load/2 "/>
</bind>
</comp>

<comp id="691" class="1004" name="icmp_ln124_fu_691">
<pin_list>
<pin id="692" dir="0" index="0" bw="18" slack="0"/>
<pin id="693" dir="0" index="1" bw="18" slack="0"/>
<pin id="694" dir="1" index="2" bw="1" slack="1"/>
</pin_list>
<bind>
<opcode="icmp(45) " fcode="icmp"/>
<opset="icmp_ln124/2 "/>
</bind>
</comp>

<comp id="697" class="1004" name="add_ln124_1_fu_697">
<pin_list>
<pin id="698" dir="0" index="0" bw="18" slack="0"/>
<pin id="699" dir="0" index="1" bw="1" slack="0"/>
<pin id="700" dir="1" index="2" bw="18" slack="1"/>
</pin_list>
<bind>
<opcode="add(8) " fcode="add"/>
<opset="add_ln124_1/2 "/>
</bind>
</comp>

<comp id="703" class="1004" name="m_load_load_fu_703">
<pin_list>
<pin id="704" dir="0" index="0" bw="4" slack="1"/>
<pin id="705" dir="1" index="1" bw="4" slack="0"/>
</pin_list>
<bind>
<opcode="load(27) " fcode="load"/>
<opset="m_load/2 "/>
</bind>
</comp>

<comp id="706" class="1004" name="j_load_load_fu_706">
<pin_list>
<pin id="707" dir="0" index="0" bw="8" slack="1"/>
<pin id="708" dir="1" index="1" bw="8" slack="0"/>
</pin_list>
<bind>
<opcode="load(27) " fcode="load"/>
<opset="j_load/2 "/>
</bind>
</comp>

<comp id="709" class="1004" name="i_load_load_fu_709">
<pin_list>
<pin id="710" dir="0" index="0" bw="7" slack="1"/>
<pin id="711" dir="1" index="1" bw="7" slack="0"/>
</pin_list>
<bind>
<opcode="load(27) " fcode="load"/>
<opset="i_load/2 "/>
</bind>
</comp>

<comp id="712" class="1004" name="add_ln124_fu_712">
<pin_list>
<pin id="713" dir="0" index="0" bw="7" slack="0"/>
<pin id="714" dir="0" index="1" bw="1" slack="0"/>
<pin id="715" dir="1" index="2" bw="7" slack="0"/>
</pin_list>
<bind>
<opcode="add(8) " fcode="add"/>
<opset="add_ln124/2 "/>
</bind>
</comp>

<comp id="718" class="1004" name="icmp_ln126_fu_718">
<pin_list>
<pin id="719" dir="0" index="0" bw="12" slack="0"/>
<pin id="720" dir="0" index="1" bw="12" slack="0"/>
<pin id="721" dir="1" index="2" bw="1" slack="0"/>
</pin_list>
<bind>
<opcode="icmp(45) " fcode="icmp"/>
<opset="icmp_ln126/2 "/>
</bind>
</comp>

<comp id="724" class="1004" name="select_ln124_fu_724">
<pin_list>
<pin id="725" dir="0" index="0" bw="1" slack="0"/>
<pin id="726" dir="0" index="1" bw="8" slack="0"/>
<pin id="727" dir="0" index="2" bw="8" slack="0"/>
<pin id="728" dir="1" index="3" bw="8" slack="0"/>
</pin_list>
<bind>
<opcode="select(49) " fcode="select"/>
<opset="select_ln124/2 "/>
</bind>
</comp>

<comp id="732" class="1004" name="xor_ln124_fu_732">
<pin_list>
<pin id="733" dir="0" index="0" bw="1" slack="0"/>
<pin id="734" dir="0" index="1" bw="1" slack="0"/>
<pin id="735" dir="1" index="2" bw="1" slack="0"/>
</pin_list>
<bind>
<opcode="xor(25) " fcode="xor"/>
<opset="xor_ln124/2 "/>
</bind>
</comp>

<comp id="738" class="1004" name="icmp_ln128_fu_738">
<pin_list>
<pin id="739" dir="0" index="0" bw="4" slack="0"/>
<pin id="740" dir="0" index="1" bw="4" slack="0"/>
<pin id="741" dir="1" index="2" bw="1" slack="0"/>
</pin_list>
<bind>
<opcode="icmp(45) " fcode="icmp"/>
<opset="icmp_ln128/2 "/>
</bind>
</comp>

<comp id="744" class="1004" name="and_ln124_fu_744">
<pin_list>
<pin id="745" dir="0" index="0" bw="1" slack="0"/>
<pin id="746" dir="0" index="1" bw="1" slack="0"/>
<pin id="747" dir="1" index="2" bw="1" slack="0"/>
</pin_list>
<bind>
<opcode="and(23) " fcode="and"/>
<opset="and_ln124/2 "/>
</bind>
</comp>

<comp id="750" class="1004" name="select_ln124_1_fu_750">
<pin_list>
<pin id="751" dir="0" index="0" bw="1" slack="0"/>
<pin id="752" dir="0" index="1" bw="7" slack="0"/>
<pin id="753" dir="0" index="2" bw="7" slack="0"/>
<pin id="754" dir="1" index="3" bw="7" slack="0"/>
</pin_list>
<bind>
<opcode="select(49) " fcode="select"/>
<opset="select_ln124_1/2 "/>
</bind>
</comp>

<comp id="758" class="1004" name="add_ln126_fu_758">
<pin_list>
<pin id="759" dir="0" index="0" bw="8" slack="0"/>
<pin id="760" dir="0" index="1" bw="1" slack="0"/>
<pin id="761" dir="1" index="2" bw="8" slack="0"/>
</pin_list>
<bind>
<opcode="add(8) " fcode="add"/>
<opset="add_ln126/2 "/>
</bind>
</comp>

<comp id="764" class="1004" name="empty_fu_764">
<pin_list>
<pin id="765" dir="0" index="0" bw="1" slack="0"/>
<pin id="766" dir="0" index="1" bw="1" slack="0"/>
<pin id="767" dir="1" index="2" bw="1" slack="0"/>
</pin_list>
<bind>
<opcode="or(24) " fcode="or"/>
<opset="empty/2 "/>
</bind>
</comp>

<comp id="770" class="1004" name="m_1_mid2_fu_770">
<pin_list>
<pin id="771" dir="0" index="0" bw="1" slack="0"/>
<pin id="772" dir="0" index="1" bw="4" slack="0"/>
<pin id="773" dir="0" index="2" bw="4" slack="0"/>
<pin id="774" dir="1" index="3" bw="4" slack="0"/>
</pin_list>
<bind>
<opcode="select(49) " fcode="select"/>
<opset="m_1_mid2/2 "/>
</bind>
</comp>

<comp id="778" class="1004" name="select_ln126_fu_778">
<pin_list>
<pin id="779" dir="0" index="0" bw="1" slack="0"/>
<pin id="780" dir="0" index="1" bw="8" slack="0"/>
<pin id="781" dir="0" index="2" bw="8" slack="0"/>
<pin id="782" dir="1" index="3" bw="8" slack="0"/>
</pin_list>
<bind>
<opcode="select(49) " fcode="select"/>
<opset="select_ln126/2 "/>
</bind>
</comp>

<comp id="786" class="1004" name="tmp_s_fu_786">
<pin_list>
<pin id="787" dir="0" index="0" bw="8" slack="0"/>
<pin id="788" dir="0" index="1" bw="7" slack="0"/>
<pin id="789" dir="0" index="2" bw="1" slack="0"/>
<pin id="790" dir="1" index="3" bw="8" slack="0"/>
</pin_list>
<bind>
<opcode="bitconcatenate(1004) " fcode="bitconcatenate"/>
<opset="tmp_s/2 "/>
</bind>
</comp>

<comp id="794" class="1004" name="tmp_33_cast_fu_794">
<pin_list>
<pin id="795" dir="0" index="0" bw="8" slack="0"/>
<pin id="796" dir="1" index="1" bw="17" slack="0"/>
</pin_list>
<bind>
<opcode="zext(34) " fcode="zext"/>
<opset="tmp_33_cast/2 "/>
</bind>
</comp>

<comp id="798" class="1004" name="empty_72_fu_798">
<pin_list>
<pin id="799" dir="0" index="0" bw="8" slack="0"/>
<pin id="800" dir="0" index="1" bw="10" slack="0"/>
<pin id="801" dir="1" index="2" bw="17" slack="0"/>
</pin_list>
<bind>
<opcode="mul(12) " fcode="mul"/>
<opset="empty_72/2 "/>
</bind>
</comp>

<comp id="804" class="1004" name="tmp_15_fu_804">
<pin_list>
<pin id="805" dir="0" index="0" bw="9" slack="0"/>
<pin id="806" dir="0" index="1" bw="8" slack="0"/>
<pin id="807" dir="0" index="2" bw="1" slack="0"/>
<pin id="808" dir="1" index="3" bw="9" slack="0"/>
</pin_list>
<bind>
<opcode="bitconcatenate(1004) " fcode="bitconcatenate"/>
<opset="tmp_15/2 "/>
</bind>
</comp>

<comp id="812" class="1004" name="tmp_35_cast_fu_812">
<pin_list>
<pin id="813" dir="0" index="0" bw="9" slack="0"/>
<pin id="814" dir="1" index="1" bw="17" slack="0"/>
</pin_list>
<bind>
<opcode="zext(34) " fcode="zext"/>
<opset="tmp_35_cast/2 "/>
</bind>
</comp>

<comp id="816" class="1004" name="empty_75_fu_816">
<pin_list>
<pin id="817" dir="0" index="0" bw="17" slack="0"/>
<pin id="818" dir="0" index="1" bw="9" slack="0"/>
<pin id="819" dir="1" index="2" bw="17" slack="0"/>
</pin_list>
<bind>
<opcode="add(8) " fcode="add"/>
<opset="empty_75/2 "/>
</bind>
</comp>

<comp id="822" class="1004" name="p_cast1_fu_822">
<pin_list>
<pin id="823" dir="0" index="0" bw="17" slack="0"/>
<pin id="824" dir="1" index="1" bw="64" slack="0"/>
</pin_list>
<bind>
<opcode="zext(34) " fcode="zext"/>
<opset="p_cast1/2 "/>
</bind>
</comp>

<comp id="834" class="1004" name="tmp_16_fu_834">
<pin_list>
<pin id="835" dir="0" index="0" bw="9" slack="0"/>
<pin id="836" dir="0" index="1" bw="8" slack="0"/>
<pin id="837" dir="0" index="2" bw="1" slack="0"/>
<pin id="838" dir="1" index="3" bw="9" slack="0"/>
</pin_list>
<bind>
<opcode="bitconcatenate(1004) " fcode="bitconcatenate"/>
<opset="tmp_16/2 "/>
</bind>
</comp>

<comp id="842" class="1004" name="tmp_36_cast_fu_842">
<pin_list>
<pin id="843" dir="0" index="0" bw="9" slack="0"/>
<pin id="844" dir="1" index="1" bw="17" slack="0"/>
</pin_list>
<bind>
<opcode="zext(34) " fcode="zext"/>
<opset="tmp_36_cast/2 "/>
</bind>
</comp>

<comp id="846" class="1004" name="empty_77_fu_846">
<pin_list>
<pin id="847" dir="0" index="0" bw="17" slack="0"/>
<pin id="848" dir="0" index="1" bw="9" slack="0"/>
<pin id="849" dir="1" index="2" bw="17" slack="0"/>
</pin_list>
<bind>
<opcode="add(8) " fcode="add"/>
<opset="empty_77/2 "/>
</bind>
</comp>

<comp id="852" class="1004" name="p_cast3_fu_852">
<pin_list>
<pin id="853" dir="0" index="0" bw="17" slack="0"/>
<pin id="854" dir="1" index="1" bw="64" slack="0"/>
</pin_list>
<bind>
<opcode="zext(34) " fcode="zext"/>
<opset="p_cast3/2 "/>
</bind>
</comp>

<comp id="864" class="1004" name="trunc_ln128_fu_864">
<pin_list>
<pin id="865" dir="0" index="0" bw="4" slack="0"/>
<pin id="866" dir="1" index="1" bw="3" slack="0"/>
</pin_list>
<bind>
<opcode="trunc(33) " fcode="trunc"/>
<opset="trunc_ln128/2 "/>
</bind>
</comp>

<comp id="868" class="1004" name="switch_ln136_fu_868">
<pin_list>
<pin id="869" dir="0" index="0" bw="3" slack="0"/>
<pin id="870" dir="0" index="1" bw="1" slack="0"/>
<pin id="871" dir="0" index="2" bw="1" slack="0"/>
<pin id="872" dir="0" index="3" bw="3" slack="0"/>
<pin id="873" dir="0" index="4" bw="3" slack="0"/>
<pin id="874" dir="0" index="5" bw="3" slack="0"/>
<pin id="875" dir="0" index="6" bw="3" slack="0"/>
<pin id="876" dir="0" index="7" bw="2" slack="0"/>
<pin id="877" dir="1" index="8" bw="0" slack="2147483647"/>
</pin_list>
<bind>
<opcode="switch(3) " fcode="switch"/>
<opset="switch_ln136/2 "/>
</bind>
</comp>

<comp id="886" class="1004" name="select_ln124_1_cast_fu_886">
<pin_list>
<pin id="887" dir="0" index="0" bw="7" slack="1"/>
<pin id="888" dir="1" index="1" bw="15" slack="0"/>
</pin_list>
<bind>
<opcode="zext(34) " fcode="zext"/>
<opset="select_ln124_1_cast/3 "/>
</bind>
</comp>

<comp id="889" class="1004" name="tmp_14_fu_889">
<pin_list>
<pin id="890" dir="0" index="0" bw="8" slack="0"/>
<pin id="891" dir="0" index="1" bw="7" slack="1"/>
<pin id="892" dir="0" index="2" bw="1" slack="0"/>
<pin id="893" dir="1" index="3" bw="8" slack="0"/>
</pin_list>
<bind>
<opcode="bitconcatenate(1004) " fcode="bitconcatenate"/>
<opset="tmp_14/3 "/>
</bind>
</comp>

<comp id="896" class="1004" name="tmp_34_cast_fu_896">
<pin_list>
<pin id="897" dir="0" index="0" bw="8" slack="0"/>
<pin id="898" dir="1" index="1" bw="17" slack="0"/>
</pin_list>
<bind>
<opcode="zext(34) " fcode="zext"/>
<opset="tmp_34_cast/3 "/>
</bind>
</comp>

<comp id="900" class="1004" name="empty_73_fu_900">
<pin_list>
<pin id="901" dir="0" index="0" bw="8" slack="0"/>
<pin id="902" dir="0" index="1" bw="10" slack="0"/>
<pin id="903" dir="1" index="2" bw="17" slack="0"/>
</pin_list>
<bind>
<opcode="mul(12) " fcode="mul"/>
<opset="empty_73/3 "/>
</bind>
</comp>

<comp id="906" class="1004" name="empty_76_fu_906">
<pin_list>
<pin id="907" dir="0" index="0" bw="17" slack="0"/>
<pin id="908" dir="0" index="1" bw="9" slack="1"/>
<pin id="909" dir="1" index="2" bw="17" slack="0"/>
</pin_list>
<bind>
<opcode="add(8) " fcode="add"/>
<opset="empty_76/3 "/>
</bind>
</comp>

<comp id="911" class="1004" name="p_cast2_fu_911">
<pin_list>
<pin id="912" dir="0" index="0" bw="17" slack="0"/>
<pin id="913" dir="1" index="1" bw="64" slack="0"/>
</pin_list>
<bind>
<opcode="zext(34) " fcode="zext"/>
<opset="p_cast2/3 "/>
</bind>
</comp>

<comp id="923" class="1004" name="empty_78_fu_923">
<pin_list>
<pin id="924" dir="0" index="0" bw="17" slack="0"/>
<pin id="925" dir="0" index="1" bw="9" slack="1"/>
<pin id="926" dir="1" index="2" bw="17" slack="0"/>
</pin_list>
<bind>
<opcode="add(8) " fcode="add"/>
<opset="empty_78/3 "/>
</bind>
</comp>

<comp id="928" class="1004" name="p_cast4_fu_928">
<pin_list>
<pin id="929" dir="0" index="0" bw="17" slack="0"/>
<pin id="930" dir="1" index="1" bw="64" slack="0"/>
</pin_list>
<bind>
<opcode="zext(34) " fcode="zext"/>
<opset="p_cast4/3 "/>
</bind>
</comp>

<comp id="940" class="1004" name="add_ln128_fu_940">
<pin_list>
<pin id="941" dir="0" index="0" bw="4" slack="1"/>
<pin id="942" dir="0" index="1" bw="1" slack="0"/>
<pin id="943" dir="1" index="2" bw="4" slack="0"/>
</pin_list>
<bind>
<opcode="add(8) " fcode="add"/>
<opset="add_ln128/3 "/>
</bind>
</comp>

<comp id="945" class="1004" name="add_ln126_2_fu_945">
<pin_list>
<pin id="946" dir="0" index="0" bw="12" slack="1"/>
<pin id="947" dir="0" index="1" bw="1" slack="0"/>
<pin id="948" dir="1" index="2" bw="12" slack="0"/>
</pin_list>
<bind>
<opcode="add(8) " fcode="add"/>
<opset="add_ln126_2/3 "/>
</bind>
</comp>

<comp id="950" class="1004" name="select_ln126_1_fu_950">
<pin_list>
<pin id="951" dir="0" index="0" bw="1" slack="1"/>
<pin id="952" dir="0" index="1" bw="12" slack="0"/>
<pin id="953" dir="0" index="2" bw="12" slack="0"/>
<pin id="954" dir="1" index="3" bw="12" slack="0"/>
</pin_list>
<bind>
<opcode="select(49) " fcode="select"/>
<opset="select_ln126_1/3 "/>
</bind>
</comp>

<comp id="957" class="1004" name="store_ln124_store_fu_957">
<pin_list>
<pin id="958" dir="0" index="0" bw="18" slack="1"/>
<pin id="959" dir="0" index="1" bw="18" slack="2"/>
<pin id="960" dir="1" index="2" bw="0" slack="2147483647"/>
</pin_list>
<bind>
<opcode="store(28) " fcode="store"/>
<opset="store_ln124/3 "/>
</bind>
</comp>

<comp id="961" class="1004" name="store_ln124_store_fu_961">
<pin_list>
<pin id="962" dir="0" index="0" bw="7" slack="1"/>
<pin id="963" dir="0" index="1" bw="7" slack="2"/>
<pin id="964" dir="1" index="2" bw="0" slack="2147483647"/>
</pin_list>
<bind>
<opcode="store(28) " fcode="store"/>
<opset="store_ln124/3 "/>
</bind>
</comp>

<comp id="965" class="1004" name="store_ln126_store_fu_965">
<pin_list>
<pin id="966" dir="0" index="0" bw="12" slack="0"/>
<pin id="967" dir="0" index="1" bw="12" slack="2"/>
<pin id="968" dir="1" index="2" bw="0" slack="2147483647"/>
</pin_list>
<bind>
<opcode="store(28) " fcode="store"/>
<opset="store_ln126/3 "/>
</bind>
</comp>

<comp id="970" class="1004" name="store_ln126_store_fu_970">
<pin_list>
<pin id="971" dir="0" index="0" bw="8" slack="1"/>
<pin id="972" dir="0" index="1" bw="8" slack="2"/>
<pin id="973" dir="1" index="2" bw="0" slack="2147483647"/>
</pin_list>
<bind>
<opcode="store(28) " fcode="store"/>
<opset="store_ln126/3 "/>
</bind>
</comp>

<comp id="974" class="1004" name="store_ln128_store_fu_974">
<pin_list>
<pin id="975" dir="0" index="0" bw="4" slack="0"/>
<pin id="976" dir="0" index="1" bw="4" slack="2"/>
<pin id="977" dir="1" index="2" bw="0" slack="2147483647"/>
</pin_list>
<bind>
<opcode="store(28) " fcode="store"/>
<opset="store_ln128/3 "/>
</bind>
</comp>

<comp id="979" class="1004" name="select_ln126_cast_fu_979">
<pin_list>
<pin id="980" dir="0" index="0" bw="8" slack="3"/>
<pin id="981" dir="1" index="1" bw="15" slack="0"/>
</pin_list>
<bind>
<opcode="zext(34) " fcode="zext"/>
<opset="select_ln126_cast/5 "/>
</bind>
</comp>

<comp id="982" class="1004" name="bitcast_ln134_fu_982">
<pin_list>
<pin id="983" dir="0" index="0" bw="32" slack="2"/>
<pin id="984" dir="1" index="1" bw="32" slack="0"/>
</pin_list>
<bind>
<opcode="bitcast(44) " fcode="bitcast"/>
<opset="bitcast_ln134/5 "/>
</bind>
</comp>

<comp id="985" class="1004" name="tmp_2_fu_985">
<pin_list>
<pin id="986" dir="0" index="0" bw="8" slack="0"/>
<pin id="987" dir="0" index="1" bw="32" slack="0"/>
<pin id="988" dir="0" index="2" bw="6" slack="0"/>
<pin id="989" dir="0" index="3" bw="6" slack="0"/>
<pin id="990" dir="1" index="4" bw="8" slack="0"/>
</pin_list>
<bind>
<opcode="partselect(1002) " fcode="partselect"/>
<opset="tmp_2/5 "/>
</bind>
</comp>

<comp id="995" class="1004" name="trunc_ln134_fu_995">
<pin_list>
<pin id="996" dir="0" index="0" bw="32" slack="0"/>
<pin id="997" dir="1" index="1" bw="23" slack="0"/>
</pin_list>
<bind>
<opcode="trunc(33) " fcode="trunc"/>
<opset="trunc_ln134/5 "/>
</bind>
</comp>

<comp id="999" class="1004" name="bitcast_ln134_1_fu_999">
<pin_list>
<pin id="1000" dir="0" index="0" bw="32" slack="1"/>
<pin id="1001" dir="1" index="1" bw="32" slack="0"/>
</pin_list>
<bind>
<opcode="bitcast(44) " fcode="bitcast"/>
<opset="bitcast_ln134_1/5 "/>
</bind>
</comp>

<comp id="1002" class="1004" name="tmp_3_fu_1002">
<pin_list>
<pin id="1003" dir="0" index="0" bw="8" slack="0"/>
<pin id="1004" dir="0" index="1" bw="32" slack="0"/>
<pin id="1005" dir="0" index="2" bw="6" slack="0"/>
<pin id="1006" dir="0" index="3" bw="6" slack="0"/>
<pin id="1007" dir="1" index="4" bw="8" slack="0"/>
</pin_list>
<bind>
<opcode="partselect(1002) " fcode="partselect"/>
<opset="tmp_3/5 "/>
</bind>
</comp>

<comp id="1012" class="1004" name="trunc_ln134_1_fu_1012">
<pin_list>
<pin id="1013" dir="0" index="0" bw="32" slack="0"/>
<pin id="1014" dir="1" index="1" bw="23" slack="0"/>
</pin_list>
<bind>
<opcode="trunc(33) " fcode="trunc"/>
<opset="trunc_ln134_1/5 "/>
</bind>
</comp>

<comp id="1016" class="1004" name="icmp_ln134_fu_1016">
<pin_list>
<pin id="1017" dir="0" index="0" bw="8" slack="0"/>
<pin id="1018" dir="0" index="1" bw="8" slack="0"/>
<pin id="1019" dir="1" index="2" bw="1" slack="0"/>
</pin_list>
<bind>
<opcode="icmp(45) " fcode="icmp"/>
<opset="icmp_ln134/5 "/>
</bind>
</comp>

<comp id="1022" class="1004" name="icmp_ln134_1_fu_1022">
<pin_list>
<pin id="1023" dir="0" index="0" bw="23" slack="0"/>
<pin id="1024" dir="0" index="1" bw="23" slack="0"/>
<pin id="1025" dir="1" index="2" bw="1" slack="0"/>
</pin_list>
<bind>
<opcode="icmp(45) " fcode="icmp"/>
<opset="icmp_ln134_1/5 "/>
</bind>
</comp>

<comp id="1028" class="1004" name="or_ln134_fu_1028">
<pin_list>
<pin id="1029" dir="0" index="0" bw="1" slack="0"/>
<pin id="1030" dir="0" index="1" bw="1" slack="0"/>
<pin id="1031" dir="1" index="2" bw="1" slack="0"/>
</pin_list>
<bind>
<opcode="or(24) " fcode="or"/>
<opset="or_ln134/5 "/>
</bind>
</comp>

<comp id="1034" class="1004" name="icmp_ln134_2_fu_1034">
<pin_list>
<pin id="1035" dir="0" index="0" bw="8" slack="0"/>
<pin id="1036" dir="0" index="1" bw="8" slack="0"/>
<pin id="1037" dir="1" index="2" bw="1" slack="0"/>
</pin_list>
<bind>
<opcode="icmp(45) " fcode="icmp"/>
<opset="icmp_ln134_2/5 "/>
</bind>
</comp>

<comp id="1040" class="1004" name="icmp_ln134_3_fu_1040">
<pin_list>
<pin id="1041" dir="0" index="0" bw="23" slack="0"/>
<pin id="1042" dir="0" index="1" bw="23" slack="0"/>
<pin id="1043" dir="1" index="2" bw="1" slack="0"/>
</pin_list>
<bind>
<opcode="icmp(45) " fcode="icmp"/>
<opset="icmp_ln134_3/5 "/>
</bind>
</comp>

<comp id="1046" class="1004" name="or_ln134_1_fu_1046">
<pin_list>
<pin id="1047" dir="0" index="0" bw="1" slack="0"/>
<pin id="1048" dir="0" index="1" bw="1" slack="0"/>
<pin id="1049" dir="1" index="2" bw="1" slack="0"/>
</pin_list>
<bind>
<opcode="or(24) " fcode="or"/>
<opset="or_ln134_1/5 "/>
</bind>
</comp>

<comp id="1052" class="1004" name="and_ln134_fu_1052">
<pin_list>
<pin id="1053" dir="0" index="0" bw="1" slack="0"/>
<pin id="1054" dir="0" index="1" bw="1" slack="0"/>
<pin id="1055" dir="1" index="2" bw="1" slack="0"/>
</pin_list>
<bind>
<opcode="and(23) " fcode="and"/>
<opset="and_ln134/5 "/>
</bind>
</comp>

<comp id="1058" class="1004" name="and_ln134_1_fu_1058">
<pin_list>
<pin id="1059" dir="0" index="0" bw="1" slack="0"/>
<pin id="1060" dir="0" index="1" bw="1" slack="0"/>
<pin id="1061" dir="1" index="2" bw="1" slack="0"/>
</pin_list>
<bind>
<opcode="and(23) " fcode="and"/>
<opset="and_ln134_1/5 "/>
</bind>
</comp>

<comp id="1064" class="1004" name="mx_fu_1064">
<pin_list>
<pin id="1065" dir="0" index="0" bw="1" slack="0"/>
<pin id="1066" dir="0" index="1" bw="32" slack="2"/>
<pin id="1067" dir="0" index="2" bw="32" slack="1"/>
<pin id="1068" dir="1" index="3" bw="32" slack="0"/>
</pin_list>
<bind>
<opcode="select(49) " fcode="select"/>
<opset="mx/5 "/>
</bind>
</comp>

<comp id="1071" class="1004" name="bitcast_ln135_fu_1071">
<pin_list>
<pin id="1072" dir="0" index="0" bw="32" slack="2"/>
<pin id="1073" dir="1" index="1" bw="32" slack="0"/>
</pin_list>
<bind>
<opcode="bitcast(44) " fcode="bitcast"/>
<opset="bitcast_ln135/5 "/>
</bind>
</comp>

<comp id="1074" class="1004" name="tmp_5_fu_1074">
<pin_list>
<pin id="1075" dir="0" index="0" bw="8" slack="0"/>
<pin id="1076" dir="0" index="1" bw="32" slack="0"/>
<pin id="1077" dir="0" index="2" bw="6" slack="0"/>
<pin id="1078" dir="0" index="3" bw="6" slack="0"/>
<pin id="1079" dir="1" index="4" bw="8" slack="0"/>
</pin_list>
<bind>
<opcode="partselect(1002) " fcode="partselect"/>
<opset="tmp_5/5 "/>
</bind>
</comp>

<comp id="1084" class="1004" name="trunc_ln135_fu_1084">
<pin_list>
<pin id="1085" dir="0" index="0" bw="32" slack="0"/>
<pin id="1086" dir="1" index="1" bw="23" slack="0"/>
</pin_list>
<bind>
<opcode="trunc(33) " fcode="trunc"/>
<opset="trunc_ln135/5 "/>
</bind>
</comp>

<comp id="1088" class="1004" name="bitcast_ln135_1_fu_1088">
<pin_list>
<pin id="1089" dir="0" index="0" bw="32" slack="1"/>
<pin id="1090" dir="1" index="1" bw="32" slack="0"/>
</pin_list>
<bind>
<opcode="bitcast(44) " fcode="bitcast"/>
<opset="bitcast_ln135_1/5 "/>
</bind>
</comp>

<comp id="1091" class="1004" name="tmp_6_fu_1091">
<pin_list>
<pin id="1092" dir="0" index="0" bw="8" slack="0"/>
<pin id="1093" dir="0" index="1" bw="32" slack="0"/>
<pin id="1094" dir="0" index="2" bw="6" slack="0"/>
<pin id="1095" dir="0" index="3" bw="6" slack="0"/>
<pin id="1096" dir="1" index="4" bw="8" slack="0"/>
</pin_list>
<bind>
<opcode="partselect(1002) " fcode="partselect"/>
<opset="tmp_6/5 "/>
</bind>
</comp>

<comp id="1101" class="1004" name="trunc_ln135_1_fu_1101">
<pin_list>
<pin id="1102" dir="0" index="0" bw="32" slack="0"/>
<pin id="1103" dir="1" index="1" bw="23" slack="0"/>
</pin_list>
<bind>
<opcode="trunc(33) " fcode="trunc"/>
<opset="trunc_ln135_1/5 "/>
</bind>
</comp>

<comp id="1105" class="1004" name="icmp_ln135_fu_1105">
<pin_list>
<pin id="1106" dir="0" index="0" bw="8" slack="0"/>
<pin id="1107" dir="0" index="1" bw="8" slack="0"/>
<pin id="1108" dir="1" index="2" bw="1" slack="0"/>
</pin_list>
<bind>
<opcode="icmp(45) " fcode="icmp"/>
<opset="icmp_ln135/5 "/>
</bind>
</comp>

<comp id="1111" class="1004" name="icmp_ln135_1_fu_1111">
<pin_list>
<pin id="1112" dir="0" index="0" bw="23" slack="0"/>
<pin id="1113" dir="0" index="1" bw="23" slack="0"/>
<pin id="1114" dir="1" index="2" bw="1" slack="0"/>
</pin_list>
<bind>
<opcode="icmp(45) " fcode="icmp"/>
<opset="icmp_ln135_1/5 "/>
</bind>
</comp>

<comp id="1117" class="1004" name="or_ln135_fu_1117">
<pin_list>
<pin id="1118" dir="0" index="0" bw="1" slack="0"/>
<pin id="1119" dir="0" index="1" bw="1" slack="0"/>
<pin id="1120" dir="1" index="2" bw="1" slack="0"/>
</pin_list>
<bind>
<opcode="or(24) " fcode="or"/>
<opset="or_ln135/5 "/>
</bind>
</comp>

<comp id="1123" class="1004" name="icmp_ln135_2_fu_1123">
<pin_list>
<pin id="1124" dir="0" index="0" bw="8" slack="0"/>
<pin id="1125" dir="0" index="1" bw="8" slack="0"/>
<pin id="1126" dir="1" index="2" bw="1" slack="0"/>
</pin_list>
<bind>
<opcode="icmp(45) " fcode="icmp"/>
<opset="icmp_ln135_2/5 "/>
</bind>
</comp>

<comp id="1129" class="1004" name="icmp_ln135_3_fu_1129">
<pin_list>
<pin id="1130" dir="0" index="0" bw="23" slack="0"/>
<pin id="1131" dir="0" index="1" bw="23" slack="0"/>
<pin id="1132" dir="1" index="2" bw="1" slack="0"/>
</pin_list>
<bind>
<opcode="icmp(45) " fcode="icmp"/>
<opset="icmp_ln135_3/5 "/>
</bind>
</comp>

<comp id="1135" class="1004" name="or_ln135_1_fu_1135">
<pin_list>
<pin id="1136" dir="0" index="0" bw="1" slack="0"/>
<pin id="1137" dir="0" index="1" bw="1" slack="0"/>
<pin id="1138" dir="1" index="2" bw="1" slack="0"/>
</pin_list>
<bind>
<opcode="or(24) " fcode="or"/>
<opset="or_ln135_1/5 "/>
</bind>
</comp>

<comp id="1141" class="1004" name="and_ln135_fu_1141">
<pin_list>
<pin id="1142" dir="0" index="0" bw="1" slack="0"/>
<pin id="1143" dir="0" index="1" bw="1" slack="0"/>
<pin id="1144" dir="1" index="2" bw="1" slack="0"/>
</pin_list>
<bind>
<opcode="and(23) " fcode="and"/>
<opset="and_ln135/5 "/>
</bind>
</comp>

<comp id="1147" class="1004" name="and_ln135_1_fu_1147">
<pin_list>
<pin id="1148" dir="0" index="0" bw="1" slack="0"/>
<pin id="1149" dir="0" index="1" bw="1" slack="0"/>
<pin id="1150" dir="1" index="2" bw="1" slack="0"/>
</pin_list>
<bind>
<opcode="and(23) " fcode="and"/>
<opset="and_ln135_1/5 "/>
</bind>
</comp>

<comp id="1153" class="1004" name="my_fu_1153">
<pin_list>
<pin id="1154" dir="0" index="0" bw="1" slack="0"/>
<pin id="1155" dir="0" index="1" bw="32" slack="2"/>
<pin id="1156" dir="0" index="2" bw="32" slack="1"/>
<pin id="1157" dir="1" index="3" bw="32" slack="0"/>
</pin_list>
<bind>
<opcode="select(49) " fcode="select"/>
<opset="my/5 "/>
</bind>
</comp>

<comp id="1160" class="1004" name="p_cast_fu_1160">
<pin_list>
<pin id="1161" dir="0" index="0" bw="15" slack="0"/>
<pin id="1162" dir="1" index="1" bw="64" slack="0"/>
</pin_list>
<bind>
<opcode="zext(34) " fcode="zext"/>
<opset="p_cast/6 "/>
</bind>
</comp>

<comp id="1171" class="1004" name="bitcast_ln136_fu_1171">
<pin_list>
<pin id="1172" dir="0" index="0" bw="32" slack="1"/>
<pin id="1173" dir="1" index="1" bw="32" slack="0"/>
</pin_list>
<bind>
<opcode="bitcast(44) " fcode="bitcast"/>
<opset="bitcast_ln136/6 "/>
</bind>
</comp>

<comp id="1174" class="1004" name="tmp_11_fu_1174">
<pin_list>
<pin id="1175" dir="0" index="0" bw="8" slack="0"/>
<pin id="1176" dir="0" index="1" bw="32" slack="0"/>
<pin id="1177" dir="0" index="2" bw="6" slack="0"/>
<pin id="1178" dir="0" index="3" bw="6" slack="0"/>
<pin id="1179" dir="1" index="4" bw="8" slack="0"/>
</pin_list>
<bind>
<opcode="partselect(1002) " fcode="partselect"/>
<opset="tmp_11/6 "/>
</bind>
</comp>

<comp id="1184" class="1004" name="trunc_ln136_fu_1184">
<pin_list>
<pin id="1185" dir="0" index="0" bw="32" slack="0"/>
<pin id="1186" dir="1" index="1" bw="23" slack="0"/>
</pin_list>
<bind>
<opcode="trunc(33) " fcode="trunc"/>
<opset="trunc_ln136/6 "/>
</bind>
</comp>

<comp id="1188" class="1004" name="bitcast_ln136_1_fu_1188">
<pin_list>
<pin id="1189" dir="0" index="0" bw="32" slack="1"/>
<pin id="1190" dir="1" index="1" bw="32" slack="0"/>
</pin_list>
<bind>
<opcode="bitcast(44) " fcode="bitcast"/>
<opset="bitcast_ln136_1/6 "/>
</bind>
</comp>

<comp id="1191" class="1004" name="tmp_12_fu_1191">
<pin_list>
<pin id="1192" dir="0" index="0" bw="8" slack="0"/>
<pin id="1193" dir="0" index="1" bw="32" slack="0"/>
<pin id="1194" dir="0" index="2" bw="6" slack="0"/>
<pin id="1195" dir="0" index="3" bw="6" slack="0"/>
<pin id="1196" dir="1" index="4" bw="8" slack="0"/>
</pin_list>
<bind>
<opcode="partselect(1002) " fcode="partselect"/>
<opset="tmp_12/6 "/>
</bind>
</comp>

<comp id="1201" class="1004" name="trunc_ln136_1_fu_1201">
<pin_list>
<pin id="1202" dir="0" index="0" bw="32" slack="0"/>
<pin id="1203" dir="1" index="1" bw="23" slack="0"/>
</pin_list>
<bind>
<opcode="trunc(33) " fcode="trunc"/>
<opset="trunc_ln136_1/6 "/>
</bind>
</comp>

<comp id="1205" class="1004" name="icmp_ln136_1_fu_1205">
<pin_list>
<pin id="1206" dir="0" index="0" bw="8" slack="0"/>
<pin id="1207" dir="0" index="1" bw="8" slack="0"/>
<pin id="1208" dir="1" index="2" bw="1" slack="0"/>
</pin_list>
<bind>
<opcode="icmp(45) " fcode="icmp"/>
<opset="icmp_ln136_1/6 "/>
</bind>
</comp>

<comp id="1211" class="1004" name="icmp_ln136_2_fu_1211">
<pin_list>
<pin id="1212" dir="0" index="0" bw="23" slack="0"/>
<pin id="1213" dir="0" index="1" bw="23" slack="0"/>
<pin id="1214" dir="1" index="2" bw="1" slack="0"/>
</pin_list>
<bind>
<opcode="icmp(45) " fcode="icmp"/>
<opset="icmp_ln136_2/6 "/>
</bind>
</comp>

<comp id="1217" class="1004" name="or_ln136_fu_1217">
<pin_list>
<pin id="1218" dir="0" index="0" bw="1" slack="0"/>
<pin id="1219" dir="0" index="1" bw="1" slack="0"/>
<pin id="1220" dir="1" index="2" bw="1" slack="0"/>
</pin_list>
<bind>
<opcode="or(24) " fcode="or"/>
<opset="or_ln136/6 "/>
</bind>
</comp>

<comp id="1223" class="1004" name="icmp_ln136_3_fu_1223">
<pin_list>
<pin id="1224" dir="0" index="0" bw="8" slack="0"/>
<pin id="1225" dir="0" index="1" bw="8" slack="0"/>
<pin id="1226" dir="1" index="2" bw="1" slack="0"/>
</pin_list>
<bind>
<opcode="icmp(45) " fcode="icmp"/>
<opset="icmp_ln136_3/6 "/>
</bind>
</comp>

<comp id="1229" class="1004" name="icmp_ln136_4_fu_1229">
<pin_list>
<pin id="1230" dir="0" index="0" bw="23" slack="0"/>
<pin id="1231" dir="0" index="1" bw="23" slack="0"/>
<pin id="1232" dir="1" index="2" bw="1" slack="0"/>
</pin_list>
<bind>
<opcode="icmp(45) " fcode="icmp"/>
<opset="icmp_ln136_4/6 "/>
</bind>
</comp>

<comp id="1235" class="1004" name="or_ln136_1_fu_1235">
<pin_list>
<pin id="1236" dir="0" index="0" bw="1" slack="0"/>
<pin id="1237" dir="0" index="1" bw="1" slack="0"/>
<pin id="1238" dir="1" index="2" bw="1" slack="0"/>
</pin_list>
<bind>
<opcode="or(24) " fcode="or"/>
<opset="or_ln136_1/6 "/>
</bind>
</comp>

<comp id="1241" class="1004" name="and_ln136_fu_1241">
<pin_list>
<pin id="1242" dir="0" index="0" bw="1" slack="0"/>
<pin id="1243" dir="0" index="1" bw="1" slack="0"/>
<pin id="1244" dir="1" index="2" bw="1" slack="0"/>
</pin_list>
<bind>
<opcode="and(23) " fcode="and"/>
<opset="and_ln136/6 "/>
</bind>
</comp>

<comp id="1247" class="1004" name="and_ln136_1_fu_1247">
<pin_list>
<pin id="1248" dir="0" index="0" bw="1" slack="0"/>
<pin id="1249" dir="0" index="1" bw="1" slack="0"/>
<pin id="1250" dir="1" index="2" bw="1" slack="0"/>
</pin_list>
<bind>
<opcode="and(23) " fcode="and"/>
<opset="and_ln136_1/6 "/>
</bind>
</comp>

<comp id="1253" class="1004" name="select_ln136_fu_1253">
<pin_list>
<pin id="1254" dir="0" index="0" bw="1" slack="0"/>
<pin id="1255" dir="0" index="1" bw="32" slack="1"/>
<pin id="1256" dir="0" index="2" bw="32" slack="1"/>
<pin id="1257" dir="1" index="3" bw="32" slack="0"/>
</pin_list>
<bind>
<opcode="select(49) " fcode="select"/>
<opset="select_ln136/6 "/>
</bind>
</comp>

<comp id="1267" class="1007" name="grp_fu_1267">
<pin_list>
<pin id="1268" dir="0" index="0" bw="8" slack="0"/>
<pin id="1269" dir="0" index="1" bw="7" slack="0"/>
<pin id="1270" dir="0" index="2" bw="8" slack="0"/>
<pin id="1271" dir="1" index="3" bw="15" slack="0"/>
</pin_list>
<bind>
<opcode="muladd(1172) " fcode="muladd"/>
<opset="empty_71/3 empty_74/5 "/>
</bind>
</comp>

<comp id="1276" class="1005" name="m_reg_1276">
<pin_list>
<pin id="1277" dir="0" index="0" bw="4" slack="0"/>
<pin id="1278" dir="1" index="1" bw="4" slack="0"/>
</pin_list>
<bind>
<opset="m "/>
</bind>
</comp>

<comp id="1283" class="1005" name="j_reg_1283">
<pin_list>
<pin id="1284" dir="0" index="0" bw="8" slack="0"/>
<pin id="1285" dir="1" index="1" bw="8" slack="0"/>
</pin_list>
<bind>
<opset="j "/>
</bind>
</comp>

<comp id="1290" class="1005" name="indvar_flatten55_reg_1290">
<pin_list>
<pin id="1291" dir="0" index="0" bw="12" slack="0"/>
<pin id="1292" dir="1" index="1" bw="12" slack="0"/>
</pin_list>
<bind>
<opset="indvar_flatten55 "/>
</bind>
</comp>

<comp id="1297" class="1005" name="i_reg_1297">
<pin_list>
<pin id="1298" dir="0" index="0" bw="7" slack="0"/>
<pin id="1299" dir="1" index="1" bw="7" slack="0"/>
</pin_list>
<bind>
<opset="i "/>
</bind>
</comp>

<comp id="1304" class="1005" name="indvar_flatten68_reg_1304">
<pin_list>
<pin id="1305" dir="0" index="0" bw="18" slack="0"/>
<pin id="1306" dir="1" index="1" bw="18" slack="0"/>
</pin_list>
<bind>
<opset="indvar_flatten68 "/>
</bind>
</comp>

<comp id="1311" class="1005" name="indvar_flatten55_load_reg_1311">
<pin_list>
<pin id="1312" dir="0" index="0" bw="12" slack="1"/>
<pin id="1313" dir="1" index="1" bw="12" slack="1"/>
</pin_list>
<bind>
<opset="indvar_flatten55_load "/>
</bind>
</comp>

<comp id="1316" class="1005" name="icmp_ln124_reg_1316">
<pin_list>
<pin id="1317" dir="0" index="0" bw="1" slack="1"/>
<pin id="1318" dir="1" index="1" bw="1" slack="2147483647"/>
</pin_list>
<bind>
<opset="icmp_ln124 "/>
</bind>
</comp>

<comp id="1320" class="1005" name="add_ln124_1_reg_1320">
<pin_list>
<pin id="1321" dir="0" index="0" bw="18" slack="1"/>
<pin id="1322" dir="1" index="1" bw="18" slack="1"/>
</pin_list>
<bind>
<opset="add_ln124_1 "/>
</bind>
</comp>

<comp id="1325" class="1005" name="icmp_ln126_reg_1325">
<pin_list>
<pin id="1326" dir="0" index="0" bw="1" slack="1"/>
<pin id="1327" dir="1" index="1" bw="1" slack="1"/>
</pin_list>
<bind>
<opset="icmp_ln126 "/>
</bind>
</comp>

<comp id="1330" class="1005" name="select_ln124_1_reg_1330">
<pin_list>
<pin id="1331" dir="0" index="0" bw="7" slack="1"/>
<pin id="1332" dir="1" index="1" bw="7" slack="1"/>
</pin_list>
<bind>
<opset="select_ln124_1 "/>
</bind>
</comp>

<comp id="1337" class="1005" name="m_1_mid2_reg_1337">
<pin_list>
<pin id="1338" dir="0" index="0" bw="4" slack="1"/>
<pin id="1339" dir="1" index="1" bw="4" slack="1"/>
</pin_list>
<bind>
<opset="m_1_mid2 "/>
</bind>
</comp>

<comp id="1342" class="1005" name="select_ln126_reg_1342">
<pin_list>
<pin id="1343" dir="0" index="0" bw="8" slack="1"/>
<pin id="1344" dir="1" index="1" bw="8" slack="1"/>
</pin_list>
<bind>
<opset="select_ln126 "/>
</bind>
</comp>

<comp id="1348" class="1005" name="tmp_35_cast_reg_1348">
<pin_list>
<pin id="1349" dir="0" index="0" bw="17" slack="1"/>
<pin id="1350" dir="1" index="1" bw="17" slack="1"/>
</pin_list>
<bind>
<opset="tmp_35_cast "/>
</bind>
</comp>

<comp id="1353" class="1005" name="feat1_addr_reg_1353">
<pin_list>
<pin id="1354" dir="0" index="0" bw="17" slack="1"/>
<pin id="1355" dir="1" index="1" bw="17" slack="1"/>
</pin_list>
<bind>
<opset="feat1_addr "/>
</bind>
</comp>

<comp id="1358" class="1005" name="feat1_3_addr_reg_1358">
<pin_list>
<pin id="1359" dir="0" index="0" bw="17" slack="1"/>
<pin id="1360" dir="1" index="1" bw="17" slack="1"/>
</pin_list>
<bind>
<opset="feat1_3_addr "/>
</bind>
</comp>

<comp id="1363" class="1005" name="feat1_4_addr_reg_1363">
<pin_list>
<pin id="1364" dir="0" index="0" bw="17" slack="1"/>
<pin id="1365" dir="1" index="1" bw="17" slack="1"/>
</pin_list>
<bind>
<opset="feat1_4_addr "/>
</bind>
</comp>

<comp id="1368" class="1005" name="feat1_5_addr_reg_1368">
<pin_list>
<pin id="1369" dir="0" index="0" bw="17" slack="1"/>
<pin id="1370" dir="1" index="1" bw="17" slack="1"/>
</pin_list>
<bind>
<opset="feat1_5_addr "/>
</bind>
</comp>

<comp id="1373" class="1005" name="feat1_6_addr_reg_1373">
<pin_list>
<pin id="1374" dir="0" index="0" bw="17" slack="1"/>
<pin id="1375" dir="1" index="1" bw="17" slack="1"/>
</pin_list>
<bind>
<opset="feat1_6_addr "/>
</bind>
</comp>

<comp id="1378" class="1005" name="feat1_7_addr_reg_1378">
<pin_list>
<pin id="1379" dir="0" index="0" bw="17" slack="1"/>
<pin id="1380" dir="1" index="1" bw="17" slack="1"/>
</pin_list>
<bind>
<opset="feat1_7_addr "/>
</bind>
</comp>

<comp id="1383" class="1005" name="feat1_8_addr_reg_1383">
<pin_list>
<pin id="1384" dir="0" index="0" bw="17" slack="1"/>
<pin id="1385" dir="1" index="1" bw="17" slack="1"/>
</pin_list>
<bind>
<opset="feat1_8_addr "/>
</bind>
</comp>

<comp id="1388" class="1005" name="feat1_9_addr_reg_1388">
<pin_list>
<pin id="1389" dir="0" index="0" bw="17" slack="1"/>
<pin id="1390" dir="1" index="1" bw="17" slack="1"/>
</pin_list>
<bind>
<opset="feat1_9_addr "/>
</bind>
</comp>

<comp id="1393" class="1005" name="tmp_36_cast_reg_1393">
<pin_list>
<pin id="1394" dir="0" index="0" bw="17" slack="1"/>
<pin id="1395" dir="1" index="1" bw="17" slack="1"/>
</pin_list>
<bind>
<opset="tmp_36_cast "/>
</bind>
</comp>

<comp id="1398" class="1005" name="feat1_addr_2_reg_1398">
<pin_list>
<pin id="1399" dir="0" index="0" bw="17" slack="1"/>
<pin id="1400" dir="1" index="1" bw="17" slack="1"/>
</pin_list>
<bind>
<opset="feat1_addr_2 "/>
</bind>
</comp>

<comp id="1403" class="1005" name="feat1_3_addr_2_reg_1403">
<pin_list>
<pin id="1404" dir="0" index="0" bw="17" slack="1"/>
<pin id="1405" dir="1" index="1" bw="17" slack="1"/>
</pin_list>
<bind>
<opset="feat1_3_addr_2 "/>
</bind>
</comp>

<comp id="1408" class="1005" name="feat1_4_addr_2_reg_1408">
<pin_list>
<pin id="1409" dir="0" index="0" bw="17" slack="1"/>
<pin id="1410" dir="1" index="1" bw="17" slack="1"/>
</pin_list>
<bind>
<opset="feat1_4_addr_2 "/>
</bind>
</comp>

<comp id="1413" class="1005" name="feat1_5_addr_2_reg_1413">
<pin_list>
<pin id="1414" dir="0" index="0" bw="17" slack="1"/>
<pin id="1415" dir="1" index="1" bw="17" slack="1"/>
</pin_list>
<bind>
<opset="feat1_5_addr_2 "/>
</bind>
</comp>

<comp id="1418" class="1005" name="feat1_6_addr_2_reg_1418">
<pin_list>
<pin id="1419" dir="0" index="0" bw="17" slack="1"/>
<pin id="1420" dir="1" index="1" bw="17" slack="1"/>
</pin_list>
<bind>
<opset="feat1_6_addr_2 "/>
</bind>
</comp>

<comp id="1423" class="1005" name="feat1_7_addr_2_reg_1423">
<pin_list>
<pin id="1424" dir="0" index="0" bw="17" slack="1"/>
<pin id="1425" dir="1" index="1" bw="17" slack="1"/>
</pin_list>
<bind>
<opset="feat1_7_addr_2 "/>
</bind>
</comp>

<comp id="1428" class="1005" name="feat1_8_addr_2_reg_1428">
<pin_list>
<pin id="1429" dir="0" index="0" bw="17" slack="1"/>
<pin id="1430" dir="1" index="1" bw="17" slack="1"/>
</pin_list>
<bind>
<opset="feat1_8_addr_2 "/>
</bind>
</comp>

<comp id="1433" class="1005" name="feat1_9_addr_2_reg_1433">
<pin_list>
<pin id="1434" dir="0" index="0" bw="17" slack="1"/>
<pin id="1435" dir="1" index="1" bw="17" slack="1"/>
</pin_list>
<bind>
<opset="feat1_9_addr_2 "/>
</bind>
</comp>

<comp id="1438" class="1005" name="trunc_ln128_reg_1438">
<pin_list>
<pin id="1439" dir="0" index="0" bw="3" slack="1"/>
<pin id="1440" dir="1" index="1" bw="3" slack="1"/>
</pin_list>
<bind>
<opset="trunc_ln128 "/>
</bind>
</comp>

<comp id="1444" class="1005" name="select_ln124_1_cast_reg_1444">
<pin_list>
<pin id="1445" dir="0" index="0" bw="15" slack="1"/>
<pin id="1446" dir="1" index="1" bw="15" slack="1"/>
</pin_list>
<bind>
<opset="select_ln124_1_cast "/>
</bind>
</comp>

<comp id="1449" class="1005" name="feat1_addr_1_reg_1449">
<pin_list>
<pin id="1450" dir="0" index="0" bw="17" slack="1"/>
<pin id="1451" dir="1" index="1" bw="17" slack="1"/>
</pin_list>
<bind>
<opset="feat1_addr_1 "/>
</bind>
</comp>

<comp id="1454" class="1005" name="feat1_3_addr_1_reg_1454">
<pin_list>
<pin id="1455" dir="0" index="0" bw="17" slack="1"/>
<pin id="1456" dir="1" index="1" bw="17" slack="1"/>
</pin_list>
<bind>
<opset="feat1_3_addr_1 "/>
</bind>
</comp>

<comp id="1459" class="1005" name="feat1_4_addr_1_reg_1459">
<pin_list>
<pin id="1460" dir="0" index="0" bw="17" slack="1"/>
<pin id="1461" dir="1" index="1" bw="17" slack="1"/>
</pin_list>
<bind>
<opset="feat1_4_addr_1 "/>
</bind>
</comp>

<comp id="1464" class="1005" name="feat1_5_addr_1_reg_1464">
<pin_list>
<pin id="1465" dir="0" index="0" bw="17" slack="1"/>
<pin id="1466" dir="1" index="1" bw="17" slack="1"/>
</pin_list>
<bind>
<opset="feat1_5_addr_1 "/>
</bind>
</comp>

<comp id="1469" class="1005" name="feat1_6_addr_1_reg_1469">
<pin_list>
<pin id="1470" dir="0" index="0" bw="17" slack="1"/>
<pin id="1471" dir="1" index="1" bw="17" slack="1"/>
</pin_list>
<bind>
<opset="feat1_6_addr_1 "/>
</bind>
</comp>

<comp id="1474" class="1005" name="feat1_7_addr_1_reg_1474">
<pin_list>
<pin id="1475" dir="0" index="0" bw="17" slack="1"/>
<pin id="1476" dir="1" index="1" bw="17" slack="1"/>
</pin_list>
<bind>
<opset="feat1_7_addr_1 "/>
</bind>
</comp>

<comp id="1479" class="1005" name="feat1_8_addr_1_reg_1479">
<pin_list>
<pin id="1480" dir="0" index="0" bw="17" slack="1"/>
<pin id="1481" dir="1" index="1" bw="17" slack="1"/>
</pin_list>
<bind>
<opset="feat1_8_addr_1 "/>
</bind>
</comp>

<comp id="1484" class="1005" name="feat1_9_addr_1_reg_1484">
<pin_list>
<pin id="1485" dir="0" index="0" bw="17" slack="1"/>
<pin id="1486" dir="1" index="1" bw="17" slack="1"/>
</pin_list>
<bind>
<opset="feat1_9_addr_1 "/>
</bind>
</comp>

<comp id="1489" class="1005" name="feat1_addr_3_reg_1489">
<pin_list>
<pin id="1490" dir="0" index="0" bw="17" slack="1"/>
<pin id="1491" dir="1" index="1" bw="17" slack="1"/>
</pin_list>
<bind>
<opset="feat1_addr_3 "/>
</bind>
</comp>

<comp id="1494" class="1005" name="feat1_3_addr_3_reg_1494">
<pin_list>
<pin id="1495" dir="0" index="0" bw="17" slack="1"/>
<pin id="1496" dir="1" index="1" bw="17" slack="1"/>
</pin_list>
<bind>
<opset="feat1_3_addr_3 "/>
</bind>
</comp>

<comp id="1499" class="1005" name="feat1_4_addr_3_reg_1499">
<pin_list>
<pin id="1500" dir="0" index="0" bw="17" slack="1"/>
<pin id="1501" dir="1" index="1" bw="17" slack="1"/>
</pin_list>
<bind>
<opset="feat1_4_addr_3 "/>
</bind>
</comp>

<comp id="1504" class="1005" name="feat1_5_addr_3_reg_1504">
<pin_list>
<pin id="1505" dir="0" index="0" bw="17" slack="1"/>
<pin id="1506" dir="1" index="1" bw="17" slack="1"/>
</pin_list>
<bind>
<opset="feat1_5_addr_3 "/>
</bind>
</comp>

<comp id="1509" class="1005" name="feat1_6_addr_3_reg_1509">
<pin_list>
<pin id="1510" dir="0" index="0" bw="17" slack="1"/>
<pin id="1511" dir="1" index="1" bw="17" slack="1"/>
</pin_list>
<bind>
<opset="feat1_6_addr_3 "/>
</bind>
</comp>

<comp id="1514" class="1005" name="feat1_7_addr_3_reg_1514">
<pin_list>
<pin id="1515" dir="0" index="0" bw="17" slack="1"/>
<pin id="1516" dir="1" index="1" bw="17" slack="1"/>
</pin_list>
<bind>
<opset="feat1_7_addr_3 "/>
</bind>
</comp>

<comp id="1519" class="1005" name="feat1_8_addr_3_reg_1519">
<pin_list>
<pin id="1520" dir="0" index="0" bw="17" slack="1"/>
<pin id="1521" dir="1" index="1" bw="17" slack="1"/>
</pin_list>
<bind>
<opset="feat1_8_addr_3 "/>
</bind>
</comp>

<comp id="1524" class="1005" name="feat1_9_addr_3_reg_1524">
<pin_list>
<pin id="1525" dir="0" index="0" bw="17" slack="1"/>
<pin id="1526" dir="1" index="1" bw="17" slack="1"/>
</pin_list>
<bind>
<opset="feat1_9_addr_3 "/>
</bind>
</comp>

<comp id="1529" class="1005" name="m0_reg_1529">
<pin_list>
<pin id="1530" dir="0" index="0" bw="32" slack="1"/>
<pin id="1531" dir="1" index="1" bw="32" slack="1"/>
</pin_list>
<bind>
<opset="m0 "/>
</bind>
</comp>

<comp id="1536" class="1005" name="m2_reg_1536">
<pin_list>
<pin id="1537" dir="0" index="0" bw="32" slack="1"/>
<pin id="1538" dir="1" index="1" bw="32" slack="1"/>
</pin_list>
<bind>
<opset="m2 "/>
</bind>
</comp>

<comp id="1543" class="1005" name="m1_reg_1543">
<pin_list>
<pin id="1544" dir="0" index="0" bw="32" slack="1"/>
<pin id="1545" dir="1" index="1" bw="32" slack="1"/>
</pin_list>
<bind>
<opset="m1 "/>
</bind>
</comp>

<comp id="1550" class="1005" name="m3_reg_1550">
<pin_list>
<pin id="1551" dir="0" index="0" bw="32" slack="1"/>
<pin id="1552" dir="1" index="1" bw="32" slack="1"/>
</pin_list>
<bind>
<opset="m3 "/>
</bind>
</comp>

<comp id="1557" class="1005" name="select_ln126_cast_reg_1557">
<pin_list>
<pin id="1558" dir="0" index="0" bw="15" slack="1"/>
<pin id="1559" dir="1" index="1" bw="15" slack="1"/>
</pin_list>
<bind>
<opset="select_ln126_cast "/>
</bind>
</comp>

<comp id="1562" class="1005" name="mx_reg_1562">
<pin_list>
<pin id="1563" dir="0" index="0" bw="32" slack="1"/>
<pin id="1564" dir="1" index="1" bw="32" slack="1"/>
</pin_list>
<bind>
<opset="mx "/>
</bind>
</comp>

<comp id="1569" class="1005" name="my_reg_1569">
<pin_list>
<pin id="1570" dir="0" index="0" bw="32" slack="1"/>
<pin id="1571" dir="1" index="1" bw="32" slack="1"/>
</pin_list>
<bind>
<opset="my "/>
</bind>
</comp>

</comp_list>

<net_list>
<net id="123"><net_src comp="32" pin="0"/><net_sink comp="120" pin=0"/></net>

<net id="127"><net_src comp="32" pin="0"/><net_sink comp="124" pin=0"/></net>

<net id="131"><net_src comp="32" pin="0"/><net_sink comp="128" pin=0"/></net>

<net id="135"><net_src comp="32" pin="0"/><net_sink comp="132" pin=0"/></net>

<net id="139"><net_src comp="32" pin="0"/><net_sink comp="136" pin=0"/></net>

<net id="145"><net_src comp="2" pin="0"/><net_sink comp="140" pin=0"/></net>

<net id="146"><net_src comp="66" pin="0"/><net_sink comp="140" pin=1"/></net>

<net id="152"><net_src comp="4" pin="0"/><net_sink comp="147" pin=0"/></net>

<net id="153"><net_src comp="66" pin="0"/><net_sink comp="147" pin=1"/></net>

<net id="159"><net_src comp="6" pin="0"/><net_sink comp="154" pin=0"/></net>

<net id="160"><net_src comp="66" pin="0"/><net_sink comp="154" pin=1"/></net>

<net id="166"><net_src comp="8" pin="0"/><net_sink comp="161" pin=0"/></net>

<net id="167"><net_src comp="66" pin="0"/><net_sink comp="161" pin=1"/></net>

<net id="173"><net_src comp="10" pin="0"/><net_sink comp="168" pin=0"/></net>

<net id="174"><net_src comp="66" pin="0"/><net_sink comp="168" pin=1"/></net>

<net id="180"><net_src comp="12" pin="0"/><net_sink comp="175" pin=0"/></net>

<net id="181"><net_src comp="66" pin="0"/><net_sink comp="175" pin=1"/></net>

<net id="187"><net_src comp="14" pin="0"/><net_sink comp="182" pin=0"/></net>

<net id="188"><net_src comp="66" pin="0"/><net_sink comp="182" pin=1"/></net>

<net id="194"><net_src comp="16" pin="0"/><net_sink comp="189" pin=0"/></net>

<net id="195"><net_src comp="66" pin="0"/><net_sink comp="189" pin=1"/></net>

<net id="201"><net_src comp="2" pin="0"/><net_sink comp="196" pin=0"/></net>

<net id="202"><net_src comp="66" pin="0"/><net_sink comp="196" pin=1"/></net>

<net id="208"><net_src comp="4" pin="0"/><net_sink comp="203" pin=0"/></net>

<net id="209"><net_src comp="66" pin="0"/><net_sink comp="203" pin=1"/></net>

<net id="215"><net_src comp="6" pin="0"/><net_sink comp="210" pin=0"/></net>

<net id="216"><net_src comp="66" pin="0"/><net_sink comp="210" pin=1"/></net>

<net id="222"><net_src comp="8" pin="0"/><net_sink comp="217" pin=0"/></net>

<net id="223"><net_src comp="66" pin="0"/><net_sink comp="217" pin=1"/></net>

<net id="229"><net_src comp="10" pin="0"/><net_sink comp="224" pin=0"/></net>

<net id="230"><net_src comp="66" pin="0"/><net_sink comp="224" pin=1"/></net>

<net id="236"><net_src comp="12" pin="0"/><net_sink comp="231" pin=0"/></net>

<net id="237"><net_src comp="66" pin="0"/><net_sink comp="231" pin=1"/></net>

<net id="243"><net_src comp="14" pin="0"/><net_sink comp="238" pin=0"/></net>

<net id="244"><net_src comp="66" pin="0"/><net_sink comp="238" pin=1"/></net>

<net id="250"><net_src comp="16" pin="0"/><net_sink comp="245" pin=0"/></net>

<net id="251"><net_src comp="66" pin="0"/><net_sink comp="245" pin=1"/></net>

<net id="261"><net_src comp="140" pin="3"/><net_sink comp="252" pin=2"/></net>

<net id="271"><net_src comp="147" pin="3"/><net_sink comp="262" pin=2"/></net>

<net id="281"><net_src comp="154" pin="3"/><net_sink comp="272" pin=2"/></net>

<net id="291"><net_src comp="161" pin="3"/><net_sink comp="282" pin=2"/></net>

<net id="301"><net_src comp="168" pin="3"/><net_sink comp="292" pin=2"/></net>

<net id="311"><net_src comp="175" pin="3"/><net_sink comp="302" pin=2"/></net>

<net id="321"><net_src comp="182" pin="3"/><net_sink comp="312" pin=2"/></net>

<net id="331"><net_src comp="189" pin="3"/><net_sink comp="322" pin=2"/></net>

<net id="332"><net_src comp="196" pin="3"/><net_sink comp="252" pin=0"/></net>

<net id="333"><net_src comp="203" pin="3"/><net_sink comp="262" pin=0"/></net>

<net id="334"><net_src comp="210" pin="3"/><net_sink comp="272" pin=0"/></net>

<net id="335"><net_src comp="217" pin="3"/><net_sink comp="282" pin=0"/></net>

<net id="336"><net_src comp="224" pin="3"/><net_sink comp="292" pin=0"/></net>

<net id="337"><net_src comp="231" pin="3"/><net_sink comp="302" pin=0"/></net>

<net id="338"><net_src comp="238" pin="3"/><net_sink comp="312" pin=0"/></net>

<net id="339"><net_src comp="245" pin="3"/><net_sink comp="322" pin=0"/></net>

<net id="345"><net_src comp="2" pin="0"/><net_sink comp="340" pin=0"/></net>

<net id="346"><net_src comp="66" pin="0"/><net_sink comp="340" pin=1"/></net>

<net id="352"><net_src comp="4" pin="0"/><net_sink comp="347" pin=0"/></net>

<net id="353"><net_src comp="66" pin="0"/><net_sink comp="347" pin=1"/></net>

<net id="359"><net_src comp="6" pin="0"/><net_sink comp="354" pin=0"/></net>

<net id="360"><net_src comp="66" pin="0"/><net_sink comp="354" pin=1"/></net>

<net id="366"><net_src comp="8" pin="0"/><net_sink comp="361" pin=0"/></net>

<net id="367"><net_src comp="66" pin="0"/><net_sink comp="361" pin=1"/></net>

<net id="373"><net_src comp="10" pin="0"/><net_sink comp="368" pin=0"/></net>

<net id="374"><net_src comp="66" pin="0"/><net_sink comp="368" pin=1"/></net>

<net id="380"><net_src comp="12" pin="0"/><net_sink comp="375" pin=0"/></net>

<net id="381"><net_src comp="66" pin="0"/><net_sink comp="375" pin=1"/></net>

<net id="387"><net_src comp="14" pin="0"/><net_sink comp="382" pin=0"/></net>

<net id="388"><net_src comp="66" pin="0"/><net_sink comp="382" pin=1"/></net>

<net id="394"><net_src comp="16" pin="0"/><net_sink comp="389" pin=0"/></net>

<net id="395"><net_src comp="66" pin="0"/><net_sink comp="389" pin=1"/></net>

<net id="401"><net_src comp="2" pin="0"/><net_sink comp="396" pin=0"/></net>

<net id="402"><net_src comp="66" pin="0"/><net_sink comp="396" pin=1"/></net>

<net id="408"><net_src comp="4" pin="0"/><net_sink comp="403" pin=0"/></net>

<net id="409"><net_src comp="66" pin="0"/><net_sink comp="403" pin=1"/></net>

<net id="415"><net_src comp="6" pin="0"/><net_sink comp="410" pin=0"/></net>

<net id="416"><net_src comp="66" pin="0"/><net_sink comp="410" pin=1"/></net>

<net id="422"><net_src comp="8" pin="0"/><net_sink comp="417" pin=0"/></net>

<net id="423"><net_src comp="66" pin="0"/><net_sink comp="417" pin=1"/></net>

<net id="429"><net_src comp="10" pin="0"/><net_sink comp="424" pin=0"/></net>

<net id="430"><net_src comp="66" pin="0"/><net_sink comp="424" pin=1"/></net>

<net id="436"><net_src comp="12" pin="0"/><net_sink comp="431" pin=0"/></net>

<net id="437"><net_src comp="66" pin="0"/><net_sink comp="431" pin=1"/></net>

<net id="443"><net_src comp="14" pin="0"/><net_sink comp="438" pin=0"/></net>

<net id="444"><net_src comp="66" pin="0"/><net_sink comp="438" pin=1"/></net>

<net id="450"><net_src comp="16" pin="0"/><net_sink comp="445" pin=0"/></net>

<net id="451"><net_src comp="66" pin="0"/><net_sink comp="445" pin=1"/></net>

<net id="452"><net_src comp="340" pin="3"/><net_sink comp="252" pin=2"/></net>

<net id="453"><net_src comp="347" pin="3"/><net_sink comp="262" pin=2"/></net>

<net id="454"><net_src comp="354" pin="3"/><net_sink comp="272" pin=2"/></net>

<net id="455"><net_src comp="361" pin="3"/><net_sink comp="282" pin=2"/></net>

<net id="456"><net_src comp="368" pin="3"/><net_sink comp="292" pin=2"/></net>

<net id="457"><net_src comp="375" pin="3"/><net_sink comp="302" pin=2"/></net>

<net id="458"><net_src comp="382" pin="3"/><net_sink comp="312" pin=2"/></net>

<net id="459"><net_src comp="389" pin="3"/><net_sink comp="322" pin=2"/></net>

<net id="460"><net_src comp="396" pin="3"/><net_sink comp="252" pin=0"/></net>

<net id="461"><net_src comp="403" pin="3"/><net_sink comp="262" pin=0"/></net>

<net id="462"><net_src comp="410" pin="3"/><net_sink comp="272" pin=0"/></net>

<net id="463"><net_src comp="417" pin="3"/><net_sink comp="282" pin=0"/></net>

<net id="464"><net_src comp="424" pin="3"/><net_sink comp="292" pin=0"/></net>

<net id="465"><net_src comp="431" pin="3"/><net_sink comp="302" pin=0"/></net>

<net id="466"><net_src comp="438" pin="3"/><net_sink comp="312" pin=0"/></net>

<net id="467"><net_src comp="445" pin="3"/><net_sink comp="322" pin=0"/></net>

<net id="473"><net_src comp="0" pin="0"/><net_sink comp="468" pin=0"/></net>

<net id="474"><net_src comp="66" pin="0"/><net_sink comp="468" pin=1"/></net>

<net id="480"><net_src comp="18" pin="0"/><net_sink comp="475" pin=0"/></net>

<net id="481"><net_src comp="66" pin="0"/><net_sink comp="475" pin=1"/></net>

<net id="487"><net_src comp="20" pin="0"/><net_sink comp="482" pin=0"/></net>

<net id="488"><net_src comp="66" pin="0"/><net_sink comp="482" pin=1"/></net>

<net id="494"><net_src comp="22" pin="0"/><net_sink comp="489" pin=0"/></net>

<net id="495"><net_src comp="66" pin="0"/><net_sink comp="489" pin=1"/></net>

<net id="501"><net_src comp="24" pin="0"/><net_sink comp="496" pin=0"/></net>

<net id="502"><net_src comp="66" pin="0"/><net_sink comp="496" pin=1"/></net>

<net id="508"><net_src comp="26" pin="0"/><net_sink comp="503" pin=0"/></net>

<net id="509"><net_src comp="66" pin="0"/><net_sink comp="503" pin=1"/></net>

<net id="515"><net_src comp="28" pin="0"/><net_sink comp="510" pin=0"/></net>

<net id="516"><net_src comp="66" pin="0"/><net_sink comp="510" pin=1"/></net>

<net id="522"><net_src comp="30" pin="0"/><net_sink comp="517" pin=0"/></net>

<net id="523"><net_src comp="66" pin="0"/><net_sink comp="517" pin=1"/></net>

<net id="529"><net_src comp="510" pin="3"/><net_sink comp="524" pin=0"/></net>

<net id="535"><net_src comp="503" pin="3"/><net_sink comp="530" pin=0"/></net>

<net id="541"><net_src comp="496" pin="3"/><net_sink comp="536" pin=0"/></net>

<net id="547"><net_src comp="489" pin="3"/><net_sink comp="542" pin=0"/></net>

<net id="553"><net_src comp="482" pin="3"/><net_sink comp="548" pin=0"/></net>

<net id="559"><net_src comp="475" pin="3"/><net_sink comp="554" pin=0"/></net>

<net id="565"><net_src comp="468" pin="3"/><net_sink comp="560" pin=0"/></net>

<net id="571"><net_src comp="517" pin="3"/><net_sink comp="566" pin=0"/></net>

<net id="601"><net_src comp="84" pin="0"/><net_sink comp="580" pin=0"/></net>

<net id="602"><net_src comp="68" pin="0"/><net_sink comp="580" pin=1"/></net>

<net id="603"><net_src comp="252" pin="7"/><net_sink comp="580" pin=2"/></net>

<net id="604"><net_src comp="70" pin="0"/><net_sink comp="580" pin=3"/></net>

<net id="605"><net_src comp="262" pin="7"/><net_sink comp="580" pin=4"/></net>

<net id="606"><net_src comp="72" pin="0"/><net_sink comp="580" pin=5"/></net>

<net id="607"><net_src comp="272" pin="7"/><net_sink comp="580" pin=6"/></net>

<net id="608"><net_src comp="74" pin="0"/><net_sink comp="580" pin=7"/></net>

<net id="609"><net_src comp="282" pin="7"/><net_sink comp="580" pin=8"/></net>

<net id="610"><net_src comp="76" pin="0"/><net_sink comp="580" pin=9"/></net>

<net id="611"><net_src comp="292" pin="7"/><net_sink comp="580" pin=10"/></net>

<net id="612"><net_src comp="78" pin="0"/><net_sink comp="580" pin=11"/></net>

<net id="613"><net_src comp="302" pin="7"/><net_sink comp="580" pin=12"/></net>

<net id="614"><net_src comp="80" pin="0"/><net_sink comp="580" pin=13"/></net>

<net id="615"><net_src comp="312" pin="7"/><net_sink comp="580" pin=14"/></net>

<net id="616"><net_src comp="86" pin="0"/><net_sink comp="580" pin=15"/></net>

<net id="617"><net_src comp="322" pin="7"/><net_sink comp="580" pin=16"/></net>

<net id="618"><net_src comp="88" pin="0"/><net_sink comp="580" pin=17"/></net>

<net id="619"><net_src comp="580" pin="19"/><net_sink comp="572" pin=1"/></net>

<net id="641"><net_src comp="84" pin="0"/><net_sink comp="620" pin=0"/></net>

<net id="642"><net_src comp="68" pin="0"/><net_sink comp="620" pin=1"/></net>

<net id="643"><net_src comp="252" pin="3"/><net_sink comp="620" pin=2"/></net>

<net id="644"><net_src comp="70" pin="0"/><net_sink comp="620" pin=3"/></net>

<net id="645"><net_src comp="262" pin="3"/><net_sink comp="620" pin=4"/></net>

<net id="646"><net_src comp="72" pin="0"/><net_sink comp="620" pin=5"/></net>

<net id="647"><net_src comp="272" pin="3"/><net_sink comp="620" pin=6"/></net>

<net id="648"><net_src comp="74" pin="0"/><net_sink comp="620" pin=7"/></net>

<net id="649"><net_src comp="282" pin="3"/><net_sink comp="620" pin=8"/></net>

<net id="650"><net_src comp="76" pin="0"/><net_sink comp="620" pin=9"/></net>

<net id="651"><net_src comp="292" pin="3"/><net_sink comp="620" pin=10"/></net>

<net id="652"><net_src comp="78" pin="0"/><net_sink comp="620" pin=11"/></net>

<net id="653"><net_src comp="302" pin="3"/><net_sink comp="620" pin=12"/></net>

<net id="654"><net_src comp="80" pin="0"/><net_sink comp="620" pin=13"/></net>

<net id="655"><net_src comp="312" pin="3"/><net_sink comp="620" pin=14"/></net>

<net id="656"><net_src comp="86" pin="0"/><net_sink comp="620" pin=15"/></net>

<net id="657"><net_src comp="322" pin="3"/><net_sink comp="620" pin=16"/></net>

<net id="658"><net_src comp="88" pin="0"/><net_sink comp="620" pin=17"/></net>

<net id="659"><net_src comp="620" pin="19"/><net_sink comp="576" pin=1"/></net>

<net id="664"><net_src comp="34" pin="0"/><net_sink comp="660" pin=0"/></net>

<net id="669"><net_src comp="36" pin="0"/><net_sink comp="665" pin=0"/></net>

<net id="674"><net_src comp="38" pin="0"/><net_sink comp="670" pin=0"/></net>

<net id="679"><net_src comp="40" pin="0"/><net_sink comp="675" pin=0"/></net>

<net id="684"><net_src comp="42" pin="0"/><net_sink comp="680" pin=0"/></net>

<net id="695"><net_src comp="688" pin="1"/><net_sink comp="691" pin=0"/></net>

<net id="696"><net_src comp="44" pin="0"/><net_sink comp="691" pin=1"/></net>

<net id="701"><net_src comp="688" pin="1"/><net_sink comp="697" pin=0"/></net>

<net id="702"><net_src comp="46" pin="0"/><net_sink comp="697" pin=1"/></net>

<net id="716"><net_src comp="709" pin="1"/><net_sink comp="712" pin=0"/></net>

<net id="717"><net_src comp="48" pin="0"/><net_sink comp="712" pin=1"/></net>

<net id="722"><net_src comp="685" pin="1"/><net_sink comp="718" pin=0"/></net>

<net id="723"><net_src comp="50" pin="0"/><net_sink comp="718" pin=1"/></net>

<net id="729"><net_src comp="718" pin="2"/><net_sink comp="724" pin=0"/></net>

<net id="730"><net_src comp="40" pin="0"/><net_sink comp="724" pin=1"/></net>

<net id="731"><net_src comp="706" pin="1"/><net_sink comp="724" pin=2"/></net>

<net id="736"><net_src comp="718" pin="2"/><net_sink comp="732" pin=0"/></net>

<net id="737"><net_src comp="52" pin="0"/><net_sink comp="732" pin=1"/></net>

<net id="742"><net_src comp="703" pin="1"/><net_sink comp="738" pin=0"/></net>

<net id="743"><net_src comp="54" pin="0"/><net_sink comp="738" pin=1"/></net>

<net id="748"><net_src comp="738" pin="2"/><net_sink comp="744" pin=0"/></net>

<net id="749"><net_src comp="732" pin="2"/><net_sink comp="744" pin=1"/></net>

<net id="755"><net_src comp="718" pin="2"/><net_sink comp="750" pin=0"/></net>

<net id="756"><net_src comp="712" pin="2"/><net_sink comp="750" pin=1"/></net>

<net id="757"><net_src comp="709" pin="1"/><net_sink comp="750" pin=2"/></net>

<net id="762"><net_src comp="724" pin="3"/><net_sink comp="758" pin=0"/></net>

<net id="763"><net_src comp="56" pin="0"/><net_sink comp="758" pin=1"/></net>

<net id="768"><net_src comp="744" pin="2"/><net_sink comp="764" pin=0"/></net>

<net id="769"><net_src comp="718" pin="2"/><net_sink comp="764" pin=1"/></net>

<net id="775"><net_src comp="764" pin="2"/><net_sink comp="770" pin=0"/></net>

<net id="776"><net_src comp="42" pin="0"/><net_sink comp="770" pin=1"/></net>

<net id="777"><net_src comp="703" pin="1"/><net_sink comp="770" pin=2"/></net>

<net id="783"><net_src comp="744" pin="2"/><net_sink comp="778" pin=0"/></net>

<net id="784"><net_src comp="758" pin="2"/><net_sink comp="778" pin=1"/></net>

<net id="785"><net_src comp="724" pin="3"/><net_sink comp="778" pin=2"/></net>

<net id="791"><net_src comp="58" pin="0"/><net_sink comp="786" pin=0"/></net>

<net id="792"><net_src comp="750" pin="3"/><net_sink comp="786" pin=1"/></net>

<net id="793"><net_src comp="60" pin="0"/><net_sink comp="786" pin=2"/></net>

<net id="797"><net_src comp="786" pin="3"/><net_sink comp="794" pin=0"/></net>

<net id="802"><net_src comp="794" pin="1"/><net_sink comp="798" pin=0"/></net>

<net id="803"><net_src comp="62" pin="0"/><net_sink comp="798" pin=1"/></net>

<net id="809"><net_src comp="64" pin="0"/><net_sink comp="804" pin=0"/></net>

<net id="810"><net_src comp="778" pin="3"/><net_sink comp="804" pin=1"/></net>

<net id="811"><net_src comp="60" pin="0"/><net_sink comp="804" pin=2"/></net>

<net id="815"><net_src comp="804" pin="3"/><net_sink comp="812" pin=0"/></net>

<net id="820"><net_src comp="798" pin="2"/><net_sink comp="816" pin=0"/></net>

<net id="821"><net_src comp="812" pin="1"/><net_sink comp="816" pin=1"/></net>

<net id="825"><net_src comp="816" pin="2"/><net_sink comp="822" pin=0"/></net>

<net id="826"><net_src comp="822" pin="1"/><net_sink comp="140" pin=2"/></net>

<net id="827"><net_src comp="822" pin="1"/><net_sink comp="147" pin=2"/></net>

<net id="828"><net_src comp="822" pin="1"/><net_sink comp="154" pin=2"/></net>

<net id="829"><net_src comp="822" pin="1"/><net_sink comp="161" pin=2"/></net>

<net id="830"><net_src comp="822" pin="1"/><net_sink comp="168" pin=2"/></net>

<net id="831"><net_src comp="822" pin="1"/><net_sink comp="175" pin=2"/></net>

<net id="832"><net_src comp="822" pin="1"/><net_sink comp="182" pin=2"/></net>

<net id="833"><net_src comp="822" pin="1"/><net_sink comp="189" pin=2"/></net>

<net id="839"><net_src comp="64" pin="0"/><net_sink comp="834" pin=0"/></net>

<net id="840"><net_src comp="778" pin="3"/><net_sink comp="834" pin=1"/></net>

<net id="841"><net_src comp="52" pin="0"/><net_sink comp="834" pin=2"/></net>

<net id="845"><net_src comp="834" pin="3"/><net_sink comp="842" pin=0"/></net>

<net id="850"><net_src comp="798" pin="2"/><net_sink comp="846" pin=0"/></net>

<net id="851"><net_src comp="842" pin="1"/><net_sink comp="846" pin=1"/></net>

<net id="855"><net_src comp="846" pin="2"/><net_sink comp="852" pin=0"/></net>

<net id="856"><net_src comp="852" pin="1"/><net_sink comp="196" pin=2"/></net>

<net id="857"><net_src comp="852" pin="1"/><net_sink comp="203" pin=2"/></net>

<net id="858"><net_src comp="852" pin="1"/><net_sink comp="210" pin=2"/></net>

<net id="859"><net_src comp="852" pin="1"/><net_sink comp="217" pin=2"/></net>

<net id="860"><net_src comp="852" pin="1"/><net_sink comp="224" pin=2"/></net>

<net id="861"><net_src comp="852" pin="1"/><net_sink comp="231" pin=2"/></net>

<net id="862"><net_src comp="852" pin="1"/><net_sink comp="238" pin=2"/></net>

<net id="863"><net_src comp="852" pin="1"/><net_sink comp="245" pin=2"/></net>

<net id="867"><net_src comp="770" pin="3"/><net_sink comp="864" pin=0"/></net>

<net id="878"><net_src comp="864" pin="1"/><net_sink comp="868" pin=0"/></net>

<net id="879"><net_src comp="68" pin="0"/><net_sink comp="868" pin=1"/></net>

<net id="880"><net_src comp="70" pin="0"/><net_sink comp="868" pin=2"/></net>

<net id="881"><net_src comp="72" pin="0"/><net_sink comp="868" pin=3"/></net>

<net id="882"><net_src comp="74" pin="0"/><net_sink comp="868" pin=4"/></net>

<net id="883"><net_src comp="76" pin="0"/><net_sink comp="868" pin=5"/></net>

<net id="884"><net_src comp="78" pin="0"/><net_sink comp="868" pin=6"/></net>

<net id="885"><net_src comp="80" pin="0"/><net_sink comp="868" pin=7"/></net>

<net id="894"><net_src comp="58" pin="0"/><net_sink comp="889" pin=0"/></net>

<net id="895"><net_src comp="52" pin="0"/><net_sink comp="889" pin=2"/></net>

<net id="899"><net_src comp="889" pin="3"/><net_sink comp="896" pin=0"/></net>

<net id="904"><net_src comp="896" pin="1"/><net_sink comp="900" pin=0"/></net>

<net id="905"><net_src comp="62" pin="0"/><net_sink comp="900" pin=1"/></net>

<net id="910"><net_src comp="900" pin="2"/><net_sink comp="906" pin=0"/></net>

<net id="914"><net_src comp="906" pin="2"/><net_sink comp="911" pin=0"/></net>

<net id="915"><net_src comp="911" pin="1"/><net_sink comp="340" pin=2"/></net>

<net id="916"><net_src comp="911" pin="1"/><net_sink comp="347" pin=2"/></net>

<net id="917"><net_src comp="911" pin="1"/><net_sink comp="354" pin=2"/></net>

<net id="918"><net_src comp="911" pin="1"/><net_sink comp="361" pin=2"/></net>

<net id="919"><net_src comp="911" pin="1"/><net_sink comp="368" pin=2"/></net>

<net id="920"><net_src comp="911" pin="1"/><net_sink comp="375" pin=2"/></net>

<net id="921"><net_src comp="911" pin="1"/><net_sink comp="382" pin=2"/></net>

<net id="922"><net_src comp="911" pin="1"/><net_sink comp="389" pin=2"/></net>

<net id="927"><net_src comp="900" pin="2"/><net_sink comp="923" pin=0"/></net>

<net id="931"><net_src comp="923" pin="2"/><net_sink comp="928" pin=0"/></net>

<net id="932"><net_src comp="928" pin="1"/><net_sink comp="396" pin=2"/></net>

<net id="933"><net_src comp="928" pin="1"/><net_sink comp="403" pin=2"/></net>

<net id="934"><net_src comp="928" pin="1"/><net_sink comp="410" pin=2"/></net>

<net id="935"><net_src comp="928" pin="1"/><net_sink comp="417" pin=2"/></net>

<net id="936"><net_src comp="928" pin="1"/><net_sink comp="424" pin=2"/></net>

<net id="937"><net_src comp="928" pin="1"/><net_sink comp="431" pin=2"/></net>

<net id="938"><net_src comp="928" pin="1"/><net_sink comp="438" pin=2"/></net>

<net id="939"><net_src comp="928" pin="1"/><net_sink comp="445" pin=2"/></net>

<net id="944"><net_src comp="90" pin="0"/><net_sink comp="940" pin=1"/></net>

<net id="949"><net_src comp="92" pin="0"/><net_sink comp="945" pin=1"/></net>

<net id="955"><net_src comp="92" pin="0"/><net_sink comp="950" pin=1"/></net>

<net id="956"><net_src comp="945" pin="2"/><net_sink comp="950" pin=2"/></net>

<net id="969"><net_src comp="950" pin="3"/><net_sink comp="965" pin=0"/></net>

<net id="978"><net_src comp="940" pin="2"/><net_sink comp="974" pin=0"/></net>

<net id="991"><net_src comp="94" pin="0"/><net_sink comp="985" pin=0"/></net>

<net id="992"><net_src comp="982" pin="1"/><net_sink comp="985" pin=1"/></net>

<net id="993"><net_src comp="96" pin="0"/><net_sink comp="985" pin=2"/></net>

<net id="994"><net_src comp="98" pin="0"/><net_sink comp="985" pin=3"/></net>

<net id="998"><net_src comp="982" pin="1"/><net_sink comp="995" pin=0"/></net>

<net id="1008"><net_src comp="94" pin="0"/><net_sink comp="1002" pin=0"/></net>

<net id="1009"><net_src comp="999" pin="1"/><net_sink comp="1002" pin=1"/></net>

<net id="1010"><net_src comp="96" pin="0"/><net_sink comp="1002" pin=2"/></net>

<net id="1011"><net_src comp="98" pin="0"/><net_sink comp="1002" pin=3"/></net>

<net id="1015"><net_src comp="999" pin="1"/><net_sink comp="1012" pin=0"/></net>

<net id="1020"><net_src comp="985" pin="4"/><net_sink comp="1016" pin=0"/></net>

<net id="1021"><net_src comp="100" pin="0"/><net_sink comp="1016" pin=1"/></net>

<net id="1026"><net_src comp="995" pin="1"/><net_sink comp="1022" pin=0"/></net>

<net id="1027"><net_src comp="102" pin="0"/><net_sink comp="1022" pin=1"/></net>

<net id="1032"><net_src comp="1022" pin="2"/><net_sink comp="1028" pin=0"/></net>

<net id="1033"><net_src comp="1016" pin="2"/><net_sink comp="1028" pin=1"/></net>

<net id="1038"><net_src comp="1002" pin="4"/><net_sink comp="1034" pin=0"/></net>

<net id="1039"><net_src comp="100" pin="0"/><net_sink comp="1034" pin=1"/></net>

<net id="1044"><net_src comp="1012" pin="1"/><net_sink comp="1040" pin=0"/></net>

<net id="1045"><net_src comp="102" pin="0"/><net_sink comp="1040" pin=1"/></net>

<net id="1050"><net_src comp="1040" pin="2"/><net_sink comp="1046" pin=0"/></net>

<net id="1051"><net_src comp="1034" pin="2"/><net_sink comp="1046" pin=1"/></net>

<net id="1056"><net_src comp="1028" pin="2"/><net_sink comp="1052" pin=0"/></net>

<net id="1057"><net_src comp="1046" pin="2"/><net_sink comp="1052" pin=1"/></net>

<net id="1062"><net_src comp="1052" pin="2"/><net_sink comp="1058" pin=0"/></net>

<net id="1063"><net_src comp="572" pin="2"/><net_sink comp="1058" pin=1"/></net>

<net id="1069"><net_src comp="1058" pin="2"/><net_sink comp="1064" pin=0"/></net>

<net id="1070"><net_src comp="1064" pin="3"/><net_sink comp="572" pin=0"/></net>

<net id="1080"><net_src comp="94" pin="0"/><net_sink comp="1074" pin=0"/></net>

<net id="1081"><net_src comp="1071" pin="1"/><net_sink comp="1074" pin=1"/></net>

<net id="1082"><net_src comp="96" pin="0"/><net_sink comp="1074" pin=2"/></net>

<net id="1083"><net_src comp="98" pin="0"/><net_sink comp="1074" pin=3"/></net>

<net id="1087"><net_src comp="1071" pin="1"/><net_sink comp="1084" pin=0"/></net>

<net id="1097"><net_src comp="94" pin="0"/><net_sink comp="1091" pin=0"/></net>

<net id="1098"><net_src comp="1088" pin="1"/><net_sink comp="1091" pin=1"/></net>

<net id="1099"><net_src comp="96" pin="0"/><net_sink comp="1091" pin=2"/></net>

<net id="1100"><net_src comp="98" pin="0"/><net_sink comp="1091" pin=3"/></net>

<net id="1104"><net_src comp="1088" pin="1"/><net_sink comp="1101" pin=0"/></net>

<net id="1109"><net_src comp="1074" pin="4"/><net_sink comp="1105" pin=0"/></net>

<net id="1110"><net_src comp="100" pin="0"/><net_sink comp="1105" pin=1"/></net>

<net id="1115"><net_src comp="1084" pin="1"/><net_sink comp="1111" pin=0"/></net>

<net id="1116"><net_src comp="102" pin="0"/><net_sink comp="1111" pin=1"/></net>

<net id="1121"><net_src comp="1111" pin="2"/><net_sink comp="1117" pin=0"/></net>

<net id="1122"><net_src comp="1105" pin="2"/><net_sink comp="1117" pin=1"/></net>

<net id="1127"><net_src comp="1091" pin="4"/><net_sink comp="1123" pin=0"/></net>

<net id="1128"><net_src comp="100" pin="0"/><net_sink comp="1123" pin=1"/></net>

<net id="1133"><net_src comp="1101" pin="1"/><net_sink comp="1129" pin=0"/></net>

<net id="1134"><net_src comp="102" pin="0"/><net_sink comp="1129" pin=1"/></net>

<net id="1139"><net_src comp="1129" pin="2"/><net_sink comp="1135" pin=0"/></net>

<net id="1140"><net_src comp="1123" pin="2"/><net_sink comp="1135" pin=1"/></net>

<net id="1145"><net_src comp="1117" pin="2"/><net_sink comp="1141" pin=0"/></net>

<net id="1146"><net_src comp="1135" pin="2"/><net_sink comp="1141" pin=1"/></net>

<net id="1151"><net_src comp="1141" pin="2"/><net_sink comp="1147" pin=0"/></net>

<net id="1152"><net_src comp="576" pin="2"/><net_sink comp="1147" pin=1"/></net>

<net id="1158"><net_src comp="1147" pin="2"/><net_sink comp="1153" pin=0"/></net>

<net id="1159"><net_src comp="1153" pin="3"/><net_sink comp="572" pin=1"/></net>

<net id="1163"><net_src comp="1160" pin="1"/><net_sink comp="468" pin=2"/></net>

<net id="1164"><net_src comp="1160" pin="1"/><net_sink comp="475" pin=2"/></net>

<net id="1165"><net_src comp="1160" pin="1"/><net_sink comp="482" pin=2"/></net>

<net id="1166"><net_src comp="1160" pin="1"/><net_sink comp="489" pin=2"/></net>

<net id="1167"><net_src comp="1160" pin="1"/><net_sink comp="496" pin=2"/></net>

<net id="1168"><net_src comp="1160" pin="1"/><net_sink comp="503" pin=2"/></net>

<net id="1169"><net_src comp="1160" pin="1"/><net_sink comp="510" pin=2"/></net>

<net id="1170"><net_src comp="1160" pin="1"/><net_sink comp="517" pin=2"/></net>

<net id="1180"><net_src comp="94" pin="0"/><net_sink comp="1174" pin=0"/></net>

<net id="1181"><net_src comp="1171" pin="1"/><net_sink comp="1174" pin=1"/></net>

<net id="1182"><net_src comp="96" pin="0"/><net_sink comp="1174" pin=2"/></net>

<net id="1183"><net_src comp="98" pin="0"/><net_sink comp="1174" pin=3"/></net>

<net id="1187"><net_src comp="1171" pin="1"/><net_sink comp="1184" pin=0"/></net>

<net id="1197"><net_src comp="94" pin="0"/><net_sink comp="1191" pin=0"/></net>

<net id="1198"><net_src comp="1188" pin="1"/><net_sink comp="1191" pin=1"/></net>

<net id="1199"><net_src comp="96" pin="0"/><net_sink comp="1191" pin=2"/></net>

<net id="1200"><net_src comp="98" pin="0"/><net_sink comp="1191" pin=3"/></net>

<net id="1204"><net_src comp="1188" pin="1"/><net_sink comp="1201" pin=0"/></net>

<net id="1209"><net_src comp="1174" pin="4"/><net_sink comp="1205" pin=0"/></net>

<net id="1210"><net_src comp="100" pin="0"/><net_sink comp="1205" pin=1"/></net>

<net id="1215"><net_src comp="1184" pin="1"/><net_sink comp="1211" pin=0"/></net>

<net id="1216"><net_src comp="102" pin="0"/><net_sink comp="1211" pin=1"/></net>

<net id="1221"><net_src comp="1211" pin="2"/><net_sink comp="1217" pin=0"/></net>

<net id="1222"><net_src comp="1205" pin="2"/><net_sink comp="1217" pin=1"/></net>

<net id="1227"><net_src comp="1191" pin="4"/><net_sink comp="1223" pin=0"/></net>

<net id="1228"><net_src comp="100" pin="0"/><net_sink comp="1223" pin=1"/></net>

<net id="1233"><net_src comp="1201" pin="1"/><net_sink comp="1229" pin=0"/></net>

<net id="1234"><net_src comp="102" pin="0"/><net_sink comp="1229" pin=1"/></net>

<net id="1239"><net_src comp="1229" pin="2"/><net_sink comp="1235" pin=0"/></net>

<net id="1240"><net_src comp="1223" pin="2"/><net_sink comp="1235" pin=1"/></net>

<net id="1245"><net_src comp="1217" pin="2"/><net_sink comp="1241" pin=0"/></net>

<net id="1246"><net_src comp="1235" pin="2"/><net_sink comp="1241" pin=1"/></net>

<net id="1251"><net_src comp="1241" pin="2"/><net_sink comp="1247" pin=0"/></net>

<net id="1252"><net_src comp="572" pin="2"/><net_sink comp="1247" pin=1"/></net>

<net id="1258"><net_src comp="1247" pin="2"/><net_sink comp="1253" pin=0"/></net>

<net id="1259"><net_src comp="1253" pin="3"/><net_sink comp="524" pin=1"/></net>

<net id="1260"><net_src comp="1253" pin="3"/><net_sink comp="530" pin=1"/></net>

<net id="1261"><net_src comp="1253" pin="3"/><net_sink comp="536" pin=1"/></net>

<net id="1262"><net_src comp="1253" pin="3"/><net_sink comp="542" pin=1"/></net>

<net id="1263"><net_src comp="1253" pin="3"/><net_sink comp="548" pin=1"/></net>

<net id="1264"><net_src comp="1253" pin="3"/><net_sink comp="554" pin=1"/></net>

<net id="1265"><net_src comp="1253" pin="3"/><net_sink comp="560" pin=1"/></net>

<net id="1266"><net_src comp="1253" pin="3"/><net_sink comp="566" pin=1"/></net>

<net id="1272"><net_src comp="886" pin="1"/><net_sink comp="1267" pin=0"/></net>

<net id="1273"><net_src comp="82" pin="0"/><net_sink comp="1267" pin=1"/></net>

<net id="1274"><net_src comp="979" pin="1"/><net_sink comp="1267" pin=2"/></net>

<net id="1275"><net_src comp="1267" pin="3"/><net_sink comp="1160" pin=0"/></net>

<net id="1279"><net_src comp="120" pin="1"/><net_sink comp="1276" pin=0"/></net>

<net id="1280"><net_src comp="1276" pin="1"/><net_sink comp="680" pin=1"/></net>

<net id="1281"><net_src comp="1276" pin="1"/><net_sink comp="703" pin=0"/></net>

<net id="1282"><net_src comp="1276" pin="1"/><net_sink comp="974" pin=1"/></net>

<net id="1286"><net_src comp="124" pin="1"/><net_sink comp="1283" pin=0"/></net>

<net id="1287"><net_src comp="1283" pin="1"/><net_sink comp="675" pin=1"/></net>

<net id="1288"><net_src comp="1283" pin="1"/><net_sink comp="706" pin=0"/></net>

<net id="1289"><net_src comp="1283" pin="1"/><net_sink comp="970" pin=1"/></net>

<net id="1293"><net_src comp="128" pin="1"/><net_sink comp="1290" pin=0"/></net>

<net id="1294"><net_src comp="1290" pin="1"/><net_sink comp="670" pin=1"/></net>

<net id="1295"><net_src comp="1290" pin="1"/><net_sink comp="685" pin=0"/></net>

<net id="1296"><net_src comp="1290" pin="1"/><net_sink comp="965" pin=1"/></net>

<net id="1300"><net_src comp="132" pin="1"/><net_sink comp="1297" pin=0"/></net>

<net id="1301"><net_src comp="1297" pin="1"/><net_sink comp="665" pin=1"/></net>

<net id="1302"><net_src comp="1297" pin="1"/><net_sink comp="709" pin=0"/></net>

<net id="1303"><net_src comp="1297" pin="1"/><net_sink comp="961" pin=1"/></net>

<net id="1307"><net_src comp="136" pin="1"/><net_sink comp="1304" pin=0"/></net>

<net id="1308"><net_src comp="1304" pin="1"/><net_sink comp="660" pin=1"/></net>

<net id="1309"><net_src comp="1304" pin="1"/><net_sink comp="688" pin=0"/></net>

<net id="1310"><net_src comp="1304" pin="1"/><net_sink comp="957" pin=1"/></net>

<net id="1314"><net_src comp="685" pin="1"/><net_sink comp="1311" pin=0"/></net>

<net id="1315"><net_src comp="1311" pin="1"/><net_sink comp="945" pin=0"/></net>

<net id="1319"><net_src comp="691" pin="2"/><net_sink comp="1316" pin=0"/></net>

<net id="1323"><net_src comp="697" pin="2"/><net_sink comp="1320" pin=0"/></net>

<net id="1324"><net_src comp="1320" pin="1"/><net_sink comp="957" pin=0"/></net>

<net id="1328"><net_src comp="718" pin="2"/><net_sink comp="1325" pin=0"/></net>

<net id="1329"><net_src comp="1325" pin="1"/><net_sink comp="950" pin=0"/></net>

<net id="1333"><net_src comp="750" pin="3"/><net_sink comp="1330" pin=0"/></net>

<net id="1334"><net_src comp="1330" pin="1"/><net_sink comp="886" pin=0"/></net>

<net id="1335"><net_src comp="1330" pin="1"/><net_sink comp="889" pin=1"/></net>

<net id="1336"><net_src comp="1330" pin="1"/><net_sink comp="961" pin=0"/></net>

<net id="1340"><net_src comp="770" pin="3"/><net_sink comp="1337" pin=0"/></net>

<net id="1341"><net_src comp="1337" pin="1"/><net_sink comp="940" pin=0"/></net>

<net id="1345"><net_src comp="778" pin="3"/><net_sink comp="1342" pin=0"/></net>

<net id="1346"><net_src comp="1342" pin="1"/><net_sink comp="970" pin=0"/></net>

<net id="1347"><net_src comp="1342" pin="1"/><net_sink comp="979" pin=0"/></net>

<net id="1351"><net_src comp="812" pin="1"/><net_sink comp="1348" pin=0"/></net>

<net id="1352"><net_src comp="1348" pin="1"/><net_sink comp="906" pin=1"/></net>

<net id="1356"><net_src comp="140" pin="3"/><net_sink comp="1353" pin=0"/></net>

<net id="1357"><net_src comp="1353" pin="1"/><net_sink comp="252" pin=2"/></net>

<net id="1361"><net_src comp="147" pin="3"/><net_sink comp="1358" pin=0"/></net>

<net id="1362"><net_src comp="1358" pin="1"/><net_sink comp="262" pin=2"/></net>

<net id="1366"><net_src comp="154" pin="3"/><net_sink comp="1363" pin=0"/></net>

<net id="1367"><net_src comp="1363" pin="1"/><net_sink comp="272" pin=2"/></net>

<net id="1371"><net_src comp="161" pin="3"/><net_sink comp="1368" pin=0"/></net>

<net id="1372"><net_src comp="1368" pin="1"/><net_sink comp="282" pin=2"/></net>

<net id="1376"><net_src comp="168" pin="3"/><net_sink comp="1373" pin=0"/></net>

<net id="1377"><net_src comp="1373" pin="1"/><net_sink comp="292" pin=2"/></net>

<net id="1381"><net_src comp="175" pin="3"/><net_sink comp="1378" pin=0"/></net>

<net id="1382"><net_src comp="1378" pin="1"/><net_sink comp="302" pin=2"/></net>

<net id="1386"><net_src comp="182" pin="3"/><net_sink comp="1383" pin=0"/></net>

<net id="1387"><net_src comp="1383" pin="1"/><net_sink comp="312" pin=2"/></net>

<net id="1391"><net_src comp="189" pin="3"/><net_sink comp="1388" pin=0"/></net>

<net id="1392"><net_src comp="1388" pin="1"/><net_sink comp="322" pin=2"/></net>

<net id="1396"><net_src comp="842" pin="1"/><net_sink comp="1393" pin=0"/></net>

<net id="1397"><net_src comp="1393" pin="1"/><net_sink comp="923" pin=1"/></net>

<net id="1401"><net_src comp="196" pin="3"/><net_sink comp="1398" pin=0"/></net>

<net id="1402"><net_src comp="1398" pin="1"/><net_sink comp="252" pin=0"/></net>

<net id="1406"><net_src comp="203" pin="3"/><net_sink comp="1403" pin=0"/></net>

<net id="1407"><net_src comp="1403" pin="1"/><net_sink comp="262" pin=0"/></net>

<net id="1411"><net_src comp="210" pin="3"/><net_sink comp="1408" pin=0"/></net>

<net id="1412"><net_src comp="1408" pin="1"/><net_sink comp="272" pin=0"/></net>

<net id="1416"><net_src comp="217" pin="3"/><net_sink comp="1413" pin=0"/></net>

<net id="1417"><net_src comp="1413" pin="1"/><net_sink comp="282" pin=0"/></net>

<net id="1421"><net_src comp="224" pin="3"/><net_sink comp="1418" pin=0"/></net>

<net id="1422"><net_src comp="1418" pin="1"/><net_sink comp="292" pin=0"/></net>

<net id="1426"><net_src comp="231" pin="3"/><net_sink comp="1423" pin=0"/></net>

<net id="1427"><net_src comp="1423" pin="1"/><net_sink comp="302" pin=0"/></net>

<net id="1431"><net_src comp="238" pin="3"/><net_sink comp="1428" pin=0"/></net>

<net id="1432"><net_src comp="1428" pin="1"/><net_sink comp="312" pin=0"/></net>

<net id="1436"><net_src comp="245" pin="3"/><net_sink comp="1433" pin=0"/></net>

<net id="1437"><net_src comp="1433" pin="1"/><net_sink comp="322" pin=0"/></net>

<net id="1441"><net_src comp="864" pin="1"/><net_sink comp="1438" pin=0"/></net>

<net id="1442"><net_src comp="1438" pin="1"/><net_sink comp="580" pin=18"/></net>

<net id="1443"><net_src comp="1438" pin="1"/><net_sink comp="620" pin=18"/></net>

<net id="1447"><net_src comp="886" pin="1"/><net_sink comp="1444" pin=0"/></net>

<net id="1448"><net_src comp="1444" pin="1"/><net_sink comp="1267" pin=0"/></net>

<net id="1452"><net_src comp="340" pin="3"/><net_sink comp="1449" pin=0"/></net>

<net id="1453"><net_src comp="1449" pin="1"/><net_sink comp="252" pin=2"/></net>

<net id="1457"><net_src comp="347" pin="3"/><net_sink comp="1454" pin=0"/></net>

<net id="1458"><net_src comp="1454" pin="1"/><net_sink comp="262" pin=2"/></net>

<net id="1462"><net_src comp="354" pin="3"/><net_sink comp="1459" pin=0"/></net>

<net id="1463"><net_src comp="1459" pin="1"/><net_sink comp="272" pin=2"/></net>

<net id="1467"><net_src comp="361" pin="3"/><net_sink comp="1464" pin=0"/></net>

<net id="1468"><net_src comp="1464" pin="1"/><net_sink comp="282" pin=2"/></net>

<net id="1472"><net_src comp="368" pin="3"/><net_sink comp="1469" pin=0"/></net>

<net id="1473"><net_src comp="1469" pin="1"/><net_sink comp="292" pin=2"/></net>

<net id="1477"><net_src comp="375" pin="3"/><net_sink comp="1474" pin=0"/></net>

<net id="1478"><net_src comp="1474" pin="1"/><net_sink comp="302" pin=2"/></net>

<net id="1482"><net_src comp="382" pin="3"/><net_sink comp="1479" pin=0"/></net>

<net id="1483"><net_src comp="1479" pin="1"/><net_sink comp="312" pin=2"/></net>

<net id="1487"><net_src comp="389" pin="3"/><net_sink comp="1484" pin=0"/></net>

<net id="1488"><net_src comp="1484" pin="1"/><net_sink comp="322" pin=2"/></net>

<net id="1492"><net_src comp="396" pin="3"/><net_sink comp="1489" pin=0"/></net>

<net id="1493"><net_src comp="1489" pin="1"/><net_sink comp="252" pin=0"/></net>

<net id="1497"><net_src comp="403" pin="3"/><net_sink comp="1494" pin=0"/></net>

<net id="1498"><net_src comp="1494" pin="1"/><net_sink comp="262" pin=0"/></net>

<net id="1502"><net_src comp="410" pin="3"/><net_sink comp="1499" pin=0"/></net>

<net id="1503"><net_src comp="1499" pin="1"/><net_sink comp="272" pin=0"/></net>

<net id="1507"><net_src comp="417" pin="3"/><net_sink comp="1504" pin=0"/></net>

<net id="1508"><net_src comp="1504" pin="1"/><net_sink comp="282" pin=0"/></net>

<net id="1512"><net_src comp="424" pin="3"/><net_sink comp="1509" pin=0"/></net>

<net id="1513"><net_src comp="1509" pin="1"/><net_sink comp="292" pin=0"/></net>

<net id="1517"><net_src comp="431" pin="3"/><net_sink comp="1514" pin=0"/></net>

<net id="1518"><net_src comp="1514" pin="1"/><net_sink comp="302" pin=0"/></net>

<net id="1522"><net_src comp="438" pin="3"/><net_sink comp="1519" pin=0"/></net>

<net id="1523"><net_src comp="1519" pin="1"/><net_sink comp="312" pin=0"/></net>

<net id="1527"><net_src comp="445" pin="3"/><net_sink comp="1524" pin=0"/></net>

<net id="1528"><net_src comp="1524" pin="1"/><net_sink comp="322" pin=0"/></net>

<net id="1532"><net_src comp="580" pin="19"/><net_sink comp="1529" pin=0"/></net>

<net id="1533"><net_src comp="1529" pin="1"/><net_sink comp="572" pin=0"/></net>

<net id="1534"><net_src comp="1529" pin="1"/><net_sink comp="982" pin=0"/></net>

<net id="1535"><net_src comp="1529" pin="1"/><net_sink comp="1064" pin=1"/></net>

<net id="1539"><net_src comp="620" pin="19"/><net_sink comp="1536" pin=0"/></net>

<net id="1540"><net_src comp="1536" pin="1"/><net_sink comp="576" pin=0"/></net>

<net id="1541"><net_src comp="1536" pin="1"/><net_sink comp="1071" pin=0"/></net>

<net id="1542"><net_src comp="1536" pin="1"/><net_sink comp="1153" pin=1"/></net>

<net id="1546"><net_src comp="580" pin="19"/><net_sink comp="1543" pin=0"/></net>

<net id="1547"><net_src comp="1543" pin="1"/><net_sink comp="999" pin=0"/></net>

<net id="1548"><net_src comp="1543" pin="1"/><net_sink comp="572" pin=1"/></net>

<net id="1549"><net_src comp="1543" pin="1"/><net_sink comp="1064" pin=2"/></net>

<net id="1553"><net_src comp="620" pin="19"/><net_sink comp="1550" pin=0"/></net>

<net id="1554"><net_src comp="1550" pin="1"/><net_sink comp="1088" pin=0"/></net>

<net id="1555"><net_src comp="1550" pin="1"/><net_sink comp="576" pin=1"/></net>

<net id="1556"><net_src comp="1550" pin="1"/><net_sink comp="1153" pin=2"/></net>

<net id="1560"><net_src comp="979" pin="1"/><net_sink comp="1557" pin=0"/></net>

<net id="1561"><net_src comp="1557" pin="1"/><net_sink comp="1267" pin=1"/></net>

<net id="1565"><net_src comp="1064" pin="3"/><net_sink comp="1562" pin=0"/></net>

<net id="1566"><net_src comp="1562" pin="1"/><net_sink comp="1171" pin=0"/></net>

<net id="1567"><net_src comp="1562" pin="1"/><net_sink comp="572" pin=0"/></net>

<net id="1568"><net_src comp="1562" pin="1"/><net_sink comp="1253" pin=1"/></net>

<net id="1572"><net_src comp="1153" pin="3"/><net_sink comp="1569" pin=0"/></net>

<net id="1573"><net_src comp="1569" pin="1"/><net_sink comp="1188" pin=0"/></net>

<net id="1574"><net_src comp="1569" pin="1"/><net_sink comp="572" pin=1"/></net>

<net id="1575"><net_src comp="1569" pin="1"/><net_sink comp="1253" pin=2"/></net>

</net_list>

</model> 
---------------- Datapath Model END ------------------

* FSMD analyzer results:
  - Output states:
	Port: feat1_p | {6 }
	Port: feat1 | {}
	Port: feat1_3 | {}
	Port: feat1_4 | {}
	Port: feat1_5 | {}
	Port: feat1_6 | {}
	Port: feat1_7 | {}
	Port: feat1_8 | {}
	Port: feat1_9 | {}
	Port: feat1_p_10 | {6 }
	Port: feat1_p_11 | {6 }
	Port: feat1_p_12 | {6 }
	Port: feat1_p_13 | {6 }
	Port: feat1_p_14 | {6 }
	Port: feat1_p_15 | {6 }
	Port: feat1_p_16 | {6 }
 - Input state : 
	Port: cnn_accel_Pipeline_POOL1_ROW_POOL1_COL_POOL1_CH : feat1_p | {}
	Port: cnn_accel_Pipeline_POOL1_ROW_POOL1_COL_POOL1_CH : feat1 | {2 3 4 }
	Port: cnn_accel_Pipeline_POOL1_ROW_POOL1_COL_POOL1_CH : feat1_3 | {2 3 4 }
	Port: cnn_accel_Pipeline_POOL1_ROW_POOL1_COL_POOL1_CH : feat1_4 | {2 3 4 }
	Port: cnn_accel_Pipeline_POOL1_ROW_POOL1_COL_POOL1_CH : feat1_5 | {2 3 4 }
	Port: cnn_accel_Pipeline_POOL1_ROW_POOL1_COL_POOL1_CH : feat1_6 | {2 3 4 }
	Port: cnn_accel_Pipeline_POOL1_ROW_POOL1_COL_POOL1_CH : feat1_7 | {2 3 4 }
	Port: cnn_accel_Pipeline_POOL1_ROW_POOL1_COL_POOL1_CH : feat1_8 | {2 3 4 }
	Port: cnn_accel_Pipeline_POOL1_ROW_POOL1_COL_POOL1_CH : feat1_9 | {2 3 4 }
	Port: cnn_accel_Pipeline_POOL1_ROW_POOL1_COL_POOL1_CH : feat1_p_10 | {}
	Port: cnn_accel_Pipeline_POOL1_ROW_POOL1_COL_POOL1_CH : feat1_p_11 | {}
	Port: cnn_accel_Pipeline_POOL1_ROW_POOL1_COL_POOL1_CH : feat1_p_12 | {}
	Port: cnn_accel_Pipeline_POOL1_ROW_POOL1_COL_POOL1_CH : feat1_p_13 | {}
	Port: cnn_accel_Pipeline_POOL1_ROW_POOL1_COL_POOL1_CH : feat1_p_14 | {}
	Port: cnn_accel_Pipeline_POOL1_ROW_POOL1_COL_POOL1_CH : feat1_p_15 | {}
	Port: cnn_accel_Pipeline_POOL1_ROW_POOL1_COL_POOL1_CH : feat1_p_16 | {}
  - Chain level:
	State 1
		store_ln0 : 1
		store_ln124 : 1
		store_ln0 : 1
		store_ln126 : 1
		store_ln128 : 1
	State 2
		icmp_ln124 : 1
		add_ln124_1 : 1
		br_ln124 : 2
		add_ln124 : 1
		icmp_ln126 : 1
		select_ln124 : 2
		xor_ln124 : 2
		icmp_ln128 : 1
		and_ln124 : 2
		select_ln124_1 : 2
		add_ln126 : 3
		empty : 2
		m_1_mid2 : 2
		select_ln126 : 2
		tmp_s : 3
		tmp_33_cast : 4
		empty_72 : 5
		tmp_15 : 3
		tmp_35_cast : 4
		empty_75 : 5
		p_cast1 : 6
		feat1_addr : 7
		feat1_3_addr : 7
		feat1_4_addr : 7
		feat1_5_addr : 7
		feat1_6_addr : 7
		feat1_7_addr : 7
		feat1_8_addr : 7
		feat1_9_addr : 7
		tmp_16 : 3
		tmp_36_cast : 4
		empty_77 : 5
		p_cast3 : 6
		feat1_addr_2 : 7
		feat1_3_addr_2 : 7
		feat1_4_addr_2 : 7
		feat1_5_addr_2 : 7
		feat1_6_addr_2 : 7
		feat1_7_addr_2 : 7
		feat1_8_addr_2 : 7
		feat1_9_addr_2 : 7
		feat1_load : 8
		feat1_3_load : 8
		feat1_4_load : 8
		feat1_5_load : 8
		feat1_6_load : 8
		feat1_7_load : 8
		feat1_8_load : 8
		feat1_9_load : 8
		feat1_load_2 : 8
		feat1_3_load_2 : 8
		feat1_4_load_2 : 8
		feat1_5_load_2 : 8
		feat1_6_load_2 : 8
		feat1_7_load_2 : 8
		feat1_8_load_2 : 8
		feat1_9_load_2 : 8
		trunc_ln128 : 3
		switch_ln136 : 4
	State 3
		empty_71 : 1
		tmp_34_cast : 1
		empty_73 : 2
		empty_76 : 3
		p_cast2 : 4
		feat1_addr_1 : 5
		feat1_3_addr_1 : 5
		feat1_4_addr_1 : 5
		feat1_5_addr_1 : 5
		feat1_6_addr_1 : 5
		feat1_7_addr_1 : 5
		feat1_8_addr_1 : 5
		feat1_9_addr_1 : 5
		empty_78 : 3
		p_cast4 : 4
		feat1_addr_3 : 5
		feat1_3_addr_3 : 5
		feat1_4_addr_3 : 5
		feat1_5_addr_3 : 5
		feat1_6_addr_3 : 5
		feat1_7_addr_3 : 5
		feat1_8_addr_3 : 5
		feat1_9_addr_3 : 5
		feat1_load_1 : 6
		feat1_3_load_1 : 6
		feat1_4_load_1 : 6
		feat1_5_load_1 : 6
		feat1_6_load_1 : 6
		feat1_7_load_1 : 6
		feat1_8_load_1 : 6
		feat1_9_load_1 : 6
		feat1_load_3 : 6
		feat1_3_load_3 : 6
		feat1_4_load_3 : 6
		feat1_5_load_3 : 6
		feat1_6_load_3 : 6
		feat1_7_load_3 : 6
		feat1_8_load_3 : 6
		feat1_9_load_3 : 6
		m0 : 1
		m2 : 1
		select_ln126_1 : 1
		store_ln126 : 2
		store_ln128 : 1
	State 4
		m1 : 1
		m3 : 1
		tmp_4 : 2
		tmp_10 : 2
	State 5
		empty_74 : 1
		tmp_2 : 1
		trunc_ln134 : 1
		tmp_3 : 1
		trunc_ln134_1 : 1
		icmp_ln134 : 2
		icmp_ln134_1 : 2
		or_ln134 : 3
		icmp_ln134_2 : 2
		icmp_ln134_3 : 2
		or_ln134_1 : 3
		and_ln134 : 3
		and_ln134_1 : 3
		mx : 3
		tmp_5 : 1
		trunc_ln135 : 1
		tmp_6 : 1
		trunc_ln135_1 : 1
		icmp_ln135 : 2
		icmp_ln135_1 : 2
		or_ln135 : 3
		icmp_ln135_2 : 2
		icmp_ln135_3 : 2
		or_ln135_1 : 3
		and_ln135 : 3
		and_ln135_1 : 3
		my : 3
		tmp_13 : 4
	State 6
		p_cast : 1
		feat1_p_addr : 2
		feat1_p_10_addr : 2
		feat1_p_11_addr : 2
		feat1_p_12_addr : 2
		feat1_p_13_addr : 2
		feat1_p_14_addr : 2
		feat1_p_15_addr : 2
		feat1_p_16_addr : 2
		tmp_11 : 1
		trunc_ln136 : 1
		tmp_12 : 1
		trunc_ln136_1 : 1
		icmp_ln136_1 : 2
		icmp_ln136_2 : 2
		or_ln136 : 3
		icmp_ln136_3 : 2
		icmp_ln136_4 : 2
		or_ln136_1 : 3
		and_ln136 : 3
		and_ln136_1 : 3
		select_ln136 : 3
		store_ln136 : 4
		store_ln136 : 4
		store_ln136 : 4
		store_ln136 : 4
		store_ln136 : 4
		store_ln136 : 4
		store_ln136 : 4
		store_ln136 : 4


============================================================
+ Verbose Summary: Datapath Resource usage 
============================================================

* Functional unit list:
|----------|----------------------------|---------|---------|---------|
| Operation|       Functional Unit      |   DSP   |    FF   |   LUT   |
|----------|----------------------------|---------|---------|---------|
|          |      icmp_ln124_fu_691     |    0    |    0    |    25   |
|          |      icmp_ln126_fu_718     |    0    |    0    |    19   |
|          |      icmp_ln128_fu_738     |    0    |    0    |    13   |
|          |     icmp_ln134_fu_1016     |    0    |    0    |    15   |
|          |    icmp_ln134_1_fu_1022    |    0    |    0    |    30   |
|          |    icmp_ln134_2_fu_1034    |    0    |    0    |    15   |
|          |    icmp_ln134_3_fu_1040    |    0    |    0    |    30   |
|   icmp   |     icmp_ln135_fu_1105     |    0    |    0    |    15   |
|          |    icmp_ln135_1_fu_1111    |    0    |    0    |    30   |
|          |    icmp_ln135_2_fu_1123    |    0    |    0    |    15   |
|          |    icmp_ln135_3_fu_1129    |    0    |    0    |    30   |
|          |    icmp_ln136_1_fu_1205    |    0    |    0    |    15   |
|          |    icmp_ln136_2_fu_1211    |    0    |    0    |    30   |
|          |    icmp_ln136_3_fu_1223    |    0    |    0    |    15   |
|          |    icmp_ln136_4_fu_1229    |    0    |    0    |    30   |
|----------|----------------------------|---------|---------|---------|
|          |     add_ln124_1_fu_697     |    0    |    0    |    25   |
|          |      add_ln124_fu_712      |    0    |    0    |    14   |
|          |      add_ln126_fu_758      |    0    |    0    |    15   |
|          |       empty_75_fu_816      |    0    |    0    |    24   |
|    add   |       empty_77_fu_846      |    0    |    0    |    24   |
|          |       empty_76_fu_906      |    0    |    0    |    24   |
|          |       empty_78_fu_923      |    0    |    0    |    24   |
|          |      add_ln128_fu_940      |    0    |    0    |    13   |
|          |     add_ln126_2_fu_945     |    0    |    0    |    19   |
|----------|----------------------------|---------|---------|---------|
|          |     select_ln124_fu_724    |    0    |    0    |    8    |
|          |    select_ln124_1_fu_750   |    0    |    0    |    7    |
|          |       m_1_mid2_fu_770      |    0    |    0    |    4    |
|  select  |     select_ln126_fu_778    |    0    |    0    |    8    |
|          |    select_ln126_1_fu_950   |    0    |    0    |    12   |
|          |         mx_fu_1064         |    0    |    0    |    32   |
|          |         my_fu_1153         |    0    |    0    |    32   |
|          |    select_ln136_fu_1253    |    0    |    0    |    32   |
|----------|----------------------------|---------|---------|---------|
|    mul   |       empty_72_fu_798      |    0    |    0    |    63   |
|          |       empty_73_fu_900      |    0    |    0    |    63   |
|----------|----------------------------|---------|---------|---------|
| sparsemux|         grp_fu_580         |    0    |    0    |    33   |
|          |         grp_fu_620         |    0    |    0    |    33   |
|----------|----------------------------|---------|---------|---------|
|          |      and_ln124_fu_744      |    0    |    0    |    2    |
|          |      and_ln134_fu_1052     |    0    |    0    |    2    |
|          |     and_ln134_1_fu_1058    |    0    |    0    |    2    |
|    and   |      and_ln135_fu_1141     |    0    |    0    |    2    |
|          |     and_ln135_1_fu_1147    |    0    |    0    |    2    |
|          |      and_ln136_fu_1241     |    0    |    0    |    2    |
|          |     and_ln136_1_fu_1247    |    0    |    0    |    2    |
|----------|----------------------------|---------|---------|---------|
|          |        empty_fu_764        |    0    |    0    |    2    |
|          |      or_ln134_fu_1028      |    0    |    0    |    2    |
|          |     or_ln134_1_fu_1046     |    0    |    0    |    2    |
|    or    |      or_ln135_fu_1117      |    0    |    0    |    2    |
|          |     or_ln135_1_fu_1135     |    0    |    0    |    2    |
|          |      or_ln136_fu_1217      |    0    |    0    |    2    |
|          |     or_ln136_1_fu_1235     |    0    |    0    |    2    |
|----------|----------------------------|---------|---------|---------|
|    xor   |      xor_ln124_fu_732      |    0    |    0    |    2    |
|----------|----------------------------|---------|---------|---------|
|  muladd  |         grp_fu_1267        |    1    |    0    |    0    |
|----------|----------------------------|---------|---------|---------|
|   fcmp   |         grp_fu_572         |    0    |    0    |    0    |
|          |         grp_fu_576         |    0    |    0    |    0    |
|----------|----------------------------|---------|---------|---------|
|          |        tmp_s_fu_786        |    0    |    0    |    0    |
|bitconcatenate|        tmp_15_fu_804       |    0    |    0    |    0    |
|          |        tmp_16_fu_834       |    0    |    0    |    0    |
|          |        tmp_14_fu_889       |    0    |    0    |    0    |
|----------|----------------------------|---------|---------|---------|
|          |     tmp_33_cast_fu_794     |    0    |    0    |    0    |
|          |     tmp_35_cast_fu_812     |    0    |    0    |    0    |
|          |       p_cast1_fu_822       |    0    |    0    |    0    |
|          |     tmp_36_cast_fu_842     |    0    |    0    |    0    |
|          |       p_cast3_fu_852       |    0    |    0    |    0    |
|   zext   | select_ln124_1_cast_fu_886 |    0    |    0    |    0    |
|          |     tmp_34_cast_fu_896     |    0    |    0    |    0    |
|          |       p_cast2_fu_911       |    0    |    0    |    0    |
|          |       p_cast4_fu_928       |    0    |    0    |    0    |
|          |  select_ln126_cast_fu_979  |    0    |    0    |    0    |
|          |       p_cast_fu_1160       |    0    |    0    |    0    |
|----------|----------------------------|---------|---------|---------|
|          |     trunc_ln128_fu_864     |    0    |    0    |    0    |
|          |     trunc_ln134_fu_995     |    0    |    0    |    0    |
|          |    trunc_ln134_1_fu_1012   |    0    |    0    |    0    |
|   trunc  |     trunc_ln135_fu_1084    |    0    |    0    |    0    |
|          |    trunc_ln135_1_fu_1101   |    0    |    0    |    0    |
|          |     trunc_ln136_fu_1184    |    0    |    0    |    0    |
|          |    trunc_ln136_1_fu_1201   |    0    |    0    |    0    |
|----------|----------------------------|---------|---------|---------|
|  switch  |     switch_ln136_fu_868    |    0    |    0    |    0    |
|----------|----------------------------|---------|---------|---------|
|          |        tmp_2_fu_985        |    0    |    0    |    0    |
|          |        tmp_3_fu_1002       |    0    |    0    |    0    |
|partselect|        tmp_5_fu_1074       |    0    |    0    |    0    |
|          |        tmp_6_fu_1091       |    0    |    0    |    0    |
|          |       tmp_11_fu_1174       |    0    |    0    |    0    |
|          |       tmp_12_fu_1191       |    0    |    0    |    0    |
|----------|----------------------------|---------|---------|---------|
|   Total  |                            |    1    |    0    |   866   |
|----------|----------------------------|---------|---------|---------|

Memories:
N/A

* Register list:
+------------------------------+--------+
|                              |   FF   |
+------------------------------+--------+
|     add_ln124_1_reg_1320     |   18   |
|    feat1_3_addr_1_reg_1454   |   17   |
|    feat1_3_addr_2_reg_1403   |   17   |
|    feat1_3_addr_3_reg_1494   |   17   |
|     feat1_3_addr_reg_1358    |   17   |
|    feat1_4_addr_1_reg_1459   |   17   |
|    feat1_4_addr_2_reg_1408   |   17   |
|    feat1_4_addr_3_reg_1499   |   17   |
|     feat1_4_addr_reg_1363    |   17   |
|    feat1_5_addr_1_reg_1464   |   17   |
|    feat1_5_addr_2_reg_1413   |   17   |
|    feat1_5_addr_3_reg_1504   |   17   |
|     feat1_5_addr_reg_1368    |   17   |
|    feat1_6_addr_1_reg_1469   |   17   |
|    feat1_6_addr_2_reg_1418   |   17   |
|    feat1_6_addr_3_reg_1509   |   17   |
|     feat1_6_addr_reg_1373    |   17   |
|    feat1_7_addr_1_reg_1474   |   17   |
|    feat1_7_addr_2_reg_1423   |   17   |
|    feat1_7_addr_3_reg_1514   |   17   |
|     feat1_7_addr_reg_1378    |   17   |
|    feat1_8_addr_1_reg_1479   |   17   |
|    feat1_8_addr_2_reg_1428   |   17   |
|    feat1_8_addr_3_reg_1519   |   17   |
|     feat1_8_addr_reg_1383    |   17   |
|    feat1_9_addr_1_reg_1484   |   17   |
|    feat1_9_addr_2_reg_1433   |   17   |
|    feat1_9_addr_3_reg_1524   |   17   |
|     feat1_9_addr_reg_1388    |   17   |
|     feat1_addr_1_reg_1449    |   17   |
|     feat1_addr_2_reg_1398    |   17   |
|     feat1_addr_3_reg_1489    |   17   |
|      feat1_addr_reg_1353     |   17   |
|          i_reg_1297          |    7   |
|      icmp_ln124_reg_1316     |    1   |
|      icmp_ln126_reg_1325     |    1   |
|indvar_flatten55_load_reg_1311|   12   |
|   indvar_flatten55_reg_1290  |   12   |
|   indvar_flatten68_reg_1304  |   18   |
|          j_reg_1283          |    8   |
|          m0_reg_1529         |   32   |
|          m1_reg_1543         |   32   |
|          m2_reg_1536         |   32   |
|          m3_reg_1550         |   32   |
|       m_1_mid2_reg_1337      |    4   |
|          m_reg_1276          |    4   |
|          mx_reg_1562         |   32   |
|          my_reg_1569         |   32   |
| select_ln124_1_cast_reg_1444 |   15   |
|    select_ln124_1_reg_1330   |    7   |
|  select_ln126_cast_reg_1557  |   15   |
|     select_ln126_reg_1342    |    8   |
|     tmp_35_cast_reg_1348     |   17   |
|     tmp_36_cast_reg_1393     |   17   |
|     trunc_ln128_reg_1438     |    3   |
+------------------------------+--------+
|             Total            |   903  |
+------------------------------+--------+

* Multiplexer (MUX) list: 
|-------------------|------|------|------|--------||---------||---------||---------|
|        Comp       |  Pin | Size |  BW  | S x BW ||  Delay  ||    FF   ||   LUT   |
|-------------------|------|------|------|--------||---------||---------||---------|
| grp_access_fu_252 |  p0  |   4  |  17  |   68   ||    0    ||    17   |
| grp_access_fu_252 |  p2  |   4  |   0  |    0   ||    0    ||    17   |
| grp_access_fu_262 |  p0  |   4  |  17  |   68   ||    0    ||    17   |
| grp_access_fu_262 |  p2  |   4  |   0  |    0   ||    0    ||    17   |
| grp_access_fu_272 |  p0  |   4  |  17  |   68   ||    0    ||    17   |
| grp_access_fu_272 |  p2  |   4  |   0  |    0   ||    0    ||    17   |
| grp_access_fu_282 |  p0  |   4  |  17  |   68   ||    0    ||    17   |
| grp_access_fu_282 |  p2  |   4  |   0  |    0   ||    0    ||    17   |
| grp_access_fu_292 |  p0  |   4  |  17  |   68   ||    0    ||    17   |
| grp_access_fu_292 |  p2  |   4  |   0  |    0   ||    0    ||    17   |
| grp_access_fu_302 |  p0  |   4  |  17  |   68   ||    0    ||    17   |
| grp_access_fu_302 |  p2  |   4  |   0  |    0   ||    0    ||    17   |
| grp_access_fu_312 |  p0  |   4  |  17  |   68   ||    0    ||    17   |
| grp_access_fu_312 |  p2  |   4  |   0  |    0   ||    0    ||    17   |
| grp_access_fu_322 |  p0  |   4  |  17  |   68   ||    0    ||    17   |
| grp_access_fu_322 |  p2  |   4  |   0  |    0   ||    0    ||    17   |
|     grp_fu_572    |  p0  |   3  |  32  |   96   ||    0    ||    13   |
|     grp_fu_572    |  p1  |   4  |  32  |   128  ||    0    ||    17   |
|     grp_fu_576    |  p1  |   2  |  32  |   64   ||    0    ||    9    |
|    grp_fu_1267    |  p0  |   2  |   8  |   16   ||    0    ||    9    |
|    grp_fu_1267    |  p1  |   2  |   7  |   14   ||    0    ||    9    |
|-------------------|------|------|------|--------||---------||---------||---------|
|       Total       |      |      |      |   862  || 28.6865 ||    0    ||   329   |
|-------------------|------|------|------|--------||---------||---------||---------|



* Summary:
+-----------+--------+--------+--------+--------+
|           |   DSP  |  Delay |   FF   |   LUT  |
+-----------+--------+--------+--------+--------+
|  Function |    1   |    -   |    0   |   866  |
|   Memory  |    -   |    -   |    -   |    -   |
|Multiplexer|    -   |   28   |    0   |   329  |
|  Register |    -   |    -   |   903  |    -   |
+-----------+--------+--------+--------+--------+
|   Total   |    1   |   28   |   903  |  1195  |
+-----------+--------+--------+--------+--------+
