

================================================================
== Vitis HLS Report for 'cnn_accel_Pipeline_POOL2_ROW_POOL2_COL_POOL2_CH'
================================================================
* Date:           Fri Jul  4 17:05:29 2025

* Version:        2025.1 (Build 6135595 on May 21 2025)
* Project:        cnn_accel
* Solution:       hls (Vivado IP Flow Target)
* Product family: artix7
* Target device:  xc7a100t-fgg484-2L


================================================================
== Performance Estimates
================================================================
+ Timing: 
    * Summary: 
    +--------+----------+-----------+------------+
    |  Clock |  Target  | Estimated | Uncertainty|
    +--------+----------+-----------+------------+
    |ap_clk  |  20.00 ns|  10.503 ns|     5.40 ns|
    +--------+----------+-----------+------------+

+ Latency: 
    * Summary: 
    +---------+---------+----------+----------+--------+--------+------------------------------------------------+
    |  Latency (cycles) |  Latency (absolute) |     Interval    |                    Pipeline                    |
    |   min   |   max   |    min   |    max   |   min  |   max  |                      Type                      |
    +---------+---------+----------+----------+--------+--------+------------------------------------------------+
    |   144772|   144772|  2.895 ms|  2.895 ms|  144770|  144770|  loop auto-rewind stp (delay=0 clock cycles(s))|
    +---------+---------+----------+----------+--------+--------+------------------------------------------------+

    + Detail: 
        * Instance: 
        N/A

        * Loop: 
        +--------------------------------+---------+---------+----------+-----------+-----------+-------+----------+
        |                                |  Latency (cycles) | Iteration|  Initiation Interval  |  Trip |          |
        |            Loop Name           |   min   |   max   |  Latency |  achieved |   target  | Count | Pipelined|
        +--------------------------------+---------+---------+----------+-----------+-----------+-------+----------+
        |- POOL2_ROW_POOL2_COL_POOL2_CH  |   144770|   144770|         5|          2|          1|  72384|       yes|
        +--------------------------------+---------+---------+----------+-----------+-----------+-------+----------+



================================================================
== Utilization Estimates
================================================================
* Summary: 
+-----------------+---------+-----+--------+-------+-----+
|       Name      | BRAM_18K| DSP |   FF   |  LUT  | URAM|
+-----------------+---------+-----+--------+-------+-----+
|DSP              |        -|    1|       -|      -|    -|
|Expression       |        -|    -|       0|    664|    -|
|FIFO             |        -|    -|       -|      -|    -|
|Instance         |        -|    0|       0|    230|    -|
|Memory           |        -|    -|       -|      -|    -|
|Multiplexer      |        -|    -|       0|    527|    -|
|Register         |        -|    -|     324|      -|    -|
+-----------------+---------+-----+--------+-------+-----+
|Total            |        0|    1|     324|   1421|    0|
+-----------------+---------+-----+--------+-------+-----+
|Available        |      270|  240|  126800|  63400|    0|
+-----------------+---------+-----+--------+-------+-----+
|Utilization (%)  |        0|   ~0|      ~0|      2|    0|
+-----------------+---------+-----+--------+-------+-----+

+ Detail: 
    * Instance: 
    +---------------------------+-----------------------+---------+----+---+----+-----+
    |          Instance         |         Module        | BRAM_18K| DSP| FF| LUT| URAM|
    +---------------------------+-----------------------+---------+----+---+----+-----+
    |mul_7ns_9ns_15_1_1_U98     |mul_7ns_9ns_15_1_1     |        0|   0|  0|  50|    0|
    |mul_7ns_9ns_15_1_1_U99     |mul_7ns_9ns_15_1_1     |        0|   0|  0|  50|    0|
    |sparsemux_33_4_32_1_1_U96  |sparsemux_33_4_32_1_1  |        0|   0|  0|  65|    0|
    |sparsemux_33_4_32_1_1_U97  |sparsemux_33_4_32_1_1  |        0|   0|  0|  65|    0|
    +---------------------------+-----------------------+---------+----+---+----+-----+
    |Total                      |                       |        0|   0|  0| 230|    0|
    +---------------------------+-----------------------+---------+----+---+----+-----+

    * DSP: 
    +------------------------------------+-------------------------------+--------------+
    |              Instance              |             Module            |  Expression  |
    +------------------------------------+-------------------------------+--------------+
    |mac_muladd_7ns_6ns_7ns_13_4_1_U100  |mac_muladd_7ns_6ns_7ns_13_4_1  |  i0 * i1 + i2|
    +------------------------------------+-------------------------------+--------------+

    * Memory: 
    N/A

    * FIFO: 
    N/A

    * Expression: 
    +---------------------------+----------+----+---+----+------------+------------+
    |       Variable Name       | Operation| DSP| FF| LUT| Bitwidth P0| Bitwidth P1|
    +---------------------------+----------+----+---+----+------------+------------+
    |add_ln168_1_fu_1241_p2     |         +|   0|  0|  24|          17|           1|
    |add_ln168_fu_1256_p2       |         +|   0|  0|  14|           6|           1|
    |add_ln170_1_fu_1537_p2     |         +|   0|  0|  19|          12|           1|
    |add_ln170_fu_1302_p2       |         +|   0|  0|  14|           7|           1|
    |add_ln172_fu_1532_p2       |         +|   0|  0|  13|           5|           1|
    |empty_62_fu_1360_p2        |         +|   0|  0|  22|          15|          15|
    |empty_63_fu_1482_p2        |         +|   0|  0|  22|          15|          15|
    |empty_64_fu_1398_p2        |         +|   0|  0|  22|          15|          15|
    |empty_65_fu_1507_p2        |         +|   0|  0|  22|          15|          15|
    |and_ln168_fu_1288_p2       |       and|   0|  0|   2|           1|           1|
    |and_ln178_1_fu_1650_p2     |       and|   0|  0|   2|           1|           1|
    |and_ln178_fu_1644_p2       |       and|   0|  0|   2|           1|           1|
    |and_ln179_1_fu_1739_p2     |       and|   0|  0|   2|           1|           1|
    |and_ln179_fu_1733_p2       |       and|   0|  0|   2|           1|           1|
    |and_ln180_1_fu_1847_p2     |       and|   0|  0|   2|           1|           1|
    |and_ln180_fu_1841_p2       |       and|   0|  0|   2|           1|           1|
    |icmp_ln168_fu_1235_p2      |      icmp|   0|  0|  24|          17|          17|
    |icmp_ln170_fu_1262_p2      |      icmp|   0|  0|  19|          12|          11|
    |icmp_ln172_fu_1282_p2      |      icmp|   0|  0|  14|           5|           6|
    |icmp_ln178_1_fu_1614_p2    |      icmp|   0|  0|  30|          23|           1|
    |icmp_ln178_2_fu_1626_p2    |      icmp|   0|  0|  15|           8|           2|
    |icmp_ln178_3_fu_1632_p2    |      icmp|   0|  0|  30|          23|           1|
    |icmp_ln178_fu_1608_p2      |      icmp|   0|  0|  15|           8|           2|
    |icmp_ln179_1_fu_1703_p2    |      icmp|   0|  0|  30|          23|           1|
    |icmp_ln179_2_fu_1715_p2    |      icmp|   0|  0|  15|           8|           2|
    |icmp_ln179_3_fu_1721_p2    |      icmp|   0|  0|  30|          23|           1|
    |icmp_ln179_fu_1697_p2      |      icmp|   0|  0|  15|           8|           2|
    |icmp_ln180_1_fu_1805_p2    |      icmp|   0|  0|  15|           8|           2|
    |icmp_ln180_2_fu_1811_p2    |      icmp|   0|  0|  30|          23|           1|
    |icmp_ln180_3_fu_1823_p2    |      icmp|   0|  0|  15|           8|           2|
    |icmp_ln180_4_fu_1829_p2    |      icmp|   0|  0|  30|          23|           1|
    |empty_fu_1308_p2           |        or|   0|  0|   2|           1|           1|
    |or_ln178_1_fu_1638_p2      |        or|   0|  0|   2|           1|           1|
    |or_ln178_fu_1620_p2        |        or|   0|  0|   2|           1|           1|
    |or_ln179_1_fu_1727_p2      |        or|   0|  0|   2|           1|           1|
    |or_ln179_fu_1709_p2        |        or|   0|  0|   2|           1|           1|
    |or_ln180_1_fu_1835_p2      |        or|   0|  0|   2|           1|           1|
    |or_ln180_fu_1817_p2        |        or|   0|  0|   2|           1|           1|
    |m_3_mid2_fu_1314_p3        |    select|   0|  0|   5|           1|           1|
    |mx_fu_1656_p3              |    select|   0|  0|  32|           1|          32|
    |my_fu_1745_p3              |    select|   0|  0|  32|           1|          32|
    |select_ln168_1_fu_1294_p3  |    select|   0|  0|   6|           1|           6|
    |select_ln168_fu_1268_p3    |    select|   0|  0|   7|           1|           1|
    |select_ln170_1_fu_1542_p3  |    select|   0|  0|  12|           1|           1|
    |select_ln170_fu_1322_p3    |    select|   0|  0|   7|           1|           7|
    |select_ln180_fu_1853_p3    |    select|   0|  0|  32|           1|          32|
    |ap_enable_pp0              |       xor|   0|  0|   2|           1|           2|
    |xor_ln168_fu_1276_p2       |       xor|   0|  0|   2|           1|           2|
    +---------------------------+----------+----+---+----+------------+------------+
    |Total                      |          |   0|  0| 664|         351|         247|
    +---------------------------+----------+----+---+----+------------+------------+

    * Multiplexer: 
    +-----------------------------------------+----+-----------+-----+-----------+
    |                   Name                  | LUT| Input Size| Bits| Total Bits|
    +-----------------------------------------+----+-----------+-----+-----------+
    |ap_NS_fsm                                |  13|          3|    1|          3|
    |ap_done_int                              |   9|          2|    1|          2|
    |ap_enable_reg_pp0_iter0                  |   9|          2|    1|          2|
    |ap_enable_reg_pp0_iter1                  |   9|          2|    1|          2|
    |feat2_17_address0_local                  |  13|          3|   15|         45|
    |feat2_17_address1_local                  |  13|          3|   15|         45|
    |feat2_18_address0_local                  |  13|          3|   15|         45|
    |feat2_18_address1_local                  |  13|          3|   15|         45|
    |feat2_19_address0_local                  |  13|          3|   15|         45|
    |feat2_19_address1_local                  |  13|          3|   15|         45|
    |feat2_20_address0_local                  |  13|          3|   15|         45|
    |feat2_20_address1_local                  |  13|          3|   15|         45|
    |feat2_21_address0_local                  |  13|          3|   15|         45|
    |feat2_21_address1_local                  |  13|          3|   15|         45|
    |feat2_22_address0_local                  |  13|          3|   15|         45|
    |feat2_22_address1_local                  |  13|          3|   15|         45|
    |feat2_23_address0_local                  |  13|          3|   15|         45|
    |feat2_23_address1_local                  |  13|          3|   15|         45|
    |feat2_24_address0_local                  |  13|          3|   15|         45|
    |feat2_24_address1_local                  |  13|          3|   15|         45|
    |feat2_25_address0_local                  |  13|          3|   15|         45|
    |feat2_25_address1_local                  |  13|          3|   15|         45|
    |feat2_address0_local                     |  13|          3|   15|         45|
    |feat2_address1_local                     |  13|          3|   15|         45|
    |grp_fu_1052_p0                           |  13|          3|   32|         96|
    |grp_fu_1052_p1                           |  13|          3|   32|         96|
    |i_fu_180                                 |   9|          2|    6|         12|
    |indvar_flatten110_fu_184                 |   9|          2|   17|         34|
    |indvar_flatten97_fu_176                  |   9|          2|   12|         24|
    |j_fu_172                                 |   9|          2|    7|         14|
    |m_fu_168                                 |   9|          2|    5|         10|
    |p_ZZ9cnn_accelE5feat2_10_address0_local  |  13|          3|   15|         45|
    |p_ZZ9cnn_accelE5feat2_10_address1_local  |  13|          3|   15|         45|
    |p_ZZ9cnn_accelE5feat2_11_address0_local  |  13|          3|   15|         45|
    |p_ZZ9cnn_accelE5feat2_11_address1_local  |  13|          3|   15|         45|
    |p_ZZ9cnn_accelE5feat2_12_address0_local  |  13|          3|   15|         45|
    |p_ZZ9cnn_accelE5feat2_12_address1_local  |  13|          3|   15|         45|
    |p_ZZ9cnn_accelE5feat2_13_address0_local  |  13|          3|   15|         45|
    |p_ZZ9cnn_accelE5feat2_13_address1_local  |  13|          3|   15|         45|
    |p_ZZ9cnn_accelE5feat2_14_address0_local  |  13|          3|   15|         45|
    |p_ZZ9cnn_accelE5feat2_14_address1_local  |  13|          3|   15|         45|
    |p_ZZ9cnn_accelE5feat2_15_address0_local  |  13|          3|   15|         45|
    |p_ZZ9cnn_accelE5feat2_15_address1_local  |  13|          3|   15|         45|
    +-----------------------------------------+----+-----------+-----+-----------+
    |Total                                    | 527|        121|  595|       1735|
    +-----------------------------------------+----+-----------+-----+-----------+

    * Register: 
    +-------------------------------------+----+----+-----+-----------+
    |                 Name                | FF | LUT| Bits| Const Bits|
    +-------------------------------------+----+----+-----+-----------+
    |add_ln168_1_reg_1928                 |  17|   0|   17|          0|
    |ap_CS_fsm                            |   2|   0|    2|          0|
    |ap_done_reg                          |   1|   0|    1|          0|
    |ap_enable_reg_pp0_iter0_reg          |   1|   0|    1|          0|
    |ap_enable_reg_pp0_iter1              |   1|   0|    1|          0|
    |ap_enable_reg_pp0_iter2              |   1|   0|    1|          0|
    |ap_loop_exit_ready_pp0_iter1_reg     |   1|   0|    1|          0|
    |i_fu_180                             |   6|   0|    6|          0|
    |icmp_ln168_reg_1924                  |   1|   0|    1|          0|
    |icmp_ln170_reg_1933                  |   1|   0|    1|          0|
    |indvar_flatten110_fu_184             |  17|   0|   17|          0|
    |indvar_flatten97_fu_176              |  12|   0|   12|          0|
    |indvar_flatten97_load_reg_1919       |  12|   0|   12|          0|
    |j_fu_172                             |   7|   0|    7|          0|
    |m0_reg_2297                          |  32|   0|   32|          0|
    |m1_reg_2311                          |  32|   0|   32|          0|
    |m2_reg_2304                          |  32|   0|   32|          0|
    |m3_reg_2318                          |  32|   0|   32|          0|
    |m_3_mid2_reg_1945                    |   5|   0|    5|          0|
    |m_fu_168                             |   5|   0|    5|          0|
    |mx_reg_2330                          |  32|   0|   32|          0|
    |my_reg_2337                          |  32|   0|   32|          0|
    |select_ln168_1_reg_1938              |   6|   0|    6|          0|
    |select_ln170_reg_1950                |   7|   0|    7|          0|
    |select_ln170_reg_1950_pp0_iter1_reg  |   7|   0|    7|          0|
    |tmp_39_cast_reg_1956                 |   7|   0|   15|          8|
    |tmp_40_cast_reg_2041                 |   7|   0|   15|          8|
    |trunc_ln172_reg_2126                 |   4|   0|    4|          0|
    |trunc_ln172_reg_2126_pp0_iter1_reg   |   4|   0|    4|          0|
    +-------------------------------------+----+----+-----+-----------+
    |Total                                | 324|   0|  340|         16|
    +-------------------------------------+----+----+-----+-----------+



================================================================
== Interface
================================================================
* Summary: 
+-------------------------------------+-----+-----+------------+-------------------------------------------------+--------------+
|              RTL Ports              | Dir | Bits|  Protocol  |                  Source Object                  |    C Type    |
+-------------------------------------+-----+-----+------------+-------------------------------------------------+--------------+
|ap_clk                               |   in|    1|  ap_ctrl_hs|  cnn_accel_Pipeline_POOL2_ROW_POOL2_COL_POOL2_CH|  return value|
|ap_rst                               |   in|    1|  ap_ctrl_hs|  cnn_accel_Pipeline_POOL2_ROW_POOL2_COL_POOL2_CH|  return value|
|ap_start                             |   in|    1|  ap_ctrl_hs|  cnn_accel_Pipeline_POOL2_ROW_POOL2_COL_POOL2_CH|  return value|
|ap_done                              |  out|    1|  ap_ctrl_hs|  cnn_accel_Pipeline_POOL2_ROW_POOL2_COL_POOL2_CH|  return value|
|ap_idle                              |  out|    1|  ap_ctrl_hs|  cnn_accel_Pipeline_POOL2_ROW_POOL2_COL_POOL2_CH|  return value|
|ap_ready                             |  out|    1|  ap_ctrl_hs|  cnn_accel_Pipeline_POOL2_ROW_POOL2_COL_POOL2_CH|  return value|
|grp_fu_1278_p_din0                   |  out|   32|  ap_ctrl_hs|  cnn_accel_Pipeline_POOL2_ROW_POOL2_COL_POOL2_CH|  return value|
|grp_fu_1278_p_din1                   |  out|   32|  ap_ctrl_hs|  cnn_accel_Pipeline_POOL2_ROW_POOL2_COL_POOL2_CH|  return value|
|grp_fu_1278_p_opcode                 |  out|    5|  ap_ctrl_hs|  cnn_accel_Pipeline_POOL2_ROW_POOL2_COL_POOL2_CH|  return value|
|grp_fu_1278_p_dout0                  |   in|    1|  ap_ctrl_hs|  cnn_accel_Pipeline_POOL2_ROW_POOL2_COL_POOL2_CH|  return value|
|grp_fu_1278_p_ce                     |  out|    1|  ap_ctrl_hs|  cnn_accel_Pipeline_POOL2_ROW_POOL2_COL_POOL2_CH|  return value|
|grp_fu_2863_p_din0                   |  out|   32|  ap_ctrl_hs|  cnn_accel_Pipeline_POOL2_ROW_POOL2_COL_POOL2_CH|  return value|
|grp_fu_2863_p_din1                   |  out|   32|  ap_ctrl_hs|  cnn_accel_Pipeline_POOL2_ROW_POOL2_COL_POOL2_CH|  return value|
|grp_fu_2863_p_opcode                 |  out|    5|  ap_ctrl_hs|  cnn_accel_Pipeline_POOL2_ROW_POOL2_COL_POOL2_CH|  return value|
|grp_fu_2863_p_dout0                  |   in|    1|  ap_ctrl_hs|  cnn_accel_Pipeline_POOL2_ROW_POOL2_COL_POOL2_CH|  return value|
|grp_fu_2863_p_ce                     |  out|    1|  ap_ctrl_hs|  cnn_accel_Pipeline_POOL2_ROW_POOL2_COL_POOL2_CH|  return value|
|feat2_p_address0                     |  out|   13|   ap_memory|                                          feat2_p|         array|
|feat2_p_ce0                          |  out|    1|   ap_memory|                                          feat2_p|         array|
|feat2_p_we0                          |  out|    1|   ap_memory|                                          feat2_p|         array|
|feat2_p_d0                           |  out|   32|   ap_memory|                                          feat2_p|         array|
|feat2_address0                       |  out|   15|   ap_memory|                                            feat2|         array|
|feat2_ce0                            |  out|    1|   ap_memory|                                            feat2|         array|
|feat2_q0                             |   in|   32|   ap_memory|                                            feat2|         array|
|feat2_address1                       |  out|   15|   ap_memory|                                            feat2|         array|
|feat2_ce1                            |  out|    1|   ap_memory|                                            feat2|         array|
|feat2_q1                             |   in|   32|   ap_memory|                                            feat2|         array|
|feat2_17_address0                    |  out|   15|   ap_memory|                                         feat2_17|         array|
|feat2_17_ce0                         |  out|    1|   ap_memory|                                         feat2_17|         array|
|feat2_17_q0                          |   in|   32|   ap_memory|                                         feat2_17|         array|
|feat2_17_address1                    |  out|   15|   ap_memory|                                         feat2_17|         array|
|feat2_17_ce1                         |  out|    1|   ap_memory|                                         feat2_17|         array|
|feat2_17_q1                          |   in|   32|   ap_memory|                                         feat2_17|         array|
|feat2_18_address0                    |  out|   15|   ap_memory|                                         feat2_18|         array|
|feat2_18_ce0                         |  out|    1|   ap_memory|                                         feat2_18|         array|
|feat2_18_q0                          |   in|   32|   ap_memory|                                         feat2_18|         array|
|feat2_18_address1                    |  out|   15|   ap_memory|                                         feat2_18|         array|
|feat2_18_ce1                         |  out|    1|   ap_memory|                                         feat2_18|         array|
|feat2_18_q1                          |   in|   32|   ap_memory|                                         feat2_18|         array|
|feat2_19_address0                    |  out|   15|   ap_memory|                                         feat2_19|         array|
|feat2_19_ce0                         |  out|    1|   ap_memory|                                         feat2_19|         array|
|feat2_19_q0                          |   in|   32|   ap_memory|                                         feat2_19|         array|
|feat2_19_address1                    |  out|   15|   ap_memory|                                         feat2_19|         array|
|feat2_19_ce1                         |  out|    1|   ap_memory|                                         feat2_19|         array|
|feat2_19_q1                          |   in|   32|   ap_memory|                                         feat2_19|         array|
|feat2_20_address0                    |  out|   15|   ap_memory|                                         feat2_20|         array|
|feat2_20_ce0                         |  out|    1|   ap_memory|                                         feat2_20|         array|
|feat2_20_q0                          |   in|   32|   ap_memory|                                         feat2_20|         array|
|feat2_20_address1                    |  out|   15|   ap_memory|                                         feat2_20|         array|
|feat2_20_ce1                         |  out|    1|   ap_memory|                                         feat2_20|         array|
|feat2_20_q1                          |   in|   32|   ap_memory|                                         feat2_20|         array|
|feat2_21_address0                    |  out|   15|   ap_memory|                                         feat2_21|         array|
|feat2_21_ce0                         |  out|    1|   ap_memory|                                         feat2_21|         array|
|feat2_21_q0                          |   in|   32|   ap_memory|                                         feat2_21|         array|
|feat2_21_address1                    |  out|   15|   ap_memory|                                         feat2_21|         array|
|feat2_21_ce1                         |  out|    1|   ap_memory|                                         feat2_21|         array|
|feat2_21_q1                          |   in|   32|   ap_memory|                                         feat2_21|         array|
|feat2_22_address0                    |  out|   15|   ap_memory|                                         feat2_22|         array|
|feat2_22_ce0                         |  out|    1|   ap_memory|                                         feat2_22|         array|
|feat2_22_q0                          |   in|   32|   ap_memory|                                         feat2_22|         array|
|feat2_22_address1                    |  out|   15|   ap_memory|                                         feat2_22|         array|
|feat2_22_ce1                         |  out|    1|   ap_memory|                                         feat2_22|         array|
|feat2_22_q1                          |   in|   32|   ap_memory|                                         feat2_22|         array|
|feat2_23_address0                    |  out|   15|   ap_memory|                                         feat2_23|         array|
|feat2_23_ce0                         |  out|    1|   ap_memory|                                         feat2_23|         array|
|feat2_23_q0                          |   in|   32|   ap_memory|                                         feat2_23|         array|
|feat2_23_address1                    |  out|   15|   ap_memory|                                         feat2_23|         array|
|feat2_23_ce1                         |  out|    1|   ap_memory|                                         feat2_23|         array|
|feat2_23_q1                          |   in|   32|   ap_memory|                                         feat2_23|         array|
|feat2_24_address0                    |  out|   15|   ap_memory|                                         feat2_24|         array|
|feat2_24_ce0                         |  out|    1|   ap_memory|                                         feat2_24|         array|
|feat2_24_q0                          |   in|   32|   ap_memory|                                         feat2_24|         array|
|feat2_24_address1                    |  out|   15|   ap_memory|                                         feat2_24|         array|
|feat2_24_ce1                         |  out|    1|   ap_memory|                                         feat2_24|         array|
|feat2_24_q1                          |   in|   32|   ap_memory|                                         feat2_24|         array|
|feat2_25_address0                    |  out|   15|   ap_memory|                                         feat2_25|         array|
|feat2_25_ce0                         |  out|    1|   ap_memory|                                         feat2_25|         array|
|feat2_25_q0                          |   in|   32|   ap_memory|                                         feat2_25|         array|
|feat2_25_address1                    |  out|   15|   ap_memory|                                         feat2_25|         array|
|feat2_25_ce1                         |  out|    1|   ap_memory|                                         feat2_25|         array|
|feat2_25_q1                          |   in|   32|   ap_memory|                                         feat2_25|         array|
|p_ZZ9cnn_accelE5feat2_10_address0    |  out|   15|   ap_memory|                         p_ZZ9cnn_accelE5feat2_10|         array|
|p_ZZ9cnn_accelE5feat2_10_ce0         |  out|    1|   ap_memory|                         p_ZZ9cnn_accelE5feat2_10|         array|
|p_ZZ9cnn_accelE5feat2_10_q0          |   in|   32|   ap_memory|                         p_ZZ9cnn_accelE5feat2_10|         array|
|p_ZZ9cnn_accelE5feat2_10_address1    |  out|   15|   ap_memory|                         p_ZZ9cnn_accelE5feat2_10|         array|
|p_ZZ9cnn_accelE5feat2_10_ce1         |  out|    1|   ap_memory|                         p_ZZ9cnn_accelE5feat2_10|         array|
|p_ZZ9cnn_accelE5feat2_10_q1          |   in|   32|   ap_memory|                         p_ZZ9cnn_accelE5feat2_10|         array|
|p_ZZ9cnn_accelE5feat2_11_address0    |  out|   15|   ap_memory|                         p_ZZ9cnn_accelE5feat2_11|         array|
|p_ZZ9cnn_accelE5feat2_11_ce0         |  out|    1|   ap_memory|                         p_ZZ9cnn_accelE5feat2_11|         array|
|p_ZZ9cnn_accelE5feat2_11_q0          |   in|   32|   ap_memory|                         p_ZZ9cnn_accelE5feat2_11|         array|
|p_ZZ9cnn_accelE5feat2_11_address1    |  out|   15|   ap_memory|                         p_ZZ9cnn_accelE5feat2_11|         array|
|p_ZZ9cnn_accelE5feat2_11_ce1         |  out|    1|   ap_memory|                         p_ZZ9cnn_accelE5feat2_11|         array|
|p_ZZ9cnn_accelE5feat2_11_q1          |   in|   32|   ap_memory|                         p_ZZ9cnn_accelE5feat2_11|         array|
|p_ZZ9cnn_accelE5feat2_12_address0    |  out|   15|   ap_memory|                         p_ZZ9cnn_accelE5feat2_12|         array|
|p_ZZ9cnn_accelE5feat2_12_ce0         |  out|    1|   ap_memory|                         p_ZZ9cnn_accelE5feat2_12|         array|
|p_ZZ9cnn_accelE5feat2_12_q0          |   in|   32|   ap_memory|                         p_ZZ9cnn_accelE5feat2_12|         array|
|p_ZZ9cnn_accelE5feat2_12_address1    |  out|   15|   ap_memory|                         p_ZZ9cnn_accelE5feat2_12|         array|
|p_ZZ9cnn_accelE5feat2_12_ce1         |  out|    1|   ap_memory|                         p_ZZ9cnn_accelE5feat2_12|         array|
|p_ZZ9cnn_accelE5feat2_12_q1          |   in|   32|   ap_memory|                         p_ZZ9cnn_accelE5feat2_12|         array|
|p_ZZ9cnn_accelE5feat2_13_address0    |  out|   15|   ap_memory|                         p_ZZ9cnn_accelE5feat2_13|         array|
|p_ZZ9cnn_accelE5feat2_13_ce0         |  out|    1|   ap_memory|                         p_ZZ9cnn_accelE5feat2_13|         array|
|p_ZZ9cnn_accelE5feat2_13_q0          |   in|   32|   ap_memory|                         p_ZZ9cnn_accelE5feat2_13|         array|
|p_ZZ9cnn_accelE5feat2_13_address1    |  out|   15|   ap_memory|                         p_ZZ9cnn_accelE5feat2_13|         array|
|p_ZZ9cnn_accelE5feat2_13_ce1         |  out|    1|   ap_memory|                         p_ZZ9cnn_accelE5feat2_13|         array|
|p_ZZ9cnn_accelE5feat2_13_q1          |   in|   32|   ap_memory|                         p_ZZ9cnn_accelE5feat2_13|         array|
|p_ZZ9cnn_accelE5feat2_14_address0    |  out|   15|   ap_memory|                         p_ZZ9cnn_accelE5feat2_14|         array|
|p_ZZ9cnn_accelE5feat2_14_ce0         |  out|    1|   ap_memory|                         p_ZZ9cnn_accelE5feat2_14|         array|
|p_ZZ9cnn_accelE5feat2_14_q0          |   in|   32|   ap_memory|                         p_ZZ9cnn_accelE5feat2_14|         array|
|p_ZZ9cnn_accelE5feat2_14_address1    |  out|   15|   ap_memory|                         p_ZZ9cnn_accelE5feat2_14|         array|
|p_ZZ9cnn_accelE5feat2_14_ce1         |  out|    1|   ap_memory|                         p_ZZ9cnn_accelE5feat2_14|         array|
|p_ZZ9cnn_accelE5feat2_14_q1          |   in|   32|   ap_memory|                         p_ZZ9cnn_accelE5feat2_14|         array|
|p_ZZ9cnn_accelE5feat2_15_address0    |  out|   15|   ap_memory|                         p_ZZ9cnn_accelE5feat2_15|         array|
|p_ZZ9cnn_accelE5feat2_15_ce0         |  out|    1|   ap_memory|                         p_ZZ9cnn_accelE5feat2_15|         array|
|p_ZZ9cnn_accelE5feat2_15_q0          |   in|   32|   ap_memory|                         p_ZZ9cnn_accelE5feat2_15|         array|
|p_ZZ9cnn_accelE5feat2_15_address1    |  out|   15|   ap_memory|                         p_ZZ9cnn_accelE5feat2_15|         array|
|p_ZZ9cnn_accelE5feat2_15_ce1         |  out|    1|   ap_memory|                         p_ZZ9cnn_accelE5feat2_15|         array|
|p_ZZ9cnn_accelE5feat2_15_q1          |   in|   32|   ap_memory|                         p_ZZ9cnn_accelE5feat2_15|         array|
|feat2_p_26_address0                  |  out|   13|   ap_memory|                                       feat2_p_26|         array|
|feat2_p_26_ce0                       |  out|    1|   ap_memory|                                       feat2_p_26|         array|
|feat2_p_26_we0                       |  out|    1|   ap_memory|                                       feat2_p_26|         array|
|feat2_p_26_d0                        |  out|   32|   ap_memory|                                       feat2_p_26|         array|
|feat2_p_27_address0                  |  out|   13|   ap_memory|                                       feat2_p_27|         array|
|feat2_p_27_ce0                       |  out|    1|   ap_memory|                                       feat2_p_27|         array|
|feat2_p_27_we0                       |  out|    1|   ap_memory|                                       feat2_p_27|         array|
|feat2_p_27_d0                        |  out|   32|   ap_memory|                                       feat2_p_27|         array|
|feat2_p_28_address0                  |  out|   13|   ap_memory|                                       feat2_p_28|         array|
|feat2_p_28_ce0                       |  out|    1|   ap_memory|                                       feat2_p_28|         array|
|feat2_p_28_we0                       |  out|    1|   ap_memory|                                       feat2_p_28|         array|
|feat2_p_28_d0                        |  out|   32|   ap_memory|                                       feat2_p_28|         array|
|feat2_p_29_address0                  |  out|   13|   ap_memory|                                       feat2_p_29|         array|
|feat2_p_29_ce0                       |  out|    1|   ap_memory|                                       feat2_p_29|         array|
|feat2_p_29_we0                       |  out|    1|   ap_memory|                                       feat2_p_29|         array|
|feat2_p_29_d0                        |  out|   32|   ap_memory|                                       feat2_p_29|         array|
|feat2_p_30_address0                  |  out|   13|   ap_memory|                                       feat2_p_30|         array|
|feat2_p_30_ce0                       |  out|    1|   ap_memory|                                       feat2_p_30|         array|
|feat2_p_30_we0                       |  out|    1|   ap_memory|                                       feat2_p_30|         array|
|feat2_p_30_d0                        |  out|   32|   ap_memory|                                       feat2_p_30|         array|
|feat2_p_31_address0                  |  out|   13|   ap_memory|                                       feat2_p_31|         array|
|feat2_p_31_ce0                       |  out|    1|   ap_memory|                                       feat2_p_31|         array|
|feat2_p_31_we0                       |  out|    1|   ap_memory|                                       feat2_p_31|         array|
|feat2_p_31_d0                        |  out|   32|   ap_memory|                                       feat2_p_31|         array|
|feat2_p_32_address0                  |  out|   13|   ap_memory|                                       feat2_p_32|         array|
|feat2_p_32_ce0                       |  out|    1|   ap_memory|                                       feat2_p_32|         array|
|feat2_p_32_we0                       |  out|    1|   ap_memory|                                       feat2_p_32|         array|
|feat2_p_32_d0                        |  out|   32|   ap_memory|                                       feat2_p_32|         array|
|feat2_p_33_address0                  |  out|   13|   ap_memory|                                       feat2_p_33|         array|
|feat2_p_33_ce0                       |  out|    1|   ap_memory|                                       feat2_p_33|         array|
|feat2_p_33_we0                       |  out|    1|   ap_memory|                                       feat2_p_33|         array|
|feat2_p_33_d0                        |  out|   32|   ap_memory|                                       feat2_p_33|         array|
|feat2_p_34_address0                  |  out|   13|   ap_memory|                                       feat2_p_34|         array|
|feat2_p_34_ce0                       |  out|    1|   ap_memory|                                       feat2_p_34|         array|
|feat2_p_34_we0                       |  out|    1|   ap_memory|                                       feat2_p_34|         array|
|feat2_p_34_d0                        |  out|   32|   ap_memory|                                       feat2_p_34|         array|
|p_ZZ9cnn_accelE7feat2_p_10_address0  |  out|   13|   ap_memory|                       p_ZZ9cnn_accelE7feat2_p_10|         array|
|p_ZZ9cnn_accelE7feat2_p_10_ce0       |  out|    1|   ap_memory|                       p_ZZ9cnn_accelE7feat2_p_10|         array|
|p_ZZ9cnn_accelE7feat2_p_10_we0       |  out|    1|   ap_memory|                       p_ZZ9cnn_accelE7feat2_p_10|         array|
|p_ZZ9cnn_accelE7feat2_p_10_d0        |  out|   32|   ap_memory|                       p_ZZ9cnn_accelE7feat2_p_10|         array|
|p_ZZ9cnn_accelE7feat2_p_11_address0  |  out|   13|   ap_memory|                       p_ZZ9cnn_accelE7feat2_p_11|         array|
|p_ZZ9cnn_accelE7feat2_p_11_ce0       |  out|    1|   ap_memory|                       p_ZZ9cnn_accelE7feat2_p_11|         array|
|p_ZZ9cnn_accelE7feat2_p_11_we0       |  out|    1|   ap_memory|                       p_ZZ9cnn_accelE7feat2_p_11|         array|
|p_ZZ9cnn_accelE7feat2_p_11_d0        |  out|   32|   ap_memory|                       p_ZZ9cnn_accelE7feat2_p_11|         array|
|p_ZZ9cnn_accelE7feat2_p_12_address0  |  out|   13|   ap_memory|                       p_ZZ9cnn_accelE7feat2_p_12|         array|
|p_ZZ9cnn_accelE7feat2_p_12_ce0       |  out|    1|   ap_memory|                       p_ZZ9cnn_accelE7feat2_p_12|         array|
|p_ZZ9cnn_accelE7feat2_p_12_we0       |  out|    1|   ap_memory|                       p_ZZ9cnn_accelE7feat2_p_12|         array|
|p_ZZ9cnn_accelE7feat2_p_12_d0        |  out|   32|   ap_memory|                       p_ZZ9cnn_accelE7feat2_p_12|         array|
|p_ZZ9cnn_accelE7feat2_p_13_address0  |  out|   13|   ap_memory|                       p_ZZ9cnn_accelE7feat2_p_13|         array|
|p_ZZ9cnn_accelE7feat2_p_13_ce0       |  out|    1|   ap_memory|                       p_ZZ9cnn_accelE7feat2_p_13|         array|
|p_ZZ9cnn_accelE7feat2_p_13_we0       |  out|    1|   ap_memory|                       p_ZZ9cnn_accelE7feat2_p_13|         array|
|p_ZZ9cnn_accelE7feat2_p_13_d0        |  out|   32|   ap_memory|                       p_ZZ9cnn_accelE7feat2_p_13|         array|
|p_ZZ9cnn_accelE7feat2_p_14_address0  |  out|   13|   ap_memory|                       p_ZZ9cnn_accelE7feat2_p_14|         array|
|p_ZZ9cnn_accelE7feat2_p_14_ce0       |  out|    1|   ap_memory|                       p_ZZ9cnn_accelE7feat2_p_14|         array|
|p_ZZ9cnn_accelE7feat2_p_14_we0       |  out|    1|   ap_memory|                       p_ZZ9cnn_accelE7feat2_p_14|         array|
|p_ZZ9cnn_accelE7feat2_p_14_d0        |  out|   32|   ap_memory|                       p_ZZ9cnn_accelE7feat2_p_14|         array|
|p_ZZ9cnn_accelE7feat2_p_15_address0  |  out|   13|   ap_memory|                       p_ZZ9cnn_accelE7feat2_p_15|         array|
|p_ZZ9cnn_accelE7feat2_p_15_ce0       |  out|    1|   ap_memory|                       p_ZZ9cnn_accelE7feat2_p_15|         array|
|p_ZZ9cnn_accelE7feat2_p_15_we0       |  out|    1|   ap_memory|                       p_ZZ9cnn_accelE7feat2_p_15|         array|
|p_ZZ9cnn_accelE7feat2_p_15_d0        |  out|   32|   ap_memory|                       p_ZZ9cnn_accelE7feat2_p_15|         array|
+-------------------------------------+-----+-----+------------+-------------------------------------------------+--------------+

============================================================
+ Verbose Summary: Synthesis Manager
============================================================
InlineROM: 1
ExposeGlobal: 0
============================================================
+ Verbose Summary: CDFG Model
============================================================
IsTopModel: 0
ResetActiveHigh: 1
IsCombinational: 2
IsDatapathOnly: 2
HasWiredReturn: 1
HasMFsm: 2
HasVarLatency: 1
IsPipeline: 0
IsRtlPipelined: 0
IsInstanceOverlapped: 0
IsDontTouch: 0
HasImplIP: 0
IsGatedGlobalClock: 0

+ Individual pipeline summary: 
  * Pipeline-0: initiation interval (II) = 2, depth = 6


============================================================
+ Verbose Summary: Schedule
============================================================
* Number of FSM states : 6
* Pipeline : 1
  Pipeline-0 : II = 2, D = 6, States = { 1 2 3 4 5 6 }
* Dataflow Pipeline: 0

* FSM state transitions: 
1 --> 2 
2 --> 3 
3 --> 4 
4 --> 5 
5 --> 6 
6 --> 

* FSM state operations: 

State 1 <SV = 0> <Delay = 1.32>
ST_1 : Operation 8 [1/1] (0.00ns)   --->   "%m = alloca i32 1" [../hls_files/conv_pool.cpp:172]   --->   Operation 8 'alloca' 'm' <Predicate = true> <Delay = 0.00>
ST_1 : Operation 9 [1/1] (0.00ns)   --->   "%j = alloca i32 1" [../hls_files/conv_pool.cpp:170]   --->   Operation 9 'alloca' 'j' <Predicate = true> <Delay = 0.00>
ST_1 : Operation 10 [1/1] (0.00ns)   --->   "%indvar_flatten97 = alloca i32 1"   --->   Operation 10 'alloca' 'indvar_flatten97' <Predicate = true> <Delay = 0.00>
ST_1 : Operation 11 [1/1] (0.00ns)   --->   "%i = alloca i32 1" [../hls_files/conv_pool.cpp:168]   --->   Operation 11 'alloca' 'i' <Predicate = true> <Delay = 0.00>
ST_1 : Operation 12 [1/1] (0.00ns)   --->   "%indvar_flatten110 = alloca i32 1"   --->   Operation 12 'alloca' 'indvar_flatten110' <Predicate = true> <Delay = 0.00>
ST_1 : Operation 13 [1/1] (1.32ns)   --->   "%store_ln0 = store i17 0, i17 %indvar_flatten110"   --->   Operation 13 'store' 'store_ln0' <Predicate = true> <Delay = 1.32>
ST_1 : Operation 14 [1/1] (1.32ns)   --->   "%store_ln168 = store i6 0, i6 %i" [../hls_files/conv_pool.cpp:168]   --->   Operation 14 'store' 'store_ln168' <Predicate = true> <Delay = 1.32>
ST_1 : Operation 15 [1/1] (1.32ns)   --->   "%store_ln0 = store i12 0, i12 %indvar_flatten97"   --->   Operation 15 'store' 'store_ln0' <Predicate = true> <Delay = 1.32>
ST_1 : Operation 16 [1/1] (1.32ns)   --->   "%store_ln170 = store i7 0, i7 %j" [../hls_files/conv_pool.cpp:170]   --->   Operation 16 'store' 'store_ln170' <Predicate = true> <Delay = 1.32>
ST_1 : Operation 17 [1/1] (1.32ns)   --->   "%store_ln172 = store i5 0, i5 %m" [../hls_files/conv_pool.cpp:172]   --->   Operation 17 'store' 'store_ln172' <Predicate = true> <Delay = 1.32>
ST_1 : Operation 18 [1/1] (0.00ns)   --->   "%br_ln0 = br void %for.body271"   --->   Operation 18 'br' 'br_ln0' <Predicate = true> <Delay = 0.00>

State 2 <SV = 1> <Delay = 10.5>
ST_2 : Operation 19 [1/1] (0.00ns)   --->   "%indvar_flatten97_load = load i12 %indvar_flatten97" [../hls_files/conv_pool.cpp:170]   --->   Operation 19 'load' 'indvar_flatten97_load' <Predicate = true> <Delay = 0.00>
ST_2 : Operation 20 [1/1] (0.00ns)   --->   "%indvar_flatten110_load = load i17 %indvar_flatten110" [../hls_files/conv_pool.cpp:168]   --->   Operation 20 'load' 'indvar_flatten110_load' <Predicate = true> <Delay = 0.00>
ST_2 : Operation 21 [1/1] (1.86ns)   --->   "%icmp_ln168 = icmp_eq  i17 %indvar_flatten110_load, i17 72384" [../hls_files/conv_pool.cpp:168]   --->   Operation 21 'icmp' 'icmp_ln168' <Predicate = true> <Delay = 1.86> <CoreInst = "Cmp">   --->   Core 9 'Cmp' <Latency = 0> <II = 1> <Delay = 1.86> <FuncUnit> <Opcode : 'seteq' 'setne' 'setle' 'setge' 'setlt' 'setgt'> <InPorts = 2> <OutPorts = 1>
ST_2 : Operation 22 [1/1] (1.86ns)   --->   "%add_ln168_1 = add i17 %indvar_flatten110_load, i17 1" [../hls_files/conv_pool.cpp:168]   --->   Operation 22 'add' 'add_ln168_1' <Predicate = true> <Delay = 1.86> <CoreInst = "Adder">   --->   Core 1 'Adder' <Latency = 0> <II = 1> <Delay = 1.86> <FuncUnit> <Opcode : 'add' 'sub'> <InPorts = 2> <OutPorts = 1>
ST_2 : Operation 23 [1/1] (0.00ns)   --->   "%br_ln168 = br i1 %icmp_ln168, void %for.inc341, void %for.inc368.preheader.exitStub" [../hls_files/conv_pool.cpp:168]   --->   Operation 23 'br' 'br_ln168' <Predicate = true> <Delay = 0.00>
ST_2 : Operation 24 [1/1] (0.00ns)   --->   "%m_load = load i5 %m" [../hls_files/conv_pool.cpp:172]   --->   Operation 24 'load' 'm_load' <Predicate = (!icmp_ln168)> <Delay = 0.00>
ST_2 : Operation 25 [1/1] (0.00ns)   --->   "%j_load = load i7 %j" [../hls_files/conv_pool.cpp:168]   --->   Operation 25 'load' 'j_load' <Predicate = (!icmp_ln168)> <Delay = 0.00>
ST_2 : Operation 26 [1/1] (0.00ns)   --->   "%i_load = load i6 %i" [../hls_files/conv_pool.cpp:168]   --->   Operation 26 'load' 'i_load' <Predicate = (!icmp_ln168)> <Delay = 0.00>
ST_2 : Operation 27 [1/1] (1.60ns)   --->   "%add_ln168 = add i6 %i_load, i6 1" [../hls_files/conv_pool.cpp:168]   --->   Operation 27 'add' 'add_ln168' <Predicate = (!icmp_ln168)> <Delay = 1.60> <CoreInst = "Adder">   --->   Core 1 'Adder' <Latency = 0> <II = 1> <Delay = 1.60> <FuncUnit> <Opcode : 'add' 'sub'> <InPorts = 2> <OutPorts = 1>
ST_2 : Operation 28 [1/1] (1.77ns)   --->   "%icmp_ln170 = icmp_eq  i12 %indvar_flatten97_load, i12 1248" [../hls_files/conv_pool.cpp:170]   --->   Operation 28 'icmp' 'icmp_ln170' <Predicate = (!icmp_ln168)> <Delay = 1.77> <CoreInst = "Cmp">   --->   Core 9 'Cmp' <Latency = 0> <II = 1> <Delay = 1.77> <FuncUnit> <Opcode : 'seteq' 'setne' 'setle' 'setge' 'setlt' 'setgt'> <InPorts = 2> <OutPorts = 1>
ST_2 : Operation 29 [1/1] (0.80ns)   --->   "%select_ln168 = select i1 %icmp_ln170, i7 0, i7 %j_load" [../hls_files/conv_pool.cpp:168]   --->   Operation 29 'select' 'select_ln168' <Predicate = (!icmp_ln168)> <Delay = 0.80> <CoreInst = "Sel">   --->   Core 73 'Sel' <Latency = 0> <II = 1> <Delay = 0.80> <FuncUnit> <Opcode : 'select'> <InPorts = 3> <OutPorts = 1>
ST_2 : Operation 30 [1/1] (0.00ns) (grouped into LUT with out node and_ln168)   --->   "%xor_ln168 = xor i1 %icmp_ln170, i1 1" [../hls_files/conv_pool.cpp:168]   --->   Operation 30 'xor' 'xor_ln168' <Predicate = (!icmp_ln168)> <Delay = 0.00> <CoreInst = "LogicGate">   --->   Core 74 'LogicGate' <Latency = 0> <II = 1> <Delay = 0.80> <FuncUnit> <Opcode : 'and' 'or' 'xor'> <InPorts = 2> <OutPorts = 1>
ST_2 : Operation 31 [1/1] (1.54ns)   --->   "%icmp_ln172 = icmp_eq  i5 %m_load, i5 16" [../hls_files/conv_pool.cpp:172]   --->   Operation 31 'icmp' 'icmp_ln172' <Predicate = (!icmp_ln168)> <Delay = 1.54> <CoreInst = "Cmp">   --->   Core 9 'Cmp' <Latency = 0> <II = 1> <Delay = 1.60> <FuncUnit> <Opcode : 'seteq' 'setne' 'setle' 'setge' 'setlt' 'setgt'> <InPorts = 2> <OutPorts = 1>
ST_2 : Operation 32 [1/1] (0.80ns) (out node of the LUT)   --->   "%and_ln168 = and i1 %icmp_ln172, i1 %xor_ln168" [../hls_files/conv_pool.cpp:168]   --->   Operation 32 'and' 'and_ln168' <Predicate = (!icmp_ln168)> <Delay = 0.80> <CoreInst = "LogicGate">   --->   Core 74 'LogicGate' <Latency = 0> <II = 1> <Delay = 0.80> <FuncUnit> <Opcode : 'and' 'or' 'xor'> <InPorts = 2> <OutPorts = 1>
ST_2 : Operation 33 [1/1] (0.58ns)   --->   "%select_ln168_1 = select i1 %icmp_ln170, i6 %add_ln168, i6 %i_load" [../hls_files/conv_pool.cpp:168]   --->   Operation 33 'select' 'select_ln168_1' <Predicate = (!icmp_ln168)> <Delay = 0.58> <CoreInst = "Sel">   --->   Core 73 'Sel' <Latency = 0> <II = 1> <Delay = 0.58> <FuncUnit> <Opcode : 'select'> <InPorts = 3> <OutPorts = 1>
ST_2 : Operation 34 [1/1] (1.66ns)   --->   "%add_ln170 = add i7 %select_ln168, i7 1" [../hls_files/conv_pool.cpp:170]   --->   Operation 34 'add' 'add_ln170' <Predicate = (!icmp_ln168)> <Delay = 1.66> <CoreInst = "Adder">   --->   Core 1 'Adder' <Latency = 0> <II = 1> <Delay = 1.66> <FuncUnit> <Opcode : 'add' 'sub'> <InPorts = 2> <OutPorts = 1>
ST_2 : Operation 35 [1/1] (0.00ns) (grouped into LUT with out node m_3_mid2)   --->   "%empty = or i1 %and_ln168, i1 %icmp_ln170" [../hls_files/conv_pool.cpp:168]   --->   Operation 35 'or' 'empty' <Predicate = (!icmp_ln168)> <Delay = 0.00> <CoreInst = "LogicGate">   --->   Core 74 'LogicGate' <Latency = 0> <II = 1> <Delay = 0.80> <FuncUnit> <Opcode : 'and' 'or' 'xor'> <InPorts = 2> <OutPorts = 1>
ST_2 : Operation 36 [1/1] (0.98ns) (out node of the LUT)   --->   "%m_3_mid2 = select i1 %empty, i5 0, i5 %m_load" [../hls_files/conv_pool.cpp:168]   --->   Operation 36 'select' 'm_3_mid2' <Predicate = (!icmp_ln168)> <Delay = 0.98> <CoreInst = "Sel">   --->   Core 73 'Sel' <Latency = 0> <II = 1> <Delay = 0.98> <FuncUnit> <Opcode : 'select'> <InPorts = 3> <OutPorts = 1>
ST_2 : Operation 37 [1/1] (0.80ns)   --->   "%select_ln170 = select i1 %and_ln168, i7 %add_ln170, i7 %select_ln168" [../hls_files/conv_pool.cpp:170]   --->   Operation 37 'select' 'select_ln170' <Predicate = (!icmp_ln168)> <Delay = 0.80> <CoreInst = "Sel">   --->   Core 73 'Sel' <Latency = 0> <II = 1> <Delay = 0.80> <FuncUnit> <Opcode : 'select'> <InPorts = 3> <OutPorts = 1>
ST_2 : Operation 38 [1/1] (0.00ns)   --->   "%tmp_s = bitconcatenate i7 @_ssdm_op_BitConcatenate.i7.i6.i1, i6 %select_ln168_1, i1 0" [../hls_files/conv_pool.cpp:168]   --->   Operation 38 'bitconcatenate' 'tmp_s' <Predicate = (!icmp_ln168)> <Delay = 0.00>
ST_2 : Operation 39 [1/1] (0.00ns)   --->   "%tmp_37_cast = zext i7 %tmp_s" [../hls_files/conv_pool.cpp:168]   --->   Operation 39 'zext' 'tmp_37_cast' <Predicate = (!icmp_ln168)> <Delay = 0.00>
ST_2 : Operation 40 [1/1] (3.54ns)   --->   "%empty_59 = mul i15 %tmp_37_cast, i15 157" [../hls_files/conv_pool.cpp:168]   --->   Operation 40 'mul' 'empty_59' <Predicate = (!icmp_ln168)> <Delay = 3.54> <CoreInst = "Multiplier">   --->   Core 3 'Multiplier' <Latency = 0> <II = 1> <Delay = 3.54> <FuncUnit> <Opcode : 'mul'> <InPorts = 2> <OutPorts = 1>
ST_2 : Operation 41 [1/1] (0.00ns)   --->   "%tmp_3 = bitconcatenate i8 @_ssdm_op_BitConcatenate.i8.i7.i1, i7 %select_ln170, i1 0" [../hls_files/conv_pool.cpp:170]   --->   Operation 41 'bitconcatenate' 'tmp_3' <Predicate = (!icmp_ln168)> <Delay = 0.00>
ST_2 : Operation 42 [1/1] (0.00ns)   --->   "%tmp_39_cast = zext i8 %tmp_3" [../hls_files/conv_pool.cpp:170]   --->   Operation 42 'zext' 'tmp_39_cast' <Predicate = (!icmp_ln168)> <Delay = 0.00>
ST_2 : Operation 43 [1/1] (1.82ns)   --->   "%empty_62 = add i15 %empty_59, i15 %tmp_39_cast" [../hls_files/conv_pool.cpp:168]   --->   Operation 43 'add' 'empty_62' <Predicate = (!icmp_ln168)> <Delay = 1.82> <CoreInst = "Adder">   --->   Core 1 'Adder' <Latency = 0> <II = 1> <Delay = 1.82> <FuncUnit> <Opcode : 'add' 'sub'> <InPorts = 2> <OutPorts = 1>
ST_2 : Operation 44 [1/1] (0.00ns)   --->   "%p_cast1 = zext i15 %empty_62" [../hls_files/conv_pool.cpp:168]   --->   Operation 44 'zext' 'p_cast1' <Predicate = (!icmp_ln168)> <Delay = 0.00>
ST_2 : Operation 45 [1/1] (0.00ns)   --->   "%p_ZZ9cnn_accelE5feat2_10_addr = getelementptr i32 %p_ZZ9cnn_accelE5feat2_10, i64 0, i64 %p_cast1" [../hls_files/conv_pool.cpp:168]   --->   Operation 45 'getelementptr' 'p_ZZ9cnn_accelE5feat2_10_addr' <Predicate = (!icmp_ln168)> <Delay = 0.00>
ST_2 : Operation 46 [1/1] (0.00ns)   --->   "%p_ZZ9cnn_accelE5feat2_11_addr = getelementptr i32 %p_ZZ9cnn_accelE5feat2_11, i64 0, i64 %p_cast1" [../hls_files/conv_pool.cpp:168]   --->   Operation 46 'getelementptr' 'p_ZZ9cnn_accelE5feat2_11_addr' <Predicate = (!icmp_ln168)> <Delay = 0.00>
ST_2 : Operation 47 [1/1] (0.00ns)   --->   "%p_ZZ9cnn_accelE5feat2_12_addr = getelementptr i32 %p_ZZ9cnn_accelE5feat2_12, i64 0, i64 %p_cast1" [../hls_files/conv_pool.cpp:168]   --->   Operation 47 'getelementptr' 'p_ZZ9cnn_accelE5feat2_12_addr' <Predicate = (!icmp_ln168)> <Delay = 0.00>
ST_2 : Operation 48 [1/1] (0.00ns)   --->   "%p_ZZ9cnn_accelE5feat2_13_addr = getelementptr i32 %p_ZZ9cnn_accelE5feat2_13, i64 0, i64 %p_cast1" [../hls_files/conv_pool.cpp:168]   --->   Operation 48 'getelementptr' 'p_ZZ9cnn_accelE5feat2_13_addr' <Predicate = (!icmp_ln168)> <Delay = 0.00>
ST_2 : Operation 49 [1/1] (0.00ns)   --->   "%p_ZZ9cnn_accelE5feat2_14_addr = getelementptr i32 %p_ZZ9cnn_accelE5feat2_14, i64 0, i64 %p_cast1" [../hls_files/conv_pool.cpp:168]   --->   Operation 49 'getelementptr' 'p_ZZ9cnn_accelE5feat2_14_addr' <Predicate = (!icmp_ln168)> <Delay = 0.00>
ST_2 : Operation 50 [1/1] (0.00ns)   --->   "%cnn_accel_feat2 = getelementptr i32 %p_ZZ9cnn_accelE5feat2_15, i64 0, i64 %p_cast1" [../hls_files/conv_pool.cpp:168]   --->   Operation 50 'getelementptr' 'cnn_accel_feat2' <Predicate = (!icmp_ln168)> <Delay = 0.00>
ST_2 : Operation 51 [1/1] (0.00ns)   --->   "%feat2_addr = getelementptr i32 %feat2, i64 0, i64 %p_cast1" [../hls_files/conv_pool.cpp:168]   --->   Operation 51 'getelementptr' 'feat2_addr' <Predicate = (!icmp_ln168)> <Delay = 0.00>
ST_2 : Operation 52 [1/1] (0.00ns)   --->   "%feat2_17_addr = getelementptr i32 %feat2_17, i64 0, i64 %p_cast1" [../hls_files/conv_pool.cpp:168]   --->   Operation 52 'getelementptr' 'feat2_17_addr' <Predicate = (!icmp_ln168)> <Delay = 0.00>
ST_2 : Operation 53 [1/1] (0.00ns)   --->   "%feat2_18_addr = getelementptr i32 %feat2_18, i64 0, i64 %p_cast1" [../hls_files/conv_pool.cpp:168]   --->   Operation 53 'getelementptr' 'feat2_18_addr' <Predicate = (!icmp_ln168)> <Delay = 0.00>
ST_2 : Operation 54 [1/1] (0.00ns)   --->   "%feat2_19_addr = getelementptr i32 %feat2_19, i64 0, i64 %p_cast1" [../hls_files/conv_pool.cpp:168]   --->   Operation 54 'getelementptr' 'feat2_19_addr' <Predicate = (!icmp_ln168)> <Delay = 0.00>
ST_2 : Operation 55 [1/1] (0.00ns)   --->   "%feat2_20_addr = getelementptr i32 %feat2_20, i64 0, i64 %p_cast1" [../hls_files/conv_pool.cpp:168]   --->   Operation 55 'getelementptr' 'feat2_20_addr' <Predicate = (!icmp_ln168)> <Delay = 0.00>
ST_2 : Operation 56 [1/1] (0.00ns)   --->   "%feat2_21_addr = getelementptr i32 %feat2_21, i64 0, i64 %p_cast1" [../hls_files/conv_pool.cpp:168]   --->   Operation 56 'getelementptr' 'feat2_21_addr' <Predicate = (!icmp_ln168)> <Delay = 0.00>
ST_2 : Operation 57 [1/1] (0.00ns)   --->   "%feat2_22_addr = getelementptr i32 %feat2_22, i64 0, i64 %p_cast1" [../hls_files/conv_pool.cpp:168]   --->   Operation 57 'getelementptr' 'feat2_22_addr' <Predicate = (!icmp_ln168)> <Delay = 0.00>
ST_2 : Operation 58 [1/1] (0.00ns)   --->   "%feat2_23_addr = getelementptr i32 %feat2_23, i64 0, i64 %p_cast1" [../hls_files/conv_pool.cpp:168]   --->   Operation 58 'getelementptr' 'feat2_23_addr' <Predicate = (!icmp_ln168)> <Delay = 0.00>
ST_2 : Operation 59 [1/1] (0.00ns)   --->   "%feat2_24_addr = getelementptr i32 %feat2_24, i64 0, i64 %p_cast1" [../hls_files/conv_pool.cpp:168]   --->   Operation 59 'getelementptr' 'feat2_24_addr' <Predicate = (!icmp_ln168)> <Delay = 0.00>
ST_2 : Operation 60 [1/1] (0.00ns)   --->   "%feat2_25_addr = getelementptr i32 %feat2_25, i64 0, i64 %p_cast1" [../hls_files/conv_pool.cpp:168]   --->   Operation 60 'getelementptr' 'feat2_25_addr' <Predicate = (!icmp_ln168)> <Delay = 0.00>
ST_2 : Operation 61 [1/1] (0.00ns)   --->   "%tmp_4 = bitconcatenate i8 @_ssdm_op_BitConcatenate.i8.i7.i1, i7 %select_ln170, i1 1" [../hls_files/conv_pool.cpp:170]   --->   Operation 61 'bitconcatenate' 'tmp_4' <Predicate = (!icmp_ln168)> <Delay = 0.00>
ST_2 : Operation 62 [1/1] (0.00ns)   --->   "%tmp_40_cast = zext i8 %tmp_4" [../hls_files/conv_pool.cpp:170]   --->   Operation 62 'zext' 'tmp_40_cast' <Predicate = (!icmp_ln168)> <Delay = 0.00>
ST_2 : Operation 63 [1/1] (1.82ns)   --->   "%empty_64 = add i15 %empty_59, i15 %tmp_40_cast" [../hls_files/conv_pool.cpp:168]   --->   Operation 63 'add' 'empty_64' <Predicate = (!icmp_ln168)> <Delay = 1.82> <CoreInst = "Adder">   --->   Core 1 'Adder' <Latency = 0> <II = 1> <Delay = 1.82> <FuncUnit> <Opcode : 'add' 'sub'> <InPorts = 2> <OutPorts = 1>
ST_2 : Operation 64 [1/1] (0.00ns)   --->   "%p_cast3 = zext i15 %empty_64" [../hls_files/conv_pool.cpp:168]   --->   Operation 64 'zext' 'p_cast3' <Predicate = (!icmp_ln168)> <Delay = 0.00>
ST_2 : Operation 65 [1/1] (0.00ns)   --->   "%p_ZZ9cnn_accelE5feat2_10_addr_2 = getelementptr i32 %p_ZZ9cnn_accelE5feat2_10, i64 0, i64 %p_cast3" [../hls_files/conv_pool.cpp:168]   --->   Operation 65 'getelementptr' 'p_ZZ9cnn_accelE5feat2_10_addr_2' <Predicate = (!icmp_ln168)> <Delay = 0.00>
ST_2 : Operation 66 [1/1] (0.00ns)   --->   "%p_ZZ9cnn_accelE5feat2_11_addr_2 = getelementptr i32 %p_ZZ9cnn_accelE5feat2_11, i64 0, i64 %p_cast3" [../hls_files/conv_pool.cpp:168]   --->   Operation 66 'getelementptr' 'p_ZZ9cnn_accelE5feat2_11_addr_2' <Predicate = (!icmp_ln168)> <Delay = 0.00>
ST_2 : Operation 67 [1/1] (0.00ns)   --->   "%p_ZZ9cnn_accelE5feat2_12_addr_2 = getelementptr i32 %p_ZZ9cnn_accelE5feat2_12, i64 0, i64 %p_cast3" [../hls_files/conv_pool.cpp:168]   --->   Operation 67 'getelementptr' 'p_ZZ9cnn_accelE5feat2_12_addr_2' <Predicate = (!icmp_ln168)> <Delay = 0.00>
ST_2 : Operation 68 [1/1] (0.00ns)   --->   "%p_ZZ9cnn_accelE5feat2_13_addr_2 = getelementptr i32 %p_ZZ9cnn_accelE5feat2_13, i64 0, i64 %p_cast3" [../hls_files/conv_pool.cpp:168]   --->   Operation 68 'getelementptr' 'p_ZZ9cnn_accelE5feat2_13_addr_2' <Predicate = (!icmp_ln168)> <Delay = 0.00>
ST_2 : Operation 69 [1/1] (0.00ns)   --->   "%p_ZZ9cnn_accelE5feat2_14_addr_2 = getelementptr i32 %p_ZZ9cnn_accelE5feat2_14, i64 0, i64 %p_cast3" [../hls_files/conv_pool.cpp:168]   --->   Operation 69 'getelementptr' 'p_ZZ9cnn_accelE5feat2_14_addr_2' <Predicate = (!icmp_ln168)> <Delay = 0.00>
ST_2 : Operation 70 [1/1] (0.00ns)   --->   "%cnn_accel_feat2_addr_2_s = getelementptr i32 %p_ZZ9cnn_accelE5feat2_15, i64 0, i64 %p_cast3" [../hls_files/conv_pool.cpp:168]   --->   Operation 70 'getelementptr' 'cnn_accel_feat2_addr_2_s' <Predicate = (!icmp_ln168)> <Delay = 0.00>
ST_2 : Operation 71 [1/1] (0.00ns)   --->   "%feat2_addr_2 = getelementptr i32 %feat2, i64 0, i64 %p_cast3" [../hls_files/conv_pool.cpp:168]   --->   Operation 71 'getelementptr' 'feat2_addr_2' <Predicate = (!icmp_ln168)> <Delay = 0.00>
ST_2 : Operation 72 [1/1] (0.00ns)   --->   "%feat2_17_addr_2 = getelementptr i32 %feat2_17, i64 0, i64 %p_cast3" [../hls_files/conv_pool.cpp:168]   --->   Operation 72 'getelementptr' 'feat2_17_addr_2' <Predicate = (!icmp_ln168)> <Delay = 0.00>
ST_2 : Operation 73 [1/1] (0.00ns)   --->   "%feat2_18_addr_2 = getelementptr i32 %feat2_18, i64 0, i64 %p_cast3" [../hls_files/conv_pool.cpp:168]   --->   Operation 73 'getelementptr' 'feat2_18_addr_2' <Predicate = (!icmp_ln168)> <Delay = 0.00>
ST_2 : Operation 74 [1/1] (0.00ns)   --->   "%feat2_19_addr_2 = getelementptr i32 %feat2_19, i64 0, i64 %p_cast3" [../hls_files/conv_pool.cpp:168]   --->   Operation 74 'getelementptr' 'feat2_19_addr_2' <Predicate = (!icmp_ln168)> <Delay = 0.00>
ST_2 : Operation 75 [1/1] (0.00ns)   --->   "%feat2_20_addr_2 = getelementptr i32 %feat2_20, i64 0, i64 %p_cast3" [../hls_files/conv_pool.cpp:168]   --->   Operation 75 'getelementptr' 'feat2_20_addr_2' <Predicate = (!icmp_ln168)> <Delay = 0.00>
ST_2 : Operation 76 [1/1] (0.00ns)   --->   "%feat2_21_addr_2 = getelementptr i32 %feat2_21, i64 0, i64 %p_cast3" [../hls_files/conv_pool.cpp:168]   --->   Operation 76 'getelementptr' 'feat2_21_addr_2' <Predicate = (!icmp_ln168)> <Delay = 0.00>
ST_2 : Operation 77 [1/1] (0.00ns)   --->   "%feat2_22_addr_2 = getelementptr i32 %feat2_22, i64 0, i64 %p_cast3" [../hls_files/conv_pool.cpp:168]   --->   Operation 77 'getelementptr' 'feat2_22_addr_2' <Predicate = (!icmp_ln168)> <Delay = 0.00>
ST_2 : Operation 78 [1/1] (0.00ns)   --->   "%feat2_23_addr_2 = getelementptr i32 %feat2_23, i64 0, i64 %p_cast3" [../hls_files/conv_pool.cpp:168]   --->   Operation 78 'getelementptr' 'feat2_23_addr_2' <Predicate = (!icmp_ln168)> <Delay = 0.00>
ST_2 : Operation 79 [1/1] (0.00ns)   --->   "%feat2_24_addr_2 = getelementptr i32 %feat2_24, i64 0, i64 %p_cast3" [../hls_files/conv_pool.cpp:168]   --->   Operation 79 'getelementptr' 'feat2_24_addr_2' <Predicate = (!icmp_ln168)> <Delay = 0.00>
ST_2 : Operation 80 [1/1] (0.00ns)   --->   "%feat2_25_addr_2 = getelementptr i32 %feat2_25, i64 0, i64 %p_cast3" [../hls_files/conv_pool.cpp:168]   --->   Operation 80 'getelementptr' 'feat2_25_addr_2' <Predicate = (!icmp_ln168)> <Delay = 0.00>
ST_2 : Operation 81 [2/2] (2.77ns)   --->   "%feat2_load = load i15 %feat2_addr" [../hls_files/conv_pool.cpp:168]   --->   Operation 81 'load' 'feat2_load' <Predicate = (!icmp_ln168)> <Delay = 2.77> <CoreInst = "RAM">   --->   Core 81 'RAM' <Latency = 1> <II = 1> <Delay = 2.77> <Storage> <Opcode : 'load' 'store'> <Ports = 2> <Width = 32> <Depth = 18369> <RAM>
ST_2 : Operation 82 [2/2] (2.77ns)   --->   "%feat2_17_load = load i15 %feat2_17_addr" [../hls_files/conv_pool.cpp:168]   --->   Operation 82 'load' 'feat2_17_load' <Predicate = (!icmp_ln168)> <Delay = 2.77> <CoreInst = "RAM">   --->   Core 81 'RAM' <Latency = 1> <II = 1> <Delay = 2.77> <Storage> <Opcode : 'load' 'store'> <Ports = 2> <Width = 32> <Depth = 18369> <RAM>
ST_2 : Operation 83 [2/2] (2.77ns)   --->   "%feat2_18_load = load i15 %feat2_18_addr" [../hls_files/conv_pool.cpp:168]   --->   Operation 83 'load' 'feat2_18_load' <Predicate = (!icmp_ln168)> <Delay = 2.77> <CoreInst = "RAM">   --->   Core 81 'RAM' <Latency = 1> <II = 1> <Delay = 2.77> <Storage> <Opcode : 'load' 'store'> <Ports = 2> <Width = 32> <Depth = 18369> <RAM>
ST_2 : Operation 84 [2/2] (2.77ns)   --->   "%feat2_19_load = load i15 %feat2_19_addr" [../hls_files/conv_pool.cpp:168]   --->   Operation 84 'load' 'feat2_19_load' <Predicate = (!icmp_ln168)> <Delay = 2.77> <CoreInst = "RAM">   --->   Core 81 'RAM' <Latency = 1> <II = 1> <Delay = 2.77> <Storage> <Opcode : 'load' 'store'> <Ports = 2> <Width = 32> <Depth = 18369> <RAM>
ST_2 : Operation 85 [2/2] (2.77ns)   --->   "%feat2_20_load = load i15 %feat2_20_addr" [../hls_files/conv_pool.cpp:168]   --->   Operation 85 'load' 'feat2_20_load' <Predicate = (!icmp_ln168)> <Delay = 2.77> <CoreInst = "RAM">   --->   Core 81 'RAM' <Latency = 1> <II = 1> <Delay = 2.77> <Storage> <Opcode : 'load' 'store'> <Ports = 2> <Width = 32> <Depth = 18369> <RAM>
ST_2 : Operation 86 [2/2] (2.77ns)   --->   "%feat2_21_load = load i15 %feat2_21_addr" [../hls_files/conv_pool.cpp:168]   --->   Operation 86 'load' 'feat2_21_load' <Predicate = (!icmp_ln168)> <Delay = 2.77> <CoreInst = "RAM">   --->   Core 81 'RAM' <Latency = 1> <II = 1> <Delay = 2.77> <Storage> <Opcode : 'load' 'store'> <Ports = 2> <Width = 32> <Depth = 18369> <RAM>
ST_2 : Operation 87 [2/2] (2.77ns)   --->   "%feat2_22_load = load i15 %feat2_22_addr" [../hls_files/conv_pool.cpp:168]   --->   Operation 87 'load' 'feat2_22_load' <Predicate = (!icmp_ln168)> <Delay = 2.77> <CoreInst = "RAM">   --->   Core 81 'RAM' <Latency = 1> <II = 1> <Delay = 2.77> <Storage> <Opcode : 'load' 'store'> <Ports = 2> <Width = 32> <Depth = 18369> <RAM>
ST_2 : Operation 88 [2/2] (2.77ns)   --->   "%feat2_23_load = load i15 %feat2_23_addr" [../hls_files/conv_pool.cpp:168]   --->   Operation 88 'load' 'feat2_23_load' <Predicate = (!icmp_ln168)> <Delay = 2.77> <CoreInst = "RAM">   --->   Core 81 'RAM' <Latency = 1> <II = 1> <Delay = 2.77> <Storage> <Opcode : 'load' 'store'> <Ports = 2> <Width = 32> <Depth = 18369> <RAM>
ST_2 : Operation 89 [2/2] (2.77ns)   --->   "%feat2_24_load = load i15 %feat2_24_addr" [../hls_files/conv_pool.cpp:168]   --->   Operation 89 'load' 'feat2_24_load' <Predicate = (!icmp_ln168)> <Delay = 2.77> <CoreInst = "RAM">   --->   Core 81 'RAM' <Latency = 1> <II = 1> <Delay = 2.77> <Storage> <Opcode : 'load' 'store'> <Ports = 2> <Width = 32> <Depth = 18369> <RAM>
ST_2 : Operation 90 [2/2] (2.77ns)   --->   "%feat2_25_load = load i15 %feat2_25_addr" [../hls_files/conv_pool.cpp:168]   --->   Operation 90 'load' 'feat2_25_load' <Predicate = (!icmp_ln168)> <Delay = 2.77> <CoreInst = "RAM">   --->   Core 81 'RAM' <Latency = 1> <II = 1> <Delay = 2.77> <Storage> <Opcode : 'load' 'store'> <Ports = 2> <Width = 32> <Depth = 18369> <RAM>
ST_2 : Operation 91 [2/2] (2.77ns)   --->   "%p_ZZ9cnn_accelE5feat2_10_load = load i15 %p_ZZ9cnn_accelE5feat2_10_addr" [../hls_files/conv_pool.cpp:168]   --->   Operation 91 'load' 'p_ZZ9cnn_accelE5feat2_10_load' <Predicate = (!icmp_ln168)> <Delay = 2.77> <CoreInst = "RAM">   --->   Core 81 'RAM' <Latency = 1> <II = 1> <Delay = 2.77> <Storage> <Opcode : 'load' 'store'> <Ports = 2> <Width = 32> <Depth = 18369> <RAM>
ST_2 : Operation 92 [2/2] (2.77ns)   --->   "%cnn_accel_feat2_66 = load i15 %p_ZZ9cnn_accelE5feat2_11_addr" [../hls_files/conv_pool.cpp:168]   --->   Operation 92 'load' 'cnn_accel_feat2_66' <Predicate = (!icmp_ln168)> <Delay = 2.77> <CoreInst = "RAM">   --->   Core 81 'RAM' <Latency = 1> <II = 1> <Delay = 2.77> <Storage> <Opcode : 'load' 'store'> <Ports = 2> <Width = 32> <Depth = 18369> <RAM>
ST_2 : Operation 93 [2/2] (2.77ns)   --->   "%cnn_accel_feat2_67 = load i15 %p_ZZ9cnn_accelE5feat2_12_addr" [../hls_files/conv_pool.cpp:168]   --->   Operation 93 'load' 'cnn_accel_feat2_67' <Predicate = (!icmp_ln168)> <Delay = 2.77> <CoreInst = "RAM">   --->   Core 81 'RAM' <Latency = 1> <II = 1> <Delay = 2.77> <Storage> <Opcode : 'load' 'store'> <Ports = 2> <Width = 32> <Depth = 18369> <RAM>
ST_2 : Operation 94 [2/2] (2.77ns)   --->   "%cnn_accel_feat2_68 = load i15 %p_ZZ9cnn_accelE5feat2_13_addr" [../hls_files/conv_pool.cpp:168]   --->   Operation 94 'load' 'cnn_accel_feat2_68' <Predicate = (!icmp_ln168)> <Delay = 2.77> <CoreInst = "RAM">   --->   Core 81 'RAM' <Latency = 1> <II = 1> <Delay = 2.77> <Storage> <Opcode : 'load' 'store'> <Ports = 2> <Width = 32> <Depth = 18369> <RAM>
ST_2 : Operation 95 [2/2] (2.77ns)   --->   "%cnn_accel_feat2_69 = load i15 %p_ZZ9cnn_accelE5feat2_14_addr" [../hls_files/conv_pool.cpp:168]   --->   Operation 95 'load' 'cnn_accel_feat2_69' <Predicate = (!icmp_ln168)> <Delay = 2.77> <CoreInst = "RAM">   --->   Core 81 'RAM' <Latency = 1> <II = 1> <Delay = 2.77> <Storage> <Opcode : 'load' 'store'> <Ports = 2> <Width = 32> <Depth = 18369> <RAM>
ST_2 : Operation 96 [2/2] (2.77ns)   --->   "%cnn_accel_feat2_70 = load i15 %cnn_accel_feat2" [../hls_files/conv_pool.cpp:168]   --->   Operation 96 'load' 'cnn_accel_feat2_70' <Predicate = (!icmp_ln168)> <Delay = 2.77> <CoreInst = "RAM">   --->   Core 81 'RAM' <Latency = 1> <II = 1> <Delay = 2.77> <Storage> <Opcode : 'load' 'store'> <Ports = 2> <Width = 32> <Depth = 18369> <RAM>
ST_2 : Operation 97 [2/2] (2.77ns)   --->   "%feat2_load_2 = load i15 %feat2_addr_2" [../hls_files/conv_pool.cpp:168]   --->   Operation 97 'load' 'feat2_load_2' <Predicate = (!icmp_ln168)> <Delay = 2.77> <CoreInst = "RAM">   --->   Core 81 'RAM' <Latency = 1> <II = 1> <Delay = 2.77> <Storage> <Opcode : 'load' 'store'> <Ports = 2> <Width = 32> <Depth = 18369> <RAM>
ST_2 : Operation 98 [2/2] (2.77ns)   --->   "%feat2_17_load_2 = load i15 %feat2_17_addr_2" [../hls_files/conv_pool.cpp:168]   --->   Operation 98 'load' 'feat2_17_load_2' <Predicate = (!icmp_ln168)> <Delay = 2.77> <CoreInst = "RAM">   --->   Core 81 'RAM' <Latency = 1> <II = 1> <Delay = 2.77> <Storage> <Opcode : 'load' 'store'> <Ports = 2> <Width = 32> <Depth = 18369> <RAM>
ST_2 : Operation 99 [2/2] (2.77ns)   --->   "%feat2_18_load_2 = load i15 %feat2_18_addr_2" [../hls_files/conv_pool.cpp:168]   --->   Operation 99 'load' 'feat2_18_load_2' <Predicate = (!icmp_ln168)> <Delay = 2.77> <CoreInst = "RAM">   --->   Core 81 'RAM' <Latency = 1> <II = 1> <Delay = 2.77> <Storage> <Opcode : 'load' 'store'> <Ports = 2> <Width = 32> <Depth = 18369> <RAM>
ST_2 : Operation 100 [2/2] (2.77ns)   --->   "%feat2_19_load_2 = load i15 %feat2_19_addr_2" [../hls_files/conv_pool.cpp:168]   --->   Operation 100 'load' 'feat2_19_load_2' <Predicate = (!icmp_ln168)> <Delay = 2.77> <CoreInst = "RAM">   --->   Core 81 'RAM' <Latency = 1> <II = 1> <Delay = 2.77> <Storage> <Opcode : 'load' 'store'> <Ports = 2> <Width = 32> <Depth = 18369> <RAM>
ST_2 : Operation 101 [2/2] (2.77ns)   --->   "%feat2_20_load_2 = load i15 %feat2_20_addr_2" [../hls_files/conv_pool.cpp:168]   --->   Operation 101 'load' 'feat2_20_load_2' <Predicate = (!icmp_ln168)> <Delay = 2.77> <CoreInst = "RAM">   --->   Core 81 'RAM' <Latency = 1> <II = 1> <Delay = 2.77> <Storage> <Opcode : 'load' 'store'> <Ports = 2> <Width = 32> <Depth = 18369> <RAM>
ST_2 : Operation 102 [2/2] (2.77ns)   --->   "%feat2_21_load_2 = load i15 %feat2_21_addr_2" [../hls_files/conv_pool.cpp:168]   --->   Operation 102 'load' 'feat2_21_load_2' <Predicate = (!icmp_ln168)> <Delay = 2.77> <CoreInst = "RAM">   --->   Core 81 'RAM' <Latency = 1> <II = 1> <Delay = 2.77> <Storage> <Opcode : 'load' 'store'> <Ports = 2> <Width = 32> <Depth = 18369> <RAM>
ST_2 : Operation 103 [2/2] (2.77ns)   --->   "%feat2_22_load_2 = load i15 %feat2_22_addr_2" [../hls_files/conv_pool.cpp:168]   --->   Operation 103 'load' 'feat2_22_load_2' <Predicate = (!icmp_ln168)> <Delay = 2.77> <CoreInst = "RAM">   --->   Core 81 'RAM' <Latency = 1> <II = 1> <Delay = 2.77> <Storage> <Opcode : 'load' 'store'> <Ports = 2> <Width = 32> <Depth = 18369> <RAM>
ST_2 : Operation 104 [2/2] (2.77ns)   --->   "%feat2_23_load_2 = load i15 %feat2_23_addr_2" [../hls_files/conv_pool.cpp:168]   --->   Operation 104 'load' 'feat2_23_load_2' <Predicate = (!icmp_ln168)> <Delay = 2.77> <CoreInst = "RAM">   --->   Core 81 'RAM' <Latency = 1> <II = 1> <Delay = 2.77> <Storage> <Opcode : 'load' 'store'> <Ports = 2> <Width = 32> <Depth = 18369> <RAM>
ST_2 : Operation 105 [2/2] (2.77ns)   --->   "%feat2_24_load_2 = load i15 %feat2_24_addr_2" [../hls_files/conv_pool.cpp:168]   --->   Operation 105 'load' 'feat2_24_load_2' <Predicate = (!icmp_ln168)> <Delay = 2.77> <CoreInst = "RAM">   --->   Core 81 'RAM' <Latency = 1> <II = 1> <Delay = 2.77> <Storage> <Opcode : 'load' 'store'> <Ports = 2> <Width = 32> <Depth = 18369> <RAM>
ST_2 : Operation 106 [2/2] (2.77ns)   --->   "%feat2_25_load_2 = load i15 %feat2_25_addr_2" [../hls_files/conv_pool.cpp:168]   --->   Operation 106 'load' 'feat2_25_load_2' <Predicate = (!icmp_ln168)> <Delay = 2.77> <CoreInst = "RAM">   --->   Core 81 'RAM' <Latency = 1> <II = 1> <Delay = 2.77> <Storage> <Opcode : 'load' 'store'> <Ports = 2> <Width = 32> <Depth = 18369> <RAM>
ST_2 : Operation 107 [2/2] (2.77ns)   --->   "%p_ZZ9cnn_accelE5feat2_10_load_2 = load i15 %p_ZZ9cnn_accelE5feat2_10_addr_2" [../hls_files/conv_pool.cpp:168]   --->   Operation 107 'load' 'p_ZZ9cnn_accelE5feat2_10_load_2' <Predicate = (!icmp_ln168)> <Delay = 2.77> <CoreInst = "RAM">   --->   Core 81 'RAM' <Latency = 1> <II = 1> <Delay = 2.77> <Storage> <Opcode : 'load' 'store'> <Ports = 2> <Width = 32> <Depth = 18369> <RAM>
ST_2 : Operation 108 [2/2] (2.77ns)   --->   "%cnn_accel_feat2_long_unsigned_int128_signed_char_double_2_s = load i15 %p_ZZ9cnn_accelE5feat2_11_addr_2" [../hls_files/conv_pool.cpp:168]   --->   Operation 108 'load' 'cnn_accel_feat2_long_unsigned_int128_signed_char_double_2_s' <Predicate = (!icmp_ln168)> <Delay = 2.77> <CoreInst = "RAM">   --->   Core 81 'RAM' <Latency = 1> <II = 1> <Delay = 2.77> <Storage> <Opcode : 'load' 'store'> <Ports = 2> <Width = 32> <Depth = 18369> <RAM>
ST_2 : Operation 109 [2/2] (2.77ns)   --->   "%cnn_accel_feat2_l_unsigned_int128_signed_char_double_2_s = load i15 %p_ZZ9cnn_accelE5feat2_12_addr_2" [../hls_files/conv_pool.cpp:168]   --->   Operation 109 'load' 'cnn_accel_feat2_l_unsigned_int128_signed_char_double_2_s' <Predicate = (!icmp_ln168)> <Delay = 2.77> <CoreInst = "RAM">   --->   Core 81 'RAM' <Latency = 1> <II = 1> <Delay = 2.77> <Storage> <Opcode : 'load' 'store'> <Ports = 2> <Width = 32> <Depth = 18369> <RAM>
ST_2 : Operation 110 [2/2] (2.77ns)   --->   "%cnn_accel_feat2_lo_signed_char_double_2_s = load i15 %p_ZZ9cnn_accelE5feat2_13_addr_2" [../hls_files/conv_pool.cpp:168]   --->   Operation 110 'load' 'cnn_accel_feat2_lo_signed_char_double_2_s' <Predicate = (!icmp_ln168)> <Delay = 2.77> <CoreInst = "RAM">   --->   Core 81 'RAM' <Latency = 1> <II = 1> <Delay = 2.77> <Storage> <Opcode : 'load' 'store'> <Ports = 2> <Width = 32> <Depth = 18369> <RAM>
ST_2 : Operation 111 [2/2] (2.77ns)   --->   "%cnn_accel_feat2_loa_double_2_s = load i15 %p_ZZ9cnn_accelE5feat2_14_addr_2" [../hls_files/conv_pool.cpp:168]   --->   Operation 111 'load' 'cnn_accel_feat2_loa_double_2_s' <Predicate = (!icmp_ln168)> <Delay = 2.77> <CoreInst = "RAM">   --->   Core 81 'RAM' <Latency = 1> <II = 1> <Delay = 2.77> <Storage> <Opcode : 'load' 'store'> <Ports = 2> <Width = 32> <Depth = 18369> <RAM>
ST_2 : Operation 112 [2/2] (2.77ns)   --->   "%cnn_accel_feat2_load_2_s = load i15 %cnn_accel_feat2_addr_2_s" [../hls_files/conv_pool.cpp:168]   --->   Operation 112 'load' 'cnn_accel_feat2_load_2_s' <Predicate = (!icmp_ln168)> <Delay = 2.77> <CoreInst = "RAM">   --->   Core 81 'RAM' <Latency = 1> <II = 1> <Delay = 2.77> <Storage> <Opcode : 'load' 'store'> <Ports = 2> <Width = 32> <Depth = 18369> <RAM>
ST_2 : Operation 113 [1/1] (0.00ns)   --->   "%trunc_ln172 = trunc i5 %m_3_mid2" [../hls_files/conv_pool.cpp:172]   --->   Operation 113 'trunc' 'trunc_ln172' <Predicate = (!icmp_ln168)> <Delay = 0.00>
ST_2 : Operation 114 [1/1] (1.49ns)   --->   "%switch_ln180 = switch i4 %trunc_ln172, void %arrayidx33412.case.15, i4 0, void %arrayidx33412.case.0, i4 1, void %arrayidx33412.case.1, i4 2, void %arrayidx33412.case.2, i4 3, void %arrayidx33412.case.3, i4 4, void %arrayidx33412.case.4, i4 5, void %arrayidx33412.case.5, i4 6, void %arrayidx33412.case.6, i4 7, void %arrayidx33412.case.7, i4 8, void %arrayidx33412.case.8, i4 9, void %arrayidx33412.case.9, i4 10, void %arrayidx33412.case.10, i4 11, void %arrayidx33412.case.11, i4 12, void %arrayidx33412.case.12, i4 13, void %arrayidx33412.case.13, i4 14, void %arrayidx33412.case.14" [../hls_files/conv_pool.cpp:180]   --->   Operation 114 'switch' 'switch_ln180' <Predicate = (!icmp_ln168)> <Delay = 1.49>
ST_2 : Operation 115 [1/1] (0.00ns)   --->   "%br_ln180 = br void %arrayidx33412.exit" [../hls_files/conv_pool.cpp:180]   --->   Operation 115 'br' 'br_ln180' <Predicate = (!icmp_ln168 & trunc_ln172 == 14)> <Delay = 0.00>
ST_2 : Operation 116 [1/1] (0.00ns)   --->   "%br_ln180 = br void %arrayidx33412.exit" [../hls_files/conv_pool.cpp:180]   --->   Operation 116 'br' 'br_ln180' <Predicate = (!icmp_ln168 & trunc_ln172 == 13)> <Delay = 0.00>
ST_2 : Operation 117 [1/1] (0.00ns)   --->   "%br_ln180 = br void %arrayidx33412.exit" [../hls_files/conv_pool.cpp:180]   --->   Operation 117 'br' 'br_ln180' <Predicate = (!icmp_ln168 & trunc_ln172 == 12)> <Delay = 0.00>
ST_2 : Operation 118 [1/1] (0.00ns)   --->   "%br_ln180 = br void %arrayidx33412.exit" [../hls_files/conv_pool.cpp:180]   --->   Operation 118 'br' 'br_ln180' <Predicate = (!icmp_ln168 & trunc_ln172 == 11)> <Delay = 0.00>
ST_2 : Operation 119 [1/1] (0.00ns)   --->   "%br_ln180 = br void %arrayidx33412.exit" [../hls_files/conv_pool.cpp:180]   --->   Operation 119 'br' 'br_ln180' <Predicate = (!icmp_ln168 & trunc_ln172 == 10)> <Delay = 0.00>
ST_2 : Operation 120 [1/1] (0.00ns)   --->   "%br_ln180 = br void %arrayidx33412.exit" [../hls_files/conv_pool.cpp:180]   --->   Operation 120 'br' 'br_ln180' <Predicate = (!icmp_ln168 & trunc_ln172 == 9)> <Delay = 0.00>
ST_2 : Operation 121 [1/1] (0.00ns)   --->   "%br_ln180 = br void %arrayidx33412.exit" [../hls_files/conv_pool.cpp:180]   --->   Operation 121 'br' 'br_ln180' <Predicate = (!icmp_ln168 & trunc_ln172 == 8)> <Delay = 0.00>
ST_2 : Operation 122 [1/1] (0.00ns)   --->   "%br_ln180 = br void %arrayidx33412.exit" [../hls_files/conv_pool.cpp:180]   --->   Operation 122 'br' 'br_ln180' <Predicate = (!icmp_ln168 & trunc_ln172 == 7)> <Delay = 0.00>
ST_2 : Operation 123 [1/1] (0.00ns)   --->   "%br_ln180 = br void %arrayidx33412.exit" [../hls_files/conv_pool.cpp:180]   --->   Operation 123 'br' 'br_ln180' <Predicate = (!icmp_ln168 & trunc_ln172 == 6)> <Delay = 0.00>
ST_2 : Operation 124 [1/1] (0.00ns)   --->   "%br_ln180 = br void %arrayidx33412.exit" [../hls_files/conv_pool.cpp:180]   --->   Operation 124 'br' 'br_ln180' <Predicate = (!icmp_ln168 & trunc_ln172 == 5)> <Delay = 0.00>
ST_2 : Operation 125 [1/1] (0.00ns)   --->   "%br_ln180 = br void %arrayidx33412.exit" [../hls_files/conv_pool.cpp:180]   --->   Operation 125 'br' 'br_ln180' <Predicate = (!icmp_ln168 & trunc_ln172 == 4)> <Delay = 0.00>
ST_2 : Operation 126 [1/1] (0.00ns)   --->   "%br_ln180 = br void %arrayidx33412.exit" [../hls_files/conv_pool.cpp:180]   --->   Operation 126 'br' 'br_ln180' <Predicate = (!icmp_ln168 & trunc_ln172 == 3)> <Delay = 0.00>
ST_2 : Operation 127 [1/1] (0.00ns)   --->   "%br_ln180 = br void %arrayidx33412.exit" [../hls_files/conv_pool.cpp:180]   --->   Operation 127 'br' 'br_ln180' <Predicate = (!icmp_ln168 & trunc_ln172 == 2)> <Delay = 0.00>
ST_2 : Operation 128 [1/1] (0.00ns)   --->   "%br_ln180 = br void %arrayidx33412.exit" [../hls_files/conv_pool.cpp:180]   --->   Operation 128 'br' 'br_ln180' <Predicate = (!icmp_ln168 & trunc_ln172 == 1)> <Delay = 0.00>
ST_2 : Operation 129 [1/1] (0.00ns)   --->   "%br_ln180 = br void %arrayidx33412.exit" [../hls_files/conv_pool.cpp:180]   --->   Operation 129 'br' 'br_ln180' <Predicate = (!icmp_ln168 & trunc_ln172 == 0)> <Delay = 0.00>
ST_2 : Operation 130 [1/1] (0.00ns)   --->   "%br_ln180 = br void %arrayidx33412.exit" [../hls_files/conv_pool.cpp:180]   --->   Operation 130 'br' 'br_ln180' <Predicate = (!icmp_ln168 & trunc_ln172 == 15)> <Delay = 0.00>

State 3 <SV = 2> <Delay = 8.13>
ST_3 : Operation 131 [1/1] (0.00ns)   --->   "%select_ln168_1_cast = zext i6 %select_ln168_1" [../hls_files/conv_pool.cpp:168]   --->   Operation 131 'zext' 'select_ln168_1_cast' <Predicate = (!icmp_ln168)> <Delay = 0.00>
ST_3 : Operation 132 [3/3] (1.38ns) (grouped into DSP with root node empty_61)   --->   "%empty_58 = mul i13 %select_ln168_1_cast, i13 78" [../hls_files/conv_pool.cpp:168]   --->   Operation 132 'mul' 'empty_58' <Predicate = (!icmp_ln168)> <Delay = 1.38> <CoreInst = "DSP48">   --->   Core 116 'DSP48' <Latency = 3> <II = 1> <Delay = 1.82> <IPBlock> <Opcode : 'add' 'sub' 'mul' 'select'> <InPorts = 0> <OutPorts = 1> <Sync> <CReg>
ST_3 : Operation 133 [1/1] (0.00ns)   --->   "%tmp_2 = bitconcatenate i7 @_ssdm_op_BitConcatenate.i7.i6.i1, i6 %select_ln168_1, i1 1" [../hls_files/conv_pool.cpp:168]   --->   Operation 133 'bitconcatenate' 'tmp_2' <Predicate = (!icmp_ln168)> <Delay = 0.00>
ST_3 : Operation 134 [1/1] (0.00ns)   --->   "%tmp_38_cast = zext i7 %tmp_2" [../hls_files/conv_pool.cpp:168]   --->   Operation 134 'zext' 'tmp_38_cast' <Predicate = (!icmp_ln168)> <Delay = 0.00>
ST_3 : Operation 135 [1/1] (3.54ns)   --->   "%empty_60 = mul i15 %tmp_38_cast, i15 157" [../hls_files/conv_pool.cpp:168]   --->   Operation 135 'mul' 'empty_60' <Predicate = (!icmp_ln168)> <Delay = 3.54> <CoreInst = "Multiplier">   --->   Core 3 'Multiplier' <Latency = 0> <II = 1> <Delay = 3.54> <FuncUnit> <Opcode : 'mul'> <InPorts = 2> <OutPorts = 1>
ST_3 : Operation 136 [1/1] (1.82ns)   --->   "%empty_63 = add i15 %empty_60, i15 %tmp_39_cast" [../hls_files/conv_pool.cpp:168]   --->   Operation 136 'add' 'empty_63' <Predicate = (!icmp_ln168)> <Delay = 1.82> <CoreInst = "Adder">   --->   Core 1 'Adder' <Latency = 0> <II = 1> <Delay = 1.82> <FuncUnit> <Opcode : 'add' 'sub'> <InPorts = 2> <OutPorts = 1>
ST_3 : Operation 137 [1/1] (0.00ns)   --->   "%p_cast2 = zext i15 %empty_63" [../hls_files/conv_pool.cpp:168]   --->   Operation 137 'zext' 'p_cast2' <Predicate = (!icmp_ln168)> <Delay = 0.00>
ST_3 : Operation 138 [1/1] (0.00ns)   --->   "%p_ZZ9cnn_accelE5feat2_10_addr_1 = getelementptr i32 %p_ZZ9cnn_accelE5feat2_10, i64 0, i64 %p_cast2" [../hls_files/conv_pool.cpp:168]   --->   Operation 138 'getelementptr' 'p_ZZ9cnn_accelE5feat2_10_addr_1' <Predicate = (!icmp_ln168 & trunc_ln172 == 10)> <Delay = 0.00>
ST_3 : Operation 139 [1/1] (0.00ns)   --->   "%p_ZZ9cnn_accelE5feat2_11_addr_1 = getelementptr i32 %p_ZZ9cnn_accelE5feat2_11, i64 0, i64 %p_cast2" [../hls_files/conv_pool.cpp:168]   --->   Operation 139 'getelementptr' 'p_ZZ9cnn_accelE5feat2_11_addr_1' <Predicate = (!icmp_ln168 & trunc_ln172 == 11)> <Delay = 0.00>
ST_3 : Operation 140 [1/1] (0.00ns)   --->   "%p_ZZ9cnn_accelE5feat2_12_addr_1 = getelementptr i32 %p_ZZ9cnn_accelE5feat2_12, i64 0, i64 %p_cast2" [../hls_files/conv_pool.cpp:168]   --->   Operation 140 'getelementptr' 'p_ZZ9cnn_accelE5feat2_12_addr_1' <Predicate = (!icmp_ln168 & trunc_ln172 == 12)> <Delay = 0.00>
ST_3 : Operation 141 [1/1] (0.00ns)   --->   "%p_ZZ9cnn_accelE5feat2_13_addr_1 = getelementptr i32 %p_ZZ9cnn_accelE5feat2_13, i64 0, i64 %p_cast2" [../hls_files/conv_pool.cpp:168]   --->   Operation 141 'getelementptr' 'p_ZZ9cnn_accelE5feat2_13_addr_1' <Predicate = (!icmp_ln168 & trunc_ln172 == 13)> <Delay = 0.00>
ST_3 : Operation 142 [1/1] (0.00ns)   --->   "%p_ZZ9cnn_accelE5feat2_14_addr_1 = getelementptr i32 %p_ZZ9cnn_accelE5feat2_14, i64 0, i64 %p_cast2" [../hls_files/conv_pool.cpp:168]   --->   Operation 142 'getelementptr' 'p_ZZ9cnn_accelE5feat2_14_addr_1' <Predicate = (!icmp_ln168 & trunc_ln172 == 14)> <Delay = 0.00>
ST_3 : Operation 143 [1/1] (0.00ns)   --->   "%cnn_accel_feat2_addr_1_s = getelementptr i32 %p_ZZ9cnn_accelE5feat2_15, i64 0, i64 %p_cast2" [../hls_files/conv_pool.cpp:168]   --->   Operation 143 'getelementptr' 'cnn_accel_feat2_addr_1_s' <Predicate = (!icmp_ln168 & trunc_ln172 == 15)> <Delay = 0.00>
ST_3 : Operation 144 [1/1] (0.00ns)   --->   "%feat2_addr_1 = getelementptr i32 %feat2, i64 0, i64 %p_cast2" [../hls_files/conv_pool.cpp:168]   --->   Operation 144 'getelementptr' 'feat2_addr_1' <Predicate = (!icmp_ln168 & trunc_ln172 == 0)> <Delay = 0.00>
ST_3 : Operation 145 [1/1] (0.00ns)   --->   "%feat2_17_addr_1 = getelementptr i32 %feat2_17, i64 0, i64 %p_cast2" [../hls_files/conv_pool.cpp:168]   --->   Operation 145 'getelementptr' 'feat2_17_addr_1' <Predicate = (!icmp_ln168 & trunc_ln172 == 1)> <Delay = 0.00>
ST_3 : Operation 146 [1/1] (0.00ns)   --->   "%feat2_18_addr_1 = getelementptr i32 %feat2_18, i64 0, i64 %p_cast2" [../hls_files/conv_pool.cpp:168]   --->   Operation 146 'getelementptr' 'feat2_18_addr_1' <Predicate = (!icmp_ln168 & trunc_ln172 == 2)> <Delay = 0.00>
ST_3 : Operation 147 [1/1] (0.00ns)   --->   "%feat2_19_addr_1 = getelementptr i32 %feat2_19, i64 0, i64 %p_cast2" [../hls_files/conv_pool.cpp:168]   --->   Operation 147 'getelementptr' 'feat2_19_addr_1' <Predicate = (!icmp_ln168 & trunc_ln172 == 3)> <Delay = 0.00>
ST_3 : Operation 148 [1/1] (0.00ns)   --->   "%feat2_20_addr_1 = getelementptr i32 %feat2_20, i64 0, i64 %p_cast2" [../hls_files/conv_pool.cpp:168]   --->   Operation 148 'getelementptr' 'feat2_20_addr_1' <Predicate = (!icmp_ln168 & trunc_ln172 == 4)> <Delay = 0.00>
ST_3 : Operation 149 [1/1] (0.00ns)   --->   "%feat2_21_addr_1 = getelementptr i32 %feat2_21, i64 0, i64 %p_cast2" [../hls_files/conv_pool.cpp:168]   --->   Operation 149 'getelementptr' 'feat2_21_addr_1' <Predicate = (!icmp_ln168 & trunc_ln172 == 5)> <Delay = 0.00>
ST_3 : Operation 150 [1/1] (0.00ns)   --->   "%feat2_22_addr_1 = getelementptr i32 %feat2_22, i64 0, i64 %p_cast2" [../hls_files/conv_pool.cpp:168]   --->   Operation 150 'getelementptr' 'feat2_22_addr_1' <Predicate = (!icmp_ln168 & trunc_ln172 == 6)> <Delay = 0.00>
ST_3 : Operation 151 [1/1] (0.00ns)   --->   "%feat2_23_addr_1 = getelementptr i32 %feat2_23, i64 0, i64 %p_cast2" [../hls_files/conv_pool.cpp:168]   --->   Operation 151 'getelementptr' 'feat2_23_addr_1' <Predicate = (!icmp_ln168 & trunc_ln172 == 7)> <Delay = 0.00>
ST_3 : Operation 152 [1/1] (0.00ns)   --->   "%feat2_24_addr_1 = getelementptr i32 %feat2_24, i64 0, i64 %p_cast2" [../hls_files/conv_pool.cpp:168]   --->   Operation 152 'getelementptr' 'feat2_24_addr_1' <Predicate = (!icmp_ln168 & trunc_ln172 == 8)> <Delay = 0.00>
ST_3 : Operation 153 [1/1] (0.00ns)   --->   "%feat2_25_addr_1 = getelementptr i32 %feat2_25, i64 0, i64 %p_cast2" [../hls_files/conv_pool.cpp:168]   --->   Operation 153 'getelementptr' 'feat2_25_addr_1' <Predicate = (!icmp_ln168 & trunc_ln172 == 9)> <Delay = 0.00>
ST_3 : Operation 154 [1/1] (1.82ns)   --->   "%empty_65 = add i15 %empty_60, i15 %tmp_40_cast" [../hls_files/conv_pool.cpp:168]   --->   Operation 154 'add' 'empty_65' <Predicate = (!icmp_ln168)> <Delay = 1.82> <CoreInst = "Adder">   --->   Core 1 'Adder' <Latency = 0> <II = 1> <Delay = 1.82> <FuncUnit> <Opcode : 'add' 'sub'> <InPorts = 2> <OutPorts = 1>
ST_3 : Operation 155 [1/1] (0.00ns)   --->   "%p_cast4 = zext i15 %empty_65" [../hls_files/conv_pool.cpp:168]   --->   Operation 155 'zext' 'p_cast4' <Predicate = (!icmp_ln168)> <Delay = 0.00>
ST_3 : Operation 156 [1/1] (0.00ns)   --->   "%p_ZZ9cnn_accelE5feat2_10_addr_3 = getelementptr i32 %p_ZZ9cnn_accelE5feat2_10, i64 0, i64 %p_cast4" [../hls_files/conv_pool.cpp:168]   --->   Operation 156 'getelementptr' 'p_ZZ9cnn_accelE5feat2_10_addr_3' <Predicate = (!icmp_ln168 & trunc_ln172 == 10)> <Delay = 0.00>
ST_3 : Operation 157 [1/1] (0.00ns)   --->   "%p_ZZ9cnn_accelE5feat2_11_addr_3 = getelementptr i32 %p_ZZ9cnn_accelE5feat2_11, i64 0, i64 %p_cast4" [../hls_files/conv_pool.cpp:168]   --->   Operation 157 'getelementptr' 'p_ZZ9cnn_accelE5feat2_11_addr_3' <Predicate = (!icmp_ln168 & trunc_ln172 == 11)> <Delay = 0.00>
ST_3 : Operation 158 [1/1] (0.00ns)   --->   "%p_ZZ9cnn_accelE5feat2_12_addr_3 = getelementptr i32 %p_ZZ9cnn_accelE5feat2_12, i64 0, i64 %p_cast4" [../hls_files/conv_pool.cpp:168]   --->   Operation 158 'getelementptr' 'p_ZZ9cnn_accelE5feat2_12_addr_3' <Predicate = (!icmp_ln168 & trunc_ln172 == 12)> <Delay = 0.00>
ST_3 : Operation 159 [1/1] (0.00ns)   --->   "%p_ZZ9cnn_accelE5feat2_13_addr_3 = getelementptr i32 %p_ZZ9cnn_accelE5feat2_13, i64 0, i64 %p_cast4" [../hls_files/conv_pool.cpp:168]   --->   Operation 159 'getelementptr' 'p_ZZ9cnn_accelE5feat2_13_addr_3' <Predicate = (!icmp_ln168 & trunc_ln172 == 13)> <Delay = 0.00>
ST_3 : Operation 160 [1/1] (0.00ns)   --->   "%p_ZZ9cnn_accelE5feat2_14_addr_3 = getelementptr i32 %p_ZZ9cnn_accelE5feat2_14, i64 0, i64 %p_cast4" [../hls_files/conv_pool.cpp:168]   --->   Operation 160 'getelementptr' 'p_ZZ9cnn_accelE5feat2_14_addr_3' <Predicate = (!icmp_ln168 & trunc_ln172 == 14)> <Delay = 0.00>
ST_3 : Operation 161 [1/1] (0.00ns)   --->   "%cnn_accel_feat2_addr_3_s = getelementptr i32 %p_ZZ9cnn_accelE5feat2_15, i64 0, i64 %p_cast4" [../hls_files/conv_pool.cpp:168]   --->   Operation 161 'getelementptr' 'cnn_accel_feat2_addr_3_s' <Predicate = (!icmp_ln168 & trunc_ln172 == 15)> <Delay = 0.00>
ST_3 : Operation 162 [1/1] (0.00ns)   --->   "%feat2_addr_3 = getelementptr i32 %feat2, i64 0, i64 %p_cast4" [../hls_files/conv_pool.cpp:168]   --->   Operation 162 'getelementptr' 'feat2_addr_3' <Predicate = (!icmp_ln168 & trunc_ln172 == 0)> <Delay = 0.00>
ST_3 : Operation 163 [1/1] (0.00ns)   --->   "%feat2_17_addr_3 = getelementptr i32 %feat2_17, i64 0, i64 %p_cast4" [../hls_files/conv_pool.cpp:168]   --->   Operation 163 'getelementptr' 'feat2_17_addr_3' <Predicate = (!icmp_ln168 & trunc_ln172 == 1)> <Delay = 0.00>
ST_3 : Operation 164 [1/1] (0.00ns)   --->   "%feat2_18_addr_3 = getelementptr i32 %feat2_18, i64 0, i64 %p_cast4" [../hls_files/conv_pool.cpp:168]   --->   Operation 164 'getelementptr' 'feat2_18_addr_3' <Predicate = (!icmp_ln168 & trunc_ln172 == 2)> <Delay = 0.00>
ST_3 : Operation 165 [1/1] (0.00ns)   --->   "%feat2_19_addr_3 = getelementptr i32 %feat2_19, i64 0, i64 %p_cast4" [../hls_files/conv_pool.cpp:168]   --->   Operation 165 'getelementptr' 'feat2_19_addr_3' <Predicate = (!icmp_ln168 & trunc_ln172 == 3)> <Delay = 0.00>
ST_3 : Operation 166 [1/1] (0.00ns)   --->   "%feat2_20_addr_3 = getelementptr i32 %feat2_20, i64 0, i64 %p_cast4" [../hls_files/conv_pool.cpp:168]   --->   Operation 166 'getelementptr' 'feat2_20_addr_3' <Predicate = (!icmp_ln168 & trunc_ln172 == 4)> <Delay = 0.00>
ST_3 : Operation 167 [1/1] (0.00ns)   --->   "%feat2_21_addr_3 = getelementptr i32 %feat2_21, i64 0, i64 %p_cast4" [../hls_files/conv_pool.cpp:168]   --->   Operation 167 'getelementptr' 'feat2_21_addr_3' <Predicate = (!icmp_ln168 & trunc_ln172 == 5)> <Delay = 0.00>
ST_3 : Operation 168 [1/1] (0.00ns)   --->   "%feat2_22_addr_3 = getelementptr i32 %feat2_22, i64 0, i64 %p_cast4" [../hls_files/conv_pool.cpp:168]   --->   Operation 168 'getelementptr' 'feat2_22_addr_3' <Predicate = (!icmp_ln168 & trunc_ln172 == 6)> <Delay = 0.00>
ST_3 : Operation 169 [1/1] (0.00ns)   --->   "%feat2_23_addr_3 = getelementptr i32 %feat2_23, i64 0, i64 %p_cast4" [../hls_files/conv_pool.cpp:168]   --->   Operation 169 'getelementptr' 'feat2_23_addr_3' <Predicate = (!icmp_ln168 & trunc_ln172 == 7)> <Delay = 0.00>
ST_3 : Operation 170 [1/1] (0.00ns)   --->   "%feat2_24_addr_3 = getelementptr i32 %feat2_24, i64 0, i64 %p_cast4" [../hls_files/conv_pool.cpp:168]   --->   Operation 170 'getelementptr' 'feat2_24_addr_3' <Predicate = (!icmp_ln168 & trunc_ln172 == 8)> <Delay = 0.00>
ST_3 : Operation 171 [1/1] (0.00ns)   --->   "%feat2_25_addr_3 = getelementptr i32 %feat2_25, i64 0, i64 %p_cast4" [../hls_files/conv_pool.cpp:168]   --->   Operation 171 'getelementptr' 'feat2_25_addr_3' <Predicate = (!icmp_ln168 & trunc_ln172 == 9)> <Delay = 0.00>
ST_3 : Operation 172 [1/2] ( I:2.77ns O:2.77ns )   --->   "%feat2_load = load i15 %feat2_addr" [../hls_files/conv_pool.cpp:168]   --->   Operation 172 'load' 'feat2_load' <Predicate = (!icmp_ln168)> <Delay = 2.77> <CoreInst = "RAM">   --->   Core 81 'RAM' <Latency = 1> <II = 1> <Delay = 2.77> <Storage> <Opcode : 'load' 'store'> <Ports = 2> <Width = 32> <Depth = 18369> <RAM>
ST_3 : Operation 173 [1/2] ( I:2.77ns O:2.77ns )   --->   "%feat2_17_load = load i15 %feat2_17_addr" [../hls_files/conv_pool.cpp:168]   --->   Operation 173 'load' 'feat2_17_load' <Predicate = (!icmp_ln168)> <Delay = 2.77> <CoreInst = "RAM">   --->   Core 81 'RAM' <Latency = 1> <II = 1> <Delay = 2.77> <Storage> <Opcode : 'load' 'store'> <Ports = 2> <Width = 32> <Depth = 18369> <RAM>
ST_3 : Operation 174 [1/2] ( I:2.77ns O:2.77ns )   --->   "%feat2_18_load = load i15 %feat2_18_addr" [../hls_files/conv_pool.cpp:168]   --->   Operation 174 'load' 'feat2_18_load' <Predicate = (!icmp_ln168)> <Delay = 2.77> <CoreInst = "RAM">   --->   Core 81 'RAM' <Latency = 1> <II = 1> <Delay = 2.77> <Storage> <Opcode : 'load' 'store'> <Ports = 2> <Width = 32> <Depth = 18369> <RAM>
ST_3 : Operation 175 [1/2] ( I:2.77ns O:2.77ns )   --->   "%feat2_19_load = load i15 %feat2_19_addr" [../hls_files/conv_pool.cpp:168]   --->   Operation 175 'load' 'feat2_19_load' <Predicate = (!icmp_ln168)> <Delay = 2.77> <CoreInst = "RAM">   --->   Core 81 'RAM' <Latency = 1> <II = 1> <Delay = 2.77> <Storage> <Opcode : 'load' 'store'> <Ports = 2> <Width = 32> <Depth = 18369> <RAM>
ST_3 : Operation 176 [1/2] ( I:2.77ns O:2.77ns )   --->   "%feat2_20_load = load i15 %feat2_20_addr" [../hls_files/conv_pool.cpp:168]   --->   Operation 176 'load' 'feat2_20_load' <Predicate = (!icmp_ln168)> <Delay = 2.77> <CoreInst = "RAM">   --->   Core 81 'RAM' <Latency = 1> <II = 1> <Delay = 2.77> <Storage> <Opcode : 'load' 'store'> <Ports = 2> <Width = 32> <Depth = 18369> <RAM>
ST_3 : Operation 177 [1/2] ( I:2.77ns O:2.77ns )   --->   "%feat2_21_load = load i15 %feat2_21_addr" [../hls_files/conv_pool.cpp:168]   --->   Operation 177 'load' 'feat2_21_load' <Predicate = (!icmp_ln168)> <Delay = 2.77> <CoreInst = "RAM">   --->   Core 81 'RAM' <Latency = 1> <II = 1> <Delay = 2.77> <Storage> <Opcode : 'load' 'store'> <Ports = 2> <Width = 32> <Depth = 18369> <RAM>
ST_3 : Operation 178 [1/2] ( I:2.77ns O:2.77ns )   --->   "%feat2_22_load = load i15 %feat2_22_addr" [../hls_files/conv_pool.cpp:168]   --->   Operation 178 'load' 'feat2_22_load' <Predicate = (!icmp_ln168)> <Delay = 2.77> <CoreInst = "RAM">   --->   Core 81 'RAM' <Latency = 1> <II = 1> <Delay = 2.77> <Storage> <Opcode : 'load' 'store'> <Ports = 2> <Width = 32> <Depth = 18369> <RAM>
ST_3 : Operation 179 [1/2] ( I:2.77ns O:2.77ns )   --->   "%feat2_23_load = load i15 %feat2_23_addr" [../hls_files/conv_pool.cpp:168]   --->   Operation 179 'load' 'feat2_23_load' <Predicate = (!icmp_ln168)> <Delay = 2.77> <CoreInst = "RAM">   --->   Core 81 'RAM' <Latency = 1> <II = 1> <Delay = 2.77> <Storage> <Opcode : 'load' 'store'> <Ports = 2> <Width = 32> <Depth = 18369> <RAM>
ST_3 : Operation 180 [1/2] ( I:2.77ns O:2.77ns )   --->   "%feat2_24_load = load i15 %feat2_24_addr" [../hls_files/conv_pool.cpp:168]   --->   Operation 180 'load' 'feat2_24_load' <Predicate = (!icmp_ln168)> <Delay = 2.77> <CoreInst = "RAM">   --->   Core 81 'RAM' <Latency = 1> <II = 1> <Delay = 2.77> <Storage> <Opcode : 'load' 'store'> <Ports = 2> <Width = 32> <Depth = 18369> <RAM>
ST_3 : Operation 181 [1/2] ( I:2.77ns O:2.77ns )   --->   "%feat2_25_load = load i15 %feat2_25_addr" [../hls_files/conv_pool.cpp:168]   --->   Operation 181 'load' 'feat2_25_load' <Predicate = (!icmp_ln168)> <Delay = 2.77> <CoreInst = "RAM">   --->   Core 81 'RAM' <Latency = 1> <II = 1> <Delay = 2.77> <Storage> <Opcode : 'load' 'store'> <Ports = 2> <Width = 32> <Depth = 18369> <RAM>
ST_3 : Operation 182 [1/2] ( I:2.77ns O:2.77ns )   --->   "%p_ZZ9cnn_accelE5feat2_10_load = load i15 %p_ZZ9cnn_accelE5feat2_10_addr" [../hls_files/conv_pool.cpp:168]   --->   Operation 182 'load' 'p_ZZ9cnn_accelE5feat2_10_load' <Predicate = (!icmp_ln168)> <Delay = 2.77> <CoreInst = "RAM">   --->   Core 81 'RAM' <Latency = 1> <II = 1> <Delay = 2.77> <Storage> <Opcode : 'load' 'store'> <Ports = 2> <Width = 32> <Depth = 18369> <RAM>
ST_3 : Operation 183 [1/2] ( I:2.77ns O:2.77ns )   --->   "%cnn_accel_feat2_66 = load i15 %p_ZZ9cnn_accelE5feat2_11_addr" [../hls_files/conv_pool.cpp:168]   --->   Operation 183 'load' 'cnn_accel_feat2_66' <Predicate = (!icmp_ln168)> <Delay = 2.77> <CoreInst = "RAM">   --->   Core 81 'RAM' <Latency = 1> <II = 1> <Delay = 2.77> <Storage> <Opcode : 'load' 'store'> <Ports = 2> <Width = 32> <Depth = 18369> <RAM>
ST_3 : Operation 184 [1/2] ( I:2.77ns O:2.77ns )   --->   "%cnn_accel_feat2_67 = load i15 %p_ZZ9cnn_accelE5feat2_12_addr" [../hls_files/conv_pool.cpp:168]   --->   Operation 184 'load' 'cnn_accel_feat2_67' <Predicate = (!icmp_ln168)> <Delay = 2.77> <CoreInst = "RAM">   --->   Core 81 'RAM' <Latency = 1> <II = 1> <Delay = 2.77> <Storage> <Opcode : 'load' 'store'> <Ports = 2> <Width = 32> <Depth = 18369> <RAM>
ST_3 : Operation 185 [1/2] ( I:2.77ns O:2.77ns )   --->   "%cnn_accel_feat2_68 = load i15 %p_ZZ9cnn_accelE5feat2_13_addr" [../hls_files/conv_pool.cpp:168]   --->   Operation 185 'load' 'cnn_accel_feat2_68' <Predicate = (!icmp_ln168)> <Delay = 2.77> <CoreInst = "RAM">   --->   Core 81 'RAM' <Latency = 1> <II = 1> <Delay = 2.77> <Storage> <Opcode : 'load' 'store'> <Ports = 2> <Width = 32> <Depth = 18369> <RAM>
ST_3 : Operation 186 [1/2] ( I:2.77ns O:2.77ns )   --->   "%cnn_accel_feat2_69 = load i15 %p_ZZ9cnn_accelE5feat2_14_addr" [../hls_files/conv_pool.cpp:168]   --->   Operation 186 'load' 'cnn_accel_feat2_69' <Predicate = (!icmp_ln168)> <Delay = 2.77> <CoreInst = "RAM">   --->   Core 81 'RAM' <Latency = 1> <II = 1> <Delay = 2.77> <Storage> <Opcode : 'load' 'store'> <Ports = 2> <Width = 32> <Depth = 18369> <RAM>
ST_3 : Operation 187 [1/2] ( I:2.77ns O:2.77ns )   --->   "%cnn_accel_feat2_70 = load i15 %cnn_accel_feat2" [../hls_files/conv_pool.cpp:168]   --->   Operation 187 'load' 'cnn_accel_feat2_70' <Predicate = (!icmp_ln168)> <Delay = 2.77> <CoreInst = "RAM">   --->   Core 81 'RAM' <Latency = 1> <II = 1> <Delay = 2.77> <Storage> <Opcode : 'load' 'store'> <Ports = 2> <Width = 32> <Depth = 18369> <RAM>
ST_3 : Operation 188 [2/2] (2.77ns)   --->   "%feat2_load_1 = load i15 %feat2_addr_1" [../hls_files/conv_pool.cpp:168]   --->   Operation 188 'load' 'feat2_load_1' <Predicate = (!icmp_ln168 & trunc_ln172 == 0)> <Delay = 2.77> <CoreInst = "RAM">   --->   Core 81 'RAM' <Latency = 1> <II = 1> <Delay = 2.77> <Storage> <Opcode : 'load' 'store'> <Ports = 2> <Width = 32> <Depth = 18369> <RAM>
ST_3 : Operation 189 [2/2] (2.77ns)   --->   "%feat2_17_load_1 = load i15 %feat2_17_addr_1" [../hls_files/conv_pool.cpp:168]   --->   Operation 189 'load' 'feat2_17_load_1' <Predicate = (!icmp_ln168 & trunc_ln172 == 1)> <Delay = 2.77> <CoreInst = "RAM">   --->   Core 81 'RAM' <Latency = 1> <II = 1> <Delay = 2.77> <Storage> <Opcode : 'load' 'store'> <Ports = 2> <Width = 32> <Depth = 18369> <RAM>
ST_3 : Operation 190 [2/2] (2.77ns)   --->   "%feat2_18_load_1 = load i15 %feat2_18_addr_1" [../hls_files/conv_pool.cpp:168]   --->   Operation 190 'load' 'feat2_18_load_1' <Predicate = (!icmp_ln168 & trunc_ln172 == 2)> <Delay = 2.77> <CoreInst = "RAM">   --->   Core 81 'RAM' <Latency = 1> <II = 1> <Delay = 2.77> <Storage> <Opcode : 'load' 'store'> <Ports = 2> <Width = 32> <Depth = 18369> <RAM>
ST_3 : Operation 191 [2/2] (2.77ns)   --->   "%feat2_19_load_1 = load i15 %feat2_19_addr_1" [../hls_files/conv_pool.cpp:168]   --->   Operation 191 'load' 'feat2_19_load_1' <Predicate = (!icmp_ln168 & trunc_ln172 == 3)> <Delay = 2.77> <CoreInst = "RAM">   --->   Core 81 'RAM' <Latency = 1> <II = 1> <Delay = 2.77> <Storage> <Opcode : 'load' 'store'> <Ports = 2> <Width = 32> <Depth = 18369> <RAM>
ST_3 : Operation 192 [2/2] (2.77ns)   --->   "%feat2_20_load_1 = load i15 %feat2_20_addr_1" [../hls_files/conv_pool.cpp:168]   --->   Operation 192 'load' 'feat2_20_load_1' <Predicate = (!icmp_ln168 & trunc_ln172 == 4)> <Delay = 2.77> <CoreInst = "RAM">   --->   Core 81 'RAM' <Latency = 1> <II = 1> <Delay = 2.77> <Storage> <Opcode : 'load' 'store'> <Ports = 2> <Width = 32> <Depth = 18369> <RAM>
ST_3 : Operation 193 [2/2] (2.77ns)   --->   "%feat2_21_load_1 = load i15 %feat2_21_addr_1" [../hls_files/conv_pool.cpp:168]   --->   Operation 193 'load' 'feat2_21_load_1' <Predicate = (!icmp_ln168 & trunc_ln172 == 5)> <Delay = 2.77> <CoreInst = "RAM">   --->   Core 81 'RAM' <Latency = 1> <II = 1> <Delay = 2.77> <Storage> <Opcode : 'load' 'store'> <Ports = 2> <Width = 32> <Depth = 18369> <RAM>
ST_3 : Operation 194 [2/2] (2.77ns)   --->   "%feat2_22_load_1 = load i15 %feat2_22_addr_1" [../hls_files/conv_pool.cpp:168]   --->   Operation 194 'load' 'feat2_22_load_1' <Predicate = (!icmp_ln168 & trunc_ln172 == 6)> <Delay = 2.77> <CoreInst = "RAM">   --->   Core 81 'RAM' <Latency = 1> <II = 1> <Delay = 2.77> <Storage> <Opcode : 'load' 'store'> <Ports = 2> <Width = 32> <Depth = 18369> <RAM>
ST_3 : Operation 195 [2/2] (2.77ns)   --->   "%feat2_23_load_1 = load i15 %feat2_23_addr_1" [../hls_files/conv_pool.cpp:168]   --->   Operation 195 'load' 'feat2_23_load_1' <Predicate = (!icmp_ln168 & trunc_ln172 == 7)> <Delay = 2.77> <CoreInst = "RAM">   --->   Core 81 'RAM' <Latency = 1> <II = 1> <Delay = 2.77> <Storage> <Opcode : 'load' 'store'> <Ports = 2> <Width = 32> <Depth = 18369> <RAM>
ST_3 : Operation 196 [2/2] (2.77ns)   --->   "%feat2_24_load_1 = load i15 %feat2_24_addr_1" [../hls_files/conv_pool.cpp:168]   --->   Operation 196 'load' 'feat2_24_load_1' <Predicate = (!icmp_ln168 & trunc_ln172 == 8)> <Delay = 2.77> <CoreInst = "RAM">   --->   Core 81 'RAM' <Latency = 1> <II = 1> <Delay = 2.77> <Storage> <Opcode : 'load' 'store'> <Ports = 2> <Width = 32> <Depth = 18369> <RAM>
ST_3 : Operation 197 [2/2] (2.77ns)   --->   "%feat2_25_load_1 = load i15 %feat2_25_addr_1" [../hls_files/conv_pool.cpp:168]   --->   Operation 197 'load' 'feat2_25_load_1' <Predicate = (!icmp_ln168 & trunc_ln172 == 9)> <Delay = 2.77> <CoreInst = "RAM">   --->   Core 81 'RAM' <Latency = 1> <II = 1> <Delay = 2.77> <Storage> <Opcode : 'load' 'store'> <Ports = 2> <Width = 32> <Depth = 18369> <RAM>
ST_3 : Operation 198 [2/2] (2.77ns)   --->   "%p_ZZ9cnn_accelE5feat2_10_load_1 = load i15 %p_ZZ9cnn_accelE5feat2_10_addr_1" [../hls_files/conv_pool.cpp:168]   --->   Operation 198 'load' 'p_ZZ9cnn_accelE5feat2_10_load_1' <Predicate = (!icmp_ln168 & trunc_ln172 == 10)> <Delay = 2.77> <CoreInst = "RAM">   --->   Core 81 'RAM' <Latency = 1> <II = 1> <Delay = 2.77> <Storage> <Opcode : 'load' 'store'> <Ports = 2> <Width = 32> <Depth = 18369> <RAM>
ST_3 : Operation 199 [2/2] (2.77ns)   --->   "%cnn_accel_feat2_long_unsigned_int128_signed_char_double_1_s = load i15 %p_ZZ9cnn_accelE5feat2_11_addr_1" [../hls_files/conv_pool.cpp:168]   --->   Operation 199 'load' 'cnn_accel_feat2_long_unsigned_int128_signed_char_double_1_s' <Predicate = (!icmp_ln168 & trunc_ln172 == 11)> <Delay = 2.77> <CoreInst = "RAM">   --->   Core 81 'RAM' <Latency = 1> <II = 1> <Delay = 2.77> <Storage> <Opcode : 'load' 'store'> <Ports = 2> <Width = 32> <Depth = 18369> <RAM>
ST_3 : Operation 200 [2/2] (2.77ns)   --->   "%cnn_accel_feat2_l_unsigned_int128_signed_char_double_1_s = load i15 %p_ZZ9cnn_accelE5feat2_12_addr_1" [../hls_files/conv_pool.cpp:168]   --->   Operation 200 'load' 'cnn_accel_feat2_l_unsigned_int128_signed_char_double_1_s' <Predicate = (!icmp_ln168 & trunc_ln172 == 12)> <Delay = 2.77> <CoreInst = "RAM">   --->   Core 81 'RAM' <Latency = 1> <II = 1> <Delay = 2.77> <Storage> <Opcode : 'load' 'store'> <Ports = 2> <Width = 32> <Depth = 18369> <RAM>
ST_3 : Operation 201 [2/2] (2.77ns)   --->   "%cnn_accel_feat2_lo_signed_char_double_1_s = load i15 %p_ZZ9cnn_accelE5feat2_13_addr_1" [../hls_files/conv_pool.cpp:168]   --->   Operation 201 'load' 'cnn_accel_feat2_lo_signed_char_double_1_s' <Predicate = (!icmp_ln168 & trunc_ln172 == 13)> <Delay = 2.77> <CoreInst = "RAM">   --->   Core 81 'RAM' <Latency = 1> <II = 1> <Delay = 2.77> <Storage> <Opcode : 'load' 'store'> <Ports = 2> <Width = 32> <Depth = 18369> <RAM>
ST_3 : Operation 202 [2/2] (2.77ns)   --->   "%cnn_accel_feat2_loa_double_1_s = load i15 %p_ZZ9cnn_accelE5feat2_14_addr_1" [../hls_files/conv_pool.cpp:168]   --->   Operation 202 'load' 'cnn_accel_feat2_loa_double_1_s' <Predicate = (!icmp_ln168 & trunc_ln172 == 14)> <Delay = 2.77> <CoreInst = "RAM">   --->   Core 81 'RAM' <Latency = 1> <II = 1> <Delay = 2.77> <Storage> <Opcode : 'load' 'store'> <Ports = 2> <Width = 32> <Depth = 18369> <RAM>
ST_3 : Operation 203 [2/2] (2.77ns)   --->   "%cnn_accel_feat2_load_1_s = load i15 %cnn_accel_feat2_addr_1_s" [../hls_files/conv_pool.cpp:168]   --->   Operation 203 'load' 'cnn_accel_feat2_load_1_s' <Predicate = (!icmp_ln168 & trunc_ln172 == 15)> <Delay = 2.77> <CoreInst = "RAM">   --->   Core 81 'RAM' <Latency = 1> <II = 1> <Delay = 2.77> <Storage> <Opcode : 'load' 'store'> <Ports = 2> <Width = 32> <Depth = 18369> <RAM>
ST_3 : Operation 204 [1/2] ( I:2.77ns O:2.77ns )   --->   "%feat2_load_2 = load i15 %feat2_addr_2" [../hls_files/conv_pool.cpp:168]   --->   Operation 204 'load' 'feat2_load_2' <Predicate = (!icmp_ln168)> <Delay = 2.77> <CoreInst = "RAM">   --->   Core 81 'RAM' <Latency = 1> <II = 1> <Delay = 2.77> <Storage> <Opcode : 'load' 'store'> <Ports = 2> <Width = 32> <Depth = 18369> <RAM>
ST_3 : Operation 205 [1/2] ( I:2.77ns O:2.77ns )   --->   "%feat2_17_load_2 = load i15 %feat2_17_addr_2" [../hls_files/conv_pool.cpp:168]   --->   Operation 205 'load' 'feat2_17_load_2' <Predicate = (!icmp_ln168)> <Delay = 2.77> <CoreInst = "RAM">   --->   Core 81 'RAM' <Latency = 1> <II = 1> <Delay = 2.77> <Storage> <Opcode : 'load' 'store'> <Ports = 2> <Width = 32> <Depth = 18369> <RAM>
ST_3 : Operation 206 [1/2] ( I:2.77ns O:2.77ns )   --->   "%feat2_18_load_2 = load i15 %feat2_18_addr_2" [../hls_files/conv_pool.cpp:168]   --->   Operation 206 'load' 'feat2_18_load_2' <Predicate = (!icmp_ln168)> <Delay = 2.77> <CoreInst = "RAM">   --->   Core 81 'RAM' <Latency = 1> <II = 1> <Delay = 2.77> <Storage> <Opcode : 'load' 'store'> <Ports = 2> <Width = 32> <Depth = 18369> <RAM>
ST_3 : Operation 207 [1/2] ( I:2.77ns O:2.77ns )   --->   "%feat2_19_load_2 = load i15 %feat2_19_addr_2" [../hls_files/conv_pool.cpp:168]   --->   Operation 207 'load' 'feat2_19_load_2' <Predicate = (!icmp_ln168)> <Delay = 2.77> <CoreInst = "RAM">   --->   Core 81 'RAM' <Latency = 1> <II = 1> <Delay = 2.77> <Storage> <Opcode : 'load' 'store'> <Ports = 2> <Width = 32> <Depth = 18369> <RAM>
ST_3 : Operation 208 [1/2] ( I:2.77ns O:2.77ns )   --->   "%feat2_20_load_2 = load i15 %feat2_20_addr_2" [../hls_files/conv_pool.cpp:168]   --->   Operation 208 'load' 'feat2_20_load_2' <Predicate = (!icmp_ln168)> <Delay = 2.77> <CoreInst = "RAM">   --->   Core 81 'RAM' <Latency = 1> <II = 1> <Delay = 2.77> <Storage> <Opcode : 'load' 'store'> <Ports = 2> <Width = 32> <Depth = 18369> <RAM>
ST_3 : Operation 209 [1/2] ( I:2.77ns O:2.77ns )   --->   "%feat2_21_load_2 = load i15 %feat2_21_addr_2" [../hls_files/conv_pool.cpp:168]   --->   Operation 209 'load' 'feat2_21_load_2' <Predicate = (!icmp_ln168)> <Delay = 2.77> <CoreInst = "RAM">   --->   Core 81 'RAM' <Latency = 1> <II = 1> <Delay = 2.77> <Storage> <Opcode : 'load' 'store'> <Ports = 2> <Width = 32> <Depth = 18369> <RAM>
ST_3 : Operation 210 [1/2] ( I:2.77ns O:2.77ns )   --->   "%feat2_22_load_2 = load i15 %feat2_22_addr_2" [../hls_files/conv_pool.cpp:168]   --->   Operation 210 'load' 'feat2_22_load_2' <Predicate = (!icmp_ln168)> <Delay = 2.77> <CoreInst = "RAM">   --->   Core 81 'RAM' <Latency = 1> <II = 1> <Delay = 2.77> <Storage> <Opcode : 'load' 'store'> <Ports = 2> <Width = 32> <Depth = 18369> <RAM>
ST_3 : Operation 211 [1/2] ( I:2.77ns O:2.77ns )   --->   "%feat2_23_load_2 = load i15 %feat2_23_addr_2" [../hls_files/conv_pool.cpp:168]   --->   Operation 211 'load' 'feat2_23_load_2' <Predicate = (!icmp_ln168)> <Delay = 2.77> <CoreInst = "RAM">   --->   Core 81 'RAM' <Latency = 1> <II = 1> <Delay = 2.77> <Storage> <Opcode : 'load' 'store'> <Ports = 2> <Width = 32> <Depth = 18369> <RAM>
ST_3 : Operation 212 [1/2] ( I:2.77ns O:2.77ns )   --->   "%feat2_24_load_2 = load i15 %feat2_24_addr_2" [../hls_files/conv_pool.cpp:168]   --->   Operation 212 'load' 'feat2_24_load_2' <Predicate = (!icmp_ln168)> <Delay = 2.77> <CoreInst = "RAM">   --->   Core 81 'RAM' <Latency = 1> <II = 1> <Delay = 2.77> <Storage> <Opcode : 'load' 'store'> <Ports = 2> <Width = 32> <Depth = 18369> <RAM>
ST_3 : Operation 213 [1/2] ( I:2.77ns O:2.77ns )   --->   "%feat2_25_load_2 = load i15 %feat2_25_addr_2" [../hls_files/conv_pool.cpp:168]   --->   Operation 213 'load' 'feat2_25_load_2' <Predicate = (!icmp_ln168)> <Delay = 2.77> <CoreInst = "RAM">   --->   Core 81 'RAM' <Latency = 1> <II = 1> <Delay = 2.77> <Storage> <Opcode : 'load' 'store'> <Ports = 2> <Width = 32> <Depth = 18369> <RAM>
ST_3 : Operation 214 [1/2] ( I:2.77ns O:2.77ns )   --->   "%p_ZZ9cnn_accelE5feat2_10_load_2 = load i15 %p_ZZ9cnn_accelE5feat2_10_addr_2" [../hls_files/conv_pool.cpp:168]   --->   Operation 214 'load' 'p_ZZ9cnn_accelE5feat2_10_load_2' <Predicate = (!icmp_ln168)> <Delay = 2.77> <CoreInst = "RAM">   --->   Core 81 'RAM' <Latency = 1> <II = 1> <Delay = 2.77> <Storage> <Opcode : 'load' 'store'> <Ports = 2> <Width = 32> <Depth = 18369> <RAM>
ST_3 : Operation 215 [1/2] ( I:2.77ns O:2.77ns )   --->   "%cnn_accel_feat2_long_unsigned_int128_signed_char_double_2_s = load i15 %p_ZZ9cnn_accelE5feat2_11_addr_2" [../hls_files/conv_pool.cpp:168]   --->   Operation 215 'load' 'cnn_accel_feat2_long_unsigned_int128_signed_char_double_2_s' <Predicate = (!icmp_ln168)> <Delay = 2.77> <CoreInst = "RAM">   --->   Core 81 'RAM' <Latency = 1> <II = 1> <Delay = 2.77> <Storage> <Opcode : 'load' 'store'> <Ports = 2> <Width = 32> <Depth = 18369> <RAM>
ST_3 : Operation 216 [1/2] ( I:2.77ns O:2.77ns )   --->   "%cnn_accel_feat2_l_unsigned_int128_signed_char_double_2_s = load i15 %p_ZZ9cnn_accelE5feat2_12_addr_2" [../hls_files/conv_pool.cpp:168]   --->   Operation 216 'load' 'cnn_accel_feat2_l_unsigned_int128_signed_char_double_2_s' <Predicate = (!icmp_ln168)> <Delay = 2.77> <CoreInst = "RAM">   --->   Core 81 'RAM' <Latency = 1> <II = 1> <Delay = 2.77> <Storage> <Opcode : 'load' 'store'> <Ports = 2> <Width = 32> <Depth = 18369> <RAM>
ST_3 : Operation 217 [1/2] ( I:2.77ns O:2.77ns )   --->   "%cnn_accel_feat2_lo_signed_char_double_2_s = load i15 %p_ZZ9cnn_accelE5feat2_13_addr_2" [../hls_files/conv_pool.cpp:168]   --->   Operation 217 'load' 'cnn_accel_feat2_lo_signed_char_double_2_s' <Predicate = (!icmp_ln168)> <Delay = 2.77> <CoreInst = "RAM">   --->   Core 81 'RAM' <Latency = 1> <II = 1> <Delay = 2.77> <Storage> <Opcode : 'load' 'store'> <Ports = 2> <Width = 32> <Depth = 18369> <RAM>
ST_3 : Operation 218 [1/2] ( I:2.77ns O:2.77ns )   --->   "%cnn_accel_feat2_loa_double_2_s = load i15 %p_ZZ9cnn_accelE5feat2_14_addr_2" [../hls_files/conv_pool.cpp:168]   --->   Operation 218 'load' 'cnn_accel_feat2_loa_double_2_s' <Predicate = (!icmp_ln168)> <Delay = 2.77> <CoreInst = "RAM">   --->   Core 81 'RAM' <Latency = 1> <II = 1> <Delay = 2.77> <Storage> <Opcode : 'load' 'store'> <Ports = 2> <Width = 32> <Depth = 18369> <RAM>
ST_3 : Operation 219 [1/2] ( I:2.77ns O:2.77ns )   --->   "%cnn_accel_feat2_load_2_s = load i15 %cnn_accel_feat2_addr_2_s" [../hls_files/conv_pool.cpp:168]   --->   Operation 219 'load' 'cnn_accel_feat2_load_2_s' <Predicate = (!icmp_ln168)> <Delay = 2.77> <CoreInst = "RAM">   --->   Core 81 'RAM' <Latency = 1> <II = 1> <Delay = 2.77> <Storage> <Opcode : 'load' 'store'> <Ports = 2> <Width = 32> <Depth = 18369> <RAM>
ST_3 : Operation 220 [2/2] (2.77ns)   --->   "%feat2_load_3 = load i15 %feat2_addr_3" [../hls_files/conv_pool.cpp:168]   --->   Operation 220 'load' 'feat2_load_3' <Predicate = (!icmp_ln168 & trunc_ln172 == 0)> <Delay = 2.77> <CoreInst = "RAM">   --->   Core 81 'RAM' <Latency = 1> <II = 1> <Delay = 2.77> <Storage> <Opcode : 'load' 'store'> <Ports = 2> <Width = 32> <Depth = 18369> <RAM>
ST_3 : Operation 221 [2/2] (2.77ns)   --->   "%feat2_17_load_3 = load i15 %feat2_17_addr_3" [../hls_files/conv_pool.cpp:168]   --->   Operation 221 'load' 'feat2_17_load_3' <Predicate = (!icmp_ln168 & trunc_ln172 == 1)> <Delay = 2.77> <CoreInst = "RAM">   --->   Core 81 'RAM' <Latency = 1> <II = 1> <Delay = 2.77> <Storage> <Opcode : 'load' 'store'> <Ports = 2> <Width = 32> <Depth = 18369> <RAM>
ST_3 : Operation 222 [2/2] (2.77ns)   --->   "%feat2_18_load_3 = load i15 %feat2_18_addr_3" [../hls_files/conv_pool.cpp:168]   --->   Operation 222 'load' 'feat2_18_load_3' <Predicate = (!icmp_ln168 & trunc_ln172 == 2)> <Delay = 2.77> <CoreInst = "RAM">   --->   Core 81 'RAM' <Latency = 1> <II = 1> <Delay = 2.77> <Storage> <Opcode : 'load' 'store'> <Ports = 2> <Width = 32> <Depth = 18369> <RAM>
ST_3 : Operation 223 [2/2] (2.77ns)   --->   "%feat2_19_load_3 = load i15 %feat2_19_addr_3" [../hls_files/conv_pool.cpp:168]   --->   Operation 223 'load' 'feat2_19_load_3' <Predicate = (!icmp_ln168 & trunc_ln172 == 3)> <Delay = 2.77> <CoreInst = "RAM">   --->   Core 81 'RAM' <Latency = 1> <II = 1> <Delay = 2.77> <Storage> <Opcode : 'load' 'store'> <Ports = 2> <Width = 32> <Depth = 18369> <RAM>
ST_3 : Operation 224 [2/2] (2.77ns)   --->   "%feat2_20_load_3 = load i15 %feat2_20_addr_3" [../hls_files/conv_pool.cpp:168]   --->   Operation 224 'load' 'feat2_20_load_3' <Predicate = (!icmp_ln168 & trunc_ln172 == 4)> <Delay = 2.77> <CoreInst = "RAM">   --->   Core 81 'RAM' <Latency = 1> <II = 1> <Delay = 2.77> <Storage> <Opcode : 'load' 'store'> <Ports = 2> <Width = 32> <Depth = 18369> <RAM>
ST_3 : Operation 225 [2/2] (2.77ns)   --->   "%feat2_21_load_3 = load i15 %feat2_21_addr_3" [../hls_files/conv_pool.cpp:168]   --->   Operation 225 'load' 'feat2_21_load_3' <Predicate = (!icmp_ln168 & trunc_ln172 == 5)> <Delay = 2.77> <CoreInst = "RAM">   --->   Core 81 'RAM' <Latency = 1> <II = 1> <Delay = 2.77> <Storage> <Opcode : 'load' 'store'> <Ports = 2> <Width = 32> <Depth = 18369> <RAM>
ST_3 : Operation 226 [2/2] (2.77ns)   --->   "%feat2_22_load_3 = load i15 %feat2_22_addr_3" [../hls_files/conv_pool.cpp:168]   --->   Operation 226 'load' 'feat2_22_load_3' <Predicate = (!icmp_ln168 & trunc_ln172 == 6)> <Delay = 2.77> <CoreInst = "RAM">   --->   Core 81 'RAM' <Latency = 1> <II = 1> <Delay = 2.77> <Storage> <Opcode : 'load' 'store'> <Ports = 2> <Width = 32> <Depth = 18369> <RAM>
ST_3 : Operation 227 [2/2] (2.77ns)   --->   "%feat2_23_load_3 = load i15 %feat2_23_addr_3" [../hls_files/conv_pool.cpp:168]   --->   Operation 227 'load' 'feat2_23_load_3' <Predicate = (!icmp_ln168 & trunc_ln172 == 7)> <Delay = 2.77> <CoreInst = "RAM">   --->   Core 81 'RAM' <Latency = 1> <II = 1> <Delay = 2.77> <Storage> <Opcode : 'load' 'store'> <Ports = 2> <Width = 32> <Depth = 18369> <RAM>
ST_3 : Operation 228 [2/2] (2.77ns)   --->   "%feat2_24_load_3 = load i15 %feat2_24_addr_3" [../hls_files/conv_pool.cpp:168]   --->   Operation 228 'load' 'feat2_24_load_3' <Predicate = (!icmp_ln168 & trunc_ln172 == 8)> <Delay = 2.77> <CoreInst = "RAM">   --->   Core 81 'RAM' <Latency = 1> <II = 1> <Delay = 2.77> <Storage> <Opcode : 'load' 'store'> <Ports = 2> <Width = 32> <Depth = 18369> <RAM>
ST_3 : Operation 229 [2/2] (2.77ns)   --->   "%feat2_25_load_3 = load i15 %feat2_25_addr_3" [../hls_files/conv_pool.cpp:168]   --->   Operation 229 'load' 'feat2_25_load_3' <Predicate = (!icmp_ln168 & trunc_ln172 == 9)> <Delay = 2.77> <CoreInst = "RAM">   --->   Core 81 'RAM' <Latency = 1> <II = 1> <Delay = 2.77> <Storage> <Opcode : 'load' 'store'> <Ports = 2> <Width = 32> <Depth = 18369> <RAM>
ST_3 : Operation 230 [2/2] (2.77ns)   --->   "%p_ZZ9cnn_accelE5feat2_10_load_3 = load i15 %p_ZZ9cnn_accelE5feat2_10_addr_3" [../hls_files/conv_pool.cpp:168]   --->   Operation 230 'load' 'p_ZZ9cnn_accelE5feat2_10_load_3' <Predicate = (!icmp_ln168 & trunc_ln172 == 10)> <Delay = 2.77> <CoreInst = "RAM">   --->   Core 81 'RAM' <Latency = 1> <II = 1> <Delay = 2.77> <Storage> <Opcode : 'load' 'store'> <Ports = 2> <Width = 32> <Depth = 18369> <RAM>
ST_3 : Operation 231 [2/2] (2.77ns)   --->   "%cnn_accel_feat2_long_unsigned_int128_signed_char_double_3_s = load i15 %p_ZZ9cnn_accelE5feat2_11_addr_3" [../hls_files/conv_pool.cpp:168]   --->   Operation 231 'load' 'cnn_accel_feat2_long_unsigned_int128_signed_char_double_3_s' <Predicate = (!icmp_ln168 & trunc_ln172 == 11)> <Delay = 2.77> <CoreInst = "RAM">   --->   Core 81 'RAM' <Latency = 1> <II = 1> <Delay = 2.77> <Storage> <Opcode : 'load' 'store'> <Ports = 2> <Width = 32> <Depth = 18369> <RAM>
ST_3 : Operation 232 [2/2] (2.77ns)   --->   "%cnn_accel_feat2_l_unsigned_int128_signed_char_double_3_s = load i15 %p_ZZ9cnn_accelE5feat2_12_addr_3" [../hls_files/conv_pool.cpp:168]   --->   Operation 232 'load' 'cnn_accel_feat2_l_unsigned_int128_signed_char_double_3_s' <Predicate = (!icmp_ln168 & trunc_ln172 == 12)> <Delay = 2.77> <CoreInst = "RAM">   --->   Core 81 'RAM' <Latency = 1> <II = 1> <Delay = 2.77> <Storage> <Opcode : 'load' 'store'> <Ports = 2> <Width = 32> <Depth = 18369> <RAM>
ST_3 : Operation 233 [2/2] (2.77ns)   --->   "%cnn_accel_feat2_lo_signed_char_double_3_s = load i15 %p_ZZ9cnn_accelE5feat2_13_addr_3" [../hls_files/conv_pool.cpp:168]   --->   Operation 233 'load' 'cnn_accel_feat2_lo_signed_char_double_3_s' <Predicate = (!icmp_ln168 & trunc_ln172 == 13)> <Delay = 2.77> <CoreInst = "RAM">   --->   Core 81 'RAM' <Latency = 1> <II = 1> <Delay = 2.77> <Storage> <Opcode : 'load' 'store'> <Ports = 2> <Width = 32> <Depth = 18369> <RAM>
ST_3 : Operation 234 [2/2] (2.77ns)   --->   "%cnn_accel_feat2_loa_double_3_s = load i15 %p_ZZ9cnn_accelE5feat2_14_addr_3" [../hls_files/conv_pool.cpp:168]   --->   Operation 234 'load' 'cnn_accel_feat2_loa_double_3_s' <Predicate = (!icmp_ln168 & trunc_ln172 == 14)> <Delay = 2.77> <CoreInst = "RAM">   --->   Core 81 'RAM' <Latency = 1> <II = 1> <Delay = 2.77> <Storage> <Opcode : 'load' 'store'> <Ports = 2> <Width = 32> <Depth = 18369> <RAM>
ST_3 : Operation 235 [2/2] (2.77ns)   --->   "%cnn_accel_feat2_load_3_s = load i15 %cnn_accel_feat2_addr_3_s" [../hls_files/conv_pool.cpp:168]   --->   Operation 235 'load' 'cnn_accel_feat2_load_3_s' <Predicate = (!icmp_ln168 & trunc_ln172 == 15)> <Delay = 2.77> <CoreInst = "RAM">   --->   Core 81 'RAM' <Latency = 1> <II = 1> <Delay = 2.77> <Storage> <Opcode : 'load' 'store'> <Ports = 2> <Width = 32> <Depth = 18369> <RAM>
ST_3 : Operation 236 [1/1] (1.67ns)   --->   "%m0 = sparsemux i32 @_ssdm_op_SparseMux.ap_auto.16float.float.i4, i4 0, i32 %feat2_load, i4 1, i32 %feat2_17_load, i4 2, i32 %feat2_18_load, i4 3, i32 %feat2_19_load, i4 4, i32 %feat2_20_load, i4 5, i32 %feat2_21_load, i4 6, i32 %feat2_22_load, i4 7, i32 %feat2_23_load, i4 8, i32 %feat2_24_load, i4 9, i32 %feat2_25_load, i4 10, i32 %p_ZZ9cnn_accelE5feat2_10_load, i4 11, i32 %cnn_accel_feat2_66, i4 12, i32 %cnn_accel_feat2_67, i4 13, i32 %cnn_accel_feat2_68, i4 14, i32 %cnn_accel_feat2_69, i4 15, i32 %cnn_accel_feat2_70, i32 <undef>, i4 %trunc_ln172" [../hls_files/conv_pool.cpp:174]   --->   Operation 236 'sparsemux' 'm0' <Predicate = (!icmp_ln168)> <Delay = 1.67> <CoreInst = "BinarySparseMux_DontCare">   --->   Core 137 'BinarySparseMux_DontCare' <Latency = 0> <II = 1> <Delay = 1.67> <FuncUnit> <Opcode : 'sparsemux'> <InPorts = 2> <OutPorts = 1>
ST_3 : Operation 237 [1/1] (1.67ns)   --->   "%m2 = sparsemux i32 @_ssdm_op_SparseMux.ap_auto.16float.float.i4, i4 0, i32 %feat2_load_2, i4 1, i32 %feat2_17_load_2, i4 2, i32 %feat2_18_load_2, i4 3, i32 %feat2_19_load_2, i4 4, i32 %feat2_20_load_2, i4 5, i32 %feat2_21_load_2, i4 6, i32 %feat2_22_load_2, i4 7, i32 %feat2_23_load_2, i4 8, i32 %feat2_24_load_2, i4 9, i32 %feat2_25_load_2, i4 10, i32 %p_ZZ9cnn_accelE5feat2_10_load_2, i4 11, i32 %cnn_accel_feat2_long_unsigned_int128_signed_char_double_2_s, i4 12, i32 %cnn_accel_feat2_l_unsigned_int128_signed_char_double_2_s, i4 13, i32 %cnn_accel_feat2_lo_signed_char_double_2_s, i4 14, i32 %cnn_accel_feat2_loa_double_2_s, i4 15, i32 %cnn_accel_feat2_load_2_s, i32 <undef>, i4 %trunc_ln172" [../hls_files/conv_pool.cpp:176]   --->   Operation 237 'sparsemux' 'm2' <Predicate = (!icmp_ln168)> <Delay = 1.67> <CoreInst = "BinarySparseMux_DontCare">   --->   Core 137 'BinarySparseMux_DontCare' <Latency = 0> <II = 1> <Delay = 1.67> <FuncUnit> <Opcode : 'sparsemux'> <InPorts = 2> <OutPorts = 1>
ST_3 : Operation 238 [1/1] (1.54ns)   --->   "%add_ln172 = add i5 %m_3_mid2, i5 1" [../hls_files/conv_pool.cpp:172]   --->   Operation 238 'add' 'add_ln172' <Predicate = (!icmp_ln168)> <Delay = 1.54> <CoreInst = "Adder">   --->   Core 1 'Adder' <Latency = 0> <II = 1> <Delay = 1.54> <FuncUnit> <Opcode : 'add' 'sub'> <InPorts = 2> <OutPorts = 1>
ST_3 : Operation 239 [1/1] (1.77ns)   --->   "%add_ln170_1 = add i12 %indvar_flatten97_load, i12 1" [../hls_files/conv_pool.cpp:170]   --->   Operation 239 'add' 'add_ln170_1' <Predicate = (!icmp_ln168 & !icmp_ln170)> <Delay = 1.77> <CoreInst = "Adder">   --->   Core 1 'Adder' <Latency = 0> <II = 1> <Delay = 1.77> <FuncUnit> <Opcode : 'add' 'sub'> <InPorts = 2> <OutPorts = 1>
ST_3 : Operation 240 [1/1] (0.59ns)   --->   "%select_ln170_1 = select i1 %icmp_ln170, i12 1, i12 %add_ln170_1" [../hls_files/conv_pool.cpp:170]   --->   Operation 240 'select' 'select_ln170_1' <Predicate = (!icmp_ln168)> <Delay = 0.59> <CoreInst = "Sel">   --->   Core 73 'Sel' <Latency = 0> <II = 1> <Delay = 0.59> <FuncUnit> <Opcode : 'select'> <InPorts = 3> <OutPorts = 1>
ST_3 : Operation 241 [1/1] (1.32ns)   --->   "%store_ln168 = store i17 %add_ln168_1, i17 %indvar_flatten110" [../hls_files/conv_pool.cpp:168]   --->   Operation 241 'store' 'store_ln168' <Predicate = (!icmp_ln168)> <Delay = 1.32>
ST_3 : Operation 242 [1/1] (1.32ns)   --->   "%store_ln168 = store i6 %select_ln168_1, i6 %i" [../hls_files/conv_pool.cpp:168]   --->   Operation 242 'store' 'store_ln168' <Predicate = (!icmp_ln168)> <Delay = 1.32>
ST_3 : Operation 243 [1/1] (1.32ns)   --->   "%store_ln170 = store i12 %select_ln170_1, i12 %indvar_flatten97" [../hls_files/conv_pool.cpp:170]   --->   Operation 243 'store' 'store_ln170' <Predicate = (!icmp_ln168)> <Delay = 1.32>
ST_3 : Operation 244 [1/1] (1.32ns)   --->   "%store_ln170 = store i7 %select_ln170, i7 %j" [../hls_files/conv_pool.cpp:170]   --->   Operation 244 'store' 'store_ln170' <Predicate = (!icmp_ln168)> <Delay = 1.32>
ST_3 : Operation 245 [1/1] (1.32ns)   --->   "%store_ln172 = store i5 %add_ln172, i5 %m" [../hls_files/conv_pool.cpp:172]   --->   Operation 245 'store' 'store_ln172' <Predicate = (!icmp_ln168)> <Delay = 1.32>
ST_3 : Operation 246 [1/1] (0.00ns)   --->   "%br_ln172 = br void %for.body271" [../hls_files/conv_pool.cpp:172]   --->   Operation 246 'br' 'br_ln172' <Predicate = (!icmp_ln168)> <Delay = 0.00>

State 4 <SV = 3> <Delay = 8.69>
ST_4 : Operation 247 [2/3] (1.38ns) (grouped into DSP with root node empty_61)   --->   "%empty_58 = mul i13 %select_ln168_1_cast, i13 78" [../hls_files/conv_pool.cpp:168]   --->   Operation 247 'mul' 'empty_58' <Predicate = true> <Delay = 1.38> <CoreInst = "DSP48">   --->   Core 116 'DSP48' <Latency = 3> <II = 1> <Delay = 1.82> <IPBlock> <Opcode : 'add' 'sub' 'mul' 'select'> <InPorts = 0> <OutPorts = 1> <Sync> <CReg>
ST_4 : Operation 248 [1/2] ( I:2.77ns O:2.77ns )   --->   "%feat2_load_1 = load i15 %feat2_addr_1" [../hls_files/conv_pool.cpp:168]   --->   Operation 248 'load' 'feat2_load_1' <Predicate = (trunc_ln172 == 0)> <Delay = 2.77> <CoreInst = "RAM">   --->   Core 81 'RAM' <Latency = 1> <II = 1> <Delay = 2.77> <Storage> <Opcode : 'load' 'store'> <Ports = 2> <Width = 32> <Depth = 18369> <RAM>
ST_4 : Operation 249 [1/2] ( I:2.77ns O:2.77ns )   --->   "%feat2_17_load_1 = load i15 %feat2_17_addr_1" [../hls_files/conv_pool.cpp:168]   --->   Operation 249 'load' 'feat2_17_load_1' <Predicate = (trunc_ln172 == 1)> <Delay = 2.77> <CoreInst = "RAM">   --->   Core 81 'RAM' <Latency = 1> <II = 1> <Delay = 2.77> <Storage> <Opcode : 'load' 'store'> <Ports = 2> <Width = 32> <Depth = 18369> <RAM>
ST_4 : Operation 250 [1/2] ( I:2.77ns O:2.77ns )   --->   "%feat2_18_load_1 = load i15 %feat2_18_addr_1" [../hls_files/conv_pool.cpp:168]   --->   Operation 250 'load' 'feat2_18_load_1' <Predicate = (trunc_ln172 == 2)> <Delay = 2.77> <CoreInst = "RAM">   --->   Core 81 'RAM' <Latency = 1> <II = 1> <Delay = 2.77> <Storage> <Opcode : 'load' 'store'> <Ports = 2> <Width = 32> <Depth = 18369> <RAM>
ST_4 : Operation 251 [1/2] ( I:2.77ns O:2.77ns )   --->   "%feat2_19_load_1 = load i15 %feat2_19_addr_1" [../hls_files/conv_pool.cpp:168]   --->   Operation 251 'load' 'feat2_19_load_1' <Predicate = (trunc_ln172 == 3)> <Delay = 2.77> <CoreInst = "RAM">   --->   Core 81 'RAM' <Latency = 1> <II = 1> <Delay = 2.77> <Storage> <Opcode : 'load' 'store'> <Ports = 2> <Width = 32> <Depth = 18369> <RAM>
ST_4 : Operation 252 [1/2] ( I:2.77ns O:2.77ns )   --->   "%feat2_20_load_1 = load i15 %feat2_20_addr_1" [../hls_files/conv_pool.cpp:168]   --->   Operation 252 'load' 'feat2_20_load_1' <Predicate = (trunc_ln172 == 4)> <Delay = 2.77> <CoreInst = "RAM">   --->   Core 81 'RAM' <Latency = 1> <II = 1> <Delay = 2.77> <Storage> <Opcode : 'load' 'store'> <Ports = 2> <Width = 32> <Depth = 18369> <RAM>
ST_4 : Operation 253 [1/2] ( I:2.77ns O:2.77ns )   --->   "%feat2_21_load_1 = load i15 %feat2_21_addr_1" [../hls_files/conv_pool.cpp:168]   --->   Operation 253 'load' 'feat2_21_load_1' <Predicate = (trunc_ln172 == 5)> <Delay = 2.77> <CoreInst = "RAM">   --->   Core 81 'RAM' <Latency = 1> <II = 1> <Delay = 2.77> <Storage> <Opcode : 'load' 'store'> <Ports = 2> <Width = 32> <Depth = 18369> <RAM>
ST_4 : Operation 254 [1/2] ( I:2.77ns O:2.77ns )   --->   "%feat2_22_load_1 = load i15 %feat2_22_addr_1" [../hls_files/conv_pool.cpp:168]   --->   Operation 254 'load' 'feat2_22_load_1' <Predicate = (trunc_ln172 == 6)> <Delay = 2.77> <CoreInst = "RAM">   --->   Core 81 'RAM' <Latency = 1> <II = 1> <Delay = 2.77> <Storage> <Opcode : 'load' 'store'> <Ports = 2> <Width = 32> <Depth = 18369> <RAM>
ST_4 : Operation 255 [1/2] ( I:2.77ns O:2.77ns )   --->   "%feat2_23_load_1 = load i15 %feat2_23_addr_1" [../hls_files/conv_pool.cpp:168]   --->   Operation 255 'load' 'feat2_23_load_1' <Predicate = (trunc_ln172 == 7)> <Delay = 2.77> <CoreInst = "RAM">   --->   Core 81 'RAM' <Latency = 1> <II = 1> <Delay = 2.77> <Storage> <Opcode : 'load' 'store'> <Ports = 2> <Width = 32> <Depth = 18369> <RAM>
ST_4 : Operation 256 [1/2] ( I:2.77ns O:2.77ns )   --->   "%feat2_24_load_1 = load i15 %feat2_24_addr_1" [../hls_files/conv_pool.cpp:168]   --->   Operation 256 'load' 'feat2_24_load_1' <Predicate = (trunc_ln172 == 8)> <Delay = 2.77> <CoreInst = "RAM">   --->   Core 81 'RAM' <Latency = 1> <II = 1> <Delay = 2.77> <Storage> <Opcode : 'load' 'store'> <Ports = 2> <Width = 32> <Depth = 18369> <RAM>
ST_4 : Operation 257 [1/2] ( I:2.77ns O:2.77ns )   --->   "%feat2_25_load_1 = load i15 %feat2_25_addr_1" [../hls_files/conv_pool.cpp:168]   --->   Operation 257 'load' 'feat2_25_load_1' <Predicate = (trunc_ln172 == 9)> <Delay = 2.77> <CoreInst = "RAM">   --->   Core 81 'RAM' <Latency = 1> <II = 1> <Delay = 2.77> <Storage> <Opcode : 'load' 'store'> <Ports = 2> <Width = 32> <Depth = 18369> <RAM>
ST_4 : Operation 258 [1/2] ( I:2.77ns O:2.77ns )   --->   "%p_ZZ9cnn_accelE5feat2_10_load_1 = load i15 %p_ZZ9cnn_accelE5feat2_10_addr_1" [../hls_files/conv_pool.cpp:168]   --->   Operation 258 'load' 'p_ZZ9cnn_accelE5feat2_10_load_1' <Predicate = (trunc_ln172 == 10)> <Delay = 2.77> <CoreInst = "RAM">   --->   Core 81 'RAM' <Latency = 1> <II = 1> <Delay = 2.77> <Storage> <Opcode : 'load' 'store'> <Ports = 2> <Width = 32> <Depth = 18369> <RAM>
ST_4 : Operation 259 [1/2] ( I:2.77ns O:2.77ns )   --->   "%cnn_accel_feat2_long_unsigned_int128_signed_char_double_1_s = load i15 %p_ZZ9cnn_accelE5feat2_11_addr_1" [../hls_files/conv_pool.cpp:168]   --->   Operation 259 'load' 'cnn_accel_feat2_long_unsigned_int128_signed_char_double_1_s' <Predicate = (trunc_ln172 == 11)> <Delay = 2.77> <CoreInst = "RAM">   --->   Core 81 'RAM' <Latency = 1> <II = 1> <Delay = 2.77> <Storage> <Opcode : 'load' 'store'> <Ports = 2> <Width = 32> <Depth = 18369> <RAM>
ST_4 : Operation 260 [1/2] ( I:2.77ns O:2.77ns )   --->   "%cnn_accel_feat2_l_unsigned_int128_signed_char_double_1_s = load i15 %p_ZZ9cnn_accelE5feat2_12_addr_1" [../hls_files/conv_pool.cpp:168]   --->   Operation 260 'load' 'cnn_accel_feat2_l_unsigned_int128_signed_char_double_1_s' <Predicate = (trunc_ln172 == 12)> <Delay = 2.77> <CoreInst = "RAM">   --->   Core 81 'RAM' <Latency = 1> <II = 1> <Delay = 2.77> <Storage> <Opcode : 'load' 'store'> <Ports = 2> <Width = 32> <Depth = 18369> <RAM>
ST_4 : Operation 261 [1/2] ( I:2.77ns O:2.77ns )   --->   "%cnn_accel_feat2_lo_signed_char_double_1_s = load i15 %p_ZZ9cnn_accelE5feat2_13_addr_1" [../hls_files/conv_pool.cpp:168]   --->   Operation 261 'load' 'cnn_accel_feat2_lo_signed_char_double_1_s' <Predicate = (trunc_ln172 == 13)> <Delay = 2.77> <CoreInst = "RAM">   --->   Core 81 'RAM' <Latency = 1> <II = 1> <Delay = 2.77> <Storage> <Opcode : 'load' 'store'> <Ports = 2> <Width = 32> <Depth = 18369> <RAM>
ST_4 : Operation 262 [1/2] ( I:2.77ns O:2.77ns )   --->   "%cnn_accel_feat2_loa_double_1_s = load i15 %p_ZZ9cnn_accelE5feat2_14_addr_1" [../hls_files/conv_pool.cpp:168]   --->   Operation 262 'load' 'cnn_accel_feat2_loa_double_1_s' <Predicate = (trunc_ln172 == 14)> <Delay = 2.77> <CoreInst = "RAM">   --->   Core 81 'RAM' <Latency = 1> <II = 1> <Delay = 2.77> <Storage> <Opcode : 'load' 'store'> <Ports = 2> <Width = 32> <Depth = 18369> <RAM>
ST_4 : Operation 263 [1/2] ( I:2.77ns O:2.77ns )   --->   "%cnn_accel_feat2_load_1_s = load i15 %cnn_accel_feat2_addr_1_s" [../hls_files/conv_pool.cpp:168]   --->   Operation 263 'load' 'cnn_accel_feat2_load_1_s' <Predicate = (trunc_ln172 == 15)> <Delay = 2.77> <CoreInst = "RAM">   --->   Core 81 'RAM' <Latency = 1> <II = 1> <Delay = 2.77> <Storage> <Opcode : 'load' 'store'> <Ports = 2> <Width = 32> <Depth = 18369> <RAM>
ST_4 : Operation 264 [1/2] ( I:2.77ns O:2.77ns )   --->   "%feat2_load_3 = load i15 %feat2_addr_3" [../hls_files/conv_pool.cpp:168]   --->   Operation 264 'load' 'feat2_load_3' <Predicate = (trunc_ln172 == 0)> <Delay = 2.77> <CoreInst = "RAM">   --->   Core 81 'RAM' <Latency = 1> <II = 1> <Delay = 2.77> <Storage> <Opcode : 'load' 'store'> <Ports = 2> <Width = 32> <Depth = 18369> <RAM>
ST_4 : Operation 265 [1/2] ( I:2.77ns O:2.77ns )   --->   "%feat2_17_load_3 = load i15 %feat2_17_addr_3" [../hls_files/conv_pool.cpp:168]   --->   Operation 265 'load' 'feat2_17_load_3' <Predicate = (trunc_ln172 == 1)> <Delay = 2.77> <CoreInst = "RAM">   --->   Core 81 'RAM' <Latency = 1> <II = 1> <Delay = 2.77> <Storage> <Opcode : 'load' 'store'> <Ports = 2> <Width = 32> <Depth = 18369> <RAM>
ST_4 : Operation 266 [1/2] ( I:2.77ns O:2.77ns )   --->   "%feat2_18_load_3 = load i15 %feat2_18_addr_3" [../hls_files/conv_pool.cpp:168]   --->   Operation 266 'load' 'feat2_18_load_3' <Predicate = (trunc_ln172 == 2)> <Delay = 2.77> <CoreInst = "RAM">   --->   Core 81 'RAM' <Latency = 1> <II = 1> <Delay = 2.77> <Storage> <Opcode : 'load' 'store'> <Ports = 2> <Width = 32> <Depth = 18369> <RAM>
ST_4 : Operation 267 [1/2] ( I:2.77ns O:2.77ns )   --->   "%feat2_19_load_3 = load i15 %feat2_19_addr_3" [../hls_files/conv_pool.cpp:168]   --->   Operation 267 'load' 'feat2_19_load_3' <Predicate = (trunc_ln172 == 3)> <Delay = 2.77> <CoreInst = "RAM">   --->   Core 81 'RAM' <Latency = 1> <II = 1> <Delay = 2.77> <Storage> <Opcode : 'load' 'store'> <Ports = 2> <Width = 32> <Depth = 18369> <RAM>
ST_4 : Operation 268 [1/2] ( I:2.77ns O:2.77ns )   --->   "%feat2_20_load_3 = load i15 %feat2_20_addr_3" [../hls_files/conv_pool.cpp:168]   --->   Operation 268 'load' 'feat2_20_load_3' <Predicate = (trunc_ln172 == 4)> <Delay = 2.77> <CoreInst = "RAM">   --->   Core 81 'RAM' <Latency = 1> <II = 1> <Delay = 2.77> <Storage> <Opcode : 'load' 'store'> <Ports = 2> <Width = 32> <Depth = 18369> <RAM>
ST_4 : Operation 269 [1/2] ( I:2.77ns O:2.77ns )   --->   "%feat2_21_load_3 = load i15 %feat2_21_addr_3" [../hls_files/conv_pool.cpp:168]   --->   Operation 269 'load' 'feat2_21_load_3' <Predicate = (trunc_ln172 == 5)> <Delay = 2.77> <CoreInst = "RAM">   --->   Core 81 'RAM' <Latency = 1> <II = 1> <Delay = 2.77> <Storage> <Opcode : 'load' 'store'> <Ports = 2> <Width = 32> <Depth = 18369> <RAM>
ST_4 : Operation 270 [1/2] ( I:2.77ns O:2.77ns )   --->   "%feat2_22_load_3 = load i15 %feat2_22_addr_3" [../hls_files/conv_pool.cpp:168]   --->   Operation 270 'load' 'feat2_22_load_3' <Predicate = (trunc_ln172 == 6)> <Delay = 2.77> <CoreInst = "RAM">   --->   Core 81 'RAM' <Latency = 1> <II = 1> <Delay = 2.77> <Storage> <Opcode : 'load' 'store'> <Ports = 2> <Width = 32> <Depth = 18369> <RAM>
ST_4 : Operation 271 [1/2] ( I:2.77ns O:2.77ns )   --->   "%feat2_23_load_3 = load i15 %feat2_23_addr_3" [../hls_files/conv_pool.cpp:168]   --->   Operation 271 'load' 'feat2_23_load_3' <Predicate = (trunc_ln172 == 7)> <Delay = 2.77> <CoreInst = "RAM">   --->   Core 81 'RAM' <Latency = 1> <II = 1> <Delay = 2.77> <Storage> <Opcode : 'load' 'store'> <Ports = 2> <Width = 32> <Depth = 18369> <RAM>
ST_4 : Operation 272 [1/2] ( I:2.77ns O:2.77ns )   --->   "%feat2_24_load_3 = load i15 %feat2_24_addr_3" [../hls_files/conv_pool.cpp:168]   --->   Operation 272 'load' 'feat2_24_load_3' <Predicate = (trunc_ln172 == 8)> <Delay = 2.77> <CoreInst = "RAM">   --->   Core 81 'RAM' <Latency = 1> <II = 1> <Delay = 2.77> <Storage> <Opcode : 'load' 'store'> <Ports = 2> <Width = 32> <Depth = 18369> <RAM>
ST_4 : Operation 273 [1/2] ( I:2.77ns O:2.77ns )   --->   "%feat2_25_load_3 = load i15 %feat2_25_addr_3" [../hls_files/conv_pool.cpp:168]   --->   Operation 273 'load' 'feat2_25_load_3' <Predicate = (trunc_ln172 == 9)> <Delay = 2.77> <CoreInst = "RAM">   --->   Core 81 'RAM' <Latency = 1> <II = 1> <Delay = 2.77> <Storage> <Opcode : 'load' 'store'> <Ports = 2> <Width = 32> <Depth = 18369> <RAM>
ST_4 : Operation 274 [1/2] ( I:2.77ns O:2.77ns )   --->   "%p_ZZ9cnn_accelE5feat2_10_load_3 = load i15 %p_ZZ9cnn_accelE5feat2_10_addr_3" [../hls_files/conv_pool.cpp:168]   --->   Operation 274 'load' 'p_ZZ9cnn_accelE5feat2_10_load_3' <Predicate = (trunc_ln172 == 10)> <Delay = 2.77> <CoreInst = "RAM">   --->   Core 81 'RAM' <Latency = 1> <II = 1> <Delay = 2.77> <Storage> <Opcode : 'load' 'store'> <Ports = 2> <Width = 32> <Depth = 18369> <RAM>
ST_4 : Operation 275 [1/2] ( I:2.77ns O:2.77ns )   --->   "%cnn_accel_feat2_long_unsigned_int128_signed_char_double_3_s = load i15 %p_ZZ9cnn_accelE5feat2_11_addr_3" [../hls_files/conv_pool.cpp:168]   --->   Operation 275 'load' 'cnn_accel_feat2_long_unsigned_int128_signed_char_double_3_s' <Predicate = (trunc_ln172 == 11)> <Delay = 2.77> <CoreInst = "RAM">   --->   Core 81 'RAM' <Latency = 1> <II = 1> <Delay = 2.77> <Storage> <Opcode : 'load' 'store'> <Ports = 2> <Width = 32> <Depth = 18369> <RAM>
ST_4 : Operation 276 [1/2] ( I:2.77ns O:2.77ns )   --->   "%cnn_accel_feat2_l_unsigned_int128_signed_char_double_3_s = load i15 %p_ZZ9cnn_accelE5feat2_12_addr_3" [../hls_files/conv_pool.cpp:168]   --->   Operation 276 'load' 'cnn_accel_feat2_l_unsigned_int128_signed_char_double_3_s' <Predicate = (trunc_ln172 == 12)> <Delay = 2.77> <CoreInst = "RAM">   --->   Core 81 'RAM' <Latency = 1> <II = 1> <Delay = 2.77> <Storage> <Opcode : 'load' 'store'> <Ports = 2> <Width = 32> <Depth = 18369> <RAM>
ST_4 : Operation 277 [1/2] ( I:2.77ns O:2.77ns )   --->   "%cnn_accel_feat2_lo_signed_char_double_3_s = load i15 %p_ZZ9cnn_accelE5feat2_13_addr_3" [../hls_files/conv_pool.cpp:168]   --->   Operation 277 'load' 'cnn_accel_feat2_lo_signed_char_double_3_s' <Predicate = (trunc_ln172 == 13)> <Delay = 2.77> <CoreInst = "RAM">   --->   Core 81 'RAM' <Latency = 1> <II = 1> <Delay = 2.77> <Storage> <Opcode : 'load' 'store'> <Ports = 2> <Width = 32> <Depth = 18369> <RAM>
ST_4 : Operation 278 [1/2] ( I:2.77ns O:2.77ns )   --->   "%cnn_accel_feat2_loa_double_3_s = load i15 %p_ZZ9cnn_accelE5feat2_14_addr_3" [../hls_files/conv_pool.cpp:168]   --->   Operation 278 'load' 'cnn_accel_feat2_loa_double_3_s' <Predicate = (trunc_ln172 == 14)> <Delay = 2.77> <CoreInst = "RAM">   --->   Core 81 'RAM' <Latency = 1> <II = 1> <Delay = 2.77> <Storage> <Opcode : 'load' 'store'> <Ports = 2> <Width = 32> <Depth = 18369> <RAM>
ST_4 : Operation 279 [1/2] ( I:2.77ns O:2.77ns )   --->   "%cnn_accel_feat2_load_3_s = load i15 %cnn_accel_feat2_addr_3_s" [../hls_files/conv_pool.cpp:168]   --->   Operation 279 'load' 'cnn_accel_feat2_load_3_s' <Predicate = (trunc_ln172 == 15)> <Delay = 2.77> <CoreInst = "RAM">   --->   Core 81 'RAM' <Latency = 1> <II = 1> <Delay = 2.77> <Storage> <Opcode : 'load' 'store'> <Ports = 2> <Width = 32> <Depth = 18369> <RAM>
ST_4 : Operation 280 [1/1] (1.67ns)   --->   "%m1 = sparsemux i32 @_ssdm_op_SparseMux.ap_auto.16float.float.i4, i4 0, i32 %feat2_load_1, i4 1, i32 %feat2_17_load_1, i4 2, i32 %feat2_18_load_1, i4 3, i32 %feat2_19_load_1, i4 4, i32 %feat2_20_load_1, i4 5, i32 %feat2_21_load_1, i4 6, i32 %feat2_22_load_1, i4 7, i32 %feat2_23_load_1, i4 8, i32 %feat2_24_load_1, i4 9, i32 %feat2_25_load_1, i4 10, i32 %p_ZZ9cnn_accelE5feat2_10_load_1, i4 11, i32 %cnn_accel_feat2_long_unsigned_int128_signed_char_double_1_s, i4 12, i32 %cnn_accel_feat2_l_unsigned_int128_signed_char_double_1_s, i4 13, i32 %cnn_accel_feat2_lo_signed_char_double_1_s, i4 14, i32 %cnn_accel_feat2_loa_double_1_s, i4 15, i32 %cnn_accel_feat2_load_1_s, i32 <undef>, i4 %trunc_ln172" [../hls_files/conv_pool.cpp:175]   --->   Operation 280 'sparsemux' 'm1' <Predicate = true> <Delay = 1.67> <CoreInst = "BinarySparseMux_DontCare">   --->   Core 137 'BinarySparseMux_DontCare' <Latency = 0> <II = 1> <Delay = 1.67> <FuncUnit> <Opcode : 'sparsemux'> <InPorts = 2> <OutPorts = 1>
ST_4 : Operation 281 [1/1] (1.67ns)   --->   "%m3 = sparsemux i32 @_ssdm_op_SparseMux.ap_auto.16float.float.i4, i4 0, i32 %feat2_load_3, i4 1, i32 %feat2_17_load_3, i4 2, i32 %feat2_18_load_3, i4 3, i32 %feat2_19_load_3, i4 4, i32 %feat2_20_load_3, i4 5, i32 %feat2_21_load_3, i4 6, i32 %feat2_22_load_3, i4 7, i32 %feat2_23_load_3, i4 8, i32 %feat2_24_load_3, i4 9, i32 %feat2_25_load_3, i4 10, i32 %p_ZZ9cnn_accelE5feat2_10_load_3, i4 11, i32 %cnn_accel_feat2_long_unsigned_int128_signed_char_double_3_s, i4 12, i32 %cnn_accel_feat2_l_unsigned_int128_signed_char_double_3_s, i4 13, i32 %cnn_accel_feat2_lo_signed_char_double_3_s, i4 14, i32 %cnn_accel_feat2_loa_double_3_s, i4 15, i32 %cnn_accel_feat2_load_3_s, i32 <undef>, i4 %trunc_ln172" [../hls_files/conv_pool.cpp:177]   --->   Operation 281 'sparsemux' 'm3' <Predicate = true> <Delay = 1.67> <CoreInst = "BinarySparseMux_DontCare">   --->   Core 137 'BinarySparseMux_DontCare' <Latency = 0> <II = 1> <Delay = 1.67> <FuncUnit> <Opcode : 'sparsemux'> <InPorts = 2> <OutPorts = 1>
ST_4 : Operation 282 [2/2] (4.24ns)   --->   "%tmp_7 = fcmp_ogt  i32 %m0, i32 %m1" [../hls_files/conv_pool.cpp:178]   --->   Operation 282 'fcmp' 'tmp_7' <Predicate = true> <Delay = 4.24> <CoreInst = "FCompare">   --->   Core 19 'FCompare' <Latency = 1> <II = 1> <Delay = 4.24> <FuncUnit> <Opcode : 'fcmp'> <InPorts = 2> <OutPorts = 1>
ST_4 : Operation 283 [2/2] (4.24ns)   --->   "%tmp_10 = fcmp_ogt  i32 %m2, i32 %m3" [../hls_files/conv_pool.cpp:179]   --->   Operation 283 'fcmp' 'tmp_10' <Predicate = true> <Delay = 4.24> <CoreInst = "FCompare">   --->   Core 19 'FCompare' <Latency = 1> <II = 1> <Delay = 4.24> <FuncUnit> <Opcode : 'fcmp'> <InPorts = 2> <OutPorts = 1>
ST_4 : Operation 373 [1/1] (1.32ns)   --->   "%ret_ln0 = ret"   --->   Operation 373 'ret' 'ret_ln0' <Predicate = (icmp_ln168)> <Delay = 1.32>

State 5 <SV = 4> <Delay = 10.0>
ST_5 : Operation 284 [1/3] (0.00ns) (grouped into DSP with root node empty_61)   --->   "%empty_58 = mul i13 %select_ln168_1_cast, i13 78" [../hls_files/conv_pool.cpp:168]   --->   Operation 284 'mul' 'empty_58' <Predicate = true> <Delay = 0.00> <CoreInst = "DSP48">   --->   Core 116 'DSP48' <Latency = 3> <II = 1> <Delay = 1.82> <IPBlock> <Opcode : 'add' 'sub' 'mul' 'select'> <InPorts = 0> <OutPorts = 1> <Sync> <CReg>
ST_5 : Operation 285 [1/1] (0.00ns)   --->   "%select_ln170_cast = zext i7 %select_ln170" [../hls_files/conv_pool.cpp:170]   --->   Operation 285 'zext' 'select_ln170_cast' <Predicate = true> <Delay = 0.00>
ST_5 : Operation 286 [2/2] (1.76ns) (root node of the DSP)   --->   "%empty_61 = add i13 %empty_58, i13 %select_ln170_cast" [../hls_files/conv_pool.cpp:168]   --->   Operation 286 'add' 'empty_61' <Predicate = true> <Delay = 1.76> <CoreInst = "DSP48">   --->   Core 116 'DSP48' <Latency = 3> <II = 1> <Delay = 1.82> <IPBlock> <Opcode : 'add' 'sub' 'mul' 'select'> <InPorts = 0> <OutPorts = 1> <Sync> <CReg>
ST_5 : Operation 287 [1/1] (0.00ns)   --->   "%bitcast_ln178 = bitcast i32 %m0" [../hls_files/conv_pool.cpp:178]   --->   Operation 287 'bitcast' 'bitcast_ln178' <Predicate = true> <Delay = 0.00>
ST_5 : Operation 288 [1/1] (0.00ns)   --->   "%tmp_5 = partselect i8 @_ssdm_op_PartSelect.i8.i32.i32.i32, i32 %bitcast_ln178, i32 23, i32 30" [../hls_files/conv_pool.cpp:178]   --->   Operation 288 'partselect' 'tmp_5' <Predicate = true> <Delay = 0.00>
ST_5 : Operation 289 [1/1] (0.00ns)   --->   "%trunc_ln178 = trunc i32 %bitcast_ln178" [../hls_files/conv_pool.cpp:178]   --->   Operation 289 'trunc' 'trunc_ln178' <Predicate = true> <Delay = 0.00>
ST_5 : Operation 290 [1/1] (0.00ns)   --->   "%bitcast_ln178_1 = bitcast i32 %m1" [../hls_files/conv_pool.cpp:178]   --->   Operation 290 'bitcast' 'bitcast_ln178_1' <Predicate = true> <Delay = 0.00>
ST_5 : Operation 291 [1/1] (0.00ns)   --->   "%tmp_6 = partselect i8 @_ssdm_op_PartSelect.i8.i32.i32.i32, i32 %bitcast_ln178_1, i32 23, i32 30" [../hls_files/conv_pool.cpp:178]   --->   Operation 291 'partselect' 'tmp_6' <Predicate = true> <Delay = 0.00>
ST_5 : Operation 292 [1/1] (0.00ns)   --->   "%trunc_ln178_1 = trunc i32 %bitcast_ln178_1" [../hls_files/conv_pool.cpp:178]   --->   Operation 292 'trunc' 'trunc_ln178_1' <Predicate = true> <Delay = 0.00>
ST_5 : Operation 293 [1/1] (1.71ns)   --->   "%icmp_ln178 = icmp_ne  i8 %tmp_5, i8 255" [../hls_files/conv_pool.cpp:178]   --->   Operation 293 'icmp' 'icmp_ln178' <Predicate = true> <Delay = 1.71> <CoreInst = "Cmp">   --->   Core 9 'Cmp' <Latency = 0> <II = 1> <Delay = 1.71> <FuncUnit> <Opcode : 'seteq' 'setne' 'setle' 'setge' 'setlt' 'setgt'> <InPorts = 2> <OutPorts = 1>
ST_5 : Operation 294 [1/1] (1.98ns)   --->   "%icmp_ln178_1 = icmp_eq  i23 %trunc_ln178, i23 0" [../hls_files/conv_pool.cpp:178]   --->   Operation 294 'icmp' 'icmp_ln178_1' <Predicate = true> <Delay = 1.98> <CoreInst = "Cmp">   --->   Core 9 'Cmp' <Latency = 0> <II = 1> <Delay = 1.98> <FuncUnit> <Opcode : 'seteq' 'setne' 'setle' 'setge' 'setlt' 'setgt'> <InPorts = 2> <OutPorts = 1>
ST_5 : Operation 295 [1/1] (0.00ns) (grouped into LUT with out node and_ln178_1)   --->   "%or_ln178 = or i1 %icmp_ln178_1, i1 %icmp_ln178" [../hls_files/conv_pool.cpp:178]   --->   Operation 295 'or' 'or_ln178' <Predicate = true> <Delay = 0.00> <CoreInst = "LogicGate">   --->   Core 74 'LogicGate' <Latency = 0> <II = 1> <Delay = 0.80> <FuncUnit> <Opcode : 'and' 'or' 'xor'> <InPorts = 2> <OutPorts = 1>
ST_5 : Operation 296 [1/1] (1.71ns)   --->   "%icmp_ln178_2 = icmp_ne  i8 %tmp_6, i8 255" [../hls_files/conv_pool.cpp:178]   --->   Operation 296 'icmp' 'icmp_ln178_2' <Predicate = true> <Delay = 1.71> <CoreInst = "Cmp">   --->   Core 9 'Cmp' <Latency = 0> <II = 1> <Delay = 1.71> <FuncUnit> <Opcode : 'seteq' 'setne' 'setle' 'setge' 'setlt' 'setgt'> <InPorts = 2> <OutPorts = 1>
ST_5 : Operation 297 [1/1] (1.98ns)   --->   "%icmp_ln178_3 = icmp_eq  i23 %trunc_ln178_1, i23 0" [../hls_files/conv_pool.cpp:178]   --->   Operation 297 'icmp' 'icmp_ln178_3' <Predicate = true> <Delay = 1.98> <CoreInst = "Cmp">   --->   Core 9 'Cmp' <Latency = 0> <II = 1> <Delay = 1.98> <FuncUnit> <Opcode : 'seteq' 'setne' 'setle' 'setge' 'setlt' 'setgt'> <InPorts = 2> <OutPorts = 1>
ST_5 : Operation 298 [1/1] (0.00ns) (grouped into LUT with out node and_ln178_1)   --->   "%or_ln178_1 = or i1 %icmp_ln178_3, i1 %icmp_ln178_2" [../hls_files/conv_pool.cpp:178]   --->   Operation 298 'or' 'or_ln178_1' <Predicate = true> <Delay = 0.00> <CoreInst = "LogicGate">   --->   Core 74 'LogicGate' <Latency = 0> <II = 1> <Delay = 0.80> <FuncUnit> <Opcode : 'and' 'or' 'xor'> <InPorts = 2> <OutPorts = 1>
ST_5 : Operation 299 [1/1] (0.00ns) (grouped into LUT with out node and_ln178_1)   --->   "%and_ln178 = and i1 %or_ln178, i1 %or_ln178_1" [../hls_files/conv_pool.cpp:178]   --->   Operation 299 'and' 'and_ln178' <Predicate = true> <Delay = 0.00> <CoreInst = "LogicGate">   --->   Core 74 'LogicGate' <Latency = 0> <II = 1> <Delay = 0.80> <FuncUnit> <Opcode : 'and' 'or' 'xor'> <InPorts = 2> <OutPorts = 1>
ST_5 : Operation 300 [1/2] (4.24ns)   --->   "%tmp_7 = fcmp_ogt  i32 %m0, i32 %m1" [../hls_files/conv_pool.cpp:178]   --->   Operation 300 'fcmp' 'tmp_7' <Predicate = true> <Delay = 4.24> <CoreInst = "FCompare">   --->   Core 19 'FCompare' <Latency = 1> <II = 1> <Delay = 4.24> <FuncUnit> <Opcode : 'fcmp'> <InPorts = 2> <OutPorts = 1>
ST_5 : Operation 301 [1/1] (0.80ns) (out node of the LUT)   --->   "%and_ln178_1 = and i1 %and_ln178, i1 %tmp_7" [../hls_files/conv_pool.cpp:178]   --->   Operation 301 'and' 'and_ln178_1' <Predicate = true> <Delay = 0.80> <CoreInst = "LogicGate">   --->   Core 74 'LogicGate' <Latency = 0> <II = 1> <Delay = 0.80> <FuncUnit> <Opcode : 'and' 'or' 'xor'> <InPorts = 2> <OutPorts = 1>
ST_5 : Operation 302 [1/1] (0.77ns) (out node of the LUT)   --->   "%mx = select i1 %and_ln178_1, i32 %m0, i32 %m1" [../hls_files/conv_pool.cpp:178]   --->   Operation 302 'select' 'mx' <Predicate = true> <Delay = 0.77> <CoreInst = "Sel">   --->   Core 73 'Sel' <Latency = 0> <II = 1> <Delay = 0.77> <FuncUnit> <Opcode : 'select'> <InPorts = 3> <OutPorts = 1>
ST_5 : Operation 303 [1/1] (0.00ns)   --->   "%bitcast_ln179 = bitcast i32 %m2" [../hls_files/conv_pool.cpp:179]   --->   Operation 303 'bitcast' 'bitcast_ln179' <Predicate = true> <Delay = 0.00>
ST_5 : Operation 304 [1/1] (0.00ns)   --->   "%tmp_8 = partselect i8 @_ssdm_op_PartSelect.i8.i32.i32.i32, i32 %bitcast_ln179, i32 23, i32 30" [../hls_files/conv_pool.cpp:179]   --->   Operation 304 'partselect' 'tmp_8' <Predicate = true> <Delay = 0.00>
ST_5 : Operation 305 [1/1] (0.00ns)   --->   "%trunc_ln179 = trunc i32 %bitcast_ln179" [../hls_files/conv_pool.cpp:179]   --->   Operation 305 'trunc' 'trunc_ln179' <Predicate = true> <Delay = 0.00>
ST_5 : Operation 306 [1/1] (0.00ns)   --->   "%bitcast_ln179_1 = bitcast i32 %m3" [../hls_files/conv_pool.cpp:179]   --->   Operation 306 'bitcast' 'bitcast_ln179_1' <Predicate = true> <Delay = 0.00>
ST_5 : Operation 307 [1/1] (0.00ns)   --->   "%tmp_9 = partselect i8 @_ssdm_op_PartSelect.i8.i32.i32.i32, i32 %bitcast_ln179_1, i32 23, i32 30" [../hls_files/conv_pool.cpp:179]   --->   Operation 307 'partselect' 'tmp_9' <Predicate = true> <Delay = 0.00>
ST_5 : Operation 308 [1/1] (0.00ns)   --->   "%trunc_ln179_1 = trunc i32 %bitcast_ln179_1" [../hls_files/conv_pool.cpp:179]   --->   Operation 308 'trunc' 'trunc_ln179_1' <Predicate = true> <Delay = 0.00>
ST_5 : Operation 309 [1/1] (1.71ns)   --->   "%icmp_ln179 = icmp_ne  i8 %tmp_8, i8 255" [../hls_files/conv_pool.cpp:179]   --->   Operation 309 'icmp' 'icmp_ln179' <Predicate = true> <Delay = 1.71> <CoreInst = "Cmp">   --->   Core 9 'Cmp' <Latency = 0> <II = 1> <Delay = 1.71> <FuncUnit> <Opcode : 'seteq' 'setne' 'setle' 'setge' 'setlt' 'setgt'> <InPorts = 2> <OutPorts = 1>
ST_5 : Operation 310 [1/1] (1.98ns)   --->   "%icmp_ln179_1 = icmp_eq  i23 %trunc_ln179, i23 0" [../hls_files/conv_pool.cpp:179]   --->   Operation 310 'icmp' 'icmp_ln179_1' <Predicate = true> <Delay = 1.98> <CoreInst = "Cmp">   --->   Core 9 'Cmp' <Latency = 0> <II = 1> <Delay = 1.98> <FuncUnit> <Opcode : 'seteq' 'setne' 'setle' 'setge' 'setlt' 'setgt'> <InPorts = 2> <OutPorts = 1>
ST_5 : Operation 311 [1/1] (0.00ns) (grouped into LUT with out node and_ln179_1)   --->   "%or_ln179 = or i1 %icmp_ln179_1, i1 %icmp_ln179" [../hls_files/conv_pool.cpp:179]   --->   Operation 311 'or' 'or_ln179' <Predicate = true> <Delay = 0.00> <CoreInst = "LogicGate">   --->   Core 74 'LogicGate' <Latency = 0> <II = 1> <Delay = 0.80> <FuncUnit> <Opcode : 'and' 'or' 'xor'> <InPorts = 2> <OutPorts = 1>
ST_5 : Operation 312 [1/1] (1.71ns)   --->   "%icmp_ln179_2 = icmp_ne  i8 %tmp_9, i8 255" [../hls_files/conv_pool.cpp:179]   --->   Operation 312 'icmp' 'icmp_ln179_2' <Predicate = true> <Delay = 1.71> <CoreInst = "Cmp">   --->   Core 9 'Cmp' <Latency = 0> <II = 1> <Delay = 1.71> <FuncUnit> <Opcode : 'seteq' 'setne' 'setle' 'setge' 'setlt' 'setgt'> <InPorts = 2> <OutPorts = 1>
ST_5 : Operation 313 [1/1] (1.98ns)   --->   "%icmp_ln179_3 = icmp_eq  i23 %trunc_ln179_1, i23 0" [../hls_files/conv_pool.cpp:179]   --->   Operation 313 'icmp' 'icmp_ln179_3' <Predicate = true> <Delay = 1.98> <CoreInst = "Cmp">   --->   Core 9 'Cmp' <Latency = 0> <II = 1> <Delay = 1.98> <FuncUnit> <Opcode : 'seteq' 'setne' 'setle' 'setge' 'setlt' 'setgt'> <InPorts = 2> <OutPorts = 1>
ST_5 : Operation 314 [1/1] (0.00ns) (grouped into LUT with out node and_ln179_1)   --->   "%or_ln179_1 = or i1 %icmp_ln179_3, i1 %icmp_ln179_2" [../hls_files/conv_pool.cpp:179]   --->   Operation 314 'or' 'or_ln179_1' <Predicate = true> <Delay = 0.00> <CoreInst = "LogicGate">   --->   Core 74 'LogicGate' <Latency = 0> <II = 1> <Delay = 0.80> <FuncUnit> <Opcode : 'and' 'or' 'xor'> <InPorts = 2> <OutPorts = 1>
ST_5 : Operation 315 [1/1] (0.00ns) (grouped into LUT with out node and_ln179_1)   --->   "%and_ln179 = and i1 %or_ln179, i1 %or_ln179_1" [../hls_files/conv_pool.cpp:179]   --->   Operation 315 'and' 'and_ln179' <Predicate = true> <Delay = 0.00> <CoreInst = "LogicGate">   --->   Core 74 'LogicGate' <Latency = 0> <II = 1> <Delay = 0.80> <FuncUnit> <Opcode : 'and' 'or' 'xor'> <InPorts = 2> <OutPorts = 1>
ST_5 : Operation 316 [1/2] (4.24ns)   --->   "%tmp_10 = fcmp_ogt  i32 %m2, i32 %m3" [../hls_files/conv_pool.cpp:179]   --->   Operation 316 'fcmp' 'tmp_10' <Predicate = true> <Delay = 4.24> <CoreInst = "FCompare">   --->   Core 19 'FCompare' <Latency = 1> <II = 1> <Delay = 4.24> <FuncUnit> <Opcode : 'fcmp'> <InPorts = 2> <OutPorts = 1>
ST_5 : Operation 317 [1/1] (0.80ns) (out node of the LUT)   --->   "%and_ln179_1 = and i1 %and_ln179, i1 %tmp_10" [../hls_files/conv_pool.cpp:179]   --->   Operation 317 'and' 'and_ln179_1' <Predicate = true> <Delay = 0.80> <CoreInst = "LogicGate">   --->   Core 74 'LogicGate' <Latency = 0> <II = 1> <Delay = 0.80> <FuncUnit> <Opcode : 'and' 'or' 'xor'> <InPorts = 2> <OutPorts = 1>
ST_5 : Operation 318 [1/1] (0.77ns) (out node of the LUT)   --->   "%my = select i1 %and_ln179_1, i32 %m2, i32 %m3" [../hls_files/conv_pool.cpp:179]   --->   Operation 318 'select' 'my' <Predicate = true> <Delay = 0.77> <CoreInst = "Sel">   --->   Core 73 'Sel' <Latency = 0> <II = 1> <Delay = 0.77> <FuncUnit> <Opcode : 'select'> <InPorts = 3> <OutPorts = 1>
ST_5 : Operation 319 [2/2] (4.24ns)   --->   "%tmp_13 = fcmp_ogt  i32 %mx, i32 %my" [../hls_files/conv_pool.cpp:180]   --->   Operation 319 'fcmp' 'tmp_13' <Predicate = true> <Delay = 4.24> <CoreInst = "FCompare">   --->   Core 19 'FCompare' <Latency = 1> <II = 1> <Delay = 4.24> <FuncUnit> <Opcode : 'fcmp'> <InPorts = 2> <OutPorts = 1>

State 6 <SV = 5> <Delay = 8.59>
ST_6 : Operation 320 [1/1] (0.00ns)   --->   "%specloopname_ln0 = specloopname void @_ssdm_op_SpecLoopName, void @POOL2_ROW_POOL2_COL_POOL2_CH_str"   --->   Operation 320 'specloopname' 'specloopname_ln0' <Predicate = true> <Delay = 0.00>
ST_6 : Operation 321 [1/1] (0.00ns)   --->   "%speclooptripcount_ln0 = speclooptripcount void @_ssdm_op_SpecLoopTripCount, i64 72384, i64 72384, i64 72384"   --->   Operation 321 'speclooptripcount' 'speclooptripcount_ln0' <Predicate = true> <Delay = 0.00>
ST_6 : Operation 322 [1/2] (1.76ns) (root node of the DSP)   --->   "%empty_61 = add i13 %empty_58, i13 %select_ln170_cast" [../hls_files/conv_pool.cpp:168]   --->   Operation 322 'add' 'empty_61' <Predicate = true> <Delay = 1.76> <CoreInst = "DSP48">   --->   Core 116 'DSP48' <Latency = 3> <II = 1> <Delay = 1.82> <IPBlock> <Opcode : 'add' 'sub' 'mul' 'select'> <InPorts = 0> <OutPorts = 1> <Sync> <CReg>
ST_6 : Operation 323 [1/1] (0.00ns)   --->   "%p_cast = zext i13 %empty_61" [../hls_files/conv_pool.cpp:168]   --->   Operation 323 'zext' 'p_cast' <Predicate = true> <Delay = 0.00>
ST_6 : Operation 324 [1/1] (0.00ns)   --->   "%p_ZZ9cnn_accelE7feat2_p_10_addr = getelementptr i32 %p_ZZ9cnn_accelE7feat2_p_10, i64 0, i64 %p_cast" [../hls_files/conv_pool.cpp:168]   --->   Operation 324 'getelementptr' 'p_ZZ9cnn_accelE7feat2_p_10_addr' <Predicate = true> <Delay = 0.00>
ST_6 : Operation 325 [1/1] (0.00ns)   --->   "%p_ZZ9cnn_accelE7feat2_p_11_addr = getelementptr i32 %p_ZZ9cnn_accelE7feat2_p_11, i64 0, i64 %p_cast" [../hls_files/conv_pool.cpp:168]   --->   Operation 325 'getelementptr' 'p_ZZ9cnn_accelE7feat2_p_11_addr' <Predicate = true> <Delay = 0.00>
ST_6 : Operation 326 [1/1] (0.00ns)   --->   "%p_ZZ9cnn_accelE7feat2_p_12_addr = getelementptr i32 %p_ZZ9cnn_accelE7feat2_p_12, i64 0, i64 %p_cast" [../hls_files/conv_pool.cpp:168]   --->   Operation 326 'getelementptr' 'p_ZZ9cnn_accelE7feat2_p_12_addr' <Predicate = true> <Delay = 0.00>
ST_6 : Operation 327 [1/1] (0.00ns)   --->   "%p_ZZ9cnn_accelE7feat2_p_13_addr = getelementptr i32 %p_ZZ9cnn_accelE7feat2_p_13, i64 0, i64 %p_cast" [../hls_files/conv_pool.cpp:168]   --->   Operation 327 'getelementptr' 'p_ZZ9cnn_accelE7feat2_p_13_addr' <Predicate = true> <Delay = 0.00>
ST_6 : Operation 328 [1/1] (0.00ns)   --->   "%p_ZZ9cnn_accelE7feat2_p_14_addr = getelementptr i32 %p_ZZ9cnn_accelE7feat2_p_14, i64 0, i64 %p_cast" [../hls_files/conv_pool.cpp:168]   --->   Operation 328 'getelementptr' 'p_ZZ9cnn_accelE7feat2_p_14_addr' <Predicate = true> <Delay = 0.00>
ST_6 : Operation 329 [1/1] (0.00ns)   --->   "%cnn_accel_feat2_p = getelementptr i32 %p_ZZ9cnn_accelE7feat2_p_15, i64 0, i64 %p_cast" [../hls_files/conv_pool.cpp:168]   --->   Operation 329 'getelementptr' 'cnn_accel_feat2_p' <Predicate = true> <Delay = 0.00>
ST_6 : Operation 330 [1/1] (0.00ns)   --->   "%feat2_p_addr = getelementptr i32 %feat2_p, i64 0, i64 %p_cast" [../hls_files/conv_pool.cpp:168]   --->   Operation 330 'getelementptr' 'feat2_p_addr' <Predicate = true> <Delay = 0.00>
ST_6 : Operation 331 [1/1] (0.00ns)   --->   "%feat2_p_26_addr = getelementptr i32 %feat2_p_26, i64 0, i64 %p_cast" [../hls_files/conv_pool.cpp:168]   --->   Operation 331 'getelementptr' 'feat2_p_26_addr' <Predicate = true> <Delay = 0.00>
ST_6 : Operation 332 [1/1] (0.00ns)   --->   "%feat2_p_27_addr = getelementptr i32 %feat2_p_27, i64 0, i64 %p_cast" [../hls_files/conv_pool.cpp:168]   --->   Operation 332 'getelementptr' 'feat2_p_27_addr' <Predicate = true> <Delay = 0.00>
ST_6 : Operation 333 [1/1] (0.00ns)   --->   "%feat2_p_28_addr = getelementptr i32 %feat2_p_28, i64 0, i64 %p_cast" [../hls_files/conv_pool.cpp:168]   --->   Operation 333 'getelementptr' 'feat2_p_28_addr' <Predicate = true> <Delay = 0.00>
ST_6 : Operation 334 [1/1] (0.00ns)   --->   "%feat2_p_29_addr = getelementptr i32 %feat2_p_29, i64 0, i64 %p_cast" [../hls_files/conv_pool.cpp:168]   --->   Operation 334 'getelementptr' 'feat2_p_29_addr' <Predicate = true> <Delay = 0.00>
ST_6 : Operation 335 [1/1] (0.00ns)   --->   "%feat2_p_30_addr = getelementptr i32 %feat2_p_30, i64 0, i64 %p_cast" [../hls_files/conv_pool.cpp:168]   --->   Operation 335 'getelementptr' 'feat2_p_30_addr' <Predicate = true> <Delay = 0.00>
ST_6 : Operation 336 [1/1] (0.00ns)   --->   "%feat2_p_31_addr = getelementptr i32 %feat2_p_31, i64 0, i64 %p_cast" [../hls_files/conv_pool.cpp:168]   --->   Operation 336 'getelementptr' 'feat2_p_31_addr' <Predicate = true> <Delay = 0.00>
ST_6 : Operation 337 [1/1] (0.00ns)   --->   "%feat2_p_32_addr = getelementptr i32 %feat2_p_32, i64 0, i64 %p_cast" [../hls_files/conv_pool.cpp:168]   --->   Operation 337 'getelementptr' 'feat2_p_32_addr' <Predicate = true> <Delay = 0.00>
ST_6 : Operation 338 [1/1] (0.00ns)   --->   "%feat2_p_33_addr = getelementptr i32 %feat2_p_33, i64 0, i64 %p_cast" [../hls_files/conv_pool.cpp:168]   --->   Operation 338 'getelementptr' 'feat2_p_33_addr' <Predicate = true> <Delay = 0.00>
ST_6 : Operation 339 [1/1] (0.00ns)   --->   "%feat2_p_34_addr = getelementptr i32 %feat2_p_34, i64 0, i64 %p_cast" [../hls_files/conv_pool.cpp:168]   --->   Operation 339 'getelementptr' 'feat2_p_34_addr' <Predicate = true> <Delay = 0.00>
ST_6 : Operation 340 [1/1] (0.00ns)   --->   "%specpipeline_ln172 = specpipeline void @_ssdm_op_SpecPipeline, i32 4294967295, i32 0, i32 0, i32 0, void @empty_23" [../hls_files/conv_pool.cpp:172]   --->   Operation 340 'specpipeline' 'specpipeline_ln172' <Predicate = true> <Delay = 0.00>
ST_6 : Operation 341 [1/1] (0.00ns)   --->   "%bitcast_ln180 = bitcast i32 %mx" [../hls_files/conv_pool.cpp:180]   --->   Operation 341 'bitcast' 'bitcast_ln180' <Predicate = true> <Delay = 0.00>
ST_6 : Operation 342 [1/1] (0.00ns)   --->   "%tmp_11 = partselect i8 @_ssdm_op_PartSelect.i8.i32.i32.i32, i32 %bitcast_ln180, i32 23, i32 30" [../hls_files/conv_pool.cpp:180]   --->   Operation 342 'partselect' 'tmp_11' <Predicate = true> <Delay = 0.00>
ST_6 : Operation 343 [1/1] (0.00ns)   --->   "%trunc_ln180 = trunc i32 %bitcast_ln180" [../hls_files/conv_pool.cpp:180]   --->   Operation 343 'trunc' 'trunc_ln180' <Predicate = true> <Delay = 0.00>
ST_6 : Operation 344 [1/1] (0.00ns)   --->   "%bitcast_ln180_1 = bitcast i32 %my" [../hls_files/conv_pool.cpp:180]   --->   Operation 344 'bitcast' 'bitcast_ln180_1' <Predicate = true> <Delay = 0.00>
ST_6 : Operation 345 [1/1] (0.00ns)   --->   "%tmp_12 = partselect i8 @_ssdm_op_PartSelect.i8.i32.i32.i32, i32 %bitcast_ln180_1, i32 23, i32 30" [../hls_files/conv_pool.cpp:180]   --->   Operation 345 'partselect' 'tmp_12' <Predicate = true> <Delay = 0.00>
ST_6 : Operation 346 [1/1] (0.00ns)   --->   "%trunc_ln180_1 = trunc i32 %bitcast_ln180_1" [../hls_files/conv_pool.cpp:180]   --->   Operation 346 'trunc' 'trunc_ln180_1' <Predicate = true> <Delay = 0.00>
ST_6 : Operation 347 [1/1] (1.71ns)   --->   "%icmp_ln180_1 = icmp_ne  i8 %tmp_11, i8 255" [../hls_files/conv_pool.cpp:180]   --->   Operation 347 'icmp' 'icmp_ln180_1' <Predicate = true> <Delay = 1.71> <CoreInst = "Cmp">   --->   Core 9 'Cmp' <Latency = 0> <II = 1> <Delay = 1.71> <FuncUnit> <Opcode : 'seteq' 'setne' 'setle' 'setge' 'setlt' 'setgt'> <InPorts = 2> <OutPorts = 1>
ST_6 : Operation 348 [1/1] (1.98ns)   --->   "%icmp_ln180_2 = icmp_eq  i23 %trunc_ln180, i23 0" [../hls_files/conv_pool.cpp:180]   --->   Operation 348 'icmp' 'icmp_ln180_2' <Predicate = true> <Delay = 1.98> <CoreInst = "Cmp">   --->   Core 9 'Cmp' <Latency = 0> <II = 1> <Delay = 1.98> <FuncUnit> <Opcode : 'seteq' 'setne' 'setle' 'setge' 'setlt' 'setgt'> <InPorts = 2> <OutPorts = 1>
ST_6 : Operation 349 [1/1] (0.00ns) (grouped into LUT with out node and_ln180_1)   --->   "%or_ln180 = or i1 %icmp_ln180_2, i1 %icmp_ln180_1" [../hls_files/conv_pool.cpp:180]   --->   Operation 349 'or' 'or_ln180' <Predicate = true> <Delay = 0.00> <CoreInst = "LogicGate">   --->   Core 74 'LogicGate' <Latency = 0> <II = 1> <Delay = 0.80> <FuncUnit> <Opcode : 'and' 'or' 'xor'> <InPorts = 2> <OutPorts = 1>
ST_6 : Operation 350 [1/1] (1.71ns)   --->   "%icmp_ln180_3 = icmp_ne  i8 %tmp_12, i8 255" [../hls_files/conv_pool.cpp:180]   --->   Operation 350 'icmp' 'icmp_ln180_3' <Predicate = true> <Delay = 1.71> <CoreInst = "Cmp">   --->   Core 9 'Cmp' <Latency = 0> <II = 1> <Delay = 1.71> <FuncUnit> <Opcode : 'seteq' 'setne' 'setle' 'setge' 'setlt' 'setgt'> <InPorts = 2> <OutPorts = 1>
ST_6 : Operation 351 [1/1] (1.98ns)   --->   "%icmp_ln180_4 = icmp_eq  i23 %trunc_ln180_1, i23 0" [../hls_files/conv_pool.cpp:180]   --->   Operation 351 'icmp' 'icmp_ln180_4' <Predicate = true> <Delay = 1.98> <CoreInst = "Cmp">   --->   Core 9 'Cmp' <Latency = 0> <II = 1> <Delay = 1.98> <FuncUnit> <Opcode : 'seteq' 'setne' 'setle' 'setge' 'setlt' 'setgt'> <InPorts = 2> <OutPorts = 1>
ST_6 : Operation 352 [1/1] (0.00ns) (grouped into LUT with out node and_ln180_1)   --->   "%or_ln180_1 = or i1 %icmp_ln180_4, i1 %icmp_ln180_3" [../hls_files/conv_pool.cpp:180]   --->   Operation 352 'or' 'or_ln180_1' <Predicate = true> <Delay = 0.00> <CoreInst = "LogicGate">   --->   Core 74 'LogicGate' <Latency = 0> <II = 1> <Delay = 0.80> <FuncUnit> <Opcode : 'and' 'or' 'xor'> <InPorts = 2> <OutPorts = 1>
ST_6 : Operation 353 [1/1] (0.00ns) (grouped into LUT with out node and_ln180_1)   --->   "%and_ln180 = and i1 %or_ln180, i1 %or_ln180_1" [../hls_files/conv_pool.cpp:180]   --->   Operation 353 'and' 'and_ln180' <Predicate = true> <Delay = 0.00> <CoreInst = "LogicGate">   --->   Core 74 'LogicGate' <Latency = 0> <II = 1> <Delay = 0.80> <FuncUnit> <Opcode : 'and' 'or' 'xor'> <InPorts = 2> <OutPorts = 1>
ST_6 : Operation 354 [1/2] (4.24ns)   --->   "%tmp_13 = fcmp_ogt  i32 %mx, i32 %my" [../hls_files/conv_pool.cpp:180]   --->   Operation 354 'fcmp' 'tmp_13' <Predicate = true> <Delay = 4.24> <CoreInst = "FCompare">   --->   Core 19 'FCompare' <Latency = 1> <II = 1> <Delay = 4.24> <FuncUnit> <Opcode : 'fcmp'> <InPorts = 2> <OutPorts = 1>
ST_6 : Operation 355 [1/1] (0.80ns) (out node of the LUT)   --->   "%and_ln180_1 = and i1 %and_ln180, i1 %tmp_13" [../hls_files/conv_pool.cpp:180]   --->   Operation 355 'and' 'and_ln180_1' <Predicate = true> <Delay = 0.80> <CoreInst = "LogicGate">   --->   Core 74 'LogicGate' <Latency = 0> <II = 1> <Delay = 0.80> <FuncUnit> <Opcode : 'and' 'or' 'xor'> <InPorts = 2> <OutPorts = 1>
ST_6 : Operation 356 [1/1] (0.77ns) (out node of the LUT)   --->   "%select_ln180 = select i1 %and_ln180_1, i32 %mx, i32 %my" [../hls_files/conv_pool.cpp:180]   --->   Operation 356 'select' 'select_ln180' <Predicate = true> <Delay = 0.77> <CoreInst = "Sel">   --->   Core 73 'Sel' <Latency = 0> <II = 1> <Delay = 0.77> <FuncUnit> <Opcode : 'select'> <InPorts = 3> <OutPorts = 1>
ST_6 : Operation 357 [1/1] ( I:2.77ns O:2.77ns )   --->   "%store_ln180 = store i32 %select_ln180, i13 %p_ZZ9cnn_accelE7feat2_p_14_addr" [../hls_files/conv_pool.cpp:180]   --->   Operation 357 'store' 'store_ln180' <Predicate = (trunc_ln172 == 14)> <Delay = 2.77> <CoreInst = "RAM">   --->   Core 81 'RAM' <Latency = 1> <II = 1> <Delay = 2.77> <Storage> <Opcode : 'load' 'store'> <Ports = 2> <Width = 32> <Depth = 4524> <RAM>
ST_6 : Operation 358 [1/1] ( I:2.77ns O:2.77ns )   --->   "%store_ln180 = store i32 %select_ln180, i13 %p_ZZ9cnn_accelE7feat2_p_13_addr" [../hls_files/conv_pool.cpp:180]   --->   Operation 358 'store' 'store_ln180' <Predicate = (trunc_ln172 == 13)> <Delay = 2.77> <CoreInst = "RAM">   --->   Core 81 'RAM' <Latency = 1> <II = 1> <Delay = 2.77> <Storage> <Opcode : 'load' 'store'> <Ports = 2> <Width = 32> <Depth = 4524> <RAM>
ST_6 : Operation 359 [1/1] ( I:2.77ns O:2.77ns )   --->   "%store_ln180 = store i32 %select_ln180, i13 %p_ZZ9cnn_accelE7feat2_p_12_addr" [../hls_files/conv_pool.cpp:180]   --->   Operation 359 'store' 'store_ln180' <Predicate = (trunc_ln172 == 12)> <Delay = 2.77> <CoreInst = "RAM">   --->   Core 81 'RAM' <Latency = 1> <II = 1> <Delay = 2.77> <Storage> <Opcode : 'load' 'store'> <Ports = 2> <Width = 32> <Depth = 4524> <RAM>
ST_6 : Operation 360 [1/1] ( I:2.77ns O:2.77ns )   --->   "%store_ln180 = store i32 %select_ln180, i13 %p_ZZ9cnn_accelE7feat2_p_11_addr" [../hls_files/conv_pool.cpp:180]   --->   Operation 360 'store' 'store_ln180' <Predicate = (trunc_ln172 == 11)> <Delay = 2.77> <CoreInst = "RAM">   --->   Core 81 'RAM' <Latency = 1> <II = 1> <Delay = 2.77> <Storage> <Opcode : 'load' 'store'> <Ports = 2> <Width = 32> <Depth = 4524> <RAM>
ST_6 : Operation 361 [1/1] ( I:2.77ns O:2.77ns )   --->   "%store_ln180 = store i32 %select_ln180, i13 %p_ZZ9cnn_accelE7feat2_p_10_addr" [../hls_files/conv_pool.cpp:180]   --->   Operation 361 'store' 'store_ln180' <Predicate = (trunc_ln172 == 10)> <Delay = 2.77> <CoreInst = "RAM">   --->   Core 81 'RAM' <Latency = 1> <II = 1> <Delay = 2.77> <Storage> <Opcode : 'load' 'store'> <Ports = 2> <Width = 32> <Depth = 4524> <RAM>
ST_6 : Operation 362 [1/1] ( I:2.77ns O:2.77ns )   --->   "%store_ln180 = store i32 %select_ln180, i13 %feat2_p_34_addr" [../hls_files/conv_pool.cpp:180]   --->   Operation 362 'store' 'store_ln180' <Predicate = (trunc_ln172 == 9)> <Delay = 2.77> <CoreInst = "RAM">   --->   Core 81 'RAM' <Latency = 1> <II = 1> <Delay = 2.77> <Storage> <Opcode : 'load' 'store'> <Ports = 2> <Width = 32> <Depth = 4524> <RAM>
ST_6 : Operation 363 [1/1] ( I:2.77ns O:2.77ns )   --->   "%store_ln180 = store i32 %select_ln180, i13 %feat2_p_33_addr" [../hls_files/conv_pool.cpp:180]   --->   Operation 363 'store' 'store_ln180' <Predicate = (trunc_ln172 == 8)> <Delay = 2.77> <CoreInst = "RAM">   --->   Core 81 'RAM' <Latency = 1> <II = 1> <Delay = 2.77> <Storage> <Opcode : 'load' 'store'> <Ports = 2> <Width = 32> <Depth = 4524> <RAM>
ST_6 : Operation 364 [1/1] ( I:2.77ns O:2.77ns )   --->   "%store_ln180 = store i32 %select_ln180, i13 %feat2_p_32_addr" [../hls_files/conv_pool.cpp:180]   --->   Operation 364 'store' 'store_ln180' <Predicate = (trunc_ln172 == 7)> <Delay = 2.77> <CoreInst = "RAM">   --->   Core 81 'RAM' <Latency = 1> <II = 1> <Delay = 2.77> <Storage> <Opcode : 'load' 'store'> <Ports = 2> <Width = 32> <Depth = 4524> <RAM>
ST_6 : Operation 365 [1/1] ( I:2.77ns O:2.77ns )   --->   "%store_ln180 = store i32 %select_ln180, i13 %feat2_p_31_addr" [../hls_files/conv_pool.cpp:180]   --->   Operation 365 'store' 'store_ln180' <Predicate = (trunc_ln172 == 6)> <Delay = 2.77> <CoreInst = "RAM">   --->   Core 81 'RAM' <Latency = 1> <II = 1> <Delay = 2.77> <Storage> <Opcode : 'load' 'store'> <Ports = 2> <Width = 32> <Depth = 4524> <RAM>
ST_6 : Operation 366 [1/1] ( I:2.77ns O:2.77ns )   --->   "%store_ln180 = store i32 %select_ln180, i13 %feat2_p_30_addr" [../hls_files/conv_pool.cpp:180]   --->   Operation 366 'store' 'store_ln180' <Predicate = (trunc_ln172 == 5)> <Delay = 2.77> <CoreInst = "RAM">   --->   Core 81 'RAM' <Latency = 1> <II = 1> <Delay = 2.77> <Storage> <Opcode : 'load' 'store'> <Ports = 2> <Width = 32> <Depth = 4524> <RAM>
ST_6 : Operation 367 [1/1] ( I:2.77ns O:2.77ns )   --->   "%store_ln180 = store i32 %select_ln180, i13 %feat2_p_29_addr" [../hls_files/conv_pool.cpp:180]   --->   Operation 367 'store' 'store_ln180' <Predicate = (trunc_ln172 == 4)> <Delay = 2.77> <CoreInst = "RAM">   --->   Core 81 'RAM' <Latency = 1> <II = 1> <Delay = 2.77> <Storage> <Opcode : 'load' 'store'> <Ports = 2> <Width = 32> <Depth = 4524> <RAM>
ST_6 : Operation 368 [1/1] ( I:2.77ns O:2.77ns )   --->   "%store_ln180 = store i32 %select_ln180, i13 %feat2_p_28_addr" [../hls_files/conv_pool.cpp:180]   --->   Operation 368 'store' 'store_ln180' <Predicate = (trunc_ln172 == 3)> <Delay = 2.77> <CoreInst = "RAM">   --->   Core 81 'RAM' <Latency = 1> <II = 1> <Delay = 2.77> <Storage> <Opcode : 'load' 'store'> <Ports = 2> <Width = 32> <Depth = 4524> <RAM>
ST_6 : Operation 369 [1/1] ( I:2.77ns O:2.77ns )   --->   "%store_ln180 = store i32 %select_ln180, i13 %feat2_p_27_addr" [../hls_files/conv_pool.cpp:180]   --->   Operation 369 'store' 'store_ln180' <Predicate = (trunc_ln172 == 2)> <Delay = 2.77> <CoreInst = "RAM">   --->   Core 81 'RAM' <Latency = 1> <II = 1> <Delay = 2.77> <Storage> <Opcode : 'load' 'store'> <Ports = 2> <Width = 32> <Depth = 4524> <RAM>
ST_6 : Operation 370 [1/1] ( I:2.77ns O:2.77ns )   --->   "%store_ln180 = store i32 %select_ln180, i13 %feat2_p_26_addr" [../hls_files/conv_pool.cpp:180]   --->   Operation 370 'store' 'store_ln180' <Predicate = (trunc_ln172 == 1)> <Delay = 2.77> <CoreInst = "RAM">   --->   Core 81 'RAM' <Latency = 1> <II = 1> <Delay = 2.77> <Storage> <Opcode : 'load' 'store'> <Ports = 2> <Width = 32> <Depth = 4524> <RAM>
ST_6 : Operation 371 [1/1] ( I:2.77ns O:2.77ns )   --->   "%store_ln180 = store i32 %select_ln180, i13 %feat2_p_addr" [../hls_files/conv_pool.cpp:180]   --->   Operation 371 'store' 'store_ln180' <Predicate = (trunc_ln172 == 0)> <Delay = 2.77> <CoreInst = "RAM">   --->   Core 81 'RAM' <Latency = 1> <II = 1> <Delay = 2.77> <Storage> <Opcode : 'load' 'store'> <Ports = 2> <Width = 32> <Depth = 4524> <RAM>
ST_6 : Operation 372 [1/1] ( I:2.77ns O:2.77ns )   --->   "%store_ln180 = store i32 %select_ln180, i13 %cnn_accel_feat2_p" [../hls_files/conv_pool.cpp:180]   --->   Operation 372 'store' 'store_ln180' <Predicate = (trunc_ln172 == 15)> <Delay = 2.77> <CoreInst = "RAM">   --->   Core 81 'RAM' <Latency = 1> <II = 1> <Delay = 2.77> <Storage> <Opcode : 'load' 'store'> <Ports = 2> <Width = 32> <Depth = 4524> <RAM>


============================================================
+ Verbose Summary: Binding
============================================================
STG Binding: 
---------------- STG Properties BEGIN ----------------
- Is combinational: 0
- Is one-state seq: 0
- Is datapath-only: 0
- Is pipelined: 0
- Is top level: 0
Port [ Return ] is wired: 1; IO mode=ap_ctrl_hs:ce=0
Port [ feat2_p]:  wired=1; compound=1; hidden=0; nouse=0; global=1; static=1; extern=0; dir=1; type=1; pingpong=0; private_global=0; MemPort=[03]; IO mode=ap_memory:ce=0
Port [ feat2]:  wired=1; compound=1; hidden=0; nouse=0; global=1; static=1; extern=0; dir=0; type=1; pingpong=0; private_global=0; MemPort=[11]; IO mode=ap_memory:ce=0
Port [ feat2_17]:  wired=1; compound=1; hidden=0; nouse=0; global=1; static=1; extern=0; dir=0; type=1; pingpong=0; private_global=0; MemPort=[11]; IO mode=ap_memory:ce=0
Port [ feat2_18]:  wired=1; compound=1; hidden=0; nouse=0; global=1; static=1; extern=0; dir=0; type=1; pingpong=0; private_global=0; MemPort=[11]; IO mode=ap_memory:ce=0
Port [ feat2_19]:  wired=1; compound=1; hidden=0; nouse=0; global=1; static=1; extern=0; dir=0; type=1; pingpong=0; private_global=0; MemPort=[11]; IO mode=ap_memory:ce=0
Port [ feat2_20]:  wired=1; compound=1; hidden=0; nouse=0; global=1; static=1; extern=0; dir=0; type=1; pingpong=0; private_global=0; MemPort=[11]; IO mode=ap_memory:ce=0
Port [ feat2_21]:  wired=1; compound=1; hidden=0; nouse=0; global=1; static=1; extern=0; dir=0; type=1; pingpong=0; private_global=0; MemPort=[11]; IO mode=ap_memory:ce=0
Port [ feat2_22]:  wired=1; compound=1; hidden=0; nouse=0; global=1; static=1; extern=0; dir=0; type=1; pingpong=0; private_global=0; MemPort=[11]; IO mode=ap_memory:ce=0
Port [ feat2_23]:  wired=1; compound=1; hidden=0; nouse=0; global=1; static=1; extern=0; dir=0; type=1; pingpong=0; private_global=0; MemPort=[11]; IO mode=ap_memory:ce=0
Port [ feat2_24]:  wired=1; compound=1; hidden=0; nouse=0; global=1; static=1; extern=0; dir=0; type=1; pingpong=0; private_global=0; MemPort=[11]; IO mode=ap_memory:ce=0
Port [ feat2_25]:  wired=1; compound=1; hidden=0; nouse=0; global=1; static=1; extern=0; dir=0; type=1; pingpong=0; private_global=0; MemPort=[11]; IO mode=ap_memory:ce=0
Port [ p_ZZ9cnn_accelE5feat2_10]:  wired=1; compound=1; hidden=0; nouse=0; global=1; static=1; extern=0; dir=0; type=1; pingpong=0; private_global=0; MemPort=[11]; IO mode=ap_memory:ce=0
Port [ p_ZZ9cnn_accelE5feat2_11]:  wired=1; compound=1; hidden=0; nouse=0; global=1; static=1; extern=0; dir=0; type=1; pingpong=0; private_global=0; MemPort=[11]; IO mode=ap_memory:ce=0
Port [ p_ZZ9cnn_accelE5feat2_12]:  wired=1; compound=1; hidden=0; nouse=0; global=1; static=1; extern=0; dir=0; type=1; pingpong=0; private_global=0; MemPort=[11]; IO mode=ap_memory:ce=0
Port [ p_ZZ9cnn_accelE5feat2_13]:  wired=1; compound=1; hidden=0; nouse=0; global=1; static=1; extern=0; dir=0; type=1; pingpong=0; private_global=0; MemPort=[11]; IO mode=ap_memory:ce=0
Port [ p_ZZ9cnn_accelE5feat2_14]:  wired=1; compound=1; hidden=0; nouse=0; global=1; static=1; extern=0; dir=0; type=1; pingpong=0; private_global=0; MemPort=[11]; IO mode=ap_memory:ce=0
Port [ p_ZZ9cnn_accelE5feat2_15]:  wired=1; compound=1; hidden=0; nouse=0; global=1; static=1; extern=0; dir=0; type=1; pingpong=0; private_global=0; MemPort=[11]; IO mode=ap_memory:ce=0
Port [ feat2_p_26]:  wired=1; compound=1; hidden=0; nouse=0; global=1; static=1; extern=0; dir=1; type=1; pingpong=0; private_global=0; MemPort=[03]; IO mode=ap_memory:ce=0
Port [ feat2_p_27]:  wired=1; compound=1; hidden=0; nouse=0; global=1; static=1; extern=0; dir=1; type=1; pingpong=0; private_global=0; MemPort=[03]; IO mode=ap_memory:ce=0
Port [ feat2_p_28]:  wired=1; compound=1; hidden=0; nouse=0; global=1; static=1; extern=0; dir=1; type=1; pingpong=0; private_global=0; MemPort=[03]; IO mode=ap_memory:ce=0
Port [ feat2_p_29]:  wired=1; compound=1; hidden=0; nouse=0; global=1; static=1; extern=0; dir=1; type=1; pingpong=0; private_global=0; MemPort=[03]; IO mode=ap_memory:ce=0
Port [ feat2_p_30]:  wired=1; compound=1; hidden=0; nouse=0; global=1; static=1; extern=0; dir=1; type=1; pingpong=0; private_global=0; MemPort=[03]; IO mode=ap_memory:ce=0
Port [ feat2_p_31]:  wired=1; compound=1; hidden=0; nouse=0; global=1; static=1; extern=0; dir=1; type=1; pingpong=0; private_global=0; MemPort=[03]; IO mode=ap_memory:ce=0
Port [ feat2_p_32]:  wired=1; compound=1; hidden=0; nouse=0; global=1; static=1; extern=0; dir=1; type=1; pingpong=0; private_global=0; MemPort=[03]; IO mode=ap_memory:ce=0
Port [ feat2_p_33]:  wired=1; compound=1; hidden=0; nouse=0; global=1; static=1; extern=0; dir=1; type=1; pingpong=0; private_global=0; MemPort=[03]; IO mode=ap_memory:ce=0
Port [ feat2_p_34]:  wired=1; compound=1; hidden=0; nouse=0; global=1; static=1; extern=0; dir=1; type=1; pingpong=0; private_global=0; MemPort=[03]; IO mode=ap_memory:ce=0
Port [ p_ZZ9cnn_accelE7feat2_p_10]:  wired=1; compound=1; hidden=0; nouse=0; global=1; static=1; extern=0; dir=1; type=1; pingpong=0; private_global=0; MemPort=[03]; IO mode=ap_memory:ce=0
Port [ p_ZZ9cnn_accelE7feat2_p_11]:  wired=1; compound=1; hidden=0; nouse=0; global=1; static=1; extern=0; dir=1; type=1; pingpong=0; private_global=0; MemPort=[03]; IO mode=ap_memory:ce=0
Port [ p_ZZ9cnn_accelE7feat2_p_12]:  wired=1; compound=1; hidden=0; nouse=0; global=1; static=1; extern=0; dir=1; type=1; pingpong=0; private_global=0; MemPort=[03]; IO mode=ap_memory:ce=0
Port [ p_ZZ9cnn_accelE7feat2_p_13]:  wired=1; compound=1; hidden=0; nouse=0; global=1; static=1; extern=0; dir=1; type=1; pingpong=0; private_global=0; MemPort=[03]; IO mode=ap_memory:ce=0
Port [ p_ZZ9cnn_accelE7feat2_p_14]:  wired=1; compound=1; hidden=0; nouse=0; global=1; static=1; extern=0; dir=1; type=1; pingpong=0; private_global=0; MemPort=[03]; IO mode=ap_memory:ce=0
Port [ p_ZZ9cnn_accelE7feat2_p_15]:  wired=1; compound=1; hidden=0; nouse=0; global=1; static=1; extern=0; dir=1; type=1; pingpong=0; private_global=0; MemPort=[03]; IO mode=ap_memory:ce=0
---------------- STG Properties END ------------------

---------------- Datapath Model BEGIN ----------------

<LifeTime>
<method=bitvector/>
m                                                           (alloca           ) [ 0111000]
j                                                           (alloca           ) [ 0111000]
indvar_flatten97                                            (alloca           ) [ 0111000]
i                                                           (alloca           ) [ 0111000]
indvar_flatten110                                           (alloca           ) [ 0111000]
store_ln0                                                   (store            ) [ 0000000]
store_ln168                                                 (store            ) [ 0000000]
store_ln0                                                   (store            ) [ 0000000]
store_ln170                                                 (store            ) [ 0000000]
store_ln172                                                 (store            ) [ 0000000]
br_ln0                                                      (br               ) [ 0000000]
indvar_flatten97_load                                       (load             ) [ 0101000]
indvar_flatten110_load                                      (load             ) [ 0000000]
icmp_ln168                                                  (icmp             ) [ 0111100]
add_ln168_1                                                 (add              ) [ 0101000]
br_ln168                                                    (br               ) [ 0000000]
m_load                                                      (load             ) [ 0000000]
j_load                                                      (load             ) [ 0000000]
i_load                                                      (load             ) [ 0000000]
add_ln168                                                   (add              ) [ 0000000]
icmp_ln170                                                  (icmp             ) [ 0101000]
select_ln168                                                (select           ) [ 0000000]
xor_ln168                                                   (xor              ) [ 0000000]
icmp_ln172                                                  (icmp             ) [ 0000000]
and_ln168                                                   (and              ) [ 0000000]
select_ln168_1                                              (select           ) [ 0101000]
add_ln170                                                   (add              ) [ 0000000]
empty                                                       (or               ) [ 0000000]
m_3_mid2                                                    (select           ) [ 0101000]
select_ln170                                                (select           ) [ 0111110]
tmp_s                                                       (bitconcatenate   ) [ 0000000]
tmp_37_cast                                                 (zext             ) [ 0000000]
empty_59                                                    (mul              ) [ 0000000]
tmp_3                                                       (bitconcatenate   ) [ 0000000]
tmp_39_cast                                                 (zext             ) [ 0101000]
empty_62                                                    (add              ) [ 0000000]
p_cast1                                                     (zext             ) [ 0000000]
p_ZZ9cnn_accelE5feat2_10_addr                               (getelementptr    ) [ 0101000]
p_ZZ9cnn_accelE5feat2_11_addr                               (getelementptr    ) [ 0101000]
p_ZZ9cnn_accelE5feat2_12_addr                               (getelementptr    ) [ 0101000]
p_ZZ9cnn_accelE5feat2_13_addr                               (getelementptr    ) [ 0101000]
p_ZZ9cnn_accelE5feat2_14_addr                               (getelementptr    ) [ 0101000]
cnn_accel_feat2                                             (getelementptr    ) [ 0101000]
feat2_addr                                                  (getelementptr    ) [ 0101000]
feat2_17_addr                                               (getelementptr    ) [ 0101000]
feat2_18_addr                                               (getelementptr    ) [ 0101000]
feat2_19_addr                                               (getelementptr    ) [ 0101000]
feat2_20_addr                                               (getelementptr    ) [ 0101000]
feat2_21_addr                                               (getelementptr    ) [ 0101000]
feat2_22_addr                                               (getelementptr    ) [ 0101000]
feat2_23_addr                                               (getelementptr    ) [ 0101000]
feat2_24_addr                                               (getelementptr    ) [ 0101000]
feat2_25_addr                                               (getelementptr    ) [ 0101000]
tmp_4                                                       (bitconcatenate   ) [ 0000000]
tmp_40_cast                                                 (zext             ) [ 0101000]
empty_64                                                    (add              ) [ 0000000]
p_cast3                                                     (zext             ) [ 0000000]
p_ZZ9cnn_accelE5feat2_10_addr_2                             (getelementptr    ) [ 0101000]
p_ZZ9cnn_accelE5feat2_11_addr_2                             (getelementptr    ) [ 0101000]
p_ZZ9cnn_accelE5feat2_12_addr_2                             (getelementptr    ) [ 0101000]
p_ZZ9cnn_accelE5feat2_13_addr_2                             (getelementptr    ) [ 0101000]
p_ZZ9cnn_accelE5feat2_14_addr_2                             (getelementptr    ) [ 0101000]
cnn_accel_feat2_addr_2_s                                    (getelementptr    ) [ 0101000]
feat2_addr_2                                                (getelementptr    ) [ 0101000]
feat2_17_addr_2                                             (getelementptr    ) [ 0101000]
feat2_18_addr_2                                             (getelementptr    ) [ 0101000]
feat2_19_addr_2                                             (getelementptr    ) [ 0101000]
feat2_20_addr_2                                             (getelementptr    ) [ 0101000]
feat2_21_addr_2                                             (getelementptr    ) [ 0101000]
feat2_22_addr_2                                             (getelementptr    ) [ 0101000]
feat2_23_addr_2                                             (getelementptr    ) [ 0101000]
feat2_24_addr_2                                             (getelementptr    ) [ 0101000]
feat2_25_addr_2                                             (getelementptr    ) [ 0101000]
trunc_ln172                                                 (trunc            ) [ 0111111]
switch_ln180                                                (switch           ) [ 0000000]
br_ln180                                                    (br               ) [ 0000000]
br_ln180                                                    (br               ) [ 0000000]
br_ln180                                                    (br               ) [ 0000000]
br_ln180                                                    (br               ) [ 0000000]
br_ln180                                                    (br               ) [ 0000000]
br_ln180                                                    (br               ) [ 0000000]
br_ln180                                                    (br               ) [ 0000000]
br_ln180                                                    (br               ) [ 0000000]
br_ln180                                                    (br               ) [ 0000000]
br_ln180                                                    (br               ) [ 0000000]
br_ln180                                                    (br               ) [ 0000000]
br_ln180                                                    (br               ) [ 0000000]
br_ln180                                                    (br               ) [ 0000000]
br_ln180                                                    (br               ) [ 0000000]
br_ln180                                                    (br               ) [ 0000000]
br_ln180                                                    (br               ) [ 0000000]
select_ln168_1_cast                                         (zext             ) [ 0110110]
tmp_2                                                       (bitconcatenate   ) [ 0000000]
tmp_38_cast                                                 (zext             ) [ 0000000]
empty_60                                                    (mul              ) [ 0000000]
empty_63                                                    (add              ) [ 0000000]
p_cast2                                                     (zext             ) [ 0000000]
p_ZZ9cnn_accelE5feat2_10_addr_1                             (getelementptr    ) [ 0010100]
p_ZZ9cnn_accelE5feat2_11_addr_1                             (getelementptr    ) [ 0010100]
p_ZZ9cnn_accelE5feat2_12_addr_1                             (getelementptr    ) [ 0010100]
p_ZZ9cnn_accelE5feat2_13_addr_1                             (getelementptr    ) [ 0010100]
p_ZZ9cnn_accelE5feat2_14_addr_1                             (getelementptr    ) [ 0010100]
cnn_accel_feat2_addr_1_s                                    (getelementptr    ) [ 0010100]
feat2_addr_1                                                (getelementptr    ) [ 0010100]
feat2_17_addr_1                                             (getelementptr    ) [ 0010100]
feat2_18_addr_1                                             (getelementptr    ) [ 0010100]
feat2_19_addr_1                                             (getelementptr    ) [ 0010100]
feat2_20_addr_1                                             (getelementptr    ) [ 0010100]
feat2_21_addr_1                                             (getelementptr    ) [ 0010100]
feat2_22_addr_1                                             (getelementptr    ) [ 0010100]
feat2_23_addr_1                                             (getelementptr    ) [ 0010100]
feat2_24_addr_1                                             (getelementptr    ) [ 0010100]
feat2_25_addr_1                                             (getelementptr    ) [ 0010100]
empty_65                                                    (add              ) [ 0000000]
p_cast4                                                     (zext             ) [ 0000000]
p_ZZ9cnn_accelE5feat2_10_addr_3                             (getelementptr    ) [ 0010100]
p_ZZ9cnn_accelE5feat2_11_addr_3                             (getelementptr    ) [ 0010100]
p_ZZ9cnn_accelE5feat2_12_addr_3                             (getelementptr    ) [ 0010100]
p_ZZ9cnn_accelE5feat2_13_addr_3                             (getelementptr    ) [ 0010100]
p_ZZ9cnn_accelE5feat2_14_addr_3                             (getelementptr    ) [ 0010100]
cnn_accel_feat2_addr_3_s                                    (getelementptr    ) [ 0010100]
feat2_addr_3                                                (getelementptr    ) [ 0010100]
feat2_17_addr_3                                             (getelementptr    ) [ 0010100]
feat2_18_addr_3                                             (getelementptr    ) [ 0010100]
feat2_19_addr_3                                             (getelementptr    ) [ 0010100]
feat2_20_addr_3                                             (getelementptr    ) [ 0010100]
feat2_21_addr_3                                             (getelementptr    ) [ 0010100]
feat2_22_addr_3                                             (getelementptr    ) [ 0010100]
feat2_23_addr_3                                             (getelementptr    ) [ 0010100]
feat2_24_addr_3                                             (getelementptr    ) [ 0010100]
feat2_25_addr_3                                             (getelementptr    ) [ 0010100]
feat2_load                                                  (load             ) [ 0000000]
feat2_17_load                                               (load             ) [ 0000000]
feat2_18_load                                               (load             ) [ 0000000]
feat2_19_load                                               (load             ) [ 0000000]
feat2_20_load                                               (load             ) [ 0000000]
feat2_21_load                                               (load             ) [ 0000000]
feat2_22_load                                               (load             ) [ 0000000]
feat2_23_load                                               (load             ) [ 0000000]
feat2_24_load                                               (load             ) [ 0000000]
feat2_25_load                                               (load             ) [ 0000000]
p_ZZ9cnn_accelE5feat2_10_load                               (load             ) [ 0000000]
cnn_accel_feat2_66                                          (load             ) [ 0000000]
cnn_accel_feat2_67                                          (load             ) [ 0000000]
cnn_accel_feat2_68                                          (load             ) [ 0000000]
cnn_accel_feat2_69                                          (load             ) [ 0000000]
cnn_accel_feat2_70                                          (load             ) [ 0000000]
feat2_load_2                                                (load             ) [ 0000000]
feat2_17_load_2                                             (load             ) [ 0000000]
feat2_18_load_2                                             (load             ) [ 0000000]
feat2_19_load_2                                             (load             ) [ 0000000]
feat2_20_load_2                                             (load             ) [ 0000000]
feat2_21_load_2                                             (load             ) [ 0000000]
feat2_22_load_2                                             (load             ) [ 0000000]
feat2_23_load_2                                             (load             ) [ 0000000]
feat2_24_load_2                                             (load             ) [ 0000000]
feat2_25_load_2                                             (load             ) [ 0000000]
p_ZZ9cnn_accelE5feat2_10_load_2                             (load             ) [ 0000000]
cnn_accel_feat2_long_unsigned_int128_signed_char_double_2_s (load             ) [ 0000000]
cnn_accel_feat2_l_unsigned_int128_signed_char_double_2_s    (load             ) [ 0000000]
cnn_accel_feat2_lo_signed_char_double_2_s                   (load             ) [ 0000000]
cnn_accel_feat2_loa_double_2_s                              (load             ) [ 0000000]
cnn_accel_feat2_load_2_s                                    (load             ) [ 0000000]
m0                                                          (sparsemux        ) [ 0110110]
m2                                                          (sparsemux        ) [ 0110110]
add_ln172                                                   (add              ) [ 0000000]
add_ln170_1                                                 (add              ) [ 0000000]
select_ln170_1                                              (select           ) [ 0000000]
store_ln168                                                 (store            ) [ 0000000]
store_ln168                                                 (store            ) [ 0000000]
store_ln170                                                 (store            ) [ 0000000]
store_ln170                                                 (store            ) [ 0000000]
store_ln172                                                 (store            ) [ 0000000]
br_ln172                                                    (br               ) [ 0000000]
feat2_load_1                                                (load             ) [ 0000000]
feat2_17_load_1                                             (load             ) [ 0000000]
feat2_18_load_1                                             (load             ) [ 0000000]
feat2_19_load_1                                             (load             ) [ 0000000]
feat2_20_load_1                                             (load             ) [ 0000000]
feat2_21_load_1                                             (load             ) [ 0000000]
feat2_22_load_1                                             (load             ) [ 0000000]
feat2_23_load_1                                             (load             ) [ 0000000]
feat2_24_load_1                                             (load             ) [ 0000000]
feat2_25_load_1                                             (load             ) [ 0000000]
p_ZZ9cnn_accelE5feat2_10_load_1                             (load             ) [ 0000000]
cnn_accel_feat2_long_unsigned_int128_signed_char_double_1_s (load             ) [ 0000000]
cnn_accel_feat2_l_unsigned_int128_signed_char_double_1_s    (load             ) [ 0000000]
cnn_accel_feat2_lo_signed_char_double_1_s                   (load             ) [ 0000000]
cnn_accel_feat2_loa_double_1_s                              (load             ) [ 0000000]
cnn_accel_feat2_load_1_s                                    (load             ) [ 0000000]
feat2_load_3                                                (load             ) [ 0000000]
feat2_17_load_3                                             (load             ) [ 0000000]
feat2_18_load_3                                             (load             ) [ 0000000]
feat2_19_load_3                                             (load             ) [ 0000000]
feat2_20_load_3                                             (load             ) [ 0000000]
feat2_21_load_3                                             (load             ) [ 0000000]
feat2_22_load_3                                             (load             ) [ 0000000]
feat2_23_load_3                                             (load             ) [ 0000000]
feat2_24_load_3                                             (load             ) [ 0000000]
feat2_25_load_3                                             (load             ) [ 0000000]
p_ZZ9cnn_accelE5feat2_10_load_3                             (load             ) [ 0000000]
cnn_accel_feat2_long_unsigned_int128_signed_char_double_3_s (load             ) [ 0000000]
cnn_accel_feat2_l_unsigned_int128_signed_char_double_3_s    (load             ) [ 0000000]
cnn_accel_feat2_lo_signed_char_double_3_s                   (load             ) [ 0000000]
cnn_accel_feat2_loa_double_3_s                              (load             ) [ 0000000]
cnn_accel_feat2_load_3_s                                    (load             ) [ 0000000]
m1                                                          (sparsemux        ) [ 0100010]
m3                                                          (sparsemux        ) [ 0100010]
empty_58                                                    (mul              ) [ 0010001]
select_ln170_cast                                           (zext             ) [ 0010001]
bitcast_ln178                                               (bitcast          ) [ 0000000]
tmp_5                                                       (partselect       ) [ 0000000]
trunc_ln178                                                 (trunc            ) [ 0000000]
bitcast_ln178_1                                             (bitcast          ) [ 0000000]
tmp_6                                                       (partselect       ) [ 0000000]
trunc_ln178_1                                               (trunc            ) [ 0000000]
icmp_ln178                                                  (icmp             ) [ 0000000]
icmp_ln178_1                                                (icmp             ) [ 0000000]
or_ln178                                                    (or               ) [ 0000000]
icmp_ln178_2                                                (icmp             ) [ 0000000]
icmp_ln178_3                                                (icmp             ) [ 0000000]
or_ln178_1                                                  (or               ) [ 0000000]
and_ln178                                                   (and              ) [ 0000000]
tmp_7                                                       (fcmp             ) [ 0000000]
and_ln178_1                                                 (and              ) [ 0000000]
mx                                                          (select           ) [ 0010001]
bitcast_ln179                                               (bitcast          ) [ 0000000]
tmp_8                                                       (partselect       ) [ 0000000]
trunc_ln179                                                 (trunc            ) [ 0000000]
bitcast_ln179_1                                             (bitcast          ) [ 0000000]
tmp_9                                                       (partselect       ) [ 0000000]
trunc_ln179_1                                               (trunc            ) [ 0000000]
icmp_ln179                                                  (icmp             ) [ 0000000]
icmp_ln179_1                                                (icmp             ) [ 0000000]
or_ln179                                                    (or               ) [ 0000000]
icmp_ln179_2                                                (icmp             ) [ 0000000]
icmp_ln179_3                                                (icmp             ) [ 0000000]
or_ln179_1                                                  (or               ) [ 0000000]
and_ln179                                                   (and              ) [ 0000000]
tmp_10                                                      (fcmp             ) [ 0000000]
and_ln179_1                                                 (and              ) [ 0000000]
my                                                          (select           ) [ 0010001]
specloopname_ln0                                            (specloopname     ) [ 0000000]
speclooptripcount_ln0                                       (speclooptripcount) [ 0000000]
empty_61                                                    (add              ) [ 0000000]
p_cast                                                      (zext             ) [ 0000000]
p_ZZ9cnn_accelE7feat2_p_10_addr                             (getelementptr    ) [ 0000000]
p_ZZ9cnn_accelE7feat2_p_11_addr                             (getelementptr    ) [ 0000000]
p_ZZ9cnn_accelE7feat2_p_12_addr                             (getelementptr    ) [ 0000000]
p_ZZ9cnn_accelE7feat2_p_13_addr                             (getelementptr    ) [ 0000000]
p_ZZ9cnn_accelE7feat2_p_14_addr                             (getelementptr    ) [ 0000000]
cnn_accel_feat2_p                                           (getelementptr    ) [ 0000000]
feat2_p_addr                                                (getelementptr    ) [ 0000000]
feat2_p_26_addr                                             (getelementptr    ) [ 0000000]
feat2_p_27_addr                                             (getelementptr    ) [ 0000000]
feat2_p_28_addr                                             (getelementptr    ) [ 0000000]
feat2_p_29_addr                                             (getelementptr    ) [ 0000000]
feat2_p_30_addr                                             (getelementptr    ) [ 0000000]
feat2_p_31_addr                                             (getelementptr    ) [ 0000000]
feat2_p_32_addr                                             (getelementptr    ) [ 0000000]
feat2_p_33_addr                                             (getelementptr    ) [ 0000000]
feat2_p_34_addr                                             (getelementptr    ) [ 0000000]
specpipeline_ln172                                          (specpipeline     ) [ 0000000]
bitcast_ln180                                               (bitcast          ) [ 0000000]
tmp_11                                                      (partselect       ) [ 0000000]
trunc_ln180                                                 (trunc            ) [ 0000000]
bitcast_ln180_1                                             (bitcast          ) [ 0000000]
tmp_12                                                      (partselect       ) [ 0000000]
trunc_ln180_1                                               (trunc            ) [ 0000000]
icmp_ln180_1                                                (icmp             ) [ 0000000]
icmp_ln180_2                                                (icmp             ) [ 0000000]
or_ln180                                                    (or               ) [ 0000000]
icmp_ln180_3                                                (icmp             ) [ 0000000]
icmp_ln180_4                                                (icmp             ) [ 0000000]
or_ln180_1                                                  (or               ) [ 0000000]
and_ln180                                                   (and              ) [ 0000000]
tmp_13                                                      (fcmp             ) [ 0000000]
and_ln180_1                                                 (and              ) [ 0000000]
select_ln180                                                (select           ) [ 0000000]
store_ln180                                                 (store            ) [ 0000000]
store_ln180                                                 (store            ) [ 0000000]
store_ln180                                                 (store            ) [ 0000000]
store_ln180                                                 (store            ) [ 0000000]
store_ln180                                                 (store            ) [ 0000000]
store_ln180                                                 (store            ) [ 0000000]
store_ln180                                                 (store            ) [ 0000000]
store_ln180                                                 (store            ) [ 0000000]
store_ln180                                                 (store            ) [ 0000000]
store_ln180                                                 (store            ) [ 0000000]
store_ln180                                                 (store            ) [ 0000000]
store_ln180                                                 (store            ) [ 0000000]
store_ln180                                                 (store            ) [ 0000000]
store_ln180                                                 (store            ) [ 0000000]
store_ln180                                                 (store            ) [ 0000000]
store_ln180                                                 (store            ) [ 0000000]
ret_ln0                                                     (ret              ) [ 0000000]
</LifeTime>

<model>

<comp_list>
<comp id="0" class="1000" name="feat2_p">
<pin_list>
<pin id="1" dir="1" index="0" bw="1" slack="0"/>
</pin_list>
<bind>
<StgValue><ssdm name="feat2_p"/><MemPortTyVec>0 3 </MemPortTyVec>
</StgValue>
</bind>
</comp>

<comp id="2" class="1000" name="feat2">
<pin_list>
<pin id="3" dir="1" index="0" bw="1" slack="0"/>
</pin_list>
<bind>
<StgValue><ssdm name="feat2"/><MemPortTyVec>1 1 </MemPortTyVec>
</StgValue>
</bind>
</comp>

<comp id="4" class="1000" name="feat2_17">
<pin_list>
<pin id="5" dir="1" index="0" bw="1" slack="0"/>
</pin_list>
<bind>
<StgValue><ssdm name="feat2_17"/><MemPortTyVec>1 1 </MemPortTyVec>
</StgValue>
</bind>
</comp>

<comp id="6" class="1000" name="feat2_18">
<pin_list>
<pin id="7" dir="1" index="0" bw="1" slack="0"/>
</pin_list>
<bind>
<StgValue><ssdm name="feat2_18"/><MemPortTyVec>1 1 </MemPortTyVec>
</StgValue>
</bind>
</comp>

<comp id="8" class="1000" name="feat2_19">
<pin_list>
<pin id="9" dir="1" index="0" bw="1" slack="0"/>
</pin_list>
<bind>
<StgValue><ssdm name="feat2_19"/><MemPortTyVec>1 1 </MemPortTyVec>
</StgValue>
</bind>
</comp>

<comp id="10" class="1000" name="feat2_20">
<pin_list>
<pin id="11" dir="1" index="0" bw="1" slack="0"/>
</pin_list>
<bind>
<StgValue><ssdm name="feat2_20"/><MemPortTyVec>1 1 </MemPortTyVec>
</StgValue>
</bind>
</comp>

<comp id="12" class="1000" name="feat2_21">
<pin_list>
<pin id="13" dir="1" index="0" bw="1" slack="0"/>
</pin_list>
<bind>
<StgValue><ssdm name="feat2_21"/><MemPortTyVec>1 1 </MemPortTyVec>
</StgValue>
</bind>
</comp>

<comp id="14" class="1000" name="feat2_22">
<pin_list>
<pin id="15" dir="1" index="0" bw="1" slack="0"/>
</pin_list>
<bind>
<StgValue><ssdm name="feat2_22"/><MemPortTyVec>1 1 </MemPortTyVec>
</StgValue>
</bind>
</comp>

<comp id="16" class="1000" name="feat2_23">
<pin_list>
<pin id="17" dir="1" index="0" bw="1" slack="0"/>
</pin_list>
<bind>
<StgValue><ssdm name="feat2_23"/><MemPortTyVec>1 1 </MemPortTyVec>
</StgValue>
</bind>
</comp>

<comp id="18" class="1000" name="feat2_24">
<pin_list>
<pin id="19" dir="1" index="0" bw="1" slack="0"/>
</pin_list>
<bind>
<StgValue><ssdm name="feat2_24"/><MemPortTyVec>1 1 </MemPortTyVec>
</StgValue>
</bind>
</comp>

<comp id="20" class="1000" name="feat2_25">
<pin_list>
<pin id="21" dir="1" index="0" bw="1" slack="0"/>
</pin_list>
<bind>
<StgValue><ssdm name="feat2_25"/><MemPortTyVec>1 1 </MemPortTyVec>
</StgValue>
</bind>
</comp>

<comp id="22" class="1000" name="p_ZZ9cnn_accelE5feat2_10">
<pin_list>
<pin id="23" dir="1" index="0" bw="1" slack="0"/>
</pin_list>
<bind>
<StgValue><ssdm name="p_ZZ9cnn_accelE5feat2_10"/><MemPortTyVec>1 1 </MemPortTyVec>
</StgValue>
</bind>
</comp>

<comp id="24" class="1000" name="p_ZZ9cnn_accelE5feat2_11">
<pin_list>
<pin id="25" dir="1" index="0" bw="1" slack="0"/>
</pin_list>
<bind>
<StgValue><ssdm name="p_ZZ9cnn_accelE5feat2_11"/><MemPortTyVec>1 1 </MemPortTyVec>
</StgValue>
</bind>
</comp>

<comp id="26" class="1000" name="p_ZZ9cnn_accelE5feat2_12">
<pin_list>
<pin id="27" dir="1" index="0" bw="1" slack="0"/>
</pin_list>
<bind>
<StgValue><ssdm name="p_ZZ9cnn_accelE5feat2_12"/><MemPortTyVec>1 1 </MemPortTyVec>
</StgValue>
</bind>
</comp>

<comp id="28" class="1000" name="p_ZZ9cnn_accelE5feat2_13">
<pin_list>
<pin id="29" dir="1" index="0" bw="1" slack="0"/>
</pin_list>
<bind>
<StgValue><ssdm name="p_ZZ9cnn_accelE5feat2_13"/><MemPortTyVec>1 1 </MemPortTyVec>
</StgValue>
</bind>
</comp>

<comp id="30" class="1000" name="p_ZZ9cnn_accelE5feat2_14">
<pin_list>
<pin id="31" dir="1" index="0" bw="1" slack="0"/>
</pin_list>
<bind>
<StgValue><ssdm name="p_ZZ9cnn_accelE5feat2_14"/><MemPortTyVec>1 1 </MemPortTyVec>
</StgValue>
</bind>
</comp>

<comp id="32" class="1000" name="p_ZZ9cnn_accelE5feat2_15">
<pin_list>
<pin id="33" dir="1" index="0" bw="1" slack="0"/>
</pin_list>
<bind>
<StgValue><ssdm name="p_ZZ9cnn_accelE5feat2_15"/><MemPortTyVec>1 1 </MemPortTyVec>
</StgValue>
</bind>
</comp>

<comp id="34" class="1000" name="feat2_p_26">
<pin_list>
<pin id="35" dir="1" index="0" bw="1" slack="0"/>
</pin_list>
<bind>
<StgValue><ssdm name="feat2_p_26"/><MemPortTyVec>0 3 </MemPortTyVec>
</StgValue>
</bind>
</comp>

<comp id="36" class="1000" name="feat2_p_27">
<pin_list>
<pin id="37" dir="1" index="0" bw="1" slack="0"/>
</pin_list>
<bind>
<StgValue><ssdm name="feat2_p_27"/><MemPortTyVec>0 3 </MemPortTyVec>
</StgValue>
</bind>
</comp>

<comp id="38" class="1000" name="feat2_p_28">
<pin_list>
<pin id="39" dir="1" index="0" bw="1" slack="0"/>
</pin_list>
<bind>
<StgValue><ssdm name="feat2_p_28"/><MemPortTyVec>0 3 </MemPortTyVec>
</StgValue>
</bind>
</comp>

<comp id="40" class="1000" name="feat2_p_29">
<pin_list>
<pin id="41" dir="1" index="0" bw="1" slack="0"/>
</pin_list>
<bind>
<StgValue><ssdm name="feat2_p_29"/><MemPortTyVec>0 3 </MemPortTyVec>
</StgValue>
</bind>
</comp>

<comp id="42" class="1000" name="feat2_p_30">
<pin_list>
<pin id="43" dir="1" index="0" bw="1" slack="0"/>
</pin_list>
<bind>
<StgValue><ssdm name="feat2_p_30"/><MemPortTyVec>0 3 </MemPortTyVec>
</StgValue>
</bind>
</comp>

<comp id="44" class="1000" name="feat2_p_31">
<pin_list>
<pin id="45" dir="1" index="0" bw="1" slack="0"/>
</pin_list>
<bind>
<StgValue><ssdm name="feat2_p_31"/><MemPortTyVec>0 3 </MemPortTyVec>
</StgValue>
</bind>
</comp>

<comp id="46" class="1000" name="feat2_p_32">
<pin_list>
<pin id="47" dir="1" index="0" bw="1" slack="0"/>
</pin_list>
<bind>
<StgValue><ssdm name="feat2_p_32"/><MemPortTyVec>0 3 </MemPortTyVec>
</StgValue>
</bind>
</comp>

<comp id="48" class="1000" name="feat2_p_33">
<pin_list>
<pin id="49" dir="1" index="0" bw="1" slack="0"/>
</pin_list>
<bind>
<StgValue><ssdm name="feat2_p_33"/><MemPortTyVec>0 3 </MemPortTyVec>
</StgValue>
</bind>
</comp>

<comp id="50" class="1000" name="feat2_p_34">
<pin_list>
<pin id="51" dir="1" index="0" bw="1" slack="0"/>
</pin_list>
<bind>
<StgValue><ssdm name="feat2_p_34"/><MemPortTyVec>0 3 </MemPortTyVec>
</StgValue>
</bind>
</comp>

<comp id="52" class="1000" name="p_ZZ9cnn_accelE7feat2_p_10">
<pin_list>
<pin id="53" dir="1" index="0" bw="1" slack="0"/>
</pin_list>
<bind>
<StgValue><ssdm name="p_ZZ9cnn_accelE7feat2_p_10"/><MemPortTyVec>0 3 </MemPortTyVec>
</StgValue>
</bind>
</comp>

<comp id="54" class="1000" name="p_ZZ9cnn_accelE7feat2_p_11">
<pin_list>
<pin id="55" dir="1" index="0" bw="1" slack="0"/>
</pin_list>
<bind>
<StgValue><ssdm name="p_ZZ9cnn_accelE7feat2_p_11"/><MemPortTyVec>0 3 </MemPortTyVec>
</StgValue>
</bind>
</comp>

<comp id="56" class="1000" name="p_ZZ9cnn_accelE7feat2_p_12">
<pin_list>
<pin id="57" dir="1" index="0" bw="1" slack="0"/>
</pin_list>
<bind>
<StgValue><ssdm name="p_ZZ9cnn_accelE7feat2_p_12"/><MemPortTyVec>0 3 </MemPortTyVec>
</StgValue>
</bind>
</comp>

<comp id="58" class="1000" name="p_ZZ9cnn_accelE7feat2_p_13">
<pin_list>
<pin id="59" dir="1" index="0" bw="1" slack="0"/>
</pin_list>
<bind>
<StgValue><ssdm name="p_ZZ9cnn_accelE7feat2_p_13"/><MemPortTyVec>0 3 </MemPortTyVec>
</StgValue>
</bind>
</comp>

<comp id="60" class="1000" name="p_ZZ9cnn_accelE7feat2_p_14">
<pin_list>
<pin id="61" dir="1" index="0" bw="1" slack="0"/>
</pin_list>
<bind>
<StgValue><ssdm name="p_ZZ9cnn_accelE7feat2_p_14"/><MemPortTyVec>0 3 </MemPortTyVec>
</StgValue>
</bind>
</comp>

<comp id="62" class="1000" name="p_ZZ9cnn_accelE7feat2_p_15">
<pin_list>
<pin id="63" dir="1" index="0" bw="1" slack="0"/>
</pin_list>
<bind>
<StgValue><ssdm name="p_ZZ9cnn_accelE7feat2_p_15"/><MemPortTyVec>0 3 </MemPortTyVec>
</StgValue>
</bind>
</comp>

<comp id="64" class="1001" name="const_64">
<pin_list>
<pin id="65" dir="1" index="0" bw="1" slack="0"/>
</pin_list>
<bind>
<StgValue><ssdm name=""/></StgValue>
</bind>
</comp>

<comp id="66" class="1001" name="const_66">
<pin_list>
<pin id="67" dir="1" index="0" bw="1" slack="0"/>
</pin_list>
<bind>
<StgValue><ssdm name=""/></StgValue>
</bind>
</comp>

<comp id="68" class="1001" name="const_68">
<pin_list>
<pin id="69" dir="1" index="0" bw="1" slack="0"/>
</pin_list>
<bind>
<StgValue><ssdm name=""/></StgValue>
</bind>
</comp>

<comp id="70" class="1001" name="const_70">
<pin_list>
<pin id="71" dir="1" index="0" bw="1" slack="0"/>
</pin_list>
<bind>
<StgValue><ssdm name=""/></StgValue>
</bind>
</comp>

<comp id="72" class="1001" name="const_72">
<pin_list>
<pin id="73" dir="1" index="0" bw="1" slack="0"/>
</pin_list>
<bind>
<StgValue><ssdm name=""/></StgValue>
</bind>
</comp>

<comp id="74" class="1001" name="const_74">
<pin_list>
<pin id="75" dir="1" index="0" bw="1" slack="0"/>
</pin_list>
<bind>
<StgValue><ssdm name=""/></StgValue>
</bind>
</comp>

<comp id="76" class="1001" name="const_76">
<pin_list>
<pin id="77" dir="1" index="0" bw="1" slack="0"/>
</pin_list>
<bind>
<StgValue><ssdm name=""/></StgValue>
</bind>
</comp>

<comp id="78" class="1001" name="const_78">
<pin_list>
<pin id="79" dir="1" index="0" bw="1" slack="0"/>
</pin_list>
<bind>
<StgValue><ssdm name=""/></StgValue>
</bind>
</comp>

<comp id="80" class="1001" name="const_80">
<pin_list>
<pin id="81" dir="1" index="0" bw="1" slack="0"/>
</pin_list>
<bind>
<StgValue><ssdm name=""/></StgValue>
</bind>
</comp>

<comp id="82" class="1001" name="const_82">
<pin_list>
<pin id="83" dir="1" index="0" bw="1" slack="0"/>
</pin_list>
<bind>
<StgValue><ssdm name=""/></StgValue>
</bind>
</comp>

<comp id="84" class="1001" name="const_84">
<pin_list>
<pin id="85" dir="1" index="0" bw="1" slack="0"/>
</pin_list>
<bind>
<StgValue><ssdm name=""/></StgValue>
</bind>
</comp>

<comp id="86" class="1001" name="const_86">
<pin_list>
<pin id="87" dir="1" index="0" bw="1" slack="0"/>
</pin_list>
<bind>
<StgValue><ssdm name=""/></StgValue>
</bind>
</comp>

<comp id="88" class="1001" name="const_88">
<pin_list>
<pin id="89" dir="1" index="0" bw="1" slack="0"/>
</pin_list>
<bind>
<StgValue><ssdm name=""/></StgValue>
</bind>
</comp>

<comp id="90" class="1001" name="const_90">
<pin_list>
<pin id="91" dir="1" index="0" bw="1" slack="0"/>
</pin_list>
<bind>
<StgValue><ssdm name="_ssdm_op_BitConcatenate.i7.i6.i1"/></StgValue>
</bind>
</comp>

<comp id="92" class="1001" name="const_92">
<pin_list>
<pin id="93" dir="1" index="0" bw="1" slack="0"/>
</pin_list>
<bind>
<StgValue><ssdm name=""/></StgValue>
</bind>
</comp>

<comp id="94" class="1001" name="const_94">
<pin_list>
<pin id="95" dir="1" index="0" bw="1" slack="0"/>
</pin_list>
<bind>
<StgValue><ssdm name=""/></StgValue>
</bind>
</comp>

<comp id="96" class="1001" name="const_96">
<pin_list>
<pin id="97" dir="1" index="0" bw="1" slack="0"/>
</pin_list>
<bind>
<StgValue><ssdm name="_ssdm_op_BitConcatenate.i8.i7.i1"/></StgValue>
</bind>
</comp>

<comp id="98" class="1001" name="const_98">
<pin_list>
<pin id="99" dir="1" index="0" bw="1" slack="0"/>
</pin_list>
<bind>
<StgValue><ssdm name=""/></StgValue>
</bind>
</comp>

<comp id="100" class="1001" name="const_100">
<pin_list>
<pin id="101" dir="1" index="0" bw="1" slack="0"/>
</pin_list>
<bind>
<StgValue><ssdm name=""/></StgValue>
</bind>
</comp>

<comp id="102" class="1001" name="const_102">
<pin_list>
<pin id="103" dir="1" index="0" bw="1" slack="0"/>
</pin_list>
<bind>
<StgValue><ssdm name=""/></StgValue>
</bind>
</comp>

<comp id="104" class="1001" name="const_104">
<pin_list>
<pin id="105" dir="1" index="0" bw="1" slack="0"/>
</pin_list>
<bind>
<StgValue><ssdm name=""/></StgValue>
</bind>
</comp>

<comp id="106" class="1001" name="const_106">
<pin_list>
<pin id="107" dir="1" index="0" bw="1" slack="0"/>
</pin_list>
<bind>
<StgValue><ssdm name=""/></StgValue>
</bind>
</comp>

<comp id="108" class="1001" name="const_108">
<pin_list>
<pin id="109" dir="1" index="0" bw="1" slack="0"/>
</pin_list>
<bind>
<StgValue><ssdm name=""/></StgValue>
</bind>
</comp>

<comp id="110" class="1001" name="const_110">
<pin_list>
<pin id="111" dir="1" index="0" bw="1" slack="0"/>
</pin_list>
<bind>
<StgValue><ssdm name=""/></StgValue>
</bind>
</comp>

<comp id="112" class="1001" name="const_112">
<pin_list>
<pin id="113" dir="1" index="0" bw="1" slack="0"/>
</pin_list>
<bind>
<StgValue><ssdm name=""/></StgValue>
</bind>
</comp>

<comp id="114" class="1001" name="const_114">
<pin_list>
<pin id="115" dir="1" index="0" bw="1" slack="0"/>
</pin_list>
<bind>
<StgValue><ssdm name=""/></StgValue>
</bind>
</comp>

<comp id="116" class="1001" name="const_116">
<pin_list>
<pin id="117" dir="1" index="0" bw="1" slack="0"/>
</pin_list>
<bind>
<StgValue><ssdm name=""/></StgValue>
</bind>
</comp>

<comp id="118" class="1001" name="const_118">
<pin_list>
<pin id="119" dir="1" index="0" bw="1" slack="0"/>
</pin_list>
<bind>
<StgValue><ssdm name=""/></StgValue>
</bind>
</comp>

<comp id="120" class="1001" name="const_120">
<pin_list>
<pin id="121" dir="1" index="0" bw="1" slack="0"/>
</pin_list>
<bind>
<StgValue><ssdm name=""/></StgValue>
</bind>
</comp>

<comp id="122" class="1001" name="const_122">
<pin_list>
<pin id="123" dir="1" index="0" bw="1" slack="0"/>
</pin_list>
<bind>
<StgValue><ssdm name=""/></StgValue>
</bind>
</comp>

<comp id="124" class="1001" name="const_124">
<pin_list>
<pin id="125" dir="1" index="0" bw="1" slack="0"/>
</pin_list>
<bind>
<StgValue><ssdm name=""/></StgValue>
</bind>
</comp>

<comp id="126" class="1001" name="const_126">
<pin_list>
<pin id="127" dir="1" index="0" bw="1" slack="0"/>
</pin_list>
<bind>
<StgValue><ssdm name=""/></StgValue>
</bind>
</comp>

<comp id="128" class="1001" name="const_128">
<pin_list>
<pin id="129" dir="1" index="0" bw="1" slack="0"/>
</pin_list>
<bind>
<StgValue><ssdm name=""/></StgValue>
</bind>
</comp>

<comp id="130" class="1001" name="const_130">
<pin_list>
<pin id="131" dir="1" index="0" bw="1" slack="0"/>
</pin_list>
<bind>
<StgValue><ssdm name=""/></StgValue>
</bind>
</comp>

<comp id="132" class="1001" name="const_132">
<pin_list>
<pin id="133" dir="1" index="0" bw="1" slack="0"/>
</pin_list>
<bind>
<StgValue><ssdm name="_ssdm_op_SparseMux.ap_auto.16float.float.i4"/></StgValue>
</bind>
</comp>

<comp id="134" class="1001" name="const_134">
<pin_list>
<pin id="135" dir="1" index="0" bw="1" slack="0"/>
</pin_list>
<bind>
<StgValue><ssdm name=""/></StgValue>
</bind>
</comp>

<comp id="136" class="1001" name="const_136">
<pin_list>
<pin id="137" dir="1" index="0" bw="1" slack="0"/>
</pin_list>
<bind>
<StgValue><ssdm name=""/></StgValue>
</bind>
</comp>

<comp id="138" class="1001" name="const_138">
<pin_list>
<pin id="139" dir="1" index="0" bw="1" slack="0"/>
</pin_list>
<bind>
<StgValue><ssdm name=""/></StgValue>
</bind>
</comp>

<comp id="140" class="1001" name="const_140">
<pin_list>
<pin id="141" dir="1" index="0" bw="1" slack="0"/>
</pin_list>
<bind>
<StgValue><ssdm name=""/></StgValue>
</bind>
</comp>

<comp id="142" class="1001" name="const_142">
<pin_list>
<pin id="143" dir="1" index="0" bw="1" slack="0"/>
</pin_list>
<bind>
<StgValue><ssdm name="_ssdm_op_PartSelect.i8.i32.i32.i32"/></StgValue>
</bind>
</comp>

<comp id="144" class="1001" name="const_144">
<pin_list>
<pin id="145" dir="1" index="0" bw="1" slack="0"/>
</pin_list>
<bind>
<StgValue><ssdm name=""/></StgValue>
</bind>
</comp>

<comp id="146" class="1001" name="const_146">
<pin_list>
<pin id="147" dir="1" index="0" bw="1" slack="0"/>
</pin_list>
<bind>
<StgValue><ssdm name=""/></StgValue>
</bind>
</comp>

<comp id="148" class="1001" name="const_148">
<pin_list>
<pin id="149" dir="1" index="0" bw="1" slack="0"/>
</pin_list>
<bind>
<StgValue><ssdm name=""/></StgValue>
</bind>
</comp>

<comp id="150" class="1001" name="const_150">
<pin_list>
<pin id="151" dir="1" index="0" bw="1" slack="0"/>
</pin_list>
<bind>
<StgValue><ssdm name=""/></StgValue>
</bind>
</comp>

<comp id="152" class="1001" name="const_152">
<pin_list>
<pin id="153" dir="1" index="0" bw="1" slack="2147483647"/>
</pin_list>
<bind>
<StgValue><ssdm name="_ssdm_op_SpecLoopName"/></StgValue>
</bind>
</comp>

<comp id="154" class="1001" name="const_154">
<pin_list>
<pin id="155" dir="1" index="0" bw="1" slack="2147483647"/>
</pin_list>
<bind>
<StgValue><ssdm name="POOL2_ROW_POOL2_COL_POOL2_CH_str"/></StgValue>
</bind>
</comp>

<comp id="156" class="1001" name="const_156">
<pin_list>
<pin id="157" dir="1" index="0" bw="1" slack="2147483647"/>
</pin_list>
<bind>
<StgValue><ssdm name="_ssdm_op_SpecLoopTripCount"/></StgValue>
</bind>
</comp>

<comp id="158" class="1001" name="const_158">
<pin_list>
<pin id="159" dir="1" index="0" bw="1" slack="2147483647"/>
</pin_list>
<bind>
<StgValue><ssdm name=""/></StgValue>
</bind>
</comp>

<comp id="160" class="1001" name="const_160">
<pin_list>
<pin id="161" dir="1" index="0" bw="1" slack="2147483647"/>
</pin_list>
<bind>
<StgValue><ssdm name="_ssdm_op_SpecPipeline"/></StgValue>
</bind>
</comp>

<comp id="162" class="1001" name="const_162">
<pin_list>
<pin id="163" dir="1" index="0" bw="1" slack="2147483647"/>
</pin_list>
<bind>
<StgValue><ssdm name=""/></StgValue>
</bind>
</comp>

<comp id="164" class="1001" name="const_164">
<pin_list>
<pin id="165" dir="1" index="0" bw="1" slack="2147483647"/>
</pin_list>
<bind>
<StgValue><ssdm name=""/></StgValue>
</bind>
</comp>

<comp id="166" class="1001" name="const_166">
<pin_list>
<pin id="167" dir="1" index="0" bw="1" slack="2147483647"/>
</pin_list>
<bind>
<StgValue><ssdm name="empty_23"/></StgValue>
</bind>
</comp>

<comp id="168" class="1004" name="m_fu_168">
<pin_list>
<pin id="169" dir="0" index="0" bw="1" slack="0"/>
<pin id="170" dir="1" index="1" bw="5" slack="0"/>
</pin_list>
<bind>
<opcode="alloca(26) " fcode="alloca"/>
<opset="m/1 "/>
</bind>
</comp>

<comp id="172" class="1004" name="j_fu_172">
<pin_list>
<pin id="173" dir="0" index="0" bw="1" slack="0"/>
<pin id="174" dir="1" index="1" bw="7" slack="0"/>
</pin_list>
<bind>
<opcode="alloca(26) " fcode="alloca"/>
<opset="j/1 "/>
</bind>
</comp>

<comp id="176" class="1004" name="indvar_flatten97_fu_176">
<pin_list>
<pin id="177" dir="0" index="0" bw="1" slack="0"/>
<pin id="178" dir="1" index="1" bw="12" slack="0"/>
</pin_list>
<bind>
<opcode="alloca(26) " fcode="alloca"/>
<opset="indvar_flatten97/1 "/>
</bind>
</comp>

<comp id="180" class="1004" name="i_fu_180">
<pin_list>
<pin id="181" dir="0" index="0" bw="1" slack="0"/>
<pin id="182" dir="1" index="1" bw="6" slack="0"/>
</pin_list>
<bind>
<opcode="alloca(26) " fcode="alloca"/>
<opset="i/1 "/>
</bind>
</comp>

<comp id="184" class="1004" name="indvar_flatten110_fu_184">
<pin_list>
<pin id="185" dir="0" index="0" bw="1" slack="0"/>
<pin id="186" dir="1" index="1" bw="17" slack="0"/>
</pin_list>
<bind>
<opcode="alloca(26) " fcode="alloca"/>
<opset="indvar_flatten110/1 "/>
</bind>
</comp>

<comp id="188" class="1004" name="p_ZZ9cnn_accelE5feat2_10_addr_gep_fu_188">
<pin_list>
<pin id="189" dir="0" index="0" bw="32" slack="0"/>
<pin id="190" dir="0" index="1" bw="1" slack="0"/>
<pin id="191" dir="0" index="2" bw="15" slack="0"/>
<pin id="192" dir="1" index="3" bw="15" slack="0"/>
</pin_list>
<bind>
<opcode="getelementptr(29) " fcode="getelementptr"/>
<opset="p_ZZ9cnn_accelE5feat2_10_addr/2 "/>
</bind>
</comp>

<comp id="195" class="1004" name="p_ZZ9cnn_accelE5feat2_11_addr_gep_fu_195">
<pin_list>
<pin id="196" dir="0" index="0" bw="32" slack="0"/>
<pin id="197" dir="0" index="1" bw="1" slack="0"/>
<pin id="198" dir="0" index="2" bw="15" slack="0"/>
<pin id="199" dir="1" index="3" bw="15" slack="0"/>
</pin_list>
<bind>
<opcode="getelementptr(29) " fcode="getelementptr"/>
<opset="p_ZZ9cnn_accelE5feat2_11_addr/2 "/>
</bind>
</comp>

<comp id="202" class="1004" name="p_ZZ9cnn_accelE5feat2_12_addr_gep_fu_202">
<pin_list>
<pin id="203" dir="0" index="0" bw="32" slack="0"/>
<pin id="204" dir="0" index="1" bw="1" slack="0"/>
<pin id="205" dir="0" index="2" bw="15" slack="0"/>
<pin id="206" dir="1" index="3" bw="15" slack="0"/>
</pin_list>
<bind>
<opcode="getelementptr(29) " fcode="getelementptr"/>
<opset="p_ZZ9cnn_accelE5feat2_12_addr/2 "/>
</bind>
</comp>

<comp id="209" class="1004" name="p_ZZ9cnn_accelE5feat2_13_addr_gep_fu_209">
<pin_list>
<pin id="210" dir="0" index="0" bw="32" slack="0"/>
<pin id="211" dir="0" index="1" bw="1" slack="0"/>
<pin id="212" dir="0" index="2" bw="15" slack="0"/>
<pin id="213" dir="1" index="3" bw="15" slack="0"/>
</pin_list>
<bind>
<opcode="getelementptr(29) " fcode="getelementptr"/>
<opset="p_ZZ9cnn_accelE5feat2_13_addr/2 "/>
</bind>
</comp>

<comp id="216" class="1004" name="p_ZZ9cnn_accelE5feat2_14_addr_gep_fu_216">
<pin_list>
<pin id="217" dir="0" index="0" bw="32" slack="0"/>
<pin id="218" dir="0" index="1" bw="1" slack="0"/>
<pin id="219" dir="0" index="2" bw="15" slack="0"/>
<pin id="220" dir="1" index="3" bw="15" slack="0"/>
</pin_list>
<bind>
<opcode="getelementptr(29) " fcode="getelementptr"/>
<opset="p_ZZ9cnn_accelE5feat2_14_addr/2 "/>
</bind>
</comp>

<comp id="223" class="1004" name="cnn_accel_feat2_gep_fu_223">
<pin_list>
<pin id="224" dir="0" index="0" bw="32" slack="0"/>
<pin id="225" dir="0" index="1" bw="1" slack="0"/>
<pin id="226" dir="0" index="2" bw="15" slack="0"/>
<pin id="227" dir="1" index="3" bw="15" slack="0"/>
</pin_list>
<bind>
<opcode="getelementptr(29) " fcode="getelementptr"/>
<opset="cnn_accel_feat2/2 "/>
</bind>
</comp>

<comp id="230" class="1004" name="feat2_addr_gep_fu_230">
<pin_list>
<pin id="231" dir="0" index="0" bw="32" slack="0"/>
<pin id="232" dir="0" index="1" bw="1" slack="0"/>
<pin id="233" dir="0" index="2" bw="15" slack="0"/>
<pin id="234" dir="1" index="3" bw="15" slack="0"/>
</pin_list>
<bind>
<opcode="getelementptr(29) " fcode="getelementptr"/>
<opset="feat2_addr/2 "/>
</bind>
</comp>

<comp id="237" class="1004" name="feat2_17_addr_gep_fu_237">
<pin_list>
<pin id="238" dir="0" index="0" bw="32" slack="0"/>
<pin id="239" dir="0" index="1" bw="1" slack="0"/>
<pin id="240" dir="0" index="2" bw="15" slack="0"/>
<pin id="241" dir="1" index="3" bw="15" slack="0"/>
</pin_list>
<bind>
<opcode="getelementptr(29) " fcode="getelementptr"/>
<opset="feat2_17_addr/2 "/>
</bind>
</comp>

<comp id="244" class="1004" name="feat2_18_addr_gep_fu_244">
<pin_list>
<pin id="245" dir="0" index="0" bw="32" slack="0"/>
<pin id="246" dir="0" index="1" bw="1" slack="0"/>
<pin id="247" dir="0" index="2" bw="15" slack="0"/>
<pin id="248" dir="1" index="3" bw="15" slack="0"/>
</pin_list>
<bind>
<opcode="getelementptr(29) " fcode="getelementptr"/>
<opset="feat2_18_addr/2 "/>
</bind>
</comp>

<comp id="251" class="1004" name="feat2_19_addr_gep_fu_251">
<pin_list>
<pin id="252" dir="0" index="0" bw="32" slack="0"/>
<pin id="253" dir="0" index="1" bw="1" slack="0"/>
<pin id="254" dir="0" index="2" bw="15" slack="0"/>
<pin id="255" dir="1" index="3" bw="15" slack="0"/>
</pin_list>
<bind>
<opcode="getelementptr(29) " fcode="getelementptr"/>
<opset="feat2_19_addr/2 "/>
</bind>
</comp>

<comp id="258" class="1004" name="feat2_20_addr_gep_fu_258">
<pin_list>
<pin id="259" dir="0" index="0" bw="32" slack="0"/>
<pin id="260" dir="0" index="1" bw="1" slack="0"/>
<pin id="261" dir="0" index="2" bw="15" slack="0"/>
<pin id="262" dir="1" index="3" bw="15" slack="0"/>
</pin_list>
<bind>
<opcode="getelementptr(29) " fcode="getelementptr"/>
<opset="feat2_20_addr/2 "/>
</bind>
</comp>

<comp id="265" class="1004" name="feat2_21_addr_gep_fu_265">
<pin_list>
<pin id="266" dir="0" index="0" bw="32" slack="0"/>
<pin id="267" dir="0" index="1" bw="1" slack="0"/>
<pin id="268" dir="0" index="2" bw="15" slack="0"/>
<pin id="269" dir="1" index="3" bw="15" slack="0"/>
</pin_list>
<bind>
<opcode="getelementptr(29) " fcode="getelementptr"/>
<opset="feat2_21_addr/2 "/>
</bind>
</comp>

<comp id="272" class="1004" name="feat2_22_addr_gep_fu_272">
<pin_list>
<pin id="273" dir="0" index="0" bw="32" slack="0"/>
<pin id="274" dir="0" index="1" bw="1" slack="0"/>
<pin id="275" dir="0" index="2" bw="15" slack="0"/>
<pin id="276" dir="1" index="3" bw="15" slack="0"/>
</pin_list>
<bind>
<opcode="getelementptr(29) " fcode="getelementptr"/>
<opset="feat2_22_addr/2 "/>
</bind>
</comp>

<comp id="279" class="1004" name="feat2_23_addr_gep_fu_279">
<pin_list>
<pin id="280" dir="0" index="0" bw="32" slack="0"/>
<pin id="281" dir="0" index="1" bw="1" slack="0"/>
<pin id="282" dir="0" index="2" bw="15" slack="0"/>
<pin id="283" dir="1" index="3" bw="15" slack="0"/>
</pin_list>
<bind>
<opcode="getelementptr(29) " fcode="getelementptr"/>
<opset="feat2_23_addr/2 "/>
</bind>
</comp>

<comp id="286" class="1004" name="feat2_24_addr_gep_fu_286">
<pin_list>
<pin id="287" dir="0" index="0" bw="32" slack="0"/>
<pin id="288" dir="0" index="1" bw="1" slack="0"/>
<pin id="289" dir="0" index="2" bw="15" slack="0"/>
<pin id="290" dir="1" index="3" bw="15" slack="0"/>
</pin_list>
<bind>
<opcode="getelementptr(29) " fcode="getelementptr"/>
<opset="feat2_24_addr/2 "/>
</bind>
</comp>

<comp id="293" class="1004" name="feat2_25_addr_gep_fu_293">
<pin_list>
<pin id="294" dir="0" index="0" bw="32" slack="0"/>
<pin id="295" dir="0" index="1" bw="1" slack="0"/>
<pin id="296" dir="0" index="2" bw="15" slack="0"/>
<pin id="297" dir="1" index="3" bw="15" slack="0"/>
</pin_list>
<bind>
<opcode="getelementptr(29) " fcode="getelementptr"/>
<opset="feat2_25_addr/2 "/>
</bind>
</comp>

<comp id="300" class="1004" name="p_ZZ9cnn_accelE5feat2_10_addr_2_gep_fu_300">
<pin_list>
<pin id="301" dir="0" index="0" bw="32" slack="0"/>
<pin id="302" dir="0" index="1" bw="1" slack="0"/>
<pin id="303" dir="0" index="2" bw="15" slack="0"/>
<pin id="304" dir="1" index="3" bw="15" slack="0"/>
</pin_list>
<bind>
<opcode="getelementptr(29) " fcode="getelementptr"/>
<opset="p_ZZ9cnn_accelE5feat2_10_addr_2/2 "/>
</bind>
</comp>

<comp id="307" class="1004" name="p_ZZ9cnn_accelE5feat2_11_addr_2_gep_fu_307">
<pin_list>
<pin id="308" dir="0" index="0" bw="32" slack="0"/>
<pin id="309" dir="0" index="1" bw="1" slack="0"/>
<pin id="310" dir="0" index="2" bw="15" slack="0"/>
<pin id="311" dir="1" index="3" bw="15" slack="0"/>
</pin_list>
<bind>
<opcode="getelementptr(29) " fcode="getelementptr"/>
<opset="p_ZZ9cnn_accelE5feat2_11_addr_2/2 "/>
</bind>
</comp>

<comp id="314" class="1004" name="p_ZZ9cnn_accelE5feat2_12_addr_2_gep_fu_314">
<pin_list>
<pin id="315" dir="0" index="0" bw="32" slack="0"/>
<pin id="316" dir="0" index="1" bw="1" slack="0"/>
<pin id="317" dir="0" index="2" bw="15" slack="0"/>
<pin id="318" dir="1" index="3" bw="15" slack="0"/>
</pin_list>
<bind>
<opcode="getelementptr(29) " fcode="getelementptr"/>
<opset="p_ZZ9cnn_accelE5feat2_12_addr_2/2 "/>
</bind>
</comp>

<comp id="321" class="1004" name="p_ZZ9cnn_accelE5feat2_13_addr_2_gep_fu_321">
<pin_list>
<pin id="322" dir="0" index="0" bw="32" slack="0"/>
<pin id="323" dir="0" index="1" bw="1" slack="0"/>
<pin id="324" dir="0" index="2" bw="15" slack="0"/>
<pin id="325" dir="1" index="3" bw="15" slack="0"/>
</pin_list>
<bind>
<opcode="getelementptr(29) " fcode="getelementptr"/>
<opset="p_ZZ9cnn_accelE5feat2_13_addr_2/2 "/>
</bind>
</comp>

<comp id="328" class="1004" name="p_ZZ9cnn_accelE5feat2_14_addr_2_gep_fu_328">
<pin_list>
<pin id="329" dir="0" index="0" bw="32" slack="0"/>
<pin id="330" dir="0" index="1" bw="1" slack="0"/>
<pin id="331" dir="0" index="2" bw="15" slack="0"/>
<pin id="332" dir="1" index="3" bw="15" slack="0"/>
</pin_list>
<bind>
<opcode="getelementptr(29) " fcode="getelementptr"/>
<opset="p_ZZ9cnn_accelE5feat2_14_addr_2/2 "/>
</bind>
</comp>

<comp id="335" class="1004" name="cnn_accel_feat2_addr_2_s_gep_fu_335">
<pin_list>
<pin id="336" dir="0" index="0" bw="32" slack="0"/>
<pin id="337" dir="0" index="1" bw="1" slack="0"/>
<pin id="338" dir="0" index="2" bw="15" slack="0"/>
<pin id="339" dir="1" index="3" bw="15" slack="0"/>
</pin_list>
<bind>
<opcode="getelementptr(29) " fcode="getelementptr"/>
<opset="cnn_accel_feat2_addr_2_s/2 "/>
</bind>
</comp>

<comp id="342" class="1004" name="feat2_addr_2_gep_fu_342">
<pin_list>
<pin id="343" dir="0" index="0" bw="32" slack="0"/>
<pin id="344" dir="0" index="1" bw="1" slack="0"/>
<pin id="345" dir="0" index="2" bw="15" slack="0"/>
<pin id="346" dir="1" index="3" bw="15" slack="0"/>
</pin_list>
<bind>
<opcode="getelementptr(29) " fcode="getelementptr"/>
<opset="feat2_addr_2/2 "/>
</bind>
</comp>

<comp id="349" class="1004" name="feat2_17_addr_2_gep_fu_349">
<pin_list>
<pin id="350" dir="0" index="0" bw="32" slack="0"/>
<pin id="351" dir="0" index="1" bw="1" slack="0"/>
<pin id="352" dir="0" index="2" bw="15" slack="0"/>
<pin id="353" dir="1" index="3" bw="15" slack="0"/>
</pin_list>
<bind>
<opcode="getelementptr(29) " fcode="getelementptr"/>
<opset="feat2_17_addr_2/2 "/>
</bind>
</comp>

<comp id="356" class="1004" name="feat2_18_addr_2_gep_fu_356">
<pin_list>
<pin id="357" dir="0" index="0" bw="32" slack="0"/>
<pin id="358" dir="0" index="1" bw="1" slack="0"/>
<pin id="359" dir="0" index="2" bw="15" slack="0"/>
<pin id="360" dir="1" index="3" bw="15" slack="0"/>
</pin_list>
<bind>
<opcode="getelementptr(29) " fcode="getelementptr"/>
<opset="feat2_18_addr_2/2 "/>
</bind>
</comp>

<comp id="363" class="1004" name="feat2_19_addr_2_gep_fu_363">
<pin_list>
<pin id="364" dir="0" index="0" bw="32" slack="0"/>
<pin id="365" dir="0" index="1" bw="1" slack="0"/>
<pin id="366" dir="0" index="2" bw="15" slack="0"/>
<pin id="367" dir="1" index="3" bw="15" slack="0"/>
</pin_list>
<bind>
<opcode="getelementptr(29) " fcode="getelementptr"/>
<opset="feat2_19_addr_2/2 "/>
</bind>
</comp>

<comp id="370" class="1004" name="feat2_20_addr_2_gep_fu_370">
<pin_list>
<pin id="371" dir="0" index="0" bw="32" slack="0"/>
<pin id="372" dir="0" index="1" bw="1" slack="0"/>
<pin id="373" dir="0" index="2" bw="15" slack="0"/>
<pin id="374" dir="1" index="3" bw="15" slack="0"/>
</pin_list>
<bind>
<opcode="getelementptr(29) " fcode="getelementptr"/>
<opset="feat2_20_addr_2/2 "/>
</bind>
</comp>

<comp id="377" class="1004" name="feat2_21_addr_2_gep_fu_377">
<pin_list>
<pin id="378" dir="0" index="0" bw="32" slack="0"/>
<pin id="379" dir="0" index="1" bw="1" slack="0"/>
<pin id="380" dir="0" index="2" bw="15" slack="0"/>
<pin id="381" dir="1" index="3" bw="15" slack="0"/>
</pin_list>
<bind>
<opcode="getelementptr(29) " fcode="getelementptr"/>
<opset="feat2_21_addr_2/2 "/>
</bind>
</comp>

<comp id="384" class="1004" name="feat2_22_addr_2_gep_fu_384">
<pin_list>
<pin id="385" dir="0" index="0" bw="32" slack="0"/>
<pin id="386" dir="0" index="1" bw="1" slack="0"/>
<pin id="387" dir="0" index="2" bw="15" slack="0"/>
<pin id="388" dir="1" index="3" bw="15" slack="0"/>
</pin_list>
<bind>
<opcode="getelementptr(29) " fcode="getelementptr"/>
<opset="feat2_22_addr_2/2 "/>
</bind>
</comp>

<comp id="391" class="1004" name="feat2_23_addr_2_gep_fu_391">
<pin_list>
<pin id="392" dir="0" index="0" bw="32" slack="0"/>
<pin id="393" dir="0" index="1" bw="1" slack="0"/>
<pin id="394" dir="0" index="2" bw="15" slack="0"/>
<pin id="395" dir="1" index="3" bw="15" slack="0"/>
</pin_list>
<bind>
<opcode="getelementptr(29) " fcode="getelementptr"/>
<opset="feat2_23_addr_2/2 "/>
</bind>
</comp>

<comp id="398" class="1004" name="feat2_24_addr_2_gep_fu_398">
<pin_list>
<pin id="399" dir="0" index="0" bw="32" slack="0"/>
<pin id="400" dir="0" index="1" bw="1" slack="0"/>
<pin id="401" dir="0" index="2" bw="15" slack="0"/>
<pin id="402" dir="1" index="3" bw="15" slack="0"/>
</pin_list>
<bind>
<opcode="getelementptr(29) " fcode="getelementptr"/>
<opset="feat2_24_addr_2/2 "/>
</bind>
</comp>

<comp id="405" class="1004" name="feat2_25_addr_2_gep_fu_405">
<pin_list>
<pin id="406" dir="0" index="0" bw="32" slack="0"/>
<pin id="407" dir="0" index="1" bw="1" slack="0"/>
<pin id="408" dir="0" index="2" bw="15" slack="0"/>
<pin id="409" dir="1" index="3" bw="15" slack="0"/>
</pin_list>
<bind>
<opcode="getelementptr(29) " fcode="getelementptr"/>
<opset="feat2_25_addr_2/2 "/>
</bind>
</comp>

<comp id="412" class="1004" name="grp_access_fu_412">
<pin_list>
<pin id="413" dir="0" index="0" bw="15" slack="0"/>
<pin id="414" dir="0" index="1" bw="32" slack="2147483647"/>
<pin id="415" dir="0" index="2" bw="0" slack="0"/>
<pin id="417" dir="0" index="4" bw="15" slack="2147483647"/>
<pin id="418" dir="0" index="5" bw="32" slack="2147483647"/>
<pin id="419" dir="0" index="6" bw="0" slack="2147483647"/>
<pin id="416" dir="1" index="3" bw="32" slack="0"/>
<pin id="420" dir="1" index="7" bw="32" slack="0"/>
</pin_list>
<bind>
<opcode="load(27) " fcode="load"/>
<opset="feat2_load/2 feat2_load_2/2 feat2_load_1/3 feat2_load_3/3 "/>
</bind>
</comp>

<comp id="422" class="1004" name="grp_access_fu_422">
<pin_list>
<pin id="423" dir="0" index="0" bw="15" slack="0"/>
<pin id="424" dir="0" index="1" bw="32" slack="2147483647"/>
<pin id="425" dir="0" index="2" bw="0" slack="0"/>
<pin id="427" dir="0" index="4" bw="15" slack="2147483647"/>
<pin id="428" dir="0" index="5" bw="32" slack="2147483647"/>
<pin id="429" dir="0" index="6" bw="0" slack="2147483647"/>
<pin id="426" dir="1" index="3" bw="32" slack="0"/>
<pin id="430" dir="1" index="7" bw="32" slack="0"/>
</pin_list>
<bind>
<opcode="load(27) " fcode="load"/>
<opset="feat2_17_load/2 feat2_17_load_2/2 feat2_17_load_1/3 feat2_17_load_3/3 "/>
</bind>
</comp>

<comp id="432" class="1004" name="grp_access_fu_432">
<pin_list>
<pin id="433" dir="0" index="0" bw="15" slack="0"/>
<pin id="434" dir="0" index="1" bw="32" slack="2147483647"/>
<pin id="435" dir="0" index="2" bw="0" slack="0"/>
<pin id="437" dir="0" index="4" bw="15" slack="2147483647"/>
<pin id="438" dir="0" index="5" bw="32" slack="2147483647"/>
<pin id="439" dir="0" index="6" bw="0" slack="2147483647"/>
<pin id="436" dir="1" index="3" bw="32" slack="0"/>
<pin id="440" dir="1" index="7" bw="32" slack="0"/>
</pin_list>
<bind>
<opcode="load(27) " fcode="load"/>
<opset="feat2_18_load/2 feat2_18_load_2/2 feat2_18_load_1/3 feat2_18_load_3/3 "/>
</bind>
</comp>

<comp id="442" class="1004" name="grp_access_fu_442">
<pin_list>
<pin id="443" dir="0" index="0" bw="15" slack="0"/>
<pin id="444" dir="0" index="1" bw="32" slack="2147483647"/>
<pin id="445" dir="0" index="2" bw="0" slack="0"/>
<pin id="447" dir="0" index="4" bw="15" slack="2147483647"/>
<pin id="448" dir="0" index="5" bw="32" slack="2147483647"/>
<pin id="449" dir="0" index="6" bw="0" slack="2147483647"/>
<pin id="446" dir="1" index="3" bw="32" slack="0"/>
<pin id="450" dir="1" index="7" bw="32" slack="0"/>
</pin_list>
<bind>
<opcode="load(27) " fcode="load"/>
<opset="feat2_19_load/2 feat2_19_load_2/2 feat2_19_load_1/3 feat2_19_load_3/3 "/>
</bind>
</comp>

<comp id="452" class="1004" name="grp_access_fu_452">
<pin_list>
<pin id="453" dir="0" index="0" bw="15" slack="0"/>
<pin id="454" dir="0" index="1" bw="32" slack="2147483647"/>
<pin id="455" dir="0" index="2" bw="0" slack="0"/>
<pin id="457" dir="0" index="4" bw="15" slack="2147483647"/>
<pin id="458" dir="0" index="5" bw="32" slack="2147483647"/>
<pin id="459" dir="0" index="6" bw="0" slack="2147483647"/>
<pin id="456" dir="1" index="3" bw="32" slack="0"/>
<pin id="460" dir="1" index="7" bw="32" slack="0"/>
</pin_list>
<bind>
<opcode="load(27) " fcode="load"/>
<opset="feat2_20_load/2 feat2_20_load_2/2 feat2_20_load_1/3 feat2_20_load_3/3 "/>
</bind>
</comp>

<comp id="462" class="1004" name="grp_access_fu_462">
<pin_list>
<pin id="463" dir="0" index="0" bw="15" slack="0"/>
<pin id="464" dir="0" index="1" bw="32" slack="2147483647"/>
<pin id="465" dir="0" index="2" bw="0" slack="0"/>
<pin id="467" dir="0" index="4" bw="15" slack="2147483647"/>
<pin id="468" dir="0" index="5" bw="32" slack="2147483647"/>
<pin id="469" dir="0" index="6" bw="0" slack="2147483647"/>
<pin id="466" dir="1" index="3" bw="32" slack="0"/>
<pin id="470" dir="1" index="7" bw="32" slack="0"/>
</pin_list>
<bind>
<opcode="load(27) " fcode="load"/>
<opset="feat2_21_load/2 feat2_21_load_2/2 feat2_21_load_1/3 feat2_21_load_3/3 "/>
</bind>
</comp>

<comp id="472" class="1004" name="grp_access_fu_472">
<pin_list>
<pin id="473" dir="0" index="0" bw="15" slack="0"/>
<pin id="474" dir="0" index="1" bw="32" slack="2147483647"/>
<pin id="475" dir="0" index="2" bw="0" slack="0"/>
<pin id="477" dir="0" index="4" bw="15" slack="2147483647"/>
<pin id="478" dir="0" index="5" bw="32" slack="2147483647"/>
<pin id="479" dir="0" index="6" bw="0" slack="2147483647"/>
<pin id="476" dir="1" index="3" bw="32" slack="0"/>
<pin id="480" dir="1" index="7" bw="32" slack="0"/>
</pin_list>
<bind>
<opcode="load(27) " fcode="load"/>
<opset="feat2_22_load/2 feat2_22_load_2/2 feat2_22_load_1/3 feat2_22_load_3/3 "/>
</bind>
</comp>

<comp id="482" class="1004" name="grp_access_fu_482">
<pin_list>
<pin id="483" dir="0" index="0" bw="15" slack="0"/>
<pin id="484" dir="0" index="1" bw="32" slack="2147483647"/>
<pin id="485" dir="0" index="2" bw="0" slack="0"/>
<pin id="487" dir="0" index="4" bw="15" slack="2147483647"/>
<pin id="488" dir="0" index="5" bw="32" slack="2147483647"/>
<pin id="489" dir="0" index="6" bw="0" slack="2147483647"/>
<pin id="486" dir="1" index="3" bw="32" slack="0"/>
<pin id="490" dir="1" index="7" bw="32" slack="0"/>
</pin_list>
<bind>
<opcode="load(27) " fcode="load"/>
<opset="feat2_23_load/2 feat2_23_load_2/2 feat2_23_load_1/3 feat2_23_load_3/3 "/>
</bind>
</comp>

<comp id="492" class="1004" name="grp_access_fu_492">
<pin_list>
<pin id="493" dir="0" index="0" bw="15" slack="0"/>
<pin id="494" dir="0" index="1" bw="32" slack="2147483647"/>
<pin id="495" dir="0" index="2" bw="0" slack="0"/>
<pin id="497" dir="0" index="4" bw="15" slack="2147483647"/>
<pin id="498" dir="0" index="5" bw="32" slack="2147483647"/>
<pin id="499" dir="0" index="6" bw="0" slack="2147483647"/>
<pin id="496" dir="1" index="3" bw="32" slack="0"/>
<pin id="500" dir="1" index="7" bw="32" slack="0"/>
</pin_list>
<bind>
<opcode="load(27) " fcode="load"/>
<opset="feat2_24_load/2 feat2_24_load_2/2 feat2_24_load_1/3 feat2_24_load_3/3 "/>
</bind>
</comp>

<comp id="502" class="1004" name="grp_access_fu_502">
<pin_list>
<pin id="503" dir="0" index="0" bw="15" slack="0"/>
<pin id="504" dir="0" index="1" bw="32" slack="2147483647"/>
<pin id="505" dir="0" index="2" bw="0" slack="0"/>
<pin id="507" dir="0" index="4" bw="15" slack="2147483647"/>
<pin id="508" dir="0" index="5" bw="32" slack="2147483647"/>
<pin id="509" dir="0" index="6" bw="0" slack="2147483647"/>
<pin id="506" dir="1" index="3" bw="32" slack="0"/>
<pin id="510" dir="1" index="7" bw="32" slack="0"/>
</pin_list>
<bind>
<opcode="load(27) " fcode="load"/>
<opset="feat2_25_load/2 feat2_25_load_2/2 feat2_25_load_1/3 feat2_25_load_3/3 "/>
</bind>
</comp>

<comp id="512" class="1004" name="grp_access_fu_512">
<pin_list>
<pin id="513" dir="0" index="0" bw="15" slack="0"/>
<pin id="514" dir="0" index="1" bw="32" slack="2147483647"/>
<pin id="515" dir="0" index="2" bw="0" slack="0"/>
<pin id="517" dir="0" index="4" bw="15" slack="2147483647"/>
<pin id="518" dir="0" index="5" bw="32" slack="2147483647"/>
<pin id="519" dir="0" index="6" bw="0" slack="2147483647"/>
<pin id="516" dir="1" index="3" bw="32" slack="0"/>
<pin id="520" dir="1" index="7" bw="32" slack="0"/>
</pin_list>
<bind>
<opcode="load(27) " fcode="load"/>
<opset="p_ZZ9cnn_accelE5feat2_10_load/2 p_ZZ9cnn_accelE5feat2_10_load_2/2 p_ZZ9cnn_accelE5feat2_10_load_1/3 p_ZZ9cnn_accelE5feat2_10_load_3/3 "/>
</bind>
</comp>

<comp id="522" class="1004" name="grp_access_fu_522">
<pin_list>
<pin id="523" dir="0" index="0" bw="15" slack="0"/>
<pin id="524" dir="0" index="1" bw="32" slack="2147483647"/>
<pin id="525" dir="0" index="2" bw="0" slack="0"/>
<pin id="527" dir="0" index="4" bw="15" slack="2147483647"/>
<pin id="528" dir="0" index="5" bw="32" slack="2147483647"/>
<pin id="529" dir="0" index="6" bw="0" slack="2147483647"/>
<pin id="526" dir="1" index="3" bw="32" slack="0"/>
<pin id="530" dir="1" index="7" bw="32" slack="0"/>
</pin_list>
<bind>
<opcode="load(27) " fcode="load"/>
<opset="cnn_accel_feat2_66/2 cnn_accel_feat2_long_unsigned_int128_signed_char_double_2_s/2 cnn_accel_feat2_long_unsigned_int128_signed_char_double_1_s/3 cnn_accel_feat2_long_unsigned_int128_signed_char_double_3_s/3 "/>
</bind>
</comp>

<comp id="532" class="1004" name="grp_access_fu_532">
<pin_list>
<pin id="533" dir="0" index="0" bw="15" slack="0"/>
<pin id="534" dir="0" index="1" bw="32" slack="2147483647"/>
<pin id="535" dir="0" index="2" bw="0" slack="0"/>
<pin id="537" dir="0" index="4" bw="15" slack="2147483647"/>
<pin id="538" dir="0" index="5" bw="32" slack="2147483647"/>
<pin id="539" dir="0" index="6" bw="0" slack="2147483647"/>
<pin id="536" dir="1" index="3" bw="32" slack="0"/>
<pin id="540" dir="1" index="7" bw="32" slack="0"/>
</pin_list>
<bind>
<opcode="load(27) " fcode="load"/>
<opset="cnn_accel_feat2_67/2 cnn_accel_feat2_l_unsigned_int128_signed_char_double_2_s/2 cnn_accel_feat2_l_unsigned_int128_signed_char_double_1_s/3 cnn_accel_feat2_l_unsigned_int128_signed_char_double_3_s/3 "/>
</bind>
</comp>

<comp id="542" class="1004" name="grp_access_fu_542">
<pin_list>
<pin id="543" dir="0" index="0" bw="15" slack="0"/>
<pin id="544" dir="0" index="1" bw="32" slack="2147483647"/>
<pin id="545" dir="0" index="2" bw="0" slack="0"/>
<pin id="547" dir="0" index="4" bw="15" slack="2147483647"/>
<pin id="548" dir="0" index="5" bw="32" slack="2147483647"/>
<pin id="549" dir="0" index="6" bw="0" slack="2147483647"/>
<pin id="546" dir="1" index="3" bw="32" slack="0"/>
<pin id="550" dir="1" index="7" bw="32" slack="0"/>
</pin_list>
<bind>
<opcode="load(27) " fcode="load"/>
<opset="cnn_accel_feat2_68/2 cnn_accel_feat2_lo_signed_char_double_2_s/2 cnn_accel_feat2_lo_signed_char_double_1_s/3 cnn_accel_feat2_lo_signed_char_double_3_s/3 "/>
</bind>
</comp>

<comp id="552" class="1004" name="grp_access_fu_552">
<pin_list>
<pin id="553" dir="0" index="0" bw="15" slack="0"/>
<pin id="554" dir="0" index="1" bw="32" slack="2147483647"/>
<pin id="555" dir="0" index="2" bw="0" slack="0"/>
<pin id="557" dir="0" index="4" bw="15" slack="2147483647"/>
<pin id="558" dir="0" index="5" bw="32" slack="2147483647"/>
<pin id="559" dir="0" index="6" bw="0" slack="2147483647"/>
<pin id="556" dir="1" index="3" bw="32" slack="0"/>
<pin id="560" dir="1" index="7" bw="32" slack="0"/>
</pin_list>
<bind>
<opcode="load(27) " fcode="load"/>
<opset="cnn_accel_feat2_69/2 cnn_accel_feat2_loa_double_2_s/2 cnn_accel_feat2_loa_double_1_s/3 cnn_accel_feat2_loa_double_3_s/3 "/>
</bind>
</comp>

<comp id="562" class="1004" name="grp_access_fu_562">
<pin_list>
<pin id="563" dir="0" index="0" bw="15" slack="0"/>
<pin id="564" dir="0" index="1" bw="32" slack="2147483647"/>
<pin id="565" dir="0" index="2" bw="0" slack="0"/>
<pin id="567" dir="0" index="4" bw="15" slack="2147483647"/>
<pin id="568" dir="0" index="5" bw="32" slack="2147483647"/>
<pin id="569" dir="0" index="6" bw="0" slack="2147483647"/>
<pin id="566" dir="1" index="3" bw="32" slack="0"/>
<pin id="570" dir="1" index="7" bw="32" slack="0"/>
</pin_list>
<bind>
<opcode="load(27) " fcode="load"/>
<opset="cnn_accel_feat2_70/2 cnn_accel_feat2_load_2_s/2 cnn_accel_feat2_load_1_s/3 cnn_accel_feat2_load_3_s/3 "/>
</bind>
</comp>

<comp id="588" class="1004" name="p_ZZ9cnn_accelE5feat2_10_addr_1_gep_fu_588">
<pin_list>
<pin id="589" dir="0" index="0" bw="32" slack="0"/>
<pin id="590" dir="0" index="1" bw="1" slack="0"/>
<pin id="591" dir="0" index="2" bw="15" slack="0"/>
<pin id="592" dir="1" index="3" bw="15" slack="0"/>
</pin_list>
<bind>
<opcode="getelementptr(29) " fcode="getelementptr"/>
<opset="p_ZZ9cnn_accelE5feat2_10_addr_1/3 "/>
</bind>
</comp>

<comp id="595" class="1004" name="p_ZZ9cnn_accelE5feat2_11_addr_1_gep_fu_595">
<pin_list>
<pin id="596" dir="0" index="0" bw="32" slack="0"/>
<pin id="597" dir="0" index="1" bw="1" slack="0"/>
<pin id="598" dir="0" index="2" bw="15" slack="0"/>
<pin id="599" dir="1" index="3" bw="15" slack="0"/>
</pin_list>
<bind>
<opcode="getelementptr(29) " fcode="getelementptr"/>
<opset="p_ZZ9cnn_accelE5feat2_11_addr_1/3 "/>
</bind>
</comp>

<comp id="602" class="1004" name="p_ZZ9cnn_accelE5feat2_12_addr_1_gep_fu_602">
<pin_list>
<pin id="603" dir="0" index="0" bw="32" slack="0"/>
<pin id="604" dir="0" index="1" bw="1" slack="0"/>
<pin id="605" dir="0" index="2" bw="15" slack="0"/>
<pin id="606" dir="1" index="3" bw="15" slack="0"/>
</pin_list>
<bind>
<opcode="getelementptr(29) " fcode="getelementptr"/>
<opset="p_ZZ9cnn_accelE5feat2_12_addr_1/3 "/>
</bind>
</comp>

<comp id="609" class="1004" name="p_ZZ9cnn_accelE5feat2_13_addr_1_gep_fu_609">
<pin_list>
<pin id="610" dir="0" index="0" bw="32" slack="0"/>
<pin id="611" dir="0" index="1" bw="1" slack="0"/>
<pin id="612" dir="0" index="2" bw="15" slack="0"/>
<pin id="613" dir="1" index="3" bw="15" slack="0"/>
</pin_list>
<bind>
<opcode="getelementptr(29) " fcode="getelementptr"/>
<opset="p_ZZ9cnn_accelE5feat2_13_addr_1/3 "/>
</bind>
</comp>

<comp id="616" class="1004" name="p_ZZ9cnn_accelE5feat2_14_addr_1_gep_fu_616">
<pin_list>
<pin id="617" dir="0" index="0" bw="32" slack="0"/>
<pin id="618" dir="0" index="1" bw="1" slack="0"/>
<pin id="619" dir="0" index="2" bw="15" slack="0"/>
<pin id="620" dir="1" index="3" bw="15" slack="0"/>
</pin_list>
<bind>
<opcode="getelementptr(29) " fcode="getelementptr"/>
<opset="p_ZZ9cnn_accelE5feat2_14_addr_1/3 "/>
</bind>
</comp>

<comp id="623" class="1004" name="cnn_accel_feat2_addr_1_s_gep_fu_623">
<pin_list>
<pin id="624" dir="0" index="0" bw="32" slack="0"/>
<pin id="625" dir="0" index="1" bw="1" slack="0"/>
<pin id="626" dir="0" index="2" bw="15" slack="0"/>
<pin id="627" dir="1" index="3" bw="15" slack="0"/>
</pin_list>
<bind>
<opcode="getelementptr(29) " fcode="getelementptr"/>
<opset="cnn_accel_feat2_addr_1_s/3 "/>
</bind>
</comp>

<comp id="630" class="1004" name="feat2_addr_1_gep_fu_630">
<pin_list>
<pin id="631" dir="0" index="0" bw="32" slack="0"/>
<pin id="632" dir="0" index="1" bw="1" slack="0"/>
<pin id="633" dir="0" index="2" bw="15" slack="0"/>
<pin id="634" dir="1" index="3" bw="15" slack="0"/>
</pin_list>
<bind>
<opcode="getelementptr(29) " fcode="getelementptr"/>
<opset="feat2_addr_1/3 "/>
</bind>
</comp>

<comp id="637" class="1004" name="feat2_17_addr_1_gep_fu_637">
<pin_list>
<pin id="638" dir="0" index="0" bw="32" slack="0"/>
<pin id="639" dir="0" index="1" bw="1" slack="0"/>
<pin id="640" dir="0" index="2" bw="15" slack="0"/>
<pin id="641" dir="1" index="3" bw="15" slack="0"/>
</pin_list>
<bind>
<opcode="getelementptr(29) " fcode="getelementptr"/>
<opset="feat2_17_addr_1/3 "/>
</bind>
</comp>

<comp id="644" class="1004" name="feat2_18_addr_1_gep_fu_644">
<pin_list>
<pin id="645" dir="0" index="0" bw="32" slack="0"/>
<pin id="646" dir="0" index="1" bw="1" slack="0"/>
<pin id="647" dir="0" index="2" bw="15" slack="0"/>
<pin id="648" dir="1" index="3" bw="15" slack="0"/>
</pin_list>
<bind>
<opcode="getelementptr(29) " fcode="getelementptr"/>
<opset="feat2_18_addr_1/3 "/>
</bind>
</comp>

<comp id="651" class="1004" name="feat2_19_addr_1_gep_fu_651">
<pin_list>
<pin id="652" dir="0" index="0" bw="32" slack="0"/>
<pin id="653" dir="0" index="1" bw="1" slack="0"/>
<pin id="654" dir="0" index="2" bw="15" slack="0"/>
<pin id="655" dir="1" index="3" bw="15" slack="0"/>
</pin_list>
<bind>
<opcode="getelementptr(29) " fcode="getelementptr"/>
<opset="feat2_19_addr_1/3 "/>
</bind>
</comp>

<comp id="658" class="1004" name="feat2_20_addr_1_gep_fu_658">
<pin_list>
<pin id="659" dir="0" index="0" bw="32" slack="0"/>
<pin id="660" dir="0" index="1" bw="1" slack="0"/>
<pin id="661" dir="0" index="2" bw="15" slack="0"/>
<pin id="662" dir="1" index="3" bw="15" slack="0"/>
</pin_list>
<bind>
<opcode="getelementptr(29) " fcode="getelementptr"/>
<opset="feat2_20_addr_1/3 "/>
</bind>
</comp>

<comp id="665" class="1004" name="feat2_21_addr_1_gep_fu_665">
<pin_list>
<pin id="666" dir="0" index="0" bw="32" slack="0"/>
<pin id="667" dir="0" index="1" bw="1" slack="0"/>
<pin id="668" dir="0" index="2" bw="15" slack="0"/>
<pin id="669" dir="1" index="3" bw="15" slack="0"/>
</pin_list>
<bind>
<opcode="getelementptr(29) " fcode="getelementptr"/>
<opset="feat2_21_addr_1/3 "/>
</bind>
</comp>

<comp id="672" class="1004" name="feat2_22_addr_1_gep_fu_672">
<pin_list>
<pin id="673" dir="0" index="0" bw="32" slack="0"/>
<pin id="674" dir="0" index="1" bw="1" slack="0"/>
<pin id="675" dir="0" index="2" bw="15" slack="0"/>
<pin id="676" dir="1" index="3" bw="15" slack="0"/>
</pin_list>
<bind>
<opcode="getelementptr(29) " fcode="getelementptr"/>
<opset="feat2_22_addr_1/3 "/>
</bind>
</comp>

<comp id="679" class="1004" name="feat2_23_addr_1_gep_fu_679">
<pin_list>
<pin id="680" dir="0" index="0" bw="32" slack="0"/>
<pin id="681" dir="0" index="1" bw="1" slack="0"/>
<pin id="682" dir="0" index="2" bw="15" slack="0"/>
<pin id="683" dir="1" index="3" bw="15" slack="0"/>
</pin_list>
<bind>
<opcode="getelementptr(29) " fcode="getelementptr"/>
<opset="feat2_23_addr_1/3 "/>
</bind>
</comp>

<comp id="686" class="1004" name="feat2_24_addr_1_gep_fu_686">
<pin_list>
<pin id="687" dir="0" index="0" bw="32" slack="0"/>
<pin id="688" dir="0" index="1" bw="1" slack="0"/>
<pin id="689" dir="0" index="2" bw="15" slack="0"/>
<pin id="690" dir="1" index="3" bw="15" slack="0"/>
</pin_list>
<bind>
<opcode="getelementptr(29) " fcode="getelementptr"/>
<opset="feat2_24_addr_1/3 "/>
</bind>
</comp>

<comp id="693" class="1004" name="feat2_25_addr_1_gep_fu_693">
<pin_list>
<pin id="694" dir="0" index="0" bw="32" slack="0"/>
<pin id="695" dir="0" index="1" bw="1" slack="0"/>
<pin id="696" dir="0" index="2" bw="15" slack="0"/>
<pin id="697" dir="1" index="3" bw="15" slack="0"/>
</pin_list>
<bind>
<opcode="getelementptr(29) " fcode="getelementptr"/>
<opset="feat2_25_addr_1/3 "/>
</bind>
</comp>

<comp id="700" class="1004" name="p_ZZ9cnn_accelE5feat2_10_addr_3_gep_fu_700">
<pin_list>
<pin id="701" dir="0" index="0" bw="32" slack="0"/>
<pin id="702" dir="0" index="1" bw="1" slack="0"/>
<pin id="703" dir="0" index="2" bw="15" slack="0"/>
<pin id="704" dir="1" index="3" bw="15" slack="0"/>
</pin_list>
<bind>
<opcode="getelementptr(29) " fcode="getelementptr"/>
<opset="p_ZZ9cnn_accelE5feat2_10_addr_3/3 "/>
</bind>
</comp>

<comp id="707" class="1004" name="p_ZZ9cnn_accelE5feat2_11_addr_3_gep_fu_707">
<pin_list>
<pin id="708" dir="0" index="0" bw="32" slack="0"/>
<pin id="709" dir="0" index="1" bw="1" slack="0"/>
<pin id="710" dir="0" index="2" bw="15" slack="0"/>
<pin id="711" dir="1" index="3" bw="15" slack="0"/>
</pin_list>
<bind>
<opcode="getelementptr(29) " fcode="getelementptr"/>
<opset="p_ZZ9cnn_accelE5feat2_11_addr_3/3 "/>
</bind>
</comp>

<comp id="714" class="1004" name="p_ZZ9cnn_accelE5feat2_12_addr_3_gep_fu_714">
<pin_list>
<pin id="715" dir="0" index="0" bw="32" slack="0"/>
<pin id="716" dir="0" index="1" bw="1" slack="0"/>
<pin id="717" dir="0" index="2" bw="15" slack="0"/>
<pin id="718" dir="1" index="3" bw="15" slack="0"/>
</pin_list>
<bind>
<opcode="getelementptr(29) " fcode="getelementptr"/>
<opset="p_ZZ9cnn_accelE5feat2_12_addr_3/3 "/>
</bind>
</comp>

<comp id="721" class="1004" name="p_ZZ9cnn_accelE5feat2_13_addr_3_gep_fu_721">
<pin_list>
<pin id="722" dir="0" index="0" bw="32" slack="0"/>
<pin id="723" dir="0" index="1" bw="1" slack="0"/>
<pin id="724" dir="0" index="2" bw="15" slack="0"/>
<pin id="725" dir="1" index="3" bw="15" slack="0"/>
</pin_list>
<bind>
<opcode="getelementptr(29) " fcode="getelementptr"/>
<opset="p_ZZ9cnn_accelE5feat2_13_addr_3/3 "/>
</bind>
</comp>

<comp id="728" class="1004" name="p_ZZ9cnn_accelE5feat2_14_addr_3_gep_fu_728">
<pin_list>
<pin id="729" dir="0" index="0" bw="32" slack="0"/>
<pin id="730" dir="0" index="1" bw="1" slack="0"/>
<pin id="731" dir="0" index="2" bw="15" slack="0"/>
<pin id="732" dir="1" index="3" bw="15" slack="0"/>
</pin_list>
<bind>
<opcode="getelementptr(29) " fcode="getelementptr"/>
<opset="p_ZZ9cnn_accelE5feat2_14_addr_3/3 "/>
</bind>
</comp>

<comp id="735" class="1004" name="cnn_accel_feat2_addr_3_s_gep_fu_735">
<pin_list>
<pin id="736" dir="0" index="0" bw="32" slack="0"/>
<pin id="737" dir="0" index="1" bw="1" slack="0"/>
<pin id="738" dir="0" index="2" bw="15" slack="0"/>
<pin id="739" dir="1" index="3" bw="15" slack="0"/>
</pin_list>
<bind>
<opcode="getelementptr(29) " fcode="getelementptr"/>
<opset="cnn_accel_feat2_addr_3_s/3 "/>
</bind>
</comp>

<comp id="742" class="1004" name="feat2_addr_3_gep_fu_742">
<pin_list>
<pin id="743" dir="0" index="0" bw="32" slack="0"/>
<pin id="744" dir="0" index="1" bw="1" slack="0"/>
<pin id="745" dir="0" index="2" bw="15" slack="0"/>
<pin id="746" dir="1" index="3" bw="15" slack="0"/>
</pin_list>
<bind>
<opcode="getelementptr(29) " fcode="getelementptr"/>
<opset="feat2_addr_3/3 "/>
</bind>
</comp>

<comp id="749" class="1004" name="feat2_17_addr_3_gep_fu_749">
<pin_list>
<pin id="750" dir="0" index="0" bw="32" slack="0"/>
<pin id="751" dir="0" index="1" bw="1" slack="0"/>
<pin id="752" dir="0" index="2" bw="15" slack="0"/>
<pin id="753" dir="1" index="3" bw="15" slack="0"/>
</pin_list>
<bind>
<opcode="getelementptr(29) " fcode="getelementptr"/>
<opset="feat2_17_addr_3/3 "/>
</bind>
</comp>

<comp id="756" class="1004" name="feat2_18_addr_3_gep_fu_756">
<pin_list>
<pin id="757" dir="0" index="0" bw="32" slack="0"/>
<pin id="758" dir="0" index="1" bw="1" slack="0"/>
<pin id="759" dir="0" index="2" bw="15" slack="0"/>
<pin id="760" dir="1" index="3" bw="15" slack="0"/>
</pin_list>
<bind>
<opcode="getelementptr(29) " fcode="getelementptr"/>
<opset="feat2_18_addr_3/3 "/>
</bind>
</comp>

<comp id="763" class="1004" name="feat2_19_addr_3_gep_fu_763">
<pin_list>
<pin id="764" dir="0" index="0" bw="32" slack="0"/>
<pin id="765" dir="0" index="1" bw="1" slack="0"/>
<pin id="766" dir="0" index="2" bw="15" slack="0"/>
<pin id="767" dir="1" index="3" bw="15" slack="0"/>
</pin_list>
<bind>
<opcode="getelementptr(29) " fcode="getelementptr"/>
<opset="feat2_19_addr_3/3 "/>
</bind>
</comp>

<comp id="770" class="1004" name="feat2_20_addr_3_gep_fu_770">
<pin_list>
<pin id="771" dir="0" index="0" bw="32" slack="0"/>
<pin id="772" dir="0" index="1" bw="1" slack="0"/>
<pin id="773" dir="0" index="2" bw="15" slack="0"/>
<pin id="774" dir="1" index="3" bw="15" slack="0"/>
</pin_list>
<bind>
<opcode="getelementptr(29) " fcode="getelementptr"/>
<opset="feat2_20_addr_3/3 "/>
</bind>
</comp>

<comp id="777" class="1004" name="feat2_21_addr_3_gep_fu_777">
<pin_list>
<pin id="778" dir="0" index="0" bw="32" slack="0"/>
<pin id="779" dir="0" index="1" bw="1" slack="0"/>
<pin id="780" dir="0" index="2" bw="15" slack="0"/>
<pin id="781" dir="1" index="3" bw="15" slack="0"/>
</pin_list>
<bind>
<opcode="getelementptr(29) " fcode="getelementptr"/>
<opset="feat2_21_addr_3/3 "/>
</bind>
</comp>

<comp id="784" class="1004" name="feat2_22_addr_3_gep_fu_784">
<pin_list>
<pin id="785" dir="0" index="0" bw="32" slack="0"/>
<pin id="786" dir="0" index="1" bw="1" slack="0"/>
<pin id="787" dir="0" index="2" bw="15" slack="0"/>
<pin id="788" dir="1" index="3" bw="15" slack="0"/>
</pin_list>
<bind>
<opcode="getelementptr(29) " fcode="getelementptr"/>
<opset="feat2_22_addr_3/3 "/>
</bind>
</comp>

<comp id="791" class="1004" name="feat2_23_addr_3_gep_fu_791">
<pin_list>
<pin id="792" dir="0" index="0" bw="32" slack="0"/>
<pin id="793" dir="0" index="1" bw="1" slack="0"/>
<pin id="794" dir="0" index="2" bw="15" slack="0"/>
<pin id="795" dir="1" index="3" bw="15" slack="0"/>
</pin_list>
<bind>
<opcode="getelementptr(29) " fcode="getelementptr"/>
<opset="feat2_23_addr_3/3 "/>
</bind>
</comp>

<comp id="798" class="1004" name="feat2_24_addr_3_gep_fu_798">
<pin_list>
<pin id="799" dir="0" index="0" bw="32" slack="0"/>
<pin id="800" dir="0" index="1" bw="1" slack="0"/>
<pin id="801" dir="0" index="2" bw="15" slack="0"/>
<pin id="802" dir="1" index="3" bw="15" slack="0"/>
</pin_list>
<bind>
<opcode="getelementptr(29) " fcode="getelementptr"/>
<opset="feat2_24_addr_3/3 "/>
</bind>
</comp>

<comp id="805" class="1004" name="feat2_25_addr_3_gep_fu_805">
<pin_list>
<pin id="806" dir="0" index="0" bw="32" slack="0"/>
<pin id="807" dir="0" index="1" bw="1" slack="0"/>
<pin id="808" dir="0" index="2" bw="15" slack="0"/>
<pin id="809" dir="1" index="3" bw="15" slack="0"/>
</pin_list>
<bind>
<opcode="getelementptr(29) " fcode="getelementptr"/>
<opset="feat2_25_addr_3/3 "/>
</bind>
</comp>

<comp id="844" class="1004" name="p_ZZ9cnn_accelE7feat2_p_10_addr_gep_fu_844">
<pin_list>
<pin id="845" dir="0" index="0" bw="32" slack="0"/>
<pin id="846" dir="0" index="1" bw="1" slack="0"/>
<pin id="847" dir="0" index="2" bw="13" slack="0"/>
<pin id="848" dir="1" index="3" bw="13" slack="0"/>
</pin_list>
<bind>
<opcode="getelementptr(29) " fcode="getelementptr"/>
<opset="p_ZZ9cnn_accelE7feat2_p_10_addr/6 "/>
</bind>
</comp>

<comp id="851" class="1004" name="p_ZZ9cnn_accelE7feat2_p_11_addr_gep_fu_851">
<pin_list>
<pin id="852" dir="0" index="0" bw="32" slack="0"/>
<pin id="853" dir="0" index="1" bw="1" slack="0"/>
<pin id="854" dir="0" index="2" bw="13" slack="0"/>
<pin id="855" dir="1" index="3" bw="13" slack="0"/>
</pin_list>
<bind>
<opcode="getelementptr(29) " fcode="getelementptr"/>
<opset="p_ZZ9cnn_accelE7feat2_p_11_addr/6 "/>
</bind>
</comp>

<comp id="858" class="1004" name="p_ZZ9cnn_accelE7feat2_p_12_addr_gep_fu_858">
<pin_list>
<pin id="859" dir="0" index="0" bw="32" slack="0"/>
<pin id="860" dir="0" index="1" bw="1" slack="0"/>
<pin id="861" dir="0" index="2" bw="13" slack="0"/>
<pin id="862" dir="1" index="3" bw="13" slack="0"/>
</pin_list>
<bind>
<opcode="getelementptr(29) " fcode="getelementptr"/>
<opset="p_ZZ9cnn_accelE7feat2_p_12_addr/6 "/>
</bind>
</comp>

<comp id="865" class="1004" name="p_ZZ9cnn_accelE7feat2_p_13_addr_gep_fu_865">
<pin_list>
<pin id="866" dir="0" index="0" bw="32" slack="0"/>
<pin id="867" dir="0" index="1" bw="1" slack="0"/>
<pin id="868" dir="0" index="2" bw="13" slack="0"/>
<pin id="869" dir="1" index="3" bw="13" slack="0"/>
</pin_list>
<bind>
<opcode="getelementptr(29) " fcode="getelementptr"/>
<opset="p_ZZ9cnn_accelE7feat2_p_13_addr/6 "/>
</bind>
</comp>

<comp id="872" class="1004" name="p_ZZ9cnn_accelE7feat2_p_14_addr_gep_fu_872">
<pin_list>
<pin id="873" dir="0" index="0" bw="32" slack="0"/>
<pin id="874" dir="0" index="1" bw="1" slack="0"/>
<pin id="875" dir="0" index="2" bw="13" slack="0"/>
<pin id="876" dir="1" index="3" bw="13" slack="0"/>
</pin_list>
<bind>
<opcode="getelementptr(29) " fcode="getelementptr"/>
<opset="p_ZZ9cnn_accelE7feat2_p_14_addr/6 "/>
</bind>
</comp>

<comp id="879" class="1004" name="cnn_accel_feat2_p_gep_fu_879">
<pin_list>
<pin id="880" dir="0" index="0" bw="32" slack="0"/>
<pin id="881" dir="0" index="1" bw="1" slack="0"/>
<pin id="882" dir="0" index="2" bw="13" slack="0"/>
<pin id="883" dir="1" index="3" bw="13" slack="0"/>
</pin_list>
<bind>
<opcode="getelementptr(29) " fcode="getelementptr"/>
<opset="cnn_accel_feat2_p/6 "/>
</bind>
</comp>

<comp id="886" class="1004" name="feat2_p_addr_gep_fu_886">
<pin_list>
<pin id="887" dir="0" index="0" bw="32" slack="0"/>
<pin id="888" dir="0" index="1" bw="1" slack="0"/>
<pin id="889" dir="0" index="2" bw="13" slack="0"/>
<pin id="890" dir="1" index="3" bw="13" slack="0"/>
</pin_list>
<bind>
<opcode="getelementptr(29) " fcode="getelementptr"/>
<opset="feat2_p_addr/6 "/>
</bind>
</comp>

<comp id="893" class="1004" name="feat2_p_26_addr_gep_fu_893">
<pin_list>
<pin id="894" dir="0" index="0" bw="32" slack="0"/>
<pin id="895" dir="0" index="1" bw="1" slack="0"/>
<pin id="896" dir="0" index="2" bw="13" slack="0"/>
<pin id="897" dir="1" index="3" bw="13" slack="0"/>
</pin_list>
<bind>
<opcode="getelementptr(29) " fcode="getelementptr"/>
<opset="feat2_p_26_addr/6 "/>
</bind>
</comp>

<comp id="900" class="1004" name="feat2_p_27_addr_gep_fu_900">
<pin_list>
<pin id="901" dir="0" index="0" bw="32" slack="0"/>
<pin id="902" dir="0" index="1" bw="1" slack="0"/>
<pin id="903" dir="0" index="2" bw="13" slack="0"/>
<pin id="904" dir="1" index="3" bw="13" slack="0"/>
</pin_list>
<bind>
<opcode="getelementptr(29) " fcode="getelementptr"/>
<opset="feat2_p_27_addr/6 "/>
</bind>
</comp>

<comp id="907" class="1004" name="feat2_p_28_addr_gep_fu_907">
<pin_list>
<pin id="908" dir="0" index="0" bw="32" slack="0"/>
<pin id="909" dir="0" index="1" bw="1" slack="0"/>
<pin id="910" dir="0" index="2" bw="13" slack="0"/>
<pin id="911" dir="1" index="3" bw="13" slack="0"/>
</pin_list>
<bind>
<opcode="getelementptr(29) " fcode="getelementptr"/>
<opset="feat2_p_28_addr/6 "/>
</bind>
</comp>

<comp id="914" class="1004" name="feat2_p_29_addr_gep_fu_914">
<pin_list>
<pin id="915" dir="0" index="0" bw="32" slack="0"/>
<pin id="916" dir="0" index="1" bw="1" slack="0"/>
<pin id="917" dir="0" index="2" bw="13" slack="0"/>
<pin id="918" dir="1" index="3" bw="13" slack="0"/>
</pin_list>
<bind>
<opcode="getelementptr(29) " fcode="getelementptr"/>
<opset="feat2_p_29_addr/6 "/>
</bind>
</comp>

<comp id="921" class="1004" name="feat2_p_30_addr_gep_fu_921">
<pin_list>
<pin id="922" dir="0" index="0" bw="32" slack="0"/>
<pin id="923" dir="0" index="1" bw="1" slack="0"/>
<pin id="924" dir="0" index="2" bw="13" slack="0"/>
<pin id="925" dir="1" index="3" bw="13" slack="0"/>
</pin_list>
<bind>
<opcode="getelementptr(29) " fcode="getelementptr"/>
<opset="feat2_p_30_addr/6 "/>
</bind>
</comp>

<comp id="928" class="1004" name="feat2_p_31_addr_gep_fu_928">
<pin_list>
<pin id="929" dir="0" index="0" bw="32" slack="0"/>
<pin id="930" dir="0" index="1" bw="1" slack="0"/>
<pin id="931" dir="0" index="2" bw="13" slack="0"/>
<pin id="932" dir="1" index="3" bw="13" slack="0"/>
</pin_list>
<bind>
<opcode="getelementptr(29) " fcode="getelementptr"/>
<opset="feat2_p_31_addr/6 "/>
</bind>
</comp>

<comp id="935" class="1004" name="feat2_p_32_addr_gep_fu_935">
<pin_list>
<pin id="936" dir="0" index="0" bw="32" slack="0"/>
<pin id="937" dir="0" index="1" bw="1" slack="0"/>
<pin id="938" dir="0" index="2" bw="13" slack="0"/>
<pin id="939" dir="1" index="3" bw="13" slack="0"/>
</pin_list>
<bind>
<opcode="getelementptr(29) " fcode="getelementptr"/>
<opset="feat2_p_32_addr/6 "/>
</bind>
</comp>

<comp id="942" class="1004" name="feat2_p_33_addr_gep_fu_942">
<pin_list>
<pin id="943" dir="0" index="0" bw="32" slack="0"/>
<pin id="944" dir="0" index="1" bw="1" slack="0"/>
<pin id="945" dir="0" index="2" bw="13" slack="0"/>
<pin id="946" dir="1" index="3" bw="13" slack="0"/>
</pin_list>
<bind>
<opcode="getelementptr(29) " fcode="getelementptr"/>
<opset="feat2_p_33_addr/6 "/>
</bind>
</comp>

<comp id="949" class="1004" name="feat2_p_34_addr_gep_fu_949">
<pin_list>
<pin id="950" dir="0" index="0" bw="32" slack="0"/>
<pin id="951" dir="0" index="1" bw="1" slack="0"/>
<pin id="952" dir="0" index="2" bw="13" slack="0"/>
<pin id="953" dir="1" index="3" bw="13" slack="0"/>
</pin_list>
<bind>
<opcode="getelementptr(29) " fcode="getelementptr"/>
<opset="feat2_p_34_addr/6 "/>
</bind>
</comp>

<comp id="956" class="1004" name="store_ln180_access_fu_956">
<pin_list>
<pin id="957" dir="0" index="0" bw="13" slack="0"/>
<pin id="958" dir="0" index="1" bw="32" slack="0"/>
<pin id="959" dir="0" index="2" bw="0" slack="2147483647"/>
<pin id="960" dir="1" index="3" bw="32" slack="2147483647"/>
</pin_list>
<bind>
<opcode="store(28) " fcode="store"/>
<opset="store_ln180/6 "/>
</bind>
</comp>

<comp id="962" class="1004" name="store_ln180_access_fu_962">
<pin_list>
<pin id="963" dir="0" index="0" bw="13" slack="0"/>
<pin id="964" dir="0" index="1" bw="32" slack="0"/>
<pin id="965" dir="0" index="2" bw="0" slack="2147483647"/>
<pin id="966" dir="1" index="3" bw="32" slack="2147483647"/>
</pin_list>
<bind>
<opcode="store(28) " fcode="store"/>
<opset="store_ln180/6 "/>
</bind>
</comp>

<comp id="968" class="1004" name="store_ln180_access_fu_968">
<pin_list>
<pin id="969" dir="0" index="0" bw="13" slack="0"/>
<pin id="970" dir="0" index="1" bw="32" slack="0"/>
<pin id="971" dir="0" index="2" bw="0" slack="2147483647"/>
<pin id="972" dir="1" index="3" bw="32" slack="2147483647"/>
</pin_list>
<bind>
<opcode="store(28) " fcode="store"/>
<opset="store_ln180/6 "/>
</bind>
</comp>

<comp id="974" class="1004" name="store_ln180_access_fu_974">
<pin_list>
<pin id="975" dir="0" index="0" bw="13" slack="0"/>
<pin id="976" dir="0" index="1" bw="32" slack="0"/>
<pin id="977" dir="0" index="2" bw="0" slack="2147483647"/>
<pin id="978" dir="1" index="3" bw="32" slack="2147483647"/>
</pin_list>
<bind>
<opcode="store(28) " fcode="store"/>
<opset="store_ln180/6 "/>
</bind>
</comp>

<comp id="980" class="1004" name="store_ln180_access_fu_980">
<pin_list>
<pin id="981" dir="0" index="0" bw="13" slack="0"/>
<pin id="982" dir="0" index="1" bw="32" slack="0"/>
<pin id="983" dir="0" index="2" bw="0" slack="2147483647"/>
<pin id="984" dir="1" index="3" bw="32" slack="2147483647"/>
</pin_list>
<bind>
<opcode="store(28) " fcode="store"/>
<opset="store_ln180/6 "/>
</bind>
</comp>

<comp id="986" class="1004" name="store_ln180_access_fu_986">
<pin_list>
<pin id="987" dir="0" index="0" bw="13" slack="0"/>
<pin id="988" dir="0" index="1" bw="32" slack="0"/>
<pin id="989" dir="0" index="2" bw="0" slack="2147483647"/>
<pin id="990" dir="1" index="3" bw="32" slack="2147483647"/>
</pin_list>
<bind>
<opcode="store(28) " fcode="store"/>
<opset="store_ln180/6 "/>
</bind>
</comp>

<comp id="992" class="1004" name="store_ln180_access_fu_992">
<pin_list>
<pin id="993" dir="0" index="0" bw="13" slack="0"/>
<pin id="994" dir="0" index="1" bw="32" slack="0"/>
<pin id="995" dir="0" index="2" bw="0" slack="2147483647"/>
<pin id="996" dir="1" index="3" bw="32" slack="2147483647"/>
</pin_list>
<bind>
<opcode="store(28) " fcode="store"/>
<opset="store_ln180/6 "/>
</bind>
</comp>

<comp id="998" class="1004" name="store_ln180_access_fu_998">
<pin_list>
<pin id="999" dir="0" index="0" bw="13" slack="0"/>
<pin id="1000" dir="0" index="1" bw="32" slack="0"/>
<pin id="1001" dir="0" index="2" bw="0" slack="2147483647"/>
<pin id="1002" dir="1" index="3" bw="32" slack="2147483647"/>
</pin_list>
<bind>
<opcode="store(28) " fcode="store"/>
<opset="store_ln180/6 "/>
</bind>
</comp>

<comp id="1004" class="1004" name="store_ln180_access_fu_1004">
<pin_list>
<pin id="1005" dir="0" index="0" bw="13" slack="0"/>
<pin id="1006" dir="0" index="1" bw="32" slack="0"/>
<pin id="1007" dir="0" index="2" bw="0" slack="2147483647"/>
<pin id="1008" dir="1" index="3" bw="32" slack="2147483647"/>
</pin_list>
<bind>
<opcode="store(28) " fcode="store"/>
<opset="store_ln180/6 "/>
</bind>
</comp>

<comp id="1010" class="1004" name="store_ln180_access_fu_1010">
<pin_list>
<pin id="1011" dir="0" index="0" bw="13" slack="0"/>
<pin id="1012" dir="0" index="1" bw="32" slack="0"/>
<pin id="1013" dir="0" index="2" bw="0" slack="2147483647"/>
<pin id="1014" dir="1" index="3" bw="32" slack="2147483647"/>
</pin_list>
<bind>
<opcode="store(28) " fcode="store"/>
<opset="store_ln180/6 "/>
</bind>
</comp>

<comp id="1016" class="1004" name="store_ln180_access_fu_1016">
<pin_list>
<pin id="1017" dir="0" index="0" bw="13" slack="0"/>
<pin id="1018" dir="0" index="1" bw="32" slack="0"/>
<pin id="1019" dir="0" index="2" bw="0" slack="2147483647"/>
<pin id="1020" dir="1" index="3" bw="32" slack="2147483647"/>
</pin_list>
<bind>
<opcode="store(28) " fcode="store"/>
<opset="store_ln180/6 "/>
</bind>
</comp>

<comp id="1022" class="1004" name="store_ln180_access_fu_1022">
<pin_list>
<pin id="1023" dir="0" index="0" bw="13" slack="0"/>
<pin id="1024" dir="0" index="1" bw="32" slack="0"/>
<pin id="1025" dir="0" index="2" bw="0" slack="2147483647"/>
<pin id="1026" dir="1" index="3" bw="32" slack="2147483647"/>
</pin_list>
<bind>
<opcode="store(28) " fcode="store"/>
<opset="store_ln180/6 "/>
</bind>
</comp>

<comp id="1028" class="1004" name="store_ln180_access_fu_1028">
<pin_list>
<pin id="1029" dir="0" index="0" bw="13" slack="0"/>
<pin id="1030" dir="0" index="1" bw="32" slack="0"/>
<pin id="1031" dir="0" index="2" bw="0" slack="2147483647"/>
<pin id="1032" dir="1" index="3" bw="32" slack="2147483647"/>
</pin_list>
<bind>
<opcode="store(28) " fcode="store"/>
<opset="store_ln180/6 "/>
</bind>
</comp>

<comp id="1034" class="1004" name="store_ln180_access_fu_1034">
<pin_list>
<pin id="1035" dir="0" index="0" bw="13" slack="0"/>
<pin id="1036" dir="0" index="1" bw="32" slack="0"/>
<pin id="1037" dir="0" index="2" bw="0" slack="2147483647"/>
<pin id="1038" dir="1" index="3" bw="32" slack="2147483647"/>
</pin_list>
<bind>
<opcode="store(28) " fcode="store"/>
<opset="store_ln180/6 "/>
</bind>
</comp>

<comp id="1040" class="1004" name="store_ln180_access_fu_1040">
<pin_list>
<pin id="1041" dir="0" index="0" bw="13" slack="0"/>
<pin id="1042" dir="0" index="1" bw="32" slack="0"/>
<pin id="1043" dir="0" index="2" bw="0" slack="2147483647"/>
<pin id="1044" dir="1" index="3" bw="32" slack="2147483647"/>
</pin_list>
<bind>
<opcode="store(28) " fcode="store"/>
<opset="store_ln180/6 "/>
</bind>
</comp>

<comp id="1046" class="1004" name="store_ln180_access_fu_1046">
<pin_list>
<pin id="1047" dir="0" index="0" bw="13" slack="0"/>
<pin id="1048" dir="0" index="1" bw="32" slack="0"/>
<pin id="1049" dir="0" index="2" bw="0" slack="2147483647"/>
<pin id="1050" dir="1" index="3" bw="32" slack="2147483647"/>
</pin_list>
<bind>
<opcode="store(28) " fcode="store"/>
<opset="store_ln180/6 "/>
</bind>
</comp>

<comp id="1052" class="1004" name="grp_fu_1052">
<pin_list>
<pin id="1053" dir="0" index="0" bw="32" slack="0"/>
<pin id="1054" dir="0" index="1" bw="32" slack="0"/>
<pin id="1055" dir="1" index="2" bw="1" slack="0"/>
</pin_list>
<bind>
<opcode="fcmp(46) " fcode="fcmp"/>
<opset="tmp_7/4 tmp_13/5 "/>
</bind>
</comp>

<comp id="1056" class="1004" name="grp_fu_1056">
<pin_list>
<pin id="1057" dir="0" index="0" bw="32" slack="1"/>
<pin id="1058" dir="0" index="1" bw="32" slack="0"/>
<pin id="1059" dir="1" index="2" bw="1" slack="0"/>
</pin_list>
<bind>
<opcode="fcmp(46) " fcode="fcmp"/>
<opset="tmp_10/4 "/>
</bind>
</comp>

<comp id="1060" class="1004" name="grp_fu_1060">
<pin_list>
<pin id="1061" dir="0" index="0" bw="32" slack="0"/>
<pin id="1062" dir="0" index="1" bw="4" slack="0"/>
<pin id="1063" dir="0" index="2" bw="32" slack="0"/>
<pin id="1064" dir="0" index="3" bw="4" slack="0"/>
<pin id="1065" dir="0" index="4" bw="32" slack="0"/>
<pin id="1066" dir="0" index="5" bw="4" slack="0"/>
<pin id="1067" dir="0" index="6" bw="32" slack="0"/>
<pin id="1068" dir="0" index="7" bw="4" slack="0"/>
<pin id="1069" dir="0" index="8" bw="32" slack="0"/>
<pin id="1070" dir="0" index="9" bw="4" slack="0"/>
<pin id="1071" dir="0" index="10" bw="32" slack="0"/>
<pin id="1072" dir="0" index="11" bw="4" slack="0"/>
<pin id="1073" dir="0" index="12" bw="32" slack="0"/>
<pin id="1074" dir="0" index="13" bw="4" slack="0"/>
<pin id="1075" dir="0" index="14" bw="32" slack="0"/>
<pin id="1076" dir="0" index="15" bw="4" slack="0"/>
<pin id="1077" dir="0" index="16" bw="32" slack="0"/>
<pin id="1078" dir="0" index="17" bw="4" slack="0"/>
<pin id="1079" dir="0" index="18" bw="32" slack="0"/>
<pin id="1080" dir="0" index="19" bw="4" slack="0"/>
<pin id="1081" dir="0" index="20" bw="32" slack="0"/>
<pin id="1082" dir="0" index="21" bw="4" slack="0"/>
<pin id="1083" dir="0" index="22" bw="32" slack="0"/>
<pin id="1084" dir="0" index="23" bw="4" slack="0"/>
<pin id="1085" dir="0" index="24" bw="32" slack="0"/>
<pin id="1086" dir="0" index="25" bw="4" slack="0"/>
<pin id="1087" dir="0" index="26" bw="32" slack="0"/>
<pin id="1088" dir="0" index="27" bw="4" slack="0"/>
<pin id="1089" dir="0" index="28" bw="32" slack="0"/>
<pin id="1090" dir="0" index="29" bw="4" slack="0"/>
<pin id="1091" dir="0" index="30" bw="32" slack="0"/>
<pin id="1092" dir="0" index="31" bw="4" slack="0"/>
<pin id="1093" dir="0" index="32" bw="32" slack="0"/>
<pin id="1094" dir="0" index="33" bw="32" slack="0"/>
<pin id="1095" dir="0" index="34" bw="4" slack="1"/>
<pin id="1096" dir="1" index="35" bw="32" slack="0"/>
</pin_list>
<bind>
<opcode="sparsemux(1197) " fcode="sparsemux"/>
<opset="m0/3 m1/4 "/>
</bind>
</comp>

<comp id="1132" class="1004" name="grp_fu_1132">
<pin_list>
<pin id="1133" dir="0" index="0" bw="32" slack="0"/>
<pin id="1134" dir="0" index="1" bw="4" slack="0"/>
<pin id="1135" dir="0" index="2" bw="32" slack="0"/>
<pin id="1136" dir="0" index="3" bw="4" slack="0"/>
<pin id="1137" dir="0" index="4" bw="32" slack="0"/>
<pin id="1138" dir="0" index="5" bw="4" slack="0"/>
<pin id="1139" dir="0" index="6" bw="32" slack="0"/>
<pin id="1140" dir="0" index="7" bw="4" slack="0"/>
<pin id="1141" dir="0" index="8" bw="32" slack="0"/>
<pin id="1142" dir="0" index="9" bw="4" slack="0"/>
<pin id="1143" dir="0" index="10" bw="32" slack="0"/>
<pin id="1144" dir="0" index="11" bw="4" slack="0"/>
<pin id="1145" dir="0" index="12" bw="32" slack="0"/>
<pin id="1146" dir="0" index="13" bw="4" slack="0"/>
<pin id="1147" dir="0" index="14" bw="32" slack="0"/>
<pin id="1148" dir="0" index="15" bw="4" slack="0"/>
<pin id="1149" dir="0" index="16" bw="32" slack="0"/>
<pin id="1150" dir="0" index="17" bw="4" slack="0"/>
<pin id="1151" dir="0" index="18" bw="32" slack="0"/>
<pin id="1152" dir="0" index="19" bw="4" slack="0"/>
<pin id="1153" dir="0" index="20" bw="32" slack="0"/>
<pin id="1154" dir="0" index="21" bw="4" slack="0"/>
<pin id="1155" dir="0" index="22" bw="32" slack="0"/>
<pin id="1156" dir="0" index="23" bw="4" slack="0"/>
<pin id="1157" dir="0" index="24" bw="32" slack="0"/>
<pin id="1158" dir="0" index="25" bw="4" slack="0"/>
<pin id="1159" dir="0" index="26" bw="32" slack="0"/>
<pin id="1160" dir="0" index="27" bw="4" slack="0"/>
<pin id="1161" dir="0" index="28" bw="32" slack="0"/>
<pin id="1162" dir="0" index="29" bw="4" slack="0"/>
<pin id="1163" dir="0" index="30" bw="32" slack="0"/>
<pin id="1164" dir="0" index="31" bw="4" slack="0"/>
<pin id="1165" dir="0" index="32" bw="32" slack="0"/>
<pin id="1166" dir="0" index="33" bw="32" slack="0"/>
<pin id="1167" dir="0" index="34" bw="4" slack="1"/>
<pin id="1168" dir="1" index="35" bw="32" slack="0"/>
</pin_list>
<bind>
<opcode="sparsemux(1197) " fcode="sparsemux"/>
<opset="m2/3 m3/4 "/>
</bind>
</comp>

<comp id="1204" class="1004" name="store_ln0_store_fu_1204">
<pin_list>
<pin id="1205" dir="0" index="0" bw="1" slack="0"/>
<pin id="1206" dir="0" index="1" bw="17" slack="0"/>
<pin id="1207" dir="1" index="2" bw="0" slack="2147483647"/>
</pin_list>
<bind>
<opcode="store(28) " fcode="store"/>
<opset="store_ln0/1 "/>
</bind>
</comp>

<comp id="1209" class="1004" name="store_ln168_store_fu_1209">
<pin_list>
<pin id="1210" dir="0" index="0" bw="1" slack="0"/>
<pin id="1211" dir="0" index="1" bw="6" slack="0"/>
<pin id="1212" dir="1" index="2" bw="0" slack="2147483647"/>
</pin_list>
<bind>
<opcode="store(28) " fcode="store"/>
<opset="store_ln168/1 "/>
</bind>
</comp>

<comp id="1214" class="1004" name="store_ln0_store_fu_1214">
<pin_list>
<pin id="1215" dir="0" index="0" bw="1" slack="0"/>
<pin id="1216" dir="0" index="1" bw="12" slack="0"/>
<pin id="1217" dir="1" index="2" bw="0" slack="2147483647"/>
</pin_list>
<bind>
<opcode="store(28) " fcode="store"/>
<opset="store_ln0/1 "/>
</bind>
</comp>

<comp id="1219" class="1004" name="store_ln170_store_fu_1219">
<pin_list>
<pin id="1220" dir="0" index="0" bw="1" slack="0"/>
<pin id="1221" dir="0" index="1" bw="7" slack="0"/>
<pin id="1222" dir="1" index="2" bw="0" slack="2147483647"/>
</pin_list>
<bind>
<opcode="store(28) " fcode="store"/>
<opset="store_ln170/1 "/>
</bind>
</comp>

<comp id="1224" class="1004" name="store_ln172_store_fu_1224">
<pin_list>
<pin id="1225" dir="0" index="0" bw="1" slack="0"/>
<pin id="1226" dir="0" index="1" bw="5" slack="0"/>
<pin id="1227" dir="1" index="2" bw="0" slack="2147483647"/>
</pin_list>
<bind>
<opcode="store(28) " fcode="store"/>
<opset="store_ln172/1 "/>
</bind>
</comp>

<comp id="1229" class="1004" name="indvar_flatten97_load_load_fu_1229">
<pin_list>
<pin id="1230" dir="0" index="0" bw="12" slack="1"/>
<pin id="1231" dir="1" index="1" bw="12" slack="0"/>
</pin_list>
<bind>
<opcode="load(27) " fcode="load"/>
<opset="indvar_flatten97_load/2 "/>
</bind>
</comp>

<comp id="1232" class="1004" name="indvar_flatten110_load_load_fu_1232">
<pin_list>
<pin id="1233" dir="0" index="0" bw="17" slack="1"/>
<pin id="1234" dir="1" index="1" bw="17" slack="0"/>
</pin_list>
<bind>
<opcode="load(27) " fcode="load"/>
<opset="indvar_flatten110_load/2 "/>
</bind>
</comp>

<comp id="1235" class="1004" name="icmp_ln168_fu_1235">
<pin_list>
<pin id="1236" dir="0" index="0" bw="17" slack="0"/>
<pin id="1237" dir="0" index="1" bw="17" slack="0"/>
<pin id="1238" dir="1" index="2" bw="1" slack="1"/>
</pin_list>
<bind>
<opcode="icmp(45) " fcode="icmp"/>
<opset="icmp_ln168/2 "/>
</bind>
</comp>

<comp id="1241" class="1004" name="add_ln168_1_fu_1241">
<pin_list>
<pin id="1242" dir="0" index="0" bw="17" slack="0"/>
<pin id="1243" dir="0" index="1" bw="1" slack="0"/>
<pin id="1244" dir="1" index="2" bw="17" slack="1"/>
</pin_list>
<bind>
<opcode="add(8) " fcode="add"/>
<opset="add_ln168_1/2 "/>
</bind>
</comp>

<comp id="1247" class="1004" name="m_load_load_fu_1247">
<pin_list>
<pin id="1248" dir="0" index="0" bw="5" slack="1"/>
<pin id="1249" dir="1" index="1" bw="5" slack="0"/>
</pin_list>
<bind>
<opcode="load(27) " fcode="load"/>
<opset="m_load/2 "/>
</bind>
</comp>

<comp id="1250" class="1004" name="j_load_load_fu_1250">
<pin_list>
<pin id="1251" dir="0" index="0" bw="7" slack="1"/>
<pin id="1252" dir="1" index="1" bw="7" slack="0"/>
</pin_list>
<bind>
<opcode="load(27) " fcode="load"/>
<opset="j_load/2 "/>
</bind>
</comp>

<comp id="1253" class="1004" name="i_load_load_fu_1253">
<pin_list>
<pin id="1254" dir="0" index="0" bw="6" slack="1"/>
<pin id="1255" dir="1" index="1" bw="6" slack="0"/>
</pin_list>
<bind>
<opcode="load(27) " fcode="load"/>
<opset="i_load/2 "/>
</bind>
</comp>

<comp id="1256" class="1004" name="add_ln168_fu_1256">
<pin_list>
<pin id="1257" dir="0" index="0" bw="6" slack="0"/>
<pin id="1258" dir="0" index="1" bw="1" slack="0"/>
<pin id="1259" dir="1" index="2" bw="6" slack="0"/>
</pin_list>
<bind>
<opcode="add(8) " fcode="add"/>
<opset="add_ln168/2 "/>
</bind>
</comp>

<comp id="1262" class="1004" name="icmp_ln170_fu_1262">
<pin_list>
<pin id="1263" dir="0" index="0" bw="12" slack="0"/>
<pin id="1264" dir="0" index="1" bw="12" slack="0"/>
<pin id="1265" dir="1" index="2" bw="1" slack="0"/>
</pin_list>
<bind>
<opcode="icmp(45) " fcode="icmp"/>
<opset="icmp_ln170/2 "/>
</bind>
</comp>

<comp id="1268" class="1004" name="select_ln168_fu_1268">
<pin_list>
<pin id="1269" dir="0" index="0" bw="1" slack="0"/>
<pin id="1270" dir="0" index="1" bw="7" slack="0"/>
<pin id="1271" dir="0" index="2" bw="7" slack="0"/>
<pin id="1272" dir="1" index="3" bw="7" slack="0"/>
</pin_list>
<bind>
<opcode="select(49) " fcode="select"/>
<opset="select_ln168/2 "/>
</bind>
</comp>

<comp id="1276" class="1004" name="xor_ln168_fu_1276">
<pin_list>
<pin id="1277" dir="0" index="0" bw="1" slack="0"/>
<pin id="1278" dir="0" index="1" bw="1" slack="0"/>
<pin id="1279" dir="1" index="2" bw="1" slack="0"/>
</pin_list>
<bind>
<opcode="xor(25) " fcode="xor"/>
<opset="xor_ln168/2 "/>
</bind>
</comp>

<comp id="1282" class="1004" name="icmp_ln172_fu_1282">
<pin_list>
<pin id="1283" dir="0" index="0" bw="5" slack="0"/>
<pin id="1284" dir="0" index="1" bw="5" slack="0"/>
<pin id="1285" dir="1" index="2" bw="1" slack="0"/>
</pin_list>
<bind>
<opcode="icmp(45) " fcode="icmp"/>
<opset="icmp_ln172/2 "/>
</bind>
</comp>

<comp id="1288" class="1004" name="and_ln168_fu_1288">
<pin_list>
<pin id="1289" dir="0" index="0" bw="1" slack="0"/>
<pin id="1290" dir="0" index="1" bw="1" slack="0"/>
<pin id="1291" dir="1" index="2" bw="1" slack="0"/>
</pin_list>
<bind>
<opcode="and(23) " fcode="and"/>
<opset="and_ln168/2 "/>
</bind>
</comp>

<comp id="1294" class="1004" name="select_ln168_1_fu_1294">
<pin_list>
<pin id="1295" dir="0" index="0" bw="1" slack="0"/>
<pin id="1296" dir="0" index="1" bw="6" slack="0"/>
<pin id="1297" dir="0" index="2" bw="6" slack="0"/>
<pin id="1298" dir="1" index="3" bw="6" slack="0"/>
</pin_list>
<bind>
<opcode="select(49) " fcode="select"/>
<opset="select_ln168_1/2 "/>
</bind>
</comp>

<comp id="1302" class="1004" name="add_ln170_fu_1302">
<pin_list>
<pin id="1303" dir="0" index="0" bw="7" slack="0"/>
<pin id="1304" dir="0" index="1" bw="1" slack="0"/>
<pin id="1305" dir="1" index="2" bw="7" slack="0"/>
</pin_list>
<bind>
<opcode="add(8) " fcode="add"/>
<opset="add_ln170/2 "/>
</bind>
</comp>

<comp id="1308" class="1004" name="empty_fu_1308">
<pin_list>
<pin id="1309" dir="0" index="0" bw="1" slack="0"/>
<pin id="1310" dir="0" index="1" bw="1" slack="0"/>
<pin id="1311" dir="1" index="2" bw="1" slack="0"/>
</pin_list>
<bind>
<opcode="or(24) " fcode="or"/>
<opset="empty/2 "/>
</bind>
</comp>

<comp id="1314" class="1004" name="m_3_mid2_fu_1314">
<pin_list>
<pin id="1315" dir="0" index="0" bw="1" slack="0"/>
<pin id="1316" dir="0" index="1" bw="5" slack="0"/>
<pin id="1317" dir="0" index="2" bw="5" slack="0"/>
<pin id="1318" dir="1" index="3" bw="5" slack="0"/>
</pin_list>
<bind>
<opcode="select(49) " fcode="select"/>
<opset="m_3_mid2/2 "/>
</bind>
</comp>

<comp id="1322" class="1004" name="select_ln170_fu_1322">
<pin_list>
<pin id="1323" dir="0" index="0" bw="1" slack="0"/>
<pin id="1324" dir="0" index="1" bw="7" slack="0"/>
<pin id="1325" dir="0" index="2" bw="7" slack="0"/>
<pin id="1326" dir="1" index="3" bw="7" slack="0"/>
</pin_list>
<bind>
<opcode="select(49) " fcode="select"/>
<opset="select_ln170/2 "/>
</bind>
</comp>

<comp id="1330" class="1004" name="tmp_s_fu_1330">
<pin_list>
<pin id="1331" dir="0" index="0" bw="7" slack="0"/>
<pin id="1332" dir="0" index="1" bw="6" slack="0"/>
<pin id="1333" dir="0" index="2" bw="1" slack="0"/>
<pin id="1334" dir="1" index="3" bw="7" slack="0"/>
</pin_list>
<bind>
<opcode="bitconcatenate(1004) " fcode="bitconcatenate"/>
<opset="tmp_s/2 "/>
</bind>
</comp>

<comp id="1338" class="1004" name="tmp_37_cast_fu_1338">
<pin_list>
<pin id="1339" dir="0" index="0" bw="7" slack="0"/>
<pin id="1340" dir="1" index="1" bw="15" slack="0"/>
</pin_list>
<bind>
<opcode="zext(34) " fcode="zext"/>
<opset="tmp_37_cast/2 "/>
</bind>
</comp>

<comp id="1342" class="1004" name="empty_59_fu_1342">
<pin_list>
<pin id="1343" dir="0" index="0" bw="7" slack="0"/>
<pin id="1344" dir="0" index="1" bw="9" slack="0"/>
<pin id="1345" dir="1" index="2" bw="15" slack="0"/>
</pin_list>
<bind>
<opcode="mul(12) " fcode="mul"/>
<opset="empty_59/2 "/>
</bind>
</comp>

<comp id="1348" class="1004" name="tmp_3_fu_1348">
<pin_list>
<pin id="1349" dir="0" index="0" bw="8" slack="0"/>
<pin id="1350" dir="0" index="1" bw="7" slack="0"/>
<pin id="1351" dir="0" index="2" bw="1" slack="0"/>
<pin id="1352" dir="1" index="3" bw="8" slack="0"/>
</pin_list>
<bind>
<opcode="bitconcatenate(1004) " fcode="bitconcatenate"/>
<opset="tmp_3/2 "/>
</bind>
</comp>

<comp id="1356" class="1004" name="tmp_39_cast_fu_1356">
<pin_list>
<pin id="1357" dir="0" index="0" bw="8" slack="0"/>
<pin id="1358" dir="1" index="1" bw="15" slack="0"/>
</pin_list>
<bind>
<opcode="zext(34) " fcode="zext"/>
<opset="tmp_39_cast/2 "/>
</bind>
</comp>

<comp id="1360" class="1004" name="empty_62_fu_1360">
<pin_list>
<pin id="1361" dir="0" index="0" bw="15" slack="0"/>
<pin id="1362" dir="0" index="1" bw="8" slack="0"/>
<pin id="1363" dir="1" index="2" bw="15" slack="0"/>
</pin_list>
<bind>
<opcode="add(8) " fcode="add"/>
<opset="empty_62/2 "/>
</bind>
</comp>

<comp id="1366" class="1004" name="p_cast1_fu_1366">
<pin_list>
<pin id="1367" dir="0" index="0" bw="15" slack="0"/>
<pin id="1368" dir="1" index="1" bw="64" slack="0"/>
</pin_list>
<bind>
<opcode="zext(34) " fcode="zext"/>
<opset="p_cast1/2 "/>
</bind>
</comp>

<comp id="1386" class="1004" name="tmp_4_fu_1386">
<pin_list>
<pin id="1387" dir="0" index="0" bw="8" slack="0"/>
<pin id="1388" dir="0" index="1" bw="7" slack="0"/>
<pin id="1389" dir="0" index="2" bw="1" slack="0"/>
<pin id="1390" dir="1" index="3" bw="8" slack="0"/>
</pin_list>
<bind>
<opcode="bitconcatenate(1004) " fcode="bitconcatenate"/>
<opset="tmp_4/2 "/>
</bind>
</comp>

<comp id="1394" class="1004" name="tmp_40_cast_fu_1394">
<pin_list>
<pin id="1395" dir="0" index="0" bw="8" slack="0"/>
<pin id="1396" dir="1" index="1" bw="15" slack="0"/>
</pin_list>
<bind>
<opcode="zext(34) " fcode="zext"/>
<opset="tmp_40_cast/2 "/>
</bind>
</comp>

<comp id="1398" class="1004" name="empty_64_fu_1398">
<pin_list>
<pin id="1399" dir="0" index="0" bw="15" slack="0"/>
<pin id="1400" dir="0" index="1" bw="8" slack="0"/>
<pin id="1401" dir="1" index="2" bw="15" slack="0"/>
</pin_list>
<bind>
<opcode="add(8) " fcode="add"/>
<opset="empty_64/2 "/>
</bind>
</comp>

<comp id="1404" class="1004" name="p_cast3_fu_1404">
<pin_list>
<pin id="1405" dir="0" index="0" bw="15" slack="0"/>
<pin id="1406" dir="1" index="1" bw="64" slack="0"/>
</pin_list>
<bind>
<opcode="zext(34) " fcode="zext"/>
<opset="p_cast3/2 "/>
</bind>
</comp>

<comp id="1424" class="1004" name="trunc_ln172_fu_1424">
<pin_list>
<pin id="1425" dir="0" index="0" bw="5" slack="0"/>
<pin id="1426" dir="1" index="1" bw="4" slack="0"/>
</pin_list>
<bind>
<opcode="trunc(33) " fcode="trunc"/>
<opset="trunc_ln172/2 "/>
</bind>
</comp>

<comp id="1428" class="1004" name="switch_ln180_fu_1428">
<pin_list>
<pin id="1429" dir="0" index="0" bw="4" slack="0"/>
<pin id="1430" dir="0" index="1" bw="1" slack="0"/>
<pin id="1431" dir="0" index="2" bw="1" slack="0"/>
<pin id="1432" dir="0" index="3" bw="3" slack="0"/>
<pin id="1433" dir="0" index="4" bw="3" slack="0"/>
<pin id="1434" dir="0" index="5" bw="4" slack="0"/>
<pin id="1435" dir="0" index="6" bw="4" slack="0"/>
<pin id="1436" dir="0" index="7" bw="4" slack="0"/>
<pin id="1437" dir="0" index="8" bw="4" slack="0"/>
<pin id="1438" dir="0" index="9" bw="4" slack="0"/>
<pin id="1439" dir="0" index="10" bw="4" slack="0"/>
<pin id="1440" dir="0" index="11" bw="4" slack="0"/>
<pin id="1441" dir="0" index="12" bw="4" slack="0"/>
<pin id="1442" dir="0" index="13" bw="3" slack="0"/>
<pin id="1443" dir="0" index="14" bw="3" slack="0"/>
<pin id="1444" dir="0" index="15" bw="2" slack="0"/>
<pin id="1445" dir="1" index="16" bw="0" slack="2147483647"/>
</pin_list>
<bind>
<opcode="switch(3) " fcode="switch"/>
<opset="switch_ln180/2 "/>
</bind>
</comp>

<comp id="1462" class="1004" name="select_ln168_1_cast_fu_1462">
<pin_list>
<pin id="1463" dir="0" index="0" bw="6" slack="1"/>
<pin id="1464" dir="1" index="1" bw="13" slack="0"/>
</pin_list>
<bind>
<opcode="zext(34) " fcode="zext"/>
<opset="select_ln168_1_cast/3 "/>
</bind>
</comp>

<comp id="1465" class="1004" name="tmp_2_fu_1465">
<pin_list>
<pin id="1466" dir="0" index="0" bw="7" slack="0"/>
<pin id="1467" dir="0" index="1" bw="6" slack="1"/>
<pin id="1468" dir="0" index="2" bw="1" slack="0"/>
<pin id="1469" dir="1" index="3" bw="7" slack="0"/>
</pin_list>
<bind>
<opcode="bitconcatenate(1004) " fcode="bitconcatenate"/>
<opset="tmp_2/3 "/>
</bind>
</comp>

<comp id="1472" class="1004" name="tmp_38_cast_fu_1472">
<pin_list>
<pin id="1473" dir="0" index="0" bw="7" slack="0"/>
<pin id="1474" dir="1" index="1" bw="15" slack="0"/>
</pin_list>
<bind>
<opcode="zext(34) " fcode="zext"/>
<opset="tmp_38_cast/3 "/>
</bind>
</comp>

<comp id="1476" class="1004" name="empty_60_fu_1476">
<pin_list>
<pin id="1477" dir="0" index="0" bw="7" slack="0"/>
<pin id="1478" dir="0" index="1" bw="9" slack="0"/>
<pin id="1479" dir="1" index="2" bw="15" slack="0"/>
</pin_list>
<bind>
<opcode="mul(12) " fcode="mul"/>
<opset="empty_60/3 "/>
</bind>
</comp>

<comp id="1482" class="1004" name="empty_63_fu_1482">
<pin_list>
<pin id="1483" dir="0" index="0" bw="15" slack="0"/>
<pin id="1484" dir="0" index="1" bw="8" slack="1"/>
<pin id="1485" dir="1" index="2" bw="15" slack="0"/>
</pin_list>
<bind>
<opcode="add(8) " fcode="add"/>
<opset="empty_63/3 "/>
</bind>
</comp>

<comp id="1487" class="1004" name="p_cast2_fu_1487">
<pin_list>
<pin id="1488" dir="0" index="0" bw="15" slack="0"/>
<pin id="1489" dir="1" index="1" bw="64" slack="0"/>
</pin_list>
<bind>
<opcode="zext(34) " fcode="zext"/>
<opset="p_cast2/3 "/>
</bind>
</comp>

<comp id="1507" class="1004" name="empty_65_fu_1507">
<pin_list>
<pin id="1508" dir="0" index="0" bw="15" slack="0"/>
<pin id="1509" dir="0" index="1" bw="8" slack="1"/>
<pin id="1510" dir="1" index="2" bw="15" slack="0"/>
</pin_list>
<bind>
<opcode="add(8) " fcode="add"/>
<opset="empty_65/3 "/>
</bind>
</comp>

<comp id="1512" class="1004" name="p_cast4_fu_1512">
<pin_list>
<pin id="1513" dir="0" index="0" bw="15" slack="0"/>
<pin id="1514" dir="1" index="1" bw="64" slack="0"/>
</pin_list>
<bind>
<opcode="zext(34) " fcode="zext"/>
<opset="p_cast4/3 "/>
</bind>
</comp>

<comp id="1532" class="1004" name="add_ln172_fu_1532">
<pin_list>
<pin id="1533" dir="0" index="0" bw="5" slack="1"/>
<pin id="1534" dir="0" index="1" bw="1" slack="0"/>
<pin id="1535" dir="1" index="2" bw="5" slack="0"/>
</pin_list>
<bind>
<opcode="add(8) " fcode="add"/>
<opset="add_ln172/3 "/>
</bind>
</comp>

<comp id="1537" class="1004" name="add_ln170_1_fu_1537">
<pin_list>
<pin id="1538" dir="0" index="0" bw="12" slack="1"/>
<pin id="1539" dir="0" index="1" bw="1" slack="0"/>
<pin id="1540" dir="1" index="2" bw="12" slack="0"/>
</pin_list>
<bind>
<opcode="add(8) " fcode="add"/>
<opset="add_ln170_1/3 "/>
</bind>
</comp>

<comp id="1542" class="1004" name="select_ln170_1_fu_1542">
<pin_list>
<pin id="1543" dir="0" index="0" bw="1" slack="1"/>
<pin id="1544" dir="0" index="1" bw="12" slack="0"/>
<pin id="1545" dir="0" index="2" bw="12" slack="0"/>
<pin id="1546" dir="1" index="3" bw="12" slack="0"/>
</pin_list>
<bind>
<opcode="select(49) " fcode="select"/>
<opset="select_ln170_1/3 "/>
</bind>
</comp>

<comp id="1549" class="1004" name="store_ln168_store_fu_1549">
<pin_list>
<pin id="1550" dir="0" index="0" bw="17" slack="1"/>
<pin id="1551" dir="0" index="1" bw="17" slack="2"/>
<pin id="1552" dir="1" index="2" bw="0" slack="2147483647"/>
</pin_list>
<bind>
<opcode="store(28) " fcode="store"/>
<opset="store_ln168/3 "/>
</bind>
</comp>

<comp id="1553" class="1004" name="store_ln168_store_fu_1553">
<pin_list>
<pin id="1554" dir="0" index="0" bw="6" slack="1"/>
<pin id="1555" dir="0" index="1" bw="6" slack="2"/>
<pin id="1556" dir="1" index="2" bw="0" slack="2147483647"/>
</pin_list>
<bind>
<opcode="store(28) " fcode="store"/>
<opset="store_ln168/3 "/>
</bind>
</comp>

<comp id="1557" class="1004" name="store_ln170_store_fu_1557">
<pin_list>
<pin id="1558" dir="0" index="0" bw="12" slack="0"/>
<pin id="1559" dir="0" index="1" bw="12" slack="2"/>
<pin id="1560" dir="1" index="2" bw="0" slack="2147483647"/>
</pin_list>
<bind>
<opcode="store(28) " fcode="store"/>
<opset="store_ln170/3 "/>
</bind>
</comp>

<comp id="1562" class="1004" name="store_ln170_store_fu_1562">
<pin_list>
<pin id="1563" dir="0" index="0" bw="7" slack="1"/>
<pin id="1564" dir="0" index="1" bw="7" slack="2"/>
<pin id="1565" dir="1" index="2" bw="0" slack="2147483647"/>
</pin_list>
<bind>
<opcode="store(28) " fcode="store"/>
<opset="store_ln170/3 "/>
</bind>
</comp>

<comp id="1566" class="1004" name="store_ln172_store_fu_1566">
<pin_list>
<pin id="1567" dir="0" index="0" bw="5" slack="0"/>
<pin id="1568" dir="0" index="1" bw="5" slack="2"/>
<pin id="1569" dir="1" index="2" bw="0" slack="2147483647"/>
</pin_list>
<bind>
<opcode="store(28) " fcode="store"/>
<opset="store_ln172/3 "/>
</bind>
</comp>

<comp id="1571" class="1004" name="select_ln170_cast_fu_1571">
<pin_list>
<pin id="1572" dir="0" index="0" bw="7" slack="3"/>
<pin id="1573" dir="1" index="1" bw="13" slack="0"/>
</pin_list>
<bind>
<opcode="zext(34) " fcode="zext"/>
<opset="select_ln170_cast/5 "/>
</bind>
</comp>

<comp id="1574" class="1004" name="bitcast_ln178_fu_1574">
<pin_list>
<pin id="1575" dir="0" index="0" bw="32" slack="2"/>
<pin id="1576" dir="1" index="1" bw="32" slack="0"/>
</pin_list>
<bind>
<opcode="bitcast(44) " fcode="bitcast"/>
<opset="bitcast_ln178/5 "/>
</bind>
</comp>

<comp id="1577" class="1004" name="tmp_5_fu_1577">
<pin_list>
<pin id="1578" dir="0" index="0" bw="8" slack="0"/>
<pin id="1579" dir="0" index="1" bw="32" slack="0"/>
<pin id="1580" dir="0" index="2" bw="6" slack="0"/>
<pin id="1581" dir="0" index="3" bw="6" slack="0"/>
<pin id="1582" dir="1" index="4" bw="8" slack="0"/>
</pin_list>
<bind>
<opcode="partselect(1002) " fcode="partselect"/>
<opset="tmp_5/5 "/>
</bind>
</comp>

<comp id="1587" class="1004" name="trunc_ln178_fu_1587">
<pin_list>
<pin id="1588" dir="0" index="0" bw="32" slack="0"/>
<pin id="1589" dir="1" index="1" bw="23" slack="0"/>
</pin_list>
<bind>
<opcode="trunc(33) " fcode="trunc"/>
<opset="trunc_ln178/5 "/>
</bind>
</comp>

<comp id="1591" class="1004" name="bitcast_ln178_1_fu_1591">
<pin_list>
<pin id="1592" dir="0" index="0" bw="32" slack="1"/>
<pin id="1593" dir="1" index="1" bw="32" slack="0"/>
</pin_list>
<bind>
<opcode="bitcast(44) " fcode="bitcast"/>
<opset="bitcast_ln178_1/5 "/>
</bind>
</comp>

<comp id="1594" class="1004" name="tmp_6_fu_1594">
<pin_list>
<pin id="1595" dir="0" index="0" bw="8" slack="0"/>
<pin id="1596" dir="0" index="1" bw="32" slack="0"/>
<pin id="1597" dir="0" index="2" bw="6" slack="0"/>
<pin id="1598" dir="0" index="3" bw="6" slack="0"/>
<pin id="1599" dir="1" index="4" bw="8" slack="0"/>
</pin_list>
<bind>
<opcode="partselect(1002) " fcode="partselect"/>
<opset="tmp_6/5 "/>
</bind>
</comp>

<comp id="1604" class="1004" name="trunc_ln178_1_fu_1604">
<pin_list>
<pin id="1605" dir="0" index="0" bw="32" slack="0"/>
<pin id="1606" dir="1" index="1" bw="23" slack="0"/>
</pin_list>
<bind>
<opcode="trunc(33) " fcode="trunc"/>
<opset="trunc_ln178_1/5 "/>
</bind>
</comp>

<comp id="1608" class="1004" name="icmp_ln178_fu_1608">
<pin_list>
<pin id="1609" dir="0" index="0" bw="8" slack="0"/>
<pin id="1610" dir="0" index="1" bw="8" slack="0"/>
<pin id="1611" dir="1" index="2" bw="1" slack="0"/>
</pin_list>
<bind>
<opcode="icmp(45) " fcode="icmp"/>
<opset="icmp_ln178/5 "/>
</bind>
</comp>

<comp id="1614" class="1004" name="icmp_ln178_1_fu_1614">
<pin_list>
<pin id="1615" dir="0" index="0" bw="23" slack="0"/>
<pin id="1616" dir="0" index="1" bw="23" slack="0"/>
<pin id="1617" dir="1" index="2" bw="1" slack="0"/>
</pin_list>
<bind>
<opcode="icmp(45) " fcode="icmp"/>
<opset="icmp_ln178_1/5 "/>
</bind>
</comp>

<comp id="1620" class="1004" name="or_ln178_fu_1620">
<pin_list>
<pin id="1621" dir="0" index="0" bw="1" slack="0"/>
<pin id="1622" dir="0" index="1" bw="1" slack="0"/>
<pin id="1623" dir="1" index="2" bw="1" slack="0"/>
</pin_list>
<bind>
<opcode="or(24) " fcode="or"/>
<opset="or_ln178/5 "/>
</bind>
</comp>

<comp id="1626" class="1004" name="icmp_ln178_2_fu_1626">
<pin_list>
<pin id="1627" dir="0" index="0" bw="8" slack="0"/>
<pin id="1628" dir="0" index="1" bw="8" slack="0"/>
<pin id="1629" dir="1" index="2" bw="1" slack="0"/>
</pin_list>
<bind>
<opcode="icmp(45) " fcode="icmp"/>
<opset="icmp_ln178_2/5 "/>
</bind>
</comp>

<comp id="1632" class="1004" name="icmp_ln178_3_fu_1632">
<pin_list>
<pin id="1633" dir="0" index="0" bw="23" slack="0"/>
<pin id="1634" dir="0" index="1" bw="23" slack="0"/>
<pin id="1635" dir="1" index="2" bw="1" slack="0"/>
</pin_list>
<bind>
<opcode="icmp(45) " fcode="icmp"/>
<opset="icmp_ln178_3/5 "/>
</bind>
</comp>

<comp id="1638" class="1004" name="or_ln178_1_fu_1638">
<pin_list>
<pin id="1639" dir="0" index="0" bw="1" slack="0"/>
<pin id="1640" dir="0" index="1" bw="1" slack="0"/>
<pin id="1641" dir="1" index="2" bw="1" slack="0"/>
</pin_list>
<bind>
<opcode="or(24) " fcode="or"/>
<opset="or_ln178_1/5 "/>
</bind>
</comp>

<comp id="1644" class="1004" name="and_ln178_fu_1644">
<pin_list>
<pin id="1645" dir="0" index="0" bw="1" slack="0"/>
<pin id="1646" dir="0" index="1" bw="1" slack="0"/>
<pin id="1647" dir="1" index="2" bw="1" slack="0"/>
</pin_list>
<bind>
<opcode="and(23) " fcode="and"/>
<opset="and_ln178/5 "/>
</bind>
</comp>

<comp id="1650" class="1004" name="and_ln178_1_fu_1650">
<pin_list>
<pin id="1651" dir="0" index="0" bw="1" slack="0"/>
<pin id="1652" dir="0" index="1" bw="1" slack="0"/>
<pin id="1653" dir="1" index="2" bw="1" slack="0"/>
</pin_list>
<bind>
<opcode="and(23) " fcode="and"/>
<opset="and_ln178_1/5 "/>
</bind>
</comp>

<comp id="1656" class="1004" name="mx_fu_1656">
<pin_list>
<pin id="1657" dir="0" index="0" bw="1" slack="0"/>
<pin id="1658" dir="0" index="1" bw="32" slack="2"/>
<pin id="1659" dir="0" index="2" bw="32" slack="1"/>
<pin id="1660" dir="1" index="3" bw="32" slack="0"/>
</pin_list>
<bind>
<opcode="select(49) " fcode="select"/>
<opset="mx/5 "/>
</bind>
</comp>

<comp id="1663" class="1004" name="bitcast_ln179_fu_1663">
<pin_list>
<pin id="1664" dir="0" index="0" bw="32" slack="2"/>
<pin id="1665" dir="1" index="1" bw="32" slack="0"/>
</pin_list>
<bind>
<opcode="bitcast(44) " fcode="bitcast"/>
<opset="bitcast_ln179/5 "/>
</bind>
</comp>

<comp id="1666" class="1004" name="tmp_8_fu_1666">
<pin_list>
<pin id="1667" dir="0" index="0" bw="8" slack="0"/>
<pin id="1668" dir="0" index="1" bw="32" slack="0"/>
<pin id="1669" dir="0" index="2" bw="6" slack="0"/>
<pin id="1670" dir="0" index="3" bw="6" slack="0"/>
<pin id="1671" dir="1" index="4" bw="8" slack="0"/>
</pin_list>
<bind>
<opcode="partselect(1002) " fcode="partselect"/>
<opset="tmp_8/5 "/>
</bind>
</comp>

<comp id="1676" class="1004" name="trunc_ln179_fu_1676">
<pin_list>
<pin id="1677" dir="0" index="0" bw="32" slack="0"/>
<pin id="1678" dir="1" index="1" bw="23" slack="0"/>
</pin_list>
<bind>
<opcode="trunc(33) " fcode="trunc"/>
<opset="trunc_ln179/5 "/>
</bind>
</comp>

<comp id="1680" class="1004" name="bitcast_ln179_1_fu_1680">
<pin_list>
<pin id="1681" dir="0" index="0" bw="32" slack="1"/>
<pin id="1682" dir="1" index="1" bw="32" slack="0"/>
</pin_list>
<bind>
<opcode="bitcast(44) " fcode="bitcast"/>
<opset="bitcast_ln179_1/5 "/>
</bind>
</comp>

<comp id="1683" class="1004" name="tmp_9_fu_1683">
<pin_list>
<pin id="1684" dir="0" index="0" bw="8" slack="0"/>
<pin id="1685" dir="0" index="1" bw="32" slack="0"/>
<pin id="1686" dir="0" index="2" bw="6" slack="0"/>
<pin id="1687" dir="0" index="3" bw="6" slack="0"/>
<pin id="1688" dir="1" index="4" bw="8" slack="0"/>
</pin_list>
<bind>
<opcode="partselect(1002) " fcode="partselect"/>
<opset="tmp_9/5 "/>
</bind>
</comp>

<comp id="1693" class="1004" name="trunc_ln179_1_fu_1693">
<pin_list>
<pin id="1694" dir="0" index="0" bw="32" slack="0"/>
<pin id="1695" dir="1" index="1" bw="23" slack="0"/>
</pin_list>
<bind>
<opcode="trunc(33) " fcode="trunc"/>
<opset="trunc_ln179_1/5 "/>
</bind>
</comp>

<comp id="1697" class="1004" name="icmp_ln179_fu_1697">
<pin_list>
<pin id="1698" dir="0" index="0" bw="8" slack="0"/>
<pin id="1699" dir="0" index="1" bw="8" slack="0"/>
<pin id="1700" dir="1" index="2" bw="1" slack="0"/>
</pin_list>
<bind>
<opcode="icmp(45) " fcode="icmp"/>
<opset="icmp_ln179/5 "/>
</bind>
</comp>

<comp id="1703" class="1004" name="icmp_ln179_1_fu_1703">
<pin_list>
<pin id="1704" dir="0" index="0" bw="23" slack="0"/>
<pin id="1705" dir="0" index="1" bw="23" slack="0"/>
<pin id="1706" dir="1" index="2" bw="1" slack="0"/>
</pin_list>
<bind>
<opcode="icmp(45) " fcode="icmp"/>
<opset="icmp_ln179_1/5 "/>
</bind>
</comp>

<comp id="1709" class="1004" name="or_ln179_fu_1709">
<pin_list>
<pin id="1710" dir="0" index="0" bw="1" slack="0"/>
<pin id="1711" dir="0" index="1" bw="1" slack="0"/>
<pin id="1712" dir="1" index="2" bw="1" slack="0"/>
</pin_list>
<bind>
<opcode="or(24) " fcode="or"/>
<opset="or_ln179/5 "/>
</bind>
</comp>

<comp id="1715" class="1004" name="icmp_ln179_2_fu_1715">
<pin_list>
<pin id="1716" dir="0" index="0" bw="8" slack="0"/>
<pin id="1717" dir="0" index="1" bw="8" slack="0"/>
<pin id="1718" dir="1" index="2" bw="1" slack="0"/>
</pin_list>
<bind>
<opcode="icmp(45) " fcode="icmp"/>
<opset="icmp_ln179_2/5 "/>
</bind>
</comp>

<comp id="1721" class="1004" name="icmp_ln179_3_fu_1721">
<pin_list>
<pin id="1722" dir="0" index="0" bw="23" slack="0"/>
<pin id="1723" dir="0" index="1" bw="23" slack="0"/>
<pin id="1724" dir="1" index="2" bw="1" slack="0"/>
</pin_list>
<bind>
<opcode="icmp(45) " fcode="icmp"/>
<opset="icmp_ln179_3/5 "/>
</bind>
</comp>

<comp id="1727" class="1004" name="or_ln179_1_fu_1727">
<pin_list>
<pin id="1728" dir="0" index="0" bw="1" slack="0"/>
<pin id="1729" dir="0" index="1" bw="1" slack="0"/>
<pin id="1730" dir="1" index="2" bw="1" slack="0"/>
</pin_list>
<bind>
<opcode="or(24) " fcode="or"/>
<opset="or_ln179_1/5 "/>
</bind>
</comp>

<comp id="1733" class="1004" name="and_ln179_fu_1733">
<pin_list>
<pin id="1734" dir="0" index="0" bw="1" slack="0"/>
<pin id="1735" dir="0" index="1" bw="1" slack="0"/>
<pin id="1736" dir="1" index="2" bw="1" slack="0"/>
</pin_list>
<bind>
<opcode="and(23) " fcode="and"/>
<opset="and_ln179/5 "/>
</bind>
</comp>

<comp id="1739" class="1004" name="and_ln179_1_fu_1739">
<pin_list>
<pin id="1740" dir="0" index="0" bw="1" slack="0"/>
<pin id="1741" dir="0" index="1" bw="1" slack="0"/>
<pin id="1742" dir="1" index="2" bw="1" slack="0"/>
</pin_list>
<bind>
<opcode="and(23) " fcode="and"/>
<opset="and_ln179_1/5 "/>
</bind>
</comp>

<comp id="1745" class="1004" name="my_fu_1745">
<pin_list>
<pin id="1746" dir="0" index="0" bw="1" slack="0"/>
<pin id="1747" dir="0" index="1" bw="32" slack="2"/>
<pin id="1748" dir="0" index="2" bw="32" slack="1"/>
<pin id="1749" dir="1" index="3" bw="32" slack="0"/>
</pin_list>
<bind>
<opcode="select(49) " fcode="select"/>
<opset="my/5 "/>
</bind>
</comp>

<comp id="1752" class="1004" name="p_cast_fu_1752">
<pin_list>
<pin id="1753" dir="0" index="0" bw="13" slack="0"/>
<pin id="1754" dir="1" index="1" bw="64" slack="0"/>
</pin_list>
<bind>
<opcode="zext(34) " fcode="zext"/>
<opset="p_cast/6 "/>
</bind>
</comp>

<comp id="1771" class="1004" name="bitcast_ln180_fu_1771">
<pin_list>
<pin id="1772" dir="0" index="0" bw="32" slack="1"/>
<pin id="1773" dir="1" index="1" bw="32" slack="0"/>
</pin_list>
<bind>
<opcode="bitcast(44) " fcode="bitcast"/>
<opset="bitcast_ln180/6 "/>
</bind>
</comp>

<comp id="1774" class="1004" name="tmp_11_fu_1774">
<pin_list>
<pin id="1775" dir="0" index="0" bw="8" slack="0"/>
<pin id="1776" dir="0" index="1" bw="32" slack="0"/>
<pin id="1777" dir="0" index="2" bw="6" slack="0"/>
<pin id="1778" dir="0" index="3" bw="6" slack="0"/>
<pin id="1779" dir="1" index="4" bw="8" slack="0"/>
</pin_list>
<bind>
<opcode="partselect(1002) " fcode="partselect"/>
<opset="tmp_11/6 "/>
</bind>
</comp>

<comp id="1784" class="1004" name="trunc_ln180_fu_1784">
<pin_list>
<pin id="1785" dir="0" index="0" bw="32" slack="0"/>
<pin id="1786" dir="1" index="1" bw="23" slack="0"/>
</pin_list>
<bind>
<opcode="trunc(33) " fcode="trunc"/>
<opset="trunc_ln180/6 "/>
</bind>
</comp>

<comp id="1788" class="1004" name="bitcast_ln180_1_fu_1788">
<pin_list>
<pin id="1789" dir="0" index="0" bw="32" slack="1"/>
<pin id="1790" dir="1" index="1" bw="32" slack="0"/>
</pin_list>
<bind>
<opcode="bitcast(44) " fcode="bitcast"/>
<opset="bitcast_ln180_1/6 "/>
</bind>
</comp>

<comp id="1791" class="1004" name="tmp_12_fu_1791">
<pin_list>
<pin id="1792" dir="0" index="0" bw="8" slack="0"/>
<pin id="1793" dir="0" index="1" bw="32" slack="0"/>
<pin id="1794" dir="0" index="2" bw="6" slack="0"/>
<pin id="1795" dir="0" index="3" bw="6" slack="0"/>
<pin id="1796" dir="1" index="4" bw="8" slack="0"/>
</pin_list>
<bind>
<opcode="partselect(1002) " fcode="partselect"/>
<opset="tmp_12/6 "/>
</bind>
</comp>

<comp id="1801" class="1004" name="trunc_ln180_1_fu_1801">
<pin_list>
<pin id="1802" dir="0" index="0" bw="32" slack="0"/>
<pin id="1803" dir="1" index="1" bw="23" slack="0"/>
</pin_list>
<bind>
<opcode="trunc(33) " fcode="trunc"/>
<opset="trunc_ln180_1/6 "/>
</bind>
</comp>

<comp id="1805" class="1004" name="icmp_ln180_1_fu_1805">
<pin_list>
<pin id="1806" dir="0" index="0" bw="8" slack="0"/>
<pin id="1807" dir="0" index="1" bw="8" slack="0"/>
<pin id="1808" dir="1" index="2" bw="1" slack="0"/>
</pin_list>
<bind>
<opcode="icmp(45) " fcode="icmp"/>
<opset="icmp_ln180_1/6 "/>
</bind>
</comp>

<comp id="1811" class="1004" name="icmp_ln180_2_fu_1811">
<pin_list>
<pin id="1812" dir="0" index="0" bw="23" slack="0"/>
<pin id="1813" dir="0" index="1" bw="23" slack="0"/>
<pin id="1814" dir="1" index="2" bw="1" slack="0"/>
</pin_list>
<bind>
<opcode="icmp(45) " fcode="icmp"/>
<opset="icmp_ln180_2/6 "/>
</bind>
</comp>

<comp id="1817" class="1004" name="or_ln180_fu_1817">
<pin_list>
<pin id="1818" dir="0" index="0" bw="1" slack="0"/>
<pin id="1819" dir="0" index="1" bw="1" slack="0"/>
<pin id="1820" dir="1" index="2" bw="1" slack="0"/>
</pin_list>
<bind>
<opcode="or(24) " fcode="or"/>
<opset="or_ln180/6 "/>
</bind>
</comp>

<comp id="1823" class="1004" name="icmp_ln180_3_fu_1823">
<pin_list>
<pin id="1824" dir="0" index="0" bw="8" slack="0"/>
<pin id="1825" dir="0" index="1" bw="8" slack="0"/>
<pin id="1826" dir="1" index="2" bw="1" slack="0"/>
</pin_list>
<bind>
<opcode="icmp(45) " fcode="icmp"/>
<opset="icmp_ln180_3/6 "/>
</bind>
</comp>

<comp id="1829" class="1004" name="icmp_ln180_4_fu_1829">
<pin_list>
<pin id="1830" dir="0" index="0" bw="23" slack="0"/>
<pin id="1831" dir="0" index="1" bw="23" slack="0"/>
<pin id="1832" dir="1" index="2" bw="1" slack="0"/>
</pin_list>
<bind>
<opcode="icmp(45) " fcode="icmp"/>
<opset="icmp_ln180_4/6 "/>
</bind>
</comp>

<comp id="1835" class="1004" name="or_ln180_1_fu_1835">
<pin_list>
<pin id="1836" dir="0" index="0" bw="1" slack="0"/>
<pin id="1837" dir="0" index="1" bw="1" slack="0"/>
<pin id="1838" dir="1" index="2" bw="1" slack="0"/>
</pin_list>
<bind>
<opcode="or(24) " fcode="or"/>
<opset="or_ln180_1/6 "/>
</bind>
</comp>

<comp id="1841" class="1004" name="and_ln180_fu_1841">
<pin_list>
<pin id="1842" dir="0" index="0" bw="1" slack="0"/>
<pin id="1843" dir="0" index="1" bw="1" slack="0"/>
<pin id="1844" dir="1" index="2" bw="1" slack="0"/>
</pin_list>
<bind>
<opcode="and(23) " fcode="and"/>
<opset="and_ln180/6 "/>
</bind>
</comp>

<comp id="1847" class="1004" name="and_ln180_1_fu_1847">
<pin_list>
<pin id="1848" dir="0" index="0" bw="1" slack="0"/>
<pin id="1849" dir="0" index="1" bw="1" slack="0"/>
<pin id="1850" dir="1" index="2" bw="1" slack="0"/>
</pin_list>
<bind>
<opcode="and(23) " fcode="and"/>
<opset="and_ln180_1/6 "/>
</bind>
</comp>

<comp id="1853" class="1004" name="select_ln180_fu_1853">
<pin_list>
<pin id="1854" dir="0" index="0" bw="1" slack="0"/>
<pin id="1855" dir="0" index="1" bw="32" slack="1"/>
<pin id="1856" dir="0" index="2" bw="32" slack="1"/>
<pin id="1857" dir="1" index="3" bw="32" slack="0"/>
</pin_list>
<bind>
<opcode="select(49) " fcode="select"/>
<opset="select_ln180/6 "/>
</bind>
</comp>

<comp id="1875" class="1007" name="grp_fu_1875">
<pin_list>
<pin id="1876" dir="0" index="0" bw="7" slack="0"/>
<pin id="1877" dir="0" index="1" bw="6" slack="0"/>
<pin id="1878" dir="0" index="2" bw="7" slack="0"/>
<pin id="1879" dir="1" index="3" bw="13" slack="0"/>
</pin_list>
<bind>
<opcode="muladd(1172) " fcode="muladd"/>
<opset="empty_58/3 empty_61/5 "/>
</bind>
</comp>

<comp id="1884" class="1005" name="m_reg_1884">
<pin_list>
<pin id="1885" dir="0" index="0" bw="5" slack="0"/>
<pin id="1886" dir="1" index="1" bw="5" slack="0"/>
</pin_list>
<bind>
<opset="m "/>
</bind>
</comp>

<comp id="1891" class="1005" name="j_reg_1891">
<pin_list>
<pin id="1892" dir="0" index="0" bw="7" slack="0"/>
<pin id="1893" dir="1" index="1" bw="7" slack="0"/>
</pin_list>
<bind>
<opset="j "/>
</bind>
</comp>

<comp id="1898" class="1005" name="indvar_flatten97_reg_1898">
<pin_list>
<pin id="1899" dir="0" index="0" bw="12" slack="0"/>
<pin id="1900" dir="1" index="1" bw="12" slack="0"/>
</pin_list>
<bind>
<opset="indvar_flatten97 "/>
</bind>
</comp>

<comp id="1905" class="1005" name="i_reg_1905">
<pin_list>
<pin id="1906" dir="0" index="0" bw="6" slack="0"/>
<pin id="1907" dir="1" index="1" bw="6" slack="0"/>
</pin_list>
<bind>
<opset="i "/>
</bind>
</comp>

<comp id="1912" class="1005" name="indvar_flatten110_reg_1912">
<pin_list>
<pin id="1913" dir="0" index="0" bw="17" slack="0"/>
<pin id="1914" dir="1" index="1" bw="17" slack="0"/>
</pin_list>
<bind>
<opset="indvar_flatten110 "/>
</bind>
</comp>

<comp id="1919" class="1005" name="indvar_flatten97_load_reg_1919">
<pin_list>
<pin id="1920" dir="0" index="0" bw="12" slack="1"/>
<pin id="1921" dir="1" index="1" bw="12" slack="1"/>
</pin_list>
<bind>
<opset="indvar_flatten97_load "/>
</bind>
</comp>

<comp id="1924" class="1005" name="icmp_ln168_reg_1924">
<pin_list>
<pin id="1925" dir="0" index="0" bw="1" slack="1"/>
<pin id="1926" dir="1" index="1" bw="1" slack="2147483647"/>
</pin_list>
<bind>
<opset="icmp_ln168 "/>
</bind>
</comp>

<comp id="1928" class="1005" name="add_ln168_1_reg_1928">
<pin_list>
<pin id="1929" dir="0" index="0" bw="17" slack="1"/>
<pin id="1930" dir="1" index="1" bw="17" slack="1"/>
</pin_list>
<bind>
<opset="add_ln168_1 "/>
</bind>
</comp>

<comp id="1933" class="1005" name="icmp_ln170_reg_1933">
<pin_list>
<pin id="1934" dir="0" index="0" bw="1" slack="1"/>
<pin id="1935" dir="1" index="1" bw="1" slack="1"/>
</pin_list>
<bind>
<opset="icmp_ln170 "/>
</bind>
</comp>

<comp id="1938" class="1005" name="select_ln168_1_reg_1938">
<pin_list>
<pin id="1939" dir="0" index="0" bw="6" slack="1"/>
<pin id="1940" dir="1" index="1" bw="6" slack="1"/>
</pin_list>
<bind>
<opset="select_ln168_1 "/>
</bind>
</comp>

<comp id="1945" class="1005" name="m_3_mid2_reg_1945">
<pin_list>
<pin id="1946" dir="0" index="0" bw="5" slack="1"/>
<pin id="1947" dir="1" index="1" bw="5" slack="1"/>
</pin_list>
<bind>
<opset="m_3_mid2 "/>
</bind>
</comp>

<comp id="1950" class="1005" name="select_ln170_reg_1950">
<pin_list>
<pin id="1951" dir="0" index="0" bw="7" slack="1"/>
<pin id="1952" dir="1" index="1" bw="7" slack="1"/>
</pin_list>
<bind>
<opset="select_ln170 "/>
</bind>
</comp>

<comp id="1956" class="1005" name="tmp_39_cast_reg_1956">
<pin_list>
<pin id="1957" dir="0" index="0" bw="15" slack="1"/>
<pin id="1958" dir="1" index="1" bw="15" slack="1"/>
</pin_list>
<bind>
<opset="tmp_39_cast "/>
</bind>
</comp>

<comp id="1961" class="1005" name="p_ZZ9cnn_accelE5feat2_10_addr_reg_1961">
<pin_list>
<pin id="1962" dir="0" index="0" bw="15" slack="1"/>
<pin id="1963" dir="1" index="1" bw="15" slack="1"/>
</pin_list>
<bind>
<opset="p_ZZ9cnn_accelE5feat2_10_addr "/>
</bind>
</comp>

<comp id="1966" class="1005" name="p_ZZ9cnn_accelE5feat2_11_addr_reg_1966">
<pin_list>
<pin id="1967" dir="0" index="0" bw="15" slack="1"/>
<pin id="1968" dir="1" index="1" bw="15" slack="1"/>
</pin_list>
<bind>
<opset="p_ZZ9cnn_accelE5feat2_11_addr "/>
</bind>
</comp>

<comp id="1971" class="1005" name="p_ZZ9cnn_accelE5feat2_12_addr_reg_1971">
<pin_list>
<pin id="1972" dir="0" index="0" bw="15" slack="1"/>
<pin id="1973" dir="1" index="1" bw="15" slack="1"/>
</pin_list>
<bind>
<opset="p_ZZ9cnn_accelE5feat2_12_addr "/>
</bind>
</comp>

<comp id="1976" class="1005" name="p_ZZ9cnn_accelE5feat2_13_addr_reg_1976">
<pin_list>
<pin id="1977" dir="0" index="0" bw="15" slack="1"/>
<pin id="1978" dir="1" index="1" bw="15" slack="1"/>
</pin_list>
<bind>
<opset="p_ZZ9cnn_accelE5feat2_13_addr "/>
</bind>
</comp>

<comp id="1981" class="1005" name="p_ZZ9cnn_accelE5feat2_14_addr_reg_1981">
<pin_list>
<pin id="1982" dir="0" index="0" bw="15" slack="1"/>
<pin id="1983" dir="1" index="1" bw="15" slack="1"/>
</pin_list>
<bind>
<opset="p_ZZ9cnn_accelE5feat2_14_addr "/>
</bind>
</comp>

<comp id="1986" class="1005" name="cnn_accel_feat2_reg_1986">
<pin_list>
<pin id="1987" dir="0" index="0" bw="15" slack="1"/>
<pin id="1988" dir="1" index="1" bw="15" slack="1"/>
</pin_list>
<bind>
<opset="cnn_accel_feat2 "/>
</bind>
</comp>

<comp id="1991" class="1005" name="feat2_addr_reg_1991">
<pin_list>
<pin id="1992" dir="0" index="0" bw="15" slack="1"/>
<pin id="1993" dir="1" index="1" bw="15" slack="1"/>
</pin_list>
<bind>
<opset="feat2_addr "/>
</bind>
</comp>

<comp id="1996" class="1005" name="feat2_17_addr_reg_1996">
<pin_list>
<pin id="1997" dir="0" index="0" bw="15" slack="1"/>
<pin id="1998" dir="1" index="1" bw="15" slack="1"/>
</pin_list>
<bind>
<opset="feat2_17_addr "/>
</bind>
</comp>

<comp id="2001" class="1005" name="feat2_18_addr_reg_2001">
<pin_list>
<pin id="2002" dir="0" index="0" bw="15" slack="1"/>
<pin id="2003" dir="1" index="1" bw="15" slack="1"/>
</pin_list>
<bind>
<opset="feat2_18_addr "/>
</bind>
</comp>

<comp id="2006" class="1005" name="feat2_19_addr_reg_2006">
<pin_list>
<pin id="2007" dir="0" index="0" bw="15" slack="1"/>
<pin id="2008" dir="1" index="1" bw="15" slack="1"/>
</pin_list>
<bind>
<opset="feat2_19_addr "/>
</bind>
</comp>

<comp id="2011" class="1005" name="feat2_20_addr_reg_2011">
<pin_list>
<pin id="2012" dir="0" index="0" bw="15" slack="1"/>
<pin id="2013" dir="1" index="1" bw="15" slack="1"/>
</pin_list>
<bind>
<opset="feat2_20_addr "/>
</bind>
</comp>

<comp id="2016" class="1005" name="feat2_21_addr_reg_2016">
<pin_list>
<pin id="2017" dir="0" index="0" bw="15" slack="1"/>
<pin id="2018" dir="1" index="1" bw="15" slack="1"/>
</pin_list>
<bind>
<opset="feat2_21_addr "/>
</bind>
</comp>

<comp id="2021" class="1005" name="feat2_22_addr_reg_2021">
<pin_list>
<pin id="2022" dir="0" index="0" bw="15" slack="1"/>
<pin id="2023" dir="1" index="1" bw="15" slack="1"/>
</pin_list>
<bind>
<opset="feat2_22_addr "/>
</bind>
</comp>

<comp id="2026" class="1005" name="feat2_23_addr_reg_2026">
<pin_list>
<pin id="2027" dir="0" index="0" bw="15" slack="1"/>
<pin id="2028" dir="1" index="1" bw="15" slack="1"/>
</pin_list>
<bind>
<opset="feat2_23_addr "/>
</bind>
</comp>

<comp id="2031" class="1005" name="feat2_24_addr_reg_2031">
<pin_list>
<pin id="2032" dir="0" index="0" bw="15" slack="1"/>
<pin id="2033" dir="1" index="1" bw="15" slack="1"/>
</pin_list>
<bind>
<opset="feat2_24_addr "/>
</bind>
</comp>

<comp id="2036" class="1005" name="feat2_25_addr_reg_2036">
<pin_list>
<pin id="2037" dir="0" index="0" bw="15" slack="1"/>
<pin id="2038" dir="1" index="1" bw="15" slack="1"/>
</pin_list>
<bind>
<opset="feat2_25_addr "/>
</bind>
</comp>

<comp id="2041" class="1005" name="tmp_40_cast_reg_2041">
<pin_list>
<pin id="2042" dir="0" index="0" bw="15" slack="1"/>
<pin id="2043" dir="1" index="1" bw="15" slack="1"/>
</pin_list>
<bind>
<opset="tmp_40_cast "/>
</bind>
</comp>

<comp id="2046" class="1005" name="p_ZZ9cnn_accelE5feat2_10_addr_2_reg_2046">
<pin_list>
<pin id="2047" dir="0" index="0" bw="15" slack="1"/>
<pin id="2048" dir="1" index="1" bw="15" slack="1"/>
</pin_list>
<bind>
<opset="p_ZZ9cnn_accelE5feat2_10_addr_2 "/>
</bind>
</comp>

<comp id="2051" class="1005" name="p_ZZ9cnn_accelE5feat2_11_addr_2_reg_2051">
<pin_list>
<pin id="2052" dir="0" index="0" bw="15" slack="1"/>
<pin id="2053" dir="1" index="1" bw="15" slack="1"/>
</pin_list>
<bind>
<opset="p_ZZ9cnn_accelE5feat2_11_addr_2 "/>
</bind>
</comp>

<comp id="2056" class="1005" name="p_ZZ9cnn_accelE5feat2_12_addr_2_reg_2056">
<pin_list>
<pin id="2057" dir="0" index="0" bw="15" slack="1"/>
<pin id="2058" dir="1" index="1" bw="15" slack="1"/>
</pin_list>
<bind>
<opset="p_ZZ9cnn_accelE5feat2_12_addr_2 "/>
</bind>
</comp>

<comp id="2061" class="1005" name="p_ZZ9cnn_accelE5feat2_13_addr_2_reg_2061">
<pin_list>
<pin id="2062" dir="0" index="0" bw="15" slack="1"/>
<pin id="2063" dir="1" index="1" bw="15" slack="1"/>
</pin_list>
<bind>
<opset="p_ZZ9cnn_accelE5feat2_13_addr_2 "/>
</bind>
</comp>

<comp id="2066" class="1005" name="p_ZZ9cnn_accelE5feat2_14_addr_2_reg_2066">
<pin_list>
<pin id="2067" dir="0" index="0" bw="15" slack="1"/>
<pin id="2068" dir="1" index="1" bw="15" slack="1"/>
</pin_list>
<bind>
<opset="p_ZZ9cnn_accelE5feat2_14_addr_2 "/>
</bind>
</comp>

<comp id="2071" class="1005" name="cnn_accel_feat2_addr_2_s_reg_2071">
<pin_list>
<pin id="2072" dir="0" index="0" bw="15" slack="1"/>
<pin id="2073" dir="1" index="1" bw="15" slack="1"/>
</pin_list>
<bind>
<opset="cnn_accel_feat2_addr_2_s "/>
</bind>
</comp>

<comp id="2076" class="1005" name="feat2_addr_2_reg_2076">
<pin_list>
<pin id="2077" dir="0" index="0" bw="15" slack="1"/>
<pin id="2078" dir="1" index="1" bw="15" slack="1"/>
</pin_list>
<bind>
<opset="feat2_addr_2 "/>
</bind>
</comp>

<comp id="2081" class="1005" name="feat2_17_addr_2_reg_2081">
<pin_list>
<pin id="2082" dir="0" index="0" bw="15" slack="1"/>
<pin id="2083" dir="1" index="1" bw="15" slack="1"/>
</pin_list>
<bind>
<opset="feat2_17_addr_2 "/>
</bind>
</comp>

<comp id="2086" class="1005" name="feat2_18_addr_2_reg_2086">
<pin_list>
<pin id="2087" dir="0" index="0" bw="15" slack="1"/>
<pin id="2088" dir="1" index="1" bw="15" slack="1"/>
</pin_list>
<bind>
<opset="feat2_18_addr_2 "/>
</bind>
</comp>

<comp id="2091" class="1005" name="feat2_19_addr_2_reg_2091">
<pin_list>
<pin id="2092" dir="0" index="0" bw="15" slack="1"/>
<pin id="2093" dir="1" index="1" bw="15" slack="1"/>
</pin_list>
<bind>
<opset="feat2_19_addr_2 "/>
</bind>
</comp>

<comp id="2096" class="1005" name="feat2_20_addr_2_reg_2096">
<pin_list>
<pin id="2097" dir="0" index="0" bw="15" slack="1"/>
<pin id="2098" dir="1" index="1" bw="15" slack="1"/>
</pin_list>
<bind>
<opset="feat2_20_addr_2 "/>
</bind>
</comp>

<comp id="2101" class="1005" name="feat2_21_addr_2_reg_2101">
<pin_list>
<pin id="2102" dir="0" index="0" bw="15" slack="1"/>
<pin id="2103" dir="1" index="1" bw="15" slack="1"/>
</pin_list>
<bind>
<opset="feat2_21_addr_2 "/>
</bind>
</comp>

<comp id="2106" class="1005" name="feat2_22_addr_2_reg_2106">
<pin_list>
<pin id="2107" dir="0" index="0" bw="15" slack="1"/>
<pin id="2108" dir="1" index="1" bw="15" slack="1"/>
</pin_list>
<bind>
<opset="feat2_22_addr_2 "/>
</bind>
</comp>

<comp id="2111" class="1005" name="feat2_23_addr_2_reg_2111">
<pin_list>
<pin id="2112" dir="0" index="0" bw="15" slack="1"/>
<pin id="2113" dir="1" index="1" bw="15" slack="1"/>
</pin_list>
<bind>
<opset="feat2_23_addr_2 "/>
</bind>
</comp>

<comp id="2116" class="1005" name="feat2_24_addr_2_reg_2116">
<pin_list>
<pin id="2117" dir="0" index="0" bw="15" slack="1"/>
<pin id="2118" dir="1" index="1" bw="15" slack="1"/>
</pin_list>
<bind>
<opset="feat2_24_addr_2 "/>
</bind>
</comp>

<comp id="2121" class="1005" name="feat2_25_addr_2_reg_2121">
<pin_list>
<pin id="2122" dir="0" index="0" bw="15" slack="1"/>
<pin id="2123" dir="1" index="1" bw="15" slack="1"/>
</pin_list>
<bind>
<opset="feat2_25_addr_2 "/>
</bind>
</comp>

<comp id="2126" class="1005" name="trunc_ln172_reg_2126">
<pin_list>
<pin id="2127" dir="0" index="0" bw="4" slack="1"/>
<pin id="2128" dir="1" index="1" bw="4" slack="1"/>
</pin_list>
<bind>
<opset="trunc_ln172 "/>
</bind>
</comp>

<comp id="2132" class="1005" name="select_ln168_1_cast_reg_2132">
<pin_list>
<pin id="2133" dir="0" index="0" bw="13" slack="1"/>
<pin id="2134" dir="1" index="1" bw="13" slack="1"/>
</pin_list>
<bind>
<opset="select_ln168_1_cast "/>
</bind>
</comp>

<comp id="2137" class="1005" name="p_ZZ9cnn_accelE5feat2_10_addr_1_reg_2137">
<pin_list>
<pin id="2138" dir="0" index="0" bw="15" slack="1"/>
<pin id="2139" dir="1" index="1" bw="15" slack="1"/>
</pin_list>
<bind>
<opset="p_ZZ9cnn_accelE5feat2_10_addr_1 "/>
</bind>
</comp>

<comp id="2142" class="1005" name="p_ZZ9cnn_accelE5feat2_11_addr_1_reg_2142">
<pin_list>
<pin id="2143" dir="0" index="0" bw="15" slack="1"/>
<pin id="2144" dir="1" index="1" bw="15" slack="1"/>
</pin_list>
<bind>
<opset="p_ZZ9cnn_accelE5feat2_11_addr_1 "/>
</bind>
</comp>

<comp id="2147" class="1005" name="p_ZZ9cnn_accelE5feat2_12_addr_1_reg_2147">
<pin_list>
<pin id="2148" dir="0" index="0" bw="15" slack="1"/>
<pin id="2149" dir="1" index="1" bw="15" slack="1"/>
</pin_list>
<bind>
<opset="p_ZZ9cnn_accelE5feat2_12_addr_1 "/>
</bind>
</comp>

<comp id="2152" class="1005" name="p_ZZ9cnn_accelE5feat2_13_addr_1_reg_2152">
<pin_list>
<pin id="2153" dir="0" index="0" bw="15" slack="1"/>
<pin id="2154" dir="1" index="1" bw="15" slack="1"/>
</pin_list>
<bind>
<opset="p_ZZ9cnn_accelE5feat2_13_addr_1 "/>
</bind>
</comp>

<comp id="2157" class="1005" name="p_ZZ9cnn_accelE5feat2_14_addr_1_reg_2157">
<pin_list>
<pin id="2158" dir="0" index="0" bw="15" slack="1"/>
<pin id="2159" dir="1" index="1" bw="15" slack="1"/>
</pin_list>
<bind>
<opset="p_ZZ9cnn_accelE5feat2_14_addr_1 "/>
</bind>
</comp>

<comp id="2162" class="1005" name="cnn_accel_feat2_addr_1_s_reg_2162">
<pin_list>
<pin id="2163" dir="0" index="0" bw="15" slack="1"/>
<pin id="2164" dir="1" index="1" bw="15" slack="1"/>
</pin_list>
<bind>
<opset="cnn_accel_feat2_addr_1_s "/>
</bind>
</comp>

<comp id="2167" class="1005" name="feat2_addr_1_reg_2167">
<pin_list>
<pin id="2168" dir="0" index="0" bw="15" slack="1"/>
<pin id="2169" dir="1" index="1" bw="15" slack="1"/>
</pin_list>
<bind>
<opset="feat2_addr_1 "/>
</bind>
</comp>

<comp id="2172" class="1005" name="feat2_17_addr_1_reg_2172">
<pin_list>
<pin id="2173" dir="0" index="0" bw="15" slack="1"/>
<pin id="2174" dir="1" index="1" bw="15" slack="1"/>
</pin_list>
<bind>
<opset="feat2_17_addr_1 "/>
</bind>
</comp>

<comp id="2177" class="1005" name="feat2_18_addr_1_reg_2177">
<pin_list>
<pin id="2178" dir="0" index="0" bw="15" slack="1"/>
<pin id="2179" dir="1" index="1" bw="15" slack="1"/>
</pin_list>
<bind>
<opset="feat2_18_addr_1 "/>
</bind>
</comp>

<comp id="2182" class="1005" name="feat2_19_addr_1_reg_2182">
<pin_list>
<pin id="2183" dir="0" index="0" bw="15" slack="1"/>
<pin id="2184" dir="1" index="1" bw="15" slack="1"/>
</pin_list>
<bind>
<opset="feat2_19_addr_1 "/>
</bind>
</comp>

<comp id="2187" class="1005" name="feat2_20_addr_1_reg_2187">
<pin_list>
<pin id="2188" dir="0" index="0" bw="15" slack="1"/>
<pin id="2189" dir="1" index="1" bw="15" slack="1"/>
</pin_list>
<bind>
<opset="feat2_20_addr_1 "/>
</bind>
</comp>

<comp id="2192" class="1005" name="feat2_21_addr_1_reg_2192">
<pin_list>
<pin id="2193" dir="0" index="0" bw="15" slack="1"/>
<pin id="2194" dir="1" index="1" bw="15" slack="1"/>
</pin_list>
<bind>
<opset="feat2_21_addr_1 "/>
</bind>
</comp>

<comp id="2197" class="1005" name="feat2_22_addr_1_reg_2197">
<pin_list>
<pin id="2198" dir="0" index="0" bw="15" slack="1"/>
<pin id="2199" dir="1" index="1" bw="15" slack="1"/>
</pin_list>
<bind>
<opset="feat2_22_addr_1 "/>
</bind>
</comp>

<comp id="2202" class="1005" name="feat2_23_addr_1_reg_2202">
<pin_list>
<pin id="2203" dir="0" index="0" bw="15" slack="1"/>
<pin id="2204" dir="1" index="1" bw="15" slack="1"/>
</pin_list>
<bind>
<opset="feat2_23_addr_1 "/>
</bind>
</comp>

<comp id="2207" class="1005" name="feat2_24_addr_1_reg_2207">
<pin_list>
<pin id="2208" dir="0" index="0" bw="15" slack="1"/>
<pin id="2209" dir="1" index="1" bw="15" slack="1"/>
</pin_list>
<bind>
<opset="feat2_24_addr_1 "/>
</bind>
</comp>

<comp id="2212" class="1005" name="feat2_25_addr_1_reg_2212">
<pin_list>
<pin id="2213" dir="0" index="0" bw="15" slack="1"/>
<pin id="2214" dir="1" index="1" bw="15" slack="1"/>
</pin_list>
<bind>
<opset="feat2_25_addr_1 "/>
</bind>
</comp>

<comp id="2217" class="1005" name="p_ZZ9cnn_accelE5feat2_10_addr_3_reg_2217">
<pin_list>
<pin id="2218" dir="0" index="0" bw="15" slack="1"/>
<pin id="2219" dir="1" index="1" bw="15" slack="1"/>
</pin_list>
<bind>
<opset="p_ZZ9cnn_accelE5feat2_10_addr_3 "/>
</bind>
</comp>

<comp id="2222" class="1005" name="p_ZZ9cnn_accelE5feat2_11_addr_3_reg_2222">
<pin_list>
<pin id="2223" dir="0" index="0" bw="15" slack="1"/>
<pin id="2224" dir="1" index="1" bw="15" slack="1"/>
</pin_list>
<bind>
<opset="p_ZZ9cnn_accelE5feat2_11_addr_3 "/>
</bind>
</comp>

<comp id="2227" class="1005" name="p_ZZ9cnn_accelE5feat2_12_addr_3_reg_2227">
<pin_list>
<pin id="2228" dir="0" index="0" bw="15" slack="1"/>
<pin id="2229" dir="1" index="1" bw="15" slack="1"/>
</pin_list>
<bind>
<opset="p_ZZ9cnn_accelE5feat2_12_addr_3 "/>
</bind>
</comp>

<comp id="2232" class="1005" name="p_ZZ9cnn_accelE5feat2_13_addr_3_reg_2232">
<pin_list>
<pin id="2233" dir="0" index="0" bw="15" slack="1"/>
<pin id="2234" dir="1" index="1" bw="15" slack="1"/>
</pin_list>
<bind>
<opset="p_ZZ9cnn_accelE5feat2_13_addr_3 "/>
</bind>
</comp>

<comp id="2237" class="1005" name="p_ZZ9cnn_accelE5feat2_14_addr_3_reg_2237">
<pin_list>
<pin id="2238" dir="0" index="0" bw="15" slack="1"/>
<pin id="2239" dir="1" index="1" bw="15" slack="1"/>
</pin_list>
<bind>
<opset="p_ZZ9cnn_accelE5feat2_14_addr_3 "/>
</bind>
</comp>

<comp id="2242" class="1005" name="cnn_accel_feat2_addr_3_s_reg_2242">
<pin_list>
<pin id="2243" dir="0" index="0" bw="15" slack="1"/>
<pin id="2244" dir="1" index="1" bw="15" slack="1"/>
</pin_list>
<bind>
<opset="cnn_accel_feat2_addr_3_s "/>
</bind>
</comp>

<comp id="2247" class="1005" name="feat2_addr_3_reg_2247">
<pin_list>
<pin id="2248" dir="0" index="0" bw="15" slack="1"/>
<pin id="2249" dir="1" index="1" bw="15" slack="1"/>
</pin_list>
<bind>
<opset="feat2_addr_3 "/>
</bind>
</comp>

<comp id="2252" class="1005" name="feat2_17_addr_3_reg_2252">
<pin_list>
<pin id="2253" dir="0" index="0" bw="15" slack="1"/>
<pin id="2254" dir="1" index="1" bw="15" slack="1"/>
</pin_list>
<bind>
<opset="feat2_17_addr_3 "/>
</bind>
</comp>

<comp id="2257" class="1005" name="feat2_18_addr_3_reg_2257">
<pin_list>
<pin id="2258" dir="0" index="0" bw="15" slack="1"/>
<pin id="2259" dir="1" index="1" bw="15" slack="1"/>
</pin_list>
<bind>
<opset="feat2_18_addr_3 "/>
</bind>
</comp>

<comp id="2262" class="1005" name="feat2_19_addr_3_reg_2262">
<pin_list>
<pin id="2263" dir="0" index="0" bw="15" slack="1"/>
<pin id="2264" dir="1" index="1" bw="15" slack="1"/>
</pin_list>
<bind>
<opset="feat2_19_addr_3 "/>
</bind>
</comp>

<comp id="2267" class="1005" name="feat2_20_addr_3_reg_2267">
<pin_list>
<pin id="2268" dir="0" index="0" bw="15" slack="1"/>
<pin id="2269" dir="1" index="1" bw="15" slack="1"/>
</pin_list>
<bind>
<opset="feat2_20_addr_3 "/>
</bind>
</comp>

<comp id="2272" class="1005" name="feat2_21_addr_3_reg_2272">
<pin_list>
<pin id="2273" dir="0" index="0" bw="15" slack="1"/>
<pin id="2274" dir="1" index="1" bw="15" slack="1"/>
</pin_list>
<bind>
<opset="feat2_21_addr_3 "/>
</bind>
</comp>

<comp id="2277" class="1005" name="feat2_22_addr_3_reg_2277">
<pin_list>
<pin id="2278" dir="0" index="0" bw="15" slack="1"/>
<pin id="2279" dir="1" index="1" bw="15" slack="1"/>
</pin_list>
<bind>
<opset="feat2_22_addr_3 "/>
</bind>
</comp>

<comp id="2282" class="1005" name="feat2_23_addr_3_reg_2282">
<pin_list>
<pin id="2283" dir="0" index="0" bw="15" slack="1"/>
<pin id="2284" dir="1" index="1" bw="15" slack="1"/>
</pin_list>
<bind>
<opset="feat2_23_addr_3 "/>
</bind>
</comp>

<comp id="2287" class="1005" name="feat2_24_addr_3_reg_2287">
<pin_list>
<pin id="2288" dir="0" index="0" bw="15" slack="1"/>
<pin id="2289" dir="1" index="1" bw="15" slack="1"/>
</pin_list>
<bind>
<opset="feat2_24_addr_3 "/>
</bind>
</comp>

<comp id="2292" class="1005" name="feat2_25_addr_3_reg_2292">
<pin_list>
<pin id="2293" dir="0" index="0" bw="15" slack="1"/>
<pin id="2294" dir="1" index="1" bw="15" slack="1"/>
</pin_list>
<bind>
<opset="feat2_25_addr_3 "/>
</bind>
</comp>

<comp id="2297" class="1005" name="m0_reg_2297">
<pin_list>
<pin id="2298" dir="0" index="0" bw="32" slack="1"/>
<pin id="2299" dir="1" index="1" bw="32" slack="1"/>
</pin_list>
<bind>
<opset="m0 "/>
</bind>
</comp>

<comp id="2304" class="1005" name="m2_reg_2304">
<pin_list>
<pin id="2305" dir="0" index="0" bw="32" slack="1"/>
<pin id="2306" dir="1" index="1" bw="32" slack="1"/>
</pin_list>
<bind>
<opset="m2 "/>
</bind>
</comp>

<comp id="2311" class="1005" name="m1_reg_2311">
<pin_list>
<pin id="2312" dir="0" index="0" bw="32" slack="1"/>
<pin id="2313" dir="1" index="1" bw="32" slack="1"/>
</pin_list>
<bind>
<opset="m1 "/>
</bind>
</comp>

<comp id="2318" class="1005" name="m3_reg_2318">
<pin_list>
<pin id="2319" dir="0" index="0" bw="32" slack="1"/>
<pin id="2320" dir="1" index="1" bw="32" slack="1"/>
</pin_list>
<bind>
<opset="m3 "/>
</bind>
</comp>

<comp id="2325" class="1005" name="select_ln170_cast_reg_2325">
<pin_list>
<pin id="2326" dir="0" index="0" bw="13" slack="1"/>
<pin id="2327" dir="1" index="1" bw="13" slack="1"/>
</pin_list>
<bind>
<opset="select_ln170_cast "/>
</bind>
</comp>

<comp id="2330" class="1005" name="mx_reg_2330">
<pin_list>
<pin id="2331" dir="0" index="0" bw="32" slack="1"/>
<pin id="2332" dir="1" index="1" bw="32" slack="1"/>
</pin_list>
<bind>
<opset="mx "/>
</bind>
</comp>

<comp id="2337" class="1005" name="my_reg_2337">
<pin_list>
<pin id="2338" dir="0" index="0" bw="32" slack="1"/>
<pin id="2339" dir="1" index="1" bw="32" slack="1"/>
</pin_list>
<bind>
<opset="my "/>
</bind>
</comp>

</comp_list>

<net_list>
<net id="171"><net_src comp="64" pin="0"/><net_sink comp="168" pin=0"/></net>

<net id="175"><net_src comp="64" pin="0"/><net_sink comp="172" pin=0"/></net>

<net id="179"><net_src comp="64" pin="0"/><net_sink comp="176" pin=0"/></net>

<net id="183"><net_src comp="64" pin="0"/><net_sink comp="180" pin=0"/></net>

<net id="187"><net_src comp="64" pin="0"/><net_sink comp="184" pin=0"/></net>

<net id="193"><net_src comp="22" pin="0"/><net_sink comp="188" pin=0"/></net>

<net id="194"><net_src comp="98" pin="0"/><net_sink comp="188" pin=1"/></net>

<net id="200"><net_src comp="24" pin="0"/><net_sink comp="195" pin=0"/></net>

<net id="201"><net_src comp="98" pin="0"/><net_sink comp="195" pin=1"/></net>

<net id="207"><net_src comp="26" pin="0"/><net_sink comp="202" pin=0"/></net>

<net id="208"><net_src comp="98" pin="0"/><net_sink comp="202" pin=1"/></net>

<net id="214"><net_src comp="28" pin="0"/><net_sink comp="209" pin=0"/></net>

<net id="215"><net_src comp="98" pin="0"/><net_sink comp="209" pin=1"/></net>

<net id="221"><net_src comp="30" pin="0"/><net_sink comp="216" pin=0"/></net>

<net id="222"><net_src comp="98" pin="0"/><net_sink comp="216" pin=1"/></net>

<net id="228"><net_src comp="32" pin="0"/><net_sink comp="223" pin=0"/></net>

<net id="229"><net_src comp="98" pin="0"/><net_sink comp="223" pin=1"/></net>

<net id="235"><net_src comp="2" pin="0"/><net_sink comp="230" pin=0"/></net>

<net id="236"><net_src comp="98" pin="0"/><net_sink comp="230" pin=1"/></net>

<net id="242"><net_src comp="4" pin="0"/><net_sink comp="237" pin=0"/></net>

<net id="243"><net_src comp="98" pin="0"/><net_sink comp="237" pin=1"/></net>

<net id="249"><net_src comp="6" pin="0"/><net_sink comp="244" pin=0"/></net>

<net id="250"><net_src comp="98" pin="0"/><net_sink comp="244" pin=1"/></net>

<net id="256"><net_src comp="8" pin="0"/><net_sink comp="251" pin=0"/></net>

<net id="257"><net_src comp="98" pin="0"/><net_sink comp="251" pin=1"/></net>

<net id="263"><net_src comp="10" pin="0"/><net_sink comp="258" pin=0"/></net>

<net id="264"><net_src comp="98" pin="0"/><net_sink comp="258" pin=1"/></net>

<net id="270"><net_src comp="12" pin="0"/><net_sink comp="265" pin=0"/></net>

<net id="271"><net_src comp="98" pin="0"/><net_sink comp="265" pin=1"/></net>

<net id="277"><net_src comp="14" pin="0"/><net_sink comp="272" pin=0"/></net>

<net id="278"><net_src comp="98" pin="0"/><net_sink comp="272" pin=1"/></net>

<net id="284"><net_src comp="16" pin="0"/><net_sink comp="279" pin=0"/></net>

<net id="285"><net_src comp="98" pin="0"/><net_sink comp="279" pin=1"/></net>

<net id="291"><net_src comp="18" pin="0"/><net_sink comp="286" pin=0"/></net>

<net id="292"><net_src comp="98" pin="0"/><net_sink comp="286" pin=1"/></net>

<net id="298"><net_src comp="20" pin="0"/><net_sink comp="293" pin=0"/></net>

<net id="299"><net_src comp="98" pin="0"/><net_sink comp="293" pin=1"/></net>

<net id="305"><net_src comp="22" pin="0"/><net_sink comp="300" pin=0"/></net>

<net id="306"><net_src comp="98" pin="0"/><net_sink comp="300" pin=1"/></net>

<net id="312"><net_src comp="24" pin="0"/><net_sink comp="307" pin=0"/></net>

<net id="313"><net_src comp="98" pin="0"/><net_sink comp="307" pin=1"/></net>

<net id="319"><net_src comp="26" pin="0"/><net_sink comp="314" pin=0"/></net>

<net id="320"><net_src comp="98" pin="0"/><net_sink comp="314" pin=1"/></net>

<net id="326"><net_src comp="28" pin="0"/><net_sink comp="321" pin=0"/></net>

<net id="327"><net_src comp="98" pin="0"/><net_sink comp="321" pin=1"/></net>

<net id="333"><net_src comp="30" pin="0"/><net_sink comp="328" pin=0"/></net>

<net id="334"><net_src comp="98" pin="0"/><net_sink comp="328" pin=1"/></net>

<net id="340"><net_src comp="32" pin="0"/><net_sink comp="335" pin=0"/></net>

<net id="341"><net_src comp="98" pin="0"/><net_sink comp="335" pin=1"/></net>

<net id="347"><net_src comp="2" pin="0"/><net_sink comp="342" pin=0"/></net>

<net id="348"><net_src comp="98" pin="0"/><net_sink comp="342" pin=1"/></net>

<net id="354"><net_src comp="4" pin="0"/><net_sink comp="349" pin=0"/></net>

<net id="355"><net_src comp="98" pin="0"/><net_sink comp="349" pin=1"/></net>

<net id="361"><net_src comp="6" pin="0"/><net_sink comp="356" pin=0"/></net>

<net id="362"><net_src comp="98" pin="0"/><net_sink comp="356" pin=1"/></net>

<net id="368"><net_src comp="8" pin="0"/><net_sink comp="363" pin=0"/></net>

<net id="369"><net_src comp="98" pin="0"/><net_sink comp="363" pin=1"/></net>

<net id="375"><net_src comp="10" pin="0"/><net_sink comp="370" pin=0"/></net>

<net id="376"><net_src comp="98" pin="0"/><net_sink comp="370" pin=1"/></net>

<net id="382"><net_src comp="12" pin="0"/><net_sink comp="377" pin=0"/></net>

<net id="383"><net_src comp="98" pin="0"/><net_sink comp="377" pin=1"/></net>

<net id="389"><net_src comp="14" pin="0"/><net_sink comp="384" pin=0"/></net>

<net id="390"><net_src comp="98" pin="0"/><net_sink comp="384" pin=1"/></net>

<net id="396"><net_src comp="16" pin="0"/><net_sink comp="391" pin=0"/></net>

<net id="397"><net_src comp="98" pin="0"/><net_sink comp="391" pin=1"/></net>

<net id="403"><net_src comp="18" pin="0"/><net_sink comp="398" pin=0"/></net>

<net id="404"><net_src comp="98" pin="0"/><net_sink comp="398" pin=1"/></net>

<net id="410"><net_src comp="20" pin="0"/><net_sink comp="405" pin=0"/></net>

<net id="411"><net_src comp="98" pin="0"/><net_sink comp="405" pin=1"/></net>

<net id="421"><net_src comp="230" pin="3"/><net_sink comp="412" pin=2"/></net>

<net id="431"><net_src comp="237" pin="3"/><net_sink comp="422" pin=2"/></net>

<net id="441"><net_src comp="244" pin="3"/><net_sink comp="432" pin=2"/></net>

<net id="451"><net_src comp="251" pin="3"/><net_sink comp="442" pin=2"/></net>

<net id="461"><net_src comp="258" pin="3"/><net_sink comp="452" pin=2"/></net>

<net id="471"><net_src comp="265" pin="3"/><net_sink comp="462" pin=2"/></net>

<net id="481"><net_src comp="272" pin="3"/><net_sink comp="472" pin=2"/></net>

<net id="491"><net_src comp="279" pin="3"/><net_sink comp="482" pin=2"/></net>

<net id="501"><net_src comp="286" pin="3"/><net_sink comp="492" pin=2"/></net>

<net id="511"><net_src comp="293" pin="3"/><net_sink comp="502" pin=2"/></net>

<net id="521"><net_src comp="188" pin="3"/><net_sink comp="512" pin=2"/></net>

<net id="531"><net_src comp="195" pin="3"/><net_sink comp="522" pin=2"/></net>

<net id="541"><net_src comp="202" pin="3"/><net_sink comp="532" pin=2"/></net>

<net id="551"><net_src comp="209" pin="3"/><net_sink comp="542" pin=2"/></net>

<net id="561"><net_src comp="216" pin="3"/><net_sink comp="552" pin=2"/></net>

<net id="571"><net_src comp="223" pin="3"/><net_sink comp="562" pin=2"/></net>

<net id="572"><net_src comp="342" pin="3"/><net_sink comp="412" pin=0"/></net>

<net id="573"><net_src comp="349" pin="3"/><net_sink comp="422" pin=0"/></net>

<net id="574"><net_src comp="356" pin="3"/><net_sink comp="432" pin=0"/></net>

<net id="575"><net_src comp="363" pin="3"/><net_sink comp="442" pin=0"/></net>

<net id="576"><net_src comp="370" pin="3"/><net_sink comp="452" pin=0"/></net>

<net id="577"><net_src comp="377" pin="3"/><net_sink comp="462" pin=0"/></net>

<net id="578"><net_src comp="384" pin="3"/><net_sink comp="472" pin=0"/></net>

<net id="579"><net_src comp="391" pin="3"/><net_sink comp="482" pin=0"/></net>

<net id="580"><net_src comp="398" pin="3"/><net_sink comp="492" pin=0"/></net>

<net id="581"><net_src comp="405" pin="3"/><net_sink comp="502" pin=0"/></net>

<net id="582"><net_src comp="300" pin="3"/><net_sink comp="512" pin=0"/></net>

<net id="583"><net_src comp="307" pin="3"/><net_sink comp="522" pin=0"/></net>

<net id="584"><net_src comp="314" pin="3"/><net_sink comp="532" pin=0"/></net>

<net id="585"><net_src comp="321" pin="3"/><net_sink comp="542" pin=0"/></net>

<net id="586"><net_src comp="328" pin="3"/><net_sink comp="552" pin=0"/></net>

<net id="587"><net_src comp="335" pin="3"/><net_sink comp="562" pin=0"/></net>

<net id="593"><net_src comp="22" pin="0"/><net_sink comp="588" pin=0"/></net>

<net id="594"><net_src comp="98" pin="0"/><net_sink comp="588" pin=1"/></net>

<net id="600"><net_src comp="24" pin="0"/><net_sink comp="595" pin=0"/></net>

<net id="601"><net_src comp="98" pin="0"/><net_sink comp="595" pin=1"/></net>

<net id="607"><net_src comp="26" pin="0"/><net_sink comp="602" pin=0"/></net>

<net id="608"><net_src comp="98" pin="0"/><net_sink comp="602" pin=1"/></net>

<net id="614"><net_src comp="28" pin="0"/><net_sink comp="609" pin=0"/></net>

<net id="615"><net_src comp="98" pin="0"/><net_sink comp="609" pin=1"/></net>

<net id="621"><net_src comp="30" pin="0"/><net_sink comp="616" pin=0"/></net>

<net id="622"><net_src comp="98" pin="0"/><net_sink comp="616" pin=1"/></net>

<net id="628"><net_src comp="32" pin="0"/><net_sink comp="623" pin=0"/></net>

<net id="629"><net_src comp="98" pin="0"/><net_sink comp="623" pin=1"/></net>

<net id="635"><net_src comp="2" pin="0"/><net_sink comp="630" pin=0"/></net>

<net id="636"><net_src comp="98" pin="0"/><net_sink comp="630" pin=1"/></net>

<net id="642"><net_src comp="4" pin="0"/><net_sink comp="637" pin=0"/></net>

<net id="643"><net_src comp="98" pin="0"/><net_sink comp="637" pin=1"/></net>

<net id="649"><net_src comp="6" pin="0"/><net_sink comp="644" pin=0"/></net>

<net id="650"><net_src comp="98" pin="0"/><net_sink comp="644" pin=1"/></net>

<net id="656"><net_src comp="8" pin="0"/><net_sink comp="651" pin=0"/></net>

<net id="657"><net_src comp="98" pin="0"/><net_sink comp="651" pin=1"/></net>

<net id="663"><net_src comp="10" pin="0"/><net_sink comp="658" pin=0"/></net>

<net id="664"><net_src comp="98" pin="0"/><net_sink comp="658" pin=1"/></net>

<net id="670"><net_src comp="12" pin="0"/><net_sink comp="665" pin=0"/></net>

<net id="671"><net_src comp="98" pin="0"/><net_sink comp="665" pin=1"/></net>

<net id="677"><net_src comp="14" pin="0"/><net_sink comp="672" pin=0"/></net>

<net id="678"><net_src comp="98" pin="0"/><net_sink comp="672" pin=1"/></net>

<net id="684"><net_src comp="16" pin="0"/><net_sink comp="679" pin=0"/></net>

<net id="685"><net_src comp="98" pin="0"/><net_sink comp="679" pin=1"/></net>

<net id="691"><net_src comp="18" pin="0"/><net_sink comp="686" pin=0"/></net>

<net id="692"><net_src comp="98" pin="0"/><net_sink comp="686" pin=1"/></net>

<net id="698"><net_src comp="20" pin="0"/><net_sink comp="693" pin=0"/></net>

<net id="699"><net_src comp="98" pin="0"/><net_sink comp="693" pin=1"/></net>

<net id="705"><net_src comp="22" pin="0"/><net_sink comp="700" pin=0"/></net>

<net id="706"><net_src comp="98" pin="0"/><net_sink comp="700" pin=1"/></net>

<net id="712"><net_src comp="24" pin="0"/><net_sink comp="707" pin=0"/></net>

<net id="713"><net_src comp="98" pin="0"/><net_sink comp="707" pin=1"/></net>

<net id="719"><net_src comp="26" pin="0"/><net_sink comp="714" pin=0"/></net>

<net id="720"><net_src comp="98" pin="0"/><net_sink comp="714" pin=1"/></net>

<net id="726"><net_src comp="28" pin="0"/><net_sink comp="721" pin=0"/></net>

<net id="727"><net_src comp="98" pin="0"/><net_sink comp="721" pin=1"/></net>

<net id="733"><net_src comp="30" pin="0"/><net_sink comp="728" pin=0"/></net>

<net id="734"><net_src comp="98" pin="0"/><net_sink comp="728" pin=1"/></net>

<net id="740"><net_src comp="32" pin="0"/><net_sink comp="735" pin=0"/></net>

<net id="741"><net_src comp="98" pin="0"/><net_sink comp="735" pin=1"/></net>

<net id="747"><net_src comp="2" pin="0"/><net_sink comp="742" pin=0"/></net>

<net id="748"><net_src comp="98" pin="0"/><net_sink comp="742" pin=1"/></net>

<net id="754"><net_src comp="4" pin="0"/><net_sink comp="749" pin=0"/></net>

<net id="755"><net_src comp="98" pin="0"/><net_sink comp="749" pin=1"/></net>

<net id="761"><net_src comp="6" pin="0"/><net_sink comp="756" pin=0"/></net>

<net id="762"><net_src comp="98" pin="0"/><net_sink comp="756" pin=1"/></net>

<net id="768"><net_src comp="8" pin="0"/><net_sink comp="763" pin=0"/></net>

<net id="769"><net_src comp="98" pin="0"/><net_sink comp="763" pin=1"/></net>

<net id="775"><net_src comp="10" pin="0"/><net_sink comp="770" pin=0"/></net>

<net id="776"><net_src comp="98" pin="0"/><net_sink comp="770" pin=1"/></net>

<net id="782"><net_src comp="12" pin="0"/><net_sink comp="777" pin=0"/></net>

<net id="783"><net_src comp="98" pin="0"/><net_sink comp="777" pin=1"/></net>

<net id="789"><net_src comp="14" pin="0"/><net_sink comp="784" pin=0"/></net>

<net id="790"><net_src comp="98" pin="0"/><net_sink comp="784" pin=1"/></net>

<net id="796"><net_src comp="16" pin="0"/><net_sink comp="791" pin=0"/></net>

<net id="797"><net_src comp="98" pin="0"/><net_sink comp="791" pin=1"/></net>

<net id="803"><net_src comp="18" pin="0"/><net_sink comp="798" pin=0"/></net>

<net id="804"><net_src comp="98" pin="0"/><net_sink comp="798" pin=1"/></net>

<net id="810"><net_src comp="20" pin="0"/><net_sink comp="805" pin=0"/></net>

<net id="811"><net_src comp="98" pin="0"/><net_sink comp="805" pin=1"/></net>

<net id="812"><net_src comp="630" pin="3"/><net_sink comp="412" pin=2"/></net>

<net id="813"><net_src comp="637" pin="3"/><net_sink comp="422" pin=2"/></net>

<net id="814"><net_src comp="644" pin="3"/><net_sink comp="432" pin=2"/></net>

<net id="815"><net_src comp="651" pin="3"/><net_sink comp="442" pin=2"/></net>

<net id="816"><net_src comp="658" pin="3"/><net_sink comp="452" pin=2"/></net>

<net id="817"><net_src comp="665" pin="3"/><net_sink comp="462" pin=2"/></net>

<net id="818"><net_src comp="672" pin="3"/><net_sink comp="472" pin=2"/></net>

<net id="819"><net_src comp="679" pin="3"/><net_sink comp="482" pin=2"/></net>

<net id="820"><net_src comp="686" pin="3"/><net_sink comp="492" pin=2"/></net>

<net id="821"><net_src comp="693" pin="3"/><net_sink comp="502" pin=2"/></net>

<net id="822"><net_src comp="588" pin="3"/><net_sink comp="512" pin=2"/></net>

<net id="823"><net_src comp="595" pin="3"/><net_sink comp="522" pin=2"/></net>

<net id="824"><net_src comp="602" pin="3"/><net_sink comp="532" pin=2"/></net>

<net id="825"><net_src comp="609" pin="3"/><net_sink comp="542" pin=2"/></net>

<net id="826"><net_src comp="616" pin="3"/><net_sink comp="552" pin=2"/></net>

<net id="827"><net_src comp="623" pin="3"/><net_sink comp="562" pin=2"/></net>

<net id="828"><net_src comp="742" pin="3"/><net_sink comp="412" pin=0"/></net>

<net id="829"><net_src comp="749" pin="3"/><net_sink comp="422" pin=0"/></net>

<net id="830"><net_src comp="756" pin="3"/><net_sink comp="432" pin=0"/></net>

<net id="831"><net_src comp="763" pin="3"/><net_sink comp="442" pin=0"/></net>

<net id="832"><net_src comp="770" pin="3"/><net_sink comp="452" pin=0"/></net>

<net id="833"><net_src comp="777" pin="3"/><net_sink comp="462" pin=0"/></net>

<net id="834"><net_src comp="784" pin="3"/><net_sink comp="472" pin=0"/></net>

<net id="835"><net_src comp="791" pin="3"/><net_sink comp="482" pin=0"/></net>

<net id="836"><net_src comp="798" pin="3"/><net_sink comp="492" pin=0"/></net>

<net id="837"><net_src comp="805" pin="3"/><net_sink comp="502" pin=0"/></net>

<net id="838"><net_src comp="700" pin="3"/><net_sink comp="512" pin=0"/></net>

<net id="839"><net_src comp="707" pin="3"/><net_sink comp="522" pin=0"/></net>

<net id="840"><net_src comp="714" pin="3"/><net_sink comp="532" pin=0"/></net>

<net id="841"><net_src comp="721" pin="3"/><net_sink comp="542" pin=0"/></net>

<net id="842"><net_src comp="728" pin="3"/><net_sink comp="552" pin=0"/></net>

<net id="843"><net_src comp="735" pin="3"/><net_sink comp="562" pin=0"/></net>

<net id="849"><net_src comp="52" pin="0"/><net_sink comp="844" pin=0"/></net>

<net id="850"><net_src comp="98" pin="0"/><net_sink comp="844" pin=1"/></net>

<net id="856"><net_src comp="54" pin="0"/><net_sink comp="851" pin=0"/></net>

<net id="857"><net_src comp="98" pin="0"/><net_sink comp="851" pin=1"/></net>

<net id="863"><net_src comp="56" pin="0"/><net_sink comp="858" pin=0"/></net>

<net id="864"><net_src comp="98" pin="0"/><net_sink comp="858" pin=1"/></net>

<net id="870"><net_src comp="58" pin="0"/><net_sink comp="865" pin=0"/></net>

<net id="871"><net_src comp="98" pin="0"/><net_sink comp="865" pin=1"/></net>

<net id="877"><net_src comp="60" pin="0"/><net_sink comp="872" pin=0"/></net>

<net id="878"><net_src comp="98" pin="0"/><net_sink comp="872" pin=1"/></net>

<net id="884"><net_src comp="62" pin="0"/><net_sink comp="879" pin=0"/></net>

<net id="885"><net_src comp="98" pin="0"/><net_sink comp="879" pin=1"/></net>

<net id="891"><net_src comp="0" pin="0"/><net_sink comp="886" pin=0"/></net>

<net id="892"><net_src comp="98" pin="0"/><net_sink comp="886" pin=1"/></net>

<net id="898"><net_src comp="34" pin="0"/><net_sink comp="893" pin=0"/></net>

<net id="899"><net_src comp="98" pin="0"/><net_sink comp="893" pin=1"/></net>

<net id="905"><net_src comp="36" pin="0"/><net_sink comp="900" pin=0"/></net>

<net id="906"><net_src comp="98" pin="0"/><net_sink comp="900" pin=1"/></net>

<net id="912"><net_src comp="38" pin="0"/><net_sink comp="907" pin=0"/></net>

<net id="913"><net_src comp="98" pin="0"/><net_sink comp="907" pin=1"/></net>

<net id="919"><net_src comp="40" pin="0"/><net_sink comp="914" pin=0"/></net>

<net id="920"><net_src comp="98" pin="0"/><net_sink comp="914" pin=1"/></net>

<net id="926"><net_src comp="42" pin="0"/><net_sink comp="921" pin=0"/></net>

<net id="927"><net_src comp="98" pin="0"/><net_sink comp="921" pin=1"/></net>

<net id="933"><net_src comp="44" pin="0"/><net_sink comp="928" pin=0"/></net>

<net id="934"><net_src comp="98" pin="0"/><net_sink comp="928" pin=1"/></net>

<net id="940"><net_src comp="46" pin="0"/><net_sink comp="935" pin=0"/></net>

<net id="941"><net_src comp="98" pin="0"/><net_sink comp="935" pin=1"/></net>

<net id="947"><net_src comp="48" pin="0"/><net_sink comp="942" pin=0"/></net>

<net id="948"><net_src comp="98" pin="0"/><net_sink comp="942" pin=1"/></net>

<net id="954"><net_src comp="50" pin="0"/><net_sink comp="949" pin=0"/></net>

<net id="955"><net_src comp="98" pin="0"/><net_sink comp="949" pin=1"/></net>

<net id="961"><net_src comp="872" pin="3"/><net_sink comp="956" pin=0"/></net>

<net id="967"><net_src comp="865" pin="3"/><net_sink comp="962" pin=0"/></net>

<net id="973"><net_src comp="858" pin="3"/><net_sink comp="968" pin=0"/></net>

<net id="979"><net_src comp="851" pin="3"/><net_sink comp="974" pin=0"/></net>

<net id="985"><net_src comp="844" pin="3"/><net_sink comp="980" pin=0"/></net>

<net id="991"><net_src comp="949" pin="3"/><net_sink comp="986" pin=0"/></net>

<net id="997"><net_src comp="942" pin="3"/><net_sink comp="992" pin=0"/></net>

<net id="1003"><net_src comp="935" pin="3"/><net_sink comp="998" pin=0"/></net>

<net id="1009"><net_src comp="928" pin="3"/><net_sink comp="1004" pin=0"/></net>

<net id="1015"><net_src comp="921" pin="3"/><net_sink comp="1010" pin=0"/></net>

<net id="1021"><net_src comp="914" pin="3"/><net_sink comp="1016" pin=0"/></net>

<net id="1027"><net_src comp="907" pin="3"/><net_sink comp="1022" pin=0"/></net>

<net id="1033"><net_src comp="900" pin="3"/><net_sink comp="1028" pin=0"/></net>

<net id="1039"><net_src comp="893" pin="3"/><net_sink comp="1034" pin=0"/></net>

<net id="1045"><net_src comp="886" pin="3"/><net_sink comp="1040" pin=0"/></net>

<net id="1051"><net_src comp="879" pin="3"/><net_sink comp="1046" pin=0"/></net>

<net id="1097"><net_src comp="132" pin="0"/><net_sink comp="1060" pin=0"/></net>

<net id="1098"><net_src comp="100" pin="0"/><net_sink comp="1060" pin=1"/></net>

<net id="1099"><net_src comp="412" pin="7"/><net_sink comp="1060" pin=2"/></net>

<net id="1100"><net_src comp="102" pin="0"/><net_sink comp="1060" pin=3"/></net>

<net id="1101"><net_src comp="422" pin="7"/><net_sink comp="1060" pin=4"/></net>

<net id="1102"><net_src comp="104" pin="0"/><net_sink comp="1060" pin=5"/></net>

<net id="1103"><net_src comp="432" pin="7"/><net_sink comp="1060" pin=6"/></net>

<net id="1104"><net_src comp="106" pin="0"/><net_sink comp="1060" pin=7"/></net>

<net id="1105"><net_src comp="442" pin="7"/><net_sink comp="1060" pin=8"/></net>

<net id="1106"><net_src comp="108" pin="0"/><net_sink comp="1060" pin=9"/></net>

<net id="1107"><net_src comp="452" pin="7"/><net_sink comp="1060" pin=10"/></net>

<net id="1108"><net_src comp="110" pin="0"/><net_sink comp="1060" pin=11"/></net>

<net id="1109"><net_src comp="462" pin="7"/><net_sink comp="1060" pin=12"/></net>

<net id="1110"><net_src comp="112" pin="0"/><net_sink comp="1060" pin=13"/></net>

<net id="1111"><net_src comp="472" pin="7"/><net_sink comp="1060" pin=14"/></net>

<net id="1112"><net_src comp="114" pin="0"/><net_sink comp="1060" pin=15"/></net>

<net id="1113"><net_src comp="482" pin="7"/><net_sink comp="1060" pin=16"/></net>

<net id="1114"><net_src comp="116" pin="0"/><net_sink comp="1060" pin=17"/></net>

<net id="1115"><net_src comp="492" pin="7"/><net_sink comp="1060" pin=18"/></net>

<net id="1116"><net_src comp="118" pin="0"/><net_sink comp="1060" pin=19"/></net>

<net id="1117"><net_src comp="502" pin="7"/><net_sink comp="1060" pin=20"/></net>

<net id="1118"><net_src comp="120" pin="0"/><net_sink comp="1060" pin=21"/></net>

<net id="1119"><net_src comp="512" pin="7"/><net_sink comp="1060" pin=22"/></net>

<net id="1120"><net_src comp="122" pin="0"/><net_sink comp="1060" pin=23"/></net>

<net id="1121"><net_src comp="522" pin="7"/><net_sink comp="1060" pin=24"/></net>

<net id="1122"><net_src comp="124" pin="0"/><net_sink comp="1060" pin=25"/></net>

<net id="1123"><net_src comp="532" pin="7"/><net_sink comp="1060" pin=26"/></net>

<net id="1124"><net_src comp="126" pin="0"/><net_sink comp="1060" pin=27"/></net>

<net id="1125"><net_src comp="542" pin="7"/><net_sink comp="1060" pin=28"/></net>

<net id="1126"><net_src comp="128" pin="0"/><net_sink comp="1060" pin=29"/></net>

<net id="1127"><net_src comp="552" pin="7"/><net_sink comp="1060" pin=30"/></net>

<net id="1128"><net_src comp="134" pin="0"/><net_sink comp="1060" pin=31"/></net>

<net id="1129"><net_src comp="562" pin="7"/><net_sink comp="1060" pin=32"/></net>

<net id="1130"><net_src comp="136" pin="0"/><net_sink comp="1060" pin=33"/></net>

<net id="1131"><net_src comp="1060" pin="35"/><net_sink comp="1052" pin=1"/></net>

<net id="1169"><net_src comp="132" pin="0"/><net_sink comp="1132" pin=0"/></net>

<net id="1170"><net_src comp="100" pin="0"/><net_sink comp="1132" pin=1"/></net>

<net id="1171"><net_src comp="412" pin="3"/><net_sink comp="1132" pin=2"/></net>

<net id="1172"><net_src comp="102" pin="0"/><net_sink comp="1132" pin=3"/></net>

<net id="1173"><net_src comp="422" pin="3"/><net_sink comp="1132" pin=4"/></net>

<net id="1174"><net_src comp="104" pin="0"/><net_sink comp="1132" pin=5"/></net>

<net id="1175"><net_src comp="432" pin="3"/><net_sink comp="1132" pin=6"/></net>

<net id="1176"><net_src comp="106" pin="0"/><net_sink comp="1132" pin=7"/></net>

<net id="1177"><net_src comp="442" pin="3"/><net_sink comp="1132" pin=8"/></net>

<net id="1178"><net_src comp="108" pin="0"/><net_sink comp="1132" pin=9"/></net>

<net id="1179"><net_src comp="452" pin="3"/><net_sink comp="1132" pin=10"/></net>

<net id="1180"><net_src comp="110" pin="0"/><net_sink comp="1132" pin=11"/></net>

<net id="1181"><net_src comp="462" pin="3"/><net_sink comp="1132" pin=12"/></net>

<net id="1182"><net_src comp="112" pin="0"/><net_sink comp="1132" pin=13"/></net>

<net id="1183"><net_src comp="472" pin="3"/><net_sink comp="1132" pin=14"/></net>

<net id="1184"><net_src comp="114" pin="0"/><net_sink comp="1132" pin=15"/></net>

<net id="1185"><net_src comp="482" pin="3"/><net_sink comp="1132" pin=16"/></net>

<net id="1186"><net_src comp="116" pin="0"/><net_sink comp="1132" pin=17"/></net>

<net id="1187"><net_src comp="492" pin="3"/><net_sink comp="1132" pin=18"/></net>

<net id="1188"><net_src comp="118" pin="0"/><net_sink comp="1132" pin=19"/></net>

<net id="1189"><net_src comp="502" pin="3"/><net_sink comp="1132" pin=20"/></net>

<net id="1190"><net_src comp="120" pin="0"/><net_sink comp="1132" pin=21"/></net>

<net id="1191"><net_src comp="512" pin="3"/><net_sink comp="1132" pin=22"/></net>

<net id="1192"><net_src comp="122" pin="0"/><net_sink comp="1132" pin=23"/></net>

<net id="1193"><net_src comp="522" pin="3"/><net_sink comp="1132" pin=24"/></net>

<net id="1194"><net_src comp="124" pin="0"/><net_sink comp="1132" pin=25"/></net>

<net id="1195"><net_src comp="532" pin="3"/><net_sink comp="1132" pin=26"/></net>

<net id="1196"><net_src comp="126" pin="0"/><net_sink comp="1132" pin=27"/></net>

<net id="1197"><net_src comp="542" pin="3"/><net_sink comp="1132" pin=28"/></net>

<net id="1198"><net_src comp="128" pin="0"/><net_sink comp="1132" pin=29"/></net>

<net id="1199"><net_src comp="552" pin="3"/><net_sink comp="1132" pin=30"/></net>

<net id="1200"><net_src comp="134" pin="0"/><net_sink comp="1132" pin=31"/></net>

<net id="1201"><net_src comp="562" pin="3"/><net_sink comp="1132" pin=32"/></net>

<net id="1202"><net_src comp="136" pin="0"/><net_sink comp="1132" pin=33"/></net>

<net id="1203"><net_src comp="1132" pin="35"/><net_sink comp="1056" pin=1"/></net>

<net id="1208"><net_src comp="66" pin="0"/><net_sink comp="1204" pin=0"/></net>

<net id="1213"><net_src comp="68" pin="0"/><net_sink comp="1209" pin=0"/></net>

<net id="1218"><net_src comp="70" pin="0"/><net_sink comp="1214" pin=0"/></net>

<net id="1223"><net_src comp="72" pin="0"/><net_sink comp="1219" pin=0"/></net>

<net id="1228"><net_src comp="74" pin="0"/><net_sink comp="1224" pin=0"/></net>

<net id="1239"><net_src comp="1232" pin="1"/><net_sink comp="1235" pin=0"/></net>

<net id="1240"><net_src comp="76" pin="0"/><net_sink comp="1235" pin=1"/></net>

<net id="1245"><net_src comp="1232" pin="1"/><net_sink comp="1241" pin=0"/></net>

<net id="1246"><net_src comp="78" pin="0"/><net_sink comp="1241" pin=1"/></net>

<net id="1260"><net_src comp="1253" pin="1"/><net_sink comp="1256" pin=0"/></net>

<net id="1261"><net_src comp="80" pin="0"/><net_sink comp="1256" pin=1"/></net>

<net id="1266"><net_src comp="1229" pin="1"/><net_sink comp="1262" pin=0"/></net>

<net id="1267"><net_src comp="82" pin="0"/><net_sink comp="1262" pin=1"/></net>

<net id="1273"><net_src comp="1262" pin="2"/><net_sink comp="1268" pin=0"/></net>

<net id="1274"><net_src comp="72" pin="0"/><net_sink comp="1268" pin=1"/></net>

<net id="1275"><net_src comp="1250" pin="1"/><net_sink comp="1268" pin=2"/></net>

<net id="1280"><net_src comp="1262" pin="2"/><net_sink comp="1276" pin=0"/></net>

<net id="1281"><net_src comp="84" pin="0"/><net_sink comp="1276" pin=1"/></net>

<net id="1286"><net_src comp="1247" pin="1"/><net_sink comp="1282" pin=0"/></net>

<net id="1287"><net_src comp="86" pin="0"/><net_sink comp="1282" pin=1"/></net>

<net id="1292"><net_src comp="1282" pin="2"/><net_sink comp="1288" pin=0"/></net>

<net id="1293"><net_src comp="1276" pin="2"/><net_sink comp="1288" pin=1"/></net>

<net id="1299"><net_src comp="1262" pin="2"/><net_sink comp="1294" pin=0"/></net>

<net id="1300"><net_src comp="1256" pin="2"/><net_sink comp="1294" pin=1"/></net>

<net id="1301"><net_src comp="1253" pin="1"/><net_sink comp="1294" pin=2"/></net>

<net id="1306"><net_src comp="1268" pin="3"/><net_sink comp="1302" pin=0"/></net>

<net id="1307"><net_src comp="88" pin="0"/><net_sink comp="1302" pin=1"/></net>

<net id="1312"><net_src comp="1288" pin="2"/><net_sink comp="1308" pin=0"/></net>

<net id="1313"><net_src comp="1262" pin="2"/><net_sink comp="1308" pin=1"/></net>

<net id="1319"><net_src comp="1308" pin="2"/><net_sink comp="1314" pin=0"/></net>

<net id="1320"><net_src comp="74" pin="0"/><net_sink comp="1314" pin=1"/></net>

<net id="1321"><net_src comp="1247" pin="1"/><net_sink comp="1314" pin=2"/></net>

<net id="1327"><net_src comp="1288" pin="2"/><net_sink comp="1322" pin=0"/></net>

<net id="1328"><net_src comp="1302" pin="2"/><net_sink comp="1322" pin=1"/></net>

<net id="1329"><net_src comp="1268" pin="3"/><net_sink comp="1322" pin=2"/></net>

<net id="1335"><net_src comp="90" pin="0"/><net_sink comp="1330" pin=0"/></net>

<net id="1336"><net_src comp="1294" pin="3"/><net_sink comp="1330" pin=1"/></net>

<net id="1337"><net_src comp="92" pin="0"/><net_sink comp="1330" pin=2"/></net>

<net id="1341"><net_src comp="1330" pin="3"/><net_sink comp="1338" pin=0"/></net>

<net id="1346"><net_src comp="1338" pin="1"/><net_sink comp="1342" pin=0"/></net>

<net id="1347"><net_src comp="94" pin="0"/><net_sink comp="1342" pin=1"/></net>

<net id="1353"><net_src comp="96" pin="0"/><net_sink comp="1348" pin=0"/></net>

<net id="1354"><net_src comp="1322" pin="3"/><net_sink comp="1348" pin=1"/></net>

<net id="1355"><net_src comp="92" pin="0"/><net_sink comp="1348" pin=2"/></net>

<net id="1359"><net_src comp="1348" pin="3"/><net_sink comp="1356" pin=0"/></net>

<net id="1364"><net_src comp="1342" pin="2"/><net_sink comp="1360" pin=0"/></net>

<net id="1365"><net_src comp="1356" pin="1"/><net_sink comp="1360" pin=1"/></net>

<net id="1369"><net_src comp="1360" pin="2"/><net_sink comp="1366" pin=0"/></net>

<net id="1370"><net_src comp="1366" pin="1"/><net_sink comp="188" pin=2"/></net>

<net id="1371"><net_src comp="1366" pin="1"/><net_sink comp="195" pin=2"/></net>

<net id="1372"><net_src comp="1366" pin="1"/><net_sink comp="202" pin=2"/></net>

<net id="1373"><net_src comp="1366" pin="1"/><net_sink comp="209" pin=2"/></net>

<net id="1374"><net_src comp="1366" pin="1"/><net_sink comp="216" pin=2"/></net>

<net id="1375"><net_src comp="1366" pin="1"/><net_sink comp="223" pin=2"/></net>

<net id="1376"><net_src comp="1366" pin="1"/><net_sink comp="230" pin=2"/></net>

<net id="1377"><net_src comp="1366" pin="1"/><net_sink comp="237" pin=2"/></net>

<net id="1378"><net_src comp="1366" pin="1"/><net_sink comp="244" pin=2"/></net>

<net id="1379"><net_src comp="1366" pin="1"/><net_sink comp="251" pin=2"/></net>

<net id="1380"><net_src comp="1366" pin="1"/><net_sink comp="258" pin=2"/></net>

<net id="1381"><net_src comp="1366" pin="1"/><net_sink comp="265" pin=2"/></net>

<net id="1382"><net_src comp="1366" pin="1"/><net_sink comp="272" pin=2"/></net>

<net id="1383"><net_src comp="1366" pin="1"/><net_sink comp="279" pin=2"/></net>

<net id="1384"><net_src comp="1366" pin="1"/><net_sink comp="286" pin=2"/></net>

<net id="1385"><net_src comp="1366" pin="1"/><net_sink comp="293" pin=2"/></net>

<net id="1391"><net_src comp="96" pin="0"/><net_sink comp="1386" pin=0"/></net>

<net id="1392"><net_src comp="1322" pin="3"/><net_sink comp="1386" pin=1"/></net>

<net id="1393"><net_src comp="84" pin="0"/><net_sink comp="1386" pin=2"/></net>

<net id="1397"><net_src comp="1386" pin="3"/><net_sink comp="1394" pin=0"/></net>

<net id="1402"><net_src comp="1342" pin="2"/><net_sink comp="1398" pin=0"/></net>

<net id="1403"><net_src comp="1394" pin="1"/><net_sink comp="1398" pin=1"/></net>

<net id="1407"><net_src comp="1398" pin="2"/><net_sink comp="1404" pin=0"/></net>

<net id="1408"><net_src comp="1404" pin="1"/><net_sink comp="300" pin=2"/></net>

<net id="1409"><net_src comp="1404" pin="1"/><net_sink comp="307" pin=2"/></net>

<net id="1410"><net_src comp="1404" pin="1"/><net_sink comp="314" pin=2"/></net>

<net id="1411"><net_src comp="1404" pin="1"/><net_sink comp="321" pin=2"/></net>

<net id="1412"><net_src comp="1404" pin="1"/><net_sink comp="328" pin=2"/></net>

<net id="1413"><net_src comp="1404" pin="1"/><net_sink comp="335" pin=2"/></net>

<net id="1414"><net_src comp="1404" pin="1"/><net_sink comp="342" pin=2"/></net>

<net id="1415"><net_src comp="1404" pin="1"/><net_sink comp="349" pin=2"/></net>

<net id="1416"><net_src comp="1404" pin="1"/><net_sink comp="356" pin=2"/></net>

<net id="1417"><net_src comp="1404" pin="1"/><net_sink comp="363" pin=2"/></net>

<net id="1418"><net_src comp="1404" pin="1"/><net_sink comp="370" pin=2"/></net>

<net id="1419"><net_src comp="1404" pin="1"/><net_sink comp="377" pin=2"/></net>

<net id="1420"><net_src comp="1404" pin="1"/><net_sink comp="384" pin=2"/></net>

<net id="1421"><net_src comp="1404" pin="1"/><net_sink comp="391" pin=2"/></net>

<net id="1422"><net_src comp="1404" pin="1"/><net_sink comp="398" pin=2"/></net>

<net id="1423"><net_src comp="1404" pin="1"/><net_sink comp="405" pin=2"/></net>

<net id="1427"><net_src comp="1314" pin="3"/><net_sink comp="1424" pin=0"/></net>

<net id="1446"><net_src comp="1424" pin="1"/><net_sink comp="1428" pin=0"/></net>

<net id="1447"><net_src comp="100" pin="0"/><net_sink comp="1428" pin=1"/></net>

<net id="1448"><net_src comp="102" pin="0"/><net_sink comp="1428" pin=2"/></net>

<net id="1449"><net_src comp="104" pin="0"/><net_sink comp="1428" pin=3"/></net>

<net id="1450"><net_src comp="106" pin="0"/><net_sink comp="1428" pin=4"/></net>

<net id="1451"><net_src comp="108" pin="0"/><net_sink comp="1428" pin=5"/></net>

<net id="1452"><net_src comp="110" pin="0"/><net_sink comp="1428" pin=6"/></net>

<net id="1453"><net_src comp="112" pin="0"/><net_sink comp="1428" pin=7"/></net>

<net id="1454"><net_src comp="114" pin="0"/><net_sink comp="1428" pin=8"/></net>

<net id="1455"><net_src comp="116" pin="0"/><net_sink comp="1428" pin=9"/></net>

<net id="1456"><net_src comp="118" pin="0"/><net_sink comp="1428" pin=10"/></net>

<net id="1457"><net_src comp="120" pin="0"/><net_sink comp="1428" pin=11"/></net>

<net id="1458"><net_src comp="122" pin="0"/><net_sink comp="1428" pin=12"/></net>

<net id="1459"><net_src comp="124" pin="0"/><net_sink comp="1428" pin=13"/></net>

<net id="1460"><net_src comp="126" pin="0"/><net_sink comp="1428" pin=14"/></net>

<net id="1461"><net_src comp="128" pin="0"/><net_sink comp="1428" pin=15"/></net>

<net id="1470"><net_src comp="90" pin="0"/><net_sink comp="1465" pin=0"/></net>

<net id="1471"><net_src comp="84" pin="0"/><net_sink comp="1465" pin=2"/></net>

<net id="1475"><net_src comp="1465" pin="3"/><net_sink comp="1472" pin=0"/></net>

<net id="1480"><net_src comp="1472" pin="1"/><net_sink comp="1476" pin=0"/></net>

<net id="1481"><net_src comp="94" pin="0"/><net_sink comp="1476" pin=1"/></net>

<net id="1486"><net_src comp="1476" pin="2"/><net_sink comp="1482" pin=0"/></net>

<net id="1490"><net_src comp="1482" pin="2"/><net_sink comp="1487" pin=0"/></net>

<net id="1491"><net_src comp="1487" pin="1"/><net_sink comp="588" pin=2"/></net>

<net id="1492"><net_src comp="1487" pin="1"/><net_sink comp="595" pin=2"/></net>

<net id="1493"><net_src comp="1487" pin="1"/><net_sink comp="602" pin=2"/></net>

<net id="1494"><net_src comp="1487" pin="1"/><net_sink comp="609" pin=2"/></net>

<net id="1495"><net_src comp="1487" pin="1"/><net_sink comp="616" pin=2"/></net>

<net id="1496"><net_src comp="1487" pin="1"/><net_sink comp="623" pin=2"/></net>

<net id="1497"><net_src comp="1487" pin="1"/><net_sink comp="630" pin=2"/></net>

<net id="1498"><net_src comp="1487" pin="1"/><net_sink comp="637" pin=2"/></net>

<net id="1499"><net_src comp="1487" pin="1"/><net_sink comp="644" pin=2"/></net>

<net id="1500"><net_src comp="1487" pin="1"/><net_sink comp="651" pin=2"/></net>

<net id="1501"><net_src comp="1487" pin="1"/><net_sink comp="658" pin=2"/></net>

<net id="1502"><net_src comp="1487" pin="1"/><net_sink comp="665" pin=2"/></net>

<net id="1503"><net_src comp="1487" pin="1"/><net_sink comp="672" pin=2"/></net>

<net id="1504"><net_src comp="1487" pin="1"/><net_sink comp="679" pin=2"/></net>

<net id="1505"><net_src comp="1487" pin="1"/><net_sink comp="686" pin=2"/></net>

<net id="1506"><net_src comp="1487" pin="1"/><net_sink comp="693" pin=2"/></net>

<net id="1511"><net_src comp="1476" pin="2"/><net_sink comp="1507" pin=0"/></net>

<net id="1515"><net_src comp="1507" pin="2"/><net_sink comp="1512" pin=0"/></net>

<net id="1516"><net_src comp="1512" pin="1"/><net_sink comp="700" pin=2"/></net>

<net id="1517"><net_src comp="1512" pin="1"/><net_sink comp="707" pin=2"/></net>

<net id="1518"><net_src comp="1512" pin="1"/><net_sink comp="714" pin=2"/></net>

<net id="1519"><net_src comp="1512" pin="1"/><net_sink comp="721" pin=2"/></net>

<net id="1520"><net_src comp="1512" pin="1"/><net_sink comp="728" pin=2"/></net>

<net id="1521"><net_src comp="1512" pin="1"/><net_sink comp="735" pin=2"/></net>

<net id="1522"><net_src comp="1512" pin="1"/><net_sink comp="742" pin=2"/></net>

<net id="1523"><net_src comp="1512" pin="1"/><net_sink comp="749" pin=2"/></net>

<net id="1524"><net_src comp="1512" pin="1"/><net_sink comp="756" pin=2"/></net>

<net id="1525"><net_src comp="1512" pin="1"/><net_sink comp="763" pin=2"/></net>

<net id="1526"><net_src comp="1512" pin="1"/><net_sink comp="770" pin=2"/></net>

<net id="1527"><net_src comp="1512" pin="1"/><net_sink comp="777" pin=2"/></net>

<net id="1528"><net_src comp="1512" pin="1"/><net_sink comp="784" pin=2"/></net>

<net id="1529"><net_src comp="1512" pin="1"/><net_sink comp="791" pin=2"/></net>

<net id="1530"><net_src comp="1512" pin="1"/><net_sink comp="798" pin=2"/></net>

<net id="1531"><net_src comp="1512" pin="1"/><net_sink comp="805" pin=2"/></net>

<net id="1536"><net_src comp="138" pin="0"/><net_sink comp="1532" pin=1"/></net>

<net id="1541"><net_src comp="140" pin="0"/><net_sink comp="1537" pin=1"/></net>

<net id="1547"><net_src comp="140" pin="0"/><net_sink comp="1542" pin=1"/></net>

<net id="1548"><net_src comp="1537" pin="2"/><net_sink comp="1542" pin=2"/></net>

<net id="1561"><net_src comp="1542" pin="3"/><net_sink comp="1557" pin=0"/></net>

<net id="1570"><net_src comp="1532" pin="2"/><net_sink comp="1566" pin=0"/></net>

<net id="1583"><net_src comp="142" pin="0"/><net_sink comp="1577" pin=0"/></net>

<net id="1584"><net_src comp="1574" pin="1"/><net_sink comp="1577" pin=1"/></net>

<net id="1585"><net_src comp="144" pin="0"/><net_sink comp="1577" pin=2"/></net>

<net id="1586"><net_src comp="146" pin="0"/><net_sink comp="1577" pin=3"/></net>

<net id="1590"><net_src comp="1574" pin="1"/><net_sink comp="1587" pin=0"/></net>

<net id="1600"><net_src comp="142" pin="0"/><net_sink comp="1594" pin=0"/></net>

<net id="1601"><net_src comp="1591" pin="1"/><net_sink comp="1594" pin=1"/></net>

<net id="1602"><net_src comp="144" pin="0"/><net_sink comp="1594" pin=2"/></net>

<net id="1603"><net_src comp="146" pin="0"/><net_sink comp="1594" pin=3"/></net>

<net id="1607"><net_src comp="1591" pin="1"/><net_sink comp="1604" pin=0"/></net>

<net id="1612"><net_src comp="1577" pin="4"/><net_sink comp="1608" pin=0"/></net>

<net id="1613"><net_src comp="148" pin="0"/><net_sink comp="1608" pin=1"/></net>

<net id="1618"><net_src comp="1587" pin="1"/><net_sink comp="1614" pin=0"/></net>

<net id="1619"><net_src comp="150" pin="0"/><net_sink comp="1614" pin=1"/></net>

<net id="1624"><net_src comp="1614" pin="2"/><net_sink comp="1620" pin=0"/></net>

<net id="1625"><net_src comp="1608" pin="2"/><net_sink comp="1620" pin=1"/></net>

<net id="1630"><net_src comp="1594" pin="4"/><net_sink comp="1626" pin=0"/></net>

<net id="1631"><net_src comp="148" pin="0"/><net_sink comp="1626" pin=1"/></net>

<net id="1636"><net_src comp="1604" pin="1"/><net_sink comp="1632" pin=0"/></net>

<net id="1637"><net_src comp="150" pin="0"/><net_sink comp="1632" pin=1"/></net>

<net id="1642"><net_src comp="1632" pin="2"/><net_sink comp="1638" pin=0"/></net>

<net id="1643"><net_src comp="1626" pin="2"/><net_sink comp="1638" pin=1"/></net>

<net id="1648"><net_src comp="1620" pin="2"/><net_sink comp="1644" pin=0"/></net>

<net id="1649"><net_src comp="1638" pin="2"/><net_sink comp="1644" pin=1"/></net>

<net id="1654"><net_src comp="1644" pin="2"/><net_sink comp="1650" pin=0"/></net>

<net id="1655"><net_src comp="1052" pin="2"/><net_sink comp="1650" pin=1"/></net>

<net id="1661"><net_src comp="1650" pin="2"/><net_sink comp="1656" pin=0"/></net>

<net id="1662"><net_src comp="1656" pin="3"/><net_sink comp="1052" pin=0"/></net>

<net id="1672"><net_src comp="142" pin="0"/><net_sink comp="1666" pin=0"/></net>

<net id="1673"><net_src comp="1663" pin="1"/><net_sink comp="1666" pin=1"/></net>

<net id="1674"><net_src comp="144" pin="0"/><net_sink comp="1666" pin=2"/></net>

<net id="1675"><net_src comp="146" pin="0"/><net_sink comp="1666" pin=3"/></net>

<net id="1679"><net_src comp="1663" pin="1"/><net_sink comp="1676" pin=0"/></net>

<net id="1689"><net_src comp="142" pin="0"/><net_sink comp="1683" pin=0"/></net>

<net id="1690"><net_src comp="1680" pin="1"/><net_sink comp="1683" pin=1"/></net>

<net id="1691"><net_src comp="144" pin="0"/><net_sink comp="1683" pin=2"/></net>

<net id="1692"><net_src comp="146" pin="0"/><net_sink comp="1683" pin=3"/></net>

<net id="1696"><net_src comp="1680" pin="1"/><net_sink comp="1693" pin=0"/></net>

<net id="1701"><net_src comp="1666" pin="4"/><net_sink comp="1697" pin=0"/></net>

<net id="1702"><net_src comp="148" pin="0"/><net_sink comp="1697" pin=1"/></net>

<net id="1707"><net_src comp="1676" pin="1"/><net_sink comp="1703" pin=0"/></net>

<net id="1708"><net_src comp="150" pin="0"/><net_sink comp="1703" pin=1"/></net>

<net id="1713"><net_src comp="1703" pin="2"/><net_sink comp="1709" pin=0"/></net>

<net id="1714"><net_src comp="1697" pin="2"/><net_sink comp="1709" pin=1"/></net>

<net id="1719"><net_src comp="1683" pin="4"/><net_sink comp="1715" pin=0"/></net>

<net id="1720"><net_src comp="148" pin="0"/><net_sink comp="1715" pin=1"/></net>

<net id="1725"><net_src comp="1693" pin="1"/><net_sink comp="1721" pin=0"/></net>

<net id="1726"><net_src comp="150" pin="0"/><net_sink comp="1721" pin=1"/></net>

<net id="1731"><net_src comp="1721" pin="2"/><net_sink comp="1727" pin=0"/></net>

<net id="1732"><net_src comp="1715" pin="2"/><net_sink comp="1727" pin=1"/></net>

<net id="1737"><net_src comp="1709" pin="2"/><net_sink comp="1733" pin=0"/></net>

<net id="1738"><net_src comp="1727" pin="2"/><net_sink comp="1733" pin=1"/></net>

<net id="1743"><net_src comp="1733" pin="2"/><net_sink comp="1739" pin=0"/></net>

<net id="1744"><net_src comp="1056" pin="2"/><net_sink comp="1739" pin=1"/></net>

<net id="1750"><net_src comp="1739" pin="2"/><net_sink comp="1745" pin=0"/></net>

<net id="1751"><net_src comp="1745" pin="3"/><net_sink comp="1052" pin=1"/></net>

<net id="1755"><net_src comp="1752" pin="1"/><net_sink comp="844" pin=2"/></net>

<net id="1756"><net_src comp="1752" pin="1"/><net_sink comp="851" pin=2"/></net>

<net id="1757"><net_src comp="1752" pin="1"/><net_sink comp="858" pin=2"/></net>

<net id="1758"><net_src comp="1752" pin="1"/><net_sink comp="865" pin=2"/></net>

<net id="1759"><net_src comp="1752" pin="1"/><net_sink comp="872" pin=2"/></net>

<net id="1760"><net_src comp="1752" pin="1"/><net_sink comp="879" pin=2"/></net>

<net id="1761"><net_src comp="1752" pin="1"/><net_sink comp="886" pin=2"/></net>

<net id="1762"><net_src comp="1752" pin="1"/><net_sink comp="893" pin=2"/></net>

<net id="1763"><net_src comp="1752" pin="1"/><net_sink comp="900" pin=2"/></net>

<net id="1764"><net_src comp="1752" pin="1"/><net_sink comp="907" pin=2"/></net>

<net id="1765"><net_src comp="1752" pin="1"/><net_sink comp="914" pin=2"/></net>

<net id="1766"><net_src comp="1752" pin="1"/><net_sink comp="921" pin=2"/></net>

<net id="1767"><net_src comp="1752" pin="1"/><net_sink comp="928" pin=2"/></net>

<net id="1768"><net_src comp="1752" pin="1"/><net_sink comp="935" pin=2"/></net>

<net id="1769"><net_src comp="1752" pin="1"/><net_sink comp="942" pin=2"/></net>

<net id="1770"><net_src comp="1752" pin="1"/><net_sink comp="949" pin=2"/></net>

<net id="1780"><net_src comp="142" pin="0"/><net_sink comp="1774" pin=0"/></net>

<net id="1781"><net_src comp="1771" pin="1"/><net_sink comp="1774" pin=1"/></net>

<net id="1782"><net_src comp="144" pin="0"/><net_sink comp="1774" pin=2"/></net>

<net id="1783"><net_src comp="146" pin="0"/><net_sink comp="1774" pin=3"/></net>

<net id="1787"><net_src comp="1771" pin="1"/><net_sink comp="1784" pin=0"/></net>

<net id="1797"><net_src comp="142" pin="0"/><net_sink comp="1791" pin=0"/></net>

<net id="1798"><net_src comp="1788" pin="1"/><net_sink comp="1791" pin=1"/></net>

<net id="1799"><net_src comp="144" pin="0"/><net_sink comp="1791" pin=2"/></net>

<net id="1800"><net_src comp="146" pin="0"/><net_sink comp="1791" pin=3"/></net>

<net id="1804"><net_src comp="1788" pin="1"/><net_sink comp="1801" pin=0"/></net>

<net id="1809"><net_src comp="1774" pin="4"/><net_sink comp="1805" pin=0"/></net>

<net id="1810"><net_src comp="148" pin="0"/><net_sink comp="1805" pin=1"/></net>

<net id="1815"><net_src comp="1784" pin="1"/><net_sink comp="1811" pin=0"/></net>

<net id="1816"><net_src comp="150" pin="0"/><net_sink comp="1811" pin=1"/></net>

<net id="1821"><net_src comp="1811" pin="2"/><net_sink comp="1817" pin=0"/></net>

<net id="1822"><net_src comp="1805" pin="2"/><net_sink comp="1817" pin=1"/></net>

<net id="1827"><net_src comp="1791" pin="4"/><net_sink comp="1823" pin=0"/></net>

<net id="1828"><net_src comp="148" pin="0"/><net_sink comp="1823" pin=1"/></net>

<net id="1833"><net_src comp="1801" pin="1"/><net_sink comp="1829" pin=0"/></net>

<net id="1834"><net_src comp="150" pin="0"/><net_sink comp="1829" pin=1"/></net>

<net id="1839"><net_src comp="1829" pin="2"/><net_sink comp="1835" pin=0"/></net>

<net id="1840"><net_src comp="1823" pin="2"/><net_sink comp="1835" pin=1"/></net>

<net id="1845"><net_src comp="1817" pin="2"/><net_sink comp="1841" pin=0"/></net>

<net id="1846"><net_src comp="1835" pin="2"/><net_sink comp="1841" pin=1"/></net>

<net id="1851"><net_src comp="1841" pin="2"/><net_sink comp="1847" pin=0"/></net>

<net id="1852"><net_src comp="1052" pin="2"/><net_sink comp="1847" pin=1"/></net>

<net id="1858"><net_src comp="1847" pin="2"/><net_sink comp="1853" pin=0"/></net>

<net id="1859"><net_src comp="1853" pin="3"/><net_sink comp="956" pin=1"/></net>

<net id="1860"><net_src comp="1853" pin="3"/><net_sink comp="962" pin=1"/></net>

<net id="1861"><net_src comp="1853" pin="3"/><net_sink comp="968" pin=1"/></net>

<net id="1862"><net_src comp="1853" pin="3"/><net_sink comp="974" pin=1"/></net>

<net id="1863"><net_src comp="1853" pin="3"/><net_sink comp="980" pin=1"/></net>

<net id="1864"><net_src comp="1853" pin="3"/><net_sink comp="986" pin=1"/></net>

<net id="1865"><net_src comp="1853" pin="3"/><net_sink comp="992" pin=1"/></net>

<net id="1866"><net_src comp="1853" pin="3"/><net_sink comp="998" pin=1"/></net>

<net id="1867"><net_src comp="1853" pin="3"/><net_sink comp="1004" pin=1"/></net>

<net id="1868"><net_src comp="1853" pin="3"/><net_sink comp="1010" pin=1"/></net>

<net id="1869"><net_src comp="1853" pin="3"/><net_sink comp="1016" pin=1"/></net>

<net id="1870"><net_src comp="1853" pin="3"/><net_sink comp="1022" pin=1"/></net>

<net id="1871"><net_src comp="1853" pin="3"/><net_sink comp="1028" pin=1"/></net>

<net id="1872"><net_src comp="1853" pin="3"/><net_sink comp="1034" pin=1"/></net>

<net id="1873"><net_src comp="1853" pin="3"/><net_sink comp="1040" pin=1"/></net>

<net id="1874"><net_src comp="1853" pin="3"/><net_sink comp="1046" pin=1"/></net>

<net id="1880"><net_src comp="1462" pin="1"/><net_sink comp="1875" pin=0"/></net>

<net id="1881"><net_src comp="130" pin="0"/><net_sink comp="1875" pin=1"/></net>

<net id="1882"><net_src comp="1571" pin="1"/><net_sink comp="1875" pin=2"/></net>

<net id="1883"><net_src comp="1875" pin="3"/><net_sink comp="1752" pin=0"/></net>

<net id="1887"><net_src comp="168" pin="1"/><net_sink comp="1884" pin=0"/></net>

<net id="1888"><net_src comp="1884" pin="1"/><net_sink comp="1224" pin=1"/></net>

<net id="1889"><net_src comp="1884" pin="1"/><net_sink comp="1247" pin=0"/></net>

<net id="1890"><net_src comp="1884" pin="1"/><net_sink comp="1566" pin=1"/></net>

<net id="1894"><net_src comp="172" pin="1"/><net_sink comp="1891" pin=0"/></net>

<net id="1895"><net_src comp="1891" pin="1"/><net_sink comp="1219" pin=1"/></net>

<net id="1896"><net_src comp="1891" pin="1"/><net_sink comp="1250" pin=0"/></net>

<net id="1897"><net_src comp="1891" pin="1"/><net_sink comp="1562" pin=1"/></net>

<net id="1901"><net_src comp="176" pin="1"/><net_sink comp="1898" pin=0"/></net>

<net id="1902"><net_src comp="1898" pin="1"/><net_sink comp="1214" pin=1"/></net>

<net id="1903"><net_src comp="1898" pin="1"/><net_sink comp="1229" pin=0"/></net>

<net id="1904"><net_src comp="1898" pin="1"/><net_sink comp="1557" pin=1"/></net>

<net id="1908"><net_src comp="180" pin="1"/><net_sink comp="1905" pin=0"/></net>

<net id="1909"><net_src comp="1905" pin="1"/><net_sink comp="1209" pin=1"/></net>

<net id="1910"><net_src comp="1905" pin="1"/><net_sink comp="1253" pin=0"/></net>

<net id="1911"><net_src comp="1905" pin="1"/><net_sink comp="1553" pin=1"/></net>

<net id="1915"><net_src comp="184" pin="1"/><net_sink comp="1912" pin=0"/></net>

<net id="1916"><net_src comp="1912" pin="1"/><net_sink comp="1204" pin=1"/></net>

<net id="1917"><net_src comp="1912" pin="1"/><net_sink comp="1232" pin=0"/></net>

<net id="1918"><net_src comp="1912" pin="1"/><net_sink comp="1549" pin=1"/></net>

<net id="1922"><net_src comp="1229" pin="1"/><net_sink comp="1919" pin=0"/></net>

<net id="1923"><net_src comp="1919" pin="1"/><net_sink comp="1537" pin=0"/></net>

<net id="1927"><net_src comp="1235" pin="2"/><net_sink comp="1924" pin=0"/></net>

<net id="1931"><net_src comp="1241" pin="2"/><net_sink comp="1928" pin=0"/></net>

<net id="1932"><net_src comp="1928" pin="1"/><net_sink comp="1549" pin=0"/></net>

<net id="1936"><net_src comp="1262" pin="2"/><net_sink comp="1933" pin=0"/></net>

<net id="1937"><net_src comp="1933" pin="1"/><net_sink comp="1542" pin=0"/></net>

<net id="1941"><net_src comp="1294" pin="3"/><net_sink comp="1938" pin=0"/></net>

<net id="1942"><net_src comp="1938" pin="1"/><net_sink comp="1462" pin=0"/></net>

<net id="1943"><net_src comp="1938" pin="1"/><net_sink comp="1465" pin=1"/></net>

<net id="1944"><net_src comp="1938" pin="1"/><net_sink comp="1553" pin=0"/></net>

<net id="1948"><net_src comp="1314" pin="3"/><net_sink comp="1945" pin=0"/></net>

<net id="1949"><net_src comp="1945" pin="1"/><net_sink comp="1532" pin=0"/></net>

<net id="1953"><net_src comp="1322" pin="3"/><net_sink comp="1950" pin=0"/></net>

<net id="1954"><net_src comp="1950" pin="1"/><net_sink comp="1562" pin=0"/></net>

<net id="1955"><net_src comp="1950" pin="1"/><net_sink comp="1571" pin=0"/></net>

<net id="1959"><net_src comp="1356" pin="1"/><net_sink comp="1956" pin=0"/></net>

<net id="1960"><net_src comp="1956" pin="1"/><net_sink comp="1482" pin=1"/></net>

<net id="1964"><net_src comp="188" pin="3"/><net_sink comp="1961" pin=0"/></net>

<net id="1965"><net_src comp="1961" pin="1"/><net_sink comp="512" pin=2"/></net>

<net id="1969"><net_src comp="195" pin="3"/><net_sink comp="1966" pin=0"/></net>

<net id="1970"><net_src comp="1966" pin="1"/><net_sink comp="522" pin=2"/></net>

<net id="1974"><net_src comp="202" pin="3"/><net_sink comp="1971" pin=0"/></net>

<net id="1975"><net_src comp="1971" pin="1"/><net_sink comp="532" pin=2"/></net>

<net id="1979"><net_src comp="209" pin="3"/><net_sink comp="1976" pin=0"/></net>

<net id="1980"><net_src comp="1976" pin="1"/><net_sink comp="542" pin=2"/></net>

<net id="1984"><net_src comp="216" pin="3"/><net_sink comp="1981" pin=0"/></net>

<net id="1985"><net_src comp="1981" pin="1"/><net_sink comp="552" pin=2"/></net>

<net id="1989"><net_src comp="223" pin="3"/><net_sink comp="1986" pin=0"/></net>

<net id="1990"><net_src comp="1986" pin="1"/><net_sink comp="562" pin=2"/></net>

<net id="1994"><net_src comp="230" pin="3"/><net_sink comp="1991" pin=0"/></net>

<net id="1995"><net_src comp="1991" pin="1"/><net_sink comp="412" pin=2"/></net>

<net id="1999"><net_src comp="237" pin="3"/><net_sink comp="1996" pin=0"/></net>

<net id="2000"><net_src comp="1996" pin="1"/><net_sink comp="422" pin=2"/></net>

<net id="2004"><net_src comp="244" pin="3"/><net_sink comp="2001" pin=0"/></net>

<net id="2005"><net_src comp="2001" pin="1"/><net_sink comp="432" pin=2"/></net>

<net id="2009"><net_src comp="251" pin="3"/><net_sink comp="2006" pin=0"/></net>

<net id="2010"><net_src comp="2006" pin="1"/><net_sink comp="442" pin=2"/></net>

<net id="2014"><net_src comp="258" pin="3"/><net_sink comp="2011" pin=0"/></net>

<net id="2015"><net_src comp="2011" pin="1"/><net_sink comp="452" pin=2"/></net>

<net id="2019"><net_src comp="265" pin="3"/><net_sink comp="2016" pin=0"/></net>

<net id="2020"><net_src comp="2016" pin="1"/><net_sink comp="462" pin=2"/></net>

<net id="2024"><net_src comp="272" pin="3"/><net_sink comp="2021" pin=0"/></net>

<net id="2025"><net_src comp="2021" pin="1"/><net_sink comp="472" pin=2"/></net>

<net id="2029"><net_src comp="279" pin="3"/><net_sink comp="2026" pin=0"/></net>

<net id="2030"><net_src comp="2026" pin="1"/><net_sink comp="482" pin=2"/></net>

<net id="2034"><net_src comp="286" pin="3"/><net_sink comp="2031" pin=0"/></net>

<net id="2035"><net_src comp="2031" pin="1"/><net_sink comp="492" pin=2"/></net>

<net id="2039"><net_src comp="293" pin="3"/><net_sink comp="2036" pin=0"/></net>

<net id="2040"><net_src comp="2036" pin="1"/><net_sink comp="502" pin=2"/></net>

<net id="2044"><net_src comp="1394" pin="1"/><net_sink comp="2041" pin=0"/></net>

<net id="2045"><net_src comp="2041" pin="1"/><net_sink comp="1507" pin=1"/></net>

<net id="2049"><net_src comp="300" pin="3"/><net_sink comp="2046" pin=0"/></net>

<net id="2050"><net_src comp="2046" pin="1"/><net_sink comp="512" pin=0"/></net>

<net id="2054"><net_src comp="307" pin="3"/><net_sink comp="2051" pin=0"/></net>

<net id="2055"><net_src comp="2051" pin="1"/><net_sink comp="522" pin=0"/></net>

<net id="2059"><net_src comp="314" pin="3"/><net_sink comp="2056" pin=0"/></net>

<net id="2060"><net_src comp="2056" pin="1"/><net_sink comp="532" pin=0"/></net>

<net id="2064"><net_src comp="321" pin="3"/><net_sink comp="2061" pin=0"/></net>

<net id="2065"><net_src comp="2061" pin="1"/><net_sink comp="542" pin=0"/></net>

<net id="2069"><net_src comp="328" pin="3"/><net_sink comp="2066" pin=0"/></net>

<net id="2070"><net_src comp="2066" pin="1"/><net_sink comp="552" pin=0"/></net>

<net id="2074"><net_src comp="335" pin="3"/><net_sink comp="2071" pin=0"/></net>

<net id="2075"><net_src comp="2071" pin="1"/><net_sink comp="562" pin=0"/></net>

<net id="2079"><net_src comp="342" pin="3"/><net_sink comp="2076" pin=0"/></net>

<net id="2080"><net_src comp="2076" pin="1"/><net_sink comp="412" pin=0"/></net>

<net id="2084"><net_src comp="349" pin="3"/><net_sink comp="2081" pin=0"/></net>

<net id="2085"><net_src comp="2081" pin="1"/><net_sink comp="422" pin=0"/></net>

<net id="2089"><net_src comp="356" pin="3"/><net_sink comp="2086" pin=0"/></net>

<net id="2090"><net_src comp="2086" pin="1"/><net_sink comp="432" pin=0"/></net>

<net id="2094"><net_src comp="363" pin="3"/><net_sink comp="2091" pin=0"/></net>

<net id="2095"><net_src comp="2091" pin="1"/><net_sink comp="442" pin=0"/></net>

<net id="2099"><net_src comp="370" pin="3"/><net_sink comp="2096" pin=0"/></net>

<net id="2100"><net_src comp="2096" pin="1"/><net_sink comp="452" pin=0"/></net>

<net id="2104"><net_src comp="377" pin="3"/><net_sink comp="2101" pin=0"/></net>

<net id="2105"><net_src comp="2101" pin="1"/><net_sink comp="462" pin=0"/></net>

<net id="2109"><net_src comp="384" pin="3"/><net_sink comp="2106" pin=0"/></net>

<net id="2110"><net_src comp="2106" pin="1"/><net_sink comp="472" pin=0"/></net>

<net id="2114"><net_src comp="391" pin="3"/><net_sink comp="2111" pin=0"/></net>

<net id="2115"><net_src comp="2111" pin="1"/><net_sink comp="482" pin=0"/></net>

<net id="2119"><net_src comp="398" pin="3"/><net_sink comp="2116" pin=0"/></net>

<net id="2120"><net_src comp="2116" pin="1"/><net_sink comp="492" pin=0"/></net>

<net id="2124"><net_src comp="405" pin="3"/><net_sink comp="2121" pin=0"/></net>

<net id="2125"><net_src comp="2121" pin="1"/><net_sink comp="502" pin=0"/></net>

<net id="2129"><net_src comp="1424" pin="1"/><net_sink comp="2126" pin=0"/></net>

<net id="2130"><net_src comp="2126" pin="1"/><net_sink comp="1060" pin=34"/></net>

<net id="2131"><net_src comp="2126" pin="1"/><net_sink comp="1132" pin=34"/></net>

<net id="2135"><net_src comp="1462" pin="1"/><net_sink comp="2132" pin=0"/></net>

<net id="2136"><net_src comp="2132" pin="1"/><net_sink comp="1875" pin=0"/></net>

<net id="2140"><net_src comp="588" pin="3"/><net_sink comp="2137" pin=0"/></net>

<net id="2141"><net_src comp="2137" pin="1"/><net_sink comp="512" pin=2"/></net>

<net id="2145"><net_src comp="595" pin="3"/><net_sink comp="2142" pin=0"/></net>

<net id="2146"><net_src comp="2142" pin="1"/><net_sink comp="522" pin=2"/></net>

<net id="2150"><net_src comp="602" pin="3"/><net_sink comp="2147" pin=0"/></net>

<net id="2151"><net_src comp="2147" pin="1"/><net_sink comp="532" pin=2"/></net>

<net id="2155"><net_src comp="609" pin="3"/><net_sink comp="2152" pin=0"/></net>

<net id="2156"><net_src comp="2152" pin="1"/><net_sink comp="542" pin=2"/></net>

<net id="2160"><net_src comp="616" pin="3"/><net_sink comp="2157" pin=0"/></net>

<net id="2161"><net_src comp="2157" pin="1"/><net_sink comp="552" pin=2"/></net>

<net id="2165"><net_src comp="623" pin="3"/><net_sink comp="2162" pin=0"/></net>

<net id="2166"><net_src comp="2162" pin="1"/><net_sink comp="562" pin=2"/></net>

<net id="2170"><net_src comp="630" pin="3"/><net_sink comp="2167" pin=0"/></net>

<net id="2171"><net_src comp="2167" pin="1"/><net_sink comp="412" pin=2"/></net>

<net id="2175"><net_src comp="637" pin="3"/><net_sink comp="2172" pin=0"/></net>

<net id="2176"><net_src comp="2172" pin="1"/><net_sink comp="422" pin=2"/></net>

<net id="2180"><net_src comp="644" pin="3"/><net_sink comp="2177" pin=0"/></net>

<net id="2181"><net_src comp="2177" pin="1"/><net_sink comp="432" pin=2"/></net>

<net id="2185"><net_src comp="651" pin="3"/><net_sink comp="2182" pin=0"/></net>

<net id="2186"><net_src comp="2182" pin="1"/><net_sink comp="442" pin=2"/></net>

<net id="2190"><net_src comp="658" pin="3"/><net_sink comp="2187" pin=0"/></net>

<net id="2191"><net_src comp="2187" pin="1"/><net_sink comp="452" pin=2"/></net>

<net id="2195"><net_src comp="665" pin="3"/><net_sink comp="2192" pin=0"/></net>

<net id="2196"><net_src comp="2192" pin="1"/><net_sink comp="462" pin=2"/></net>

<net id="2200"><net_src comp="672" pin="3"/><net_sink comp="2197" pin=0"/></net>

<net id="2201"><net_src comp="2197" pin="1"/><net_sink comp="472" pin=2"/></net>

<net id="2205"><net_src comp="679" pin="3"/><net_sink comp="2202" pin=0"/></net>

<net id="2206"><net_src comp="2202" pin="1"/><net_sink comp="482" pin=2"/></net>

<net id="2210"><net_src comp="686" pin="3"/><net_sink comp="2207" pin=0"/></net>

<net id="2211"><net_src comp="2207" pin="1"/><net_sink comp="492" pin=2"/></net>

<net id="2215"><net_src comp="693" pin="3"/><net_sink comp="2212" pin=0"/></net>

<net id="2216"><net_src comp="2212" pin="1"/><net_sink comp="502" pin=2"/></net>

<net id="2220"><net_src comp="700" pin="3"/><net_sink comp="2217" pin=0"/></net>

<net id="2221"><net_src comp="2217" pin="1"/><net_sink comp="512" pin=0"/></net>

<net id="2225"><net_src comp="707" pin="3"/><net_sink comp="2222" pin=0"/></net>

<net id="2226"><net_src comp="2222" pin="1"/><net_sink comp="522" pin=0"/></net>

<net id="2230"><net_src comp="714" pin="3"/><net_sink comp="2227" pin=0"/></net>

<net id="2231"><net_src comp="2227" pin="1"/><net_sink comp="532" pin=0"/></net>

<net id="2235"><net_src comp="721" pin="3"/><net_sink comp="2232" pin=0"/></net>

<net id="2236"><net_src comp="2232" pin="1"/><net_sink comp="542" pin=0"/></net>

<net id="2240"><net_src comp="728" pin="3"/><net_sink comp="2237" pin=0"/></net>

<net id="2241"><net_src comp="2237" pin="1"/><net_sink comp="552" pin=0"/></net>

<net id="2245"><net_src comp="735" pin="3"/><net_sink comp="2242" pin=0"/></net>

<net id="2246"><net_src comp="2242" pin="1"/><net_sink comp="562" pin=0"/></net>

<net id="2250"><net_src comp="742" pin="3"/><net_sink comp="2247" pin=0"/></net>

<net id="2251"><net_src comp="2247" pin="1"/><net_sink comp="412" pin=0"/></net>

<net id="2255"><net_src comp="749" pin="3"/><net_sink comp="2252" pin=0"/></net>

<net id="2256"><net_src comp="2252" pin="1"/><net_sink comp="422" pin=0"/></net>

<net id="2260"><net_src comp="756" pin="3"/><net_sink comp="2257" pin=0"/></net>

<net id="2261"><net_src comp="2257" pin="1"/><net_sink comp="432" pin=0"/></net>

<net id="2265"><net_src comp="763" pin="3"/><net_sink comp="2262" pin=0"/></net>

<net id="2266"><net_src comp="2262" pin="1"/><net_sink comp="442" pin=0"/></net>

<net id="2270"><net_src comp="770" pin="3"/><net_sink comp="2267" pin=0"/></net>

<net id="2271"><net_src comp="2267" pin="1"/><net_sink comp="452" pin=0"/></net>

<net id="2275"><net_src comp="777" pin="3"/><net_sink comp="2272" pin=0"/></net>

<net id="2276"><net_src comp="2272" pin="1"/><net_sink comp="462" pin=0"/></net>

<net id="2280"><net_src comp="784" pin="3"/><net_sink comp="2277" pin=0"/></net>

<net id="2281"><net_src comp="2277" pin="1"/><net_sink comp="472" pin=0"/></net>

<net id="2285"><net_src comp="791" pin="3"/><net_sink comp="2282" pin=0"/></net>

<net id="2286"><net_src comp="2282" pin="1"/><net_sink comp="482" pin=0"/></net>

<net id="2290"><net_src comp="798" pin="3"/><net_sink comp="2287" pin=0"/></net>

<net id="2291"><net_src comp="2287" pin="1"/><net_sink comp="492" pin=0"/></net>

<net id="2295"><net_src comp="805" pin="3"/><net_sink comp="2292" pin=0"/></net>

<net id="2296"><net_src comp="2292" pin="1"/><net_sink comp="502" pin=0"/></net>

<net id="2300"><net_src comp="1060" pin="35"/><net_sink comp="2297" pin=0"/></net>

<net id="2301"><net_src comp="2297" pin="1"/><net_sink comp="1052" pin=0"/></net>

<net id="2302"><net_src comp="2297" pin="1"/><net_sink comp="1574" pin=0"/></net>

<net id="2303"><net_src comp="2297" pin="1"/><net_sink comp="1656" pin=1"/></net>

<net id="2307"><net_src comp="1132" pin="35"/><net_sink comp="2304" pin=0"/></net>

<net id="2308"><net_src comp="2304" pin="1"/><net_sink comp="1056" pin=0"/></net>

<net id="2309"><net_src comp="2304" pin="1"/><net_sink comp="1663" pin=0"/></net>

<net id="2310"><net_src comp="2304" pin="1"/><net_sink comp="1745" pin=1"/></net>

<net id="2314"><net_src comp="1060" pin="35"/><net_sink comp="2311" pin=0"/></net>

<net id="2315"><net_src comp="2311" pin="1"/><net_sink comp="1591" pin=0"/></net>

<net id="2316"><net_src comp="2311" pin="1"/><net_sink comp="1052" pin=1"/></net>

<net id="2317"><net_src comp="2311" pin="1"/><net_sink comp="1656" pin=2"/></net>

<net id="2321"><net_src comp="1132" pin="35"/><net_sink comp="2318" pin=0"/></net>

<net id="2322"><net_src comp="2318" pin="1"/><net_sink comp="1680" pin=0"/></net>

<net id="2323"><net_src comp="2318" pin="1"/><net_sink comp="1056" pin=1"/></net>

<net id="2324"><net_src comp="2318" pin="1"/><net_sink comp="1745" pin=2"/></net>

<net id="2328"><net_src comp="1571" pin="1"/><net_sink comp="2325" pin=0"/></net>

<net id="2329"><net_src comp="2325" pin="1"/><net_sink comp="1875" pin=1"/></net>

<net id="2333"><net_src comp="1656" pin="3"/><net_sink comp="2330" pin=0"/></net>

<net id="2334"><net_src comp="2330" pin="1"/><net_sink comp="1771" pin=0"/></net>

<net id="2335"><net_src comp="2330" pin="1"/><net_sink comp="1052" pin=0"/></net>

<net id="2336"><net_src comp="2330" pin="1"/><net_sink comp="1853" pin=1"/></net>

<net id="2340"><net_src comp="1745" pin="3"/><net_sink comp="2337" pin=0"/></net>

<net id="2341"><net_src comp="2337" pin="1"/><net_sink comp="1788" pin=0"/></net>

<net id="2342"><net_src comp="2337" pin="1"/><net_sink comp="1052" pin=1"/></net>

<net id="2343"><net_src comp="2337" pin="1"/><net_sink comp="1853" pin=2"/></net>

</net_list>

</model> 
---------------- Datapath Model END ------------------

* FSMD analyzer results:
  - Output states:
	Port: feat2_p | {6 }
	Port: feat2 | {}
	Port: feat2_17 | {}
	Port: feat2_18 | {}
	Port: feat2_19 | {}
	Port: feat2_20 | {}
	Port: feat2_21 | {}
	Port: feat2_22 | {}
	Port: feat2_23 | {}
	Port: feat2_24 | {}
	Port: feat2_25 | {}
	Port: p_ZZ9cnn_accelE5feat2_10 | {}
	Port: p_ZZ9cnn_accelE5feat2_11 | {}
	Port: p_ZZ9cnn_accelE5feat2_12 | {}
	Port: p_ZZ9cnn_accelE5feat2_13 | {}
	Port: p_ZZ9cnn_accelE5feat2_14 | {}
	Port: p_ZZ9cnn_accelE5feat2_15 | {}
	Port: feat2_p_26 | {6 }
	Port: feat2_p_27 | {6 }
	Port: feat2_p_28 | {6 }
	Port: feat2_p_29 | {6 }
	Port: feat2_p_30 | {6 }
	Port: feat2_p_31 | {6 }
	Port: feat2_p_32 | {6 }
	Port: feat2_p_33 | {6 }
	Port: feat2_p_34 | {6 }
	Port: p_ZZ9cnn_accelE7feat2_p_10 | {6 }
	Port: p_ZZ9cnn_accelE7feat2_p_11 | {6 }
	Port: p_ZZ9cnn_accelE7feat2_p_12 | {6 }
	Port: p_ZZ9cnn_accelE7feat2_p_13 | {6 }
	Port: p_ZZ9cnn_accelE7feat2_p_14 | {6 }
	Port: p_ZZ9cnn_accelE7feat2_p_15 | {6 }
 - Input state : 
	Port: cnn_accel_Pipeline_POOL2_ROW_POOL2_COL_POOL2_CH : feat2_p | {}
	Port: cnn_accel_Pipeline_POOL2_ROW_POOL2_COL_POOL2_CH : feat2 | {2 3 4 }
	Port: cnn_accel_Pipeline_POOL2_ROW_POOL2_COL_POOL2_CH : feat2_17 | {2 3 4 }
	Port: cnn_accel_Pipeline_POOL2_ROW_POOL2_COL_POOL2_CH : feat2_18 | {2 3 4 }
	Port: cnn_accel_Pipeline_POOL2_ROW_POOL2_COL_POOL2_CH : feat2_19 | {2 3 4 }
	Port: cnn_accel_Pipeline_POOL2_ROW_POOL2_COL_POOL2_CH : feat2_20 | {2 3 4 }
	Port: cnn_accel_Pipeline_POOL2_ROW_POOL2_COL_POOL2_CH : feat2_21 | {2 3 4 }
	Port: cnn_accel_Pipeline_POOL2_ROW_POOL2_COL_POOL2_CH : feat2_22 | {2 3 4 }
	Port: cnn_accel_Pipeline_POOL2_ROW_POOL2_COL_POOL2_CH : feat2_23 | {2 3 4 }
	Port: cnn_accel_Pipeline_POOL2_ROW_POOL2_COL_POOL2_CH : feat2_24 | {2 3 4 }
	Port: cnn_accel_Pipeline_POOL2_ROW_POOL2_COL_POOL2_CH : feat2_25 | {2 3 4 }
	Port: cnn_accel_Pipeline_POOL2_ROW_POOL2_COL_POOL2_CH : p_ZZ9cnn_accelE5feat2_10 | {2 3 4 }
	Port: cnn_accel_Pipeline_POOL2_ROW_POOL2_COL_POOL2_CH : p_ZZ9cnn_accelE5feat2_11 | {2 3 4 }
	Port: cnn_accel_Pipeline_POOL2_ROW_POOL2_COL_POOL2_CH : p_ZZ9cnn_accelE5feat2_12 | {2 3 4 }
	Port: cnn_accel_Pipeline_POOL2_ROW_POOL2_COL_POOL2_CH : p_ZZ9cnn_accelE5feat2_13 | {2 3 4 }
	Port: cnn_accel_Pipeline_POOL2_ROW_POOL2_COL_POOL2_CH : p_ZZ9cnn_accelE5feat2_14 | {2 3 4 }
	Port: cnn_accel_Pipeline_POOL2_ROW_POOL2_COL_POOL2_CH : p_ZZ9cnn_accelE5feat2_15 | {2 3 4 }
	Port: cnn_accel_Pipeline_POOL2_ROW_POOL2_COL_POOL2_CH : feat2_p_26 | {}
	Port: cnn_accel_Pipeline_POOL2_ROW_POOL2_COL_POOL2_CH : feat2_p_27 | {}
	Port: cnn_accel_Pipeline_POOL2_ROW_POOL2_COL_POOL2_CH : feat2_p_28 | {}
	Port: cnn_accel_Pipeline_POOL2_ROW_POOL2_COL_POOL2_CH : feat2_p_29 | {}
	Port: cnn_accel_Pipeline_POOL2_ROW_POOL2_COL_POOL2_CH : feat2_p_30 | {}
	Port: cnn_accel_Pipeline_POOL2_ROW_POOL2_COL_POOL2_CH : feat2_p_31 | {}
	Port: cnn_accel_Pipeline_POOL2_ROW_POOL2_COL_POOL2_CH : feat2_p_32 | {}
	Port: cnn_accel_Pipeline_POOL2_ROW_POOL2_COL_POOL2_CH : feat2_p_33 | {}
	Port: cnn_accel_Pipeline_POOL2_ROW_POOL2_COL_POOL2_CH : feat2_p_34 | {}
	Port: cnn_accel_Pipeline_POOL2_ROW_POOL2_COL_POOL2_CH : p_ZZ9cnn_accelE7feat2_p_10 | {}
	Port: cnn_accel_Pipeline_POOL2_ROW_POOL2_COL_POOL2_CH : p_ZZ9cnn_accelE7feat2_p_11 | {}
	Port: cnn_accel_Pipeline_POOL2_ROW_POOL2_COL_POOL2_CH : p_ZZ9cnn_accelE7feat2_p_12 | {}
	Port: cnn_accel_Pipeline_POOL2_ROW_POOL2_COL_POOL2_CH : p_ZZ9cnn_accelE7feat2_p_13 | {}
	Port: cnn_accel_Pipeline_POOL2_ROW_POOL2_COL_POOL2_CH : p_ZZ9cnn_accelE7feat2_p_14 | {}
	Port: cnn_accel_Pipeline_POOL2_ROW_POOL2_COL_POOL2_CH : p_ZZ9cnn_accelE7feat2_p_15 | {}
  - Chain level:
	State 1
		store_ln0 : 1
		store_ln168 : 1
		store_ln0 : 1
		store_ln170 : 1
		store_ln172 : 1
	State 2
		icmp_ln168 : 1
		add_ln168_1 : 1
		br_ln168 : 2
		add_ln168 : 1
		icmp_ln170 : 1
		select_ln168 : 2
		xor_ln168 : 2
		icmp_ln172 : 1
		and_ln168 : 2
		select_ln168_1 : 2
		add_ln170 : 3
		empty : 2
		m_3_mid2 : 2
		select_ln170 : 2
		tmp_s : 3
		tmp_37_cast : 4
		empty_59 : 5
		tmp_3 : 3
		tmp_39_cast : 4
		empty_62 : 5
		p_cast1 : 6
		p_ZZ9cnn_accelE5feat2_10_addr : 7
		p_ZZ9cnn_accelE5feat2_11_addr : 7
		p_ZZ9cnn_accelE5feat2_12_addr : 7
		p_ZZ9cnn_accelE5feat2_13_addr : 7
		p_ZZ9cnn_accelE5feat2_14_addr : 7
		cnn_accel_feat2 : 7
		feat2_addr : 7
		feat2_17_addr : 7
		feat2_18_addr : 7
		feat2_19_addr : 7
		feat2_20_addr : 7
		feat2_21_addr : 7
		feat2_22_addr : 7
		feat2_23_addr : 7
		feat2_24_addr : 7
		feat2_25_addr : 7
		tmp_4 : 3
		tmp_40_cast : 4
		empty_64 : 5
		p_cast3 : 6
		p_ZZ9cnn_accelE5feat2_10_addr_2 : 7
		p_ZZ9cnn_accelE5feat2_11_addr_2 : 7
		p_ZZ9cnn_accelE5feat2_12_addr_2 : 7
		p_ZZ9cnn_accelE5feat2_13_addr_2 : 7
		p_ZZ9cnn_accelE5feat2_14_addr_2 : 7
		cnn_accel_feat2_addr_2_s : 7
		feat2_addr_2 : 7
		feat2_17_addr_2 : 7
		feat2_18_addr_2 : 7
		feat2_19_addr_2 : 7
		feat2_20_addr_2 : 7
		feat2_21_addr_2 : 7
		feat2_22_addr_2 : 7
		feat2_23_addr_2 : 7
		feat2_24_addr_2 : 7
		feat2_25_addr_2 : 7
		feat2_load : 8
		feat2_17_load : 8
		feat2_18_load : 8
		feat2_19_load : 8
		feat2_20_load : 8
		feat2_21_load : 8
		feat2_22_load : 8
		feat2_23_load : 8
		feat2_24_load : 8
		feat2_25_load : 8
		p_ZZ9cnn_accelE5feat2_10_load : 8
		cnn_accel_feat2_66 : 8
		cnn_accel_feat2_67 : 8
		cnn_accel_feat2_68 : 8
		cnn_accel_feat2_69 : 8
		cnn_accel_feat2_70 : 8
		feat2_load_2 : 8
		feat2_17_load_2 : 8
		feat2_18_load_2 : 8
		feat2_19_load_2 : 8
		feat2_20_load_2 : 8
		feat2_21_load_2 : 8
		feat2_22_load_2 : 8
		feat2_23_load_2 : 8
		feat2_24_load_2 : 8
		feat2_25_load_2 : 8
		p_ZZ9cnn_accelE5feat2_10_load_2 : 8
		cnn_accel_feat2_long_unsigned_int128_signed_char_double_2_s : 8
		cnn_accel_feat2_l_unsigned_int128_signed_char_double_2_s : 8
		cnn_accel_feat2_lo_signed_char_double_2_s : 8
		cnn_accel_feat2_loa_double_2_s : 8
		cnn_accel_feat2_load_2_s : 8
		trunc_ln172 : 3
		switch_ln180 : 4
	State 3
		empty_58 : 1
		tmp_38_cast : 1
		empty_60 : 2
		empty_63 : 3
		p_cast2 : 4
		p_ZZ9cnn_accelE5feat2_10_addr_1 : 5
		p_ZZ9cnn_accelE5feat2_11_addr_1 : 5
		p_ZZ9cnn_accelE5feat2_12_addr_1 : 5
		p_ZZ9cnn_accelE5feat2_13_addr_1 : 5
		p_ZZ9cnn_accelE5feat2_14_addr_1 : 5
		cnn_accel_feat2_addr_1_s : 5
		feat2_addr_1 : 5
		feat2_17_addr_1 : 5
		feat2_18_addr_1 : 5
		feat2_19_addr_1 : 5
		feat2_20_addr_1 : 5
		feat2_21_addr_1 : 5
		feat2_22_addr_1 : 5
		feat2_23_addr_1 : 5
		feat2_24_addr_1 : 5
		feat2_25_addr_1 : 5
		empty_65 : 3
		p_cast4 : 4
		p_ZZ9cnn_accelE5feat2_10_addr_3 : 5
		p_ZZ9cnn_accelE5feat2_11_addr_3 : 5
		p_ZZ9cnn_accelE5feat2_12_addr_3 : 5
		p_ZZ9cnn_accelE5feat2_13_addr_3 : 5
		p_ZZ9cnn_accelE5feat2_14_addr_3 : 5
		cnn_accel_feat2_addr_3_s : 5
		feat2_addr_3 : 5
		feat2_17_addr_3 : 5
		feat2_18_addr_3 : 5
		feat2_19_addr_3 : 5
		feat2_20_addr_3 : 5
		feat2_21_addr_3 : 5
		feat2_22_addr_3 : 5
		feat2_23_addr_3 : 5
		feat2_24_addr_3 : 5
		feat2_25_addr_3 : 5
		feat2_load_1 : 6
		feat2_17_load_1 : 6
		feat2_18_load_1 : 6
		feat2_19_load_1 : 6
		feat2_20_load_1 : 6
		feat2_21_load_1 : 6
		feat2_22_load_1 : 6
		feat2_23_load_1 : 6
		feat2_24_load_1 : 6
		feat2_25_load_1 : 6
		p_ZZ9cnn_accelE5feat2_10_load_1 : 6
		cnn_accel_feat2_long_unsigned_int128_signed_char_double_1_s : 6
		cnn_accel_feat2_l_unsigned_int128_signed_char_double_1_s : 6
		cnn_accel_feat2_lo_signed_char_double_1_s : 6
		cnn_accel_feat2_loa_double_1_s : 6
		cnn_accel_feat2_load_1_s : 6
		feat2_load_3 : 6
		feat2_17_load_3 : 6
		feat2_18_load_3 : 6
		feat2_19_load_3 : 6
		feat2_20_load_3 : 6
		feat2_21_load_3 : 6
		feat2_22_load_3 : 6
		feat2_23_load_3 : 6
		feat2_24_load_3 : 6
		feat2_25_load_3 : 6
		p_ZZ9cnn_accelE5feat2_10_load_3 : 6
		cnn_accel_feat2_long_unsigned_int128_signed_char_double_3_s : 6
		cnn_accel_feat2_l_unsigned_int128_signed_char_double_3_s : 6
		cnn_accel_feat2_lo_signed_char_double_3_s : 6
		cnn_accel_feat2_loa_double_3_s : 6
		cnn_accel_feat2_load_3_s : 6
		m0 : 1
		m2 : 1
		select_ln170_1 : 1
		store_ln170 : 2
		store_ln172 : 1
	State 4
		m1 : 1
		m3 : 1
		tmp_7 : 2
		tmp_10 : 2
	State 5
		empty_61 : 1
		tmp_5 : 1
		trunc_ln178 : 1
		tmp_6 : 1
		trunc_ln178_1 : 1
		icmp_ln178 : 2
		icmp_ln178_1 : 2
		or_ln178 : 3
		icmp_ln178_2 : 2
		icmp_ln178_3 : 2
		or_ln178_1 : 3
		and_ln178 : 3
		and_ln178_1 : 3
		mx : 3
		tmp_8 : 1
		trunc_ln179 : 1
		tmp_9 : 1
		trunc_ln179_1 : 1
		icmp_ln179 : 2
		icmp_ln179_1 : 2
		or_ln179 : 3
		icmp_ln179_2 : 2
		icmp_ln179_3 : 2
		or_ln179_1 : 3
		and_ln179 : 3
		and_ln179_1 : 3
		my : 3
		tmp_13 : 4
	State 6
		p_cast : 1
		p_ZZ9cnn_accelE7feat2_p_10_addr : 2
		p_ZZ9cnn_accelE7feat2_p_11_addr : 2
		p_ZZ9cnn_accelE7feat2_p_12_addr : 2
		p_ZZ9cnn_accelE7feat2_p_13_addr : 2
		p_ZZ9cnn_accelE7feat2_p_14_addr : 2
		cnn_accel_feat2_p : 2
		feat2_p_addr : 2
		feat2_p_26_addr : 2
		feat2_p_27_addr : 2
		feat2_p_28_addr : 2
		feat2_p_29_addr : 2
		feat2_p_30_addr : 2
		feat2_p_31_addr : 2
		feat2_p_32_addr : 2
		feat2_p_33_addr : 2
		feat2_p_34_addr : 2
		tmp_11 : 1
		trunc_ln180 : 1
		tmp_12 : 1
		trunc_ln180_1 : 1
		icmp_ln180_1 : 2
		icmp_ln180_2 : 2
		or_ln180 : 3
		icmp_ln180_3 : 2
		icmp_ln180_4 : 2
		or_ln180_1 : 3
		and_ln180 : 3
		and_ln180_1 : 3
		select_ln180 : 3
		store_ln180 : 4
		store_ln180 : 4
		store_ln180 : 4
		store_ln180 : 4
		store_ln180 : 4
		store_ln180 : 4
		store_ln180 : 4
		store_ln180 : 4
		store_ln180 : 4
		store_ln180 : 4
		store_ln180 : 4
		store_ln180 : 4
		store_ln180 : 4
		store_ln180 : 4
		store_ln180 : 4
		store_ln180 : 4


============================================================
+ Verbose Summary: Datapath Resource usage 
============================================================

* Functional unit list:
|----------|-----------------------------|---------|---------|---------|
| Operation|       Functional Unit       |   DSP   |    FF   |   LUT   |
|----------|-----------------------------|---------|---------|---------|
|          |      icmp_ln168_fu_1235     |    0    |    0    |    24   |
|          |      icmp_ln170_fu_1262     |    0    |    0    |    19   |
|          |      icmp_ln172_fu_1282     |    0    |    0    |    13   |
|          |      icmp_ln178_fu_1608     |    0    |    0    |    15   |
|          |     icmp_ln178_1_fu_1614    |    0    |    0    |    30   |
|          |     icmp_ln178_2_fu_1626    |    0    |    0    |    15   |
|          |     icmp_ln178_3_fu_1632    |    0    |    0    |    30   |
|   icmp   |      icmp_ln179_fu_1697     |    0    |    0    |    15   |
|          |     icmp_ln179_1_fu_1703    |    0    |    0    |    30   |
|          |     icmp_ln179_2_fu_1715    |    0    |    0    |    15   |
|          |     icmp_ln179_3_fu_1721    |    0    |    0    |    30   |
|          |     icmp_ln180_1_fu_1805    |    0    |    0    |    15   |
|          |     icmp_ln180_2_fu_1811    |    0    |    0    |    30   |
|          |     icmp_ln180_3_fu_1823    |    0    |    0    |    15   |
|          |     icmp_ln180_4_fu_1829    |    0    |    0    |    30   |
|----------|-----------------------------|---------|---------|---------|
|          |     add_ln168_1_fu_1241     |    0    |    0    |    24   |
|          |      add_ln168_fu_1256      |    0    |    0    |    14   |
|          |      add_ln170_fu_1302      |    0    |    0    |    14   |
|          |       empty_62_fu_1360      |    0    |    0    |    22   |
|    add   |       empty_64_fu_1398      |    0    |    0    |    22   |
|          |       empty_63_fu_1482      |    0    |    0    |    22   |
|          |       empty_65_fu_1507      |    0    |    0    |    22   |
|          |      add_ln172_fu_1532      |    0    |    0    |    13   |
|          |     add_ln170_1_fu_1537     |    0    |    0    |    19   |
|----------|-----------------------------|---------|---------|---------|
|          |     select_ln168_fu_1268    |    0    |    0    |    7    |
|          |    select_ln168_1_fu_1294   |    0    |    0    |    6    |
|          |       m_3_mid2_fu_1314      |    0    |    0    |    5    |
|  select  |     select_ln170_fu_1322    |    0    |    0    |    7    |
|          |    select_ln170_1_fu_1542   |    0    |    0    |    12   |
|          |          mx_fu_1656         |    0    |    0    |    32   |
|          |          my_fu_1745         |    0    |    0    |    32   |
|          |     select_ln180_fu_1853    |    0    |    0    |    32   |
|----------|-----------------------------|---------|---------|---------|
| sparsemux|         grp_fu_1060         |    0    |    0    |    65   |
|          |         grp_fu_1132         |    0    |    0    |    65   |
|----------|-----------------------------|---------|---------|---------|
|    mul   |       empty_59_fu_1342      |    0    |    0    |    50   |
|          |       empty_60_fu_1476      |    0    |    0    |    50   |
|----------|-----------------------------|---------|---------|---------|
|          |      and_ln168_fu_1288      |    0    |    0    |    2    |
|          |      and_ln178_fu_1644      |    0    |    0    |    2    |
|          |     and_ln178_1_fu_1650     |    0    |    0    |    2    |
|    and   |      and_ln179_fu_1733      |    0    |    0    |    2    |
|          |     and_ln179_1_fu_1739     |    0    |    0    |    2    |
|          |      and_ln180_fu_1841      |    0    |    0    |    2    |
|          |     and_ln180_1_fu_1847     |    0    |    0    |    2    |
|----------|-----------------------------|---------|---------|---------|
|          |        empty_fu_1308        |    0    |    0    |    2    |
|          |       or_ln178_fu_1620      |    0    |    0    |    2    |
|          |      or_ln178_1_fu_1638     |    0    |    0    |    2    |
|    or    |       or_ln179_fu_1709      |    0    |    0    |    2    |
|          |      or_ln179_1_fu_1727     |    0    |    0    |    2    |
|          |       or_ln180_fu_1817      |    0    |    0    |    2    |
|          |      or_ln180_1_fu_1835     |    0    |    0    |    2    |
|----------|-----------------------------|---------|---------|---------|
|    xor   |      xor_ln168_fu_1276      |    0    |    0    |    2    |
|----------|-----------------------------|---------|---------|---------|
|  muladd  |         grp_fu_1875         |    1    |    0    |    0    |
|----------|-----------------------------|---------|---------|---------|
|   fcmp   |         grp_fu_1052         |    0    |    0    |    0    |
|          |         grp_fu_1056         |    0    |    0    |    0    |
|----------|-----------------------------|---------|---------|---------|
|          |        tmp_s_fu_1330        |    0    |    0    |    0    |
|bitconcatenate|        tmp_3_fu_1348        |    0    |    0    |    0    |
|          |        tmp_4_fu_1386        |    0    |    0    |    0    |
|          |        tmp_2_fu_1465        |    0    |    0    |    0    |
|----------|-----------------------------|---------|---------|---------|
|          |     tmp_37_cast_fu_1338     |    0    |    0    |    0    |
|          |     tmp_39_cast_fu_1356     |    0    |    0    |    0    |
|          |       p_cast1_fu_1366       |    0    |    0    |    0    |
|          |     tmp_40_cast_fu_1394     |    0    |    0    |    0    |
|          |       p_cast3_fu_1404       |    0    |    0    |    0    |
|   zext   | select_ln168_1_cast_fu_1462 |    0    |    0    |    0    |
|          |     tmp_38_cast_fu_1472     |    0    |    0    |    0    |
|          |       p_cast2_fu_1487       |    0    |    0    |    0    |
|          |       p_cast4_fu_1512       |    0    |    0    |    0    |
|          |  select_ln170_cast_fu_1571  |    0    |    0    |    0    |
|          |        p_cast_fu_1752       |    0    |    0    |    0    |
|----------|-----------------------------|---------|---------|---------|
|          |     trunc_ln172_fu_1424     |    0    |    0    |    0    |
|          |     trunc_ln178_fu_1587     |    0    |    0    |    0    |
|          |    trunc_ln178_1_fu_1604    |    0    |    0    |    0    |
|   trunc  |     trunc_ln179_fu_1676     |    0    |    0    |    0    |
|          |    trunc_ln179_1_fu_1693    |    0    |    0    |    0    |
|          |     trunc_ln180_fu_1784     |    0    |    0    |    0    |
|          |    trunc_ln180_1_fu_1801    |    0    |    0    |    0    |
|----------|-----------------------------|---------|---------|---------|
|  switch  |     switch_ln180_fu_1428    |    0    |    0    |    0    |
|----------|-----------------------------|---------|---------|---------|
|          |        tmp_5_fu_1577        |    0    |    0    |    0    |
|          |        tmp_6_fu_1594        |    0    |    0    |    0    |
|partselect|        tmp_8_fu_1666        |    0    |    0    |    0    |
|          |        tmp_9_fu_1683        |    0    |    0    |    0    |
|          |        tmp_11_fu_1774       |    0    |    0    |    0    |
|          |        tmp_12_fu_1791       |    0    |    0    |    0    |
|----------|-----------------------------|---------|---------|---------|
|   Total  |                             |    1    |    0    |   891   |
|----------|-----------------------------|---------|---------|---------|

Memories:
N/A

* Register list:
+----------------------------------------+--------+
|                                        |   FF   |
+----------------------------------------+--------+
|          add_ln168_1_reg_1928          |   17   |
|    cnn_accel_feat2_addr_1_s_reg_2162   |   15   |
|    cnn_accel_feat2_addr_2_s_reg_2071   |   15   |
|    cnn_accel_feat2_addr_3_s_reg_2242   |   15   |
|        cnn_accel_feat2_reg_1986        |   15   |
|        feat2_17_addr_1_reg_2172        |   15   |
|        feat2_17_addr_2_reg_2081        |   15   |
|        feat2_17_addr_3_reg_2252        |   15   |
|         feat2_17_addr_reg_1996         |   15   |
|        feat2_18_addr_1_reg_2177        |   15   |
|        feat2_18_addr_2_reg_2086        |   15   |
|        feat2_18_addr_3_reg_2257        |   15   |
|         feat2_18_addr_reg_2001         |   15   |
|        feat2_19_addr_1_reg_2182        |   15   |
|        feat2_19_addr_2_reg_2091        |   15   |
|        feat2_19_addr_3_reg_2262        |   15   |
|         feat2_19_addr_reg_2006         |   15   |
|        feat2_20_addr_1_reg_2187        |   15   |
|        feat2_20_addr_2_reg_2096        |   15   |
|        feat2_20_addr_3_reg_2267        |   15   |
|         feat2_20_addr_reg_2011         |   15   |
|        feat2_21_addr_1_reg_2192        |   15   |
|        feat2_21_addr_2_reg_2101        |   15   |
|        feat2_21_addr_3_reg_2272        |   15   |
|         feat2_21_addr_reg_2016         |   15   |
|        feat2_22_addr_1_reg_2197        |   15   |
|        feat2_22_addr_2_reg_2106        |   15   |
|        feat2_22_addr_3_reg_2277        |   15   |
|         feat2_22_addr_reg_2021         |   15   |
|        feat2_23_addr_1_reg_2202        |   15   |
|        feat2_23_addr_2_reg_2111        |   15   |
|        feat2_23_addr_3_reg_2282        |   15   |
|         feat2_23_addr_reg_2026         |   15   |
|        feat2_24_addr_1_reg_2207        |   15   |
|        feat2_24_addr_2_reg_2116        |   15   |
|        feat2_24_addr_3_reg_2287        |   15   |
|         feat2_24_addr_reg_2031         |   15   |
|        feat2_25_addr_1_reg_2212        |   15   |
|        feat2_25_addr_2_reg_2121        |   15   |
|        feat2_25_addr_3_reg_2292        |   15   |
|         feat2_25_addr_reg_2036         |   15   |
|          feat2_addr_1_reg_2167         |   15   |
|          feat2_addr_2_reg_2076         |   15   |
|          feat2_addr_3_reg_2247         |   15   |
|           feat2_addr_reg_1991          |   15   |
|               i_reg_1905               |    6   |
|           icmp_ln168_reg_1924          |    1   |
|           icmp_ln170_reg_1933          |    1   |
|       indvar_flatten110_reg_1912       |   17   |
|     indvar_flatten97_load_reg_1919     |   12   |
|        indvar_flatten97_reg_1898       |   12   |
|               j_reg_1891               |    7   |
|               m0_reg_2297              |   32   |
|               m1_reg_2311              |   32   |
|               m2_reg_2304              |   32   |
|               m3_reg_2318              |   32   |
|            m_3_mid2_reg_1945           |    5   |
|               m_reg_1884               |    5   |
|               mx_reg_2330              |   32   |
|               my_reg_2337              |   32   |
|p_ZZ9cnn_accelE5feat2_10_addr_1_reg_2137|   15   |
|p_ZZ9cnn_accelE5feat2_10_addr_2_reg_2046|   15   |
|p_ZZ9cnn_accelE5feat2_10_addr_3_reg_2217|   15   |
| p_ZZ9cnn_accelE5feat2_10_addr_reg_1961 |   15   |
|p_ZZ9cnn_accelE5feat2_11_addr_1_reg_2142|   15   |
|p_ZZ9cnn_accelE5feat2_11_addr_2_reg_2051|   15   |
|p_ZZ9cnn_accelE5feat2_11_addr_3_reg_2222|   15   |
| p_ZZ9cnn_accelE5feat2_11_addr_reg_1966 |   15   |
|p_ZZ9cnn_accelE5feat2_12_addr_1_reg_2147|   15   |
|p_ZZ9cnn_accelE5feat2_12_addr_2_reg_2056|   15   |
|p_ZZ9cnn_accelE5feat2_12_addr_3_reg_2227|   15   |
| p_ZZ9cnn_accelE5feat2_12_addr_reg_1971 |   15   |
|p_ZZ9cnn_accelE5feat2_13_addr_1_reg_2152|   15   |
|p_ZZ9cnn_accelE5feat2_13_addr_2_reg_2061|   15   |
|p_ZZ9cnn_accelE5feat2_13_addr_3_reg_2232|   15   |
| p_ZZ9cnn_accelE5feat2_13_addr_reg_1976 |   15   |
|p_ZZ9cnn_accelE5feat2_14_addr_1_reg_2157|   15   |
|p_ZZ9cnn_accelE5feat2_14_addr_2_reg_2066|   15   |
|p_ZZ9cnn_accelE5feat2_14_addr_3_reg_2237|   15   |
| p_ZZ9cnn_accelE5feat2_14_addr_reg_1981 |   15   |
|      select_ln168_1_cast_reg_2132      |   13   |
|         select_ln168_1_reg_1938        |    6   |
|       select_ln170_cast_reg_2325       |   13   |
|          select_ln170_reg_1950         |    7   |
|          tmp_39_cast_reg_1956          |   15   |
|          tmp_40_cast_reg_2041          |   15   |
|          trunc_ln172_reg_2126          |    4   |
+----------------------------------------+--------+
|                  Total                 |  1308  |
+----------------------------------------+--------+

* Multiplexer (MUX) list: 
|-------------------|------|------|------|--------||---------||---------||---------|
|        Comp       |  Pin | Size |  BW  | S x BW ||  Delay  ||    FF   ||   LUT   |
|-------------------|------|------|------|--------||---------||---------||---------|
| grp_access_fu_412 |  p0  |   4  |  15  |   60   ||    0    ||    17   |
| grp_access_fu_412 |  p2  |   4  |   0  |    0   ||    0    ||    17   |
| grp_access_fu_422 |  p0  |   4  |  15  |   60   ||    0    ||    17   |
| grp_access_fu_422 |  p2  |   4  |   0  |    0   ||    0    ||    17   |
| grp_access_fu_432 |  p0  |   4  |  15  |   60   ||    0    ||    17   |
| grp_access_fu_432 |  p2  |   4  |   0  |    0   ||    0    ||    17   |
| grp_access_fu_442 |  p0  |   4  |  15  |   60   ||    0    ||    17   |
| grp_access_fu_442 |  p2  |   4  |   0  |    0   ||    0    ||    17   |
| grp_access_fu_452 |  p0  |   4  |  15  |   60   ||    0    ||    17   |
| grp_access_fu_452 |  p2  |   4  |   0  |    0   ||    0    ||    17   |
| grp_access_fu_462 |  p0  |   4  |  15  |   60   ||    0    ||    17   |
| grp_access_fu_462 |  p2  |   4  |   0  |    0   ||    0    ||    17   |
| grp_access_fu_472 |  p0  |   4  |  15  |   60   ||    0    ||    17   |
| grp_access_fu_472 |  p2  |   4  |   0  |    0   ||    0    ||    17   |
| grp_access_fu_482 |  p0  |   4  |  15  |   60   ||    0    ||    17   |
| grp_access_fu_482 |  p2  |   4  |   0  |    0   ||    0    ||    17   |
| grp_access_fu_492 |  p0  |   4  |  15  |   60   ||    0    ||    17   |
| grp_access_fu_492 |  p2  |   4  |   0  |    0   ||    0    ||    17   |
| grp_access_fu_502 |  p0  |   4  |  15  |   60   ||    0    ||    17   |
| grp_access_fu_502 |  p2  |   4  |   0  |    0   ||    0    ||    17   |
| grp_access_fu_512 |  p0  |   4  |  15  |   60   ||    0    ||    17   |
| grp_access_fu_512 |  p2  |   4  |   0  |    0   ||    0    ||    17   |
| grp_access_fu_522 |  p0  |   4  |  15  |   60   ||    0    ||    17   |
| grp_access_fu_522 |  p2  |   4  |   0  |    0   ||    0    ||    17   |
| grp_access_fu_532 |  p0  |   4  |  15  |   60   ||    0    ||    17   |
| grp_access_fu_532 |  p2  |   4  |   0  |    0   ||    0    ||    17   |
| grp_access_fu_542 |  p0  |   4  |  15  |   60   ||    0    ||    17   |
| grp_access_fu_542 |  p2  |   4  |   0  |    0   ||    0    ||    17   |
| grp_access_fu_552 |  p0  |   4  |  15  |   60   ||    0    ||    17   |
| grp_access_fu_552 |  p2  |   4  |   0  |    0   ||    0    ||    17   |
| grp_access_fu_562 |  p0  |   4  |  15  |   60   ||    0    ||    17   |
| grp_access_fu_562 |  p2  |   4  |   0  |    0   ||    0    ||    17   |
|    grp_fu_1052    |  p0  |   3  |  32  |   96   ||    0    ||    13   |
|    grp_fu_1052    |  p1  |   4  |  32  |   128  ||    0    ||    17   |
|    grp_fu_1056    |  p1  |   2  |  32  |   64   ||    0    ||    9    |
|    grp_fu_1875    |  p0  |   2  |   7  |   14   ||    0    ||    9    |
|    grp_fu_1875    |  p1  |   2  |   6  |   12   ||    0    ||    9    |
|-------------------|------|------|------|--------||---------||---------||---------|
|       Total       |      |      |      |  1274  || 50.6774 ||    0    ||   601   |
|-------------------|------|------|------|--------||---------||---------||---------|



* Summary:
+-----------+--------+--------+--------+--------+
|           |   DSP  |  Delay |   FF   |   LUT  |
+-----------+--------+--------+--------+--------+
|  Function |    1   |    -   |    0   |   891  |
|   Memory  |    -   |    -   |    -   |    -   |
|Multiplexer|    -   |   50   |    0   |   601  |
|  Register |    -   |    -   |  1308  |    -   |
+-----------+--------+--------+--------+--------+
|   Total   |    1   |   50   |  1308  |  1492  |
+-----------+--------+--------+--------+--------+
