

================================================================
== Vitis HLS Report for 'conv1'
================================================================
* Date:           Tue Jul  8 02:25:37 2025

* Version:        2025.1 (Build 6135595 on May 21 2025)
* Project:        cnn_accel
* Solution:       hls (Vivado IP Flow Target)
* Product family: artix7
* Target device:  xc7a100t-fgg484-2L


================================================================
== Performance Estimates
================================================================
+ Timing: 
    * Summary: 
    +--------+----------+----------+------------+
    |  Clock |  Target  | Estimated| Uncertainty|
    +--------+----------+----------+------------+
    |ap_clk  |  10.00 ns|  6.993 ns|     2.70 ns|
    +--------+----------+----------+------------+

+ Latency: 
    * Summary: 
    +---------+---------+-----------+-----------+---------+---------+---------+
    |  Latency (cycles) |   Latency (absolute)  |      Interval     | Pipeline|
    |   min   |   max   |    min    |    max    |   min   |   max   |   Type  |
    +---------+---------+-----------+-----------+---------+---------+---------+
    |  5449385|  5449385|  54.494 ms|  54.494 ms|  5449385|  5449385|       no|
    +---------+---------+-----------+-----------+---------+---------+---------+

    + Detail: 
        * Instance: 
        N/A

        * Loop: 
        +---------------------------------+---------+---------+----------+-----------+-----------+--------+----------+
        |                                 |  Latency (cycles) | Iteration|  Initiation Interval  |  Trip  |          |
        |            Loop Name            |   min   |   max   |  Latency |  achieved |   target  |  Count | Pipelined|
        +---------------------------------+---------+---------+----------+-----------+-----------+--------+----------+
        |- CONV1_ROW_CONV1_COL_CONV1_FIL  |  5449383|  5449383|       145|          9|          3|  605472|       yes|
        +---------------------------------+---------+---------+----------+-----------+-----------+--------+----------+

============================================================
+ Verbose Summary: Synthesis Manager
============================================================
InlineROM: 1
ExposeGlobal: 0
============================================================
+ Verbose Summary: CDFG Model
============================================================
IsTopModel: 0
ResetActiveHigh: 1
IsCombinational: 0
IsDatapathOnly: 0
HasWiredReturn: 1
HasMFsm: 2
HasVarLatency: 1
IsPipeline: 0
IsRtlPipelined: 0
IsInstanceOverlapped: 0
IsDontTouch: 0
HasImplIP: 0
IsGatedGlobalClock: 0

+ Individual pipeline summary: 
  * Pipeline-0: initiation interval (II) = 9, depth = 145


============================================================
+ Verbose Summary: Schedule
============================================================
* Number of FSM states : 147
* Pipeline : 1
  Pipeline-0 : II = 9, D = 145, States = { 2 3 4 5 6 7 8 9 10 11 12 13 14 15 16 17 18 19 20 21 22 23 24 25 26 27 28 29 30 31 32 33 34 35 36 37 38 39 40 41 42 43 44 45 46 47 48 49 50 51 52 53 54 55 56 57 58 59 60 61 62 63 64 65 66 67 68 69 70 71 72 73 74 75 76 77 78 79 80 81 82 83 84 85 86 87 88 89 90 91 92 93 94 95 96 97 98 99 100 101 102 103 104 105 106 107 108 109 110 111 112 113 114 115 116 117 118 119 120 121 122 123 124 125 126 127 128 129 130 131 132 133 134 135 136 137 138 139 140 141 142 143 144 145 146 }
* Dataflow Pipeline: 0

* FSM state transitions: 
1 --> 2 
2 --> 147 3 
3 --> 4 
4 --> 5 
5 --> 6 
6 --> 7 
7 --> 8 
8 --> 9 
9 --> 10 
10 --> 11 
11 --> 12 
12 --> 13 
13 --> 14 
14 --> 15 
15 --> 16 
16 --> 17 
17 --> 18 
18 --> 19 
19 --> 20 
20 --> 21 
21 --> 22 
22 --> 23 
23 --> 24 
24 --> 25 
25 --> 26 
26 --> 27 
27 --> 28 
28 --> 29 
29 --> 30 
30 --> 31 
31 --> 32 
32 --> 33 
33 --> 34 
34 --> 35 
35 --> 36 
36 --> 37 
37 --> 38 
38 --> 39 
39 --> 40 
40 --> 41 
41 --> 42 
42 --> 43 
43 --> 44 
44 --> 45 
45 --> 46 
46 --> 47 
47 --> 48 
48 --> 49 
49 --> 50 
50 --> 51 
51 --> 52 
52 --> 53 
53 --> 54 
54 --> 55 
55 --> 56 
56 --> 57 
57 --> 58 
58 --> 59 
59 --> 60 
60 --> 61 
61 --> 62 
62 --> 63 
63 --> 64 
64 --> 65 
65 --> 66 
66 --> 67 
67 --> 68 
68 --> 69 
69 --> 70 
70 --> 71 
71 --> 72 
72 --> 73 
73 --> 74 
74 --> 75 
75 --> 76 
76 --> 77 
77 --> 78 
78 --> 79 
79 --> 80 
80 --> 81 
81 --> 82 
82 --> 83 
83 --> 84 
84 --> 85 
85 --> 86 
86 --> 87 
87 --> 88 
88 --> 89 
89 --> 90 
90 --> 91 
91 --> 92 
92 --> 93 
93 --> 94 
94 --> 95 
95 --> 96 
96 --> 97 
97 --> 98 
98 --> 99 
99 --> 100 
100 --> 101 
101 --> 102 
102 --> 103 
103 --> 104 
104 --> 105 
105 --> 106 
106 --> 107 
107 --> 108 
108 --> 109 
109 --> 110 
110 --> 111 
111 --> 112 
112 --> 113 
113 --> 114 
114 --> 115 
115 --> 116 
116 --> 117 
117 --> 118 
118 --> 119 
119 --> 120 
120 --> 121 
121 --> 122 
122 --> 123 
123 --> 124 
124 --> 125 
125 --> 126 
126 --> 127 
127 --> 128 
128 --> 129 
129 --> 130 
130 --> 131 
131 --> 132 
132 --> 133 
133 --> 134 
134 --> 135 
135 --> 136 
136 --> 137 
137 --> 138 
138 --> 139 
139 --> 140 
140 --> 141 
141 --> 142 
142 --> 143 
143 --> 144 
144 --> 145 
145 --> 146 
146 --> 2 
147 --> 

* FSM state operations: 

State 1 <SV = 0> <Delay = 1.32>
ST_1 : Operation 148 [1/1] (0.00ns)   --->   "%m = alloca i32 1" [../hls_files/conv_pool.cpp:215]   --->   Operation 148 'alloca' 'm' <Predicate = true> <Delay = 0.00>
ST_1 : Operation 149 [1/1] (0.00ns)   --->   "%j = alloca i32 1" [../hls_files/conv_pool.cpp:214]   --->   Operation 149 'alloca' 'j' <Predicate = true> <Delay = 0.00>
ST_1 : Operation 150 [1/1] (0.00ns)   --->   "%indvar_flatten = alloca i32 1"   --->   Operation 150 'alloca' 'indvar_flatten' <Predicate = true> <Delay = 0.00>
ST_1 : Operation 151 [1/1] (0.00ns)   --->   "%i = alloca i32 1" [../hls_files/conv_pool.cpp:213]   --->   Operation 151 'alloca' 'i' <Predicate = true> <Delay = 0.00>
ST_1 : Operation 152 [1/1] (0.00ns)   --->   "%indvar_flatten14 = alloca i32 1"   --->   Operation 152 'alloca' 'indvar_flatten14' <Predicate = true> <Delay = 0.00>
ST_1 : Operation 153 [1/1] (0.00ns)   --->   "%b1_local_load = load i32 %b1_local"   --->   Operation 153 'load' 'b1_local_load' <Predicate = true> <Delay = 0.00>
ST_1 : Operation 154 [1/1] (0.00ns)   --->   "%b1_local_10_load = load i32 %b1_local_10"   --->   Operation 154 'load' 'b1_local_10_load' <Predicate = true> <Delay = 0.00>
ST_1 : Operation 155 [1/1] (0.00ns)   --->   "%b1_local_11_load = load i32 %b1_local_11"   --->   Operation 155 'load' 'b1_local_11_load' <Predicate = true> <Delay = 0.00>
ST_1 : Operation 156 [1/1] (0.00ns)   --->   "%b1_local_12_load = load i32 %b1_local_12"   --->   Operation 156 'load' 'b1_local_12_load' <Predicate = true> <Delay = 0.00>
ST_1 : Operation 157 [1/1] (0.00ns)   --->   "%b1_local_13_load = load i32 %b1_local_13"   --->   Operation 157 'load' 'b1_local_13_load' <Predicate = true> <Delay = 0.00>
ST_1 : Operation 158 [1/1] (0.00ns)   --->   "%b1_local_14_load = load i32 %b1_local_14"   --->   Operation 158 'load' 'b1_local_14_load' <Predicate = true> <Delay = 0.00>
ST_1 : Operation 159 [1/1] (0.00ns)   --->   "%b1_local_15_load = load i32 %b1_local_15"   --->   Operation 159 'load' 'b1_local_15_load' <Predicate = true> <Delay = 0.00>
ST_1 : Operation 160 [1/1] (0.00ns)   --->   "%b1_local_16_load = load i32 %b1_local_16"   --->   Operation 160 'load' 'b1_local_16_load' <Predicate = true> <Delay = 0.00>
ST_1 : Operation 161 [1/1] (0.00ns)   --->   "%w1_local_load = load i32 %w1_local"   --->   Operation 161 'load' 'w1_local_load' <Predicate = true> <Delay = 0.00>
ST_1 : Operation 162 [1/1] (0.00ns)   --->   "%p_ZZ9cnn_accelE8w1_local_27_load = load i32 %p_ZZ9cnn_accelE8w1_local_27"   --->   Operation 162 'load' 'p_ZZ9cnn_accelE8w1_local_27_load' <Predicate = true> <Delay = 0.00>
ST_1 : Operation 163 [1/1] (0.00ns)   --->   "%cnn_accel_w1_local = load i32 %p_ZZ9cnn_accelE8w1_local_54"   --->   Operation 163 'load' 'cnn_accel_w1_local' <Predicate = true> <Delay = 0.00>
ST_1 : Operation 164 [1/1] (0.00ns)   --->   "%cnn_accel_w1_local_183 = load i32 %p_ZZ9cnn_accelE8w1_local_81"   --->   Operation 164 'load' 'cnn_accel_w1_local_183' <Predicate = true> <Delay = 0.00>
ST_1 : Operation 165 [1/1] (0.00ns)   --->   "%p_ZZ9cnn_accelE8w1_local_108_load = load i32 %p_ZZ9cnn_accelE8w1_local_108"   --->   Operation 165 'load' 'p_ZZ9cnn_accelE8w1_local_108_load' <Predicate = true> <Delay = 0.00>
ST_1 : Operation 166 [1/1] (0.00ns)   --->   "%p_ZZ9cnn_accelE8w1_local_135_load = load i32 %p_ZZ9cnn_accelE8w1_local_135"   --->   Operation 166 'load' 'p_ZZ9cnn_accelE8w1_local_135_load' <Predicate = true> <Delay = 0.00>
ST_1 : Operation 167 [1/1] (0.00ns)   --->   "%p_ZZ9cnn_accelE8w1_local_162_load = load i32 %p_ZZ9cnn_accelE8w1_local_162"   --->   Operation 167 'load' 'p_ZZ9cnn_accelE8w1_local_162_load' <Predicate = true> <Delay = 0.00>
ST_1 : Operation 168 [1/1] (0.00ns)   --->   "%p_ZZ9cnn_accelE8w1_local_189_load = load i32 %p_ZZ9cnn_accelE8w1_local_189"   --->   Operation 168 'load' 'p_ZZ9cnn_accelE8w1_local_189_load' <Predicate = true> <Delay = 0.00>
ST_1 : Operation 169 [1/1] (0.00ns)   --->   "%w1_local_9_load = load i32 %w1_local_9"   --->   Operation 169 'load' 'w1_local_9_load' <Predicate = true> <Delay = 0.00>
ST_1 : Operation 170 [1/1] (0.00ns)   --->   "%p_ZZ9cnn_accelE8w1_local_36_load = load i32 %p_ZZ9cnn_accelE8w1_local_36"   --->   Operation 170 'load' 'p_ZZ9cnn_accelE8w1_local_36_load' <Predicate = true> <Delay = 0.00>
ST_1 : Operation 171 [1/1] (0.00ns)   --->   "%cnn_accel_w1_local_184 = load i32 %p_ZZ9cnn_accelE8w1_local_63"   --->   Operation 171 'load' 'cnn_accel_w1_local_184' <Predicate = true> <Delay = 0.00>
ST_1 : Operation 172 [1/1] (0.00ns)   --->   "%p_ZZ9cnn_accelE8w1_local_90_load = load i32 %p_ZZ9cnn_accelE8w1_local_90"   --->   Operation 172 'load' 'p_ZZ9cnn_accelE8w1_local_90_load' <Predicate = true> <Delay = 0.00>
ST_1 : Operation 173 [1/1] (0.00ns)   --->   "%p_ZZ9cnn_accelE8w1_local_117_load = load i32 %p_ZZ9cnn_accelE8w1_local_117"   --->   Operation 173 'load' 'p_ZZ9cnn_accelE8w1_local_117_load' <Predicate = true> <Delay = 0.00>
ST_1 : Operation 174 [1/1] (0.00ns)   --->   "%p_ZZ9cnn_accelE8w1_local_144_load = load i32 %p_ZZ9cnn_accelE8w1_local_144"   --->   Operation 174 'load' 'p_ZZ9cnn_accelE8w1_local_144_load' <Predicate = true> <Delay = 0.00>
ST_1 : Operation 175 [1/1] (0.00ns)   --->   "%p_ZZ9cnn_accelE8w1_local_171_load = load i32 %p_ZZ9cnn_accelE8w1_local_171"   --->   Operation 175 'load' 'p_ZZ9cnn_accelE8w1_local_171_load' <Predicate = true> <Delay = 0.00>
ST_1 : Operation 176 [1/1] (0.00ns)   --->   "%p_ZZ9cnn_accelE8w1_local_198_load = load i32 %p_ZZ9cnn_accelE8w1_local_198"   --->   Operation 176 'load' 'p_ZZ9cnn_accelE8w1_local_198_load' <Predicate = true> <Delay = 0.00>
ST_1 : Operation 177 [1/1] (0.00ns)   --->   "%p_ZZ9cnn_accelE8w1_local_18_load = load i32 %p_ZZ9cnn_accelE8w1_local_18"   --->   Operation 177 'load' 'p_ZZ9cnn_accelE8w1_local_18_load' <Predicate = true> <Delay = 0.00>
ST_1 : Operation 178 [1/1] (0.00ns)   --->   "%cnn_accel_w1_local_185 = load i32 %p_ZZ9cnn_accelE8w1_local_45"   --->   Operation 178 'load' 'cnn_accel_w1_local_185' <Predicate = true> <Delay = 0.00>
ST_1 : Operation 179 [1/1] (0.00ns)   --->   "%cnn_accel_w1_local_186 = load i32 %p_ZZ9cnn_accelE8w1_local_72"   --->   Operation 179 'load' 'cnn_accel_w1_local_186' <Predicate = true> <Delay = 0.00>
ST_1 : Operation 180 [1/1] (0.00ns)   --->   "%p_ZZ9cnn_accelE8w1_local_99_load = load i32 %p_ZZ9cnn_accelE8w1_local_99"   --->   Operation 180 'load' 'p_ZZ9cnn_accelE8w1_local_99_load' <Predicate = true> <Delay = 0.00>
ST_1 : Operation 181 [1/1] (0.00ns)   --->   "%p_ZZ9cnn_accelE8w1_local_126_load = load i32 %p_ZZ9cnn_accelE8w1_local_126"   --->   Operation 181 'load' 'p_ZZ9cnn_accelE8w1_local_126_load' <Predicate = true> <Delay = 0.00>
ST_1 : Operation 182 [1/1] (0.00ns)   --->   "%p_ZZ9cnn_accelE8w1_local_153_load = load i32 %p_ZZ9cnn_accelE8w1_local_153"   --->   Operation 182 'load' 'p_ZZ9cnn_accelE8w1_local_153_load' <Predicate = true> <Delay = 0.00>
ST_1 : Operation 183 [1/1] (0.00ns)   --->   "%p_ZZ9cnn_accelE8w1_local_180_load = load i32 %p_ZZ9cnn_accelE8w1_local_180"   --->   Operation 183 'load' 'p_ZZ9cnn_accelE8w1_local_180_load' <Predicate = true> <Delay = 0.00>
ST_1 : Operation 184 [1/1] (0.00ns)   --->   "%p_ZZ9cnn_accelE8w1_local_207_load = load i32 %p_ZZ9cnn_accelE8w1_local_207"   --->   Operation 184 'load' 'p_ZZ9cnn_accelE8w1_local_207_load' <Predicate = true> <Delay = 0.00>
ST_1 : Operation 185 [1/1] (0.00ns)   --->   "%w1_local_1_load = load i32 %w1_local_1"   --->   Operation 185 'load' 'w1_local_1_load' <Predicate = true> <Delay = 0.00>
ST_1 : Operation 186 [1/1] (0.00ns)   --->   "%p_ZZ9cnn_accelE8w1_local_28_load = load i32 %p_ZZ9cnn_accelE8w1_local_28"   --->   Operation 186 'load' 'p_ZZ9cnn_accelE8w1_local_28_load' <Predicate = true> <Delay = 0.00>
ST_1 : Operation 187 [1/1] (0.00ns)   --->   "%cnn_accel_w1_local_187 = load i32 %p_ZZ9cnn_accelE8w1_local_55"   --->   Operation 187 'load' 'cnn_accel_w1_local_187' <Predicate = true> <Delay = 0.00>
ST_1 : Operation 188 [1/1] (0.00ns)   --->   "%cnn_accel_w1_local_188 = load i32 %p_ZZ9cnn_accelE8w1_local_82"   --->   Operation 188 'load' 'cnn_accel_w1_local_188' <Predicate = true> <Delay = 0.00>
ST_1 : Operation 189 [1/1] (0.00ns)   --->   "%p_ZZ9cnn_accelE8w1_local_109_load = load i32 %p_ZZ9cnn_accelE8w1_local_109"   --->   Operation 189 'load' 'p_ZZ9cnn_accelE8w1_local_109_load' <Predicate = true> <Delay = 0.00>
ST_1 : Operation 190 [1/1] (0.00ns)   --->   "%p_ZZ9cnn_accelE8w1_local_136_load = load i32 %p_ZZ9cnn_accelE8w1_local_136"   --->   Operation 190 'load' 'p_ZZ9cnn_accelE8w1_local_136_load' <Predicate = true> <Delay = 0.00>
ST_1 : Operation 191 [1/1] (0.00ns)   --->   "%p_ZZ9cnn_accelE8w1_local_163_load = load i32 %p_ZZ9cnn_accelE8w1_local_163"   --->   Operation 191 'load' 'p_ZZ9cnn_accelE8w1_local_163_load' <Predicate = true> <Delay = 0.00>
ST_1 : Operation 192 [1/1] (0.00ns)   --->   "%p_ZZ9cnn_accelE8w1_local_190_load = load i32 %p_ZZ9cnn_accelE8w1_local_190"   --->   Operation 192 'load' 'p_ZZ9cnn_accelE8w1_local_190_load' <Predicate = true> <Delay = 0.00>
ST_1 : Operation 193 [1/1] (0.00ns)   --->   "%p_ZZ9cnn_accelE8w1_local_10_load = load i32 %p_ZZ9cnn_accelE8w1_local_10"   --->   Operation 193 'load' 'p_ZZ9cnn_accelE8w1_local_10_load' <Predicate = true> <Delay = 0.00>
ST_1 : Operation 194 [1/1] (0.00ns)   --->   "%p_ZZ9cnn_accelE8w1_local_37_load = load i32 %p_ZZ9cnn_accelE8w1_local_37"   --->   Operation 194 'load' 'p_ZZ9cnn_accelE8w1_local_37_load' <Predicate = true> <Delay = 0.00>
ST_1 : Operation 195 [1/1] (0.00ns)   --->   "%cnn_accel_w1_local_189 = load i32 %p_ZZ9cnn_accelE8w1_local_64"   --->   Operation 195 'load' 'cnn_accel_w1_local_189' <Predicate = true> <Delay = 0.00>
ST_1 : Operation 196 [1/1] (0.00ns)   --->   "%cnn_accel_w1_local_190 = load i32 %p_ZZ9cnn_accelE8w1_local_91"   --->   Operation 196 'load' 'cnn_accel_w1_local_190' <Predicate = true> <Delay = 0.00>
ST_1 : Operation 197 [1/1] (0.00ns)   --->   "%p_ZZ9cnn_accelE8w1_local_118_load = load i32 %p_ZZ9cnn_accelE8w1_local_118"   --->   Operation 197 'load' 'p_ZZ9cnn_accelE8w1_local_118_load' <Predicate = true> <Delay = 0.00>
ST_1 : Operation 198 [1/1] (0.00ns)   --->   "%p_ZZ9cnn_accelE8w1_local_145_load = load i32 %p_ZZ9cnn_accelE8w1_local_145"   --->   Operation 198 'load' 'p_ZZ9cnn_accelE8w1_local_145_load' <Predicate = true> <Delay = 0.00>
ST_1 : Operation 199 [1/1] (0.00ns)   --->   "%p_ZZ9cnn_accelE8w1_local_172_load = load i32 %p_ZZ9cnn_accelE8w1_local_172"   --->   Operation 199 'load' 'p_ZZ9cnn_accelE8w1_local_172_load' <Predicate = true> <Delay = 0.00>
ST_1 : Operation 200 [1/1] (0.00ns)   --->   "%p_ZZ9cnn_accelE8w1_local_199_load = load i32 %p_ZZ9cnn_accelE8w1_local_199"   --->   Operation 200 'load' 'p_ZZ9cnn_accelE8w1_local_199_load' <Predicate = true> <Delay = 0.00>
ST_1 : Operation 201 [1/1] (0.00ns)   --->   "%p_ZZ9cnn_accelE8w1_local_19_load = load i32 %p_ZZ9cnn_accelE8w1_local_19"   --->   Operation 201 'load' 'p_ZZ9cnn_accelE8w1_local_19_load' <Predicate = true> <Delay = 0.00>
ST_1 : Operation 202 [1/1] (0.00ns)   --->   "%p_ZZ9cnn_accelE8w1_local_46_load = load i32 %p_ZZ9cnn_accelE8w1_local_46"   --->   Operation 202 'load' 'p_ZZ9cnn_accelE8w1_local_46_load' <Predicate = true> <Delay = 0.00>
ST_1 : Operation 203 [1/1] (0.00ns)   --->   "%cnn_accel_w1_local_191 = load i32 %p_ZZ9cnn_accelE8w1_local_73"   --->   Operation 203 'load' 'cnn_accel_w1_local_191' <Predicate = true> <Delay = 0.00>
ST_1 : Operation 204 [1/1] (0.00ns)   --->   "%p_ZZ9cnn_accelE8w1_local_100_load = load i32 %p_ZZ9cnn_accelE8w1_local_100"   --->   Operation 204 'load' 'p_ZZ9cnn_accelE8w1_local_100_load' <Predicate = true> <Delay = 0.00>
ST_1 : Operation 205 [1/1] (0.00ns)   --->   "%p_ZZ9cnn_accelE8w1_local_127_load = load i32 %p_ZZ9cnn_accelE8w1_local_127"   --->   Operation 205 'load' 'p_ZZ9cnn_accelE8w1_local_127_load' <Predicate = true> <Delay = 0.00>
ST_1 : Operation 206 [1/1] (0.00ns)   --->   "%p_ZZ9cnn_accelE8w1_local_154_load = load i32 %p_ZZ9cnn_accelE8w1_local_154"   --->   Operation 206 'load' 'p_ZZ9cnn_accelE8w1_local_154_load' <Predicate = true> <Delay = 0.00>
ST_1 : Operation 207 [1/1] (0.00ns)   --->   "%p_ZZ9cnn_accelE8w1_local_181_load = load i32 %p_ZZ9cnn_accelE8w1_local_181"   --->   Operation 207 'load' 'p_ZZ9cnn_accelE8w1_local_181_load' <Predicate = true> <Delay = 0.00>
ST_1 : Operation 208 [1/1] (0.00ns)   --->   "%p_ZZ9cnn_accelE8w1_local_208_load = load i32 %p_ZZ9cnn_accelE8w1_local_208"   --->   Operation 208 'load' 'p_ZZ9cnn_accelE8w1_local_208_load' <Predicate = true> <Delay = 0.00>
ST_1 : Operation 209 [1/1] (0.00ns)   --->   "%w1_local_2_load = load i32 %w1_local_2"   --->   Operation 209 'load' 'w1_local_2_load' <Predicate = true> <Delay = 0.00>
ST_1 : Operation 210 [1/1] (0.00ns)   --->   "%p_ZZ9cnn_accelE8w1_local_29_load = load i32 %p_ZZ9cnn_accelE8w1_local_29"   --->   Operation 210 'load' 'p_ZZ9cnn_accelE8w1_local_29_load' <Predicate = true> <Delay = 0.00>
ST_1 : Operation 211 [1/1] (0.00ns)   --->   "%p_ZZ9cnn_accelE8w1_local_56_load = load i32 %p_ZZ9cnn_accelE8w1_local_56"   --->   Operation 211 'load' 'p_ZZ9cnn_accelE8w1_local_56_load' <Predicate = true> <Delay = 0.00>
ST_1 : Operation 212 [1/1] (0.00ns)   --->   "%cnn_accel_w1_local_192 = load i32 %p_ZZ9cnn_accelE8w1_local_83"   --->   Operation 212 'load' 'cnn_accel_w1_local_192' <Predicate = true> <Delay = 0.00>
ST_1 : Operation 213 [1/1] (0.00ns)   --->   "%p_ZZ9cnn_accelE8w1_local_110_load = load i32 %p_ZZ9cnn_accelE8w1_local_110"   --->   Operation 213 'load' 'p_ZZ9cnn_accelE8w1_local_110_load' <Predicate = true> <Delay = 0.00>
ST_1 : Operation 214 [1/1] (0.00ns)   --->   "%p_ZZ9cnn_accelE8w1_local_137_load = load i32 %p_ZZ9cnn_accelE8w1_local_137"   --->   Operation 214 'load' 'p_ZZ9cnn_accelE8w1_local_137_load' <Predicate = true> <Delay = 0.00>
ST_1 : Operation 215 [1/1] (0.00ns)   --->   "%p_ZZ9cnn_accelE8w1_local_164_load = load i32 %p_ZZ9cnn_accelE8w1_local_164"   --->   Operation 215 'load' 'p_ZZ9cnn_accelE8w1_local_164_load' <Predicate = true> <Delay = 0.00>
ST_1 : Operation 216 [1/1] (0.00ns)   --->   "%p_ZZ9cnn_accelE8w1_local_191_load = load i32 %p_ZZ9cnn_accelE8w1_local_191"   --->   Operation 216 'load' 'p_ZZ9cnn_accelE8w1_local_191_load' <Predicate = true> <Delay = 0.00>
ST_1 : Operation 217 [1/1] (0.00ns)   --->   "%cnn_accel_w1_local_193 = load i32 %p_ZZ9cnn_accelE8w1_local_11"   --->   Operation 217 'load' 'cnn_accel_w1_local_193' <Predicate = true> <Delay = 0.00>
ST_1 : Operation 218 [1/1] (0.00ns)   --->   "%p_ZZ9cnn_accelE8w1_local_38_load = load i32 %p_ZZ9cnn_accelE8w1_local_38"   --->   Operation 218 'load' 'p_ZZ9cnn_accelE8w1_local_38_load' <Predicate = true> <Delay = 0.00>
ST_1 : Operation 219 [1/1] (0.00ns)   --->   "%cnn_accel_w1_local_194 = load i32 %p_ZZ9cnn_accelE8w1_local_65"   --->   Operation 219 'load' 'cnn_accel_w1_local_194' <Predicate = true> <Delay = 0.00>
ST_1 : Operation 220 [1/1] (0.00ns)   --->   "%cnn_accel_w1_local_195 = load i32 %p_ZZ9cnn_accelE8w1_local_92"   --->   Operation 220 'load' 'cnn_accel_w1_local_195' <Predicate = true> <Delay = 0.00>
ST_1 : Operation 221 [1/1] (0.00ns)   --->   "%p_ZZ9cnn_accelE8w1_local_119_load = load i32 %p_ZZ9cnn_accelE8w1_local_119"   --->   Operation 221 'load' 'p_ZZ9cnn_accelE8w1_local_119_load' <Predicate = true> <Delay = 0.00>
ST_1 : Operation 222 [1/1] (0.00ns)   --->   "%p_ZZ9cnn_accelE8w1_local_146_load = load i32 %p_ZZ9cnn_accelE8w1_local_146"   --->   Operation 222 'load' 'p_ZZ9cnn_accelE8w1_local_146_load' <Predicate = true> <Delay = 0.00>
ST_1 : Operation 223 [1/1] (0.00ns)   --->   "%p_ZZ9cnn_accelE8w1_local_173_load = load i32 %p_ZZ9cnn_accelE8w1_local_173"   --->   Operation 223 'load' 'p_ZZ9cnn_accelE8w1_local_173_load' <Predicate = true> <Delay = 0.00>
ST_1 : Operation 224 [1/1] (0.00ns)   --->   "%p_ZZ9cnn_accelE8w1_local_200_load = load i32 %p_ZZ9cnn_accelE8w1_local_200"   --->   Operation 224 'load' 'p_ZZ9cnn_accelE8w1_local_200_load' <Predicate = true> <Delay = 0.00>
ST_1 : Operation 225 [1/1] (0.00ns)   --->   "%p_ZZ9cnn_accelE8w1_local_20_load = load i32 %p_ZZ9cnn_accelE8w1_local_20"   --->   Operation 225 'load' 'p_ZZ9cnn_accelE8w1_local_20_load' <Predicate = true> <Delay = 0.00>
ST_1 : Operation 226 [1/1] (0.00ns)   --->   "%p_ZZ9cnn_accelE8w1_local_47_load = load i32 %p_ZZ9cnn_accelE8w1_local_47"   --->   Operation 226 'load' 'p_ZZ9cnn_accelE8w1_local_47_load' <Predicate = true> <Delay = 0.00>
ST_1 : Operation 227 [1/1] (0.00ns)   --->   "%cnn_accel_w1_local_196 = load i32 %p_ZZ9cnn_accelE8w1_local_74"   --->   Operation 227 'load' 'cnn_accel_w1_local_196' <Predicate = true> <Delay = 0.00>
ST_1 : Operation 228 [1/1] (0.00ns)   --->   "%p_ZZ9cnn_accelE8w1_local_101_load = load i32 %p_ZZ9cnn_accelE8w1_local_101"   --->   Operation 228 'load' 'p_ZZ9cnn_accelE8w1_local_101_load' <Predicate = true> <Delay = 0.00>
ST_1 : Operation 229 [1/1] (0.00ns)   --->   "%p_ZZ9cnn_accelE8w1_local_128_load = load i32 %p_ZZ9cnn_accelE8w1_local_128"   --->   Operation 229 'load' 'p_ZZ9cnn_accelE8w1_local_128_load' <Predicate = true> <Delay = 0.00>
ST_1 : Operation 230 [1/1] (0.00ns)   --->   "%p_ZZ9cnn_accelE8w1_local_155_load = load i32 %p_ZZ9cnn_accelE8w1_local_155"   --->   Operation 230 'load' 'p_ZZ9cnn_accelE8w1_local_155_load' <Predicate = true> <Delay = 0.00>
ST_1 : Operation 231 [1/1] (0.00ns)   --->   "%p_ZZ9cnn_accelE8w1_local_182_load = load i32 %p_ZZ9cnn_accelE8w1_local_182"   --->   Operation 231 'load' 'p_ZZ9cnn_accelE8w1_local_182_load' <Predicate = true> <Delay = 0.00>
ST_1 : Operation 232 [1/1] (0.00ns)   --->   "%p_ZZ9cnn_accelE8w1_local_209_load = load i32 %p_ZZ9cnn_accelE8w1_local_209"   --->   Operation 232 'load' 'p_ZZ9cnn_accelE8w1_local_209_load' <Predicate = true> <Delay = 0.00>
ST_1 : Operation 233 [1/1] (0.00ns)   --->   "%w1_local_3_load = load i32 %w1_local_3"   --->   Operation 233 'load' 'w1_local_3_load' <Predicate = true> <Delay = 0.00>
ST_1 : Operation 234 [1/1] (0.00ns)   --->   "%p_ZZ9cnn_accelE8w1_local_30_load = load i32 %p_ZZ9cnn_accelE8w1_local_30"   --->   Operation 234 'load' 'p_ZZ9cnn_accelE8w1_local_30_load' <Predicate = true> <Delay = 0.00>
ST_1 : Operation 235 [1/1] (0.00ns)   --->   "%p_ZZ9cnn_accelE8w1_local_57_load = load i32 %p_ZZ9cnn_accelE8w1_local_57"   --->   Operation 235 'load' 'p_ZZ9cnn_accelE8w1_local_57_load' <Predicate = true> <Delay = 0.00>
ST_1 : Operation 236 [1/1] (0.00ns)   --->   "%cnn_accel_w1_local_197 = load i32 %p_ZZ9cnn_accelE8w1_local_84"   --->   Operation 236 'load' 'cnn_accel_w1_local_197' <Predicate = true> <Delay = 0.00>
ST_1 : Operation 237 [1/1] (0.00ns)   --->   "%p_ZZ9cnn_accelE8w1_local_111_load = load i32 %p_ZZ9cnn_accelE8w1_local_111"   --->   Operation 237 'load' 'p_ZZ9cnn_accelE8w1_local_111_load' <Predicate = true> <Delay = 0.00>
ST_1 : Operation 238 [1/1] (0.00ns)   --->   "%p_ZZ9cnn_accelE8w1_local_138_load = load i32 %p_ZZ9cnn_accelE8w1_local_138"   --->   Operation 238 'load' 'p_ZZ9cnn_accelE8w1_local_138_load' <Predicate = true> <Delay = 0.00>
ST_1 : Operation 239 [1/1] (0.00ns)   --->   "%p_ZZ9cnn_accelE8w1_local_165_load = load i32 %p_ZZ9cnn_accelE8w1_local_165"   --->   Operation 239 'load' 'p_ZZ9cnn_accelE8w1_local_165_load' <Predicate = true> <Delay = 0.00>
ST_1 : Operation 240 [1/1] (0.00ns)   --->   "%p_ZZ9cnn_accelE8w1_local_192_load = load i32 %p_ZZ9cnn_accelE8w1_local_192"   --->   Operation 240 'load' 'p_ZZ9cnn_accelE8w1_local_192_load' <Predicate = true> <Delay = 0.00>
ST_1 : Operation 241 [1/1] (0.00ns)   --->   "%cnn_accel_w1_local_198 = load i32 %p_ZZ9cnn_accelE8w1_local_12"   --->   Operation 241 'load' 'cnn_accel_w1_local_198' <Predicate = true> <Delay = 0.00>
ST_1 : Operation 242 [1/1] (0.00ns)   --->   "%p_ZZ9cnn_accelE8w1_local_39_load = load i32 %p_ZZ9cnn_accelE8w1_local_39"   --->   Operation 242 'load' 'p_ZZ9cnn_accelE8w1_local_39_load' <Predicate = true> <Delay = 0.00>
ST_1 : Operation 243 [1/1] (0.00ns)   --->   "%p_ZZ9cnn_accelE8w1_local_66_load = load i32 %p_ZZ9cnn_accelE8w1_local_66"   --->   Operation 243 'load' 'p_ZZ9cnn_accelE8w1_local_66_load' <Predicate = true> <Delay = 0.00>
ST_1 : Operation 244 [1/1] (0.00ns)   --->   "%cnn_accel_w1_local_199 = load i32 %p_ZZ9cnn_accelE8w1_local_93"   --->   Operation 244 'load' 'cnn_accel_w1_local_199' <Predicate = true> <Delay = 0.00>
ST_1 : Operation 245 [1/1] (0.00ns)   --->   "%p_ZZ9cnn_accelE8w1_local_120_load = load i32 %p_ZZ9cnn_accelE8w1_local_120"   --->   Operation 245 'load' 'p_ZZ9cnn_accelE8w1_local_120_load' <Predicate = true> <Delay = 0.00>
ST_1 : Operation 246 [1/1] (0.00ns)   --->   "%p_ZZ9cnn_accelE8w1_local_147_load = load i32 %p_ZZ9cnn_accelE8w1_local_147"   --->   Operation 246 'load' 'p_ZZ9cnn_accelE8w1_local_147_load' <Predicate = true> <Delay = 0.00>
ST_1 : Operation 247 [1/1] (0.00ns)   --->   "%p_ZZ9cnn_accelE8w1_local_174_load = load i32 %p_ZZ9cnn_accelE8w1_local_174"   --->   Operation 247 'load' 'p_ZZ9cnn_accelE8w1_local_174_load' <Predicate = true> <Delay = 0.00>
ST_1 : Operation 248 [1/1] (0.00ns)   --->   "%p_ZZ9cnn_accelE8w1_local_201_load = load i32 %p_ZZ9cnn_accelE8w1_local_201"   --->   Operation 248 'load' 'p_ZZ9cnn_accelE8w1_local_201_load' <Predicate = true> <Delay = 0.00>
ST_1 : Operation 249 [1/1] (0.00ns)   --->   "%cnn_accel_w1_local_200 = load i32 %p_ZZ9cnn_accelE8w1_local_21"   --->   Operation 249 'load' 'cnn_accel_w1_local_200' <Predicate = true> <Delay = 0.00>
ST_1 : Operation 250 [1/1] (0.00ns)   --->   "%p_ZZ9cnn_accelE8w1_local_48_load = load i32 %p_ZZ9cnn_accelE8w1_local_48"   --->   Operation 250 'load' 'p_ZZ9cnn_accelE8w1_local_48_load' <Predicate = true> <Delay = 0.00>
ST_1 : Operation 251 [1/1] (0.00ns)   --->   "%cnn_accel_w1_local_201 = load i32 %p_ZZ9cnn_accelE8w1_local_75"   --->   Operation 251 'load' 'cnn_accel_w1_local_201' <Predicate = true> <Delay = 0.00>
ST_1 : Operation 252 [1/1] (0.00ns)   --->   "%p_ZZ9cnn_accelE8w1_local_102_load = load i32 %p_ZZ9cnn_accelE8w1_local_102"   --->   Operation 252 'load' 'p_ZZ9cnn_accelE8w1_local_102_load' <Predicate = true> <Delay = 0.00>
ST_1 : Operation 253 [1/1] (0.00ns)   --->   "%p_ZZ9cnn_accelE8w1_local_129_load = load i32 %p_ZZ9cnn_accelE8w1_local_129"   --->   Operation 253 'load' 'p_ZZ9cnn_accelE8w1_local_129_load' <Predicate = true> <Delay = 0.00>
ST_1 : Operation 254 [1/1] (0.00ns)   --->   "%p_ZZ9cnn_accelE8w1_local_156_load = load i32 %p_ZZ9cnn_accelE8w1_local_156"   --->   Operation 254 'load' 'p_ZZ9cnn_accelE8w1_local_156_load' <Predicate = true> <Delay = 0.00>
ST_1 : Operation 255 [1/1] (0.00ns)   --->   "%p_ZZ9cnn_accelE8w1_local_183_load = load i32 %p_ZZ9cnn_accelE8w1_local_183"   --->   Operation 255 'load' 'p_ZZ9cnn_accelE8w1_local_183_load' <Predicate = true> <Delay = 0.00>
ST_1 : Operation 256 [1/1] (0.00ns)   --->   "%p_ZZ9cnn_accelE8w1_local_210_load = load i32 %p_ZZ9cnn_accelE8w1_local_210"   --->   Operation 256 'load' 'p_ZZ9cnn_accelE8w1_local_210_load' <Predicate = true> <Delay = 0.00>
ST_1 : Operation 257 [1/1] (0.00ns)   --->   "%w1_local_4_load = load i32 %w1_local_4"   --->   Operation 257 'load' 'w1_local_4_load' <Predicate = true> <Delay = 0.00>
ST_1 : Operation 258 [1/1] (0.00ns)   --->   "%cnn_accel_w1_local_202 = load i32 %p_ZZ9cnn_accelE8w1_local_31"   --->   Operation 258 'load' 'cnn_accel_w1_local_202' <Predicate = true> <Delay = 0.00>
ST_1 : Operation 259 [1/1] (0.00ns)   --->   "%p_ZZ9cnn_accelE8w1_local_58_load = load i32 %p_ZZ9cnn_accelE8w1_local_58"   --->   Operation 259 'load' 'p_ZZ9cnn_accelE8w1_local_58_load' <Predicate = true> <Delay = 0.00>
ST_1 : Operation 260 [1/1] (0.00ns)   --->   "%cnn_accel_w1_local_203 = load i32 %p_ZZ9cnn_accelE8w1_local_85"   --->   Operation 260 'load' 'cnn_accel_w1_local_203' <Predicate = true> <Delay = 0.00>
ST_1 : Operation 261 [1/1] (0.00ns)   --->   "%p_ZZ9cnn_accelE8w1_local_112_load = load i32 %p_ZZ9cnn_accelE8w1_local_112"   --->   Operation 261 'load' 'p_ZZ9cnn_accelE8w1_local_112_load' <Predicate = true> <Delay = 0.00>
ST_1 : Operation 262 [1/1] (0.00ns)   --->   "%p_ZZ9cnn_accelE8w1_local_139_load = load i32 %p_ZZ9cnn_accelE8w1_local_139"   --->   Operation 262 'load' 'p_ZZ9cnn_accelE8w1_local_139_load' <Predicate = true> <Delay = 0.00>
ST_1 : Operation 263 [1/1] (0.00ns)   --->   "%p_ZZ9cnn_accelE8w1_local_166_load = load i32 %p_ZZ9cnn_accelE8w1_local_166"   --->   Operation 263 'load' 'p_ZZ9cnn_accelE8w1_local_166_load' <Predicate = true> <Delay = 0.00>
ST_1 : Operation 264 [1/1] (0.00ns)   --->   "%p_ZZ9cnn_accelE8w1_local_193_load = load i32 %p_ZZ9cnn_accelE8w1_local_193"   --->   Operation 264 'load' 'p_ZZ9cnn_accelE8w1_local_193_load' <Predicate = true> <Delay = 0.00>
ST_1 : Operation 265 [1/1] (0.00ns)   --->   "%cnn_accel_w1_local_204 = load i32 %p_ZZ9cnn_accelE8w1_local_13"   --->   Operation 265 'load' 'cnn_accel_w1_local_204' <Predicate = true> <Delay = 0.00>
ST_1 : Operation 266 [1/1] (0.00ns)   --->   "%p_ZZ9cnn_accelE8w1_local_40_load = load i32 %p_ZZ9cnn_accelE8w1_local_40"   --->   Operation 266 'load' 'p_ZZ9cnn_accelE8w1_local_40_load' <Predicate = true> <Delay = 0.00>
ST_1 : Operation 267 [1/1] (0.00ns)   --->   "%p_ZZ9cnn_accelE8w1_local_67_load = load i32 %p_ZZ9cnn_accelE8w1_local_67"   --->   Operation 267 'load' 'p_ZZ9cnn_accelE8w1_local_67_load' <Predicate = true> <Delay = 0.00>
ST_1 : Operation 268 [1/1] (0.00ns)   --->   "%cnn_accel_w1_local_205 = load i32 %p_ZZ9cnn_accelE8w1_local_94"   --->   Operation 268 'load' 'cnn_accel_w1_local_205' <Predicate = true> <Delay = 0.00>
ST_1 : Operation 269 [1/1] (0.00ns)   --->   "%p_ZZ9cnn_accelE8w1_local_121_load = load i32 %p_ZZ9cnn_accelE8w1_local_121"   --->   Operation 269 'load' 'p_ZZ9cnn_accelE8w1_local_121_load' <Predicate = true> <Delay = 0.00>
ST_1 : Operation 270 [1/1] (0.00ns)   --->   "%p_ZZ9cnn_accelE8w1_local_148_load = load i32 %p_ZZ9cnn_accelE8w1_local_148"   --->   Operation 270 'load' 'p_ZZ9cnn_accelE8w1_local_148_load' <Predicate = true> <Delay = 0.00>
ST_1 : Operation 271 [1/1] (0.00ns)   --->   "%p_ZZ9cnn_accelE8w1_local_175_load = load i32 %p_ZZ9cnn_accelE8w1_local_175"   --->   Operation 271 'load' 'p_ZZ9cnn_accelE8w1_local_175_load' <Predicate = true> <Delay = 0.00>
ST_1 : Operation 272 [1/1] (0.00ns)   --->   "%p_ZZ9cnn_accelE8w1_local_202_load = load i32 %p_ZZ9cnn_accelE8w1_local_202"   --->   Operation 272 'load' 'p_ZZ9cnn_accelE8w1_local_202_load' <Predicate = true> <Delay = 0.00>
ST_1 : Operation 273 [1/1] (0.00ns)   --->   "%cnn_accel_w1_local_206 = load i32 %p_ZZ9cnn_accelE8w1_local_22"   --->   Operation 273 'load' 'cnn_accel_w1_local_206' <Predicate = true> <Delay = 0.00>
ST_1 : Operation 274 [1/1] (0.00ns)   --->   "%p_ZZ9cnn_accelE8w1_local_49_load = load i32 %p_ZZ9cnn_accelE8w1_local_49"   --->   Operation 274 'load' 'p_ZZ9cnn_accelE8w1_local_49_load' <Predicate = true> <Delay = 0.00>
ST_1 : Operation 275 [1/1] (0.00ns)   --->   "%p_ZZ9cnn_accelE8w1_local_76_load = load i32 %p_ZZ9cnn_accelE8w1_local_76"   --->   Operation 275 'load' 'p_ZZ9cnn_accelE8w1_local_76_load' <Predicate = true> <Delay = 0.00>
ST_1 : Operation 276 [1/1] (0.00ns)   --->   "%p_ZZ9cnn_accelE8w1_local_103_load = load i32 %p_ZZ9cnn_accelE8w1_local_103"   --->   Operation 276 'load' 'p_ZZ9cnn_accelE8w1_local_103_load' <Predicate = true> <Delay = 0.00>
ST_1 : Operation 277 [1/1] (0.00ns)   --->   "%p_ZZ9cnn_accelE8w1_local_130_load = load i32 %p_ZZ9cnn_accelE8w1_local_130"   --->   Operation 277 'load' 'p_ZZ9cnn_accelE8w1_local_130_load' <Predicate = true> <Delay = 0.00>
ST_1 : Operation 278 [1/1] (0.00ns)   --->   "%p_ZZ9cnn_accelE8w1_local_157_load = load i32 %p_ZZ9cnn_accelE8w1_local_157"   --->   Operation 278 'load' 'p_ZZ9cnn_accelE8w1_local_157_load' <Predicate = true> <Delay = 0.00>
ST_1 : Operation 279 [1/1] (0.00ns)   --->   "%p_ZZ9cnn_accelE8w1_local_184_load = load i32 %p_ZZ9cnn_accelE8w1_local_184"   --->   Operation 279 'load' 'p_ZZ9cnn_accelE8w1_local_184_load' <Predicate = true> <Delay = 0.00>
ST_1 : Operation 280 [1/1] (0.00ns)   --->   "%p_ZZ9cnn_accelE8w1_local_211_load = load i32 %p_ZZ9cnn_accelE8w1_local_211"   --->   Operation 280 'load' 'p_ZZ9cnn_accelE8w1_local_211_load' <Predicate = true> <Delay = 0.00>
ST_1 : Operation 281 [1/1] (0.00ns)   --->   "%w1_local_5_load = load i32 %w1_local_5"   --->   Operation 281 'load' 'w1_local_5_load' <Predicate = true> <Delay = 0.00>
ST_1 : Operation 282 [1/1] (0.00ns)   --->   "%cnn_accel_w1_local_207 = load i32 %p_ZZ9cnn_accelE8w1_local_32"   --->   Operation 282 'load' 'cnn_accel_w1_local_207' <Predicate = true> <Delay = 0.00>
ST_1 : Operation 283 [1/1] (0.00ns)   --->   "%p_ZZ9cnn_accelE8w1_local_59_load = load i32 %p_ZZ9cnn_accelE8w1_local_59"   --->   Operation 283 'load' 'p_ZZ9cnn_accelE8w1_local_59_load' <Predicate = true> <Delay = 0.00>
ST_1 : Operation 284 [1/1] (0.00ns)   --->   "%p_ZZ9cnn_accelE8w1_local_86_load = load i32 %p_ZZ9cnn_accelE8w1_local_86"   --->   Operation 284 'load' 'p_ZZ9cnn_accelE8w1_local_86_load' <Predicate = true> <Delay = 0.00>
ST_1 : Operation 285 [1/1] (0.00ns)   --->   "%p_ZZ9cnn_accelE8w1_local_113_load = load i32 %p_ZZ9cnn_accelE8w1_local_113"   --->   Operation 285 'load' 'p_ZZ9cnn_accelE8w1_local_113_load' <Predicate = true> <Delay = 0.00>
ST_1 : Operation 286 [1/1] (0.00ns)   --->   "%p_ZZ9cnn_accelE8w1_local_140_load = load i32 %p_ZZ9cnn_accelE8w1_local_140"   --->   Operation 286 'load' 'p_ZZ9cnn_accelE8w1_local_140_load' <Predicate = true> <Delay = 0.00>
ST_1 : Operation 287 [1/1] (0.00ns)   --->   "%p_ZZ9cnn_accelE8w1_local_167_load = load i32 %p_ZZ9cnn_accelE8w1_local_167"   --->   Operation 287 'load' 'p_ZZ9cnn_accelE8w1_local_167_load' <Predicate = true> <Delay = 0.00>
ST_1 : Operation 288 [1/1] (0.00ns)   --->   "%p_ZZ9cnn_accelE8w1_local_194_load = load i32 %p_ZZ9cnn_accelE8w1_local_194"   --->   Operation 288 'load' 'p_ZZ9cnn_accelE8w1_local_194_load' <Predicate = true> <Delay = 0.00>
ST_1 : Operation 289 [1/1] (0.00ns)   --->   "%cnn_accel_w1_local_208 = load i32 %p_ZZ9cnn_accelE8w1_local_14"   --->   Operation 289 'load' 'cnn_accel_w1_local_208' <Predicate = true> <Delay = 0.00>
ST_1 : Operation 290 [1/1] (0.00ns)   --->   "%cnn_accel_w1_local_209 = load i32 %p_ZZ9cnn_accelE8w1_local_41"   --->   Operation 290 'load' 'cnn_accel_w1_local_209' <Predicate = true> <Delay = 0.00>
ST_1 : Operation 291 [1/1] (0.00ns)   --->   "%p_ZZ9cnn_accelE8w1_local_68_load = load i32 %p_ZZ9cnn_accelE8w1_local_68"   --->   Operation 291 'load' 'p_ZZ9cnn_accelE8w1_local_68_load' <Predicate = true> <Delay = 0.00>
ST_1 : Operation 292 [1/1] (0.00ns)   --->   "%cnn_accel_w1_local_210 = load i32 %p_ZZ9cnn_accelE8w1_local_95"   --->   Operation 292 'load' 'cnn_accel_w1_local_210' <Predicate = true> <Delay = 0.00>
ST_1 : Operation 293 [1/1] (0.00ns)   --->   "%p_ZZ9cnn_accelE8w1_local_122_load = load i32 %p_ZZ9cnn_accelE8w1_local_122"   --->   Operation 293 'load' 'p_ZZ9cnn_accelE8w1_local_122_load' <Predicate = true> <Delay = 0.00>
ST_1 : Operation 294 [1/1] (0.00ns)   --->   "%p_ZZ9cnn_accelE8w1_local_149_load = load i32 %p_ZZ9cnn_accelE8w1_local_149"   --->   Operation 294 'load' 'p_ZZ9cnn_accelE8w1_local_149_load' <Predicate = true> <Delay = 0.00>
ST_1 : Operation 295 [1/1] (0.00ns)   --->   "%p_ZZ9cnn_accelE8w1_local_176_load = load i32 %p_ZZ9cnn_accelE8w1_local_176"   --->   Operation 295 'load' 'p_ZZ9cnn_accelE8w1_local_176_load' <Predicate = true> <Delay = 0.00>
ST_1 : Operation 296 [1/1] (0.00ns)   --->   "%p_ZZ9cnn_accelE8w1_local_203_load = load i32 %p_ZZ9cnn_accelE8w1_local_203"   --->   Operation 296 'load' 'p_ZZ9cnn_accelE8w1_local_203_load' <Predicate = true> <Delay = 0.00>
ST_1 : Operation 297 [1/1] (0.00ns)   --->   "%cnn_accel_w1_local_211 = load i32 %p_ZZ9cnn_accelE8w1_local_23"   --->   Operation 297 'load' 'cnn_accel_w1_local_211' <Predicate = true> <Delay = 0.00>
ST_1 : Operation 298 [1/1] (0.00ns)   --->   "%p_ZZ9cnn_accelE8w1_local_50_load = load i32 %p_ZZ9cnn_accelE8w1_local_50"   --->   Operation 298 'load' 'p_ZZ9cnn_accelE8w1_local_50_load' <Predicate = true> <Delay = 0.00>
ST_1 : Operation 299 [1/1] (0.00ns)   --->   "%p_ZZ9cnn_accelE8w1_local_77_load = load i32 %p_ZZ9cnn_accelE8w1_local_77"   --->   Operation 299 'load' 'p_ZZ9cnn_accelE8w1_local_77_load' <Predicate = true> <Delay = 0.00>
ST_1 : Operation 300 [1/1] (0.00ns)   --->   "%p_ZZ9cnn_accelE8w1_local_104_load = load i32 %p_ZZ9cnn_accelE8w1_local_104"   --->   Operation 300 'load' 'p_ZZ9cnn_accelE8w1_local_104_load' <Predicate = true> <Delay = 0.00>
ST_1 : Operation 301 [1/1] (0.00ns)   --->   "%p_ZZ9cnn_accelE8w1_local_131_load = load i32 %p_ZZ9cnn_accelE8w1_local_131"   --->   Operation 301 'load' 'p_ZZ9cnn_accelE8w1_local_131_load' <Predicate = true> <Delay = 0.00>
ST_1 : Operation 302 [1/1] (0.00ns)   --->   "%p_ZZ9cnn_accelE8w1_local_158_load = load i32 %p_ZZ9cnn_accelE8w1_local_158"   --->   Operation 302 'load' 'p_ZZ9cnn_accelE8w1_local_158_load' <Predicate = true> <Delay = 0.00>
ST_1 : Operation 303 [1/1] (0.00ns)   --->   "%p_ZZ9cnn_accelE8w1_local_185_load = load i32 %p_ZZ9cnn_accelE8w1_local_185"   --->   Operation 303 'load' 'p_ZZ9cnn_accelE8w1_local_185_load' <Predicate = true> <Delay = 0.00>
ST_1 : Operation 304 [1/1] (0.00ns)   --->   "%p_ZZ9cnn_accelE8w1_local_212_load = load i32 %p_ZZ9cnn_accelE8w1_local_212"   --->   Operation 304 'load' 'p_ZZ9cnn_accelE8w1_local_212_load' <Predicate = true> <Delay = 0.00>
ST_1 : Operation 305 [1/1] (0.00ns)   --->   "%w1_local_6_load = load i32 %w1_local_6"   --->   Operation 305 'load' 'w1_local_6_load' <Predicate = true> <Delay = 0.00>
ST_1 : Operation 306 [1/1] (0.00ns)   --->   "%cnn_accel_w1_local_212 = load i32 %p_ZZ9cnn_accelE8w1_local_33"   --->   Operation 306 'load' 'cnn_accel_w1_local_212' <Predicate = true> <Delay = 0.00>
ST_1 : Operation 307 [1/1] (0.00ns)   --->   "%p_ZZ9cnn_accelE8w1_local_60_load = load i32 %p_ZZ9cnn_accelE8w1_local_60"   --->   Operation 307 'load' 'p_ZZ9cnn_accelE8w1_local_60_load' <Predicate = true> <Delay = 0.00>
ST_1 : Operation 308 [1/1] (0.00ns)   --->   "%p_ZZ9cnn_accelE8w1_local_87_load = load i32 %p_ZZ9cnn_accelE8w1_local_87"   --->   Operation 308 'load' 'p_ZZ9cnn_accelE8w1_local_87_load' <Predicate = true> <Delay = 0.00>
ST_1 : Operation 309 [1/1] (0.00ns)   --->   "%p_ZZ9cnn_accelE8w1_local_114_load = load i32 %p_ZZ9cnn_accelE8w1_local_114"   --->   Operation 309 'load' 'p_ZZ9cnn_accelE8w1_local_114_load' <Predicate = true> <Delay = 0.00>
ST_1 : Operation 310 [1/1] (0.00ns)   --->   "%p_ZZ9cnn_accelE8w1_local_141_load = load i32 %p_ZZ9cnn_accelE8w1_local_141"   --->   Operation 310 'load' 'p_ZZ9cnn_accelE8w1_local_141_load' <Predicate = true> <Delay = 0.00>
ST_1 : Operation 311 [1/1] (0.00ns)   --->   "%p_ZZ9cnn_accelE8w1_local_168_load = load i32 %p_ZZ9cnn_accelE8w1_local_168"   --->   Operation 311 'load' 'p_ZZ9cnn_accelE8w1_local_168_load' <Predicate = true> <Delay = 0.00>
ST_1 : Operation 312 [1/1] (0.00ns)   --->   "%p_ZZ9cnn_accelE8w1_local_195_load = load i32 %p_ZZ9cnn_accelE8w1_local_195"   --->   Operation 312 'load' 'p_ZZ9cnn_accelE8w1_local_195_load' <Predicate = true> <Delay = 0.00>
ST_1 : Operation 313 [1/1] (0.00ns)   --->   "%cnn_accel_w1_local_213 = load i32 %p_ZZ9cnn_accelE8w1_local_15"   --->   Operation 313 'load' 'cnn_accel_w1_local_213' <Predicate = true> <Delay = 0.00>
ST_1 : Operation 314 [1/1] (0.00ns)   --->   "%cnn_accel_w1_local_214 = load i32 %p_ZZ9cnn_accelE8w1_local_42"   --->   Operation 314 'load' 'cnn_accel_w1_local_214' <Predicate = true> <Delay = 0.00>
ST_1 : Operation 315 [1/1] (0.00ns)   --->   "%p_ZZ9cnn_accelE8w1_local_69_load = load i32 %p_ZZ9cnn_accelE8w1_local_69"   --->   Operation 315 'load' 'p_ZZ9cnn_accelE8w1_local_69_load' <Predicate = true> <Delay = 0.00>
ST_1 : Operation 316 [1/1] (0.00ns)   --->   "%p_ZZ9cnn_accelE8w1_local_96_load = load i32 %p_ZZ9cnn_accelE8w1_local_96"   --->   Operation 316 'load' 'p_ZZ9cnn_accelE8w1_local_96_load' <Predicate = true> <Delay = 0.00>
ST_1 : Operation 317 [1/1] (0.00ns)   --->   "%p_ZZ9cnn_accelE8w1_local_123_load = load i32 %p_ZZ9cnn_accelE8w1_local_123"   --->   Operation 317 'load' 'p_ZZ9cnn_accelE8w1_local_123_load' <Predicate = true> <Delay = 0.00>
ST_1 : Operation 318 [1/1] (0.00ns)   --->   "%p_ZZ9cnn_accelE8w1_local_150_load = load i32 %p_ZZ9cnn_accelE8w1_local_150"   --->   Operation 318 'load' 'p_ZZ9cnn_accelE8w1_local_150_load' <Predicate = true> <Delay = 0.00>
ST_1 : Operation 319 [1/1] (0.00ns)   --->   "%p_ZZ9cnn_accelE8w1_local_177_load = load i32 %p_ZZ9cnn_accelE8w1_local_177"   --->   Operation 319 'load' 'p_ZZ9cnn_accelE8w1_local_177_load' <Predicate = true> <Delay = 0.00>
ST_1 : Operation 320 [1/1] (0.00ns)   --->   "%p_ZZ9cnn_accelE8w1_local_204_load = load i32 %p_ZZ9cnn_accelE8w1_local_204"   --->   Operation 320 'load' 'p_ZZ9cnn_accelE8w1_local_204_load' <Predicate = true> <Delay = 0.00>
ST_1 : Operation 321 [1/1] (0.00ns)   --->   "%cnn_accel_w1_local_215 = load i32 %p_ZZ9cnn_accelE8w1_local_24"   --->   Operation 321 'load' 'cnn_accel_w1_local_215' <Predicate = true> <Delay = 0.00>
ST_1 : Operation 322 [1/1] (0.00ns)   --->   "%cnn_accel_w1_local_216 = load i32 %p_ZZ9cnn_accelE8w1_local_51"   --->   Operation 322 'load' 'cnn_accel_w1_local_216' <Predicate = true> <Delay = 0.00>
ST_1 : Operation 323 [1/1] (0.00ns)   --->   "%p_ZZ9cnn_accelE8w1_local_78_load = load i32 %p_ZZ9cnn_accelE8w1_local_78"   --->   Operation 323 'load' 'p_ZZ9cnn_accelE8w1_local_78_load' <Predicate = true> <Delay = 0.00>
ST_1 : Operation 324 [1/1] (0.00ns)   --->   "%p_ZZ9cnn_accelE8w1_local_105_load = load i32 %p_ZZ9cnn_accelE8w1_local_105"   --->   Operation 324 'load' 'p_ZZ9cnn_accelE8w1_local_105_load' <Predicate = true> <Delay = 0.00>
ST_1 : Operation 325 [1/1] (0.00ns)   --->   "%p_ZZ9cnn_accelE8w1_local_132_load = load i32 %p_ZZ9cnn_accelE8w1_local_132"   --->   Operation 325 'load' 'p_ZZ9cnn_accelE8w1_local_132_load' <Predicate = true> <Delay = 0.00>
ST_1 : Operation 326 [1/1] (0.00ns)   --->   "%p_ZZ9cnn_accelE8w1_local_159_load = load i32 %p_ZZ9cnn_accelE8w1_local_159"   --->   Operation 326 'load' 'p_ZZ9cnn_accelE8w1_local_159_load' <Predicate = true> <Delay = 0.00>
ST_1 : Operation 327 [1/1] (0.00ns)   --->   "%p_ZZ9cnn_accelE8w1_local_186_load = load i32 %p_ZZ9cnn_accelE8w1_local_186"   --->   Operation 327 'load' 'p_ZZ9cnn_accelE8w1_local_186_load' <Predicate = true> <Delay = 0.00>
ST_1 : Operation 328 [1/1] (0.00ns)   --->   "%p_ZZ9cnn_accelE8w1_local_213_load = load i32 %p_ZZ9cnn_accelE8w1_local_213"   --->   Operation 328 'load' 'p_ZZ9cnn_accelE8w1_local_213_load' <Predicate = true> <Delay = 0.00>
ST_1 : Operation 329 [1/1] (0.00ns)   --->   "%w1_local_7_load = load i32 %w1_local_7"   --->   Operation 329 'load' 'w1_local_7_load' <Predicate = true> <Delay = 0.00>
ST_1 : Operation 330 [1/1] (0.00ns)   --->   "%cnn_accel_w1_local_217 = load i32 %p_ZZ9cnn_accelE8w1_local_34"   --->   Operation 330 'load' 'cnn_accel_w1_local_217' <Predicate = true> <Delay = 0.00>
ST_1 : Operation 331 [1/1] (0.00ns)   --->   "%cnn_accel_w1_local_218 = load i32 %p_ZZ9cnn_accelE8w1_local_61"   --->   Operation 331 'load' 'cnn_accel_w1_local_218' <Predicate = true> <Delay = 0.00>
ST_1 : Operation 332 [1/1] (0.00ns)   --->   "%p_ZZ9cnn_accelE8w1_local_88_load = load i32 %p_ZZ9cnn_accelE8w1_local_88"   --->   Operation 332 'load' 'p_ZZ9cnn_accelE8w1_local_88_load' <Predicate = true> <Delay = 0.00>
ST_1 : Operation 333 [1/1] (0.00ns)   --->   "%p_ZZ9cnn_accelE8w1_local_115_load = load i32 %p_ZZ9cnn_accelE8w1_local_115"   --->   Operation 333 'load' 'p_ZZ9cnn_accelE8w1_local_115_load' <Predicate = true> <Delay = 0.00>
ST_1 : Operation 334 [1/1] (0.00ns)   --->   "%p_ZZ9cnn_accelE8w1_local_142_load = load i32 %p_ZZ9cnn_accelE8w1_local_142"   --->   Operation 334 'load' 'p_ZZ9cnn_accelE8w1_local_142_load' <Predicate = true> <Delay = 0.00>
ST_1 : Operation 335 [1/1] (0.00ns)   --->   "%p_ZZ9cnn_accelE8w1_local_169_load = load i32 %p_ZZ9cnn_accelE8w1_local_169"   --->   Operation 335 'load' 'p_ZZ9cnn_accelE8w1_local_169_load' <Predicate = true> <Delay = 0.00>
ST_1 : Operation 336 [1/1] (0.00ns)   --->   "%p_ZZ9cnn_accelE8w1_local_196_load = load i32 %p_ZZ9cnn_accelE8w1_local_196"   --->   Operation 336 'load' 'p_ZZ9cnn_accelE8w1_local_196_load' <Predicate = true> <Delay = 0.00>
ST_1 : Operation 337 [1/1] (0.00ns)   --->   "%p_ZZ9cnn_accelE8w1_local_16_load = load i32 %p_ZZ9cnn_accelE8w1_local_16"   --->   Operation 337 'load' 'p_ZZ9cnn_accelE8w1_local_16_load' <Predicate = true> <Delay = 0.00>
ST_1 : Operation 338 [1/1] (0.00ns)   --->   "%cnn_accel_w1_local_219 = load i32 %p_ZZ9cnn_accelE8w1_local_43"   --->   Operation 338 'load' 'cnn_accel_w1_local_219' <Predicate = true> <Delay = 0.00>
ST_1 : Operation 339 [1/1] (0.00ns)   --->   "%p_ZZ9cnn_accelE8w1_local_70_load = load i32 %p_ZZ9cnn_accelE8w1_local_70"   --->   Operation 339 'load' 'p_ZZ9cnn_accelE8w1_local_70_load' <Predicate = true> <Delay = 0.00>
ST_1 : Operation 340 [1/1] (0.00ns)   --->   "%p_ZZ9cnn_accelE8w1_local_97_load = load i32 %p_ZZ9cnn_accelE8w1_local_97"   --->   Operation 340 'load' 'p_ZZ9cnn_accelE8w1_local_97_load' <Predicate = true> <Delay = 0.00>
ST_1 : Operation 341 [1/1] (0.00ns)   --->   "%p_ZZ9cnn_accelE8w1_local_124_load = load i32 %p_ZZ9cnn_accelE8w1_local_124"   --->   Operation 341 'load' 'p_ZZ9cnn_accelE8w1_local_124_load' <Predicate = true> <Delay = 0.00>
ST_1 : Operation 342 [1/1] (0.00ns)   --->   "%p_ZZ9cnn_accelE8w1_local_151_load = load i32 %p_ZZ9cnn_accelE8w1_local_151"   --->   Operation 342 'load' 'p_ZZ9cnn_accelE8w1_local_151_load' <Predicate = true> <Delay = 0.00>
ST_1 : Operation 343 [1/1] (0.00ns)   --->   "%p_ZZ9cnn_accelE8w1_local_178_load = load i32 %p_ZZ9cnn_accelE8w1_local_178"   --->   Operation 343 'load' 'p_ZZ9cnn_accelE8w1_local_178_load' <Predicate = true> <Delay = 0.00>
ST_1 : Operation 344 [1/1] (0.00ns)   --->   "%p_ZZ9cnn_accelE8w1_local_205_load = load i32 %p_ZZ9cnn_accelE8w1_local_205"   --->   Operation 344 'load' 'p_ZZ9cnn_accelE8w1_local_205_load' <Predicate = true> <Delay = 0.00>
ST_1 : Operation 345 [1/1] (0.00ns)   --->   "%cnn_accel_w1_local_220 = load i32 %p_ZZ9cnn_accelE8w1_local_25"   --->   Operation 345 'load' 'cnn_accel_w1_local_220' <Predicate = true> <Delay = 0.00>
ST_1 : Operation 346 [1/1] (0.00ns)   --->   "%cnn_accel_w1_local_221 = load i32 %p_ZZ9cnn_accelE8w1_local_52"   --->   Operation 346 'load' 'cnn_accel_w1_local_221' <Predicate = true> <Delay = 0.00>
ST_1 : Operation 347 [1/1] (0.00ns)   --->   "%p_ZZ9cnn_accelE8w1_local_79_load = load i32 %p_ZZ9cnn_accelE8w1_local_79"   --->   Operation 347 'load' 'p_ZZ9cnn_accelE8w1_local_79_load' <Predicate = true> <Delay = 0.00>
ST_1 : Operation 348 [1/1] (0.00ns)   --->   "%p_ZZ9cnn_accelE8w1_local_106_load = load i32 %p_ZZ9cnn_accelE8w1_local_106"   --->   Operation 348 'load' 'p_ZZ9cnn_accelE8w1_local_106_load' <Predicate = true> <Delay = 0.00>
ST_1 : Operation 349 [1/1] (0.00ns)   --->   "%p_ZZ9cnn_accelE8w1_local_133_load = load i32 %p_ZZ9cnn_accelE8w1_local_133"   --->   Operation 349 'load' 'p_ZZ9cnn_accelE8w1_local_133_load' <Predicate = true> <Delay = 0.00>
ST_1 : Operation 350 [1/1] (0.00ns)   --->   "%p_ZZ9cnn_accelE8w1_local_160_load = load i32 %p_ZZ9cnn_accelE8w1_local_160"   --->   Operation 350 'load' 'p_ZZ9cnn_accelE8w1_local_160_load' <Predicate = true> <Delay = 0.00>
ST_1 : Operation 351 [1/1] (0.00ns)   --->   "%p_ZZ9cnn_accelE8w1_local_187_load = load i32 %p_ZZ9cnn_accelE8w1_local_187"   --->   Operation 351 'load' 'p_ZZ9cnn_accelE8w1_local_187_load' <Predicate = true> <Delay = 0.00>
ST_1 : Operation 352 [1/1] (0.00ns)   --->   "%p_ZZ9cnn_accelE8w1_local_214_load = load i32 %p_ZZ9cnn_accelE8w1_local_214"   --->   Operation 352 'load' 'p_ZZ9cnn_accelE8w1_local_214_load' <Predicate = true> <Delay = 0.00>
ST_1 : Operation 353 [1/1] (0.00ns)   --->   "%w1_local_8_load = load i32 %w1_local_8"   --->   Operation 353 'load' 'w1_local_8_load' <Predicate = true> <Delay = 0.00>
ST_1 : Operation 354 [1/1] (0.00ns)   --->   "%cnn_accel_w1_local_222 = load i32 %p_ZZ9cnn_accelE8w1_local_35"   --->   Operation 354 'load' 'cnn_accel_w1_local_222' <Predicate = true> <Delay = 0.00>
ST_1 : Operation 355 [1/1] (0.00ns)   --->   "%cnn_accel_w1_local_223 = load i32 %p_ZZ9cnn_accelE8w1_local_62"   --->   Operation 355 'load' 'cnn_accel_w1_local_223' <Predicate = true> <Delay = 0.00>
ST_1 : Operation 356 [1/1] (0.00ns)   --->   "%p_ZZ9cnn_accelE8w1_local_89_load = load i32 %p_ZZ9cnn_accelE8w1_local_89"   --->   Operation 356 'load' 'p_ZZ9cnn_accelE8w1_local_89_load' <Predicate = true> <Delay = 0.00>
ST_1 : Operation 357 [1/1] (0.00ns)   --->   "%p_ZZ9cnn_accelE8w1_local_116_load = load i32 %p_ZZ9cnn_accelE8w1_local_116"   --->   Operation 357 'load' 'p_ZZ9cnn_accelE8w1_local_116_load' <Predicate = true> <Delay = 0.00>
ST_1 : Operation 358 [1/1] (0.00ns)   --->   "%p_ZZ9cnn_accelE8w1_local_143_load = load i32 %p_ZZ9cnn_accelE8w1_local_143"   --->   Operation 358 'load' 'p_ZZ9cnn_accelE8w1_local_143_load' <Predicate = true> <Delay = 0.00>
ST_1 : Operation 359 [1/1] (0.00ns)   --->   "%p_ZZ9cnn_accelE8w1_local_170_load = load i32 %p_ZZ9cnn_accelE8w1_local_170"   --->   Operation 359 'load' 'p_ZZ9cnn_accelE8w1_local_170_load' <Predicate = true> <Delay = 0.00>
ST_1 : Operation 360 [1/1] (0.00ns)   --->   "%p_ZZ9cnn_accelE8w1_local_197_load = load i32 %p_ZZ9cnn_accelE8w1_local_197"   --->   Operation 360 'load' 'p_ZZ9cnn_accelE8w1_local_197_load' <Predicate = true> <Delay = 0.00>
ST_1 : Operation 361 [1/1] (0.00ns)   --->   "%p_ZZ9cnn_accelE8w1_local_17_load = load i32 %p_ZZ9cnn_accelE8w1_local_17"   --->   Operation 361 'load' 'p_ZZ9cnn_accelE8w1_local_17_load' <Predicate = true> <Delay = 0.00>
ST_1 : Operation 362 [1/1] (0.00ns)   --->   "%cnn_accel_w1_local_224 = load i32 %p_ZZ9cnn_accelE8w1_local_44"   --->   Operation 362 'load' 'cnn_accel_w1_local_224' <Predicate = true> <Delay = 0.00>
ST_1 : Operation 363 [1/1] (0.00ns)   --->   "%cnn_accel_w1_local_225 = load i32 %p_ZZ9cnn_accelE8w1_local_71"   --->   Operation 363 'load' 'cnn_accel_w1_local_225' <Predicate = true> <Delay = 0.00>
ST_1 : Operation 364 [1/1] (0.00ns)   --->   "%p_ZZ9cnn_accelE8w1_local_98_load = load i32 %p_ZZ9cnn_accelE8w1_local_98"   --->   Operation 364 'load' 'p_ZZ9cnn_accelE8w1_local_98_load' <Predicate = true> <Delay = 0.00>
ST_1 : Operation 365 [1/1] (0.00ns)   --->   "%p_ZZ9cnn_accelE8w1_local_125_load = load i32 %p_ZZ9cnn_accelE8w1_local_125"   --->   Operation 365 'load' 'p_ZZ9cnn_accelE8w1_local_125_load' <Predicate = true> <Delay = 0.00>
ST_1 : Operation 366 [1/1] (0.00ns)   --->   "%p_ZZ9cnn_accelE8w1_local_152_load = load i32 %p_ZZ9cnn_accelE8w1_local_152"   --->   Operation 366 'load' 'p_ZZ9cnn_accelE8w1_local_152_load' <Predicate = true> <Delay = 0.00>
ST_1 : Operation 367 [1/1] (0.00ns)   --->   "%p_ZZ9cnn_accelE8w1_local_179_load = load i32 %p_ZZ9cnn_accelE8w1_local_179"   --->   Operation 367 'load' 'p_ZZ9cnn_accelE8w1_local_179_load' <Predicate = true> <Delay = 0.00>
ST_1 : Operation 368 [1/1] (0.00ns)   --->   "%p_ZZ9cnn_accelE8w1_local_206_load = load i32 %p_ZZ9cnn_accelE8w1_local_206"   --->   Operation 368 'load' 'p_ZZ9cnn_accelE8w1_local_206_load' <Predicate = true> <Delay = 0.00>
ST_1 : Operation 369 [1/1] (0.00ns)   --->   "%p_ZZ9cnn_accelE8w1_local_26_load = load i32 %p_ZZ9cnn_accelE8w1_local_26"   --->   Operation 369 'load' 'p_ZZ9cnn_accelE8w1_local_26_load' <Predicate = true> <Delay = 0.00>
ST_1 : Operation 370 [1/1] (0.00ns)   --->   "%cnn_accel_w1_local_226 = load i32 %p_ZZ9cnn_accelE8w1_local_53"   --->   Operation 370 'load' 'cnn_accel_w1_local_226' <Predicate = true> <Delay = 0.00>
ST_1 : Operation 371 [1/1] (0.00ns)   --->   "%p_ZZ9cnn_accelE8w1_local_80_load = load i32 %p_ZZ9cnn_accelE8w1_local_80"   --->   Operation 371 'load' 'p_ZZ9cnn_accelE8w1_local_80_load' <Predicate = true> <Delay = 0.00>
ST_1 : Operation 372 [1/1] (0.00ns)   --->   "%p_ZZ9cnn_accelE8w1_local_107_load = load i32 %p_ZZ9cnn_accelE8w1_local_107"   --->   Operation 372 'load' 'p_ZZ9cnn_accelE8w1_local_107_load' <Predicate = true> <Delay = 0.00>
ST_1 : Operation 373 [1/1] (0.00ns)   --->   "%p_ZZ9cnn_accelE8w1_local_134_load = load i32 %p_ZZ9cnn_accelE8w1_local_134"   --->   Operation 373 'load' 'p_ZZ9cnn_accelE8w1_local_134_load' <Predicate = true> <Delay = 0.00>
ST_1 : Operation 374 [1/1] (0.00ns)   --->   "%p_ZZ9cnn_accelE8w1_local_161_load = load i32 %p_ZZ9cnn_accelE8w1_local_161"   --->   Operation 374 'load' 'p_ZZ9cnn_accelE8w1_local_161_load' <Predicate = true> <Delay = 0.00>
ST_1 : Operation 375 [1/1] (0.00ns)   --->   "%p_ZZ9cnn_accelE8w1_local_188_load = load i32 %p_ZZ9cnn_accelE8w1_local_188"   --->   Operation 375 'load' 'p_ZZ9cnn_accelE8w1_local_188_load' <Predicate = true> <Delay = 0.00>
ST_1 : Operation 376 [1/1] (0.00ns)   --->   "%p_ZZ9cnn_accelE8w1_local_215_load = load i32 %p_ZZ9cnn_accelE8w1_local_215"   --->   Operation 376 'load' 'p_ZZ9cnn_accelE8w1_local_215_load' <Predicate = true> <Delay = 0.00>
ST_1 : Operation 377 [1/1] (1.32ns)   --->   "%store_ln0 = store i20 0, i20 %indvar_flatten14"   --->   Operation 377 'store' 'store_ln0' <Predicate = true> <Delay = 1.32>
ST_1 : Operation 378 [1/1] (1.32ns)   --->   "%store_ln213 = store i8 0, i8 %i" [../hls_files/conv_pool.cpp:213]   --->   Operation 378 'store' 'store_ln213' <Predicate = true> <Delay = 1.32>
ST_1 : Operation 379 [1/1] (1.32ns)   --->   "%store_ln0 = store i13 0, i13 %indvar_flatten"   --->   Operation 379 'store' 'store_ln0' <Predicate = true> <Delay = 1.32>
ST_1 : Operation 380 [1/1] (1.32ns)   --->   "%store_ln214 = store i9 0, i9 %j" [../hls_files/conv_pool.cpp:214]   --->   Operation 380 'store' 'store_ln214' <Predicate = true> <Delay = 1.32>
ST_1 : Operation 381 [1/1] (1.32ns)   --->   "%store_ln215 = store i4 0, i4 %m" [../hls_files/conv_pool.cpp:215]   --->   Operation 381 'store' 'store_ln215' <Predicate = true> <Delay = 1.32>
ST_1 : Operation 382 [1/1] (0.00ns)   --->   "%br_ln213 = br void %CONV1_KR.i" [../hls_files/conv_pool.cpp:213]   --->   Operation 382 'br' 'br_ln213' <Predicate = true> <Delay = 0.00>

State 2 <SV = 1> <Delay = 6.99>
ST_2 : Operation 383 [1/1] (0.00ns)   --->   "%indvar_flatten_load = load i13 %indvar_flatten" [../hls_files/conv_pool.cpp:214]   --->   Operation 383 'load' 'indvar_flatten_load' <Predicate = true> <Delay = 0.00>
ST_2 : Operation 384 [1/1] (0.00ns)   --->   "%indvar_flatten14_load = load i20 %indvar_flatten14" [../hls_files/conv_pool.cpp:213]   --->   Operation 384 'load' 'indvar_flatten14_load' <Predicate = true> <Delay = 0.00>
ST_2 : Operation 385 [1/1] (1.92ns)   --->   "%icmp_ln213 = icmp_eq  i20 %indvar_flatten14_load, i20 605472" [../hls_files/conv_pool.cpp:213]   --->   Operation 385 'icmp' 'icmp_ln213' <Predicate = true> <Delay = 1.92> <CoreInst = "Cmp">   --->   Core 9 'Cmp' <Latency = 0> <II = 1> <Delay = 1.92> <FuncUnit> <Opcode : 'seteq' 'setne' 'setle' 'setge' 'setlt' 'setgt'> <InPorts = 2> <OutPorts = 1>
ST_2 : Operation 386 [1/1] (1.92ns)   --->   "%add_ln213 = add i20 %indvar_flatten14_load, i20 1" [../hls_files/conv_pool.cpp:213]   --->   Operation 386 'add' 'add_ln213' <Predicate = true> <Delay = 1.92> <CoreInst = "Adder">   --->   Core 1 'Adder' <Latency = 0> <II = 1> <Delay = 1.92> <FuncUnit> <Opcode : 'add' 'sub'> <InPorts = 2> <OutPorts = 1>
ST_2 : Operation 387 [1/1] (0.00ns)   --->   "%br_ln213 = br i1 %icmp_ln213, void %for.inc56.i, void %conv1.exit" [../hls_files/conv_pool.cpp:213]   --->   Operation 387 'br' 'br_ln213' <Predicate = true> <Delay = 0.00>
ST_2 : Operation 388 [1/1] (0.00ns)   --->   "%m_load = load i4 %m" [../hls_files/conv_pool.cpp:215]   --->   Operation 388 'load' 'm_load' <Predicate = (!icmp_ln213)> <Delay = 0.00>
ST_2 : Operation 389 [1/1] (0.00ns)   --->   "%j_load = load i9 %j"   --->   Operation 389 'load' 'j_load' <Predicate = (!icmp_ln213)> <Delay = 0.00>
ST_2 : Operation 390 [1/1] (0.00ns)   --->   "%i_load = load i8 %i"   --->   Operation 390 'load' 'i_load' <Predicate = (!icmp_ln213)> <Delay = 0.00>
ST_2 : Operation 391 [1/1] (1.79ns)   --->   "%icmp_ln214 = icmp_eq  i13 %indvar_flatten_load, i13 2544" [../hls_files/conv_pool.cpp:214]   --->   Operation 391 'icmp' 'icmp_ln214' <Predicate = (!icmp_ln213)> <Delay = 1.79> <CoreInst = "Cmp">   --->   Core 9 'Cmp' <Latency = 0> <II = 1> <Delay = 1.79> <FuncUnit> <Opcode : 'seteq' 'setne' 'setle' 'setge' 'setlt' 'setgt'> <InPorts = 2> <OutPorts = 1>
ST_2 : Operation 392 [1/1] (1.07ns)   --->   "%select_ln213 = select i1 %icmp_ln214, i9 0, i9 %j_load" [../hls_files/conv_pool.cpp:213]   --->   Operation 392 'select' 'select_ln213' <Predicate = (!icmp_ln213)> <Delay = 1.07> <CoreInst = "Sel">   --->   Core 73 'Sel' <Latency = 0> <II = 1> <Delay = 1.07> <FuncUnit> <Opcode : 'select'> <InPorts = 3> <OutPorts = 1>
ST_2 : Operation 393 [1/1] (1.71ns)   --->   "%indvars_iv_next142_i_mid1 = add i8 %i_load, i8 2"   --->   Operation 393 'add' 'indvars_iv_next142_i_mid1' <Predicate = (!icmp_ln213)> <Delay = 1.71> <CoreInst = "Adder">   --->   Core 1 'Adder' <Latency = 0> <II = 1> <Delay = 1.71> <FuncUnit> <Opcode : 'add' 'sub'> <InPorts = 2> <OutPorts = 1>
ST_2 : Operation 394 [1/1] (1.71ns)   --->   "%indvars_iv_next142_i184 = add i8 %i_load, i8 1"   --->   Operation 394 'add' 'indvars_iv_next142_i184' <Predicate = (!icmp_ln213)> <Delay = 1.71> <CoreInst = "Adder">   --->   Core 1 'Adder' <Latency = 0> <II = 1> <Delay = 1.71> <FuncUnit> <Opcode : 'add' 'sub'> <InPorts = 2> <OutPorts = 1>
ST_2 : Operation 395 [1/1] (1.07ns)   --->   "%select_ln213_1 = select i1 %icmp_ln214, i8 %indvars_iv_next142_i_mid1, i8 %indvars_iv_next142_i184" [../hls_files/conv_pool.cpp:213]   --->   Operation 395 'select' 'select_ln213_1' <Predicate = (!icmp_ln213)> <Delay = 1.07> <CoreInst = "Sel">   --->   Core 73 'Sel' <Latency = 0> <II = 1> <Delay = 1.07> <FuncUnit> <Opcode : 'select'> <InPorts = 3> <OutPorts = 1>
ST_2 : Operation 396 [1/1] (1.73ns)   --->   "%indvars_iv_next138_i192 = add i9 %j_load, i9 1"   --->   Operation 396 'add' 'indvars_iv_next138_i192' <Predicate = (!icmp_ln213)> <Delay = 1.73> <CoreInst = "Adder">   --->   Core 1 'Adder' <Latency = 0> <II = 1> <Delay = 1.73> <FuncUnit> <Opcode : 'add' 'sub'> <InPorts = 2> <OutPorts = 1>
ST_2 : Operation 397 [1/1] (0.00ns) (grouped into LUT with out node indvars_iv_next138_i_mid2)   --->   "%select_ln213_2 = select i1 %icmp_ln214, i9 1, i9 %indvars_iv_next138_i192" [../hls_files/conv_pool.cpp:213]   --->   Operation 397 'select' 'select_ln213_2' <Predicate = (!icmp_ln213)> <Delay = 0.00> <CoreInst = "Sel">   --->   Core 73 'Sel' <Latency = 0> <II = 1> <Delay = 1.07> <FuncUnit> <Opcode : 'select'> <InPorts = 3> <OutPorts = 1>
ST_2 : Operation 398 [1/1] (0.00ns) (grouped into LUT with out node and_ln213)   --->   "%xor_ln213 = xor i1 %icmp_ln214, i1 1" [../hls_files/conv_pool.cpp:213]   --->   Operation 398 'xor' 'xor_ln213' <Predicate = (!icmp_ln213)> <Delay = 0.00> <CoreInst = "LogicGate">   --->   Core 74 'LogicGate' <Latency = 0> <II = 1> <Delay = 0.80> <FuncUnit> <Opcode : 'and' 'or' 'xor'> <InPorts = 2> <OutPorts = 1>
ST_2 : Operation 399 [1/1] (1.49ns)   --->   "%icmp_ln215 = icmp_eq  i4 %m_load, i4 8" [../hls_files/conv_pool.cpp:215]   --->   Operation 399 'icmp' 'icmp_ln215' <Predicate = (!icmp_ln213)> <Delay = 1.49> <CoreInst = "Cmp">   --->   Core 9 'Cmp' <Latency = 0> <II = 1> <Delay = 1.49> <FuncUnit> <Opcode : 'seteq' 'setne' 'setle' 'setge' 'setlt' 'setgt'> <InPorts = 2> <OutPorts = 1>
ST_2 : Operation 400 [1/1] (0.80ns) (out node of the LUT)   --->   "%and_ln213 = and i1 %icmp_ln215, i1 %xor_ln213" [../hls_files/conv_pool.cpp:213]   --->   Operation 400 'and' 'and_ln213' <Predicate = (!icmp_ln213)> <Delay = 0.80> <CoreInst = "LogicGate">   --->   Core 74 'LogicGate' <Latency = 0> <II = 1> <Delay = 0.80> <FuncUnit> <Opcode : 'and' 'or' 'xor'> <InPorts = 2> <OutPorts = 1>
ST_2 : Operation 401 [1/1] (1.07ns)   --->   "%select_ln213_3 = select i1 %icmp_ln214, i8 %indvars_iv_next142_i184, i8 %i_load" [../hls_files/conv_pool.cpp:213]   --->   Operation 401 'select' 'select_ln213_3' <Predicate = (!icmp_ln213)> <Delay = 1.07> <CoreInst = "Sel">   --->   Core 73 'Sel' <Latency = 0> <II = 1> <Delay = 1.07> <FuncUnit> <Opcode : 'select'> <InPorts = 3> <OutPorts = 1>
ST_2 : Operation 402 [1/1] (1.73ns)   --->   "%indvars_iv_next138_i_dup = add i9 %select_ln213, i9 1" [../hls_files/conv_pool.cpp:213]   --->   Operation 402 'add' 'indvars_iv_next138_i_dup' <Predicate = (!icmp_ln213)> <Delay = 1.73> <CoreInst = "Adder">   --->   Core 1 'Adder' <Latency = 0> <II = 1> <Delay = 1.73> <FuncUnit> <Opcode : 'add' 'sub'> <InPorts = 2> <OutPorts = 1>
ST_2 : Operation 403 [1/1] (0.00ns) (grouped into LUT with out node m_mid2)   --->   "%empty = or i1 %and_ln213, i1 %icmp_ln214" [../hls_files/conv_pool.cpp:213]   --->   Operation 403 'or' 'empty' <Predicate = (!icmp_ln213)> <Delay = 0.00> <CoreInst = "LogicGate">   --->   Core 74 'LogicGate' <Latency = 0> <II = 1> <Delay = 0.80> <FuncUnit> <Opcode : 'and' 'or' 'xor'> <InPorts = 2> <OutPorts = 1>
ST_2 : Operation 404 [1/1] (0.80ns) (out node of the LUT)   --->   "%m_mid2 = select i1 %empty, i4 0, i4 %m_load" [../hls_files/conv_pool.cpp:213]   --->   Operation 404 'select' 'm_mid2' <Predicate = (!icmp_ln213)> <Delay = 0.80> <CoreInst = "Sel">   --->   Core 73 'Sel' <Latency = 0> <II = 1> <Delay = 0.80> <FuncUnit> <Opcode : 'select'> <InPorts = 3> <OutPorts = 1>
ST_2 : Operation 405 [1/1] (1.73ns)   --->   "%indvars_iv_next138_i_mid1 = add i9 %select_ln213, i9 2" [../hls_files/conv_pool.cpp:213]   --->   Operation 405 'add' 'indvars_iv_next138_i_mid1' <Predicate = (!icmp_ln213)> <Delay = 1.73> <CoreInst = "Adder">   --->   Core 1 'Adder' <Latency = 0> <II = 1> <Delay = 1.73> <FuncUnit> <Opcode : 'add' 'sub'> <InPorts = 2> <OutPorts = 1>
ST_2 : Operation 406 [1/1] (1.07ns) (out node of the LUT)   --->   "%indvars_iv_next138_i_mid2 = select i1 %and_ln213, i9 %indvars_iv_next138_i_mid1, i9 %select_ln213_2" [../hls_files/conv_pool.cpp:213]   --->   Operation 406 'select' 'indvars_iv_next138_i_mid2' <Predicate = (!icmp_ln213)> <Delay = 1.07> <CoreInst = "Sel">   --->   Core 73 'Sel' <Latency = 0> <II = 1> <Delay = 1.07> <FuncUnit> <Opcode : 'select'> <InPorts = 3> <OutPorts = 1>
ST_2 : Operation 407 [1/1] (1.07ns)   --->   "%select_ln214 = select i1 %and_ln213, i9 %indvars_iv_next138_i_dup, i9 %select_ln213" [../hls_files/conv_pool.cpp:214]   --->   Operation 407 'select' 'select_ln214' <Predicate = (!icmp_ln213)> <Delay = 1.07> <CoreInst = "Sel">   --->   Core 73 'Sel' <Latency = 0> <II = 1> <Delay = 1.07> <FuncUnit> <Opcode : 'select'> <InPorts = 3> <OutPorts = 1>
ST_2 : Operation 408 [1/1] (0.00ns)   --->   "%trunc_ln215 = trunc i4 %m_mid2" [../hls_files/conv_pool.cpp:215]   --->   Operation 408 'trunc' 'trunc_ln215' <Predicate = (!icmp_ln213)> <Delay = 0.00>
ST_2 : Operation 409 [1/1] (0.00ns)   --->   "%trunc_ln215_1 = trunc i4 %m_mid2" [../hls_files/conv_pool.cpp:215]   --->   Operation 409 'trunc' 'trunc_ln215_1' <Predicate = (!icmp_ln213)> <Delay = 0.00>
ST_2 : Operation 410 [1/1] (0.00ns)   --->   "%trunc_ln215_3 = partselect i2 @_ssdm_op_PartSelect.i2.i4.i32.i32, i4 %m_mid2, i32 1, i32 2" [../hls_files/conv_pool.cpp:215]   --->   Operation 410 'partselect' 'trunc_ln215_3' <Predicate = (!icmp_ln213)> <Delay = 0.00>
ST_2 : Operation 411 [1/1] (1.20ns)   --->   "%switch_ln228 = switch i2 %trunc_ln215_3, void %arrayidx4926.case.3.i, i2 0, void %arrayidx4926.case.0.i, i2 1, void %arrayidx4926.case.1.i, i2 2, void %arrayidx4926.case.2.i" [../hls_files/conv_pool.cpp:228]   --->   Operation 411 'switch' 'switch_ln228' <Predicate = (!icmp_ln213)> <Delay = 1.20>
ST_2 : Operation 412 [1/1] (1.49ns)   --->   "%add_ln215 = add i4 %m_mid2, i4 1" [../hls_files/conv_pool.cpp:215]   --->   Operation 412 'add' 'add_ln215' <Predicate = (!icmp_ln213)> <Delay = 1.49> <CoreInst = "Adder">   --->   Core 1 'Adder' <Latency = 0> <II = 1> <Delay = 1.49> <FuncUnit> <Opcode : 'add' 'sub'> <InPorts = 2> <OutPorts = 1>
ST_2 : Operation 413 [1/1] (1.79ns)   --->   "%add_ln214 = add i13 %indvar_flatten_load, i13 1" [../hls_files/conv_pool.cpp:214]   --->   Operation 413 'add' 'add_ln214' <Predicate = (!icmp_ln213)> <Delay = 1.79> <CoreInst = "Adder">   --->   Core 1 'Adder' <Latency = 0> <II = 1> <Delay = 1.79> <FuncUnit> <Opcode : 'add' 'sub'> <InPorts = 2> <OutPorts = 1>
ST_2 : Operation 414 [1/1] (0.60ns)   --->   "%select_ln214_1 = select i1 %icmp_ln214, i13 1, i13 %add_ln214" [../hls_files/conv_pool.cpp:214]   --->   Operation 414 'select' 'select_ln214_1' <Predicate = (!icmp_ln213)> <Delay = 0.60> <CoreInst = "Sel">   --->   Core 73 'Sel' <Latency = 0> <II = 1> <Delay = 0.60> <FuncUnit> <Opcode : 'select'> <InPorts = 3> <OutPorts = 1>
ST_2 : Operation 415 [1/1] (1.32ns)   --->   "%store_ln213 = store i20 %add_ln213, i20 %indvar_flatten14" [../hls_files/conv_pool.cpp:213]   --->   Operation 415 'store' 'store_ln213' <Predicate = (!icmp_ln213)> <Delay = 1.32>
ST_2 : Operation 416 [1/1] (1.32ns)   --->   "%store_ln213 = store i8 %select_ln213_3, i8 %i" [../hls_files/conv_pool.cpp:213]   --->   Operation 416 'store' 'store_ln213' <Predicate = (!icmp_ln213)> <Delay = 1.32>
ST_2 : Operation 417 [1/1] (1.32ns)   --->   "%store_ln214 = store i13 %select_ln214_1, i13 %indvar_flatten" [../hls_files/conv_pool.cpp:214]   --->   Operation 417 'store' 'store_ln214' <Predicate = (!icmp_ln213)> <Delay = 1.32>
ST_2 : Operation 418 [1/1] (1.32ns)   --->   "%store_ln214 = store i9 %select_ln214, i9 %j" [../hls_files/conv_pool.cpp:214]   --->   Operation 418 'store' 'store_ln214' <Predicate = (!icmp_ln213)> <Delay = 1.32>
ST_2 : Operation 419 [1/1] (1.32ns)   --->   "%store_ln215 = store i4 %add_ln215, i4 %m" [../hls_files/conv_pool.cpp:215]   --->   Operation 419 'store' 'store_ln215' <Predicate = (!icmp_ln213)> <Delay = 1.32>
ST_2 : Operation 420 [1/1] (0.00ns)   --->   "%br_ln215 = br void %CONV1_KR.i" [../hls_files/conv_pool.cpp:215]   --->   Operation 420 'br' 'br_ln215' <Predicate = (!icmp_ln213)> <Delay = 0.00>

State 3 <SV = 2> <Delay = 6.47>
ST_3 : Operation 421 [1/1] (0.00ns)   --->   "%tmp_50 = bitconcatenate i16 @_ssdm_op_BitConcatenate.i16.i8.i8, i8 %select_ln213_3, i8 0" [../hls_files/conv_pool.cpp:213]   --->   Operation 421 'bitconcatenate' 'tmp_50' <Predicate = (!icmp_ln213)> <Delay = 0.00>
ST_3 : Operation 422 [1/1] (0.00ns)   --->   "%p_shl261 = zext i16 %tmp_50" [../hls_files/conv_pool.cpp:213]   --->   Operation 422 'zext' 'p_shl261' <Predicate = (!icmp_ln213)> <Delay = 0.00>
ST_3 : Operation 423 [1/1] (0.00ns)   --->   "%tmp_51 = bitconcatenate i14 @_ssdm_op_BitConcatenate.i14.i8.i6, i8 %select_ln213_3, i6 0" [../hls_files/conv_pool.cpp:213]   --->   Operation 423 'bitconcatenate' 'tmp_51' <Predicate = (!icmp_ln213)> <Delay = 0.00>
ST_3 : Operation 424 [1/1] (0.00ns)   --->   "%p_shl262 = zext i14 %tmp_51" [../hls_files/conv_pool.cpp:213]   --->   Operation 424 'zext' 'p_shl262' <Predicate = (!icmp_ln213)> <Delay = 0.00>
ST_3 : Operation 425 [1/1] (1.84ns)   --->   "%empty_227 = add i17 %p_shl261, i17 %p_shl262" [../hls_files/conv_pool.cpp:213]   --->   Operation 425 'add' 'empty_227' <Predicate = (!icmp_ln213)> <Delay = 1.84> <CoreInst = "Adder">   --->   Core 1 'Adder' <Latency = 0> <II = 1> <Delay = 1.84> <FuncUnit> <Opcode : 'add' 'sub'> <InPorts = 2> <OutPorts = 1>
ST_3 : Operation 426 [1/1] (0.00ns)   --->   "%zext_ln228 = zext i9 %select_ln214" [../hls_files/conv_pool.cpp:228]   --->   Operation 426 'zext' 'zext_ln228' <Predicate = (!icmp_ln213)> <Delay = 0.00>
ST_3 : Operation 427 [1/1] (1.86ns)   --->   "%empty_231 = add i17 %empty_227, i17 %zext_ln228" [../hls_files/conv_pool.cpp:213]   --->   Operation 427 'add' 'empty_231' <Predicate = (!icmp_ln213)> <Delay = 1.86> <CoreInst = "Adder">   --->   Core 1 'Adder' <Latency = 0> <II = 1> <Delay = 1.86> <FuncUnit> <Opcode : 'add' 'sub'> <InPorts = 2> <OutPorts = 1>
ST_3 : Operation 428 [1/1] (0.00ns)   --->   "%tmp_56 = bitconcatenate i18 @_ssdm_op_BitConcatenate.i18.i17.i1, i17 %empty_231, i1 0" [../hls_files/conv_pool.cpp:213]   --->   Operation 428 'bitconcatenate' 'tmp_56' <Predicate = (!icmp_ln213)> <Delay = 0.00>
ST_3 : Operation 429 [1/1] (0.00ns)   --->   "%p_cast209 = zext i18 %tmp_56" [../hls_files/conv_pool.cpp:213]   --->   Operation 429 'zext' 'p_cast209' <Predicate = (!icmp_ln213)> <Delay = 0.00>
ST_3 : Operation 430 [1/1] (0.00ns)   --->   "%local_img_addr = getelementptr i32 %local_img, i64 0, i64 %p_cast209" [../hls_files/conv_pool.cpp:213]   --->   Operation 430 'getelementptr' 'local_img_addr' <Predicate = (!icmp_ln213)> <Delay = 0.00>
ST_3 : Operation 431 [1/1] (0.00ns)   --->   "%tmp_49 = bitconcatenate i18 @_ssdm_op_BitConcatenate.i18.i17.i1, i17 %empty_231, i1 1" [../hls_files/conv_pool.cpp:213]   --->   Operation 431 'bitconcatenate' 'tmp_49' <Predicate = (!icmp_ln213)> <Delay = 0.00>
ST_3 : Operation 432 [1/1] (0.00ns)   --->   "%tmp_77_cast = zext i18 %tmp_49" [../hls_files/conv_pool.cpp:213]   --->   Operation 432 'zext' 'tmp_77_cast' <Predicate = (!icmp_ln213)> <Delay = 0.00>
ST_3 : Operation 433 [1/1] (0.00ns)   --->   "%local_img_addr_1 = getelementptr i32 %local_img, i64 0, i64 %tmp_77_cast" [../hls_files/conv_pool.cpp:213]   --->   Operation 433 'getelementptr' 'local_img_addr_1' <Predicate = (!icmp_ln213)> <Delay = 0.00>
ST_3 : Operation 434 [1/1] (0.00ns)   --->   "%local_img_60_addr = getelementptr i32 %local_img_60, i64 0, i64 %p_cast209" [../hls_files/conv_pool.cpp:213]   --->   Operation 434 'getelementptr' 'local_img_60_addr' <Predicate = (!icmp_ln213)> <Delay = 0.00>
ST_3 : Operation 435 [1/1] (0.00ns)   --->   "%indvars_iv_next138_i_mid2_cast = zext i9 %indvars_iv_next138_i_mid2" [../hls_files/conv_pool.cpp:213]   --->   Operation 435 'zext' 'indvars_iv_next138_i_mid2_cast' <Predicate = (!icmp_ln213)> <Delay = 0.00>
ST_3 : Operation 436 [1/1] (1.86ns)   --->   "%empty_234 = add i17 %empty_227, i17 %indvars_iv_next138_i_mid2_cast" [../hls_files/conv_pool.cpp:213]   --->   Operation 436 'add' 'empty_234' <Predicate = (!icmp_ln213)> <Delay = 1.86> <CoreInst = "Adder">   --->   Core 1 'Adder' <Latency = 0> <II = 1> <Delay = 1.86> <FuncUnit> <Opcode : 'add' 'sub'> <InPorts = 2> <OutPorts = 1>
ST_3 : Operation 437 [1/1] (0.00ns)   --->   "%tmp_61 = bitconcatenate i18 @_ssdm_op_BitConcatenate.i18.i17.i1, i17 %empty_234, i1 0" [../hls_files/conv_pool.cpp:213]   --->   Operation 437 'bitconcatenate' 'tmp_61' <Predicate = (!icmp_ln213)> <Delay = 0.00>
ST_3 : Operation 438 [1/1] (0.00ns)   --->   "%p_cast212 = zext i18 %tmp_61" [../hls_files/conv_pool.cpp:213]   --->   Operation 438 'zext' 'p_cast212' <Predicate = (!icmp_ln213)> <Delay = 0.00>
ST_3 : Operation 439 [1/1] (0.00ns)   --->   "%local_img_60_addr_1 = getelementptr i32 %local_img_60, i64 0, i64 %p_cast212" [../hls_files/conv_pool.cpp:213]   --->   Operation 439 'getelementptr' 'local_img_60_addr_1' <Predicate = (!icmp_ln213)> <Delay = 0.00>
ST_3 : Operation 440 [2/2] (2.77ns)   --->   "%local_img_load = load i18 %local_img_addr" [../hls_files/conv_pool.cpp:213]   --->   Operation 440 'load' 'local_img_load' <Predicate = (!icmp_ln213)> <Delay = 2.77> <CoreInst = "RAM">   --->   Core 81 'RAM' <Latency = 1> <II = 1> <Delay = 2.77> <Storage> <Opcode : 'load' 'store'> <Ports = 2> <Width = 32> <Depth = 153600> <RAM>
ST_3 : Operation 441 [2/2] (2.77ns)   --->   "%local_img_load_1 = load i18 %local_img_addr_1" [../hls_files/conv_pool.cpp:213]   --->   Operation 441 'load' 'local_img_load_1' <Predicate = (!icmp_ln213)> <Delay = 2.77> <CoreInst = "RAM">   --->   Core 81 'RAM' <Latency = 1> <II = 1> <Delay = 2.77> <Storage> <Opcode : 'load' 'store'> <Ports = 2> <Width = 32> <Depth = 153600> <RAM>
ST_3 : Operation 442 [2/2] (2.77ns)   --->   "%local_img_60_load = load i18 %local_img_60_addr" [../hls_files/conv_pool.cpp:213]   --->   Operation 442 'load' 'local_img_60_load' <Predicate = (!icmp_ln213)> <Delay = 2.77> <CoreInst = "RAM">   --->   Core 81 'RAM' <Latency = 1> <II = 1> <Delay = 2.77> <Storage> <Opcode : 'load' 'store'> <Ports = 2> <Width = 32> <Depth = 153600> <RAM>
ST_3 : Operation 443 [2/2] (2.77ns)   --->   "%local_img_60_load_1 = load i18 %local_img_60_addr_1" [../hls_files/conv_pool.cpp:213]   --->   Operation 443 'load' 'local_img_60_load_1' <Predicate = (!icmp_ln213)> <Delay = 2.77> <CoreInst = "RAM">   --->   Core 81 'RAM' <Latency = 1> <II = 1> <Delay = 2.77> <Storage> <Opcode : 'load' 'store'> <Ports = 2> <Width = 32> <Depth = 153600> <RAM>

State 4 <SV = 3> <Delay = 6.47>
ST_4 : Operation 444 [1/1] (0.00ns)   --->   "%tmp_52 = bitconcatenate i16 @_ssdm_op_BitConcatenate.i16.i8.i8, i8 %select_ln213_1, i8 0" [../hls_files/conv_pool.cpp:213]   --->   Operation 444 'bitconcatenate' 'tmp_52' <Predicate = (!icmp_ln213)> <Delay = 0.00>
ST_4 : Operation 445 [1/1] (0.00ns)   --->   "%p_shl259 = zext i16 %tmp_52" [../hls_files/conv_pool.cpp:213]   --->   Operation 445 'zext' 'p_shl259' <Predicate = (!icmp_ln213)> <Delay = 0.00>
ST_4 : Operation 446 [1/1] (0.00ns)   --->   "%tmp_53 = bitconcatenate i14 @_ssdm_op_BitConcatenate.i14.i8.i6, i8 %select_ln213_1, i6 0" [../hls_files/conv_pool.cpp:213]   --->   Operation 446 'bitconcatenate' 'tmp_53' <Predicate = (!icmp_ln213)> <Delay = 0.00>
ST_4 : Operation 447 [1/1] (0.00ns)   --->   "%p_shl260 = zext i14 %tmp_53" [../hls_files/conv_pool.cpp:213]   --->   Operation 447 'zext' 'p_shl260' <Predicate = (!icmp_ln213)> <Delay = 0.00>
ST_4 : Operation 448 [1/1] (1.84ns)   --->   "%empty_228 = add i17 %p_shl259, i17 %p_shl260" [../hls_files/conv_pool.cpp:213]   --->   Operation 448 'add' 'empty_228' <Predicate = (!icmp_ln213)> <Delay = 1.84> <CoreInst = "Adder">   --->   Core 1 'Adder' <Latency = 0> <II = 1> <Delay = 1.84> <FuncUnit> <Opcode : 'add' 'sub'> <InPorts = 2> <OutPorts = 1>
ST_4 : Operation 449 [1/1] (1.86ns)   --->   "%empty_232 = add i17 %empty_228, i17 %zext_ln228" [../hls_files/conv_pool.cpp:213]   --->   Operation 449 'add' 'empty_232' <Predicate = (!icmp_ln213)> <Delay = 1.86> <CoreInst = "Adder">   --->   Core 1 'Adder' <Latency = 0> <II = 1> <Delay = 1.86> <FuncUnit> <Opcode : 'add' 'sub'> <InPorts = 2> <OutPorts = 1>
ST_4 : Operation 450 [1/1] (0.00ns)   --->   "%tmp_57 = bitconcatenate i18 @_ssdm_op_BitConcatenate.i18.i17.i1, i17 %empty_232, i1 0" [../hls_files/conv_pool.cpp:213]   --->   Operation 450 'bitconcatenate' 'tmp_57' <Predicate = (!icmp_ln213)> <Delay = 0.00>
ST_4 : Operation 451 [1/1] (0.00ns)   --->   "%p_cast210 = zext i18 %tmp_57" [../hls_files/conv_pool.cpp:213]   --->   Operation 451 'zext' 'p_cast210' <Predicate = (!icmp_ln213)> <Delay = 0.00>
ST_4 : Operation 452 [1/1] (0.00ns)   --->   "%local_img_60_addr_3 = getelementptr i32 %local_img_60, i64 0, i64 %p_cast210" [../hls_files/conv_pool.cpp:213]   --->   Operation 452 'getelementptr' 'local_img_60_addr_3' <Predicate = (!icmp_ln213)> <Delay = 0.00>
ST_4 : Operation 453 [1/1] (0.00ns)   --->   "%local_img_addr_2 = getelementptr i32 %local_img, i64 0, i64 %p_cast212" [../hls_files/conv_pool.cpp:213]   --->   Operation 453 'getelementptr' 'local_img_addr_2' <Predicate = (!icmp_ln213)> <Delay = 0.00>
ST_4 : Operation 454 [1/1] (0.00ns)   --->   "%tmp_62 = bitconcatenate i18 @_ssdm_op_BitConcatenate.i18.i17.i1, i17 %empty_234, i1 1" [../hls_files/conv_pool.cpp:213]   --->   Operation 454 'bitconcatenate' 'tmp_62' <Predicate = (!icmp_ln213)> <Delay = 0.00>
ST_4 : Operation 455 [1/1] (0.00ns)   --->   "%tmp_86_cast = zext i18 %tmp_62" [../hls_files/conv_pool.cpp:213]   --->   Operation 455 'zext' 'tmp_86_cast' <Predicate = (!icmp_ln213)> <Delay = 0.00>
ST_4 : Operation 456 [1/1] (0.00ns)   --->   "%local_img_addr_3 = getelementptr i32 %local_img, i64 0, i64 %tmp_86_cast" [../hls_files/conv_pool.cpp:213]   --->   Operation 456 'getelementptr' 'local_img_addr_3' <Predicate = (!icmp_ln213)> <Delay = 0.00>
ST_4 : Operation 457 [1/2] ( I:2.77ns O:2.77ns )   --->   "%local_img_load = load i18 %local_img_addr" [../hls_files/conv_pool.cpp:213]   --->   Operation 457 'load' 'local_img_load' <Predicate = (!icmp_ln213)> <Delay = 2.77> <CoreInst = "RAM">   --->   Core 81 'RAM' <Latency = 1> <II = 1> <Delay = 2.77> <Storage> <Opcode : 'load' 'store'> <Ports = 2> <Width = 32> <Depth = 153600> <RAM>
ST_4 : Operation 458 [1/2] ( I:2.77ns O:2.77ns )   --->   "%local_img_load_1 = load i18 %local_img_addr_1" [../hls_files/conv_pool.cpp:213]   --->   Operation 458 'load' 'local_img_load_1' <Predicate = (!icmp_ln213)> <Delay = 2.77> <CoreInst = "RAM">   --->   Core 81 'RAM' <Latency = 1> <II = 1> <Delay = 2.77> <Storage> <Opcode : 'load' 'store'> <Ports = 2> <Width = 32> <Depth = 153600> <RAM>
ST_4 : Operation 459 [1/2] ( I:2.77ns O:2.77ns )   --->   "%local_img_60_load = load i18 %local_img_60_addr" [../hls_files/conv_pool.cpp:213]   --->   Operation 459 'load' 'local_img_60_load' <Predicate = (!icmp_ln213)> <Delay = 2.77> <CoreInst = "RAM">   --->   Core 81 'RAM' <Latency = 1> <II = 1> <Delay = 2.77> <Storage> <Opcode : 'load' 'store'> <Ports = 2> <Width = 32> <Depth = 153600> <RAM>
ST_4 : Operation 460 [2/2] (2.77ns)   --->   "%local_img_load_2 = load i18 %local_img_addr_2" [../hls_files/conv_pool.cpp:213]   --->   Operation 460 'load' 'local_img_load_2' <Predicate = (!icmp_ln213)> <Delay = 2.77> <CoreInst = "RAM">   --->   Core 81 'RAM' <Latency = 1> <II = 1> <Delay = 2.77> <Storage> <Opcode : 'load' 'store'> <Ports = 2> <Width = 32> <Depth = 153600> <RAM>
ST_4 : Operation 461 [2/2] (2.77ns)   --->   "%local_img_load_3 = load i18 %local_img_addr_3" [../hls_files/conv_pool.cpp:213]   --->   Operation 461 'load' 'local_img_load_3' <Predicate = (!icmp_ln213)> <Delay = 2.77> <CoreInst = "RAM">   --->   Core 81 'RAM' <Latency = 1> <II = 1> <Delay = 2.77> <Storage> <Opcode : 'load' 'store'> <Ports = 2> <Width = 32> <Depth = 153600> <RAM>
ST_4 : Operation 462 [1/2] ( I:2.77ns O:2.77ns )   --->   "%local_img_60_load_1 = load i18 %local_img_60_addr_1" [../hls_files/conv_pool.cpp:213]   --->   Operation 462 'load' 'local_img_60_load_1' <Predicate = (!icmp_ln213)> <Delay = 2.77> <CoreInst = "RAM">   --->   Core 81 'RAM' <Latency = 1> <II = 1> <Delay = 2.77> <Storage> <Opcode : 'load' 'store'> <Ports = 2> <Width = 32> <Depth = 153600> <RAM>
ST_4 : Operation 463 [1/1] (1.73ns)   --->   "%empty_237 = add i9 %select_ln214, i9 2" [../hls_files/conv_pool.cpp:214]   --->   Operation 463 'add' 'empty_237' <Predicate = (!icmp_ln213)> <Delay = 1.73> <CoreInst = "Adder">   --->   Core 1 'Adder' <Latency = 0> <II = 1> <Delay = 1.73> <FuncUnit> <Opcode : 'add' 'sub'> <InPorts = 2> <OutPorts = 1>
ST_4 : Operation 464 [1/1] (0.00ns)   --->   "%p_cast203 = zext i9 %empty_237" [../hls_files/conv_pool.cpp:214]   --->   Operation 464 'zext' 'p_cast203' <Predicate = (!icmp_ln213)> <Delay = 0.00>
ST_4 : Operation 465 [1/1] (1.86ns)   --->   "%empty_238 = add i17 %empty_227, i17 %p_cast203" [../hls_files/conv_pool.cpp:213]   --->   Operation 465 'add' 'empty_238' <Predicate = (!icmp_ln213)> <Delay = 1.86> <CoreInst = "Adder">   --->   Core 1 'Adder' <Latency = 0> <II = 1> <Delay = 1.86> <FuncUnit> <Opcode : 'add' 'sub'> <InPorts = 2> <OutPorts = 1>
ST_4 : Operation 466 [1/1] (0.00ns)   --->   "%tmp_67 = bitconcatenate i18 @_ssdm_op_BitConcatenate.i18.i17.i1, i17 %empty_238, i1 0" [../hls_files/conv_pool.cpp:213]   --->   Operation 466 'bitconcatenate' 'tmp_67' <Predicate = (!icmp_ln213)> <Delay = 0.00>
ST_4 : Operation 467 [1/1] (0.00ns)   --->   "%p_cast215 = zext i18 %tmp_67" [../hls_files/conv_pool.cpp:213]   --->   Operation 467 'zext' 'p_cast215' <Predicate = (!icmp_ln213)> <Delay = 0.00>
ST_4 : Operation 468 [1/1] (0.00ns)   --->   "%local_img_60_addr_2 = getelementptr i32 %local_img_60, i64 0, i64 %p_cast215" [../hls_files/conv_pool.cpp:213]   --->   Operation 468 'getelementptr' 'local_img_60_addr_2' <Predicate = (!icmp_ln213)> <Delay = 0.00>
ST_4 : Operation 469 [2/2] (2.77ns)   --->   "%local_img_60_load_2 = load i18 %local_img_60_addr_2" [../hls_files/conv_pool.cpp:213]   --->   Operation 469 'load' 'local_img_60_load_2' <Predicate = (!icmp_ln213)> <Delay = 2.77> <CoreInst = "RAM">   --->   Core 81 'RAM' <Latency = 1> <II = 1> <Delay = 2.77> <Storage> <Opcode : 'load' 'store'> <Ports = 2> <Width = 32> <Depth = 153600> <RAM>
ST_4 : Operation 470 [2/2] (2.77ns)   --->   "%local_img_60_load_3 = load i18 %local_img_60_addr_3" [../hls_files/conv_pool.cpp:213]   --->   Operation 470 'load' 'local_img_60_load_3' <Predicate = (!icmp_ln213)> <Delay = 2.77> <CoreInst = "RAM">   --->   Core 81 'RAM' <Latency = 1> <II = 1> <Delay = 2.77> <Storage> <Opcode : 'load' 'store'> <Ports = 2> <Width = 32> <Depth = 153600> <RAM>

State 5 <SV = 4> <Delay = 6.48>
ST_5 : Operation 471 [1/1] (0.00ns)   --->   "%select_ln213_3_cast195 = zext i8 %select_ln213_3" [../hls_files/conv_pool.cpp:213]   --->   Operation 471 'zext' 'select_ln213_3_cast195' <Predicate = (!icmp_ln213)> <Delay = 0.00>
ST_5 : Operation 472 [1/1] (1.71ns)   --->   "%empty_229 = add i8 %select_ln213_3, i8 2" [../hls_files/conv_pool.cpp:213]   --->   Operation 472 'add' 'empty_229' <Predicate = (!icmp_ln213)> <Delay = 1.71> <CoreInst = "Adder">   --->   Core 1 'Adder' <Latency = 0> <II = 1> <Delay = 1.71> <FuncUnit> <Opcode : 'add' 'sub'> <InPorts = 2> <OutPorts = 1>
ST_5 : Operation 473 [3/3] (1.38ns) (grouped into DSP with root node add_ln228)   --->   "%mul_ln228 = mul i17 %select_ln213_3_cast195, i17 318" [../hls_files/conv_pool.cpp:228]   --->   Operation 473 'mul' 'mul_ln228' <Predicate = (!icmp_ln213)> <Delay = 1.38> <CoreInst = "DSP48">   --->   Core 116 'DSP48' <Latency = 3> <II = 1> <Delay = 1.82> <IPBlock> <Opcode : 'add' 'sub' 'mul' 'select'> <InPorts = 0> <OutPorts = 1> <Sync> <CReg>
ST_5 : Operation 474 [1/1] (1.86ns)   --->   "%empty_235 = add i17 %empty_228, i17 %indvars_iv_next138_i_mid2_cast" [../hls_files/conv_pool.cpp:213]   --->   Operation 474 'add' 'empty_235' <Predicate = (!icmp_ln213)> <Delay = 1.86> <CoreInst = "Adder">   --->   Core 1 'Adder' <Latency = 0> <II = 1> <Delay = 1.86> <FuncUnit> <Opcode : 'add' 'sub'> <InPorts = 2> <OutPorts = 1>
ST_5 : Operation 475 [1/1] (0.00ns)   --->   "%tmp_63 = bitconcatenate i18 @_ssdm_op_BitConcatenate.i18.i17.i1, i17 %empty_235, i1 0" [../hls_files/conv_pool.cpp:213]   --->   Operation 475 'bitconcatenate' 'tmp_63' <Predicate = (!icmp_ln213)> <Delay = 0.00>
ST_5 : Operation 476 [1/1] (0.00ns)   --->   "%p_cast213 = zext i18 %tmp_63" [../hls_files/conv_pool.cpp:213]   --->   Operation 476 'zext' 'p_cast213' <Predicate = (!icmp_ln213)> <Delay = 0.00>
ST_5 : Operation 477 [1/1] (0.00ns)   --->   "%local_img_60_addr_4 = getelementptr i32 %local_img_60, i64 0, i64 %p_cast213" [../hls_files/conv_pool.cpp:213]   --->   Operation 477 'getelementptr' 'local_img_60_addr_4' <Predicate = (!icmp_ln213)> <Delay = 0.00>
ST_5 : Operation 478 [1/2] ( I:2.77ns O:2.77ns )   --->   "%local_img_load_2 = load i18 %local_img_addr_2" [../hls_files/conv_pool.cpp:213]   --->   Operation 478 'load' 'local_img_load_2' <Predicate = (!icmp_ln213)> <Delay = 2.77> <CoreInst = "RAM">   --->   Core 81 'RAM' <Latency = 1> <II = 1> <Delay = 2.77> <Storage> <Opcode : 'load' 'store'> <Ports = 2> <Width = 32> <Depth = 153600> <RAM>
ST_5 : Operation 479 [1/2] ( I:2.77ns O:2.77ns )   --->   "%local_img_load_3 = load i18 %local_img_addr_3" [../hls_files/conv_pool.cpp:213]   --->   Operation 479 'load' 'local_img_load_3' <Predicate = (!icmp_ln213)> <Delay = 2.77> <CoreInst = "RAM">   --->   Core 81 'RAM' <Latency = 1> <II = 1> <Delay = 2.77> <Storage> <Opcode : 'load' 'store'> <Ports = 2> <Width = 32> <Depth = 153600> <RAM>
ST_5 : Operation 480 [1/1] (0.00ns)   --->   "%local_img_addr_4 = getelementptr i32 %local_img, i64 0, i64 %p_cast215" [../hls_files/conv_pool.cpp:213]   --->   Operation 480 'getelementptr' 'local_img_addr_4' <Predicate = (!icmp_ln213)> <Delay = 0.00>
ST_5 : Operation 481 [1/1] (0.00ns)   --->   "%tmp_68 = bitconcatenate i18 @_ssdm_op_BitConcatenate.i18.i17.i1, i17 %empty_238, i1 1" [../hls_files/conv_pool.cpp:213]   --->   Operation 481 'bitconcatenate' 'tmp_68' <Predicate = (!icmp_ln213)> <Delay = 0.00>
ST_5 : Operation 482 [1/1] (0.00ns)   --->   "%tmp_95_cast = zext i18 %tmp_68" [../hls_files/conv_pool.cpp:213]   --->   Operation 482 'zext' 'tmp_95_cast' <Predicate = (!icmp_ln213)> <Delay = 0.00>
ST_5 : Operation 483 [1/1] (0.00ns)   --->   "%local_img_addr_5 = getelementptr i32 %local_img, i64 0, i64 %tmp_95_cast" [../hls_files/conv_pool.cpp:213]   --->   Operation 483 'getelementptr' 'local_img_addr_5' <Predicate = (!icmp_ln213)> <Delay = 0.00>
ST_5 : Operation 484 [1/1] (1.86ns)   --->   "%empty_239 = add i17 %empty_228, i17 %p_cast203" [../hls_files/conv_pool.cpp:213]   --->   Operation 484 'add' 'empty_239' <Predicate = (!icmp_ln213)> <Delay = 1.86> <CoreInst = "Adder">   --->   Core 1 'Adder' <Latency = 0> <II = 1> <Delay = 1.86> <FuncUnit> <Opcode : 'add' 'sub'> <InPorts = 2> <OutPorts = 1>
ST_5 : Operation 485 [1/1] (0.00ns)   --->   "%tmp_69 = bitconcatenate i18 @_ssdm_op_BitConcatenate.i18.i17.i1, i17 %empty_239, i1 0" [../hls_files/conv_pool.cpp:213]   --->   Operation 485 'bitconcatenate' 'tmp_69' <Predicate = (!icmp_ln213)> <Delay = 0.00>
ST_5 : Operation 486 [1/1] (0.00ns)   --->   "%p_cast216 = zext i18 %tmp_69" [../hls_files/conv_pool.cpp:213]   --->   Operation 486 'zext' 'p_cast216' <Predicate = (!icmp_ln213)> <Delay = 0.00>
ST_5 : Operation 487 [1/1] (0.00ns)   --->   "%local_img_60_addr_5 = getelementptr i32 %local_img_60, i64 0, i64 %p_cast216" [../hls_files/conv_pool.cpp:213]   --->   Operation 487 'getelementptr' 'local_img_60_addr_5' <Predicate = (!icmp_ln213)> <Delay = 0.00>
ST_5 : Operation 488 [2/2] (2.77ns)   --->   "%local_img_load_4 = load i18 %local_img_addr_4" [../hls_files/conv_pool.cpp:213]   --->   Operation 488 'load' 'local_img_load_4' <Predicate = (!icmp_ln213)> <Delay = 2.77> <CoreInst = "RAM">   --->   Core 81 'RAM' <Latency = 1> <II = 1> <Delay = 2.77> <Storage> <Opcode : 'load' 'store'> <Ports = 2> <Width = 32> <Depth = 153600> <RAM>
ST_5 : Operation 489 [2/2] (2.77ns)   --->   "%local_img_load_5 = load i18 %local_img_addr_5" [../hls_files/conv_pool.cpp:213]   --->   Operation 489 'load' 'local_img_load_5' <Predicate = (!icmp_ln213)> <Delay = 2.77> <CoreInst = "RAM">   --->   Core 81 'RAM' <Latency = 1> <II = 1> <Delay = 2.77> <Storage> <Opcode : 'load' 'store'> <Ports = 2> <Width = 32> <Depth = 153600> <RAM>
ST_5 : Operation 490 [1/2] ( I:2.77ns O:2.77ns )   --->   "%local_img_60_load_2 = load i18 %local_img_60_addr_2" [../hls_files/conv_pool.cpp:213]   --->   Operation 490 'load' 'local_img_60_load_2' <Predicate = (!icmp_ln213)> <Delay = 2.77> <CoreInst = "RAM">   --->   Core 81 'RAM' <Latency = 1> <II = 1> <Delay = 2.77> <Storage> <Opcode : 'load' 'store'> <Ports = 2> <Width = 32> <Depth = 153600> <RAM>
ST_5 : Operation 491 [1/2] ( I:2.77ns O:2.77ns )   --->   "%local_img_60_load_3 = load i18 %local_img_60_addr_3" [../hls_files/conv_pool.cpp:213]   --->   Operation 491 'load' 'local_img_60_load_3' <Predicate = (!icmp_ln213)> <Delay = 2.77> <CoreInst = "RAM">   --->   Core 81 'RAM' <Latency = 1> <II = 1> <Delay = 2.77> <Storage> <Opcode : 'load' 'store'> <Ports = 2> <Width = 32> <Depth = 153600> <RAM>
ST_5 : Operation 492 [2/2] (2.77ns)   --->   "%local_img_60_load_4 = load i18 %local_img_60_addr_4" [../hls_files/conv_pool.cpp:213]   --->   Operation 492 'load' 'local_img_60_load_4' <Predicate = (!icmp_ln213)> <Delay = 2.77> <CoreInst = "RAM">   --->   Core 81 'RAM' <Latency = 1> <II = 1> <Delay = 2.77> <Storage> <Opcode : 'load' 'store'> <Ports = 2> <Width = 32> <Depth = 153600> <RAM>
ST_5 : Operation 493 [2/2] (2.77ns)   --->   "%local_img_60_load_5 = load i18 %local_img_60_addr_5" [../hls_files/conv_pool.cpp:213]   --->   Operation 493 'load' 'local_img_60_load_5' <Predicate = (!icmp_ln213)> <Delay = 2.77> <CoreInst = "RAM">   --->   Core 81 'RAM' <Latency = 1> <II = 1> <Delay = 2.77> <Storage> <Opcode : 'load' 'store'> <Ports = 2> <Width = 32> <Depth = 153600> <RAM>
ST_5 : Operation 494 [1/1] (1.47ns)   --->   "%tmp_i = sparsemux i32 @_ssdm_op_SparseMux.ap_auto.8float.float.i3, i3 0, i32 %w1_local_load, i3 1, i32 %p_ZZ9cnn_accelE8w1_local_27_load, i3 2, i32 %cnn_accel_w1_local, i3 3, i32 %cnn_accel_w1_local_183, i3 4, i32 %p_ZZ9cnn_accelE8w1_local_108_load, i3 5, i32 %p_ZZ9cnn_accelE8w1_local_135_load, i3 6, i32 %p_ZZ9cnn_accelE8w1_local_162_load, i3 7, i32 %p_ZZ9cnn_accelE8w1_local_189_load, i32 <undef>, i3 %trunc_ln215" [../hls_files/conv_pool.cpp:223]   --->   Operation 494 'sparsemux' 'tmp_i' <Predicate = (!icmp_ln213)> <Delay = 1.47> <CoreInst = "BinarySparseMux_DontCare">   --->   Core 137 'BinarySparseMux_DontCare' <Latency = 0> <II = 1> <Delay = 1.47> <FuncUnit> <Opcode : 'sparsemux'> <InPorts = 2> <OutPorts = 1>
ST_5 : Operation 495 [4/4] (5.00ns)   --->   "%mul_i = fmul i32 %local_img_load, i32 %tmp_i" [../hls_files/conv_pool.cpp:223]   --->   Operation 495 'fmul' 'mul_i' <Predicate = (!icmp_ln213)> <Delay = 5.00> <CoreInst = "FMul_maxdsp">   --->   Core 30 'FMul_maxdsp' <Latency = 3> <II = 1> <Delay = 5.00> <FuncUnit> <Opcode : 'fmul'> <InPorts = 2> <OutPorts = 1>
ST_5 : Operation 496 [1/1] (1.47ns)   --->   "%tmp_i_241 = sparsemux i32 @_ssdm_op_SparseMux.ap_auto.8float.float.i3, i3 0, i32 %w1_local_9_load, i3 1, i32 %p_ZZ9cnn_accelE8w1_local_36_load, i3 2, i32 %cnn_accel_w1_local_184, i3 3, i32 %p_ZZ9cnn_accelE8w1_local_90_load, i3 4, i32 %p_ZZ9cnn_accelE8w1_local_117_load, i3 5, i32 %p_ZZ9cnn_accelE8w1_local_144_load, i3 6, i32 %p_ZZ9cnn_accelE8w1_local_171_load, i3 7, i32 %p_ZZ9cnn_accelE8w1_local_198_load, i32 <undef>, i3 %trunc_ln215" [../hls_files/conv_pool.cpp:223]   --->   Operation 496 'sparsemux' 'tmp_i_241' <Predicate = (!icmp_ln213)> <Delay = 1.47> <CoreInst = "BinarySparseMux_DontCare">   --->   Core 137 'BinarySparseMux_DontCare' <Latency = 0> <II = 1> <Delay = 1.47> <FuncUnit> <Opcode : 'sparsemux'> <InPorts = 2> <OutPorts = 1>
ST_5 : Operation 497 [4/4] (5.00ns)   --->   "%mul35_i = fmul i32 %local_img_load_1, i32 %tmp_i_241" [../hls_files/conv_pool.cpp:223]   --->   Operation 497 'fmul' 'mul35_i' <Predicate = (!icmp_ln213)> <Delay = 5.00> <CoreInst = "FMul_maxdsp">   --->   Core 30 'FMul_maxdsp' <Latency = 3> <II = 1> <Delay = 5.00> <FuncUnit> <Opcode : 'fmul'> <InPorts = 2> <OutPorts = 1>
ST_5 : Operation 498 [1/1] (1.47ns)   --->   "%tmp_71_i = sparsemux i32 @_ssdm_op_SparseMux.ap_auto.8float.float.i3, i3 0, i32 %p_ZZ9cnn_accelE8w1_local_18_load, i3 1, i32 %cnn_accel_w1_local_185, i3 2, i32 %cnn_accel_w1_local_186, i3 3, i32 %p_ZZ9cnn_accelE8w1_local_99_load, i3 4, i32 %p_ZZ9cnn_accelE8w1_local_126_load, i3 5, i32 %p_ZZ9cnn_accelE8w1_local_153_load, i3 6, i32 %p_ZZ9cnn_accelE8w1_local_180_load, i3 7, i32 %p_ZZ9cnn_accelE8w1_local_207_load, i32 <undef>, i3 %trunc_ln215" [../hls_files/conv_pool.cpp:223]   --->   Operation 498 'sparsemux' 'tmp_71_i' <Predicate = (!icmp_ln213)> <Delay = 1.47> <CoreInst = "BinarySparseMux_DontCare">   --->   Core 137 'BinarySparseMux_DontCare' <Latency = 0> <II = 1> <Delay = 1.47> <FuncUnit> <Opcode : 'sparsemux'> <InPorts = 2> <OutPorts = 1>
ST_5 : Operation 499 [4/4] (5.00ns)   --->   "%mul35_11_i = fmul i32 %local_img_60_load, i32 %tmp_71_i" [../hls_files/conv_pool.cpp:223]   --->   Operation 499 'fmul' 'mul35_11_i' <Predicate = (!icmp_ln213)> <Delay = 5.00> <CoreInst = "FMul_maxdsp">   --->   Core 30 'FMul_maxdsp' <Latency = 3> <II = 1> <Delay = 5.00> <FuncUnit> <Opcode : 'fmul'> <InPorts = 2> <OutPorts = 1>

State 6 <SV = 5> <Delay = 6.48>
ST_6 : Operation 500 [1/1] (0.00ns)   --->   "%tmp_54 = bitconcatenate i16 @_ssdm_op_BitConcatenate.i16.i8.i8, i8 %empty_229, i8 0" [../hls_files/conv_pool.cpp:213]   --->   Operation 500 'bitconcatenate' 'tmp_54' <Predicate = (!icmp_ln213)> <Delay = 0.00>
ST_6 : Operation 501 [1/1] (0.00ns)   --->   "%p_shl = zext i16 %tmp_54" [../hls_files/conv_pool.cpp:213]   --->   Operation 501 'zext' 'p_shl' <Predicate = (!icmp_ln213)> <Delay = 0.00>
ST_6 : Operation 502 [1/1] (0.00ns)   --->   "%tmp_55 = bitconcatenate i14 @_ssdm_op_BitConcatenate.i14.i8.i6, i8 %empty_229, i6 0" [../hls_files/conv_pool.cpp:213]   --->   Operation 502 'bitconcatenate' 'tmp_55' <Predicate = (!icmp_ln213)> <Delay = 0.00>
ST_6 : Operation 503 [1/1] (0.00ns)   --->   "%p_shl258 = zext i14 %tmp_55" [../hls_files/conv_pool.cpp:213]   --->   Operation 503 'zext' 'p_shl258' <Predicate = (!icmp_ln213)> <Delay = 0.00>
ST_6 : Operation 504 [1/1] (1.84ns)   --->   "%empty_230 = add i17 %p_shl, i17 %p_shl258" [../hls_files/conv_pool.cpp:213]   --->   Operation 504 'add' 'empty_230' <Predicate = (!icmp_ln213)> <Delay = 1.84> <CoreInst = "Adder">   --->   Core 1 'Adder' <Latency = 0> <II = 1> <Delay = 1.84> <FuncUnit> <Opcode : 'add' 'sub'> <InPorts = 2> <OutPorts = 1>
ST_6 : Operation 505 [2/3] (1.38ns) (grouped into DSP with root node add_ln228)   --->   "%mul_ln228 = mul i17 %select_ln213_3_cast195, i17 318" [../hls_files/conv_pool.cpp:228]   --->   Operation 505 'mul' 'mul_ln228' <Predicate = (!icmp_ln213)> <Delay = 1.38> <CoreInst = "DSP48">   --->   Core 116 'DSP48' <Latency = 3> <II = 1> <Delay = 1.82> <IPBlock> <Opcode : 'add' 'sub' 'mul' 'select'> <InPorts = 0> <OutPorts = 1> <Sync> <CReg>
ST_6 : Operation 506 [1/1] (0.00ns)   --->   "%local_img_addr_6 = getelementptr i32 %local_img, i64 0, i64 %p_cast210" [../hls_files/conv_pool.cpp:213]   --->   Operation 506 'getelementptr' 'local_img_addr_6' <Predicate = (!icmp_ln213)> <Delay = 0.00>
ST_6 : Operation 507 [1/1] (0.00ns)   --->   "%tmp_58 = bitconcatenate i18 @_ssdm_op_BitConcatenate.i18.i17.i1, i17 %empty_232, i1 1" [../hls_files/conv_pool.cpp:213]   --->   Operation 507 'bitconcatenate' 'tmp_58' <Predicate = (!icmp_ln213)> <Delay = 0.00>
ST_6 : Operation 508 [1/1] (0.00ns)   --->   "%tmp_80_cast = zext i18 %tmp_58" [../hls_files/conv_pool.cpp:213]   --->   Operation 508 'zext' 'tmp_80_cast' <Predicate = (!icmp_ln213)> <Delay = 0.00>
ST_6 : Operation 509 [1/1] (0.00ns)   --->   "%local_img_addr_7 = getelementptr i32 %local_img, i64 0, i64 %tmp_80_cast" [../hls_files/conv_pool.cpp:213]   --->   Operation 509 'getelementptr' 'local_img_addr_7' <Predicate = (!icmp_ln213)> <Delay = 0.00>
ST_6 : Operation 510 [1/1] (1.86ns)   --->   "%empty_233 = add i17 %empty_230, i17 %zext_ln228" [../hls_files/conv_pool.cpp:213]   --->   Operation 510 'add' 'empty_233' <Predicate = (!icmp_ln213)> <Delay = 1.86> <CoreInst = "Adder">   --->   Core 1 'Adder' <Latency = 0> <II = 1> <Delay = 1.86> <FuncUnit> <Opcode : 'add' 'sub'> <InPorts = 2> <OutPorts = 1>
ST_6 : Operation 511 [1/1] (0.00ns)   --->   "%tmp_59 = bitconcatenate i18 @_ssdm_op_BitConcatenate.i18.i17.i1, i17 %empty_233, i1 0" [../hls_files/conv_pool.cpp:213]   --->   Operation 511 'bitconcatenate' 'tmp_59' <Predicate = (!icmp_ln213)> <Delay = 0.00>
ST_6 : Operation 512 [1/1] (0.00ns)   --->   "%p_cast211 = zext i18 %tmp_59" [../hls_files/conv_pool.cpp:213]   --->   Operation 512 'zext' 'p_cast211' <Predicate = (!icmp_ln213)> <Delay = 0.00>
ST_6 : Operation 513 [1/1] (0.00ns)   --->   "%local_img_60_addr_6 = getelementptr i32 %local_img_60, i64 0, i64 %p_cast211" [../hls_files/conv_pool.cpp:213]   --->   Operation 513 'getelementptr' 'local_img_60_addr_6' <Predicate = (!icmp_ln213)> <Delay = 0.00>
ST_6 : Operation 514 [1/1] (1.86ns)   --->   "%empty_236 = add i17 %empty_230, i17 %indvars_iv_next138_i_mid2_cast" [../hls_files/conv_pool.cpp:213]   --->   Operation 514 'add' 'empty_236' <Predicate = (!icmp_ln213)> <Delay = 1.86> <CoreInst = "Adder">   --->   Core 1 'Adder' <Latency = 0> <II = 1> <Delay = 1.86> <FuncUnit> <Opcode : 'add' 'sub'> <InPorts = 2> <OutPorts = 1>
ST_6 : Operation 515 [1/1] (0.00ns)   --->   "%tmp_65 = bitconcatenate i18 @_ssdm_op_BitConcatenate.i18.i17.i1, i17 %empty_236, i1 0" [../hls_files/conv_pool.cpp:213]   --->   Operation 515 'bitconcatenate' 'tmp_65' <Predicate = (!icmp_ln213)> <Delay = 0.00>
ST_6 : Operation 516 [1/1] (0.00ns)   --->   "%p_cast214 = zext i18 %tmp_65" [../hls_files/conv_pool.cpp:213]   --->   Operation 516 'zext' 'p_cast214' <Predicate = (!icmp_ln213)> <Delay = 0.00>
ST_6 : Operation 517 [1/1] (0.00ns)   --->   "%local_img_60_addr_7 = getelementptr i32 %local_img_60, i64 0, i64 %p_cast214" [../hls_files/conv_pool.cpp:213]   --->   Operation 517 'getelementptr' 'local_img_60_addr_7' <Predicate = (!icmp_ln213)> <Delay = 0.00>
ST_6 : Operation 518 [1/1] (1.86ns)   --->   "%empty_240 = add i17 %empty_230, i17 %p_cast203" [../hls_files/conv_pool.cpp:213]   --->   Operation 518 'add' 'empty_240' <Predicate = (!icmp_ln213)> <Delay = 1.86> <CoreInst = "Adder">   --->   Core 1 'Adder' <Latency = 0> <II = 1> <Delay = 1.86> <FuncUnit> <Opcode : 'add' 'sub'> <InPorts = 2> <OutPorts = 1>
ST_6 : Operation 519 [1/2] ( I:2.77ns O:2.77ns )   --->   "%local_img_load_4 = load i18 %local_img_addr_4" [../hls_files/conv_pool.cpp:213]   --->   Operation 519 'load' 'local_img_load_4' <Predicate = (!icmp_ln213)> <Delay = 2.77> <CoreInst = "RAM">   --->   Core 81 'RAM' <Latency = 1> <II = 1> <Delay = 2.77> <Storage> <Opcode : 'load' 'store'> <Ports = 2> <Width = 32> <Depth = 153600> <RAM>
ST_6 : Operation 520 [1/2] ( I:2.77ns O:2.77ns )   --->   "%local_img_load_5 = load i18 %local_img_addr_5" [../hls_files/conv_pool.cpp:213]   --->   Operation 520 'load' 'local_img_load_5' <Predicate = (!icmp_ln213)> <Delay = 2.77> <CoreInst = "RAM">   --->   Core 81 'RAM' <Latency = 1> <II = 1> <Delay = 2.77> <Storage> <Opcode : 'load' 'store'> <Ports = 2> <Width = 32> <Depth = 153600> <RAM>
ST_6 : Operation 521 [2/2] (2.77ns)   --->   "%local_img_load_6 = load i18 %local_img_addr_6" [../hls_files/conv_pool.cpp:213]   --->   Operation 521 'load' 'local_img_load_6' <Predicate = (!icmp_ln213)> <Delay = 2.77> <CoreInst = "RAM">   --->   Core 81 'RAM' <Latency = 1> <II = 1> <Delay = 2.77> <Storage> <Opcode : 'load' 'store'> <Ports = 2> <Width = 32> <Depth = 153600> <RAM>
ST_6 : Operation 522 [2/2] (2.77ns)   --->   "%local_img_load_7 = load i18 %local_img_addr_7" [../hls_files/conv_pool.cpp:213]   --->   Operation 522 'load' 'local_img_load_7' <Predicate = (!icmp_ln213)> <Delay = 2.77> <CoreInst = "RAM">   --->   Core 81 'RAM' <Latency = 1> <II = 1> <Delay = 2.77> <Storage> <Opcode : 'load' 'store'> <Ports = 2> <Width = 32> <Depth = 153600> <RAM>
ST_6 : Operation 523 [1/2] ( I:2.77ns O:2.77ns )   --->   "%local_img_60_load_4 = load i18 %local_img_60_addr_4" [../hls_files/conv_pool.cpp:213]   --->   Operation 523 'load' 'local_img_60_load_4' <Predicate = (!icmp_ln213)> <Delay = 2.77> <CoreInst = "RAM">   --->   Core 81 'RAM' <Latency = 1> <II = 1> <Delay = 2.77> <Storage> <Opcode : 'load' 'store'> <Ports = 2> <Width = 32> <Depth = 153600> <RAM>
ST_6 : Operation 524 [1/2] ( I:2.77ns O:2.77ns )   --->   "%local_img_60_load_5 = load i18 %local_img_60_addr_5" [../hls_files/conv_pool.cpp:213]   --->   Operation 524 'load' 'local_img_60_load_5' <Predicate = (!icmp_ln213)> <Delay = 2.77> <CoreInst = "RAM">   --->   Core 81 'RAM' <Latency = 1> <II = 1> <Delay = 2.77> <Storage> <Opcode : 'load' 'store'> <Ports = 2> <Width = 32> <Depth = 153600> <RAM>
ST_6 : Operation 525 [2/2] (2.77ns)   --->   "%local_img_60_load_6 = load i18 %local_img_60_addr_6" [../hls_files/conv_pool.cpp:213]   --->   Operation 525 'load' 'local_img_60_load_6' <Predicate = (!icmp_ln213)> <Delay = 2.77> <CoreInst = "RAM">   --->   Core 81 'RAM' <Latency = 1> <II = 1> <Delay = 2.77> <Storage> <Opcode : 'load' 'store'> <Ports = 2> <Width = 32> <Depth = 153600> <RAM>
ST_6 : Operation 526 [2/2] (2.77ns)   --->   "%local_img_60_load_7 = load i18 %local_img_60_addr_7" [../hls_files/conv_pool.cpp:213]   --->   Operation 526 'load' 'local_img_60_load_7' <Predicate = (!icmp_ln213)> <Delay = 2.77> <CoreInst = "RAM">   --->   Core 81 'RAM' <Latency = 1> <II = 1> <Delay = 2.77> <Storage> <Opcode : 'load' 'store'> <Ports = 2> <Width = 32> <Depth = 153600> <RAM>
ST_6 : Operation 527 [3/4] (5.00ns)   --->   "%mul_i = fmul i32 %local_img_load, i32 %tmp_i" [../hls_files/conv_pool.cpp:223]   --->   Operation 527 'fmul' 'mul_i' <Predicate = (!icmp_ln213)> <Delay = 5.00> <CoreInst = "FMul_maxdsp">   --->   Core 30 'FMul_maxdsp' <Latency = 3> <II = 1> <Delay = 5.00> <FuncUnit> <Opcode : 'fmul'> <InPorts = 2> <OutPorts = 1>
ST_6 : Operation 528 [3/4] (5.00ns)   --->   "%mul35_i = fmul i32 %local_img_load_1, i32 %tmp_i_241" [../hls_files/conv_pool.cpp:223]   --->   Operation 528 'fmul' 'mul35_i' <Predicate = (!icmp_ln213)> <Delay = 5.00> <CoreInst = "FMul_maxdsp">   --->   Core 30 'FMul_maxdsp' <Latency = 3> <II = 1> <Delay = 5.00> <FuncUnit> <Opcode : 'fmul'> <InPorts = 2> <OutPorts = 1>
ST_6 : Operation 529 [3/4] (5.00ns)   --->   "%mul35_11_i = fmul i32 %local_img_60_load, i32 %tmp_71_i" [../hls_files/conv_pool.cpp:223]   --->   Operation 529 'fmul' 'mul35_11_i' <Predicate = (!icmp_ln213)> <Delay = 5.00> <CoreInst = "FMul_maxdsp">   --->   Core 30 'FMul_maxdsp' <Latency = 3> <II = 1> <Delay = 5.00> <FuncUnit> <Opcode : 'fmul'> <InPorts = 2> <OutPorts = 1>
ST_6 : Operation 530 [1/1] (1.47ns)   --->   "%tmp_72_i = sparsemux i32 @_ssdm_op_SparseMux.ap_auto.8float.float.i3, i3 0, i32 %w1_local_1_load, i3 1, i32 %p_ZZ9cnn_accelE8w1_local_28_load, i3 2, i32 %cnn_accel_w1_local_187, i3 3, i32 %cnn_accel_w1_local_188, i3 4, i32 %p_ZZ9cnn_accelE8w1_local_109_load, i3 5, i32 %p_ZZ9cnn_accelE8w1_local_136_load, i3 6, i32 %p_ZZ9cnn_accelE8w1_local_163_load, i3 7, i32 %p_ZZ9cnn_accelE8w1_local_190_load, i32 <undef>, i3 %trunc_ln215" [../hls_files/conv_pool.cpp:223]   --->   Operation 530 'sparsemux' 'tmp_72_i' <Predicate = (!icmp_ln213)> <Delay = 1.47> <CoreInst = "BinarySparseMux_DontCare">   --->   Core 137 'BinarySparseMux_DontCare' <Latency = 0> <II = 1> <Delay = 1.47> <FuncUnit> <Opcode : 'sparsemux'> <InPorts = 2> <OutPorts = 1>
ST_6 : Operation 531 [4/4] (5.00ns)   --->   "%mul35_12_i = fmul i32 %local_img_load_2, i32 %tmp_72_i" [../hls_files/conv_pool.cpp:223]   --->   Operation 531 'fmul' 'mul35_12_i' <Predicate = (!icmp_ln213)> <Delay = 5.00> <CoreInst = "FMul_maxdsp">   --->   Core 30 'FMul_maxdsp' <Latency = 3> <II = 1> <Delay = 5.00> <FuncUnit> <Opcode : 'fmul'> <InPorts = 2> <OutPorts = 1>
ST_6 : Operation 532 [1/1] (1.47ns)   --->   "%tmp_73_i = sparsemux i32 @_ssdm_op_SparseMux.ap_auto.8float.float.i3, i3 0, i32 %p_ZZ9cnn_accelE8w1_local_10_load, i3 1, i32 %p_ZZ9cnn_accelE8w1_local_37_load, i3 2, i32 %cnn_accel_w1_local_189, i3 3, i32 %cnn_accel_w1_local_190, i3 4, i32 %p_ZZ9cnn_accelE8w1_local_118_load, i3 5, i32 %p_ZZ9cnn_accelE8w1_local_145_load, i3 6, i32 %p_ZZ9cnn_accelE8w1_local_172_load, i3 7, i32 %p_ZZ9cnn_accelE8w1_local_199_load, i32 <undef>, i3 %trunc_ln215" [../hls_files/conv_pool.cpp:223]   --->   Operation 532 'sparsemux' 'tmp_73_i' <Predicate = (!icmp_ln213)> <Delay = 1.47> <CoreInst = "BinarySparseMux_DontCare">   --->   Core 137 'BinarySparseMux_DontCare' <Latency = 0> <II = 1> <Delay = 1.47> <FuncUnit> <Opcode : 'sparsemux'> <InPorts = 2> <OutPorts = 1>
ST_6 : Operation 533 [4/4] (5.00ns)   --->   "%mul35_161_1_i = fmul i32 %local_img_load_3, i32 %tmp_73_i" [../hls_files/conv_pool.cpp:223]   --->   Operation 533 'fmul' 'mul35_161_1_i' <Predicate = (!icmp_ln213)> <Delay = 5.00> <CoreInst = "FMul_maxdsp">   --->   Core 30 'FMul_maxdsp' <Latency = 3> <II = 1> <Delay = 5.00> <FuncUnit> <Opcode : 'fmul'> <InPorts = 2> <OutPorts = 1>
ST_6 : Operation 534 [1/1] (1.47ns)   --->   "%tmp_74_i = sparsemux i32 @_ssdm_op_SparseMux.ap_auto.8float.float.i3, i3 0, i32 %p_ZZ9cnn_accelE8w1_local_19_load, i3 1, i32 %p_ZZ9cnn_accelE8w1_local_46_load, i3 2, i32 %cnn_accel_w1_local_191, i3 3, i32 %p_ZZ9cnn_accelE8w1_local_100_load, i3 4, i32 %p_ZZ9cnn_accelE8w1_local_127_load, i3 5, i32 %p_ZZ9cnn_accelE8w1_local_154_load, i3 6, i32 %p_ZZ9cnn_accelE8w1_local_181_load, i3 7, i32 %p_ZZ9cnn_accelE8w1_local_208_load, i32 <undef>, i3 %trunc_ln215" [../hls_files/conv_pool.cpp:223]   --->   Operation 534 'sparsemux' 'tmp_74_i' <Predicate = (!icmp_ln213)> <Delay = 1.47> <CoreInst = "BinarySparseMux_DontCare">   --->   Core 137 'BinarySparseMux_DontCare' <Latency = 0> <II = 1> <Delay = 1.47> <FuncUnit> <Opcode : 'sparsemux'> <InPorts = 2> <OutPorts = 1>
ST_6 : Operation 535 [4/4] (5.00ns)   --->   "%mul35_161_2_i = fmul i32 %local_img_60_load_1, i32 %tmp_74_i" [../hls_files/conv_pool.cpp:223]   --->   Operation 535 'fmul' 'mul35_161_2_i' <Predicate = (!icmp_ln213)> <Delay = 5.00> <CoreInst = "FMul_maxdsp">   --->   Core 30 'FMul_maxdsp' <Latency = 3> <II = 1> <Delay = 5.00> <FuncUnit> <Opcode : 'fmul'> <InPorts = 2> <OutPorts = 1>

State 7 <SV = 6> <Delay = 6.48>
ST_7 : Operation 536 [1/3] (0.00ns) (grouped into DSP with root node add_ln228)   --->   "%mul_ln228 = mul i17 %select_ln213_3_cast195, i17 318" [../hls_files/conv_pool.cpp:228]   --->   Operation 536 'mul' 'mul_ln228' <Predicate = (!icmp_ln213)> <Delay = 0.00> <CoreInst = "DSP48">   --->   Core 116 'DSP48' <Latency = 3> <II = 1> <Delay = 1.82> <IPBlock> <Opcode : 'add' 'sub' 'mul' 'select'> <InPorts = 0> <OutPorts = 1> <Sync> <CReg>
ST_7 : Operation 537 [2/2] (1.76ns) (root node of the DSP)   --->   "%add_ln228 = add i17 %mul_ln228, i17 %zext_ln228" [../hls_files/conv_pool.cpp:228]   --->   Operation 537 'add' 'add_ln228' <Predicate = (!icmp_ln213)> <Delay = 1.76> <CoreInst = "DSP48">   --->   Core 116 'DSP48' <Latency = 3> <II = 1> <Delay = 1.82> <IPBlock> <Opcode : 'add' 'sub' 'mul' 'select'> <InPorts = 0> <OutPorts = 1> <Sync> <CReg>
ST_7 : Operation 538 [1/1] (0.00ns)   --->   "%local_img_addr_8 = getelementptr i32 %local_img, i64 0, i64 %p_cast213" [../hls_files/conv_pool.cpp:213]   --->   Operation 538 'getelementptr' 'local_img_addr_8' <Predicate = (!icmp_ln213)> <Delay = 0.00>
ST_7 : Operation 539 [1/1] (0.00ns)   --->   "%tmp_64 = bitconcatenate i18 @_ssdm_op_BitConcatenate.i18.i17.i1, i17 %empty_235, i1 1" [../hls_files/conv_pool.cpp:213]   --->   Operation 539 'bitconcatenate' 'tmp_64' <Predicate = (!icmp_ln213)> <Delay = 0.00>
ST_7 : Operation 540 [1/1] (0.00ns)   --->   "%tmp_89_cast = zext i18 %tmp_64" [../hls_files/conv_pool.cpp:213]   --->   Operation 540 'zext' 'tmp_89_cast' <Predicate = (!icmp_ln213)> <Delay = 0.00>
ST_7 : Operation 541 [1/1] (0.00ns)   --->   "%local_img_addr_9 = getelementptr i32 %local_img, i64 0, i64 %tmp_89_cast" [../hls_files/conv_pool.cpp:213]   --->   Operation 541 'getelementptr' 'local_img_addr_9' <Predicate = (!icmp_ln213)> <Delay = 0.00>
ST_7 : Operation 542 [1/1] (0.00ns)   --->   "%tmp_71 = bitconcatenate i18 @_ssdm_op_BitConcatenate.i18.i17.i1, i17 %empty_240, i1 0" [../hls_files/conv_pool.cpp:213]   --->   Operation 542 'bitconcatenate' 'tmp_71' <Predicate = (!icmp_ln213)> <Delay = 0.00>
ST_7 : Operation 543 [1/1] (0.00ns)   --->   "%p_cast217 = zext i18 %tmp_71" [../hls_files/conv_pool.cpp:213]   --->   Operation 543 'zext' 'p_cast217' <Predicate = (!icmp_ln213)> <Delay = 0.00>
ST_7 : Operation 544 [1/1] (0.00ns)   --->   "%local_img_60_addr_8 = getelementptr i32 %local_img_60, i64 0, i64 %p_cast217" [../hls_files/conv_pool.cpp:213]   --->   Operation 544 'getelementptr' 'local_img_60_addr_8' <Predicate = (!icmp_ln213)> <Delay = 0.00>
ST_7 : Operation 545 [1/2] ( I:2.77ns O:2.77ns )   --->   "%local_img_load_6 = load i18 %local_img_addr_6" [../hls_files/conv_pool.cpp:213]   --->   Operation 545 'load' 'local_img_load_6' <Predicate = (!icmp_ln213)> <Delay = 2.77> <CoreInst = "RAM">   --->   Core 81 'RAM' <Latency = 1> <II = 1> <Delay = 2.77> <Storage> <Opcode : 'load' 'store'> <Ports = 2> <Width = 32> <Depth = 153600> <RAM>
ST_7 : Operation 546 [1/2] ( I:2.77ns O:2.77ns )   --->   "%local_img_load_7 = load i18 %local_img_addr_7" [../hls_files/conv_pool.cpp:213]   --->   Operation 546 'load' 'local_img_load_7' <Predicate = (!icmp_ln213)> <Delay = 2.77> <CoreInst = "RAM">   --->   Core 81 'RAM' <Latency = 1> <II = 1> <Delay = 2.77> <Storage> <Opcode : 'load' 'store'> <Ports = 2> <Width = 32> <Depth = 153600> <RAM>
ST_7 : Operation 547 [2/2] (2.77ns)   --->   "%local_img_load_8 = load i18 %local_img_addr_8" [../hls_files/conv_pool.cpp:213]   --->   Operation 547 'load' 'local_img_load_8' <Predicate = (!icmp_ln213)> <Delay = 2.77> <CoreInst = "RAM">   --->   Core 81 'RAM' <Latency = 1> <II = 1> <Delay = 2.77> <Storage> <Opcode : 'load' 'store'> <Ports = 2> <Width = 32> <Depth = 153600> <RAM>
ST_7 : Operation 548 [2/2] (2.77ns)   --->   "%local_img_load_9 = load i18 %local_img_addr_9" [../hls_files/conv_pool.cpp:213]   --->   Operation 548 'load' 'local_img_load_9' <Predicate = (!icmp_ln213)> <Delay = 2.77> <CoreInst = "RAM">   --->   Core 81 'RAM' <Latency = 1> <II = 1> <Delay = 2.77> <Storage> <Opcode : 'load' 'store'> <Ports = 2> <Width = 32> <Depth = 153600> <RAM>
ST_7 : Operation 549 [1/2] ( I:2.77ns O:2.77ns )   --->   "%local_img_60_load_6 = load i18 %local_img_60_addr_6" [../hls_files/conv_pool.cpp:213]   --->   Operation 549 'load' 'local_img_60_load_6' <Predicate = (!icmp_ln213)> <Delay = 2.77> <CoreInst = "RAM">   --->   Core 81 'RAM' <Latency = 1> <II = 1> <Delay = 2.77> <Storage> <Opcode : 'load' 'store'> <Ports = 2> <Width = 32> <Depth = 153600> <RAM>
ST_7 : Operation 550 [1/2] ( I:2.77ns O:2.77ns )   --->   "%local_img_60_load_7 = load i18 %local_img_60_addr_7" [../hls_files/conv_pool.cpp:213]   --->   Operation 550 'load' 'local_img_60_load_7' <Predicate = (!icmp_ln213)> <Delay = 2.77> <CoreInst = "RAM">   --->   Core 81 'RAM' <Latency = 1> <II = 1> <Delay = 2.77> <Storage> <Opcode : 'load' 'store'> <Ports = 2> <Width = 32> <Depth = 153600> <RAM>
ST_7 : Operation 551 [2/2] (2.77ns)   --->   "%local_img_60_load_8 = load i18 %local_img_60_addr_8" [../hls_files/conv_pool.cpp:213]   --->   Operation 551 'load' 'local_img_60_load_8' <Predicate = (!icmp_ln213)> <Delay = 2.77> <CoreInst = "RAM">   --->   Core 81 'RAM' <Latency = 1> <II = 1> <Delay = 2.77> <Storage> <Opcode : 'load' 'store'> <Ports = 2> <Width = 32> <Depth = 153600> <RAM>
ST_7 : Operation 552 [2/4] (5.00ns)   --->   "%mul_i = fmul i32 %local_img_load, i32 %tmp_i" [../hls_files/conv_pool.cpp:223]   --->   Operation 552 'fmul' 'mul_i' <Predicate = (!icmp_ln213)> <Delay = 5.00> <CoreInst = "FMul_maxdsp">   --->   Core 30 'FMul_maxdsp' <Latency = 3> <II = 1> <Delay = 5.00> <FuncUnit> <Opcode : 'fmul'> <InPorts = 2> <OutPorts = 1>
ST_7 : Operation 553 [2/4] (5.00ns)   --->   "%mul35_i = fmul i32 %local_img_load_1, i32 %tmp_i_241" [../hls_files/conv_pool.cpp:223]   --->   Operation 553 'fmul' 'mul35_i' <Predicate = (!icmp_ln213)> <Delay = 5.00> <CoreInst = "FMul_maxdsp">   --->   Core 30 'FMul_maxdsp' <Latency = 3> <II = 1> <Delay = 5.00> <FuncUnit> <Opcode : 'fmul'> <InPorts = 2> <OutPorts = 1>
ST_7 : Operation 554 [2/4] (5.00ns)   --->   "%mul35_11_i = fmul i32 %local_img_60_load, i32 %tmp_71_i" [../hls_files/conv_pool.cpp:223]   --->   Operation 554 'fmul' 'mul35_11_i' <Predicate = (!icmp_ln213)> <Delay = 5.00> <CoreInst = "FMul_maxdsp">   --->   Core 30 'FMul_maxdsp' <Latency = 3> <II = 1> <Delay = 5.00> <FuncUnit> <Opcode : 'fmul'> <InPorts = 2> <OutPorts = 1>
ST_7 : Operation 555 [3/4] (5.00ns)   --->   "%mul35_12_i = fmul i32 %local_img_load_2, i32 %tmp_72_i" [../hls_files/conv_pool.cpp:223]   --->   Operation 555 'fmul' 'mul35_12_i' <Predicate = (!icmp_ln213)> <Delay = 5.00> <CoreInst = "FMul_maxdsp">   --->   Core 30 'FMul_maxdsp' <Latency = 3> <II = 1> <Delay = 5.00> <FuncUnit> <Opcode : 'fmul'> <InPorts = 2> <OutPorts = 1>
ST_7 : Operation 556 [3/4] (5.00ns)   --->   "%mul35_161_1_i = fmul i32 %local_img_load_3, i32 %tmp_73_i" [../hls_files/conv_pool.cpp:223]   --->   Operation 556 'fmul' 'mul35_161_1_i' <Predicate = (!icmp_ln213)> <Delay = 5.00> <CoreInst = "FMul_maxdsp">   --->   Core 30 'FMul_maxdsp' <Latency = 3> <II = 1> <Delay = 5.00> <FuncUnit> <Opcode : 'fmul'> <InPorts = 2> <OutPorts = 1>
ST_7 : Operation 557 [3/4] (5.00ns)   --->   "%mul35_161_2_i = fmul i32 %local_img_60_load_1, i32 %tmp_74_i" [../hls_files/conv_pool.cpp:223]   --->   Operation 557 'fmul' 'mul35_161_2_i' <Predicate = (!icmp_ln213)> <Delay = 5.00> <CoreInst = "FMul_maxdsp">   --->   Core 30 'FMul_maxdsp' <Latency = 3> <II = 1> <Delay = 5.00> <FuncUnit> <Opcode : 'fmul'> <InPorts = 2> <OutPorts = 1>
ST_7 : Operation 558 [1/1] (1.47ns)   --->   "%tmp_75_i = sparsemux i32 @_ssdm_op_SparseMux.ap_auto.8float.float.i3, i3 0, i32 %w1_local_2_load, i3 1, i32 %p_ZZ9cnn_accelE8w1_local_29_load, i3 2, i32 %p_ZZ9cnn_accelE8w1_local_56_load, i3 3, i32 %cnn_accel_w1_local_192, i3 4, i32 %p_ZZ9cnn_accelE8w1_local_110_load, i3 5, i32 %p_ZZ9cnn_accelE8w1_local_137_load, i3 6, i32 %p_ZZ9cnn_accelE8w1_local_164_load, i3 7, i32 %p_ZZ9cnn_accelE8w1_local_191_load, i32 <undef>, i3 %trunc_ln215" [../hls_files/conv_pool.cpp:223]   --->   Operation 558 'sparsemux' 'tmp_75_i' <Predicate = (!icmp_ln213)> <Delay = 1.47> <CoreInst = "BinarySparseMux_DontCare">   --->   Core 137 'BinarySparseMux_DontCare' <Latency = 0> <II = 1> <Delay = 1.47> <FuncUnit> <Opcode : 'sparsemux'> <InPorts = 2> <OutPorts = 1>
ST_7 : Operation 559 [4/4] (5.00ns)   --->   "%mul35_13_i = fmul i32 %local_img_load_4, i32 %tmp_75_i" [../hls_files/conv_pool.cpp:223]   --->   Operation 559 'fmul' 'mul35_13_i' <Predicate = (!icmp_ln213)> <Delay = 5.00> <CoreInst = "FMul_maxdsp">   --->   Core 30 'FMul_maxdsp' <Latency = 3> <II = 1> <Delay = 5.00> <FuncUnit> <Opcode : 'fmul'> <InPorts = 2> <OutPorts = 1>
ST_7 : Operation 560 [1/1] (1.47ns)   --->   "%tmp_76_i = sparsemux i32 @_ssdm_op_SparseMux.ap_auto.8float.float.i3, i3 0, i32 %cnn_accel_w1_local_193, i3 1, i32 %p_ZZ9cnn_accelE8w1_local_38_load, i3 2, i32 %cnn_accel_w1_local_194, i3 3, i32 %cnn_accel_w1_local_195, i3 4, i32 %p_ZZ9cnn_accelE8w1_local_119_load, i3 5, i32 %p_ZZ9cnn_accelE8w1_local_146_load, i3 6, i32 %p_ZZ9cnn_accelE8w1_local_173_load, i3 7, i32 %p_ZZ9cnn_accelE8w1_local_200_load, i32 <undef>, i3 %trunc_ln215" [../hls_files/conv_pool.cpp:223]   --->   Operation 560 'sparsemux' 'tmp_76_i' <Predicate = (!icmp_ln213)> <Delay = 1.47> <CoreInst = "BinarySparseMux_DontCare">   --->   Core 137 'BinarySparseMux_DontCare' <Latency = 0> <II = 1> <Delay = 1.47> <FuncUnit> <Opcode : 'sparsemux'> <InPorts = 2> <OutPorts = 1>
ST_7 : Operation 561 [4/4] (5.00ns)   --->   "%mul35_271_1_i = fmul i32 %local_img_load_5, i32 %tmp_76_i" [../hls_files/conv_pool.cpp:223]   --->   Operation 561 'fmul' 'mul35_271_1_i' <Predicate = (!icmp_ln213)> <Delay = 5.00> <CoreInst = "FMul_maxdsp">   --->   Core 30 'FMul_maxdsp' <Latency = 3> <II = 1> <Delay = 5.00> <FuncUnit> <Opcode : 'fmul'> <InPorts = 2> <OutPorts = 1>
ST_7 : Operation 562 [1/1] (1.47ns)   --->   "%tmp_77_i = sparsemux i32 @_ssdm_op_SparseMux.ap_auto.8float.float.i3, i3 0, i32 %p_ZZ9cnn_accelE8w1_local_20_load, i3 1, i32 %p_ZZ9cnn_accelE8w1_local_47_load, i3 2, i32 %cnn_accel_w1_local_196, i3 3, i32 %p_ZZ9cnn_accelE8w1_local_101_load, i3 4, i32 %p_ZZ9cnn_accelE8w1_local_128_load, i3 5, i32 %p_ZZ9cnn_accelE8w1_local_155_load, i3 6, i32 %p_ZZ9cnn_accelE8w1_local_182_load, i3 7, i32 %p_ZZ9cnn_accelE8w1_local_209_load, i32 <undef>, i3 %trunc_ln215" [../hls_files/conv_pool.cpp:223]   --->   Operation 562 'sparsemux' 'tmp_77_i' <Predicate = (!icmp_ln213)> <Delay = 1.47> <CoreInst = "BinarySparseMux_DontCare">   --->   Core 137 'BinarySparseMux_DontCare' <Latency = 0> <II = 1> <Delay = 1.47> <FuncUnit> <Opcode : 'sparsemux'> <InPorts = 2> <OutPorts = 1>
ST_7 : Operation 563 [4/4] (5.00ns)   --->   "%mul35_271_2_i = fmul i32 %local_img_60_load_2, i32 %tmp_77_i" [../hls_files/conv_pool.cpp:223]   --->   Operation 563 'fmul' 'mul35_271_2_i' <Predicate = (!icmp_ln213)> <Delay = 5.00> <CoreInst = "FMul_maxdsp">   --->   Core 30 'FMul_maxdsp' <Latency = 3> <II = 1> <Delay = 5.00> <FuncUnit> <Opcode : 'fmul'> <InPorts = 2> <OutPorts = 1>

State 8 <SV = 7> <Delay = 6.48>
ST_8 : Operation 564 [1/2] (1.76ns) (root node of the DSP)   --->   "%add_ln228 = add i17 %mul_ln228, i17 %zext_ln228" [../hls_files/conv_pool.cpp:228]   --->   Operation 564 'add' 'add_ln228' <Predicate = (!icmp_ln213)> <Delay = 1.76> <CoreInst = "DSP48">   --->   Core 116 'DSP48' <Latency = 3> <II = 1> <Delay = 1.82> <IPBlock> <Opcode : 'add' 'sub' 'mul' 'select'> <InPorts = 0> <OutPorts = 1> <Sync> <CReg>
ST_8 : Operation 565 [1/1] (0.00ns)   --->   "%local_img_addr_10 = getelementptr i32 %local_img, i64 0, i64 %p_cast216" [../hls_files/conv_pool.cpp:213]   --->   Operation 565 'getelementptr' 'local_img_addr_10' <Predicate = (!icmp_ln213)> <Delay = 0.00>
ST_8 : Operation 566 [1/1] (0.00ns)   --->   "%tmp_70 = bitconcatenate i18 @_ssdm_op_BitConcatenate.i18.i17.i1, i17 %empty_239, i1 1" [../hls_files/conv_pool.cpp:213]   --->   Operation 566 'bitconcatenate' 'tmp_70' <Predicate = (!icmp_ln213)> <Delay = 0.00>
ST_8 : Operation 567 [1/1] (0.00ns)   --->   "%tmp_98_cast = zext i18 %tmp_70" [../hls_files/conv_pool.cpp:213]   --->   Operation 567 'zext' 'tmp_98_cast' <Predicate = (!icmp_ln213)> <Delay = 0.00>
ST_8 : Operation 568 [1/1] (0.00ns)   --->   "%local_img_addr_11 = getelementptr i32 %local_img, i64 0, i64 %tmp_98_cast" [../hls_files/conv_pool.cpp:213]   --->   Operation 568 'getelementptr' 'local_img_addr_11' <Predicate = (!icmp_ln213)> <Delay = 0.00>
ST_8 : Operation 569 [1/2] ( I:2.77ns O:2.77ns )   --->   "%local_img_load_8 = load i18 %local_img_addr_8" [../hls_files/conv_pool.cpp:213]   --->   Operation 569 'load' 'local_img_load_8' <Predicate = (!icmp_ln213)> <Delay = 2.77> <CoreInst = "RAM">   --->   Core 81 'RAM' <Latency = 1> <II = 1> <Delay = 2.77> <Storage> <Opcode : 'load' 'store'> <Ports = 2> <Width = 32> <Depth = 153600> <RAM>
ST_8 : Operation 570 [1/2] ( I:2.77ns O:2.77ns )   --->   "%local_img_load_9 = load i18 %local_img_addr_9" [../hls_files/conv_pool.cpp:213]   --->   Operation 570 'load' 'local_img_load_9' <Predicate = (!icmp_ln213)> <Delay = 2.77> <CoreInst = "RAM">   --->   Core 81 'RAM' <Latency = 1> <II = 1> <Delay = 2.77> <Storage> <Opcode : 'load' 'store'> <Ports = 2> <Width = 32> <Depth = 153600> <RAM>
ST_8 : Operation 571 [2/2] (2.77ns)   --->   "%local_img_load_10 = load i18 %local_img_addr_10" [../hls_files/conv_pool.cpp:213]   --->   Operation 571 'load' 'local_img_load_10' <Predicate = (!icmp_ln213)> <Delay = 2.77> <CoreInst = "RAM">   --->   Core 81 'RAM' <Latency = 1> <II = 1> <Delay = 2.77> <Storage> <Opcode : 'load' 'store'> <Ports = 2> <Width = 32> <Depth = 153600> <RAM>
ST_8 : Operation 572 [2/2] (2.77ns)   --->   "%local_img_load_11 = load i18 %local_img_addr_11" [../hls_files/conv_pool.cpp:213]   --->   Operation 572 'load' 'local_img_load_11' <Predicate = (!icmp_ln213)> <Delay = 2.77> <CoreInst = "RAM">   --->   Core 81 'RAM' <Latency = 1> <II = 1> <Delay = 2.77> <Storage> <Opcode : 'load' 'store'> <Ports = 2> <Width = 32> <Depth = 153600> <RAM>
ST_8 : Operation 573 [1/2] ( I:2.77ns O:2.77ns )   --->   "%local_img_60_load_8 = load i18 %local_img_60_addr_8" [../hls_files/conv_pool.cpp:213]   --->   Operation 573 'load' 'local_img_60_load_8' <Predicate = (!icmp_ln213)> <Delay = 2.77> <CoreInst = "RAM">   --->   Core 81 'RAM' <Latency = 1> <II = 1> <Delay = 2.77> <Storage> <Opcode : 'load' 'store'> <Ports = 2> <Width = 32> <Depth = 153600> <RAM>
ST_8 : Operation 574 [1/1] (1.47ns)   --->   "%acc = sparsemux i32 @_ssdm_op_SparseMux.ap_auto.8float.float.i3, i3 0, i32 %b1_local_load, i3 1, i32 %b1_local_10_load, i3 2, i32 %b1_local_11_load, i3 3, i32 %b1_local_12_load, i3 4, i32 %b1_local_13_load, i3 5, i32 %b1_local_14_load, i3 6, i32 %b1_local_15_load, i3 7, i32 %b1_local_16_load, i32 <undef>, i3 %trunc_ln215" [../hls_files/conv_pool.cpp:217]   --->   Operation 574 'sparsemux' 'acc' <Predicate = (!icmp_ln213)> <Delay = 1.47> <CoreInst = "BinarySparseMux_DontCare">   --->   Core 137 'BinarySparseMux_DontCare' <Latency = 0> <II = 1> <Delay = 1.47> <FuncUnit> <Opcode : 'sparsemux'> <InPorts = 2> <OutPorts = 1>
ST_8 : Operation 575 [1/4] (5.00ns)   --->   "%mul_i = fmul i32 %local_img_load, i32 %tmp_i" [../hls_files/conv_pool.cpp:223]   --->   Operation 575 'fmul' 'mul_i' <Predicate = (!icmp_ln213)> <Delay = 5.00> <CoreInst = "FMul_maxdsp">   --->   Core 30 'FMul_maxdsp' <Latency = 3> <II = 1> <Delay = 5.00> <FuncUnit> <Opcode : 'fmul'> <InPorts = 2> <OutPorts = 1>
ST_8 : Operation 576 [1/4] (5.00ns)   --->   "%mul35_i = fmul i32 %local_img_load_1, i32 %tmp_i_241" [../hls_files/conv_pool.cpp:223]   --->   Operation 576 'fmul' 'mul35_i' <Predicate = (!icmp_ln213)> <Delay = 5.00> <CoreInst = "FMul_maxdsp">   --->   Core 30 'FMul_maxdsp' <Latency = 3> <II = 1> <Delay = 5.00> <FuncUnit> <Opcode : 'fmul'> <InPorts = 2> <OutPorts = 1>
ST_8 : Operation 577 [1/4] (5.00ns)   --->   "%mul35_11_i = fmul i32 %local_img_60_load, i32 %tmp_71_i" [../hls_files/conv_pool.cpp:223]   --->   Operation 577 'fmul' 'mul35_11_i' <Predicate = (!icmp_ln213)> <Delay = 5.00> <CoreInst = "FMul_maxdsp">   --->   Core 30 'FMul_maxdsp' <Latency = 3> <II = 1> <Delay = 5.00> <FuncUnit> <Opcode : 'fmul'> <InPorts = 2> <OutPorts = 1>
ST_8 : Operation 578 [2/4] (5.00ns)   --->   "%mul35_12_i = fmul i32 %local_img_load_2, i32 %tmp_72_i" [../hls_files/conv_pool.cpp:223]   --->   Operation 578 'fmul' 'mul35_12_i' <Predicate = (!icmp_ln213)> <Delay = 5.00> <CoreInst = "FMul_maxdsp">   --->   Core 30 'FMul_maxdsp' <Latency = 3> <II = 1> <Delay = 5.00> <FuncUnit> <Opcode : 'fmul'> <InPorts = 2> <OutPorts = 1>
ST_8 : Operation 579 [2/4] (5.00ns)   --->   "%mul35_161_1_i = fmul i32 %local_img_load_3, i32 %tmp_73_i" [../hls_files/conv_pool.cpp:223]   --->   Operation 579 'fmul' 'mul35_161_1_i' <Predicate = (!icmp_ln213)> <Delay = 5.00> <CoreInst = "FMul_maxdsp">   --->   Core 30 'FMul_maxdsp' <Latency = 3> <II = 1> <Delay = 5.00> <FuncUnit> <Opcode : 'fmul'> <InPorts = 2> <OutPorts = 1>
ST_8 : Operation 580 [2/4] (5.00ns)   --->   "%mul35_161_2_i = fmul i32 %local_img_60_load_1, i32 %tmp_74_i" [../hls_files/conv_pool.cpp:223]   --->   Operation 580 'fmul' 'mul35_161_2_i' <Predicate = (!icmp_ln213)> <Delay = 5.00> <CoreInst = "FMul_maxdsp">   --->   Core 30 'FMul_maxdsp' <Latency = 3> <II = 1> <Delay = 5.00> <FuncUnit> <Opcode : 'fmul'> <InPorts = 2> <OutPorts = 1>
ST_8 : Operation 581 [3/4] (5.00ns)   --->   "%mul35_13_i = fmul i32 %local_img_load_4, i32 %tmp_75_i" [../hls_files/conv_pool.cpp:223]   --->   Operation 581 'fmul' 'mul35_13_i' <Predicate = (!icmp_ln213)> <Delay = 5.00> <CoreInst = "FMul_maxdsp">   --->   Core 30 'FMul_maxdsp' <Latency = 3> <II = 1> <Delay = 5.00> <FuncUnit> <Opcode : 'fmul'> <InPorts = 2> <OutPorts = 1>
ST_8 : Operation 582 [3/4] (5.00ns)   --->   "%mul35_271_1_i = fmul i32 %local_img_load_5, i32 %tmp_76_i" [../hls_files/conv_pool.cpp:223]   --->   Operation 582 'fmul' 'mul35_271_1_i' <Predicate = (!icmp_ln213)> <Delay = 5.00> <CoreInst = "FMul_maxdsp">   --->   Core 30 'FMul_maxdsp' <Latency = 3> <II = 1> <Delay = 5.00> <FuncUnit> <Opcode : 'fmul'> <InPorts = 2> <OutPorts = 1>
ST_8 : Operation 583 [3/4] (5.00ns)   --->   "%mul35_271_2_i = fmul i32 %local_img_60_load_2, i32 %tmp_77_i" [../hls_files/conv_pool.cpp:223]   --->   Operation 583 'fmul' 'mul35_271_2_i' <Predicate = (!icmp_ln213)> <Delay = 5.00> <CoreInst = "FMul_maxdsp">   --->   Core 30 'FMul_maxdsp' <Latency = 3> <II = 1> <Delay = 5.00> <FuncUnit> <Opcode : 'fmul'> <InPorts = 2> <OutPorts = 1>
ST_8 : Operation 584 [1/1] (1.47ns)   --->   "%tmp_78_i = sparsemux i32 @_ssdm_op_SparseMux.ap_auto.8float.float.i3, i3 0, i32 %w1_local_3_load, i3 1, i32 %p_ZZ9cnn_accelE8w1_local_30_load, i3 2, i32 %p_ZZ9cnn_accelE8w1_local_57_load, i3 3, i32 %cnn_accel_w1_local_197, i3 4, i32 %p_ZZ9cnn_accelE8w1_local_111_load, i3 5, i32 %p_ZZ9cnn_accelE8w1_local_138_load, i3 6, i32 %p_ZZ9cnn_accelE8w1_local_165_load, i3 7, i32 %p_ZZ9cnn_accelE8w1_local_192_load, i32 <undef>, i3 %trunc_ln215" [../hls_files/conv_pool.cpp:223]   --->   Operation 584 'sparsemux' 'tmp_78_i' <Predicate = (!icmp_ln213)> <Delay = 1.47> <CoreInst = "BinarySparseMux_DontCare">   --->   Core 137 'BinarySparseMux_DontCare' <Latency = 0> <II = 1> <Delay = 1.47> <FuncUnit> <Opcode : 'sparsemux'> <InPorts = 2> <OutPorts = 1>
ST_8 : Operation 585 [4/4] (5.00ns)   --->   "%mul35_1_i = fmul i32 %local_img_load_6, i32 %tmp_78_i" [../hls_files/conv_pool.cpp:223]   --->   Operation 585 'fmul' 'mul35_1_i' <Predicate = (!icmp_ln213)> <Delay = 5.00> <CoreInst = "FMul_maxdsp">   --->   Core 30 'FMul_maxdsp' <Latency = 3> <II = 1> <Delay = 5.00> <FuncUnit> <Opcode : 'fmul'> <InPorts = 2> <OutPorts = 1>
ST_8 : Operation 586 [1/1] (1.47ns)   --->   "%tmp_79_i = sparsemux i32 @_ssdm_op_SparseMux.ap_auto.8float.float.i3, i3 0, i32 %cnn_accel_w1_local_198, i3 1, i32 %p_ZZ9cnn_accelE8w1_local_39_load, i3 2, i32 %p_ZZ9cnn_accelE8w1_local_66_load, i3 3, i32 %cnn_accel_w1_local_199, i3 4, i32 %p_ZZ9cnn_accelE8w1_local_120_load, i3 5, i32 %p_ZZ9cnn_accelE8w1_local_147_load, i3 6, i32 %p_ZZ9cnn_accelE8w1_local_174_load, i3 7, i32 %p_ZZ9cnn_accelE8w1_local_201_load, i32 <undef>, i3 %trunc_ln215" [../hls_files/conv_pool.cpp:223]   --->   Operation 586 'sparsemux' 'tmp_79_i' <Predicate = (!icmp_ln213)> <Delay = 1.47> <CoreInst = "BinarySparseMux_DontCare">   --->   Core 137 'BinarySparseMux_DontCare' <Latency = 0> <II = 1> <Delay = 1.47> <FuncUnit> <Opcode : 'sparsemux'> <InPorts = 2> <OutPorts = 1>
ST_8 : Operation 587 [4/4] (5.00ns)   --->   "%mul35_1_i_242 = fmul i32 %local_img_load_7, i32 %tmp_79_i" [../hls_files/conv_pool.cpp:223]   --->   Operation 587 'fmul' 'mul35_1_i_242' <Predicate = (!icmp_ln213)> <Delay = 5.00> <CoreInst = "FMul_maxdsp">   --->   Core 30 'FMul_maxdsp' <Latency = 3> <II = 1> <Delay = 5.00> <FuncUnit> <Opcode : 'fmul'> <InPorts = 2> <OutPorts = 1>
ST_8 : Operation 588 [1/1] (1.47ns)   --->   "%tmp_80_i = sparsemux i32 @_ssdm_op_SparseMux.ap_auto.8float.float.i3, i3 0, i32 %cnn_accel_w1_local_200, i3 1, i32 %p_ZZ9cnn_accelE8w1_local_48_load, i3 2, i32 %cnn_accel_w1_local_201, i3 3, i32 %p_ZZ9cnn_accelE8w1_local_102_load, i3 4, i32 %p_ZZ9cnn_accelE8w1_local_129_load, i3 5, i32 %p_ZZ9cnn_accelE8w1_local_156_load, i3 6, i32 %p_ZZ9cnn_accelE8w1_local_183_load, i3 7, i32 %p_ZZ9cnn_accelE8w1_local_210_load, i32 <undef>, i3 %trunc_ln215" [../hls_files/conv_pool.cpp:223]   --->   Operation 588 'sparsemux' 'tmp_80_i' <Predicate = (!icmp_ln213)> <Delay = 1.47> <CoreInst = "BinarySparseMux_DontCare">   --->   Core 137 'BinarySparseMux_DontCare' <Latency = 0> <II = 1> <Delay = 1.47> <FuncUnit> <Opcode : 'sparsemux'> <InPorts = 2> <OutPorts = 1>
ST_8 : Operation 589 [4/4] (5.00ns)   --->   "%mul35_1_9_i = fmul i32 %local_img_60_load_3, i32 %tmp_80_i" [../hls_files/conv_pool.cpp:223]   --->   Operation 589 'fmul' 'mul35_1_9_i' <Predicate = (!icmp_ln213)> <Delay = 5.00> <CoreInst = "FMul_maxdsp">   --->   Core 30 'FMul_maxdsp' <Latency = 3> <II = 1> <Delay = 5.00> <FuncUnit> <Opcode : 'fmul'> <InPorts = 2> <OutPorts = 1>

State 9 <SV = 8> <Delay = 6.51>
ST_9 : Operation 590 [1/1] (0.00ns)   --->   "%local_img_addr_12 = getelementptr i32 %local_img, i64 0, i64 %p_cast211" [../hls_files/conv_pool.cpp:213]   --->   Operation 590 'getelementptr' 'local_img_addr_12' <Predicate = (!icmp_ln213)> <Delay = 0.00>
ST_9 : Operation 591 [1/1] (0.00ns)   --->   "%tmp_60 = bitconcatenate i18 @_ssdm_op_BitConcatenate.i18.i17.i1, i17 %empty_233, i1 1" [../hls_files/conv_pool.cpp:213]   --->   Operation 591 'bitconcatenate' 'tmp_60' <Predicate = (!icmp_ln213)> <Delay = 0.00>
ST_9 : Operation 592 [1/1] (0.00ns)   --->   "%tmp_83_cast = zext i18 %tmp_60" [../hls_files/conv_pool.cpp:213]   --->   Operation 592 'zext' 'tmp_83_cast' <Predicate = (!icmp_ln213)> <Delay = 0.00>
ST_9 : Operation 593 [1/1] (0.00ns)   --->   "%local_img_addr_13 = getelementptr i32 %local_img, i64 0, i64 %tmp_83_cast" [../hls_files/conv_pool.cpp:213]   --->   Operation 593 'getelementptr' 'local_img_addr_13' <Predicate = (!icmp_ln213)> <Delay = 0.00>
ST_9 : Operation 594 [1/2] ( I:2.77ns O:2.77ns )   --->   "%local_img_load_10 = load i18 %local_img_addr_10" [../hls_files/conv_pool.cpp:213]   --->   Operation 594 'load' 'local_img_load_10' <Predicate = (!icmp_ln213)> <Delay = 2.77> <CoreInst = "RAM">   --->   Core 81 'RAM' <Latency = 1> <II = 1> <Delay = 2.77> <Storage> <Opcode : 'load' 'store'> <Ports = 2> <Width = 32> <Depth = 153600> <RAM>
ST_9 : Operation 595 [1/2] ( I:2.77ns O:2.77ns )   --->   "%local_img_load_11 = load i18 %local_img_addr_11" [../hls_files/conv_pool.cpp:213]   --->   Operation 595 'load' 'local_img_load_11' <Predicate = (!icmp_ln213)> <Delay = 2.77> <CoreInst = "RAM">   --->   Core 81 'RAM' <Latency = 1> <II = 1> <Delay = 2.77> <Storage> <Opcode : 'load' 'store'> <Ports = 2> <Width = 32> <Depth = 153600> <RAM>
ST_9 : Operation 596 [2/2] (2.77ns)   --->   "%local_img_load_12 = load i18 %local_img_addr_12" [../hls_files/conv_pool.cpp:213]   --->   Operation 596 'load' 'local_img_load_12' <Predicate = (!icmp_ln213)> <Delay = 2.77> <CoreInst = "RAM">   --->   Core 81 'RAM' <Latency = 1> <II = 1> <Delay = 2.77> <Storage> <Opcode : 'load' 'store'> <Ports = 2> <Width = 32> <Depth = 153600> <RAM>
ST_9 : Operation 597 [2/2] (2.77ns)   --->   "%local_img_load_13 = load i18 %local_img_addr_13" [../hls_files/conv_pool.cpp:213]   --->   Operation 597 'load' 'local_img_load_13' <Predicate = (!icmp_ln213)> <Delay = 2.77> <CoreInst = "RAM">   --->   Core 81 'RAM' <Latency = 1> <II = 1> <Delay = 2.77> <Storage> <Opcode : 'load' 'store'> <Ports = 2> <Width = 32> <Depth = 153600> <RAM>
ST_9 : Operation 598 [5/5] (6.51ns)   --->   "%acc_75 = fadd i32 %acc, i32 %mul_i" [../hls_files/conv_pool.cpp:223]   --->   Operation 598 'fadd' 'acc_75' <Predicate = (!icmp_ln213)> <Delay = 6.51> <CoreInst = "FAddSub_fulldsp">   --->   Core 18 'FAddSub_fulldsp' <Latency = 4> <II = 1> <Delay = 6.51> <FuncUnit> <Opcode : 'fadd' 'fsub'> <InPorts = 2> <OutPorts = 1>
ST_9 : Operation 599 [1/4] (5.00ns)   --->   "%mul35_12_i = fmul i32 %local_img_load_2, i32 %tmp_72_i" [../hls_files/conv_pool.cpp:223]   --->   Operation 599 'fmul' 'mul35_12_i' <Predicate = (!icmp_ln213)> <Delay = 5.00> <CoreInst = "FMul_maxdsp">   --->   Core 30 'FMul_maxdsp' <Latency = 3> <II = 1> <Delay = 5.00> <FuncUnit> <Opcode : 'fmul'> <InPorts = 2> <OutPorts = 1>
ST_9 : Operation 600 [1/4] (5.00ns)   --->   "%mul35_161_1_i = fmul i32 %local_img_load_3, i32 %tmp_73_i" [../hls_files/conv_pool.cpp:223]   --->   Operation 600 'fmul' 'mul35_161_1_i' <Predicate = (!icmp_ln213)> <Delay = 5.00> <CoreInst = "FMul_maxdsp">   --->   Core 30 'FMul_maxdsp' <Latency = 3> <II = 1> <Delay = 5.00> <FuncUnit> <Opcode : 'fmul'> <InPorts = 2> <OutPorts = 1>
ST_9 : Operation 601 [1/4] (5.00ns)   --->   "%mul35_161_2_i = fmul i32 %local_img_60_load_1, i32 %tmp_74_i" [../hls_files/conv_pool.cpp:223]   --->   Operation 601 'fmul' 'mul35_161_2_i' <Predicate = (!icmp_ln213)> <Delay = 5.00> <CoreInst = "FMul_maxdsp">   --->   Core 30 'FMul_maxdsp' <Latency = 3> <II = 1> <Delay = 5.00> <FuncUnit> <Opcode : 'fmul'> <InPorts = 2> <OutPorts = 1>
ST_9 : Operation 602 [2/4] (5.00ns)   --->   "%mul35_13_i = fmul i32 %local_img_load_4, i32 %tmp_75_i" [../hls_files/conv_pool.cpp:223]   --->   Operation 602 'fmul' 'mul35_13_i' <Predicate = (!icmp_ln213)> <Delay = 5.00> <CoreInst = "FMul_maxdsp">   --->   Core 30 'FMul_maxdsp' <Latency = 3> <II = 1> <Delay = 5.00> <FuncUnit> <Opcode : 'fmul'> <InPorts = 2> <OutPorts = 1>
ST_9 : Operation 603 [2/4] (5.00ns)   --->   "%mul35_271_1_i = fmul i32 %local_img_load_5, i32 %tmp_76_i" [../hls_files/conv_pool.cpp:223]   --->   Operation 603 'fmul' 'mul35_271_1_i' <Predicate = (!icmp_ln213)> <Delay = 5.00> <CoreInst = "FMul_maxdsp">   --->   Core 30 'FMul_maxdsp' <Latency = 3> <II = 1> <Delay = 5.00> <FuncUnit> <Opcode : 'fmul'> <InPorts = 2> <OutPorts = 1>
ST_9 : Operation 604 [2/4] (5.00ns)   --->   "%mul35_271_2_i = fmul i32 %local_img_60_load_2, i32 %tmp_77_i" [../hls_files/conv_pool.cpp:223]   --->   Operation 604 'fmul' 'mul35_271_2_i' <Predicate = (!icmp_ln213)> <Delay = 5.00> <CoreInst = "FMul_maxdsp">   --->   Core 30 'FMul_maxdsp' <Latency = 3> <II = 1> <Delay = 5.00> <FuncUnit> <Opcode : 'fmul'> <InPorts = 2> <OutPorts = 1>
ST_9 : Operation 605 [3/4] (5.00ns)   --->   "%mul35_1_i = fmul i32 %local_img_load_6, i32 %tmp_78_i" [../hls_files/conv_pool.cpp:223]   --->   Operation 605 'fmul' 'mul35_1_i' <Predicate = (!icmp_ln213)> <Delay = 5.00> <CoreInst = "FMul_maxdsp">   --->   Core 30 'FMul_maxdsp' <Latency = 3> <II = 1> <Delay = 5.00> <FuncUnit> <Opcode : 'fmul'> <InPorts = 2> <OutPorts = 1>
ST_9 : Operation 606 [3/4] (5.00ns)   --->   "%mul35_1_i_242 = fmul i32 %local_img_load_7, i32 %tmp_79_i" [../hls_files/conv_pool.cpp:223]   --->   Operation 606 'fmul' 'mul35_1_i_242' <Predicate = (!icmp_ln213)> <Delay = 5.00> <CoreInst = "FMul_maxdsp">   --->   Core 30 'FMul_maxdsp' <Latency = 3> <II = 1> <Delay = 5.00> <FuncUnit> <Opcode : 'fmul'> <InPorts = 2> <OutPorts = 1>
ST_9 : Operation 607 [3/4] (5.00ns)   --->   "%mul35_1_9_i = fmul i32 %local_img_60_load_3, i32 %tmp_80_i" [../hls_files/conv_pool.cpp:223]   --->   Operation 607 'fmul' 'mul35_1_9_i' <Predicate = (!icmp_ln213)> <Delay = 5.00> <CoreInst = "FMul_maxdsp">   --->   Core 30 'FMul_maxdsp' <Latency = 3> <II = 1> <Delay = 5.00> <FuncUnit> <Opcode : 'fmul'> <InPorts = 2> <OutPorts = 1>
ST_9 : Operation 608 [1/1] (1.47ns)   --->   "%tmp_81_i = sparsemux i32 @_ssdm_op_SparseMux.ap_auto.8float.float.i3, i3 0, i32 %w1_local_4_load, i3 1, i32 %cnn_accel_w1_local_202, i3 2, i32 %p_ZZ9cnn_accelE8w1_local_58_load, i3 3, i32 %cnn_accel_w1_local_203, i3 4, i32 %p_ZZ9cnn_accelE8w1_local_112_load, i3 5, i32 %p_ZZ9cnn_accelE8w1_local_139_load, i3 6, i32 %p_ZZ9cnn_accelE8w1_local_166_load, i3 7, i32 %p_ZZ9cnn_accelE8w1_local_193_load, i32 <undef>, i3 %trunc_ln215" [../hls_files/conv_pool.cpp:223]   --->   Operation 608 'sparsemux' 'tmp_81_i' <Predicate = (!icmp_ln213)> <Delay = 1.47> <CoreInst = "BinarySparseMux_DontCare">   --->   Core 137 'BinarySparseMux_DontCare' <Latency = 0> <II = 1> <Delay = 1.47> <FuncUnit> <Opcode : 'sparsemux'> <InPorts = 2> <OutPorts = 1>
ST_9 : Operation 609 [4/4] (5.00ns)   --->   "%mul35_1_1_i = fmul i32 %local_img_load_8, i32 %tmp_81_i" [../hls_files/conv_pool.cpp:223]   --->   Operation 609 'fmul' 'mul35_1_1_i' <Predicate = (!icmp_ln213)> <Delay = 5.00> <CoreInst = "FMul_maxdsp">   --->   Core 30 'FMul_maxdsp' <Latency = 3> <II = 1> <Delay = 5.00> <FuncUnit> <Opcode : 'fmul'> <InPorts = 2> <OutPorts = 1>
ST_9 : Operation 610 [1/1] (1.47ns)   --->   "%tmp_82_i = sparsemux i32 @_ssdm_op_SparseMux.ap_auto.8float.float.i3, i3 0, i32 %cnn_accel_w1_local_204, i3 1, i32 %p_ZZ9cnn_accelE8w1_local_40_load, i3 2, i32 %p_ZZ9cnn_accelE8w1_local_67_load, i3 3, i32 %cnn_accel_w1_local_205, i3 4, i32 %p_ZZ9cnn_accelE8w1_local_121_load, i3 5, i32 %p_ZZ9cnn_accelE8w1_local_148_load, i3 6, i32 %p_ZZ9cnn_accelE8w1_local_175_load, i3 7, i32 %p_ZZ9cnn_accelE8w1_local_202_load, i32 <undef>, i3 %trunc_ln215" [../hls_files/conv_pool.cpp:223]   --->   Operation 610 'sparsemux' 'tmp_82_i' <Predicate = (!icmp_ln213)> <Delay = 1.47> <CoreInst = "BinarySparseMux_DontCare">   --->   Core 137 'BinarySparseMux_DontCare' <Latency = 0> <II = 1> <Delay = 1.47> <FuncUnit> <Opcode : 'sparsemux'> <InPorts = 2> <OutPorts = 1>
ST_9 : Operation 611 [4/4] (5.00ns)   --->   "%mul35_1_1_1_i = fmul i32 %local_img_load_9, i32 %tmp_82_i" [../hls_files/conv_pool.cpp:223]   --->   Operation 611 'fmul' 'mul35_1_1_1_i' <Predicate = (!icmp_ln213)> <Delay = 5.00> <CoreInst = "FMul_maxdsp">   --->   Core 30 'FMul_maxdsp' <Latency = 3> <II = 1> <Delay = 5.00> <FuncUnit> <Opcode : 'fmul'> <InPorts = 2> <OutPorts = 1>
ST_9 : Operation 612 [1/1] (1.47ns)   --->   "%tmp_83_i = sparsemux i32 @_ssdm_op_SparseMux.ap_auto.8float.float.i3, i3 0, i32 %cnn_accel_w1_local_206, i3 1, i32 %p_ZZ9cnn_accelE8w1_local_49_load, i3 2, i32 %p_ZZ9cnn_accelE8w1_local_76_load, i3 3, i32 %p_ZZ9cnn_accelE8w1_local_103_load, i3 4, i32 %p_ZZ9cnn_accelE8w1_local_130_load, i3 5, i32 %p_ZZ9cnn_accelE8w1_local_157_load, i3 6, i32 %p_ZZ9cnn_accelE8w1_local_184_load, i3 7, i32 %p_ZZ9cnn_accelE8w1_local_211_load, i32 <undef>, i3 %trunc_ln215" [../hls_files/conv_pool.cpp:223]   --->   Operation 612 'sparsemux' 'tmp_83_i' <Predicate = (!icmp_ln213)> <Delay = 1.47> <CoreInst = "BinarySparseMux_DontCare">   --->   Core 137 'BinarySparseMux_DontCare' <Latency = 0> <II = 1> <Delay = 1.47> <FuncUnit> <Opcode : 'sparsemux'> <InPorts = 2> <OutPorts = 1>
ST_9 : Operation 613 [4/4] (5.00ns)   --->   "%mul35_1_1_2_i = fmul i32 %local_img_60_load_4, i32 %tmp_83_i" [../hls_files/conv_pool.cpp:223]   --->   Operation 613 'fmul' 'mul35_1_1_2_i' <Predicate = (!icmp_ln213)> <Delay = 5.00> <CoreInst = "FMul_maxdsp">   --->   Core 30 'FMul_maxdsp' <Latency = 3> <II = 1> <Delay = 5.00> <FuncUnit> <Opcode : 'fmul'> <InPorts = 2> <OutPorts = 1>

State 10 <SV = 9> <Delay = 6.51>
ST_10 : Operation 614 [1/1] (0.00ns)   --->   "%local_img_addr_14 = getelementptr i32 %local_img, i64 0, i64 %p_cast214" [../hls_files/conv_pool.cpp:213]   --->   Operation 614 'getelementptr' 'local_img_addr_14' <Predicate = (!icmp_ln213)> <Delay = 0.00>
ST_10 : Operation 615 [1/1] (0.00ns)   --->   "%tmp_66 = bitconcatenate i18 @_ssdm_op_BitConcatenate.i18.i17.i1, i17 %empty_236, i1 1" [../hls_files/conv_pool.cpp:213]   --->   Operation 615 'bitconcatenate' 'tmp_66' <Predicate = (!icmp_ln213)> <Delay = 0.00>
ST_10 : Operation 616 [1/1] (0.00ns)   --->   "%tmp_92_cast = zext i18 %tmp_66" [../hls_files/conv_pool.cpp:213]   --->   Operation 616 'zext' 'tmp_92_cast' <Predicate = (!icmp_ln213)> <Delay = 0.00>
ST_10 : Operation 617 [1/1] (0.00ns)   --->   "%local_img_addr_15 = getelementptr i32 %local_img, i64 0, i64 %tmp_92_cast" [../hls_files/conv_pool.cpp:213]   --->   Operation 617 'getelementptr' 'local_img_addr_15' <Predicate = (!icmp_ln213)> <Delay = 0.00>
ST_10 : Operation 618 [1/2] ( I:2.77ns O:2.77ns )   --->   "%local_img_load_12 = load i18 %local_img_addr_12" [../hls_files/conv_pool.cpp:213]   --->   Operation 618 'load' 'local_img_load_12' <Predicate = (!icmp_ln213)> <Delay = 2.77> <CoreInst = "RAM">   --->   Core 81 'RAM' <Latency = 1> <II = 1> <Delay = 2.77> <Storage> <Opcode : 'load' 'store'> <Ports = 2> <Width = 32> <Depth = 153600> <RAM>
ST_10 : Operation 619 [1/2] ( I:2.77ns O:2.77ns )   --->   "%local_img_load_13 = load i18 %local_img_addr_13" [../hls_files/conv_pool.cpp:213]   --->   Operation 619 'load' 'local_img_load_13' <Predicate = (!icmp_ln213)> <Delay = 2.77> <CoreInst = "RAM">   --->   Core 81 'RAM' <Latency = 1> <II = 1> <Delay = 2.77> <Storage> <Opcode : 'load' 'store'> <Ports = 2> <Width = 32> <Depth = 153600> <RAM>
ST_10 : Operation 620 [2/2] (2.77ns)   --->   "%local_img_load_14 = load i18 %local_img_addr_14" [../hls_files/conv_pool.cpp:213]   --->   Operation 620 'load' 'local_img_load_14' <Predicate = (!icmp_ln213)> <Delay = 2.77> <CoreInst = "RAM">   --->   Core 81 'RAM' <Latency = 1> <II = 1> <Delay = 2.77> <Storage> <Opcode : 'load' 'store'> <Ports = 2> <Width = 32> <Depth = 153600> <RAM>
ST_10 : Operation 621 [2/2] (2.77ns)   --->   "%local_img_load_15 = load i18 %local_img_addr_15" [../hls_files/conv_pool.cpp:213]   --->   Operation 621 'load' 'local_img_load_15' <Predicate = (!icmp_ln213)> <Delay = 2.77> <CoreInst = "RAM">   --->   Core 81 'RAM' <Latency = 1> <II = 1> <Delay = 2.77> <Storage> <Opcode : 'load' 'store'> <Ports = 2> <Width = 32> <Depth = 153600> <RAM>
ST_10 : Operation 622 [4/5] (6.51ns)   --->   "%acc_75 = fadd i32 %acc, i32 %mul_i" [../hls_files/conv_pool.cpp:223]   --->   Operation 622 'fadd' 'acc_75' <Predicate = (!icmp_ln213)> <Delay = 6.51> <CoreInst = "FAddSub_fulldsp">   --->   Core 18 'FAddSub_fulldsp' <Latency = 4> <II = 1> <Delay = 6.51> <FuncUnit> <Opcode : 'fadd' 'fsub'> <InPorts = 2> <OutPorts = 1>
ST_10 : Operation 623 [1/4] (5.00ns)   --->   "%mul35_13_i = fmul i32 %local_img_load_4, i32 %tmp_75_i" [../hls_files/conv_pool.cpp:223]   --->   Operation 623 'fmul' 'mul35_13_i' <Predicate = (!icmp_ln213)> <Delay = 5.00> <CoreInst = "FMul_maxdsp">   --->   Core 30 'FMul_maxdsp' <Latency = 3> <II = 1> <Delay = 5.00> <FuncUnit> <Opcode : 'fmul'> <InPorts = 2> <OutPorts = 1>
ST_10 : Operation 624 [1/4] (5.00ns)   --->   "%mul35_271_1_i = fmul i32 %local_img_load_5, i32 %tmp_76_i" [../hls_files/conv_pool.cpp:223]   --->   Operation 624 'fmul' 'mul35_271_1_i' <Predicate = (!icmp_ln213)> <Delay = 5.00> <CoreInst = "FMul_maxdsp">   --->   Core 30 'FMul_maxdsp' <Latency = 3> <II = 1> <Delay = 5.00> <FuncUnit> <Opcode : 'fmul'> <InPorts = 2> <OutPorts = 1>
ST_10 : Operation 625 [1/4] (5.00ns)   --->   "%mul35_271_2_i = fmul i32 %local_img_60_load_2, i32 %tmp_77_i" [../hls_files/conv_pool.cpp:223]   --->   Operation 625 'fmul' 'mul35_271_2_i' <Predicate = (!icmp_ln213)> <Delay = 5.00> <CoreInst = "FMul_maxdsp">   --->   Core 30 'FMul_maxdsp' <Latency = 3> <II = 1> <Delay = 5.00> <FuncUnit> <Opcode : 'fmul'> <InPorts = 2> <OutPorts = 1>
ST_10 : Operation 626 [2/4] (5.00ns)   --->   "%mul35_1_i = fmul i32 %local_img_load_6, i32 %tmp_78_i" [../hls_files/conv_pool.cpp:223]   --->   Operation 626 'fmul' 'mul35_1_i' <Predicate = (!icmp_ln213)> <Delay = 5.00> <CoreInst = "FMul_maxdsp">   --->   Core 30 'FMul_maxdsp' <Latency = 3> <II = 1> <Delay = 5.00> <FuncUnit> <Opcode : 'fmul'> <InPorts = 2> <OutPorts = 1>
ST_10 : Operation 627 [2/4] (5.00ns)   --->   "%mul35_1_i_242 = fmul i32 %local_img_load_7, i32 %tmp_79_i" [../hls_files/conv_pool.cpp:223]   --->   Operation 627 'fmul' 'mul35_1_i_242' <Predicate = (!icmp_ln213)> <Delay = 5.00> <CoreInst = "FMul_maxdsp">   --->   Core 30 'FMul_maxdsp' <Latency = 3> <II = 1> <Delay = 5.00> <FuncUnit> <Opcode : 'fmul'> <InPorts = 2> <OutPorts = 1>
ST_10 : Operation 628 [2/4] (5.00ns)   --->   "%mul35_1_9_i = fmul i32 %local_img_60_load_3, i32 %tmp_80_i" [../hls_files/conv_pool.cpp:223]   --->   Operation 628 'fmul' 'mul35_1_9_i' <Predicate = (!icmp_ln213)> <Delay = 5.00> <CoreInst = "FMul_maxdsp">   --->   Core 30 'FMul_maxdsp' <Latency = 3> <II = 1> <Delay = 5.00> <FuncUnit> <Opcode : 'fmul'> <InPorts = 2> <OutPorts = 1>
ST_10 : Operation 629 [3/4] (5.00ns)   --->   "%mul35_1_1_i = fmul i32 %local_img_load_8, i32 %tmp_81_i" [../hls_files/conv_pool.cpp:223]   --->   Operation 629 'fmul' 'mul35_1_1_i' <Predicate = (!icmp_ln213)> <Delay = 5.00> <CoreInst = "FMul_maxdsp">   --->   Core 30 'FMul_maxdsp' <Latency = 3> <II = 1> <Delay = 5.00> <FuncUnit> <Opcode : 'fmul'> <InPorts = 2> <OutPorts = 1>
ST_10 : Operation 630 [3/4] (5.00ns)   --->   "%mul35_1_1_1_i = fmul i32 %local_img_load_9, i32 %tmp_82_i" [../hls_files/conv_pool.cpp:223]   --->   Operation 630 'fmul' 'mul35_1_1_1_i' <Predicate = (!icmp_ln213)> <Delay = 5.00> <CoreInst = "FMul_maxdsp">   --->   Core 30 'FMul_maxdsp' <Latency = 3> <II = 1> <Delay = 5.00> <FuncUnit> <Opcode : 'fmul'> <InPorts = 2> <OutPorts = 1>
ST_10 : Operation 631 [3/4] (5.00ns)   --->   "%mul35_1_1_2_i = fmul i32 %local_img_60_load_4, i32 %tmp_83_i" [../hls_files/conv_pool.cpp:223]   --->   Operation 631 'fmul' 'mul35_1_1_2_i' <Predicate = (!icmp_ln213)> <Delay = 5.00> <CoreInst = "FMul_maxdsp">   --->   Core 30 'FMul_maxdsp' <Latency = 3> <II = 1> <Delay = 5.00> <FuncUnit> <Opcode : 'fmul'> <InPorts = 2> <OutPorts = 1>
ST_10 : Operation 632 [1/1] (1.47ns)   --->   "%tmp_84_i = sparsemux i32 @_ssdm_op_SparseMux.ap_auto.8float.float.i3, i3 0, i32 %w1_local_5_load, i3 1, i32 %cnn_accel_w1_local_207, i3 2, i32 %p_ZZ9cnn_accelE8w1_local_59_load, i3 3, i32 %p_ZZ9cnn_accelE8w1_local_86_load, i3 4, i32 %p_ZZ9cnn_accelE8w1_local_113_load, i3 5, i32 %p_ZZ9cnn_accelE8w1_local_140_load, i3 6, i32 %p_ZZ9cnn_accelE8w1_local_167_load, i3 7, i32 %p_ZZ9cnn_accelE8w1_local_194_load, i32 <undef>, i3 %trunc_ln215" [../hls_files/conv_pool.cpp:223]   --->   Operation 632 'sparsemux' 'tmp_84_i' <Predicate = (!icmp_ln213)> <Delay = 1.47> <CoreInst = "BinarySparseMux_DontCare">   --->   Core 137 'BinarySparseMux_DontCare' <Latency = 0> <II = 1> <Delay = 1.47> <FuncUnit> <Opcode : 'sparsemux'> <InPorts = 2> <OutPorts = 1>
ST_10 : Operation 633 [4/4] (5.00ns)   --->   "%mul35_1_2_i = fmul i32 %local_img_load_10, i32 %tmp_84_i" [../hls_files/conv_pool.cpp:223]   --->   Operation 633 'fmul' 'mul35_1_2_i' <Predicate = (!icmp_ln213)> <Delay = 5.00> <CoreInst = "FMul_maxdsp">   --->   Core 30 'FMul_maxdsp' <Latency = 3> <II = 1> <Delay = 5.00> <FuncUnit> <Opcode : 'fmul'> <InPorts = 2> <OutPorts = 1>
ST_10 : Operation 634 [1/1] (1.47ns)   --->   "%tmp_85_i = sparsemux i32 @_ssdm_op_SparseMux.ap_auto.8float.float.i3, i3 0, i32 %cnn_accel_w1_local_208, i3 1, i32 %cnn_accel_w1_local_209, i3 2, i32 %p_ZZ9cnn_accelE8w1_local_68_load, i3 3, i32 %cnn_accel_w1_local_210, i3 4, i32 %p_ZZ9cnn_accelE8w1_local_122_load, i3 5, i32 %p_ZZ9cnn_accelE8w1_local_149_load, i3 6, i32 %p_ZZ9cnn_accelE8w1_local_176_load, i3 7, i32 %p_ZZ9cnn_accelE8w1_local_203_load, i32 <undef>, i3 %trunc_ln215" [../hls_files/conv_pool.cpp:223]   --->   Operation 634 'sparsemux' 'tmp_85_i' <Predicate = (!icmp_ln213)> <Delay = 1.47> <CoreInst = "BinarySparseMux_DontCare">   --->   Core 137 'BinarySparseMux_DontCare' <Latency = 0> <II = 1> <Delay = 1.47> <FuncUnit> <Opcode : 'sparsemux'> <InPorts = 2> <OutPorts = 1>
ST_10 : Operation 635 [4/4] (5.00ns)   --->   "%mul35_1_2_1_i = fmul i32 %local_img_load_11, i32 %tmp_85_i" [../hls_files/conv_pool.cpp:223]   --->   Operation 635 'fmul' 'mul35_1_2_1_i' <Predicate = (!icmp_ln213)> <Delay = 5.00> <CoreInst = "FMul_maxdsp">   --->   Core 30 'FMul_maxdsp' <Latency = 3> <II = 1> <Delay = 5.00> <FuncUnit> <Opcode : 'fmul'> <InPorts = 2> <OutPorts = 1>
ST_10 : Operation 636 [1/1] (1.47ns)   --->   "%tmp_86_i = sparsemux i32 @_ssdm_op_SparseMux.ap_auto.8float.float.i3, i3 0, i32 %cnn_accel_w1_local_211, i3 1, i32 %p_ZZ9cnn_accelE8w1_local_50_load, i3 2, i32 %p_ZZ9cnn_accelE8w1_local_77_load, i3 3, i32 %p_ZZ9cnn_accelE8w1_local_104_load, i3 4, i32 %p_ZZ9cnn_accelE8w1_local_131_load, i3 5, i32 %p_ZZ9cnn_accelE8w1_local_158_load, i3 6, i32 %p_ZZ9cnn_accelE8w1_local_185_load, i3 7, i32 %p_ZZ9cnn_accelE8w1_local_212_load, i32 <undef>, i3 %trunc_ln215" [../hls_files/conv_pool.cpp:223]   --->   Operation 636 'sparsemux' 'tmp_86_i' <Predicate = (!icmp_ln213)> <Delay = 1.47> <CoreInst = "BinarySparseMux_DontCare">   --->   Core 137 'BinarySparseMux_DontCare' <Latency = 0> <II = 1> <Delay = 1.47> <FuncUnit> <Opcode : 'sparsemux'> <InPorts = 2> <OutPorts = 1>
ST_10 : Operation 637 [4/4] (5.00ns)   --->   "%mul35_1_2_2_i = fmul i32 %local_img_60_load_5, i32 %tmp_86_i" [../hls_files/conv_pool.cpp:223]   --->   Operation 637 'fmul' 'mul35_1_2_2_i' <Predicate = (!icmp_ln213)> <Delay = 5.00> <CoreInst = "FMul_maxdsp">   --->   Core 30 'FMul_maxdsp' <Latency = 3> <II = 1> <Delay = 5.00> <FuncUnit> <Opcode : 'fmul'> <InPorts = 2> <OutPorts = 1>

State 11 <SV = 10> <Delay = 6.51>
ST_11 : Operation 638 [1/1] (0.00ns)   --->   "%local_img_addr_16 = getelementptr i32 %local_img, i64 0, i64 %p_cast217" [../hls_files/conv_pool.cpp:213]   --->   Operation 638 'getelementptr' 'local_img_addr_16' <Predicate = true> <Delay = 0.00>
ST_11 : Operation 639 [1/1] (0.00ns)   --->   "%tmp_72 = bitconcatenate i18 @_ssdm_op_BitConcatenate.i18.i17.i1, i17 %empty_240, i1 1" [../hls_files/conv_pool.cpp:213]   --->   Operation 639 'bitconcatenate' 'tmp_72' <Predicate = true> <Delay = 0.00>
ST_11 : Operation 640 [1/1] (0.00ns)   --->   "%tmp_101_cast = zext i18 %tmp_72" [../hls_files/conv_pool.cpp:213]   --->   Operation 640 'zext' 'tmp_101_cast' <Predicate = true> <Delay = 0.00>
ST_11 : Operation 641 [1/1] (0.00ns)   --->   "%local_img_addr_17 = getelementptr i32 %local_img, i64 0, i64 %tmp_101_cast" [../hls_files/conv_pool.cpp:213]   --->   Operation 641 'getelementptr' 'local_img_addr_17' <Predicate = true> <Delay = 0.00>
ST_11 : Operation 642 [1/2] ( I:2.77ns O:2.77ns )   --->   "%local_img_load_14 = load i18 %local_img_addr_14" [../hls_files/conv_pool.cpp:213]   --->   Operation 642 'load' 'local_img_load_14' <Predicate = true> <Delay = 2.77> <CoreInst = "RAM">   --->   Core 81 'RAM' <Latency = 1> <II = 1> <Delay = 2.77> <Storage> <Opcode : 'load' 'store'> <Ports = 2> <Width = 32> <Depth = 153600> <RAM>
ST_11 : Operation 643 [1/2] ( I:2.77ns O:2.77ns )   --->   "%local_img_load_15 = load i18 %local_img_addr_15" [../hls_files/conv_pool.cpp:213]   --->   Operation 643 'load' 'local_img_load_15' <Predicate = true> <Delay = 2.77> <CoreInst = "RAM">   --->   Core 81 'RAM' <Latency = 1> <II = 1> <Delay = 2.77> <Storage> <Opcode : 'load' 'store'> <Ports = 2> <Width = 32> <Depth = 153600> <RAM>
ST_11 : Operation 644 [2/2] (2.77ns)   --->   "%local_img_load_16 = load i18 %local_img_addr_16" [../hls_files/conv_pool.cpp:213]   --->   Operation 644 'load' 'local_img_load_16' <Predicate = true> <Delay = 2.77> <CoreInst = "RAM">   --->   Core 81 'RAM' <Latency = 1> <II = 1> <Delay = 2.77> <Storage> <Opcode : 'load' 'store'> <Ports = 2> <Width = 32> <Depth = 153600> <RAM>
ST_11 : Operation 645 [2/2] (2.77ns)   --->   "%local_img_load_17 = load i18 %local_img_addr_17" [../hls_files/conv_pool.cpp:213]   --->   Operation 645 'load' 'local_img_load_17' <Predicate = true> <Delay = 2.77> <CoreInst = "RAM">   --->   Core 81 'RAM' <Latency = 1> <II = 1> <Delay = 2.77> <Storage> <Opcode : 'load' 'store'> <Ports = 2> <Width = 32> <Depth = 153600> <RAM>
ST_11 : Operation 646 [3/5] (6.51ns)   --->   "%acc_75 = fadd i32 %acc, i32 %mul_i" [../hls_files/conv_pool.cpp:223]   --->   Operation 646 'fadd' 'acc_75' <Predicate = true> <Delay = 6.51> <CoreInst = "FAddSub_fulldsp">   --->   Core 18 'FAddSub_fulldsp' <Latency = 4> <II = 1> <Delay = 6.51> <FuncUnit> <Opcode : 'fadd' 'fsub'> <InPorts = 2> <OutPorts = 1>
ST_11 : Operation 647 [1/4] (5.00ns)   --->   "%mul35_1_i = fmul i32 %local_img_load_6, i32 %tmp_78_i" [../hls_files/conv_pool.cpp:223]   --->   Operation 647 'fmul' 'mul35_1_i' <Predicate = true> <Delay = 5.00> <CoreInst = "FMul_maxdsp">   --->   Core 30 'FMul_maxdsp' <Latency = 3> <II = 1> <Delay = 5.00> <FuncUnit> <Opcode : 'fmul'> <InPorts = 2> <OutPorts = 1>
ST_11 : Operation 648 [1/4] (5.00ns)   --->   "%mul35_1_i_242 = fmul i32 %local_img_load_7, i32 %tmp_79_i" [../hls_files/conv_pool.cpp:223]   --->   Operation 648 'fmul' 'mul35_1_i_242' <Predicate = true> <Delay = 5.00> <CoreInst = "FMul_maxdsp">   --->   Core 30 'FMul_maxdsp' <Latency = 3> <II = 1> <Delay = 5.00> <FuncUnit> <Opcode : 'fmul'> <InPorts = 2> <OutPorts = 1>
ST_11 : Operation 649 [1/4] (5.00ns)   --->   "%mul35_1_9_i = fmul i32 %local_img_60_load_3, i32 %tmp_80_i" [../hls_files/conv_pool.cpp:223]   --->   Operation 649 'fmul' 'mul35_1_9_i' <Predicate = true> <Delay = 5.00> <CoreInst = "FMul_maxdsp">   --->   Core 30 'FMul_maxdsp' <Latency = 3> <II = 1> <Delay = 5.00> <FuncUnit> <Opcode : 'fmul'> <InPorts = 2> <OutPorts = 1>
ST_11 : Operation 650 [2/4] (5.00ns)   --->   "%mul35_1_1_i = fmul i32 %local_img_load_8, i32 %tmp_81_i" [../hls_files/conv_pool.cpp:223]   --->   Operation 650 'fmul' 'mul35_1_1_i' <Predicate = true> <Delay = 5.00> <CoreInst = "FMul_maxdsp">   --->   Core 30 'FMul_maxdsp' <Latency = 3> <II = 1> <Delay = 5.00> <FuncUnit> <Opcode : 'fmul'> <InPorts = 2> <OutPorts = 1>
ST_11 : Operation 651 [2/4] (5.00ns)   --->   "%mul35_1_1_1_i = fmul i32 %local_img_load_9, i32 %tmp_82_i" [../hls_files/conv_pool.cpp:223]   --->   Operation 651 'fmul' 'mul35_1_1_1_i' <Predicate = true> <Delay = 5.00> <CoreInst = "FMul_maxdsp">   --->   Core 30 'FMul_maxdsp' <Latency = 3> <II = 1> <Delay = 5.00> <FuncUnit> <Opcode : 'fmul'> <InPorts = 2> <OutPorts = 1>
ST_11 : Operation 652 [2/4] (5.00ns)   --->   "%mul35_1_1_2_i = fmul i32 %local_img_60_load_4, i32 %tmp_83_i" [../hls_files/conv_pool.cpp:223]   --->   Operation 652 'fmul' 'mul35_1_1_2_i' <Predicate = true> <Delay = 5.00> <CoreInst = "FMul_maxdsp">   --->   Core 30 'FMul_maxdsp' <Latency = 3> <II = 1> <Delay = 5.00> <FuncUnit> <Opcode : 'fmul'> <InPorts = 2> <OutPorts = 1>
ST_11 : Operation 653 [3/4] (5.00ns)   --->   "%mul35_1_2_i = fmul i32 %local_img_load_10, i32 %tmp_84_i" [../hls_files/conv_pool.cpp:223]   --->   Operation 653 'fmul' 'mul35_1_2_i' <Predicate = true> <Delay = 5.00> <CoreInst = "FMul_maxdsp">   --->   Core 30 'FMul_maxdsp' <Latency = 3> <II = 1> <Delay = 5.00> <FuncUnit> <Opcode : 'fmul'> <InPorts = 2> <OutPorts = 1>
ST_11 : Operation 654 [3/4] (5.00ns)   --->   "%mul35_1_2_1_i = fmul i32 %local_img_load_11, i32 %tmp_85_i" [../hls_files/conv_pool.cpp:223]   --->   Operation 654 'fmul' 'mul35_1_2_1_i' <Predicate = true> <Delay = 5.00> <CoreInst = "FMul_maxdsp">   --->   Core 30 'FMul_maxdsp' <Latency = 3> <II = 1> <Delay = 5.00> <FuncUnit> <Opcode : 'fmul'> <InPorts = 2> <OutPorts = 1>
ST_11 : Operation 655 [3/4] (5.00ns)   --->   "%mul35_1_2_2_i = fmul i32 %local_img_60_load_5, i32 %tmp_86_i" [../hls_files/conv_pool.cpp:223]   --->   Operation 655 'fmul' 'mul35_1_2_2_i' <Predicate = true> <Delay = 5.00> <CoreInst = "FMul_maxdsp">   --->   Core 30 'FMul_maxdsp' <Latency = 3> <II = 1> <Delay = 5.00> <FuncUnit> <Opcode : 'fmul'> <InPorts = 2> <OutPorts = 1>
ST_11 : Operation 656 [1/1] (1.47ns)   --->   "%tmp_87_i = sparsemux i32 @_ssdm_op_SparseMux.ap_auto.8float.float.i3, i3 0, i32 %w1_local_6_load, i3 1, i32 %cnn_accel_w1_local_212, i3 2, i32 %p_ZZ9cnn_accelE8w1_local_60_load, i3 3, i32 %p_ZZ9cnn_accelE8w1_local_87_load, i3 4, i32 %p_ZZ9cnn_accelE8w1_local_114_load, i3 5, i32 %p_ZZ9cnn_accelE8w1_local_141_load, i3 6, i32 %p_ZZ9cnn_accelE8w1_local_168_load, i3 7, i32 %p_ZZ9cnn_accelE8w1_local_195_load, i32 <undef>, i3 %trunc_ln215" [../hls_files/conv_pool.cpp:223]   --->   Operation 656 'sparsemux' 'tmp_87_i' <Predicate = true> <Delay = 1.47> <CoreInst = "BinarySparseMux_DontCare">   --->   Core 137 'BinarySparseMux_DontCare' <Latency = 0> <II = 1> <Delay = 1.47> <FuncUnit> <Opcode : 'sparsemux'> <InPorts = 2> <OutPorts = 1>
ST_11 : Operation 657 [4/4] (5.00ns)   --->   "%mul35_2_i = fmul i32 %local_img_load_12, i32 %tmp_87_i" [../hls_files/conv_pool.cpp:223]   --->   Operation 657 'fmul' 'mul35_2_i' <Predicate = true> <Delay = 5.00> <CoreInst = "FMul_maxdsp">   --->   Core 30 'FMul_maxdsp' <Latency = 3> <II = 1> <Delay = 5.00> <FuncUnit> <Opcode : 'fmul'> <InPorts = 2> <OutPorts = 1>
ST_11 : Operation 658 [1/1] (1.47ns)   --->   "%tmp_88_i = sparsemux i32 @_ssdm_op_SparseMux.ap_auto.8float.float.i3, i3 0, i32 %cnn_accel_w1_local_213, i3 1, i32 %cnn_accel_w1_local_214, i3 2, i32 %p_ZZ9cnn_accelE8w1_local_69_load, i3 3, i32 %p_ZZ9cnn_accelE8w1_local_96_load, i3 4, i32 %p_ZZ9cnn_accelE8w1_local_123_load, i3 5, i32 %p_ZZ9cnn_accelE8w1_local_150_load, i3 6, i32 %p_ZZ9cnn_accelE8w1_local_177_load, i3 7, i32 %p_ZZ9cnn_accelE8w1_local_204_load, i32 <undef>, i3 %trunc_ln215" [../hls_files/conv_pool.cpp:223]   --->   Operation 658 'sparsemux' 'tmp_88_i' <Predicate = true> <Delay = 1.47> <CoreInst = "BinarySparseMux_DontCare">   --->   Core 137 'BinarySparseMux_DontCare' <Latency = 0> <II = 1> <Delay = 1.47> <FuncUnit> <Opcode : 'sparsemux'> <InPorts = 2> <OutPorts = 1>
ST_11 : Operation 659 [4/4] (5.00ns)   --->   "%mul35_2_i_243 = fmul i32 %local_img_load_13, i32 %tmp_88_i" [../hls_files/conv_pool.cpp:223]   --->   Operation 659 'fmul' 'mul35_2_i_243' <Predicate = true> <Delay = 5.00> <CoreInst = "FMul_maxdsp">   --->   Core 30 'FMul_maxdsp' <Latency = 3> <II = 1> <Delay = 5.00> <FuncUnit> <Opcode : 'fmul'> <InPorts = 2> <OutPorts = 1>
ST_11 : Operation 660 [1/1] (1.47ns)   --->   "%tmp_89_i = sparsemux i32 @_ssdm_op_SparseMux.ap_auto.8float.float.i3, i3 0, i32 %cnn_accel_w1_local_215, i3 1, i32 %cnn_accel_w1_local_216, i3 2, i32 %p_ZZ9cnn_accelE8w1_local_78_load, i3 3, i32 %p_ZZ9cnn_accelE8w1_local_105_load, i3 4, i32 %p_ZZ9cnn_accelE8w1_local_132_load, i3 5, i32 %p_ZZ9cnn_accelE8w1_local_159_load, i3 6, i32 %p_ZZ9cnn_accelE8w1_local_186_load, i3 7, i32 %p_ZZ9cnn_accelE8w1_local_213_load, i32 <undef>, i3 %trunc_ln215" [../hls_files/conv_pool.cpp:223]   --->   Operation 660 'sparsemux' 'tmp_89_i' <Predicate = true> <Delay = 1.47> <CoreInst = "BinarySparseMux_DontCare">   --->   Core 137 'BinarySparseMux_DontCare' <Latency = 0> <II = 1> <Delay = 1.47> <FuncUnit> <Opcode : 'sparsemux'> <InPorts = 2> <OutPorts = 1>
ST_11 : Operation 661 [4/4] (5.00ns)   --->   "%mul35_2_9_i = fmul i32 %local_img_60_load_6, i32 %tmp_89_i" [../hls_files/conv_pool.cpp:223]   --->   Operation 661 'fmul' 'mul35_2_9_i' <Predicate = true> <Delay = 5.00> <CoreInst = "FMul_maxdsp">   --->   Core 30 'FMul_maxdsp' <Latency = 3> <II = 1> <Delay = 5.00> <FuncUnit> <Opcode : 'fmul'> <InPorts = 2> <OutPorts = 1>

State 12 <SV = 11> <Delay = 6.51>
ST_12 : Operation 662 [1/2] ( I:2.77ns O:2.77ns )   --->   "%local_img_load_16 = load i18 %local_img_addr_16" [../hls_files/conv_pool.cpp:213]   --->   Operation 662 'load' 'local_img_load_16' <Predicate = true> <Delay = 2.77> <CoreInst = "RAM">   --->   Core 81 'RAM' <Latency = 1> <II = 1> <Delay = 2.77> <Storage> <Opcode : 'load' 'store'> <Ports = 2> <Width = 32> <Depth = 153600> <RAM>
ST_12 : Operation 663 [1/2] ( I:2.77ns O:2.77ns )   --->   "%local_img_load_17 = load i18 %local_img_addr_17" [../hls_files/conv_pool.cpp:213]   --->   Operation 663 'load' 'local_img_load_17' <Predicate = true> <Delay = 2.77> <CoreInst = "RAM">   --->   Core 81 'RAM' <Latency = 1> <II = 1> <Delay = 2.77> <Storage> <Opcode : 'load' 'store'> <Ports = 2> <Width = 32> <Depth = 153600> <RAM>
ST_12 : Operation 664 [2/5] (6.51ns)   --->   "%acc_75 = fadd i32 %acc, i32 %mul_i" [../hls_files/conv_pool.cpp:223]   --->   Operation 664 'fadd' 'acc_75' <Predicate = true> <Delay = 6.51> <CoreInst = "FAddSub_fulldsp">   --->   Core 18 'FAddSub_fulldsp' <Latency = 4> <II = 1> <Delay = 6.51> <FuncUnit> <Opcode : 'fadd' 'fsub'> <InPorts = 2> <OutPorts = 1>
ST_12 : Operation 665 [1/4] (5.00ns)   --->   "%mul35_1_1_i = fmul i32 %local_img_load_8, i32 %tmp_81_i" [../hls_files/conv_pool.cpp:223]   --->   Operation 665 'fmul' 'mul35_1_1_i' <Predicate = true> <Delay = 5.00> <CoreInst = "FMul_maxdsp">   --->   Core 30 'FMul_maxdsp' <Latency = 3> <II = 1> <Delay = 5.00> <FuncUnit> <Opcode : 'fmul'> <InPorts = 2> <OutPorts = 1>
ST_12 : Operation 666 [1/4] (5.00ns)   --->   "%mul35_1_1_1_i = fmul i32 %local_img_load_9, i32 %tmp_82_i" [../hls_files/conv_pool.cpp:223]   --->   Operation 666 'fmul' 'mul35_1_1_1_i' <Predicate = true> <Delay = 5.00> <CoreInst = "FMul_maxdsp">   --->   Core 30 'FMul_maxdsp' <Latency = 3> <II = 1> <Delay = 5.00> <FuncUnit> <Opcode : 'fmul'> <InPorts = 2> <OutPorts = 1>
ST_12 : Operation 667 [1/4] (5.00ns)   --->   "%mul35_1_1_2_i = fmul i32 %local_img_60_load_4, i32 %tmp_83_i" [../hls_files/conv_pool.cpp:223]   --->   Operation 667 'fmul' 'mul35_1_1_2_i' <Predicate = true> <Delay = 5.00> <CoreInst = "FMul_maxdsp">   --->   Core 30 'FMul_maxdsp' <Latency = 3> <II = 1> <Delay = 5.00> <FuncUnit> <Opcode : 'fmul'> <InPorts = 2> <OutPorts = 1>
ST_12 : Operation 668 [2/4] (5.00ns)   --->   "%mul35_1_2_i = fmul i32 %local_img_load_10, i32 %tmp_84_i" [../hls_files/conv_pool.cpp:223]   --->   Operation 668 'fmul' 'mul35_1_2_i' <Predicate = true> <Delay = 5.00> <CoreInst = "FMul_maxdsp">   --->   Core 30 'FMul_maxdsp' <Latency = 3> <II = 1> <Delay = 5.00> <FuncUnit> <Opcode : 'fmul'> <InPorts = 2> <OutPorts = 1>
ST_12 : Operation 669 [2/4] (5.00ns)   --->   "%mul35_1_2_1_i = fmul i32 %local_img_load_11, i32 %tmp_85_i" [../hls_files/conv_pool.cpp:223]   --->   Operation 669 'fmul' 'mul35_1_2_1_i' <Predicate = true> <Delay = 5.00> <CoreInst = "FMul_maxdsp">   --->   Core 30 'FMul_maxdsp' <Latency = 3> <II = 1> <Delay = 5.00> <FuncUnit> <Opcode : 'fmul'> <InPorts = 2> <OutPorts = 1>
ST_12 : Operation 670 [2/4] (5.00ns)   --->   "%mul35_1_2_2_i = fmul i32 %local_img_60_load_5, i32 %tmp_86_i" [../hls_files/conv_pool.cpp:223]   --->   Operation 670 'fmul' 'mul35_1_2_2_i' <Predicate = true> <Delay = 5.00> <CoreInst = "FMul_maxdsp">   --->   Core 30 'FMul_maxdsp' <Latency = 3> <II = 1> <Delay = 5.00> <FuncUnit> <Opcode : 'fmul'> <InPorts = 2> <OutPorts = 1>
ST_12 : Operation 671 [3/4] (5.00ns)   --->   "%mul35_2_i = fmul i32 %local_img_load_12, i32 %tmp_87_i" [../hls_files/conv_pool.cpp:223]   --->   Operation 671 'fmul' 'mul35_2_i' <Predicate = true> <Delay = 5.00> <CoreInst = "FMul_maxdsp">   --->   Core 30 'FMul_maxdsp' <Latency = 3> <II = 1> <Delay = 5.00> <FuncUnit> <Opcode : 'fmul'> <InPorts = 2> <OutPorts = 1>
ST_12 : Operation 672 [3/4] (5.00ns)   --->   "%mul35_2_i_243 = fmul i32 %local_img_load_13, i32 %tmp_88_i" [../hls_files/conv_pool.cpp:223]   --->   Operation 672 'fmul' 'mul35_2_i_243' <Predicate = true> <Delay = 5.00> <CoreInst = "FMul_maxdsp">   --->   Core 30 'FMul_maxdsp' <Latency = 3> <II = 1> <Delay = 5.00> <FuncUnit> <Opcode : 'fmul'> <InPorts = 2> <OutPorts = 1>
ST_12 : Operation 673 [3/4] (5.00ns)   --->   "%mul35_2_9_i = fmul i32 %local_img_60_load_6, i32 %tmp_89_i" [../hls_files/conv_pool.cpp:223]   --->   Operation 673 'fmul' 'mul35_2_9_i' <Predicate = true> <Delay = 5.00> <CoreInst = "FMul_maxdsp">   --->   Core 30 'FMul_maxdsp' <Latency = 3> <II = 1> <Delay = 5.00> <FuncUnit> <Opcode : 'fmul'> <InPorts = 2> <OutPorts = 1>
ST_12 : Operation 674 [1/1] (1.47ns)   --->   "%tmp_90_i = sparsemux i32 @_ssdm_op_SparseMux.ap_auto.8float.float.i3, i3 0, i32 %w1_local_7_load, i3 1, i32 %cnn_accel_w1_local_217, i3 2, i32 %cnn_accel_w1_local_218, i3 3, i32 %p_ZZ9cnn_accelE8w1_local_88_load, i3 4, i32 %p_ZZ9cnn_accelE8w1_local_115_load, i3 5, i32 %p_ZZ9cnn_accelE8w1_local_142_load, i3 6, i32 %p_ZZ9cnn_accelE8w1_local_169_load, i3 7, i32 %p_ZZ9cnn_accelE8w1_local_196_load, i32 <undef>, i3 %trunc_ln215" [../hls_files/conv_pool.cpp:223]   --->   Operation 674 'sparsemux' 'tmp_90_i' <Predicate = true> <Delay = 1.47> <CoreInst = "BinarySparseMux_DontCare">   --->   Core 137 'BinarySparseMux_DontCare' <Latency = 0> <II = 1> <Delay = 1.47> <FuncUnit> <Opcode : 'sparsemux'> <InPorts = 2> <OutPorts = 1>
ST_12 : Operation 675 [4/4] (5.00ns)   --->   "%mul35_2_1_i = fmul i32 %local_img_load_14, i32 %tmp_90_i" [../hls_files/conv_pool.cpp:223]   --->   Operation 675 'fmul' 'mul35_2_1_i' <Predicate = true> <Delay = 5.00> <CoreInst = "FMul_maxdsp">   --->   Core 30 'FMul_maxdsp' <Latency = 3> <II = 1> <Delay = 5.00> <FuncUnit> <Opcode : 'fmul'> <InPorts = 2> <OutPorts = 1>
ST_12 : Operation 676 [1/1] (1.47ns)   --->   "%tmp_91_i = sparsemux i32 @_ssdm_op_SparseMux.ap_auto.8float.float.i3, i3 0, i32 %p_ZZ9cnn_accelE8w1_local_16_load, i3 1, i32 %cnn_accel_w1_local_219, i3 2, i32 %p_ZZ9cnn_accelE8w1_local_70_load, i3 3, i32 %p_ZZ9cnn_accelE8w1_local_97_load, i3 4, i32 %p_ZZ9cnn_accelE8w1_local_124_load, i3 5, i32 %p_ZZ9cnn_accelE8w1_local_151_load, i3 6, i32 %p_ZZ9cnn_accelE8w1_local_178_load, i3 7, i32 %p_ZZ9cnn_accelE8w1_local_205_load, i32 <undef>, i3 %trunc_ln215" [../hls_files/conv_pool.cpp:223]   --->   Operation 676 'sparsemux' 'tmp_91_i' <Predicate = true> <Delay = 1.47> <CoreInst = "BinarySparseMux_DontCare">   --->   Core 137 'BinarySparseMux_DontCare' <Latency = 0> <II = 1> <Delay = 1.47> <FuncUnit> <Opcode : 'sparsemux'> <InPorts = 2> <OutPorts = 1>
ST_12 : Operation 677 [4/4] (5.00ns)   --->   "%mul35_2_1_1_i = fmul i32 %local_img_load_15, i32 %tmp_91_i" [../hls_files/conv_pool.cpp:223]   --->   Operation 677 'fmul' 'mul35_2_1_1_i' <Predicate = true> <Delay = 5.00> <CoreInst = "FMul_maxdsp">   --->   Core 30 'FMul_maxdsp' <Latency = 3> <II = 1> <Delay = 5.00> <FuncUnit> <Opcode : 'fmul'> <InPorts = 2> <OutPorts = 1>
ST_12 : Operation 678 [1/1] (1.47ns)   --->   "%tmp_92_i = sparsemux i32 @_ssdm_op_SparseMux.ap_auto.8float.float.i3, i3 0, i32 %cnn_accel_w1_local_220, i3 1, i32 %cnn_accel_w1_local_221, i3 2, i32 %p_ZZ9cnn_accelE8w1_local_79_load, i3 3, i32 %p_ZZ9cnn_accelE8w1_local_106_load, i3 4, i32 %p_ZZ9cnn_accelE8w1_local_133_load, i3 5, i32 %p_ZZ9cnn_accelE8w1_local_160_load, i3 6, i32 %p_ZZ9cnn_accelE8w1_local_187_load, i3 7, i32 %p_ZZ9cnn_accelE8w1_local_214_load, i32 <undef>, i3 %trunc_ln215" [../hls_files/conv_pool.cpp:223]   --->   Operation 678 'sparsemux' 'tmp_92_i' <Predicate = true> <Delay = 1.47> <CoreInst = "BinarySparseMux_DontCare">   --->   Core 137 'BinarySparseMux_DontCare' <Latency = 0> <II = 1> <Delay = 1.47> <FuncUnit> <Opcode : 'sparsemux'> <InPorts = 2> <OutPorts = 1>
ST_12 : Operation 679 [4/4] (5.00ns)   --->   "%mul35_2_1_2_i = fmul i32 %local_img_60_load_7, i32 %tmp_92_i" [../hls_files/conv_pool.cpp:223]   --->   Operation 679 'fmul' 'mul35_2_1_2_i' <Predicate = true> <Delay = 5.00> <CoreInst = "FMul_maxdsp">   --->   Core 30 'FMul_maxdsp' <Latency = 3> <II = 1> <Delay = 5.00> <FuncUnit> <Opcode : 'fmul'> <InPorts = 2> <OutPorts = 1>

State 13 <SV = 12> <Delay = 6.51>
ST_13 : Operation 680 [1/5] (6.51ns)   --->   "%acc_75 = fadd i32 %acc, i32 %mul_i" [../hls_files/conv_pool.cpp:223]   --->   Operation 680 'fadd' 'acc_75' <Predicate = true> <Delay = 6.51> <CoreInst = "FAddSub_fulldsp">   --->   Core 18 'FAddSub_fulldsp' <Latency = 4> <II = 1> <Delay = 6.51> <FuncUnit> <Opcode : 'fadd' 'fsub'> <InPorts = 2> <OutPorts = 1>
ST_13 : Operation 681 [1/4] (5.00ns)   --->   "%mul35_1_2_i = fmul i32 %local_img_load_10, i32 %tmp_84_i" [../hls_files/conv_pool.cpp:223]   --->   Operation 681 'fmul' 'mul35_1_2_i' <Predicate = true> <Delay = 5.00> <CoreInst = "FMul_maxdsp">   --->   Core 30 'FMul_maxdsp' <Latency = 3> <II = 1> <Delay = 5.00> <FuncUnit> <Opcode : 'fmul'> <InPorts = 2> <OutPorts = 1>
ST_13 : Operation 682 [1/4] (5.00ns)   --->   "%mul35_1_2_1_i = fmul i32 %local_img_load_11, i32 %tmp_85_i" [../hls_files/conv_pool.cpp:223]   --->   Operation 682 'fmul' 'mul35_1_2_1_i' <Predicate = true> <Delay = 5.00> <CoreInst = "FMul_maxdsp">   --->   Core 30 'FMul_maxdsp' <Latency = 3> <II = 1> <Delay = 5.00> <FuncUnit> <Opcode : 'fmul'> <InPorts = 2> <OutPorts = 1>
ST_13 : Operation 683 [1/4] (5.00ns)   --->   "%mul35_1_2_2_i = fmul i32 %local_img_60_load_5, i32 %tmp_86_i" [../hls_files/conv_pool.cpp:223]   --->   Operation 683 'fmul' 'mul35_1_2_2_i' <Predicate = true> <Delay = 5.00> <CoreInst = "FMul_maxdsp">   --->   Core 30 'FMul_maxdsp' <Latency = 3> <II = 1> <Delay = 5.00> <FuncUnit> <Opcode : 'fmul'> <InPorts = 2> <OutPorts = 1>
ST_13 : Operation 684 [2/4] (5.00ns)   --->   "%mul35_2_i = fmul i32 %local_img_load_12, i32 %tmp_87_i" [../hls_files/conv_pool.cpp:223]   --->   Operation 684 'fmul' 'mul35_2_i' <Predicate = true> <Delay = 5.00> <CoreInst = "FMul_maxdsp">   --->   Core 30 'FMul_maxdsp' <Latency = 3> <II = 1> <Delay = 5.00> <FuncUnit> <Opcode : 'fmul'> <InPorts = 2> <OutPorts = 1>
ST_13 : Operation 685 [2/4] (5.00ns)   --->   "%mul35_2_i_243 = fmul i32 %local_img_load_13, i32 %tmp_88_i" [../hls_files/conv_pool.cpp:223]   --->   Operation 685 'fmul' 'mul35_2_i_243' <Predicate = true> <Delay = 5.00> <CoreInst = "FMul_maxdsp">   --->   Core 30 'FMul_maxdsp' <Latency = 3> <II = 1> <Delay = 5.00> <FuncUnit> <Opcode : 'fmul'> <InPorts = 2> <OutPorts = 1>
ST_13 : Operation 686 [2/4] (5.00ns)   --->   "%mul35_2_9_i = fmul i32 %local_img_60_load_6, i32 %tmp_89_i" [../hls_files/conv_pool.cpp:223]   --->   Operation 686 'fmul' 'mul35_2_9_i' <Predicate = true> <Delay = 5.00> <CoreInst = "FMul_maxdsp">   --->   Core 30 'FMul_maxdsp' <Latency = 3> <II = 1> <Delay = 5.00> <FuncUnit> <Opcode : 'fmul'> <InPorts = 2> <OutPorts = 1>
ST_13 : Operation 687 [3/4] (5.00ns)   --->   "%mul35_2_1_i = fmul i32 %local_img_load_14, i32 %tmp_90_i" [../hls_files/conv_pool.cpp:223]   --->   Operation 687 'fmul' 'mul35_2_1_i' <Predicate = true> <Delay = 5.00> <CoreInst = "FMul_maxdsp">   --->   Core 30 'FMul_maxdsp' <Latency = 3> <II = 1> <Delay = 5.00> <FuncUnit> <Opcode : 'fmul'> <InPorts = 2> <OutPorts = 1>
ST_13 : Operation 688 [3/4] (5.00ns)   --->   "%mul35_2_1_1_i = fmul i32 %local_img_load_15, i32 %tmp_91_i" [../hls_files/conv_pool.cpp:223]   --->   Operation 688 'fmul' 'mul35_2_1_1_i' <Predicate = true> <Delay = 5.00> <CoreInst = "FMul_maxdsp">   --->   Core 30 'FMul_maxdsp' <Latency = 3> <II = 1> <Delay = 5.00> <FuncUnit> <Opcode : 'fmul'> <InPorts = 2> <OutPorts = 1>
ST_13 : Operation 689 [3/4] (5.00ns)   --->   "%mul35_2_1_2_i = fmul i32 %local_img_60_load_7, i32 %tmp_92_i" [../hls_files/conv_pool.cpp:223]   --->   Operation 689 'fmul' 'mul35_2_1_2_i' <Predicate = true> <Delay = 5.00> <CoreInst = "FMul_maxdsp">   --->   Core 30 'FMul_maxdsp' <Latency = 3> <II = 1> <Delay = 5.00> <FuncUnit> <Opcode : 'fmul'> <InPorts = 2> <OutPorts = 1>
ST_13 : Operation 690 [1/1] (1.47ns)   --->   "%tmp_93_i = sparsemux i32 @_ssdm_op_SparseMux.ap_auto.8float.float.i3, i3 0, i32 %w1_local_8_load, i3 1, i32 %cnn_accel_w1_local_222, i3 2, i32 %cnn_accel_w1_local_223, i3 3, i32 %p_ZZ9cnn_accelE8w1_local_89_load, i3 4, i32 %p_ZZ9cnn_accelE8w1_local_116_load, i3 5, i32 %p_ZZ9cnn_accelE8w1_local_143_load, i3 6, i32 %p_ZZ9cnn_accelE8w1_local_170_load, i3 7, i32 %p_ZZ9cnn_accelE8w1_local_197_load, i32 <undef>, i3 %trunc_ln215" [../hls_files/conv_pool.cpp:223]   --->   Operation 690 'sparsemux' 'tmp_93_i' <Predicate = true> <Delay = 1.47> <CoreInst = "BinarySparseMux_DontCare">   --->   Core 137 'BinarySparseMux_DontCare' <Latency = 0> <II = 1> <Delay = 1.47> <FuncUnit> <Opcode : 'sparsemux'> <InPorts = 2> <OutPorts = 1>
ST_13 : Operation 691 [4/4] (5.00ns)   --->   "%mul35_2_2_i = fmul i32 %local_img_load_16, i32 %tmp_93_i" [../hls_files/conv_pool.cpp:223]   --->   Operation 691 'fmul' 'mul35_2_2_i' <Predicate = true> <Delay = 5.00> <CoreInst = "FMul_maxdsp">   --->   Core 30 'FMul_maxdsp' <Latency = 3> <II = 1> <Delay = 5.00> <FuncUnit> <Opcode : 'fmul'> <InPorts = 2> <OutPorts = 1>
ST_13 : Operation 692 [1/1] (1.47ns)   --->   "%tmp_94_i = sparsemux i32 @_ssdm_op_SparseMux.ap_auto.8float.float.i3, i3 0, i32 %p_ZZ9cnn_accelE8w1_local_17_load, i3 1, i32 %cnn_accel_w1_local_224, i3 2, i32 %cnn_accel_w1_local_225, i3 3, i32 %p_ZZ9cnn_accelE8w1_local_98_load, i3 4, i32 %p_ZZ9cnn_accelE8w1_local_125_load, i3 5, i32 %p_ZZ9cnn_accelE8w1_local_152_load, i3 6, i32 %p_ZZ9cnn_accelE8w1_local_179_load, i3 7, i32 %p_ZZ9cnn_accelE8w1_local_206_load, i32 <undef>, i3 %trunc_ln215" [../hls_files/conv_pool.cpp:223]   --->   Operation 692 'sparsemux' 'tmp_94_i' <Predicate = true> <Delay = 1.47> <CoreInst = "BinarySparseMux_DontCare">   --->   Core 137 'BinarySparseMux_DontCare' <Latency = 0> <II = 1> <Delay = 1.47> <FuncUnit> <Opcode : 'sparsemux'> <InPorts = 2> <OutPorts = 1>
ST_13 : Operation 693 [4/4] (5.00ns)   --->   "%mul35_2_2_1_i = fmul i32 %local_img_load_17, i32 %tmp_94_i" [../hls_files/conv_pool.cpp:223]   --->   Operation 693 'fmul' 'mul35_2_2_1_i' <Predicate = true> <Delay = 5.00> <CoreInst = "FMul_maxdsp">   --->   Core 30 'FMul_maxdsp' <Latency = 3> <II = 1> <Delay = 5.00> <FuncUnit> <Opcode : 'fmul'> <InPorts = 2> <OutPorts = 1>
ST_13 : Operation 694 [1/1] (1.47ns)   --->   "%tmp_95_i = sparsemux i32 @_ssdm_op_SparseMux.ap_auto.8float.float.i3, i3 0, i32 %p_ZZ9cnn_accelE8w1_local_26_load, i3 1, i32 %cnn_accel_w1_local_226, i3 2, i32 %p_ZZ9cnn_accelE8w1_local_80_load, i3 3, i32 %p_ZZ9cnn_accelE8w1_local_107_load, i3 4, i32 %p_ZZ9cnn_accelE8w1_local_134_load, i3 5, i32 %p_ZZ9cnn_accelE8w1_local_161_load, i3 6, i32 %p_ZZ9cnn_accelE8w1_local_188_load, i3 7, i32 %p_ZZ9cnn_accelE8w1_local_215_load, i32 <undef>, i3 %trunc_ln215" [../hls_files/conv_pool.cpp:223]   --->   Operation 694 'sparsemux' 'tmp_95_i' <Predicate = true> <Delay = 1.47> <CoreInst = "BinarySparseMux_DontCare">   --->   Core 137 'BinarySparseMux_DontCare' <Latency = 0> <II = 1> <Delay = 1.47> <FuncUnit> <Opcode : 'sparsemux'> <InPorts = 2> <OutPorts = 1>
ST_13 : Operation 695 [4/4] (5.00ns)   --->   "%mul35_2_2_2_i = fmul i32 %local_img_60_load_8, i32 %tmp_95_i" [../hls_files/conv_pool.cpp:223]   --->   Operation 695 'fmul' 'mul35_2_2_2_i' <Predicate = true> <Delay = 5.00> <CoreInst = "FMul_maxdsp">   --->   Core 30 'FMul_maxdsp' <Latency = 3> <II = 1> <Delay = 5.00> <FuncUnit> <Opcode : 'fmul'> <InPorts = 2> <OutPorts = 1>

State 14 <SV = 13> <Delay = 6.51>
ST_14 : Operation 696 [5/5] (6.51ns)   --->   "%acc_76 = fadd i32 %acc_75, i32 %mul35_i" [../hls_files/conv_pool.cpp:223]   --->   Operation 696 'fadd' 'acc_76' <Predicate = true> <Delay = 6.51> <CoreInst = "FAddSub_fulldsp">   --->   Core 18 'FAddSub_fulldsp' <Latency = 4> <II = 1> <Delay = 6.51> <FuncUnit> <Opcode : 'fadd' 'fsub'> <InPorts = 2> <OutPorts = 1>
ST_14 : Operation 697 [1/4] (5.00ns)   --->   "%mul35_2_i = fmul i32 %local_img_load_12, i32 %tmp_87_i" [../hls_files/conv_pool.cpp:223]   --->   Operation 697 'fmul' 'mul35_2_i' <Predicate = true> <Delay = 5.00> <CoreInst = "FMul_maxdsp">   --->   Core 30 'FMul_maxdsp' <Latency = 3> <II = 1> <Delay = 5.00> <FuncUnit> <Opcode : 'fmul'> <InPorts = 2> <OutPorts = 1>
ST_14 : Operation 698 [1/4] (5.00ns)   --->   "%mul35_2_i_243 = fmul i32 %local_img_load_13, i32 %tmp_88_i" [../hls_files/conv_pool.cpp:223]   --->   Operation 698 'fmul' 'mul35_2_i_243' <Predicate = true> <Delay = 5.00> <CoreInst = "FMul_maxdsp">   --->   Core 30 'FMul_maxdsp' <Latency = 3> <II = 1> <Delay = 5.00> <FuncUnit> <Opcode : 'fmul'> <InPorts = 2> <OutPorts = 1>
ST_14 : Operation 699 [1/4] (5.00ns)   --->   "%mul35_2_9_i = fmul i32 %local_img_60_load_6, i32 %tmp_89_i" [../hls_files/conv_pool.cpp:223]   --->   Operation 699 'fmul' 'mul35_2_9_i' <Predicate = true> <Delay = 5.00> <CoreInst = "FMul_maxdsp">   --->   Core 30 'FMul_maxdsp' <Latency = 3> <II = 1> <Delay = 5.00> <FuncUnit> <Opcode : 'fmul'> <InPorts = 2> <OutPorts = 1>
ST_14 : Operation 700 [2/4] (5.00ns)   --->   "%mul35_2_1_i = fmul i32 %local_img_load_14, i32 %tmp_90_i" [../hls_files/conv_pool.cpp:223]   --->   Operation 700 'fmul' 'mul35_2_1_i' <Predicate = true> <Delay = 5.00> <CoreInst = "FMul_maxdsp">   --->   Core 30 'FMul_maxdsp' <Latency = 3> <II = 1> <Delay = 5.00> <FuncUnit> <Opcode : 'fmul'> <InPorts = 2> <OutPorts = 1>
ST_14 : Operation 701 [2/4] (5.00ns)   --->   "%mul35_2_1_1_i = fmul i32 %local_img_load_15, i32 %tmp_91_i" [../hls_files/conv_pool.cpp:223]   --->   Operation 701 'fmul' 'mul35_2_1_1_i' <Predicate = true> <Delay = 5.00> <CoreInst = "FMul_maxdsp">   --->   Core 30 'FMul_maxdsp' <Latency = 3> <II = 1> <Delay = 5.00> <FuncUnit> <Opcode : 'fmul'> <InPorts = 2> <OutPorts = 1>
ST_14 : Operation 702 [2/4] (5.00ns)   --->   "%mul35_2_1_2_i = fmul i32 %local_img_60_load_7, i32 %tmp_92_i" [../hls_files/conv_pool.cpp:223]   --->   Operation 702 'fmul' 'mul35_2_1_2_i' <Predicate = true> <Delay = 5.00> <CoreInst = "FMul_maxdsp">   --->   Core 30 'FMul_maxdsp' <Latency = 3> <II = 1> <Delay = 5.00> <FuncUnit> <Opcode : 'fmul'> <InPorts = 2> <OutPorts = 1>
ST_14 : Operation 703 [3/4] (5.00ns)   --->   "%mul35_2_2_i = fmul i32 %local_img_load_16, i32 %tmp_93_i" [../hls_files/conv_pool.cpp:223]   --->   Operation 703 'fmul' 'mul35_2_2_i' <Predicate = true> <Delay = 5.00> <CoreInst = "FMul_maxdsp">   --->   Core 30 'FMul_maxdsp' <Latency = 3> <II = 1> <Delay = 5.00> <FuncUnit> <Opcode : 'fmul'> <InPorts = 2> <OutPorts = 1>
ST_14 : Operation 704 [3/4] (5.00ns)   --->   "%mul35_2_2_1_i = fmul i32 %local_img_load_17, i32 %tmp_94_i" [../hls_files/conv_pool.cpp:223]   --->   Operation 704 'fmul' 'mul35_2_2_1_i' <Predicate = true> <Delay = 5.00> <CoreInst = "FMul_maxdsp">   --->   Core 30 'FMul_maxdsp' <Latency = 3> <II = 1> <Delay = 5.00> <FuncUnit> <Opcode : 'fmul'> <InPorts = 2> <OutPorts = 1>
ST_14 : Operation 705 [3/4] (5.00ns)   --->   "%mul35_2_2_2_i = fmul i32 %local_img_60_load_8, i32 %tmp_95_i" [../hls_files/conv_pool.cpp:223]   --->   Operation 705 'fmul' 'mul35_2_2_2_i' <Predicate = true> <Delay = 5.00> <CoreInst = "FMul_maxdsp">   --->   Core 30 'FMul_maxdsp' <Latency = 3> <II = 1> <Delay = 5.00> <FuncUnit> <Opcode : 'fmul'> <InPorts = 2> <OutPorts = 1>

State 15 <SV = 14> <Delay = 6.51>
ST_15 : Operation 706 [4/5] (6.51ns)   --->   "%acc_76 = fadd i32 %acc_75, i32 %mul35_i" [../hls_files/conv_pool.cpp:223]   --->   Operation 706 'fadd' 'acc_76' <Predicate = true> <Delay = 6.51> <CoreInst = "FAddSub_fulldsp">   --->   Core 18 'FAddSub_fulldsp' <Latency = 4> <II = 1> <Delay = 6.51> <FuncUnit> <Opcode : 'fadd' 'fsub'> <InPorts = 2> <OutPorts = 1>
ST_15 : Operation 707 [1/4] (5.00ns)   --->   "%mul35_2_1_i = fmul i32 %local_img_load_14, i32 %tmp_90_i" [../hls_files/conv_pool.cpp:223]   --->   Operation 707 'fmul' 'mul35_2_1_i' <Predicate = true> <Delay = 5.00> <CoreInst = "FMul_maxdsp">   --->   Core 30 'FMul_maxdsp' <Latency = 3> <II = 1> <Delay = 5.00> <FuncUnit> <Opcode : 'fmul'> <InPorts = 2> <OutPorts = 1>
ST_15 : Operation 708 [1/4] (5.00ns)   --->   "%mul35_2_1_1_i = fmul i32 %local_img_load_15, i32 %tmp_91_i" [../hls_files/conv_pool.cpp:223]   --->   Operation 708 'fmul' 'mul35_2_1_1_i' <Predicate = true> <Delay = 5.00> <CoreInst = "FMul_maxdsp">   --->   Core 30 'FMul_maxdsp' <Latency = 3> <II = 1> <Delay = 5.00> <FuncUnit> <Opcode : 'fmul'> <InPorts = 2> <OutPorts = 1>
ST_15 : Operation 709 [1/4] (5.00ns)   --->   "%mul35_2_1_2_i = fmul i32 %local_img_60_load_7, i32 %tmp_92_i" [../hls_files/conv_pool.cpp:223]   --->   Operation 709 'fmul' 'mul35_2_1_2_i' <Predicate = true> <Delay = 5.00> <CoreInst = "FMul_maxdsp">   --->   Core 30 'FMul_maxdsp' <Latency = 3> <II = 1> <Delay = 5.00> <FuncUnit> <Opcode : 'fmul'> <InPorts = 2> <OutPorts = 1>
ST_15 : Operation 710 [2/4] (5.00ns)   --->   "%mul35_2_2_i = fmul i32 %local_img_load_16, i32 %tmp_93_i" [../hls_files/conv_pool.cpp:223]   --->   Operation 710 'fmul' 'mul35_2_2_i' <Predicate = true> <Delay = 5.00> <CoreInst = "FMul_maxdsp">   --->   Core 30 'FMul_maxdsp' <Latency = 3> <II = 1> <Delay = 5.00> <FuncUnit> <Opcode : 'fmul'> <InPorts = 2> <OutPorts = 1>
ST_15 : Operation 711 [2/4] (5.00ns)   --->   "%mul35_2_2_1_i = fmul i32 %local_img_load_17, i32 %tmp_94_i" [../hls_files/conv_pool.cpp:223]   --->   Operation 711 'fmul' 'mul35_2_2_1_i' <Predicate = true> <Delay = 5.00> <CoreInst = "FMul_maxdsp">   --->   Core 30 'FMul_maxdsp' <Latency = 3> <II = 1> <Delay = 5.00> <FuncUnit> <Opcode : 'fmul'> <InPorts = 2> <OutPorts = 1>
ST_15 : Operation 712 [2/4] (5.00ns)   --->   "%mul35_2_2_2_i = fmul i32 %local_img_60_load_8, i32 %tmp_95_i" [../hls_files/conv_pool.cpp:223]   --->   Operation 712 'fmul' 'mul35_2_2_2_i' <Predicate = true> <Delay = 5.00> <CoreInst = "FMul_maxdsp">   --->   Core 30 'FMul_maxdsp' <Latency = 3> <II = 1> <Delay = 5.00> <FuncUnit> <Opcode : 'fmul'> <InPorts = 2> <OutPorts = 1>

State 16 <SV = 15> <Delay = 6.51>
ST_16 : Operation 713 [3/5] (6.51ns)   --->   "%acc_76 = fadd i32 %acc_75, i32 %mul35_i" [../hls_files/conv_pool.cpp:223]   --->   Operation 713 'fadd' 'acc_76' <Predicate = true> <Delay = 6.51> <CoreInst = "FAddSub_fulldsp">   --->   Core 18 'FAddSub_fulldsp' <Latency = 4> <II = 1> <Delay = 6.51> <FuncUnit> <Opcode : 'fadd' 'fsub'> <InPorts = 2> <OutPorts = 1>
ST_16 : Operation 714 [1/4] (5.00ns)   --->   "%mul35_2_2_i = fmul i32 %local_img_load_16, i32 %tmp_93_i" [../hls_files/conv_pool.cpp:223]   --->   Operation 714 'fmul' 'mul35_2_2_i' <Predicate = true> <Delay = 5.00> <CoreInst = "FMul_maxdsp">   --->   Core 30 'FMul_maxdsp' <Latency = 3> <II = 1> <Delay = 5.00> <FuncUnit> <Opcode : 'fmul'> <InPorts = 2> <OutPorts = 1>
ST_16 : Operation 715 [1/4] (5.00ns)   --->   "%mul35_2_2_1_i = fmul i32 %local_img_load_17, i32 %tmp_94_i" [../hls_files/conv_pool.cpp:223]   --->   Operation 715 'fmul' 'mul35_2_2_1_i' <Predicate = true> <Delay = 5.00> <CoreInst = "FMul_maxdsp">   --->   Core 30 'FMul_maxdsp' <Latency = 3> <II = 1> <Delay = 5.00> <FuncUnit> <Opcode : 'fmul'> <InPorts = 2> <OutPorts = 1>
ST_16 : Operation 716 [1/4] (5.00ns)   --->   "%mul35_2_2_2_i = fmul i32 %local_img_60_load_8, i32 %tmp_95_i" [../hls_files/conv_pool.cpp:223]   --->   Operation 716 'fmul' 'mul35_2_2_2_i' <Predicate = true> <Delay = 5.00> <CoreInst = "FMul_maxdsp">   --->   Core 30 'FMul_maxdsp' <Latency = 3> <II = 1> <Delay = 5.00> <FuncUnit> <Opcode : 'fmul'> <InPorts = 2> <OutPorts = 1>

State 17 <SV = 16> <Delay = 6.51>
ST_17 : Operation 717 [2/5] (6.51ns)   --->   "%acc_76 = fadd i32 %acc_75, i32 %mul35_i" [../hls_files/conv_pool.cpp:223]   --->   Operation 717 'fadd' 'acc_76' <Predicate = true> <Delay = 6.51> <CoreInst = "FAddSub_fulldsp">   --->   Core 18 'FAddSub_fulldsp' <Latency = 4> <II = 1> <Delay = 6.51> <FuncUnit> <Opcode : 'fadd' 'fsub'> <InPorts = 2> <OutPorts = 1>

State 18 <SV = 17> <Delay = 6.51>
ST_18 : Operation 718 [1/5] (6.51ns)   --->   "%acc_76 = fadd i32 %acc_75, i32 %mul35_i" [../hls_files/conv_pool.cpp:223]   --->   Operation 718 'fadd' 'acc_76' <Predicate = true> <Delay = 6.51> <CoreInst = "FAddSub_fulldsp">   --->   Core 18 'FAddSub_fulldsp' <Latency = 4> <II = 1> <Delay = 6.51> <FuncUnit> <Opcode : 'fadd' 'fsub'> <InPorts = 2> <OutPorts = 1>

State 19 <SV = 18> <Delay = 6.51>
ST_19 : Operation 719 [5/5] (6.51ns)   --->   "%acc_77 = fadd i32 %acc_76, i32 %mul35_11_i" [../hls_files/conv_pool.cpp:223]   --->   Operation 719 'fadd' 'acc_77' <Predicate = true> <Delay = 6.51> <CoreInst = "FAddSub_fulldsp">   --->   Core 18 'FAddSub_fulldsp' <Latency = 4> <II = 1> <Delay = 6.51> <FuncUnit> <Opcode : 'fadd' 'fsub'> <InPorts = 2> <OutPorts = 1>

State 20 <SV = 19> <Delay = 6.51>
ST_20 : Operation 720 [4/5] (6.51ns)   --->   "%acc_77 = fadd i32 %acc_76, i32 %mul35_11_i" [../hls_files/conv_pool.cpp:223]   --->   Operation 720 'fadd' 'acc_77' <Predicate = true> <Delay = 6.51> <CoreInst = "FAddSub_fulldsp">   --->   Core 18 'FAddSub_fulldsp' <Latency = 4> <II = 1> <Delay = 6.51> <FuncUnit> <Opcode : 'fadd' 'fsub'> <InPorts = 2> <OutPorts = 1>

State 21 <SV = 20> <Delay = 6.51>
ST_21 : Operation 721 [3/5] (6.51ns)   --->   "%acc_77 = fadd i32 %acc_76, i32 %mul35_11_i" [../hls_files/conv_pool.cpp:223]   --->   Operation 721 'fadd' 'acc_77' <Predicate = true> <Delay = 6.51> <CoreInst = "FAddSub_fulldsp">   --->   Core 18 'FAddSub_fulldsp' <Latency = 4> <II = 1> <Delay = 6.51> <FuncUnit> <Opcode : 'fadd' 'fsub'> <InPorts = 2> <OutPorts = 1>

State 22 <SV = 21> <Delay = 6.51>
ST_22 : Operation 722 [2/5] (6.51ns)   --->   "%acc_77 = fadd i32 %acc_76, i32 %mul35_11_i" [../hls_files/conv_pool.cpp:223]   --->   Operation 722 'fadd' 'acc_77' <Predicate = true> <Delay = 6.51> <CoreInst = "FAddSub_fulldsp">   --->   Core 18 'FAddSub_fulldsp' <Latency = 4> <II = 1> <Delay = 6.51> <FuncUnit> <Opcode : 'fadd' 'fsub'> <InPorts = 2> <OutPorts = 1>

State 23 <SV = 22> <Delay = 6.51>
ST_23 : Operation 723 [1/5] (6.51ns)   --->   "%acc_77 = fadd i32 %acc_76, i32 %mul35_11_i" [../hls_files/conv_pool.cpp:223]   --->   Operation 723 'fadd' 'acc_77' <Predicate = true> <Delay = 6.51> <CoreInst = "FAddSub_fulldsp">   --->   Core 18 'FAddSub_fulldsp' <Latency = 4> <II = 1> <Delay = 6.51> <FuncUnit> <Opcode : 'fadd' 'fsub'> <InPorts = 2> <OutPorts = 1>

State 24 <SV = 23> <Delay = 6.51>
ST_24 : Operation 724 [5/5] (6.51ns)   --->   "%acc_78 = fadd i32 %acc_77, i32 %mul35_12_i" [../hls_files/conv_pool.cpp:223]   --->   Operation 724 'fadd' 'acc_78' <Predicate = true> <Delay = 6.51> <CoreInst = "FAddSub_fulldsp">   --->   Core 18 'FAddSub_fulldsp' <Latency = 4> <II = 1> <Delay = 6.51> <FuncUnit> <Opcode : 'fadd' 'fsub'> <InPorts = 2> <OutPorts = 1>

State 25 <SV = 24> <Delay = 6.51>
ST_25 : Operation 725 [4/5] (6.51ns)   --->   "%acc_78 = fadd i32 %acc_77, i32 %mul35_12_i" [../hls_files/conv_pool.cpp:223]   --->   Operation 725 'fadd' 'acc_78' <Predicate = true> <Delay = 6.51> <CoreInst = "FAddSub_fulldsp">   --->   Core 18 'FAddSub_fulldsp' <Latency = 4> <II = 1> <Delay = 6.51> <FuncUnit> <Opcode : 'fadd' 'fsub'> <InPorts = 2> <OutPorts = 1>

State 26 <SV = 25> <Delay = 6.51>
ST_26 : Operation 726 [3/5] (6.51ns)   --->   "%acc_78 = fadd i32 %acc_77, i32 %mul35_12_i" [../hls_files/conv_pool.cpp:223]   --->   Operation 726 'fadd' 'acc_78' <Predicate = true> <Delay = 6.51> <CoreInst = "FAddSub_fulldsp">   --->   Core 18 'FAddSub_fulldsp' <Latency = 4> <II = 1> <Delay = 6.51> <FuncUnit> <Opcode : 'fadd' 'fsub'> <InPorts = 2> <OutPorts = 1>

State 27 <SV = 26> <Delay = 6.51>
ST_27 : Operation 727 [2/5] (6.51ns)   --->   "%acc_78 = fadd i32 %acc_77, i32 %mul35_12_i" [../hls_files/conv_pool.cpp:223]   --->   Operation 727 'fadd' 'acc_78' <Predicate = true> <Delay = 6.51> <CoreInst = "FAddSub_fulldsp">   --->   Core 18 'FAddSub_fulldsp' <Latency = 4> <II = 1> <Delay = 6.51> <FuncUnit> <Opcode : 'fadd' 'fsub'> <InPorts = 2> <OutPorts = 1>

State 28 <SV = 27> <Delay = 6.51>
ST_28 : Operation 728 [1/5] (6.51ns)   --->   "%acc_78 = fadd i32 %acc_77, i32 %mul35_12_i" [../hls_files/conv_pool.cpp:223]   --->   Operation 728 'fadd' 'acc_78' <Predicate = true> <Delay = 6.51> <CoreInst = "FAddSub_fulldsp">   --->   Core 18 'FAddSub_fulldsp' <Latency = 4> <II = 1> <Delay = 6.51> <FuncUnit> <Opcode : 'fadd' 'fsub'> <InPorts = 2> <OutPorts = 1>

State 29 <SV = 28> <Delay = 6.51>
ST_29 : Operation 729 [5/5] (6.51ns)   --->   "%acc_79 = fadd i32 %acc_78, i32 %mul35_161_1_i" [../hls_files/conv_pool.cpp:223]   --->   Operation 729 'fadd' 'acc_79' <Predicate = true> <Delay = 6.51> <CoreInst = "FAddSub_fulldsp">   --->   Core 18 'FAddSub_fulldsp' <Latency = 4> <II = 1> <Delay = 6.51> <FuncUnit> <Opcode : 'fadd' 'fsub'> <InPorts = 2> <OutPorts = 1>

State 30 <SV = 29> <Delay = 6.51>
ST_30 : Operation 730 [4/5] (6.51ns)   --->   "%acc_79 = fadd i32 %acc_78, i32 %mul35_161_1_i" [../hls_files/conv_pool.cpp:223]   --->   Operation 730 'fadd' 'acc_79' <Predicate = true> <Delay = 6.51> <CoreInst = "FAddSub_fulldsp">   --->   Core 18 'FAddSub_fulldsp' <Latency = 4> <II = 1> <Delay = 6.51> <FuncUnit> <Opcode : 'fadd' 'fsub'> <InPorts = 2> <OutPorts = 1>

State 31 <SV = 30> <Delay = 6.51>
ST_31 : Operation 731 [3/5] (6.51ns)   --->   "%acc_79 = fadd i32 %acc_78, i32 %mul35_161_1_i" [../hls_files/conv_pool.cpp:223]   --->   Operation 731 'fadd' 'acc_79' <Predicate = true> <Delay = 6.51> <CoreInst = "FAddSub_fulldsp">   --->   Core 18 'FAddSub_fulldsp' <Latency = 4> <II = 1> <Delay = 6.51> <FuncUnit> <Opcode : 'fadd' 'fsub'> <InPorts = 2> <OutPorts = 1>

State 32 <SV = 31> <Delay = 6.51>
ST_32 : Operation 732 [2/5] (6.51ns)   --->   "%acc_79 = fadd i32 %acc_78, i32 %mul35_161_1_i" [../hls_files/conv_pool.cpp:223]   --->   Operation 732 'fadd' 'acc_79' <Predicate = true> <Delay = 6.51> <CoreInst = "FAddSub_fulldsp">   --->   Core 18 'FAddSub_fulldsp' <Latency = 4> <II = 1> <Delay = 6.51> <FuncUnit> <Opcode : 'fadd' 'fsub'> <InPorts = 2> <OutPorts = 1>

State 33 <SV = 32> <Delay = 6.51>
ST_33 : Operation 733 [1/5] (6.51ns)   --->   "%acc_79 = fadd i32 %acc_78, i32 %mul35_161_1_i" [../hls_files/conv_pool.cpp:223]   --->   Operation 733 'fadd' 'acc_79' <Predicate = true> <Delay = 6.51> <CoreInst = "FAddSub_fulldsp">   --->   Core 18 'FAddSub_fulldsp' <Latency = 4> <II = 1> <Delay = 6.51> <FuncUnit> <Opcode : 'fadd' 'fsub'> <InPorts = 2> <OutPorts = 1>

State 34 <SV = 33> <Delay = 6.51>
ST_34 : Operation 734 [5/5] (6.51ns)   --->   "%acc_80 = fadd i32 %acc_79, i32 %mul35_161_2_i" [../hls_files/conv_pool.cpp:223]   --->   Operation 734 'fadd' 'acc_80' <Predicate = true> <Delay = 6.51> <CoreInst = "FAddSub_fulldsp">   --->   Core 18 'FAddSub_fulldsp' <Latency = 4> <II = 1> <Delay = 6.51> <FuncUnit> <Opcode : 'fadd' 'fsub'> <InPorts = 2> <OutPorts = 1>

State 35 <SV = 34> <Delay = 6.51>
ST_35 : Operation 735 [4/5] (6.51ns)   --->   "%acc_80 = fadd i32 %acc_79, i32 %mul35_161_2_i" [../hls_files/conv_pool.cpp:223]   --->   Operation 735 'fadd' 'acc_80' <Predicate = true> <Delay = 6.51> <CoreInst = "FAddSub_fulldsp">   --->   Core 18 'FAddSub_fulldsp' <Latency = 4> <II = 1> <Delay = 6.51> <FuncUnit> <Opcode : 'fadd' 'fsub'> <InPorts = 2> <OutPorts = 1>

State 36 <SV = 35> <Delay = 6.51>
ST_36 : Operation 736 [3/5] (6.51ns)   --->   "%acc_80 = fadd i32 %acc_79, i32 %mul35_161_2_i" [../hls_files/conv_pool.cpp:223]   --->   Operation 736 'fadd' 'acc_80' <Predicate = true> <Delay = 6.51> <CoreInst = "FAddSub_fulldsp">   --->   Core 18 'FAddSub_fulldsp' <Latency = 4> <II = 1> <Delay = 6.51> <FuncUnit> <Opcode : 'fadd' 'fsub'> <InPorts = 2> <OutPorts = 1>

State 37 <SV = 36> <Delay = 6.51>
ST_37 : Operation 737 [2/5] (6.51ns)   --->   "%acc_80 = fadd i32 %acc_79, i32 %mul35_161_2_i" [../hls_files/conv_pool.cpp:223]   --->   Operation 737 'fadd' 'acc_80' <Predicate = true> <Delay = 6.51> <CoreInst = "FAddSub_fulldsp">   --->   Core 18 'FAddSub_fulldsp' <Latency = 4> <II = 1> <Delay = 6.51> <FuncUnit> <Opcode : 'fadd' 'fsub'> <InPorts = 2> <OutPorts = 1>

State 38 <SV = 37> <Delay = 6.51>
ST_38 : Operation 738 [1/5] (6.51ns)   --->   "%acc_80 = fadd i32 %acc_79, i32 %mul35_161_2_i" [../hls_files/conv_pool.cpp:223]   --->   Operation 738 'fadd' 'acc_80' <Predicate = true> <Delay = 6.51> <CoreInst = "FAddSub_fulldsp">   --->   Core 18 'FAddSub_fulldsp' <Latency = 4> <II = 1> <Delay = 6.51> <FuncUnit> <Opcode : 'fadd' 'fsub'> <InPorts = 2> <OutPorts = 1>

State 39 <SV = 38> <Delay = 6.51>
ST_39 : Operation 739 [5/5] (6.51ns)   --->   "%acc_81 = fadd i32 %acc_80, i32 %mul35_13_i" [../hls_files/conv_pool.cpp:223]   --->   Operation 739 'fadd' 'acc_81' <Predicate = true> <Delay = 6.51> <CoreInst = "FAddSub_fulldsp">   --->   Core 18 'FAddSub_fulldsp' <Latency = 4> <II = 1> <Delay = 6.51> <FuncUnit> <Opcode : 'fadd' 'fsub'> <InPorts = 2> <OutPorts = 1>

State 40 <SV = 39> <Delay = 6.51>
ST_40 : Operation 740 [4/5] (6.51ns)   --->   "%acc_81 = fadd i32 %acc_80, i32 %mul35_13_i" [../hls_files/conv_pool.cpp:223]   --->   Operation 740 'fadd' 'acc_81' <Predicate = true> <Delay = 6.51> <CoreInst = "FAddSub_fulldsp">   --->   Core 18 'FAddSub_fulldsp' <Latency = 4> <II = 1> <Delay = 6.51> <FuncUnit> <Opcode : 'fadd' 'fsub'> <InPorts = 2> <OutPorts = 1>

State 41 <SV = 40> <Delay = 6.51>
ST_41 : Operation 741 [3/5] (6.51ns)   --->   "%acc_81 = fadd i32 %acc_80, i32 %mul35_13_i" [../hls_files/conv_pool.cpp:223]   --->   Operation 741 'fadd' 'acc_81' <Predicate = true> <Delay = 6.51> <CoreInst = "FAddSub_fulldsp">   --->   Core 18 'FAddSub_fulldsp' <Latency = 4> <II = 1> <Delay = 6.51> <FuncUnit> <Opcode : 'fadd' 'fsub'> <InPorts = 2> <OutPorts = 1>

State 42 <SV = 41> <Delay = 6.51>
ST_42 : Operation 742 [2/5] (6.51ns)   --->   "%acc_81 = fadd i32 %acc_80, i32 %mul35_13_i" [../hls_files/conv_pool.cpp:223]   --->   Operation 742 'fadd' 'acc_81' <Predicate = true> <Delay = 6.51> <CoreInst = "FAddSub_fulldsp">   --->   Core 18 'FAddSub_fulldsp' <Latency = 4> <II = 1> <Delay = 6.51> <FuncUnit> <Opcode : 'fadd' 'fsub'> <InPorts = 2> <OutPorts = 1>

State 43 <SV = 42> <Delay = 6.51>
ST_43 : Operation 743 [1/5] (6.51ns)   --->   "%acc_81 = fadd i32 %acc_80, i32 %mul35_13_i" [../hls_files/conv_pool.cpp:223]   --->   Operation 743 'fadd' 'acc_81' <Predicate = true> <Delay = 6.51> <CoreInst = "FAddSub_fulldsp">   --->   Core 18 'FAddSub_fulldsp' <Latency = 4> <II = 1> <Delay = 6.51> <FuncUnit> <Opcode : 'fadd' 'fsub'> <InPorts = 2> <OutPorts = 1>

State 44 <SV = 43> <Delay = 6.51>
ST_44 : Operation 744 [5/5] (6.51ns)   --->   "%acc_82 = fadd i32 %acc_81, i32 %mul35_271_1_i" [../hls_files/conv_pool.cpp:223]   --->   Operation 744 'fadd' 'acc_82' <Predicate = true> <Delay = 6.51> <CoreInst = "FAddSub_fulldsp">   --->   Core 18 'FAddSub_fulldsp' <Latency = 4> <II = 1> <Delay = 6.51> <FuncUnit> <Opcode : 'fadd' 'fsub'> <InPorts = 2> <OutPorts = 1>

State 45 <SV = 44> <Delay = 6.51>
ST_45 : Operation 745 [4/5] (6.51ns)   --->   "%acc_82 = fadd i32 %acc_81, i32 %mul35_271_1_i" [../hls_files/conv_pool.cpp:223]   --->   Operation 745 'fadd' 'acc_82' <Predicate = true> <Delay = 6.51> <CoreInst = "FAddSub_fulldsp">   --->   Core 18 'FAddSub_fulldsp' <Latency = 4> <II = 1> <Delay = 6.51> <FuncUnit> <Opcode : 'fadd' 'fsub'> <InPorts = 2> <OutPorts = 1>

State 46 <SV = 45> <Delay = 6.51>
ST_46 : Operation 746 [3/5] (6.51ns)   --->   "%acc_82 = fadd i32 %acc_81, i32 %mul35_271_1_i" [../hls_files/conv_pool.cpp:223]   --->   Operation 746 'fadd' 'acc_82' <Predicate = true> <Delay = 6.51> <CoreInst = "FAddSub_fulldsp">   --->   Core 18 'FAddSub_fulldsp' <Latency = 4> <II = 1> <Delay = 6.51> <FuncUnit> <Opcode : 'fadd' 'fsub'> <InPorts = 2> <OutPorts = 1>

State 47 <SV = 46> <Delay = 6.51>
ST_47 : Operation 747 [2/5] (6.51ns)   --->   "%acc_82 = fadd i32 %acc_81, i32 %mul35_271_1_i" [../hls_files/conv_pool.cpp:223]   --->   Operation 747 'fadd' 'acc_82' <Predicate = true> <Delay = 6.51> <CoreInst = "FAddSub_fulldsp">   --->   Core 18 'FAddSub_fulldsp' <Latency = 4> <II = 1> <Delay = 6.51> <FuncUnit> <Opcode : 'fadd' 'fsub'> <InPorts = 2> <OutPorts = 1>

State 48 <SV = 47> <Delay = 6.51>
ST_48 : Operation 748 [1/5] (6.51ns)   --->   "%acc_82 = fadd i32 %acc_81, i32 %mul35_271_1_i" [../hls_files/conv_pool.cpp:223]   --->   Operation 748 'fadd' 'acc_82' <Predicate = true> <Delay = 6.51> <CoreInst = "FAddSub_fulldsp">   --->   Core 18 'FAddSub_fulldsp' <Latency = 4> <II = 1> <Delay = 6.51> <FuncUnit> <Opcode : 'fadd' 'fsub'> <InPorts = 2> <OutPorts = 1>

State 49 <SV = 48> <Delay = 6.51>
ST_49 : Operation 749 [5/5] (6.51ns)   --->   "%acc_83 = fadd i32 %acc_82, i32 %mul35_271_2_i" [../hls_files/conv_pool.cpp:223]   --->   Operation 749 'fadd' 'acc_83' <Predicate = true> <Delay = 6.51> <CoreInst = "FAddSub_fulldsp">   --->   Core 18 'FAddSub_fulldsp' <Latency = 4> <II = 1> <Delay = 6.51> <FuncUnit> <Opcode : 'fadd' 'fsub'> <InPorts = 2> <OutPorts = 1>

State 50 <SV = 49> <Delay = 6.51>
ST_50 : Operation 750 [4/5] (6.51ns)   --->   "%acc_83 = fadd i32 %acc_82, i32 %mul35_271_2_i" [../hls_files/conv_pool.cpp:223]   --->   Operation 750 'fadd' 'acc_83' <Predicate = true> <Delay = 6.51> <CoreInst = "FAddSub_fulldsp">   --->   Core 18 'FAddSub_fulldsp' <Latency = 4> <II = 1> <Delay = 6.51> <FuncUnit> <Opcode : 'fadd' 'fsub'> <InPorts = 2> <OutPorts = 1>

State 51 <SV = 50> <Delay = 6.51>
ST_51 : Operation 751 [3/5] (6.51ns)   --->   "%acc_83 = fadd i32 %acc_82, i32 %mul35_271_2_i" [../hls_files/conv_pool.cpp:223]   --->   Operation 751 'fadd' 'acc_83' <Predicate = true> <Delay = 6.51> <CoreInst = "FAddSub_fulldsp">   --->   Core 18 'FAddSub_fulldsp' <Latency = 4> <II = 1> <Delay = 6.51> <FuncUnit> <Opcode : 'fadd' 'fsub'> <InPorts = 2> <OutPorts = 1>

State 52 <SV = 51> <Delay = 6.51>
ST_52 : Operation 752 [2/5] (6.51ns)   --->   "%acc_83 = fadd i32 %acc_82, i32 %mul35_271_2_i" [../hls_files/conv_pool.cpp:223]   --->   Operation 752 'fadd' 'acc_83' <Predicate = true> <Delay = 6.51> <CoreInst = "FAddSub_fulldsp">   --->   Core 18 'FAddSub_fulldsp' <Latency = 4> <II = 1> <Delay = 6.51> <FuncUnit> <Opcode : 'fadd' 'fsub'> <InPorts = 2> <OutPorts = 1>

State 53 <SV = 52> <Delay = 6.51>
ST_53 : Operation 753 [1/5] (6.51ns)   --->   "%acc_83 = fadd i32 %acc_82, i32 %mul35_271_2_i" [../hls_files/conv_pool.cpp:223]   --->   Operation 753 'fadd' 'acc_83' <Predicate = true> <Delay = 6.51> <CoreInst = "FAddSub_fulldsp">   --->   Core 18 'FAddSub_fulldsp' <Latency = 4> <II = 1> <Delay = 6.51> <FuncUnit> <Opcode : 'fadd' 'fsub'> <InPorts = 2> <OutPorts = 1>

State 54 <SV = 53> <Delay = 6.51>
ST_54 : Operation 754 [5/5] (6.51ns)   --->   "%acc_84 = fadd i32 %acc_83, i32 %mul35_1_i" [../hls_files/conv_pool.cpp:223]   --->   Operation 754 'fadd' 'acc_84' <Predicate = true> <Delay = 6.51> <CoreInst = "FAddSub_fulldsp">   --->   Core 18 'FAddSub_fulldsp' <Latency = 4> <II = 1> <Delay = 6.51> <FuncUnit> <Opcode : 'fadd' 'fsub'> <InPorts = 2> <OutPorts = 1>

State 55 <SV = 54> <Delay = 6.51>
ST_55 : Operation 755 [4/5] (6.51ns)   --->   "%acc_84 = fadd i32 %acc_83, i32 %mul35_1_i" [../hls_files/conv_pool.cpp:223]   --->   Operation 755 'fadd' 'acc_84' <Predicate = true> <Delay = 6.51> <CoreInst = "FAddSub_fulldsp">   --->   Core 18 'FAddSub_fulldsp' <Latency = 4> <II = 1> <Delay = 6.51> <FuncUnit> <Opcode : 'fadd' 'fsub'> <InPorts = 2> <OutPorts = 1>

State 56 <SV = 55> <Delay = 6.51>
ST_56 : Operation 756 [3/5] (6.51ns)   --->   "%acc_84 = fadd i32 %acc_83, i32 %mul35_1_i" [../hls_files/conv_pool.cpp:223]   --->   Operation 756 'fadd' 'acc_84' <Predicate = true> <Delay = 6.51> <CoreInst = "FAddSub_fulldsp">   --->   Core 18 'FAddSub_fulldsp' <Latency = 4> <II = 1> <Delay = 6.51> <FuncUnit> <Opcode : 'fadd' 'fsub'> <InPorts = 2> <OutPorts = 1>

State 57 <SV = 56> <Delay = 6.51>
ST_57 : Operation 757 [2/5] (6.51ns)   --->   "%acc_84 = fadd i32 %acc_83, i32 %mul35_1_i" [../hls_files/conv_pool.cpp:223]   --->   Operation 757 'fadd' 'acc_84' <Predicate = true> <Delay = 6.51> <CoreInst = "FAddSub_fulldsp">   --->   Core 18 'FAddSub_fulldsp' <Latency = 4> <II = 1> <Delay = 6.51> <FuncUnit> <Opcode : 'fadd' 'fsub'> <InPorts = 2> <OutPorts = 1>

State 58 <SV = 57> <Delay = 6.51>
ST_58 : Operation 758 [1/5] (6.51ns)   --->   "%acc_84 = fadd i32 %acc_83, i32 %mul35_1_i" [../hls_files/conv_pool.cpp:223]   --->   Operation 758 'fadd' 'acc_84' <Predicate = true> <Delay = 6.51> <CoreInst = "FAddSub_fulldsp">   --->   Core 18 'FAddSub_fulldsp' <Latency = 4> <II = 1> <Delay = 6.51> <FuncUnit> <Opcode : 'fadd' 'fsub'> <InPorts = 2> <OutPorts = 1>

State 59 <SV = 58> <Delay = 6.51>
ST_59 : Operation 759 [5/5] (6.51ns)   --->   "%acc_85 = fadd i32 %acc_84, i32 %mul35_1_i_242" [../hls_files/conv_pool.cpp:223]   --->   Operation 759 'fadd' 'acc_85' <Predicate = true> <Delay = 6.51> <CoreInst = "FAddSub_fulldsp">   --->   Core 18 'FAddSub_fulldsp' <Latency = 4> <II = 1> <Delay = 6.51> <FuncUnit> <Opcode : 'fadd' 'fsub'> <InPorts = 2> <OutPorts = 1>

State 60 <SV = 59> <Delay = 6.51>
ST_60 : Operation 760 [4/5] (6.51ns)   --->   "%acc_85 = fadd i32 %acc_84, i32 %mul35_1_i_242" [../hls_files/conv_pool.cpp:223]   --->   Operation 760 'fadd' 'acc_85' <Predicate = true> <Delay = 6.51> <CoreInst = "FAddSub_fulldsp">   --->   Core 18 'FAddSub_fulldsp' <Latency = 4> <II = 1> <Delay = 6.51> <FuncUnit> <Opcode : 'fadd' 'fsub'> <InPorts = 2> <OutPorts = 1>

State 61 <SV = 60> <Delay = 6.51>
ST_61 : Operation 761 [3/5] (6.51ns)   --->   "%acc_85 = fadd i32 %acc_84, i32 %mul35_1_i_242" [../hls_files/conv_pool.cpp:223]   --->   Operation 761 'fadd' 'acc_85' <Predicate = true> <Delay = 6.51> <CoreInst = "FAddSub_fulldsp">   --->   Core 18 'FAddSub_fulldsp' <Latency = 4> <II = 1> <Delay = 6.51> <FuncUnit> <Opcode : 'fadd' 'fsub'> <InPorts = 2> <OutPorts = 1>

State 62 <SV = 61> <Delay = 6.51>
ST_62 : Operation 762 [2/5] (6.51ns)   --->   "%acc_85 = fadd i32 %acc_84, i32 %mul35_1_i_242" [../hls_files/conv_pool.cpp:223]   --->   Operation 762 'fadd' 'acc_85' <Predicate = true> <Delay = 6.51> <CoreInst = "FAddSub_fulldsp">   --->   Core 18 'FAddSub_fulldsp' <Latency = 4> <II = 1> <Delay = 6.51> <FuncUnit> <Opcode : 'fadd' 'fsub'> <InPorts = 2> <OutPorts = 1>

State 63 <SV = 62> <Delay = 6.51>
ST_63 : Operation 763 [1/5] (6.51ns)   --->   "%acc_85 = fadd i32 %acc_84, i32 %mul35_1_i_242" [../hls_files/conv_pool.cpp:223]   --->   Operation 763 'fadd' 'acc_85' <Predicate = true> <Delay = 6.51> <CoreInst = "FAddSub_fulldsp">   --->   Core 18 'FAddSub_fulldsp' <Latency = 4> <II = 1> <Delay = 6.51> <FuncUnit> <Opcode : 'fadd' 'fsub'> <InPorts = 2> <OutPorts = 1>

State 64 <SV = 63> <Delay = 6.51>
ST_64 : Operation 764 [5/5] (6.51ns)   --->   "%acc_86 = fadd i32 %acc_85, i32 %mul35_1_9_i" [../hls_files/conv_pool.cpp:223]   --->   Operation 764 'fadd' 'acc_86' <Predicate = true> <Delay = 6.51> <CoreInst = "FAddSub_fulldsp">   --->   Core 18 'FAddSub_fulldsp' <Latency = 4> <II = 1> <Delay = 6.51> <FuncUnit> <Opcode : 'fadd' 'fsub'> <InPorts = 2> <OutPorts = 1>

State 65 <SV = 64> <Delay = 6.51>
ST_65 : Operation 765 [4/5] (6.51ns)   --->   "%acc_86 = fadd i32 %acc_85, i32 %mul35_1_9_i" [../hls_files/conv_pool.cpp:223]   --->   Operation 765 'fadd' 'acc_86' <Predicate = true> <Delay = 6.51> <CoreInst = "FAddSub_fulldsp">   --->   Core 18 'FAddSub_fulldsp' <Latency = 4> <II = 1> <Delay = 6.51> <FuncUnit> <Opcode : 'fadd' 'fsub'> <InPorts = 2> <OutPorts = 1>

State 66 <SV = 65> <Delay = 6.51>
ST_66 : Operation 766 [3/5] (6.51ns)   --->   "%acc_86 = fadd i32 %acc_85, i32 %mul35_1_9_i" [../hls_files/conv_pool.cpp:223]   --->   Operation 766 'fadd' 'acc_86' <Predicate = true> <Delay = 6.51> <CoreInst = "FAddSub_fulldsp">   --->   Core 18 'FAddSub_fulldsp' <Latency = 4> <II = 1> <Delay = 6.51> <FuncUnit> <Opcode : 'fadd' 'fsub'> <InPorts = 2> <OutPorts = 1>

State 67 <SV = 66> <Delay = 6.51>
ST_67 : Operation 767 [2/5] (6.51ns)   --->   "%acc_86 = fadd i32 %acc_85, i32 %mul35_1_9_i" [../hls_files/conv_pool.cpp:223]   --->   Operation 767 'fadd' 'acc_86' <Predicate = true> <Delay = 6.51> <CoreInst = "FAddSub_fulldsp">   --->   Core 18 'FAddSub_fulldsp' <Latency = 4> <II = 1> <Delay = 6.51> <FuncUnit> <Opcode : 'fadd' 'fsub'> <InPorts = 2> <OutPorts = 1>

State 68 <SV = 67> <Delay = 6.51>
ST_68 : Operation 768 [1/5] (6.51ns)   --->   "%acc_86 = fadd i32 %acc_85, i32 %mul35_1_9_i" [../hls_files/conv_pool.cpp:223]   --->   Operation 768 'fadd' 'acc_86' <Predicate = true> <Delay = 6.51> <CoreInst = "FAddSub_fulldsp">   --->   Core 18 'FAddSub_fulldsp' <Latency = 4> <II = 1> <Delay = 6.51> <FuncUnit> <Opcode : 'fadd' 'fsub'> <InPorts = 2> <OutPorts = 1>

State 69 <SV = 68> <Delay = 6.51>
ST_69 : Operation 769 [5/5] (6.51ns)   --->   "%acc_87 = fadd i32 %acc_86, i32 %mul35_1_1_i" [../hls_files/conv_pool.cpp:223]   --->   Operation 769 'fadd' 'acc_87' <Predicate = true> <Delay = 6.51> <CoreInst = "FAddSub_fulldsp">   --->   Core 18 'FAddSub_fulldsp' <Latency = 4> <II = 1> <Delay = 6.51> <FuncUnit> <Opcode : 'fadd' 'fsub'> <InPorts = 2> <OutPorts = 1>

State 70 <SV = 69> <Delay = 6.51>
ST_70 : Operation 770 [4/5] (6.51ns)   --->   "%acc_87 = fadd i32 %acc_86, i32 %mul35_1_1_i" [../hls_files/conv_pool.cpp:223]   --->   Operation 770 'fadd' 'acc_87' <Predicate = true> <Delay = 6.51> <CoreInst = "FAddSub_fulldsp">   --->   Core 18 'FAddSub_fulldsp' <Latency = 4> <II = 1> <Delay = 6.51> <FuncUnit> <Opcode : 'fadd' 'fsub'> <InPorts = 2> <OutPorts = 1>

State 71 <SV = 70> <Delay = 6.51>
ST_71 : Operation 771 [3/5] (6.51ns)   --->   "%acc_87 = fadd i32 %acc_86, i32 %mul35_1_1_i" [../hls_files/conv_pool.cpp:223]   --->   Operation 771 'fadd' 'acc_87' <Predicate = true> <Delay = 6.51> <CoreInst = "FAddSub_fulldsp">   --->   Core 18 'FAddSub_fulldsp' <Latency = 4> <II = 1> <Delay = 6.51> <FuncUnit> <Opcode : 'fadd' 'fsub'> <InPorts = 2> <OutPorts = 1>

State 72 <SV = 71> <Delay = 6.51>
ST_72 : Operation 772 [2/5] (6.51ns)   --->   "%acc_87 = fadd i32 %acc_86, i32 %mul35_1_1_i" [../hls_files/conv_pool.cpp:223]   --->   Operation 772 'fadd' 'acc_87' <Predicate = true> <Delay = 6.51> <CoreInst = "FAddSub_fulldsp">   --->   Core 18 'FAddSub_fulldsp' <Latency = 4> <II = 1> <Delay = 6.51> <FuncUnit> <Opcode : 'fadd' 'fsub'> <InPorts = 2> <OutPorts = 1>

State 73 <SV = 72> <Delay = 6.51>
ST_73 : Operation 773 [1/5] (6.51ns)   --->   "%acc_87 = fadd i32 %acc_86, i32 %mul35_1_1_i" [../hls_files/conv_pool.cpp:223]   --->   Operation 773 'fadd' 'acc_87' <Predicate = true> <Delay = 6.51> <CoreInst = "FAddSub_fulldsp">   --->   Core 18 'FAddSub_fulldsp' <Latency = 4> <II = 1> <Delay = 6.51> <FuncUnit> <Opcode : 'fadd' 'fsub'> <InPorts = 2> <OutPorts = 1>

State 74 <SV = 73> <Delay = 6.51>
ST_74 : Operation 774 [5/5] (6.51ns)   --->   "%acc_88 = fadd i32 %acc_87, i32 %mul35_1_1_1_i" [../hls_files/conv_pool.cpp:223]   --->   Operation 774 'fadd' 'acc_88' <Predicate = true> <Delay = 6.51> <CoreInst = "FAddSub_fulldsp">   --->   Core 18 'FAddSub_fulldsp' <Latency = 4> <II = 1> <Delay = 6.51> <FuncUnit> <Opcode : 'fadd' 'fsub'> <InPorts = 2> <OutPorts = 1>

State 75 <SV = 74> <Delay = 6.51>
ST_75 : Operation 775 [4/5] (6.51ns)   --->   "%acc_88 = fadd i32 %acc_87, i32 %mul35_1_1_1_i" [../hls_files/conv_pool.cpp:223]   --->   Operation 775 'fadd' 'acc_88' <Predicate = true> <Delay = 6.51> <CoreInst = "FAddSub_fulldsp">   --->   Core 18 'FAddSub_fulldsp' <Latency = 4> <II = 1> <Delay = 6.51> <FuncUnit> <Opcode : 'fadd' 'fsub'> <InPorts = 2> <OutPorts = 1>

State 76 <SV = 75> <Delay = 6.51>
ST_76 : Operation 776 [3/5] (6.51ns)   --->   "%acc_88 = fadd i32 %acc_87, i32 %mul35_1_1_1_i" [../hls_files/conv_pool.cpp:223]   --->   Operation 776 'fadd' 'acc_88' <Predicate = true> <Delay = 6.51> <CoreInst = "FAddSub_fulldsp">   --->   Core 18 'FAddSub_fulldsp' <Latency = 4> <II = 1> <Delay = 6.51> <FuncUnit> <Opcode : 'fadd' 'fsub'> <InPorts = 2> <OutPorts = 1>

State 77 <SV = 76> <Delay = 6.51>
ST_77 : Operation 777 [2/5] (6.51ns)   --->   "%acc_88 = fadd i32 %acc_87, i32 %mul35_1_1_1_i" [../hls_files/conv_pool.cpp:223]   --->   Operation 777 'fadd' 'acc_88' <Predicate = true> <Delay = 6.51> <CoreInst = "FAddSub_fulldsp">   --->   Core 18 'FAddSub_fulldsp' <Latency = 4> <II = 1> <Delay = 6.51> <FuncUnit> <Opcode : 'fadd' 'fsub'> <InPorts = 2> <OutPorts = 1>

State 78 <SV = 77> <Delay = 6.51>
ST_78 : Operation 778 [1/5] (6.51ns)   --->   "%acc_88 = fadd i32 %acc_87, i32 %mul35_1_1_1_i" [../hls_files/conv_pool.cpp:223]   --->   Operation 778 'fadd' 'acc_88' <Predicate = true> <Delay = 6.51> <CoreInst = "FAddSub_fulldsp">   --->   Core 18 'FAddSub_fulldsp' <Latency = 4> <II = 1> <Delay = 6.51> <FuncUnit> <Opcode : 'fadd' 'fsub'> <InPorts = 2> <OutPorts = 1>

State 79 <SV = 78> <Delay = 6.51>
ST_79 : Operation 779 [5/5] (6.51ns)   --->   "%acc_89 = fadd i32 %acc_88, i32 %mul35_1_1_2_i" [../hls_files/conv_pool.cpp:223]   --->   Operation 779 'fadd' 'acc_89' <Predicate = true> <Delay = 6.51> <CoreInst = "FAddSub_fulldsp">   --->   Core 18 'FAddSub_fulldsp' <Latency = 4> <II = 1> <Delay = 6.51> <FuncUnit> <Opcode : 'fadd' 'fsub'> <InPorts = 2> <OutPorts = 1>

State 80 <SV = 79> <Delay = 6.51>
ST_80 : Operation 780 [4/5] (6.51ns)   --->   "%acc_89 = fadd i32 %acc_88, i32 %mul35_1_1_2_i" [../hls_files/conv_pool.cpp:223]   --->   Operation 780 'fadd' 'acc_89' <Predicate = true> <Delay = 6.51> <CoreInst = "FAddSub_fulldsp">   --->   Core 18 'FAddSub_fulldsp' <Latency = 4> <II = 1> <Delay = 6.51> <FuncUnit> <Opcode : 'fadd' 'fsub'> <InPorts = 2> <OutPorts = 1>

State 81 <SV = 80> <Delay = 6.51>
ST_81 : Operation 781 [3/5] (6.51ns)   --->   "%acc_89 = fadd i32 %acc_88, i32 %mul35_1_1_2_i" [../hls_files/conv_pool.cpp:223]   --->   Operation 781 'fadd' 'acc_89' <Predicate = true> <Delay = 6.51> <CoreInst = "FAddSub_fulldsp">   --->   Core 18 'FAddSub_fulldsp' <Latency = 4> <II = 1> <Delay = 6.51> <FuncUnit> <Opcode : 'fadd' 'fsub'> <InPorts = 2> <OutPorts = 1>

State 82 <SV = 81> <Delay = 6.51>
ST_82 : Operation 782 [2/5] (6.51ns)   --->   "%acc_89 = fadd i32 %acc_88, i32 %mul35_1_1_2_i" [../hls_files/conv_pool.cpp:223]   --->   Operation 782 'fadd' 'acc_89' <Predicate = true> <Delay = 6.51> <CoreInst = "FAddSub_fulldsp">   --->   Core 18 'FAddSub_fulldsp' <Latency = 4> <II = 1> <Delay = 6.51> <FuncUnit> <Opcode : 'fadd' 'fsub'> <InPorts = 2> <OutPorts = 1>

State 83 <SV = 82> <Delay = 6.51>
ST_83 : Operation 783 [1/5] (6.51ns)   --->   "%acc_89 = fadd i32 %acc_88, i32 %mul35_1_1_2_i" [../hls_files/conv_pool.cpp:223]   --->   Operation 783 'fadd' 'acc_89' <Predicate = true> <Delay = 6.51> <CoreInst = "FAddSub_fulldsp">   --->   Core 18 'FAddSub_fulldsp' <Latency = 4> <II = 1> <Delay = 6.51> <FuncUnit> <Opcode : 'fadd' 'fsub'> <InPorts = 2> <OutPorts = 1>

State 84 <SV = 83> <Delay = 6.51>
ST_84 : Operation 784 [5/5] (6.51ns)   --->   "%acc_90 = fadd i32 %acc_89, i32 %mul35_1_2_i" [../hls_files/conv_pool.cpp:223]   --->   Operation 784 'fadd' 'acc_90' <Predicate = true> <Delay = 6.51> <CoreInst = "FAddSub_fulldsp">   --->   Core 18 'FAddSub_fulldsp' <Latency = 4> <II = 1> <Delay = 6.51> <FuncUnit> <Opcode : 'fadd' 'fsub'> <InPorts = 2> <OutPorts = 1>

State 85 <SV = 84> <Delay = 6.51>
ST_85 : Operation 785 [4/5] (6.51ns)   --->   "%acc_90 = fadd i32 %acc_89, i32 %mul35_1_2_i" [../hls_files/conv_pool.cpp:223]   --->   Operation 785 'fadd' 'acc_90' <Predicate = true> <Delay = 6.51> <CoreInst = "FAddSub_fulldsp">   --->   Core 18 'FAddSub_fulldsp' <Latency = 4> <II = 1> <Delay = 6.51> <FuncUnit> <Opcode : 'fadd' 'fsub'> <InPorts = 2> <OutPorts = 1>

State 86 <SV = 85> <Delay = 6.51>
ST_86 : Operation 786 [3/5] (6.51ns)   --->   "%acc_90 = fadd i32 %acc_89, i32 %mul35_1_2_i" [../hls_files/conv_pool.cpp:223]   --->   Operation 786 'fadd' 'acc_90' <Predicate = true> <Delay = 6.51> <CoreInst = "FAddSub_fulldsp">   --->   Core 18 'FAddSub_fulldsp' <Latency = 4> <II = 1> <Delay = 6.51> <FuncUnit> <Opcode : 'fadd' 'fsub'> <InPorts = 2> <OutPorts = 1>

State 87 <SV = 86> <Delay = 6.51>
ST_87 : Operation 787 [2/5] (6.51ns)   --->   "%acc_90 = fadd i32 %acc_89, i32 %mul35_1_2_i" [../hls_files/conv_pool.cpp:223]   --->   Operation 787 'fadd' 'acc_90' <Predicate = true> <Delay = 6.51> <CoreInst = "FAddSub_fulldsp">   --->   Core 18 'FAddSub_fulldsp' <Latency = 4> <II = 1> <Delay = 6.51> <FuncUnit> <Opcode : 'fadd' 'fsub'> <InPorts = 2> <OutPorts = 1>

State 88 <SV = 87> <Delay = 6.51>
ST_88 : Operation 788 [1/5] (6.51ns)   --->   "%acc_90 = fadd i32 %acc_89, i32 %mul35_1_2_i" [../hls_files/conv_pool.cpp:223]   --->   Operation 788 'fadd' 'acc_90' <Predicate = true> <Delay = 6.51> <CoreInst = "FAddSub_fulldsp">   --->   Core 18 'FAddSub_fulldsp' <Latency = 4> <II = 1> <Delay = 6.51> <FuncUnit> <Opcode : 'fadd' 'fsub'> <InPorts = 2> <OutPorts = 1>

State 89 <SV = 88> <Delay = 6.51>
ST_89 : Operation 789 [5/5] (6.51ns)   --->   "%acc_91 = fadd i32 %acc_90, i32 %mul35_1_2_1_i" [../hls_files/conv_pool.cpp:223]   --->   Operation 789 'fadd' 'acc_91' <Predicate = true> <Delay = 6.51> <CoreInst = "FAddSub_fulldsp">   --->   Core 18 'FAddSub_fulldsp' <Latency = 4> <II = 1> <Delay = 6.51> <FuncUnit> <Opcode : 'fadd' 'fsub'> <InPorts = 2> <OutPorts = 1>

State 90 <SV = 89> <Delay = 6.51>
ST_90 : Operation 790 [4/5] (6.51ns)   --->   "%acc_91 = fadd i32 %acc_90, i32 %mul35_1_2_1_i" [../hls_files/conv_pool.cpp:223]   --->   Operation 790 'fadd' 'acc_91' <Predicate = true> <Delay = 6.51> <CoreInst = "FAddSub_fulldsp">   --->   Core 18 'FAddSub_fulldsp' <Latency = 4> <II = 1> <Delay = 6.51> <FuncUnit> <Opcode : 'fadd' 'fsub'> <InPorts = 2> <OutPorts = 1>

State 91 <SV = 90> <Delay = 6.51>
ST_91 : Operation 791 [3/5] (6.51ns)   --->   "%acc_91 = fadd i32 %acc_90, i32 %mul35_1_2_1_i" [../hls_files/conv_pool.cpp:223]   --->   Operation 791 'fadd' 'acc_91' <Predicate = true> <Delay = 6.51> <CoreInst = "FAddSub_fulldsp">   --->   Core 18 'FAddSub_fulldsp' <Latency = 4> <II = 1> <Delay = 6.51> <FuncUnit> <Opcode : 'fadd' 'fsub'> <InPorts = 2> <OutPorts = 1>

State 92 <SV = 91> <Delay = 6.51>
ST_92 : Operation 792 [2/5] (6.51ns)   --->   "%acc_91 = fadd i32 %acc_90, i32 %mul35_1_2_1_i" [../hls_files/conv_pool.cpp:223]   --->   Operation 792 'fadd' 'acc_91' <Predicate = true> <Delay = 6.51> <CoreInst = "FAddSub_fulldsp">   --->   Core 18 'FAddSub_fulldsp' <Latency = 4> <II = 1> <Delay = 6.51> <FuncUnit> <Opcode : 'fadd' 'fsub'> <InPorts = 2> <OutPorts = 1>

State 93 <SV = 92> <Delay = 6.51>
ST_93 : Operation 793 [1/5] (6.51ns)   --->   "%acc_91 = fadd i32 %acc_90, i32 %mul35_1_2_1_i" [../hls_files/conv_pool.cpp:223]   --->   Operation 793 'fadd' 'acc_91' <Predicate = true> <Delay = 6.51> <CoreInst = "FAddSub_fulldsp">   --->   Core 18 'FAddSub_fulldsp' <Latency = 4> <II = 1> <Delay = 6.51> <FuncUnit> <Opcode : 'fadd' 'fsub'> <InPorts = 2> <OutPorts = 1>

State 94 <SV = 93> <Delay = 6.51>
ST_94 : Operation 794 [5/5] (6.51ns)   --->   "%acc_92 = fadd i32 %acc_91, i32 %mul35_1_2_2_i" [../hls_files/conv_pool.cpp:223]   --->   Operation 794 'fadd' 'acc_92' <Predicate = true> <Delay = 6.51> <CoreInst = "FAddSub_fulldsp">   --->   Core 18 'FAddSub_fulldsp' <Latency = 4> <II = 1> <Delay = 6.51> <FuncUnit> <Opcode : 'fadd' 'fsub'> <InPorts = 2> <OutPorts = 1>

State 95 <SV = 94> <Delay = 6.51>
ST_95 : Operation 795 [4/5] (6.51ns)   --->   "%acc_92 = fadd i32 %acc_91, i32 %mul35_1_2_2_i" [../hls_files/conv_pool.cpp:223]   --->   Operation 795 'fadd' 'acc_92' <Predicate = true> <Delay = 6.51> <CoreInst = "FAddSub_fulldsp">   --->   Core 18 'FAddSub_fulldsp' <Latency = 4> <II = 1> <Delay = 6.51> <FuncUnit> <Opcode : 'fadd' 'fsub'> <InPorts = 2> <OutPorts = 1>

State 96 <SV = 95> <Delay = 6.51>
ST_96 : Operation 796 [3/5] (6.51ns)   --->   "%acc_92 = fadd i32 %acc_91, i32 %mul35_1_2_2_i" [../hls_files/conv_pool.cpp:223]   --->   Operation 796 'fadd' 'acc_92' <Predicate = true> <Delay = 6.51> <CoreInst = "FAddSub_fulldsp">   --->   Core 18 'FAddSub_fulldsp' <Latency = 4> <II = 1> <Delay = 6.51> <FuncUnit> <Opcode : 'fadd' 'fsub'> <InPorts = 2> <OutPorts = 1>

State 97 <SV = 96> <Delay = 6.51>
ST_97 : Operation 797 [2/5] (6.51ns)   --->   "%acc_92 = fadd i32 %acc_91, i32 %mul35_1_2_2_i" [../hls_files/conv_pool.cpp:223]   --->   Operation 797 'fadd' 'acc_92' <Predicate = true> <Delay = 6.51> <CoreInst = "FAddSub_fulldsp">   --->   Core 18 'FAddSub_fulldsp' <Latency = 4> <II = 1> <Delay = 6.51> <FuncUnit> <Opcode : 'fadd' 'fsub'> <InPorts = 2> <OutPorts = 1>

State 98 <SV = 97> <Delay = 6.51>
ST_98 : Operation 798 [1/5] (6.51ns)   --->   "%acc_92 = fadd i32 %acc_91, i32 %mul35_1_2_2_i" [../hls_files/conv_pool.cpp:223]   --->   Operation 798 'fadd' 'acc_92' <Predicate = true> <Delay = 6.51> <CoreInst = "FAddSub_fulldsp">   --->   Core 18 'FAddSub_fulldsp' <Latency = 4> <II = 1> <Delay = 6.51> <FuncUnit> <Opcode : 'fadd' 'fsub'> <InPorts = 2> <OutPorts = 1>

State 99 <SV = 98> <Delay = 6.51>
ST_99 : Operation 799 [5/5] (6.51ns)   --->   "%acc_93 = fadd i32 %acc_92, i32 %mul35_2_i" [../hls_files/conv_pool.cpp:223]   --->   Operation 799 'fadd' 'acc_93' <Predicate = true> <Delay = 6.51> <CoreInst = "FAddSub_fulldsp">   --->   Core 18 'FAddSub_fulldsp' <Latency = 4> <II = 1> <Delay = 6.51> <FuncUnit> <Opcode : 'fadd' 'fsub'> <InPorts = 2> <OutPorts = 1>

State 100 <SV = 99> <Delay = 6.51>
ST_100 : Operation 800 [4/5] (6.51ns)   --->   "%acc_93 = fadd i32 %acc_92, i32 %mul35_2_i" [../hls_files/conv_pool.cpp:223]   --->   Operation 800 'fadd' 'acc_93' <Predicate = true> <Delay = 6.51> <CoreInst = "FAddSub_fulldsp">   --->   Core 18 'FAddSub_fulldsp' <Latency = 4> <II = 1> <Delay = 6.51> <FuncUnit> <Opcode : 'fadd' 'fsub'> <InPorts = 2> <OutPorts = 1>

State 101 <SV = 100> <Delay = 6.51>
ST_101 : Operation 801 [3/5] (6.51ns)   --->   "%acc_93 = fadd i32 %acc_92, i32 %mul35_2_i" [../hls_files/conv_pool.cpp:223]   --->   Operation 801 'fadd' 'acc_93' <Predicate = true> <Delay = 6.51> <CoreInst = "FAddSub_fulldsp">   --->   Core 18 'FAddSub_fulldsp' <Latency = 4> <II = 1> <Delay = 6.51> <FuncUnit> <Opcode : 'fadd' 'fsub'> <InPorts = 2> <OutPorts = 1>

State 102 <SV = 101> <Delay = 6.51>
ST_102 : Operation 802 [2/5] (6.51ns)   --->   "%acc_93 = fadd i32 %acc_92, i32 %mul35_2_i" [../hls_files/conv_pool.cpp:223]   --->   Operation 802 'fadd' 'acc_93' <Predicate = true> <Delay = 6.51> <CoreInst = "FAddSub_fulldsp">   --->   Core 18 'FAddSub_fulldsp' <Latency = 4> <II = 1> <Delay = 6.51> <FuncUnit> <Opcode : 'fadd' 'fsub'> <InPorts = 2> <OutPorts = 1>

State 103 <SV = 102> <Delay = 6.51>
ST_103 : Operation 803 [1/5] (6.51ns)   --->   "%acc_93 = fadd i32 %acc_92, i32 %mul35_2_i" [../hls_files/conv_pool.cpp:223]   --->   Operation 803 'fadd' 'acc_93' <Predicate = true> <Delay = 6.51> <CoreInst = "FAddSub_fulldsp">   --->   Core 18 'FAddSub_fulldsp' <Latency = 4> <II = 1> <Delay = 6.51> <FuncUnit> <Opcode : 'fadd' 'fsub'> <InPorts = 2> <OutPorts = 1>

State 104 <SV = 103> <Delay = 6.51>
ST_104 : Operation 804 [5/5] (6.51ns)   --->   "%acc_94 = fadd i32 %acc_93, i32 %mul35_2_i_243" [../hls_files/conv_pool.cpp:223]   --->   Operation 804 'fadd' 'acc_94' <Predicate = true> <Delay = 6.51> <CoreInst = "FAddSub_fulldsp">   --->   Core 18 'FAddSub_fulldsp' <Latency = 4> <II = 1> <Delay = 6.51> <FuncUnit> <Opcode : 'fadd' 'fsub'> <InPorts = 2> <OutPorts = 1>

State 105 <SV = 104> <Delay = 6.51>
ST_105 : Operation 805 [4/5] (6.51ns)   --->   "%acc_94 = fadd i32 %acc_93, i32 %mul35_2_i_243" [../hls_files/conv_pool.cpp:223]   --->   Operation 805 'fadd' 'acc_94' <Predicate = true> <Delay = 6.51> <CoreInst = "FAddSub_fulldsp">   --->   Core 18 'FAddSub_fulldsp' <Latency = 4> <II = 1> <Delay = 6.51> <FuncUnit> <Opcode : 'fadd' 'fsub'> <InPorts = 2> <OutPorts = 1>

State 106 <SV = 105> <Delay = 6.51>
ST_106 : Operation 806 [3/5] (6.51ns)   --->   "%acc_94 = fadd i32 %acc_93, i32 %mul35_2_i_243" [../hls_files/conv_pool.cpp:223]   --->   Operation 806 'fadd' 'acc_94' <Predicate = true> <Delay = 6.51> <CoreInst = "FAddSub_fulldsp">   --->   Core 18 'FAddSub_fulldsp' <Latency = 4> <II = 1> <Delay = 6.51> <FuncUnit> <Opcode : 'fadd' 'fsub'> <InPorts = 2> <OutPorts = 1>

State 107 <SV = 106> <Delay = 6.51>
ST_107 : Operation 807 [2/5] (6.51ns)   --->   "%acc_94 = fadd i32 %acc_93, i32 %mul35_2_i_243" [../hls_files/conv_pool.cpp:223]   --->   Operation 807 'fadd' 'acc_94' <Predicate = true> <Delay = 6.51> <CoreInst = "FAddSub_fulldsp">   --->   Core 18 'FAddSub_fulldsp' <Latency = 4> <II = 1> <Delay = 6.51> <FuncUnit> <Opcode : 'fadd' 'fsub'> <InPorts = 2> <OutPorts = 1>

State 108 <SV = 107> <Delay = 6.51>
ST_108 : Operation 808 [1/5] (6.51ns)   --->   "%acc_94 = fadd i32 %acc_93, i32 %mul35_2_i_243" [../hls_files/conv_pool.cpp:223]   --->   Operation 808 'fadd' 'acc_94' <Predicate = true> <Delay = 6.51> <CoreInst = "FAddSub_fulldsp">   --->   Core 18 'FAddSub_fulldsp' <Latency = 4> <II = 1> <Delay = 6.51> <FuncUnit> <Opcode : 'fadd' 'fsub'> <InPorts = 2> <OutPorts = 1>

State 109 <SV = 108> <Delay = 6.51>
ST_109 : Operation 809 [5/5] (6.51ns)   --->   "%acc_95 = fadd i32 %acc_94, i32 %mul35_2_9_i" [../hls_files/conv_pool.cpp:223]   --->   Operation 809 'fadd' 'acc_95' <Predicate = true> <Delay = 6.51> <CoreInst = "FAddSub_fulldsp">   --->   Core 18 'FAddSub_fulldsp' <Latency = 4> <II = 1> <Delay = 6.51> <FuncUnit> <Opcode : 'fadd' 'fsub'> <InPorts = 2> <OutPorts = 1>

State 110 <SV = 109> <Delay = 6.51>
ST_110 : Operation 810 [4/5] (6.51ns)   --->   "%acc_95 = fadd i32 %acc_94, i32 %mul35_2_9_i" [../hls_files/conv_pool.cpp:223]   --->   Operation 810 'fadd' 'acc_95' <Predicate = true> <Delay = 6.51> <CoreInst = "FAddSub_fulldsp">   --->   Core 18 'FAddSub_fulldsp' <Latency = 4> <II = 1> <Delay = 6.51> <FuncUnit> <Opcode : 'fadd' 'fsub'> <InPorts = 2> <OutPorts = 1>

State 111 <SV = 110> <Delay = 6.51>
ST_111 : Operation 811 [3/5] (6.51ns)   --->   "%acc_95 = fadd i32 %acc_94, i32 %mul35_2_9_i" [../hls_files/conv_pool.cpp:223]   --->   Operation 811 'fadd' 'acc_95' <Predicate = true> <Delay = 6.51> <CoreInst = "FAddSub_fulldsp">   --->   Core 18 'FAddSub_fulldsp' <Latency = 4> <II = 1> <Delay = 6.51> <FuncUnit> <Opcode : 'fadd' 'fsub'> <InPorts = 2> <OutPorts = 1>

State 112 <SV = 111> <Delay = 6.51>
ST_112 : Operation 812 [2/5] (6.51ns)   --->   "%acc_95 = fadd i32 %acc_94, i32 %mul35_2_9_i" [../hls_files/conv_pool.cpp:223]   --->   Operation 812 'fadd' 'acc_95' <Predicate = true> <Delay = 6.51> <CoreInst = "FAddSub_fulldsp">   --->   Core 18 'FAddSub_fulldsp' <Latency = 4> <II = 1> <Delay = 6.51> <FuncUnit> <Opcode : 'fadd' 'fsub'> <InPorts = 2> <OutPorts = 1>

State 113 <SV = 112> <Delay = 6.51>
ST_113 : Operation 813 [1/5] (6.51ns)   --->   "%acc_95 = fadd i32 %acc_94, i32 %mul35_2_9_i" [../hls_files/conv_pool.cpp:223]   --->   Operation 813 'fadd' 'acc_95' <Predicate = true> <Delay = 6.51> <CoreInst = "FAddSub_fulldsp">   --->   Core 18 'FAddSub_fulldsp' <Latency = 4> <II = 1> <Delay = 6.51> <FuncUnit> <Opcode : 'fadd' 'fsub'> <InPorts = 2> <OutPorts = 1>

State 114 <SV = 113> <Delay = 6.51>
ST_114 : Operation 814 [5/5] (6.51ns)   --->   "%acc_96 = fadd i32 %acc_95, i32 %mul35_2_1_i" [../hls_files/conv_pool.cpp:223]   --->   Operation 814 'fadd' 'acc_96' <Predicate = true> <Delay = 6.51> <CoreInst = "FAddSub_fulldsp">   --->   Core 18 'FAddSub_fulldsp' <Latency = 4> <II = 1> <Delay = 6.51> <FuncUnit> <Opcode : 'fadd' 'fsub'> <InPorts = 2> <OutPorts = 1>

State 115 <SV = 114> <Delay = 6.51>
ST_115 : Operation 815 [4/5] (6.51ns)   --->   "%acc_96 = fadd i32 %acc_95, i32 %mul35_2_1_i" [../hls_files/conv_pool.cpp:223]   --->   Operation 815 'fadd' 'acc_96' <Predicate = true> <Delay = 6.51> <CoreInst = "FAddSub_fulldsp">   --->   Core 18 'FAddSub_fulldsp' <Latency = 4> <II = 1> <Delay = 6.51> <FuncUnit> <Opcode : 'fadd' 'fsub'> <InPorts = 2> <OutPorts = 1>

State 116 <SV = 115> <Delay = 6.51>
ST_116 : Operation 816 [3/5] (6.51ns)   --->   "%acc_96 = fadd i32 %acc_95, i32 %mul35_2_1_i" [../hls_files/conv_pool.cpp:223]   --->   Operation 816 'fadd' 'acc_96' <Predicate = true> <Delay = 6.51> <CoreInst = "FAddSub_fulldsp">   --->   Core 18 'FAddSub_fulldsp' <Latency = 4> <II = 1> <Delay = 6.51> <FuncUnit> <Opcode : 'fadd' 'fsub'> <InPorts = 2> <OutPorts = 1>

State 117 <SV = 116> <Delay = 6.51>
ST_117 : Operation 817 [2/5] (6.51ns)   --->   "%acc_96 = fadd i32 %acc_95, i32 %mul35_2_1_i" [../hls_files/conv_pool.cpp:223]   --->   Operation 817 'fadd' 'acc_96' <Predicate = true> <Delay = 6.51> <CoreInst = "FAddSub_fulldsp">   --->   Core 18 'FAddSub_fulldsp' <Latency = 4> <II = 1> <Delay = 6.51> <FuncUnit> <Opcode : 'fadd' 'fsub'> <InPorts = 2> <OutPorts = 1>

State 118 <SV = 117> <Delay = 6.51>
ST_118 : Operation 818 [1/5] (6.51ns)   --->   "%acc_96 = fadd i32 %acc_95, i32 %mul35_2_1_i" [../hls_files/conv_pool.cpp:223]   --->   Operation 818 'fadd' 'acc_96' <Predicate = true> <Delay = 6.51> <CoreInst = "FAddSub_fulldsp">   --->   Core 18 'FAddSub_fulldsp' <Latency = 4> <II = 1> <Delay = 6.51> <FuncUnit> <Opcode : 'fadd' 'fsub'> <InPorts = 2> <OutPorts = 1>

State 119 <SV = 118> <Delay = 6.51>
ST_119 : Operation 819 [5/5] (6.51ns)   --->   "%acc_97 = fadd i32 %acc_96, i32 %mul35_2_1_1_i" [../hls_files/conv_pool.cpp:223]   --->   Operation 819 'fadd' 'acc_97' <Predicate = true> <Delay = 6.51> <CoreInst = "FAddSub_fulldsp">   --->   Core 18 'FAddSub_fulldsp' <Latency = 4> <II = 1> <Delay = 6.51> <FuncUnit> <Opcode : 'fadd' 'fsub'> <InPorts = 2> <OutPorts = 1>

State 120 <SV = 119> <Delay = 6.51>
ST_120 : Operation 820 [4/5] (6.51ns)   --->   "%acc_97 = fadd i32 %acc_96, i32 %mul35_2_1_1_i" [../hls_files/conv_pool.cpp:223]   --->   Operation 820 'fadd' 'acc_97' <Predicate = true> <Delay = 6.51> <CoreInst = "FAddSub_fulldsp">   --->   Core 18 'FAddSub_fulldsp' <Latency = 4> <II = 1> <Delay = 6.51> <FuncUnit> <Opcode : 'fadd' 'fsub'> <InPorts = 2> <OutPorts = 1>

State 121 <SV = 120> <Delay = 6.51>
ST_121 : Operation 821 [3/5] (6.51ns)   --->   "%acc_97 = fadd i32 %acc_96, i32 %mul35_2_1_1_i" [../hls_files/conv_pool.cpp:223]   --->   Operation 821 'fadd' 'acc_97' <Predicate = true> <Delay = 6.51> <CoreInst = "FAddSub_fulldsp">   --->   Core 18 'FAddSub_fulldsp' <Latency = 4> <II = 1> <Delay = 6.51> <FuncUnit> <Opcode : 'fadd' 'fsub'> <InPorts = 2> <OutPorts = 1>

State 122 <SV = 121> <Delay = 6.51>
ST_122 : Operation 822 [2/5] (6.51ns)   --->   "%acc_97 = fadd i32 %acc_96, i32 %mul35_2_1_1_i" [../hls_files/conv_pool.cpp:223]   --->   Operation 822 'fadd' 'acc_97' <Predicate = true> <Delay = 6.51> <CoreInst = "FAddSub_fulldsp">   --->   Core 18 'FAddSub_fulldsp' <Latency = 4> <II = 1> <Delay = 6.51> <FuncUnit> <Opcode : 'fadd' 'fsub'> <InPorts = 2> <OutPorts = 1>

State 123 <SV = 122> <Delay = 6.51>
ST_123 : Operation 823 [1/5] (6.51ns)   --->   "%acc_97 = fadd i32 %acc_96, i32 %mul35_2_1_1_i" [../hls_files/conv_pool.cpp:223]   --->   Operation 823 'fadd' 'acc_97' <Predicate = true> <Delay = 6.51> <CoreInst = "FAddSub_fulldsp">   --->   Core 18 'FAddSub_fulldsp' <Latency = 4> <II = 1> <Delay = 6.51> <FuncUnit> <Opcode : 'fadd' 'fsub'> <InPorts = 2> <OutPorts = 1>

State 124 <SV = 123> <Delay = 6.51>
ST_124 : Operation 824 [5/5] (6.51ns)   --->   "%acc_98 = fadd i32 %acc_97, i32 %mul35_2_1_2_i" [../hls_files/conv_pool.cpp:223]   --->   Operation 824 'fadd' 'acc_98' <Predicate = true> <Delay = 6.51> <CoreInst = "FAddSub_fulldsp">   --->   Core 18 'FAddSub_fulldsp' <Latency = 4> <II = 1> <Delay = 6.51> <FuncUnit> <Opcode : 'fadd' 'fsub'> <InPorts = 2> <OutPorts = 1>

State 125 <SV = 124> <Delay = 6.51>
ST_125 : Operation 825 [4/5] (6.51ns)   --->   "%acc_98 = fadd i32 %acc_97, i32 %mul35_2_1_2_i" [../hls_files/conv_pool.cpp:223]   --->   Operation 825 'fadd' 'acc_98' <Predicate = true> <Delay = 6.51> <CoreInst = "FAddSub_fulldsp">   --->   Core 18 'FAddSub_fulldsp' <Latency = 4> <II = 1> <Delay = 6.51> <FuncUnit> <Opcode : 'fadd' 'fsub'> <InPorts = 2> <OutPorts = 1>

State 126 <SV = 125> <Delay = 6.51>
ST_126 : Operation 826 [3/5] (6.51ns)   --->   "%acc_98 = fadd i32 %acc_97, i32 %mul35_2_1_2_i" [../hls_files/conv_pool.cpp:223]   --->   Operation 826 'fadd' 'acc_98' <Predicate = true> <Delay = 6.51> <CoreInst = "FAddSub_fulldsp">   --->   Core 18 'FAddSub_fulldsp' <Latency = 4> <II = 1> <Delay = 6.51> <FuncUnit> <Opcode : 'fadd' 'fsub'> <InPorts = 2> <OutPorts = 1>

State 127 <SV = 126> <Delay = 6.51>
ST_127 : Operation 827 [2/5] (6.51ns)   --->   "%acc_98 = fadd i32 %acc_97, i32 %mul35_2_1_2_i" [../hls_files/conv_pool.cpp:223]   --->   Operation 827 'fadd' 'acc_98' <Predicate = true> <Delay = 6.51> <CoreInst = "FAddSub_fulldsp">   --->   Core 18 'FAddSub_fulldsp' <Latency = 4> <II = 1> <Delay = 6.51> <FuncUnit> <Opcode : 'fadd' 'fsub'> <InPorts = 2> <OutPorts = 1>

State 128 <SV = 127> <Delay = 6.51>
ST_128 : Operation 828 [1/5] (6.51ns)   --->   "%acc_98 = fadd i32 %acc_97, i32 %mul35_2_1_2_i" [../hls_files/conv_pool.cpp:223]   --->   Operation 828 'fadd' 'acc_98' <Predicate = true> <Delay = 6.51> <CoreInst = "FAddSub_fulldsp">   --->   Core 18 'FAddSub_fulldsp' <Latency = 4> <II = 1> <Delay = 6.51> <FuncUnit> <Opcode : 'fadd' 'fsub'> <InPorts = 2> <OutPorts = 1>

State 129 <SV = 128> <Delay = 6.51>
ST_129 : Operation 829 [5/5] (6.51ns)   --->   "%acc_99 = fadd i32 %acc_98, i32 %mul35_2_2_i" [../hls_files/conv_pool.cpp:223]   --->   Operation 829 'fadd' 'acc_99' <Predicate = true> <Delay = 6.51> <CoreInst = "FAddSub_fulldsp">   --->   Core 18 'FAddSub_fulldsp' <Latency = 4> <II = 1> <Delay = 6.51> <FuncUnit> <Opcode : 'fadd' 'fsub'> <InPorts = 2> <OutPorts = 1>

State 130 <SV = 129> <Delay = 6.51>
ST_130 : Operation 830 [4/5] (6.51ns)   --->   "%acc_99 = fadd i32 %acc_98, i32 %mul35_2_2_i" [../hls_files/conv_pool.cpp:223]   --->   Operation 830 'fadd' 'acc_99' <Predicate = true> <Delay = 6.51> <CoreInst = "FAddSub_fulldsp">   --->   Core 18 'FAddSub_fulldsp' <Latency = 4> <II = 1> <Delay = 6.51> <FuncUnit> <Opcode : 'fadd' 'fsub'> <InPorts = 2> <OutPorts = 1>

State 131 <SV = 130> <Delay = 6.51>
ST_131 : Operation 831 [3/5] (6.51ns)   --->   "%acc_99 = fadd i32 %acc_98, i32 %mul35_2_2_i" [../hls_files/conv_pool.cpp:223]   --->   Operation 831 'fadd' 'acc_99' <Predicate = true> <Delay = 6.51> <CoreInst = "FAddSub_fulldsp">   --->   Core 18 'FAddSub_fulldsp' <Latency = 4> <II = 1> <Delay = 6.51> <FuncUnit> <Opcode : 'fadd' 'fsub'> <InPorts = 2> <OutPorts = 1>

State 132 <SV = 131> <Delay = 6.51>
ST_132 : Operation 832 [2/5] (6.51ns)   --->   "%acc_99 = fadd i32 %acc_98, i32 %mul35_2_2_i" [../hls_files/conv_pool.cpp:223]   --->   Operation 832 'fadd' 'acc_99' <Predicate = true> <Delay = 6.51> <CoreInst = "FAddSub_fulldsp">   --->   Core 18 'FAddSub_fulldsp' <Latency = 4> <II = 1> <Delay = 6.51> <FuncUnit> <Opcode : 'fadd' 'fsub'> <InPorts = 2> <OutPorts = 1>

State 133 <SV = 132> <Delay = 6.51>
ST_133 : Operation 833 [1/5] (6.51ns)   --->   "%acc_99 = fadd i32 %acc_98, i32 %mul35_2_2_i" [../hls_files/conv_pool.cpp:223]   --->   Operation 833 'fadd' 'acc_99' <Predicate = true> <Delay = 6.51> <CoreInst = "FAddSub_fulldsp">   --->   Core 18 'FAddSub_fulldsp' <Latency = 4> <II = 1> <Delay = 6.51> <FuncUnit> <Opcode : 'fadd' 'fsub'> <InPorts = 2> <OutPorts = 1>

State 134 <SV = 133> <Delay = 6.51>
ST_134 : Operation 834 [5/5] (6.51ns)   --->   "%acc_100 = fadd i32 %acc_99, i32 %mul35_2_2_1_i" [../hls_files/conv_pool.cpp:223]   --->   Operation 834 'fadd' 'acc_100' <Predicate = true> <Delay = 6.51> <CoreInst = "FAddSub_fulldsp">   --->   Core 18 'FAddSub_fulldsp' <Latency = 4> <II = 1> <Delay = 6.51> <FuncUnit> <Opcode : 'fadd' 'fsub'> <InPorts = 2> <OutPorts = 1>

State 135 <SV = 134> <Delay = 6.51>
ST_135 : Operation 835 [4/5] (6.51ns)   --->   "%acc_100 = fadd i32 %acc_99, i32 %mul35_2_2_1_i" [../hls_files/conv_pool.cpp:223]   --->   Operation 835 'fadd' 'acc_100' <Predicate = true> <Delay = 6.51> <CoreInst = "FAddSub_fulldsp">   --->   Core 18 'FAddSub_fulldsp' <Latency = 4> <II = 1> <Delay = 6.51> <FuncUnit> <Opcode : 'fadd' 'fsub'> <InPorts = 2> <OutPorts = 1>

State 136 <SV = 135> <Delay = 6.51>
ST_136 : Operation 836 [3/5] (6.51ns)   --->   "%acc_100 = fadd i32 %acc_99, i32 %mul35_2_2_1_i" [../hls_files/conv_pool.cpp:223]   --->   Operation 836 'fadd' 'acc_100' <Predicate = true> <Delay = 6.51> <CoreInst = "FAddSub_fulldsp">   --->   Core 18 'FAddSub_fulldsp' <Latency = 4> <II = 1> <Delay = 6.51> <FuncUnit> <Opcode : 'fadd' 'fsub'> <InPorts = 2> <OutPorts = 1>

State 137 <SV = 136> <Delay = 6.51>
ST_137 : Operation 837 [2/5] (6.51ns)   --->   "%acc_100 = fadd i32 %acc_99, i32 %mul35_2_2_1_i" [../hls_files/conv_pool.cpp:223]   --->   Operation 837 'fadd' 'acc_100' <Predicate = true> <Delay = 6.51> <CoreInst = "FAddSub_fulldsp">   --->   Core 18 'FAddSub_fulldsp' <Latency = 4> <II = 1> <Delay = 6.51> <FuncUnit> <Opcode : 'fadd' 'fsub'> <InPorts = 2> <OutPorts = 1>

State 138 <SV = 137> <Delay = 6.51>
ST_138 : Operation 838 [1/5] (6.51ns)   --->   "%acc_100 = fadd i32 %acc_99, i32 %mul35_2_2_1_i" [../hls_files/conv_pool.cpp:223]   --->   Operation 838 'fadd' 'acc_100' <Predicate = true> <Delay = 6.51> <CoreInst = "FAddSub_fulldsp">   --->   Core 18 'FAddSub_fulldsp' <Latency = 4> <II = 1> <Delay = 6.51> <FuncUnit> <Opcode : 'fadd' 'fsub'> <InPorts = 2> <OutPorts = 1>

State 139 <SV = 138> <Delay = 6.51>
ST_139 : Operation 839 [5/5] (6.51ns)   --->   "%acc_101 = fadd i32 %acc_100, i32 %mul35_2_2_2_i" [../hls_files/conv_pool.cpp:223]   --->   Operation 839 'fadd' 'acc_101' <Predicate = true> <Delay = 6.51> <CoreInst = "FAddSub_fulldsp">   --->   Core 18 'FAddSub_fulldsp' <Latency = 4> <II = 1> <Delay = 6.51> <FuncUnit> <Opcode : 'fadd' 'fsub'> <InPorts = 2> <OutPorts = 1>

State 140 <SV = 139> <Delay = 6.51>
ST_140 : Operation 840 [4/5] (6.51ns)   --->   "%acc_101 = fadd i32 %acc_100, i32 %mul35_2_2_2_i" [../hls_files/conv_pool.cpp:223]   --->   Operation 840 'fadd' 'acc_101' <Predicate = true> <Delay = 6.51> <CoreInst = "FAddSub_fulldsp">   --->   Core 18 'FAddSub_fulldsp' <Latency = 4> <II = 1> <Delay = 6.51> <FuncUnit> <Opcode : 'fadd' 'fsub'> <InPorts = 2> <OutPorts = 1>

State 141 <SV = 140> <Delay = 6.51>
ST_141 : Operation 841 [3/5] (6.51ns)   --->   "%acc_101 = fadd i32 %acc_100, i32 %mul35_2_2_2_i" [../hls_files/conv_pool.cpp:223]   --->   Operation 841 'fadd' 'acc_101' <Predicate = true> <Delay = 6.51> <CoreInst = "FAddSub_fulldsp">   --->   Core 18 'FAddSub_fulldsp' <Latency = 4> <II = 1> <Delay = 6.51> <FuncUnit> <Opcode : 'fadd' 'fsub'> <InPorts = 2> <OutPorts = 1>

State 142 <SV = 141> <Delay = 6.51>
ST_142 : Operation 842 [2/5] (6.51ns)   --->   "%acc_101 = fadd i32 %acc_100, i32 %mul35_2_2_2_i" [../hls_files/conv_pool.cpp:223]   --->   Operation 842 'fadd' 'acc_101' <Predicate = true> <Delay = 6.51> <CoreInst = "FAddSub_fulldsp">   --->   Core 18 'FAddSub_fulldsp' <Latency = 4> <II = 1> <Delay = 6.51> <FuncUnit> <Opcode : 'fadd' 'fsub'> <InPorts = 2> <OutPorts = 1>

State 143 <SV = 142> <Delay = 6.51>
ST_143 : Operation 843 [1/5] (6.51ns)   --->   "%acc_101 = fadd i32 %acc_100, i32 %mul35_2_2_2_i" [../hls_files/conv_pool.cpp:223]   --->   Operation 843 'fadd' 'acc_101' <Predicate = true> <Delay = 6.51> <CoreInst = "FAddSub_fulldsp">   --->   Core 18 'FAddSub_fulldsp' <Latency = 4> <II = 1> <Delay = 6.51> <FuncUnit> <Opcode : 'fadd' 'fsub'> <InPorts = 2> <OutPorts = 1>

State 144 <SV = 143> <Delay = 4.24>
ST_144 : Operation 844 [2/2] (4.24ns)   --->   "%tmp_s = fcmp_ogt  i32 %acc_101, i32 0" [../hls_files/conv_pool.cpp:228]   --->   Operation 844 'fcmp' 'tmp_s' <Predicate = true> <Delay = 4.24> <CoreInst = "FCompare">   --->   Core 19 'FCompare' <Latency = 1> <II = 1> <Delay = 4.24> <FuncUnit> <Opcode : 'fcmp'> <InPorts = 2> <OutPorts = 1>

State 145 <SV = 144> <Delay = 5.04>
ST_145 : Operation 845 [1/1] (0.00ns)   --->   "%bitcast_ln228 = bitcast i32 %acc_101" [../hls_files/conv_pool.cpp:228]   --->   Operation 845 'bitcast' 'bitcast_ln228' <Predicate = true> <Delay = 0.00>
ST_145 : Operation 846 [1/1] (0.00ns)   --->   "%tmp = partselect i8 @_ssdm_op_PartSelect.i8.i32.i32.i32, i32 %bitcast_ln228, i32 23, i32 30" [../hls_files/conv_pool.cpp:228]   --->   Operation 846 'partselect' 'tmp' <Predicate = true> <Delay = 0.00>
ST_145 : Operation 847 [1/1] (0.00ns)   --->   "%trunc_ln228 = trunc i32 %bitcast_ln228" [../hls_files/conv_pool.cpp:228]   --->   Operation 847 'trunc' 'trunc_ln228' <Predicate = true> <Delay = 0.00>
ST_145 : Operation 848 [1/1] (1.71ns)   --->   "%icmp_ln228 = icmp_ne  i8 %tmp, i8 255" [../hls_files/conv_pool.cpp:228]   --->   Operation 848 'icmp' 'icmp_ln228' <Predicate = true> <Delay = 1.71> <CoreInst = "Cmp">   --->   Core 9 'Cmp' <Latency = 0> <II = 1> <Delay = 1.71> <FuncUnit> <Opcode : 'seteq' 'setne' 'setle' 'setge' 'setlt' 'setgt'> <InPorts = 2> <OutPorts = 1>
ST_145 : Operation 849 [1/1] (1.98ns)   --->   "%icmp_ln228_1 = icmp_eq  i23 %trunc_ln228, i23 0" [../hls_files/conv_pool.cpp:228]   --->   Operation 849 'icmp' 'icmp_ln228_1' <Predicate = true> <Delay = 1.98> <CoreInst = "Cmp">   --->   Core 9 'Cmp' <Latency = 0> <II = 1> <Delay = 1.98> <FuncUnit> <Opcode : 'seteq' 'setne' 'setle' 'setge' 'setlt' 'setgt'> <InPorts = 2> <OutPorts = 1>
ST_145 : Operation 850 [1/1] (0.00ns) (grouped into LUT with out node select_ln228)   --->   "%or_ln228 = or i1 %icmp_ln228_1, i1 %icmp_ln228" [../hls_files/conv_pool.cpp:228]   --->   Operation 850 'or' 'or_ln228' <Predicate = true> <Delay = 0.00> <CoreInst = "LogicGate">   --->   Core 74 'LogicGate' <Latency = 0> <II = 1> <Delay = 0.80> <FuncUnit> <Opcode : 'and' 'or' 'xor'> <InPorts = 2> <OutPorts = 1>
ST_145 : Operation 851 [1/2] (4.24ns)   --->   "%tmp_s = fcmp_ogt  i32 %acc_101, i32 0" [../hls_files/conv_pool.cpp:228]   --->   Operation 851 'fcmp' 'tmp_s' <Predicate = true> <Delay = 4.24> <CoreInst = "FCompare">   --->   Core 19 'FCompare' <Latency = 1> <II = 1> <Delay = 4.24> <FuncUnit> <Opcode : 'fcmp'> <InPorts = 2> <OutPorts = 1>
ST_145 : Operation 852 [1/1] (0.00ns) (grouped into LUT with out node select_ln228)   --->   "%and_ln228 = and i1 %or_ln228, i1 %tmp_s" [../hls_files/conv_pool.cpp:228]   --->   Operation 852 'and' 'and_ln228' <Predicate = true> <Delay = 0.00> <CoreInst = "LogicGate">   --->   Core 74 'LogicGate' <Latency = 0> <II = 1> <Delay = 0.80> <FuncUnit> <Opcode : 'and' 'or' 'xor'> <InPorts = 2> <OutPorts = 1>
ST_145 : Operation 853 [1/1] (0.80ns) (out node of the LUT)   --->   "%select_ln228 = select i1 %and_ln228, i32 %acc_101, i32 0" [../hls_files/conv_pool.cpp:228]   --->   Operation 853 'select' 'select_ln228' <Predicate = true> <Delay = 0.80> <CoreInst = "Sel">   --->   Core 73 'Sel' <Latency = 0> <II = 1> <Delay = 0.77> <FuncUnit> <Opcode : 'select'> <InPorts = 3> <OutPorts = 1>

State 146 <SV = 145> <Delay = 2.77>
ST_146 : Operation 854 [1/1] (0.00ns)   --->   "%specloopname_ln0 = specloopname void @_ssdm_op_SpecLoopName, void @CONV1_ROW_CONV1_COL_CONV1_FIL_str"   --->   Operation 854 'specloopname' 'specloopname_ln0' <Predicate = true> <Delay = 0.00>
ST_146 : Operation 855 [1/1] (0.00ns)   --->   "%speclooptripcount_ln0 = speclooptripcount void @_ssdm_op_SpecLoopTripCount, i64 605472, i64 605472, i64 605472"   --->   Operation 855 'speclooptripcount' 'speclooptripcount_ln0' <Predicate = true> <Delay = 0.00>
ST_146 : Operation 856 [1/1] (0.00ns)   --->   "%specpipeline_ln216 = specpipeline void @_ssdm_op_SpecPipeline, i32 3, i32 0, i32 0, i32 0, void @empty_38" [../hls_files/conv_pool.cpp:216]   --->   Operation 856 'specpipeline' 'specpipeline_ln216' <Predicate = true> <Delay = 0.00>
ST_146 : Operation 857 [1/1] (0.00ns)   --->   "%tmp_73 = bitconcatenate i18 @_ssdm_op_BitConcatenate.i18.i17.i1, i17 %add_ln228, i1 %trunc_ln215_1" [../hls_files/conv_pool.cpp:228]   --->   Operation 857 'bitconcatenate' 'tmp_73' <Predicate = true> <Delay = 0.00>
ST_146 : Operation 858 [1/1] (0.00ns)   --->   "%zext_ln228_1 = zext i18 %tmp_73" [../hls_files/conv_pool.cpp:228]   --->   Operation 858 'zext' 'zext_ln228_1' <Predicate = true> <Delay = 0.00>
ST_146 : Operation 859 [1/1] (0.00ns)   --->   "%feat1_addr = getelementptr i32 %feat1, i64 0, i64 %zext_ln228_1" [../hls_files/conv_pool.cpp:228]   --->   Operation 859 'getelementptr' 'feat1_addr' <Predicate = true> <Delay = 0.00>
ST_146 : Operation 860 [1/1] (0.00ns)   --->   "%feat1_61_addr = getelementptr i32 %feat1_61, i64 0, i64 %zext_ln228_1" [../hls_files/conv_pool.cpp:228]   --->   Operation 860 'getelementptr' 'feat1_61_addr' <Predicate = true> <Delay = 0.00>
ST_146 : Operation 861 [1/1] (0.00ns)   --->   "%feat1_62_addr = getelementptr i32 %feat1_62, i64 0, i64 %zext_ln228_1" [../hls_files/conv_pool.cpp:228]   --->   Operation 861 'getelementptr' 'feat1_62_addr' <Predicate = true> <Delay = 0.00>
ST_146 : Operation 862 [1/1] (0.00ns)   --->   "%feat1_63_addr = getelementptr i32 %feat1_63, i64 0, i64 %zext_ln228_1" [../hls_files/conv_pool.cpp:228]   --->   Operation 862 'getelementptr' 'feat1_63_addr' <Predicate = true> <Delay = 0.00>
ST_146 : Operation 863 [1/1] ( I:2.77ns O:2.77ns )   --->   "%store_ln228 = store i32 %select_ln228, i18 %feat1_62_addr" [../hls_files/conv_pool.cpp:228]   --->   Operation 863 'store' 'store_ln228' <Predicate = (trunc_ln215_3 == 2)> <Delay = 2.77> <CoreInst = "RAM">   --->   Core 81 'RAM' <Latency = 1> <II = 1> <Delay = 2.77> <Storage> <Opcode : 'load' 'store'> <Ports = 2> <Width = 32> <Depth = 151368> <RAM>
ST_146 : Operation 864 [1/1] (0.00ns)   --->   "%br_ln228 = br void %arrayidx4926.exit.i" [../hls_files/conv_pool.cpp:228]   --->   Operation 864 'br' 'br_ln228' <Predicate = (trunc_ln215_3 == 2)> <Delay = 0.00>
ST_146 : Operation 865 [1/1] ( I:2.77ns O:2.77ns )   --->   "%store_ln228 = store i32 %select_ln228, i18 %feat1_61_addr" [../hls_files/conv_pool.cpp:228]   --->   Operation 865 'store' 'store_ln228' <Predicate = (trunc_ln215_3 == 1)> <Delay = 2.77> <CoreInst = "RAM">   --->   Core 81 'RAM' <Latency = 1> <II = 1> <Delay = 2.77> <Storage> <Opcode : 'load' 'store'> <Ports = 2> <Width = 32> <Depth = 151368> <RAM>
ST_146 : Operation 866 [1/1] (0.00ns)   --->   "%br_ln228 = br void %arrayidx4926.exit.i" [../hls_files/conv_pool.cpp:228]   --->   Operation 866 'br' 'br_ln228' <Predicate = (trunc_ln215_3 == 1)> <Delay = 0.00>
ST_146 : Operation 867 [1/1] ( I:2.77ns O:2.77ns )   --->   "%store_ln228 = store i32 %select_ln228, i18 %feat1_addr" [../hls_files/conv_pool.cpp:228]   --->   Operation 867 'store' 'store_ln228' <Predicate = (trunc_ln215_3 == 0)> <Delay = 2.77> <CoreInst = "RAM">   --->   Core 81 'RAM' <Latency = 1> <II = 1> <Delay = 2.77> <Storage> <Opcode : 'load' 'store'> <Ports = 2> <Width = 32> <Depth = 151368> <RAM>
ST_146 : Operation 868 [1/1] (0.00ns)   --->   "%br_ln228 = br void %arrayidx4926.exit.i" [../hls_files/conv_pool.cpp:228]   --->   Operation 868 'br' 'br_ln228' <Predicate = (trunc_ln215_3 == 0)> <Delay = 0.00>
ST_146 : Operation 869 [1/1] ( I:2.77ns O:2.77ns )   --->   "%store_ln228 = store i32 %select_ln228, i18 %feat1_63_addr" [../hls_files/conv_pool.cpp:228]   --->   Operation 869 'store' 'store_ln228' <Predicate = (trunc_ln215_3 == 3)> <Delay = 2.77> <CoreInst = "RAM">   --->   Core 81 'RAM' <Latency = 1> <II = 1> <Delay = 2.77> <Storage> <Opcode : 'load' 'store'> <Ports = 2> <Width = 32> <Depth = 151368> <RAM>
ST_146 : Operation 870 [1/1] (0.00ns)   --->   "%br_ln228 = br void %arrayidx4926.exit.i" [../hls_files/conv_pool.cpp:228]   --->   Operation 870 'br' 'br_ln228' <Predicate = (trunc_ln215_3 == 3)> <Delay = 0.00>

State 147 <SV = 2> <Delay = 0.00>
ST_147 : Operation 871 [1/1] (0.00ns)   --->   "%ret_ln0 = ret"   --->   Operation 871 'ret' 'ret_ln0' <Predicate = true> <Delay = 0.00>


============================================================
+ Verbose Summary: Binding
============================================================
STG Binding: 
---------------- STG Properties BEGIN ----------------
- Is combinational: 0
- Is one-state seq: 0
- Is datapath-only: 0
- Is pipelined: 0
- Is top level: 0
Port [ Return ] is wired: 1; IO mode=ap_ctrl_hs:ce=0
Port [ feat1]:  wired=1; compound=1; hidden=0; nouse=0; global=0; static=0; extern=0; dir=1; type=1; pingpong=0; private_global=0; MemPort=[03]; IO mode=ap_memory:ce=0
Port [ feat1_61]:  wired=1; compound=1; hidden=0; nouse=0; global=0; static=0; extern=0; dir=1; type=1; pingpong=0; private_global=0; MemPort=[03]; IO mode=ap_memory:ce=0
Port [ feat1_62]:  wired=1; compound=1; hidden=0; nouse=0; global=0; static=0; extern=0; dir=1; type=1; pingpong=0; private_global=0; MemPort=[03]; IO mode=ap_memory:ce=0
Port [ feat1_63]:  wired=1; compound=1; hidden=0; nouse=0; global=0; static=0; extern=0; dir=1; type=1; pingpong=0; private_global=0; MemPort=[03]; IO mode=ap_memory:ce=0
Port [ local_img]:  wired=1; compound=1; hidden=0; nouse=0; global=0; static=0; extern=0; dir=0; type=1; pingpong=0; private_global=0; MemPort=[11]; IO mode=ap_memory:ce=0
Port [ local_img_60]:  wired=1; compound=1; hidden=0; nouse=0; global=0; static=0; extern=0; dir=0; type=1; pingpong=0; private_global=0; MemPort=[11]; IO mode=ap_memory:ce=0
Port [ b1_local]:  wired=1; compound=0; hidden=0; nouse=0; global=1; static=1; extern=0; dir=0; type=0; pingpong=0; private_global=0; IO mode=ap_none:ce=0
Port [ b1_local_10]:  wired=1; compound=0; hidden=0; nouse=0; global=1; static=1; extern=0; dir=0; type=0; pingpong=0; private_global=0; IO mode=ap_none:ce=0
Port [ b1_local_11]:  wired=1; compound=0; hidden=0; nouse=0; global=1; static=1; extern=0; dir=0; type=0; pingpong=0; private_global=0; IO mode=ap_none:ce=0
Port [ b1_local_12]:  wired=1; compound=0; hidden=0; nouse=0; global=1; static=1; extern=0; dir=0; type=0; pingpong=0; private_global=0; IO mode=ap_none:ce=0
Port [ b1_local_13]:  wired=1; compound=0; hidden=0; nouse=0; global=1; static=1; extern=0; dir=0; type=0; pingpong=0; private_global=0; IO mode=ap_none:ce=0
Port [ b1_local_14]:  wired=1; compound=0; hidden=0; nouse=0; global=1; static=1; extern=0; dir=0; type=0; pingpong=0; private_global=0; IO mode=ap_none:ce=0
Port [ b1_local_15]:  wired=1; compound=0; hidden=0; nouse=0; global=1; static=1; extern=0; dir=0; type=0; pingpong=0; private_global=0; IO mode=ap_none:ce=0
Port [ b1_local_16]:  wired=1; compound=0; hidden=0; nouse=0; global=1; static=1; extern=0; dir=0; type=0; pingpong=0; private_global=0; IO mode=ap_none:ce=0
Port [ w1_local]:  wired=1; compound=0; hidden=0; nouse=0; global=1; static=1; extern=0; dir=0; type=0; pingpong=0; private_global=0; IO mode=ap_none:ce=0
Port [ p_ZZ9cnn_accelE8w1_local_27]:  wired=1; compound=0; hidden=0; nouse=0; global=1; static=1; extern=0; dir=0; type=0; pingpong=0; private_global=0; IO mode=ap_none:ce=0
Port [ p_ZZ9cnn_accelE8w1_local_54]:  wired=1; compound=0; hidden=0; nouse=0; global=1; static=1; extern=0; dir=0; type=0; pingpong=0; private_global=0; IO mode=ap_none:ce=0
Port [ p_ZZ9cnn_accelE8w1_local_81]:  wired=1; compound=0; hidden=0; nouse=0; global=1; static=1; extern=0; dir=0; type=0; pingpong=0; private_global=0; IO mode=ap_none:ce=0
Port [ p_ZZ9cnn_accelE8w1_local_108]:  wired=1; compound=0; hidden=0; nouse=0; global=1; static=1; extern=0; dir=0; type=0; pingpong=0; private_global=0; IO mode=ap_none:ce=0
Port [ p_ZZ9cnn_accelE8w1_local_135]:  wired=1; compound=0; hidden=0; nouse=0; global=1; static=1; extern=0; dir=0; type=0; pingpong=0; private_global=0; IO mode=ap_none:ce=0
Port [ p_ZZ9cnn_accelE8w1_local_162]:  wired=1; compound=0; hidden=0; nouse=0; global=1; static=1; extern=0; dir=0; type=0; pingpong=0; private_global=0; IO mode=ap_none:ce=0
Port [ p_ZZ9cnn_accelE8w1_local_189]:  wired=1; compound=0; hidden=0; nouse=0; global=1; static=1; extern=0; dir=0; type=0; pingpong=0; private_global=0; IO mode=ap_none:ce=0
Port [ w1_local_9]:  wired=1; compound=0; hidden=0; nouse=0; global=1; static=1; extern=0; dir=0; type=0; pingpong=0; private_global=0; IO mode=ap_none:ce=0
Port [ p_ZZ9cnn_accelE8w1_local_36]:  wired=1; compound=0; hidden=0; nouse=0; global=1; static=1; extern=0; dir=0; type=0; pingpong=0; private_global=0; IO mode=ap_none:ce=0
Port [ p_ZZ9cnn_accelE8w1_local_63]:  wired=1; compound=0; hidden=0; nouse=0; global=1; static=1; extern=0; dir=0; type=0; pingpong=0; private_global=0; IO mode=ap_none:ce=0
Port [ p_ZZ9cnn_accelE8w1_local_90]:  wired=1; compound=0; hidden=0; nouse=0; global=1; static=1; extern=0; dir=0; type=0; pingpong=0; private_global=0; IO mode=ap_none:ce=0
Port [ p_ZZ9cnn_accelE8w1_local_117]:  wired=1; compound=0; hidden=0; nouse=0; global=1; static=1; extern=0; dir=0; type=0; pingpong=0; private_global=0; IO mode=ap_none:ce=0
Port [ p_ZZ9cnn_accelE8w1_local_144]:  wired=1; compound=0; hidden=0; nouse=0; global=1; static=1; extern=0; dir=0; type=0; pingpong=0; private_global=0; IO mode=ap_none:ce=0
Port [ p_ZZ9cnn_accelE8w1_local_171]:  wired=1; compound=0; hidden=0; nouse=0; global=1; static=1; extern=0; dir=0; type=0; pingpong=0; private_global=0; IO mode=ap_none:ce=0
Port [ p_ZZ9cnn_accelE8w1_local_198]:  wired=1; compound=0; hidden=0; nouse=0; global=1; static=1; extern=0; dir=0; type=0; pingpong=0; private_global=0; IO mode=ap_none:ce=0
Port [ p_ZZ9cnn_accelE8w1_local_18]:  wired=1; compound=0; hidden=0; nouse=0; global=1; static=1; extern=0; dir=0; type=0; pingpong=0; private_global=0; IO mode=ap_none:ce=0
Port [ p_ZZ9cnn_accelE8w1_local_45]:  wired=1; compound=0; hidden=0; nouse=0; global=1; static=1; extern=0; dir=0; type=0; pingpong=0; private_global=0; IO mode=ap_none:ce=0
Port [ p_ZZ9cnn_accelE8w1_local_72]:  wired=1; compound=0; hidden=0; nouse=0; global=1; static=1; extern=0; dir=0; type=0; pingpong=0; private_global=0; IO mode=ap_none:ce=0
Port [ p_ZZ9cnn_accelE8w1_local_99]:  wired=1; compound=0; hidden=0; nouse=0; global=1; static=1; extern=0; dir=0; type=0; pingpong=0; private_global=0; IO mode=ap_none:ce=0
Port [ p_ZZ9cnn_accelE8w1_local_126]:  wired=1; compound=0; hidden=0; nouse=0; global=1; static=1; extern=0; dir=0; type=0; pingpong=0; private_global=0; IO mode=ap_none:ce=0
Port [ p_ZZ9cnn_accelE8w1_local_153]:  wired=1; compound=0; hidden=0; nouse=0; global=1; static=1; extern=0; dir=0; type=0; pingpong=0; private_global=0; IO mode=ap_none:ce=0
Port [ p_ZZ9cnn_accelE8w1_local_180]:  wired=1; compound=0; hidden=0; nouse=0; global=1; static=1; extern=0; dir=0; type=0; pingpong=0; private_global=0; IO mode=ap_none:ce=0
Port [ p_ZZ9cnn_accelE8w1_local_207]:  wired=1; compound=0; hidden=0; nouse=0; global=1; static=1; extern=0; dir=0; type=0; pingpong=0; private_global=0; IO mode=ap_none:ce=0
Port [ w1_local_1]:  wired=1; compound=0; hidden=0; nouse=0; global=1; static=1; extern=0; dir=0; type=0; pingpong=0; private_global=0; IO mode=ap_none:ce=0
Port [ p_ZZ9cnn_accelE8w1_local_28]:  wired=1; compound=0; hidden=0; nouse=0; global=1; static=1; extern=0; dir=0; type=0; pingpong=0; private_global=0; IO mode=ap_none:ce=0
Port [ p_ZZ9cnn_accelE8w1_local_55]:  wired=1; compound=0; hidden=0; nouse=0; global=1; static=1; extern=0; dir=0; type=0; pingpong=0; private_global=0; IO mode=ap_none:ce=0
Port [ p_ZZ9cnn_accelE8w1_local_82]:  wired=1; compound=0; hidden=0; nouse=0; global=1; static=1; extern=0; dir=0; type=0; pingpong=0; private_global=0; IO mode=ap_none:ce=0
Port [ p_ZZ9cnn_accelE8w1_local_109]:  wired=1; compound=0; hidden=0; nouse=0; global=1; static=1; extern=0; dir=0; type=0; pingpong=0; private_global=0; IO mode=ap_none:ce=0
Port [ p_ZZ9cnn_accelE8w1_local_136]:  wired=1; compound=0; hidden=0; nouse=0; global=1; static=1; extern=0; dir=0; type=0; pingpong=0; private_global=0; IO mode=ap_none:ce=0
Port [ p_ZZ9cnn_accelE8w1_local_163]:  wired=1; compound=0; hidden=0; nouse=0; global=1; static=1; extern=0; dir=0; type=0; pingpong=0; private_global=0; IO mode=ap_none:ce=0
Port [ p_ZZ9cnn_accelE8w1_local_190]:  wired=1; compound=0; hidden=0; nouse=0; global=1; static=1; extern=0; dir=0; type=0; pingpong=0; private_global=0; IO mode=ap_none:ce=0
Port [ p_ZZ9cnn_accelE8w1_local_10]:  wired=1; compound=0; hidden=0; nouse=0; global=1; static=1; extern=0; dir=0; type=0; pingpong=0; private_global=0; IO mode=ap_none:ce=0
Port [ p_ZZ9cnn_accelE8w1_local_37]:  wired=1; compound=0; hidden=0; nouse=0; global=1; static=1; extern=0; dir=0; type=0; pingpong=0; private_global=0; IO mode=ap_none:ce=0
Port [ p_ZZ9cnn_accelE8w1_local_64]:  wired=1; compound=0; hidden=0; nouse=0; global=1; static=1; extern=0; dir=0; type=0; pingpong=0; private_global=0; IO mode=ap_none:ce=0
Port [ p_ZZ9cnn_accelE8w1_local_91]:  wired=1; compound=0; hidden=0; nouse=0; global=1; static=1; extern=0; dir=0; type=0; pingpong=0; private_global=0; IO mode=ap_none:ce=0
Port [ p_ZZ9cnn_accelE8w1_local_118]:  wired=1; compound=0; hidden=0; nouse=0; global=1; static=1; extern=0; dir=0; type=0; pingpong=0; private_global=0; IO mode=ap_none:ce=0
Port [ p_ZZ9cnn_accelE8w1_local_145]:  wired=1; compound=0; hidden=0; nouse=0; global=1; static=1; extern=0; dir=0; type=0; pingpong=0; private_global=0; IO mode=ap_none:ce=0
Port [ p_ZZ9cnn_accelE8w1_local_172]:  wired=1; compound=0; hidden=0; nouse=0; global=1; static=1; extern=0; dir=0; type=0; pingpong=0; private_global=0; IO mode=ap_none:ce=0
Port [ p_ZZ9cnn_accelE8w1_local_199]:  wired=1; compound=0; hidden=0; nouse=0; global=1; static=1; extern=0; dir=0; type=0; pingpong=0; private_global=0; IO mode=ap_none:ce=0
Port [ p_ZZ9cnn_accelE8w1_local_19]:  wired=1; compound=0; hidden=0; nouse=0; global=1; static=1; extern=0; dir=0; type=0; pingpong=0; private_global=0; IO mode=ap_none:ce=0
Port [ p_ZZ9cnn_accelE8w1_local_46]:  wired=1; compound=0; hidden=0; nouse=0; global=1; static=1; extern=0; dir=0; type=0; pingpong=0; private_global=0; IO mode=ap_none:ce=0
Port [ p_ZZ9cnn_accelE8w1_local_73]:  wired=1; compound=0; hidden=0; nouse=0; global=1; static=1; extern=0; dir=0; type=0; pingpong=0; private_global=0; IO mode=ap_none:ce=0
Port [ p_ZZ9cnn_accelE8w1_local_100]:  wired=1; compound=0; hidden=0; nouse=0; global=1; static=1; extern=0; dir=0; type=0; pingpong=0; private_global=0; IO mode=ap_none:ce=0
Port [ p_ZZ9cnn_accelE8w1_local_127]:  wired=1; compound=0; hidden=0; nouse=0; global=1; static=1; extern=0; dir=0; type=0; pingpong=0; private_global=0; IO mode=ap_none:ce=0
Port [ p_ZZ9cnn_accelE8w1_local_154]:  wired=1; compound=0; hidden=0; nouse=0; global=1; static=1; extern=0; dir=0; type=0; pingpong=0; private_global=0; IO mode=ap_none:ce=0
Port [ p_ZZ9cnn_accelE8w1_local_181]:  wired=1; compound=0; hidden=0; nouse=0; global=1; static=1; extern=0; dir=0; type=0; pingpong=0; private_global=0; IO mode=ap_none:ce=0
Port [ p_ZZ9cnn_accelE8w1_local_208]:  wired=1; compound=0; hidden=0; nouse=0; global=1; static=1; extern=0; dir=0; type=0; pingpong=0; private_global=0; IO mode=ap_none:ce=0
Port [ w1_local_2]:  wired=1; compound=0; hidden=0; nouse=0; global=1; static=1; extern=0; dir=0; type=0; pingpong=0; private_global=0; IO mode=ap_none:ce=0
Port [ p_ZZ9cnn_accelE8w1_local_29]:  wired=1; compound=0; hidden=0; nouse=0; global=1; static=1; extern=0; dir=0; type=0; pingpong=0; private_global=0; IO mode=ap_none:ce=0
Port [ p_ZZ9cnn_accelE8w1_local_56]:  wired=1; compound=0; hidden=0; nouse=0; global=1; static=1; extern=0; dir=0; type=0; pingpong=0; private_global=0; IO mode=ap_none:ce=0
Port [ p_ZZ9cnn_accelE8w1_local_83]:  wired=1; compound=0; hidden=0; nouse=0; global=1; static=1; extern=0; dir=0; type=0; pingpong=0; private_global=0; IO mode=ap_none:ce=0
Port [ p_ZZ9cnn_accelE8w1_local_110]:  wired=1; compound=0; hidden=0; nouse=0; global=1; static=1; extern=0; dir=0; type=0; pingpong=0; private_global=0; IO mode=ap_none:ce=0
Port [ p_ZZ9cnn_accelE8w1_local_137]:  wired=1; compound=0; hidden=0; nouse=0; global=1; static=1; extern=0; dir=0; type=0; pingpong=0; private_global=0; IO mode=ap_none:ce=0
Port [ p_ZZ9cnn_accelE8w1_local_164]:  wired=1; compound=0; hidden=0; nouse=0; global=1; static=1; extern=0; dir=0; type=0; pingpong=0; private_global=0; IO mode=ap_none:ce=0
Port [ p_ZZ9cnn_accelE8w1_local_191]:  wired=1; compound=0; hidden=0; nouse=0; global=1; static=1; extern=0; dir=0; type=0; pingpong=0; private_global=0; IO mode=ap_none:ce=0
Port [ p_ZZ9cnn_accelE8w1_local_11]:  wired=1; compound=0; hidden=0; nouse=0; global=1; static=1; extern=0; dir=0; type=0; pingpong=0; private_global=0; IO mode=ap_none:ce=0
Port [ p_ZZ9cnn_accelE8w1_local_38]:  wired=1; compound=0; hidden=0; nouse=0; global=1; static=1; extern=0; dir=0; type=0; pingpong=0; private_global=0; IO mode=ap_none:ce=0
Port [ p_ZZ9cnn_accelE8w1_local_65]:  wired=1; compound=0; hidden=0; nouse=0; global=1; static=1; extern=0; dir=0; type=0; pingpong=0; private_global=0; IO mode=ap_none:ce=0
Port [ p_ZZ9cnn_accelE8w1_local_92]:  wired=1; compound=0; hidden=0; nouse=0; global=1; static=1; extern=0; dir=0; type=0; pingpong=0; private_global=0; IO mode=ap_none:ce=0
Port [ p_ZZ9cnn_accelE8w1_local_119]:  wired=1; compound=0; hidden=0; nouse=0; global=1; static=1; extern=0; dir=0; type=0; pingpong=0; private_global=0; IO mode=ap_none:ce=0
Port [ p_ZZ9cnn_accelE8w1_local_146]:  wired=1; compound=0; hidden=0; nouse=0; global=1; static=1; extern=0; dir=0; type=0; pingpong=0; private_global=0; IO mode=ap_none:ce=0
Port [ p_ZZ9cnn_accelE8w1_local_173]:  wired=1; compound=0; hidden=0; nouse=0; global=1; static=1; extern=0; dir=0; type=0; pingpong=0; private_global=0; IO mode=ap_none:ce=0
Port [ p_ZZ9cnn_accelE8w1_local_200]:  wired=1; compound=0; hidden=0; nouse=0; global=1; static=1; extern=0; dir=0; type=0; pingpong=0; private_global=0; IO mode=ap_none:ce=0
Port [ p_ZZ9cnn_accelE8w1_local_20]:  wired=1; compound=0; hidden=0; nouse=0; global=1; static=1; extern=0; dir=0; type=0; pingpong=0; private_global=0; IO mode=ap_none:ce=0
Port [ p_ZZ9cnn_accelE8w1_local_47]:  wired=1; compound=0; hidden=0; nouse=0; global=1; static=1; extern=0; dir=0; type=0; pingpong=0; private_global=0; IO mode=ap_none:ce=0
Port [ p_ZZ9cnn_accelE8w1_local_74]:  wired=1; compound=0; hidden=0; nouse=0; global=1; static=1; extern=0; dir=0; type=0; pingpong=0; private_global=0; IO mode=ap_none:ce=0
Port [ p_ZZ9cnn_accelE8w1_local_101]:  wired=1; compound=0; hidden=0; nouse=0; global=1; static=1; extern=0; dir=0; type=0; pingpong=0; private_global=0; IO mode=ap_none:ce=0
Port [ p_ZZ9cnn_accelE8w1_local_128]:  wired=1; compound=0; hidden=0; nouse=0; global=1; static=1; extern=0; dir=0; type=0; pingpong=0; private_global=0; IO mode=ap_none:ce=0
Port [ p_ZZ9cnn_accelE8w1_local_155]:  wired=1; compound=0; hidden=0; nouse=0; global=1; static=1; extern=0; dir=0; type=0; pingpong=0; private_global=0; IO mode=ap_none:ce=0
Port [ p_ZZ9cnn_accelE8w1_local_182]:  wired=1; compound=0; hidden=0; nouse=0; global=1; static=1; extern=0; dir=0; type=0; pingpong=0; private_global=0; IO mode=ap_none:ce=0
Port [ p_ZZ9cnn_accelE8w1_local_209]:  wired=1; compound=0; hidden=0; nouse=0; global=1; static=1; extern=0; dir=0; type=0; pingpong=0; private_global=0; IO mode=ap_none:ce=0
Port [ w1_local_3]:  wired=1; compound=0; hidden=0; nouse=0; global=1; static=1; extern=0; dir=0; type=0; pingpong=0; private_global=0; IO mode=ap_none:ce=0
Port [ p_ZZ9cnn_accelE8w1_local_30]:  wired=1; compound=0; hidden=0; nouse=0; global=1; static=1; extern=0; dir=0; type=0; pingpong=0; private_global=0; IO mode=ap_none:ce=0
Port [ p_ZZ9cnn_accelE8w1_local_57]:  wired=1; compound=0; hidden=0; nouse=0; global=1; static=1; extern=0; dir=0; type=0; pingpong=0; private_global=0; IO mode=ap_none:ce=0
Port [ p_ZZ9cnn_accelE8w1_local_84]:  wired=1; compound=0; hidden=0; nouse=0; global=1; static=1; extern=0; dir=0; type=0; pingpong=0; private_global=0; IO mode=ap_none:ce=0
Port [ p_ZZ9cnn_accelE8w1_local_111]:  wired=1; compound=0; hidden=0; nouse=0; global=1; static=1; extern=0; dir=0; type=0; pingpong=0; private_global=0; IO mode=ap_none:ce=0
Port [ p_ZZ9cnn_accelE8w1_local_138]:  wired=1; compound=0; hidden=0; nouse=0; global=1; static=1; extern=0; dir=0; type=0; pingpong=0; private_global=0; IO mode=ap_none:ce=0
Port [ p_ZZ9cnn_accelE8w1_local_165]:  wired=1; compound=0; hidden=0; nouse=0; global=1; static=1; extern=0; dir=0; type=0; pingpong=0; private_global=0; IO mode=ap_none:ce=0
Port [ p_ZZ9cnn_accelE8w1_local_192]:  wired=1; compound=0; hidden=0; nouse=0; global=1; static=1; extern=0; dir=0; type=0; pingpong=0; private_global=0; IO mode=ap_none:ce=0
Port [ p_ZZ9cnn_accelE8w1_local_12]:  wired=1; compound=0; hidden=0; nouse=0; global=1; static=1; extern=0; dir=0; type=0; pingpong=0; private_global=0; IO mode=ap_none:ce=0
Port [ p_ZZ9cnn_accelE8w1_local_39]:  wired=1; compound=0; hidden=0; nouse=0; global=1; static=1; extern=0; dir=0; type=0; pingpong=0; private_global=0; IO mode=ap_none:ce=0
Port [ p_ZZ9cnn_accelE8w1_local_66]:  wired=1; compound=0; hidden=0; nouse=0; global=1; static=1; extern=0; dir=0; type=0; pingpong=0; private_global=0; IO mode=ap_none:ce=0
Port [ p_ZZ9cnn_accelE8w1_local_93]:  wired=1; compound=0; hidden=0; nouse=0; global=1; static=1; extern=0; dir=0; type=0; pingpong=0; private_global=0; IO mode=ap_none:ce=0
Port [ p_ZZ9cnn_accelE8w1_local_120]:  wired=1; compound=0; hidden=0; nouse=0; global=1; static=1; extern=0; dir=0; type=0; pingpong=0; private_global=0; IO mode=ap_none:ce=0
Port [ p_ZZ9cnn_accelE8w1_local_147]:  wired=1; compound=0; hidden=0; nouse=0; global=1; static=1; extern=0; dir=0; type=0; pingpong=0; private_global=0; IO mode=ap_none:ce=0
Port [ p_ZZ9cnn_accelE8w1_local_174]:  wired=1; compound=0; hidden=0; nouse=0; global=1; static=1; extern=0; dir=0; type=0; pingpong=0; private_global=0; IO mode=ap_none:ce=0
Port [ p_ZZ9cnn_accelE8w1_local_201]:  wired=1; compound=0; hidden=0; nouse=0; global=1; static=1; extern=0; dir=0; type=0; pingpong=0; private_global=0; IO mode=ap_none:ce=0
Port [ p_ZZ9cnn_accelE8w1_local_21]:  wired=1; compound=0; hidden=0; nouse=0; global=1; static=1; extern=0; dir=0; type=0; pingpong=0; private_global=0; IO mode=ap_none:ce=0
Port [ p_ZZ9cnn_accelE8w1_local_48]:  wired=1; compound=0; hidden=0; nouse=0; global=1; static=1; extern=0; dir=0; type=0; pingpong=0; private_global=0; IO mode=ap_none:ce=0
Port [ p_ZZ9cnn_accelE8w1_local_75]:  wired=1; compound=0; hidden=0; nouse=0; global=1; static=1; extern=0; dir=0; type=0; pingpong=0; private_global=0; IO mode=ap_none:ce=0
Port [ p_ZZ9cnn_accelE8w1_local_102]:  wired=1; compound=0; hidden=0; nouse=0; global=1; static=1; extern=0; dir=0; type=0; pingpong=0; private_global=0; IO mode=ap_none:ce=0
Port [ p_ZZ9cnn_accelE8w1_local_129]:  wired=1; compound=0; hidden=0; nouse=0; global=1; static=1; extern=0; dir=0; type=0; pingpong=0; private_global=0; IO mode=ap_none:ce=0
Port [ p_ZZ9cnn_accelE8w1_local_156]:  wired=1; compound=0; hidden=0; nouse=0; global=1; static=1; extern=0; dir=0; type=0; pingpong=0; private_global=0; IO mode=ap_none:ce=0
Port [ p_ZZ9cnn_accelE8w1_local_183]:  wired=1; compound=0; hidden=0; nouse=0; global=1; static=1; extern=0; dir=0; type=0; pingpong=0; private_global=0; IO mode=ap_none:ce=0
Port [ p_ZZ9cnn_accelE8w1_local_210]:  wired=1; compound=0; hidden=0; nouse=0; global=1; static=1; extern=0; dir=0; type=0; pingpong=0; private_global=0; IO mode=ap_none:ce=0
Port [ w1_local_4]:  wired=1; compound=0; hidden=0; nouse=0; global=1; static=1; extern=0; dir=0; type=0; pingpong=0; private_global=0; IO mode=ap_none:ce=0
Port [ p_ZZ9cnn_accelE8w1_local_31]:  wired=1; compound=0; hidden=0; nouse=0; global=1; static=1; extern=0; dir=0; type=0; pingpong=0; private_global=0; IO mode=ap_none:ce=0
Port [ p_ZZ9cnn_accelE8w1_local_58]:  wired=1; compound=0; hidden=0; nouse=0; global=1; static=1; extern=0; dir=0; type=0; pingpong=0; private_global=0; IO mode=ap_none:ce=0
Port [ p_ZZ9cnn_accelE8w1_local_85]:  wired=1; compound=0; hidden=0; nouse=0; global=1; static=1; extern=0; dir=0; type=0; pingpong=0; private_global=0; IO mode=ap_none:ce=0
Port [ p_ZZ9cnn_accelE8w1_local_112]:  wired=1; compound=0; hidden=0; nouse=0; global=1; static=1; extern=0; dir=0; type=0; pingpong=0; private_global=0; IO mode=ap_none:ce=0
Port [ p_ZZ9cnn_accelE8w1_local_139]:  wired=1; compound=0; hidden=0; nouse=0; global=1; static=1; extern=0; dir=0; type=0; pingpong=0; private_global=0; IO mode=ap_none:ce=0
Port [ p_ZZ9cnn_accelE8w1_local_166]:  wired=1; compound=0; hidden=0; nouse=0; global=1; static=1; extern=0; dir=0; type=0; pingpong=0; private_global=0; IO mode=ap_none:ce=0
Port [ p_ZZ9cnn_accelE8w1_local_193]:  wired=1; compound=0; hidden=0; nouse=0; global=1; static=1; extern=0; dir=0; type=0; pingpong=0; private_global=0; IO mode=ap_none:ce=0
Port [ p_ZZ9cnn_accelE8w1_local_13]:  wired=1; compound=0; hidden=0; nouse=0; global=1; static=1; extern=0; dir=0; type=0; pingpong=0; private_global=0; IO mode=ap_none:ce=0
Port [ p_ZZ9cnn_accelE8w1_local_40]:  wired=1; compound=0; hidden=0; nouse=0; global=1; static=1; extern=0; dir=0; type=0; pingpong=0; private_global=0; IO mode=ap_none:ce=0
Port [ p_ZZ9cnn_accelE8w1_local_67]:  wired=1; compound=0; hidden=0; nouse=0; global=1; static=1; extern=0; dir=0; type=0; pingpong=0; private_global=0; IO mode=ap_none:ce=0
Port [ p_ZZ9cnn_accelE8w1_local_94]:  wired=1; compound=0; hidden=0; nouse=0; global=1; static=1; extern=0; dir=0; type=0; pingpong=0; private_global=0; IO mode=ap_none:ce=0
Port [ p_ZZ9cnn_accelE8w1_local_121]:  wired=1; compound=0; hidden=0; nouse=0; global=1; static=1; extern=0; dir=0; type=0; pingpong=0; private_global=0; IO mode=ap_none:ce=0
Port [ p_ZZ9cnn_accelE8w1_local_148]:  wired=1; compound=0; hidden=0; nouse=0; global=1; static=1; extern=0; dir=0; type=0; pingpong=0; private_global=0; IO mode=ap_none:ce=0
Port [ p_ZZ9cnn_accelE8w1_local_175]:  wired=1; compound=0; hidden=0; nouse=0; global=1; static=1; extern=0; dir=0; type=0; pingpong=0; private_global=0; IO mode=ap_none:ce=0
Port [ p_ZZ9cnn_accelE8w1_local_202]:  wired=1; compound=0; hidden=0; nouse=0; global=1; static=1; extern=0; dir=0; type=0; pingpong=0; private_global=0; IO mode=ap_none:ce=0
Port [ p_ZZ9cnn_accelE8w1_local_22]:  wired=1; compound=0; hidden=0; nouse=0; global=1; static=1; extern=0; dir=0; type=0; pingpong=0; private_global=0; IO mode=ap_none:ce=0
Port [ p_ZZ9cnn_accelE8w1_local_49]:  wired=1; compound=0; hidden=0; nouse=0; global=1; static=1; extern=0; dir=0; type=0; pingpong=0; private_global=0; IO mode=ap_none:ce=0
Port [ p_ZZ9cnn_accelE8w1_local_76]:  wired=1; compound=0; hidden=0; nouse=0; global=1; static=1; extern=0; dir=0; type=0; pingpong=0; private_global=0; IO mode=ap_none:ce=0
Port [ p_ZZ9cnn_accelE8w1_local_103]:  wired=1; compound=0; hidden=0; nouse=0; global=1; static=1; extern=0; dir=0; type=0; pingpong=0; private_global=0; IO mode=ap_none:ce=0
Port [ p_ZZ9cnn_accelE8w1_local_130]:  wired=1; compound=0; hidden=0; nouse=0; global=1; static=1; extern=0; dir=0; type=0; pingpong=0; private_global=0; IO mode=ap_none:ce=0
Port [ p_ZZ9cnn_accelE8w1_local_157]:  wired=1; compound=0; hidden=0; nouse=0; global=1; static=1; extern=0; dir=0; type=0; pingpong=0; private_global=0; IO mode=ap_none:ce=0
Port [ p_ZZ9cnn_accelE8w1_local_184]:  wired=1; compound=0; hidden=0; nouse=0; global=1; static=1; extern=0; dir=0; type=0; pingpong=0; private_global=0; IO mode=ap_none:ce=0
Port [ p_ZZ9cnn_accelE8w1_local_211]:  wired=1; compound=0; hidden=0; nouse=0; global=1; static=1; extern=0; dir=0; type=0; pingpong=0; private_global=0; IO mode=ap_none:ce=0
Port [ w1_local_5]:  wired=1; compound=0; hidden=0; nouse=0; global=1; static=1; extern=0; dir=0; type=0; pingpong=0; private_global=0; IO mode=ap_none:ce=0
Port [ p_ZZ9cnn_accelE8w1_local_32]:  wired=1; compound=0; hidden=0; nouse=0; global=1; static=1; extern=0; dir=0; type=0; pingpong=0; private_global=0; IO mode=ap_none:ce=0
Port [ p_ZZ9cnn_accelE8w1_local_59]:  wired=1; compound=0; hidden=0; nouse=0; global=1; static=1; extern=0; dir=0; type=0; pingpong=0; private_global=0; IO mode=ap_none:ce=0
Port [ p_ZZ9cnn_accelE8w1_local_86]:  wired=1; compound=0; hidden=0; nouse=0; global=1; static=1; extern=0; dir=0; type=0; pingpong=0; private_global=0; IO mode=ap_none:ce=0
Port [ p_ZZ9cnn_accelE8w1_local_113]:  wired=1; compound=0; hidden=0; nouse=0; global=1; static=1; extern=0; dir=0; type=0; pingpong=0; private_global=0; IO mode=ap_none:ce=0
Port [ p_ZZ9cnn_accelE8w1_local_140]:  wired=1; compound=0; hidden=0; nouse=0; global=1; static=1; extern=0; dir=0; type=0; pingpong=0; private_global=0; IO mode=ap_none:ce=0
Port [ p_ZZ9cnn_accelE8w1_local_167]:  wired=1; compound=0; hidden=0; nouse=0; global=1; static=1; extern=0; dir=0; type=0; pingpong=0; private_global=0; IO mode=ap_none:ce=0
Port [ p_ZZ9cnn_accelE8w1_local_194]:  wired=1; compound=0; hidden=0; nouse=0; global=1; static=1; extern=0; dir=0; type=0; pingpong=0; private_global=0; IO mode=ap_none:ce=0
Port [ p_ZZ9cnn_accelE8w1_local_14]:  wired=1; compound=0; hidden=0; nouse=0; global=1; static=1; extern=0; dir=0; type=0; pingpong=0; private_global=0; IO mode=ap_none:ce=0
Port [ p_ZZ9cnn_accelE8w1_local_41]:  wired=1; compound=0; hidden=0; nouse=0; global=1; static=1; extern=0; dir=0; type=0; pingpong=0; private_global=0; IO mode=ap_none:ce=0
Port [ p_ZZ9cnn_accelE8w1_local_68]:  wired=1; compound=0; hidden=0; nouse=0; global=1; static=1; extern=0; dir=0; type=0; pingpong=0; private_global=0; IO mode=ap_none:ce=0
Port [ p_ZZ9cnn_accelE8w1_local_95]:  wired=1; compound=0; hidden=0; nouse=0; global=1; static=1; extern=0; dir=0; type=0; pingpong=0; private_global=0; IO mode=ap_none:ce=0
Port [ p_ZZ9cnn_accelE8w1_local_122]:  wired=1; compound=0; hidden=0; nouse=0; global=1; static=1; extern=0; dir=0; type=0; pingpong=0; private_global=0; IO mode=ap_none:ce=0
Port [ p_ZZ9cnn_accelE8w1_local_149]:  wired=1; compound=0; hidden=0; nouse=0; global=1; static=1; extern=0; dir=0; type=0; pingpong=0; private_global=0; IO mode=ap_none:ce=0
Port [ p_ZZ9cnn_accelE8w1_local_176]:  wired=1; compound=0; hidden=0; nouse=0; global=1; static=1; extern=0; dir=0; type=0; pingpong=0; private_global=0; IO mode=ap_none:ce=0
Port [ p_ZZ9cnn_accelE8w1_local_203]:  wired=1; compound=0; hidden=0; nouse=0; global=1; static=1; extern=0; dir=0; type=0; pingpong=0; private_global=0; IO mode=ap_none:ce=0
Port [ p_ZZ9cnn_accelE8w1_local_23]:  wired=1; compound=0; hidden=0; nouse=0; global=1; static=1; extern=0; dir=0; type=0; pingpong=0; private_global=0; IO mode=ap_none:ce=0
Port [ p_ZZ9cnn_accelE8w1_local_50]:  wired=1; compound=0; hidden=0; nouse=0; global=1; static=1; extern=0; dir=0; type=0; pingpong=0; private_global=0; IO mode=ap_none:ce=0
Port [ p_ZZ9cnn_accelE8w1_local_77]:  wired=1; compound=0; hidden=0; nouse=0; global=1; static=1; extern=0; dir=0; type=0; pingpong=0; private_global=0; IO mode=ap_none:ce=0
Port [ p_ZZ9cnn_accelE8w1_local_104]:  wired=1; compound=0; hidden=0; nouse=0; global=1; static=1; extern=0; dir=0; type=0; pingpong=0; private_global=0; IO mode=ap_none:ce=0
Port [ p_ZZ9cnn_accelE8w1_local_131]:  wired=1; compound=0; hidden=0; nouse=0; global=1; static=1; extern=0; dir=0; type=0; pingpong=0; private_global=0; IO mode=ap_none:ce=0
Port [ p_ZZ9cnn_accelE8w1_local_158]:  wired=1; compound=0; hidden=0; nouse=0; global=1; static=1; extern=0; dir=0; type=0; pingpong=0; private_global=0; IO mode=ap_none:ce=0
Port [ p_ZZ9cnn_accelE8w1_local_185]:  wired=1; compound=0; hidden=0; nouse=0; global=1; static=1; extern=0; dir=0; type=0; pingpong=0; private_global=0; IO mode=ap_none:ce=0
Port [ p_ZZ9cnn_accelE8w1_local_212]:  wired=1; compound=0; hidden=0; nouse=0; global=1; static=1; extern=0; dir=0; type=0; pingpong=0; private_global=0; IO mode=ap_none:ce=0
Port [ w1_local_6]:  wired=1; compound=0; hidden=0; nouse=0; global=1; static=1; extern=0; dir=0; type=0; pingpong=0; private_global=0; IO mode=ap_none:ce=0
Port [ p_ZZ9cnn_accelE8w1_local_33]:  wired=1; compound=0; hidden=0; nouse=0; global=1; static=1; extern=0; dir=0; type=0; pingpong=0; private_global=0; IO mode=ap_none:ce=0
Port [ p_ZZ9cnn_accelE8w1_local_60]:  wired=1; compound=0; hidden=0; nouse=0; global=1; static=1; extern=0; dir=0; type=0; pingpong=0; private_global=0; IO mode=ap_none:ce=0
Port [ p_ZZ9cnn_accelE8w1_local_87]:  wired=1; compound=0; hidden=0; nouse=0; global=1; static=1; extern=0; dir=0; type=0; pingpong=0; private_global=0; IO mode=ap_none:ce=0
Port [ p_ZZ9cnn_accelE8w1_local_114]:  wired=1; compound=0; hidden=0; nouse=0; global=1; static=1; extern=0; dir=0; type=0; pingpong=0; private_global=0; IO mode=ap_none:ce=0
Port [ p_ZZ9cnn_accelE8w1_local_141]:  wired=1; compound=0; hidden=0; nouse=0; global=1; static=1; extern=0; dir=0; type=0; pingpong=0; private_global=0; IO mode=ap_none:ce=0
Port [ p_ZZ9cnn_accelE8w1_local_168]:  wired=1; compound=0; hidden=0; nouse=0; global=1; static=1; extern=0; dir=0; type=0; pingpong=0; private_global=0; IO mode=ap_none:ce=0
Port [ p_ZZ9cnn_accelE8w1_local_195]:  wired=1; compound=0; hidden=0; nouse=0; global=1; static=1; extern=0; dir=0; type=0; pingpong=0; private_global=0; IO mode=ap_none:ce=0
Port [ p_ZZ9cnn_accelE8w1_local_15]:  wired=1; compound=0; hidden=0; nouse=0; global=1; static=1; extern=0; dir=0; type=0; pingpong=0; private_global=0; IO mode=ap_none:ce=0
Port [ p_ZZ9cnn_accelE8w1_local_42]:  wired=1; compound=0; hidden=0; nouse=0; global=1; static=1; extern=0; dir=0; type=0; pingpong=0; private_global=0; IO mode=ap_none:ce=0
Port [ p_ZZ9cnn_accelE8w1_local_69]:  wired=1; compound=0; hidden=0; nouse=0; global=1; static=1; extern=0; dir=0; type=0; pingpong=0; private_global=0; IO mode=ap_none:ce=0
Port [ p_ZZ9cnn_accelE8w1_local_96]:  wired=1; compound=0; hidden=0; nouse=0; global=1; static=1; extern=0; dir=0; type=0; pingpong=0; private_global=0; IO mode=ap_none:ce=0
Port [ p_ZZ9cnn_accelE8w1_local_123]:  wired=1; compound=0; hidden=0; nouse=0; global=1; static=1; extern=0; dir=0; type=0; pingpong=0; private_global=0; IO mode=ap_none:ce=0
Port [ p_ZZ9cnn_accelE8w1_local_150]:  wired=1; compound=0; hidden=0; nouse=0; global=1; static=1; extern=0; dir=0; type=0; pingpong=0; private_global=0; IO mode=ap_none:ce=0
Port [ p_ZZ9cnn_accelE8w1_local_177]:  wired=1; compound=0; hidden=0; nouse=0; global=1; static=1; extern=0; dir=0; type=0; pingpong=0; private_global=0; IO mode=ap_none:ce=0
Port [ p_ZZ9cnn_accelE8w1_local_204]:  wired=1; compound=0; hidden=0; nouse=0; global=1; static=1; extern=0; dir=0; type=0; pingpong=0; private_global=0; IO mode=ap_none:ce=0
Port [ p_ZZ9cnn_accelE8w1_local_24]:  wired=1; compound=0; hidden=0; nouse=0; global=1; static=1; extern=0; dir=0; type=0; pingpong=0; private_global=0; IO mode=ap_none:ce=0
Port [ p_ZZ9cnn_accelE8w1_local_51]:  wired=1; compound=0; hidden=0; nouse=0; global=1; static=1; extern=0; dir=0; type=0; pingpong=0; private_global=0; IO mode=ap_none:ce=0
Port [ p_ZZ9cnn_accelE8w1_local_78]:  wired=1; compound=0; hidden=0; nouse=0; global=1; static=1; extern=0; dir=0; type=0; pingpong=0; private_global=0; IO mode=ap_none:ce=0
Port [ p_ZZ9cnn_accelE8w1_local_105]:  wired=1; compound=0; hidden=0; nouse=0; global=1; static=1; extern=0; dir=0; type=0; pingpong=0; private_global=0; IO mode=ap_none:ce=0
Port [ p_ZZ9cnn_accelE8w1_local_132]:  wired=1; compound=0; hidden=0; nouse=0; global=1; static=1; extern=0; dir=0; type=0; pingpong=0; private_global=0; IO mode=ap_none:ce=0
Port [ p_ZZ9cnn_accelE8w1_local_159]:  wired=1; compound=0; hidden=0; nouse=0; global=1; static=1; extern=0; dir=0; type=0; pingpong=0; private_global=0; IO mode=ap_none:ce=0
Port [ p_ZZ9cnn_accelE8w1_local_186]:  wired=1; compound=0; hidden=0; nouse=0; global=1; static=1; extern=0; dir=0; type=0; pingpong=0; private_global=0; IO mode=ap_none:ce=0
Port [ p_ZZ9cnn_accelE8w1_local_213]:  wired=1; compound=0; hidden=0; nouse=0; global=1; static=1; extern=0; dir=0; type=0; pingpong=0; private_global=0; IO mode=ap_none:ce=0
Port [ w1_local_7]:  wired=1; compound=0; hidden=0; nouse=0; global=1; static=1; extern=0; dir=0; type=0; pingpong=0; private_global=0; IO mode=ap_none:ce=0
Port [ p_ZZ9cnn_accelE8w1_local_34]:  wired=1; compound=0; hidden=0; nouse=0; global=1; static=1; extern=0; dir=0; type=0; pingpong=0; private_global=0; IO mode=ap_none:ce=0
Port [ p_ZZ9cnn_accelE8w1_local_61]:  wired=1; compound=0; hidden=0; nouse=0; global=1; static=1; extern=0; dir=0; type=0; pingpong=0; private_global=0; IO mode=ap_none:ce=0
Port [ p_ZZ9cnn_accelE8w1_local_88]:  wired=1; compound=0; hidden=0; nouse=0; global=1; static=1; extern=0; dir=0; type=0; pingpong=0; private_global=0; IO mode=ap_none:ce=0
Port [ p_ZZ9cnn_accelE8w1_local_115]:  wired=1; compound=0; hidden=0; nouse=0; global=1; static=1; extern=0; dir=0; type=0; pingpong=0; private_global=0; IO mode=ap_none:ce=0
Port [ p_ZZ9cnn_accelE8w1_local_142]:  wired=1; compound=0; hidden=0; nouse=0; global=1; static=1; extern=0; dir=0; type=0; pingpong=0; private_global=0; IO mode=ap_none:ce=0
Port [ p_ZZ9cnn_accelE8w1_local_169]:  wired=1; compound=0; hidden=0; nouse=0; global=1; static=1; extern=0; dir=0; type=0; pingpong=0; private_global=0; IO mode=ap_none:ce=0
Port [ p_ZZ9cnn_accelE8w1_local_196]:  wired=1; compound=0; hidden=0; nouse=0; global=1; static=1; extern=0; dir=0; type=0; pingpong=0; private_global=0; IO mode=ap_none:ce=0
Port [ p_ZZ9cnn_accelE8w1_local_16]:  wired=1; compound=0; hidden=0; nouse=0; global=1; static=1; extern=0; dir=0; type=0; pingpong=0; private_global=0; IO mode=ap_none:ce=0
Port [ p_ZZ9cnn_accelE8w1_local_43]:  wired=1; compound=0; hidden=0; nouse=0; global=1; static=1; extern=0; dir=0; type=0; pingpong=0; private_global=0; IO mode=ap_none:ce=0
Port [ p_ZZ9cnn_accelE8w1_local_70]:  wired=1; compound=0; hidden=0; nouse=0; global=1; static=1; extern=0; dir=0; type=0; pingpong=0; private_global=0; IO mode=ap_none:ce=0
Port [ p_ZZ9cnn_accelE8w1_local_97]:  wired=1; compound=0; hidden=0; nouse=0; global=1; static=1; extern=0; dir=0; type=0; pingpong=0; private_global=0; IO mode=ap_none:ce=0
Port [ p_ZZ9cnn_accelE8w1_local_124]:  wired=1; compound=0; hidden=0; nouse=0; global=1; static=1; extern=0; dir=0; type=0; pingpong=0; private_global=0; IO mode=ap_none:ce=0
Port [ p_ZZ9cnn_accelE8w1_local_151]:  wired=1; compound=0; hidden=0; nouse=0; global=1; static=1; extern=0; dir=0; type=0; pingpong=0; private_global=0; IO mode=ap_none:ce=0
Port [ p_ZZ9cnn_accelE8w1_local_178]:  wired=1; compound=0; hidden=0; nouse=0; global=1; static=1; extern=0; dir=0; type=0; pingpong=0; private_global=0; IO mode=ap_none:ce=0
Port [ p_ZZ9cnn_accelE8w1_local_205]:  wired=1; compound=0; hidden=0; nouse=0; global=1; static=1; extern=0; dir=0; type=0; pingpong=0; private_global=0; IO mode=ap_none:ce=0
Port [ p_ZZ9cnn_accelE8w1_local_25]:  wired=1; compound=0; hidden=0; nouse=0; global=1; static=1; extern=0; dir=0; type=0; pingpong=0; private_global=0; IO mode=ap_none:ce=0
Port [ p_ZZ9cnn_accelE8w1_local_52]:  wired=1; compound=0; hidden=0; nouse=0; global=1; static=1; extern=0; dir=0; type=0; pingpong=0; private_global=0; IO mode=ap_none:ce=0
Port [ p_ZZ9cnn_accelE8w1_local_79]:  wired=1; compound=0; hidden=0; nouse=0; global=1; static=1; extern=0; dir=0; type=0; pingpong=0; private_global=0; IO mode=ap_none:ce=0
Port [ p_ZZ9cnn_accelE8w1_local_106]:  wired=1; compound=0; hidden=0; nouse=0; global=1; static=1; extern=0; dir=0; type=0; pingpong=0; private_global=0; IO mode=ap_none:ce=0
Port [ p_ZZ9cnn_accelE8w1_local_133]:  wired=1; compound=0; hidden=0; nouse=0; global=1; static=1; extern=0; dir=0; type=0; pingpong=0; private_global=0; IO mode=ap_none:ce=0
Port [ p_ZZ9cnn_accelE8w1_local_160]:  wired=1; compound=0; hidden=0; nouse=0; global=1; static=1; extern=0; dir=0; type=0; pingpong=0; private_global=0; IO mode=ap_none:ce=0
Port [ p_ZZ9cnn_accelE8w1_local_187]:  wired=1; compound=0; hidden=0; nouse=0; global=1; static=1; extern=0; dir=0; type=0; pingpong=0; private_global=0; IO mode=ap_none:ce=0
Port [ p_ZZ9cnn_accelE8w1_local_214]:  wired=1; compound=0; hidden=0; nouse=0; global=1; static=1; extern=0; dir=0; type=0; pingpong=0; private_global=0; IO mode=ap_none:ce=0
Port [ w1_local_8]:  wired=1; compound=0; hidden=0; nouse=0; global=1; static=1; extern=0; dir=0; type=0; pingpong=0; private_global=0; IO mode=ap_none:ce=0
Port [ p_ZZ9cnn_accelE8w1_local_35]:  wired=1; compound=0; hidden=0; nouse=0; global=1; static=1; extern=0; dir=0; type=0; pingpong=0; private_global=0; IO mode=ap_none:ce=0
Port [ p_ZZ9cnn_accelE8w1_local_62]:  wired=1; compound=0; hidden=0; nouse=0; global=1; static=1; extern=0; dir=0; type=0; pingpong=0; private_global=0; IO mode=ap_none:ce=0
Port [ p_ZZ9cnn_accelE8w1_local_89]:  wired=1; compound=0; hidden=0; nouse=0; global=1; static=1; extern=0; dir=0; type=0; pingpong=0; private_global=0; IO mode=ap_none:ce=0
Port [ p_ZZ9cnn_accelE8w1_local_116]:  wired=1; compound=0; hidden=0; nouse=0; global=1; static=1; extern=0; dir=0; type=0; pingpong=0; private_global=0; IO mode=ap_none:ce=0
Port [ p_ZZ9cnn_accelE8w1_local_143]:  wired=1; compound=0; hidden=0; nouse=0; global=1; static=1; extern=0; dir=0; type=0; pingpong=0; private_global=0; IO mode=ap_none:ce=0
Port [ p_ZZ9cnn_accelE8w1_local_170]:  wired=1; compound=0; hidden=0; nouse=0; global=1; static=1; extern=0; dir=0; type=0; pingpong=0; private_global=0; IO mode=ap_none:ce=0
Port [ p_ZZ9cnn_accelE8w1_local_197]:  wired=1; compound=0; hidden=0; nouse=0; global=1; static=1; extern=0; dir=0; type=0; pingpong=0; private_global=0; IO mode=ap_none:ce=0
Port [ p_ZZ9cnn_accelE8w1_local_17]:  wired=1; compound=0; hidden=0; nouse=0; global=1; static=1; extern=0; dir=0; type=0; pingpong=0; private_global=0; IO mode=ap_none:ce=0
Port [ p_ZZ9cnn_accelE8w1_local_44]:  wired=1; compound=0; hidden=0; nouse=0; global=1; static=1; extern=0; dir=0; type=0; pingpong=0; private_global=0; IO mode=ap_none:ce=0
Port [ p_ZZ9cnn_accelE8w1_local_71]:  wired=1; compound=0; hidden=0; nouse=0; global=1; static=1; extern=0; dir=0; type=0; pingpong=0; private_global=0; IO mode=ap_none:ce=0
Port [ p_ZZ9cnn_accelE8w1_local_98]:  wired=1; compound=0; hidden=0; nouse=0; global=1; static=1; extern=0; dir=0; type=0; pingpong=0; private_global=0; IO mode=ap_none:ce=0
Port [ p_ZZ9cnn_accelE8w1_local_125]:  wired=1; compound=0; hidden=0; nouse=0; global=1; static=1; extern=0; dir=0; type=0; pingpong=0; private_global=0; IO mode=ap_none:ce=0
Port [ p_ZZ9cnn_accelE8w1_local_152]:  wired=1; compound=0; hidden=0; nouse=0; global=1; static=1; extern=0; dir=0; type=0; pingpong=0; private_global=0; IO mode=ap_none:ce=0
Port [ p_ZZ9cnn_accelE8w1_local_179]:  wired=1; compound=0; hidden=0; nouse=0; global=1; static=1; extern=0; dir=0; type=0; pingpong=0; private_global=0; IO mode=ap_none:ce=0
Port [ p_ZZ9cnn_accelE8w1_local_206]:  wired=1; compound=0; hidden=0; nouse=0; global=1; static=1; extern=0; dir=0; type=0; pingpong=0; private_global=0; IO mode=ap_none:ce=0
Port [ p_ZZ9cnn_accelE8w1_local_26]:  wired=1; compound=0; hidden=0; nouse=0; global=1; static=1; extern=0; dir=0; type=0; pingpong=0; private_global=0; IO mode=ap_none:ce=0
Port [ p_ZZ9cnn_accelE8w1_local_53]:  wired=1; compound=0; hidden=0; nouse=0; global=1; static=1; extern=0; dir=0; type=0; pingpong=0; private_global=0; IO mode=ap_none:ce=0
Port [ p_ZZ9cnn_accelE8w1_local_80]:  wired=1; compound=0; hidden=0; nouse=0; global=1; static=1; extern=0; dir=0; type=0; pingpong=0; private_global=0; IO mode=ap_none:ce=0
Port [ p_ZZ9cnn_accelE8w1_local_107]:  wired=1; compound=0; hidden=0; nouse=0; global=1; static=1; extern=0; dir=0; type=0; pingpong=0; private_global=0; IO mode=ap_none:ce=0
Port [ p_ZZ9cnn_accelE8w1_local_134]:  wired=1; compound=0; hidden=0; nouse=0; global=1; static=1; extern=0; dir=0; type=0; pingpong=0; private_global=0; IO mode=ap_none:ce=0
Port [ p_ZZ9cnn_accelE8w1_local_161]:  wired=1; compound=0; hidden=0; nouse=0; global=1; static=1; extern=0; dir=0; type=0; pingpong=0; private_global=0; IO mode=ap_none:ce=0
Port [ p_ZZ9cnn_accelE8w1_local_188]:  wired=1; compound=0; hidden=0; nouse=0; global=1; static=1; extern=0; dir=0; type=0; pingpong=0; private_global=0; IO mode=ap_none:ce=0
Port [ p_ZZ9cnn_accelE8w1_local_215]:  wired=1; compound=0; hidden=0; nouse=0; global=1; static=1; extern=0; dir=0; type=0; pingpong=0; private_global=0; IO mode=ap_none:ce=0
---------------- STG Properties END ------------------

---------------- Datapath Model BEGIN ----------------

<LifeTime>
<method=bitvector/>
m                                 (alloca           ) [ 0111111111111111111111111111111111111111111111111111111111111111111111111111111111111111111111111111111111111111111111111111111111111111111111111110]
j                                 (alloca           ) [ 0111111111111111111111111111111111111111111111111111111111111111111111111111111111111111111111111111111111111111111111111111111111111111111111111110]
indvar_flatten                    (alloca           ) [ 0111111111111111111111111111111111111111111111111111111111111111111111111111111111111111111111111111111111111111111111111111111111111111111111111110]
i                                 (alloca           ) [ 0111111111111111111111111111111111111111111111111111111111111111111111111111111111111111111111111111111111111111111111111111111111111111111111111110]
indvar_flatten14                  (alloca           ) [ 0111111111111111111111111111111111111111111111111111111111111111111111111111111111111111111111111111111111111111111111111111111111111111111111111110]
b1_local_load                     (load             ) [ 0011111111111111111111111111111111111111111111111111111111111111111111111111111111111111111111111111111111111111111111111111111111111111111111111110]
b1_local_10_load                  (load             ) [ 0011111111111111111111111111111111111111111111111111111111111111111111111111111111111111111111111111111111111111111111111111111111111111111111111110]
b1_local_11_load                  (load             ) [ 0011111111111111111111111111111111111111111111111111111111111111111111111111111111111111111111111111111111111111111111111111111111111111111111111110]
b1_local_12_load                  (load             ) [ 0011111111111111111111111111111111111111111111111111111111111111111111111111111111111111111111111111111111111111111111111111111111111111111111111110]
b1_local_13_load                  (load             ) [ 0011111111111111111111111111111111111111111111111111111111111111111111111111111111111111111111111111111111111111111111111111111111111111111111111110]
b1_local_14_load                  (load             ) [ 0011111111111111111111111111111111111111111111111111111111111111111111111111111111111111111111111111111111111111111111111111111111111111111111111110]
b1_local_15_load                  (load             ) [ 0011111111111111111111111111111111111111111111111111111111111111111111111111111111111111111111111111111111111111111111111111111111111111111111111110]
b1_local_16_load                  (load             ) [ 0011111111111111111111111111111111111111111111111111111111111111111111111111111111111111111111111111111111111111111111111111111111111111111111111110]
w1_local_load                     (load             ) [ 0011111111111111111111111111111111111111111111111111111111111111111111111111111111111111111111111111111111111111111111111111111111111111111111111110]
p_ZZ9cnn_accelE8w1_local_27_load  (load             ) [ 0011111111111111111111111111111111111111111111111111111111111111111111111111111111111111111111111111111111111111111111111111111111111111111111111110]
cnn_accel_w1_local                (load             ) [ 0011111111111111111111111111111111111111111111111111111111111111111111111111111111111111111111111111111111111111111111111111111111111111111111111110]
cnn_accel_w1_local_183            (load             ) [ 0011111111111111111111111111111111111111111111111111111111111111111111111111111111111111111111111111111111111111111111111111111111111111111111111110]
p_ZZ9cnn_accelE8w1_local_108_load (load             ) [ 0011111111111111111111111111111111111111111111111111111111111111111111111111111111111111111111111111111111111111111111111111111111111111111111111110]
p_ZZ9cnn_accelE8w1_local_135_load (load             ) [ 0011111111111111111111111111111111111111111111111111111111111111111111111111111111111111111111111111111111111111111111111111111111111111111111111110]
p_ZZ9cnn_accelE8w1_local_162_load (load             ) [ 0011111111111111111111111111111111111111111111111111111111111111111111111111111111111111111111111111111111111111111111111111111111111111111111111110]
p_ZZ9cnn_accelE8w1_local_189_load (load             ) [ 0011111111111111111111111111111111111111111111111111111111111111111111111111111111111111111111111111111111111111111111111111111111111111111111111110]
w1_local_9_load                   (load             ) [ 0011111111111111111111111111111111111111111111111111111111111111111111111111111111111111111111111111111111111111111111111111111111111111111111111110]
p_ZZ9cnn_accelE8w1_local_36_load  (load             ) [ 0011111111111111111111111111111111111111111111111111111111111111111111111111111111111111111111111111111111111111111111111111111111111111111111111110]
cnn_accel_w1_local_184            (load             ) [ 0011111111111111111111111111111111111111111111111111111111111111111111111111111111111111111111111111111111111111111111111111111111111111111111111110]
p_ZZ9cnn_accelE8w1_local_90_load  (load             ) [ 0011111111111111111111111111111111111111111111111111111111111111111111111111111111111111111111111111111111111111111111111111111111111111111111111110]
p_ZZ9cnn_accelE8w1_local_117_load (load             ) [ 0011111111111111111111111111111111111111111111111111111111111111111111111111111111111111111111111111111111111111111111111111111111111111111111111110]
p_ZZ9cnn_accelE8w1_local_144_load (load             ) [ 0011111111111111111111111111111111111111111111111111111111111111111111111111111111111111111111111111111111111111111111111111111111111111111111111110]
p_ZZ9cnn_accelE8w1_local_171_load (load             ) [ 0011111111111111111111111111111111111111111111111111111111111111111111111111111111111111111111111111111111111111111111111111111111111111111111111110]
p_ZZ9cnn_accelE8w1_local_198_load (load             ) [ 0011111111111111111111111111111111111111111111111111111111111111111111111111111111111111111111111111111111111111111111111111111111111111111111111110]
p_ZZ9cnn_accelE8w1_local_18_load  (load             ) [ 0011111111111111111111111111111111111111111111111111111111111111111111111111111111111111111111111111111111111111111111111111111111111111111111111110]
cnn_accel_w1_local_185            (load             ) [ 0011111111111111111111111111111111111111111111111111111111111111111111111111111111111111111111111111111111111111111111111111111111111111111111111110]
cnn_accel_w1_local_186            (load             ) [ 0011111111111111111111111111111111111111111111111111111111111111111111111111111111111111111111111111111111111111111111111111111111111111111111111110]
p_ZZ9cnn_accelE8w1_local_99_load  (load             ) [ 0011111111111111111111111111111111111111111111111111111111111111111111111111111111111111111111111111111111111111111111111111111111111111111111111110]
p_ZZ9cnn_accelE8w1_local_126_load (load             ) [ 0011111111111111111111111111111111111111111111111111111111111111111111111111111111111111111111111111111111111111111111111111111111111111111111111110]
p_ZZ9cnn_accelE8w1_local_153_load (load             ) [ 0011111111111111111111111111111111111111111111111111111111111111111111111111111111111111111111111111111111111111111111111111111111111111111111111110]
p_ZZ9cnn_accelE8w1_local_180_load (load             ) [ 0011111111111111111111111111111111111111111111111111111111111111111111111111111111111111111111111111111111111111111111111111111111111111111111111110]
p_ZZ9cnn_accelE8w1_local_207_load (load             ) [ 0011111111111111111111111111111111111111111111111111111111111111111111111111111111111111111111111111111111111111111111111111111111111111111111111110]
w1_local_1_load                   (load             ) [ 0011111111111111111111111111111111111111111111111111111111111111111111111111111111111111111111111111111111111111111111111111111111111111111111111110]
p_ZZ9cnn_accelE8w1_local_28_load  (load             ) [ 0011111111111111111111111111111111111111111111111111111111111111111111111111111111111111111111111111111111111111111111111111111111111111111111111110]
cnn_accel_w1_local_187            (load             ) [ 0011111111111111111111111111111111111111111111111111111111111111111111111111111111111111111111111111111111111111111111111111111111111111111111111110]
cnn_accel_w1_local_188            (load             ) [ 0011111111111111111111111111111111111111111111111111111111111111111111111111111111111111111111111111111111111111111111111111111111111111111111111110]
p_ZZ9cnn_accelE8w1_local_109_load (load             ) [ 0011111111111111111111111111111111111111111111111111111111111111111111111111111111111111111111111111111111111111111111111111111111111111111111111110]
p_ZZ9cnn_accelE8w1_local_136_load (load             ) [ 0011111111111111111111111111111111111111111111111111111111111111111111111111111111111111111111111111111111111111111111111111111111111111111111111110]
p_ZZ9cnn_accelE8w1_local_163_load (load             ) [ 0011111111111111111111111111111111111111111111111111111111111111111111111111111111111111111111111111111111111111111111111111111111111111111111111110]
p_ZZ9cnn_accelE8w1_local_190_load (load             ) [ 0011111111111111111111111111111111111111111111111111111111111111111111111111111111111111111111111111111111111111111111111111111111111111111111111110]
p_ZZ9cnn_accelE8w1_local_10_load  (load             ) [ 0011111111111111111111111111111111111111111111111111111111111111111111111111111111111111111111111111111111111111111111111111111111111111111111111110]
p_ZZ9cnn_accelE8w1_local_37_load  (load             ) [ 0011111111111111111111111111111111111111111111111111111111111111111111111111111111111111111111111111111111111111111111111111111111111111111111111110]
cnn_accel_w1_local_189            (load             ) [ 0011111111111111111111111111111111111111111111111111111111111111111111111111111111111111111111111111111111111111111111111111111111111111111111111110]
cnn_accel_w1_local_190            (load             ) [ 0011111111111111111111111111111111111111111111111111111111111111111111111111111111111111111111111111111111111111111111111111111111111111111111111110]
p_ZZ9cnn_accelE8w1_local_118_load (load             ) [ 0011111111111111111111111111111111111111111111111111111111111111111111111111111111111111111111111111111111111111111111111111111111111111111111111110]
p_ZZ9cnn_accelE8w1_local_145_load (load             ) [ 0011111111111111111111111111111111111111111111111111111111111111111111111111111111111111111111111111111111111111111111111111111111111111111111111110]
p_ZZ9cnn_accelE8w1_local_172_load (load             ) [ 0011111111111111111111111111111111111111111111111111111111111111111111111111111111111111111111111111111111111111111111111111111111111111111111111110]
p_ZZ9cnn_accelE8w1_local_199_load (load             ) [ 0011111111111111111111111111111111111111111111111111111111111111111111111111111111111111111111111111111111111111111111111111111111111111111111111110]
p_ZZ9cnn_accelE8w1_local_19_load  (load             ) [ 0011111111111111111111111111111111111111111111111111111111111111111111111111111111111111111111111111111111111111111111111111111111111111111111111110]
p_ZZ9cnn_accelE8w1_local_46_load  (load             ) [ 0011111111111111111111111111111111111111111111111111111111111111111111111111111111111111111111111111111111111111111111111111111111111111111111111110]
cnn_accel_w1_local_191            (load             ) [ 0011111111111111111111111111111111111111111111111111111111111111111111111111111111111111111111111111111111111111111111111111111111111111111111111110]
p_ZZ9cnn_accelE8w1_local_100_load (load             ) [ 0011111111111111111111111111111111111111111111111111111111111111111111111111111111111111111111111111111111111111111111111111111111111111111111111110]
p_ZZ9cnn_accelE8w1_local_127_load (load             ) [ 0011111111111111111111111111111111111111111111111111111111111111111111111111111111111111111111111111111111111111111111111111111111111111111111111110]
p_ZZ9cnn_accelE8w1_local_154_load (load             ) [ 0011111111111111111111111111111111111111111111111111111111111111111111111111111111111111111111111111111111111111111111111111111111111111111111111110]
p_ZZ9cnn_accelE8w1_local_181_load (load             ) [ 0011111111111111111111111111111111111111111111111111111111111111111111111111111111111111111111111111111111111111111111111111111111111111111111111110]
p_ZZ9cnn_accelE8w1_local_208_load (load             ) [ 0011111111111111111111111111111111111111111111111111111111111111111111111111111111111111111111111111111111111111111111111111111111111111111111111110]
w1_local_2_load                   (load             ) [ 0011111111111111111111111111111111111111111111111111111111111111111111111111111111111111111111111111111111111111111111111111111111111111111111111110]
p_ZZ9cnn_accelE8w1_local_29_load  (load             ) [ 0011111111111111111111111111111111111111111111111111111111111111111111111111111111111111111111111111111111111111111111111111111111111111111111111110]
p_ZZ9cnn_accelE8w1_local_56_load  (load             ) [ 0011111111111111111111111111111111111111111111111111111111111111111111111111111111111111111111111111111111111111111111111111111111111111111111111110]
cnn_accel_w1_local_192            (load             ) [ 0011111111111111111111111111111111111111111111111111111111111111111111111111111111111111111111111111111111111111111111111111111111111111111111111110]
p_ZZ9cnn_accelE8w1_local_110_load (load             ) [ 0011111111111111111111111111111111111111111111111111111111111111111111111111111111111111111111111111111111111111111111111111111111111111111111111110]
p_ZZ9cnn_accelE8w1_local_137_load (load             ) [ 0011111111111111111111111111111111111111111111111111111111111111111111111111111111111111111111111111111111111111111111111111111111111111111111111110]
p_ZZ9cnn_accelE8w1_local_164_load (load             ) [ 0011111111111111111111111111111111111111111111111111111111111111111111111111111111111111111111111111111111111111111111111111111111111111111111111110]
p_ZZ9cnn_accelE8w1_local_191_load (load             ) [ 0011111111111111111111111111111111111111111111111111111111111111111111111111111111111111111111111111111111111111111111111111111111111111111111111110]
cnn_accel_w1_local_193            (load             ) [ 0011111111111111111111111111111111111111111111111111111111111111111111111111111111111111111111111111111111111111111111111111111111111111111111111110]
p_ZZ9cnn_accelE8w1_local_38_load  (load             ) [ 0011111111111111111111111111111111111111111111111111111111111111111111111111111111111111111111111111111111111111111111111111111111111111111111111110]
cnn_accel_w1_local_194            (load             ) [ 0011111111111111111111111111111111111111111111111111111111111111111111111111111111111111111111111111111111111111111111111111111111111111111111111110]
cnn_accel_w1_local_195            (load             ) [ 0011111111111111111111111111111111111111111111111111111111111111111111111111111111111111111111111111111111111111111111111111111111111111111111111110]
p_ZZ9cnn_accelE8w1_local_119_load (load             ) [ 0011111111111111111111111111111111111111111111111111111111111111111111111111111111111111111111111111111111111111111111111111111111111111111111111110]
p_ZZ9cnn_accelE8w1_local_146_load (load             ) [ 0011111111111111111111111111111111111111111111111111111111111111111111111111111111111111111111111111111111111111111111111111111111111111111111111110]
p_ZZ9cnn_accelE8w1_local_173_load (load             ) [ 0011111111111111111111111111111111111111111111111111111111111111111111111111111111111111111111111111111111111111111111111111111111111111111111111110]
p_ZZ9cnn_accelE8w1_local_200_load (load             ) [ 0011111111111111111111111111111111111111111111111111111111111111111111111111111111111111111111111111111111111111111111111111111111111111111111111110]
p_ZZ9cnn_accelE8w1_local_20_load  (load             ) [ 0011111111111111111111111111111111111111111111111111111111111111111111111111111111111111111111111111111111111111111111111111111111111111111111111110]
p_ZZ9cnn_accelE8w1_local_47_load  (load             ) [ 0011111111111111111111111111111111111111111111111111111111111111111111111111111111111111111111111111111111111111111111111111111111111111111111111110]
cnn_accel_w1_local_196            (load             ) [ 0011111111111111111111111111111111111111111111111111111111111111111111111111111111111111111111111111111111111111111111111111111111111111111111111110]
p_ZZ9cnn_accelE8w1_local_101_load (load             ) [ 0011111111111111111111111111111111111111111111111111111111111111111111111111111111111111111111111111111111111111111111111111111111111111111111111110]
p_ZZ9cnn_accelE8w1_local_128_load (load             ) [ 0011111111111111111111111111111111111111111111111111111111111111111111111111111111111111111111111111111111111111111111111111111111111111111111111110]
p_ZZ9cnn_accelE8w1_local_155_load (load             ) [ 0011111111111111111111111111111111111111111111111111111111111111111111111111111111111111111111111111111111111111111111111111111111111111111111111110]
p_ZZ9cnn_accelE8w1_local_182_load (load             ) [ 0011111111111111111111111111111111111111111111111111111111111111111111111111111111111111111111111111111111111111111111111111111111111111111111111110]
p_ZZ9cnn_accelE8w1_local_209_load (load             ) [ 0011111111111111111111111111111111111111111111111111111111111111111111111111111111111111111111111111111111111111111111111111111111111111111111111110]
w1_local_3_load                   (load             ) [ 0011111111111111111111111111111111111111111111111111111111111111111111111111111111111111111111111111111111111111111111111111111111111111111111111110]
p_ZZ9cnn_accelE8w1_local_30_load  (load             ) [ 0011111111111111111111111111111111111111111111111111111111111111111111111111111111111111111111111111111111111111111111111111111111111111111111111110]
p_ZZ9cnn_accelE8w1_local_57_load  (load             ) [ 0011111111111111111111111111111111111111111111111111111111111111111111111111111111111111111111111111111111111111111111111111111111111111111111111110]
cnn_accel_w1_local_197            (load             ) [ 0011111111111111111111111111111111111111111111111111111111111111111111111111111111111111111111111111111111111111111111111111111111111111111111111110]
p_ZZ9cnn_accelE8w1_local_111_load (load             ) [ 0011111111111111111111111111111111111111111111111111111111111111111111111111111111111111111111111111111111111111111111111111111111111111111111111110]
p_ZZ9cnn_accelE8w1_local_138_load (load             ) [ 0011111111111111111111111111111111111111111111111111111111111111111111111111111111111111111111111111111111111111111111111111111111111111111111111110]
p_ZZ9cnn_accelE8w1_local_165_load (load             ) [ 0011111111111111111111111111111111111111111111111111111111111111111111111111111111111111111111111111111111111111111111111111111111111111111111111110]
p_ZZ9cnn_accelE8w1_local_192_load (load             ) [ 0011111111111111111111111111111111111111111111111111111111111111111111111111111111111111111111111111111111111111111111111111111111111111111111111110]
cnn_accel_w1_local_198            (load             ) [ 0011111111111111111111111111111111111111111111111111111111111111111111111111111111111111111111111111111111111111111111111111111111111111111111111110]
p_ZZ9cnn_accelE8w1_local_39_load  (load             ) [ 0011111111111111111111111111111111111111111111111111111111111111111111111111111111111111111111111111111111111111111111111111111111111111111111111110]
p_ZZ9cnn_accelE8w1_local_66_load  (load             ) [ 0011111111111111111111111111111111111111111111111111111111111111111111111111111111111111111111111111111111111111111111111111111111111111111111111110]
cnn_accel_w1_local_199            (load             ) [ 0011111111111111111111111111111111111111111111111111111111111111111111111111111111111111111111111111111111111111111111111111111111111111111111111110]
p_ZZ9cnn_accelE8w1_local_120_load (load             ) [ 0011111111111111111111111111111111111111111111111111111111111111111111111111111111111111111111111111111111111111111111111111111111111111111111111110]
p_ZZ9cnn_accelE8w1_local_147_load (load             ) [ 0011111111111111111111111111111111111111111111111111111111111111111111111111111111111111111111111111111111111111111111111111111111111111111111111110]
p_ZZ9cnn_accelE8w1_local_174_load (load             ) [ 0011111111111111111111111111111111111111111111111111111111111111111111111111111111111111111111111111111111111111111111111111111111111111111111111110]
p_ZZ9cnn_accelE8w1_local_201_load (load             ) [ 0011111111111111111111111111111111111111111111111111111111111111111111111111111111111111111111111111111111111111111111111111111111111111111111111110]
cnn_accel_w1_local_200            (load             ) [ 0011111111111111111111111111111111111111111111111111111111111111111111111111111111111111111111111111111111111111111111111111111111111111111111111110]
p_ZZ9cnn_accelE8w1_local_48_load  (load             ) [ 0011111111111111111111111111111111111111111111111111111111111111111111111111111111111111111111111111111111111111111111111111111111111111111111111110]
cnn_accel_w1_local_201            (load             ) [ 0011111111111111111111111111111111111111111111111111111111111111111111111111111111111111111111111111111111111111111111111111111111111111111111111110]
p_ZZ9cnn_accelE8w1_local_102_load (load             ) [ 0011111111111111111111111111111111111111111111111111111111111111111111111111111111111111111111111111111111111111111111111111111111111111111111111110]
p_ZZ9cnn_accelE8w1_local_129_load (load             ) [ 0011111111111111111111111111111111111111111111111111111111111111111111111111111111111111111111111111111111111111111111111111111111111111111111111110]
p_ZZ9cnn_accelE8w1_local_156_load (load             ) [ 0011111111111111111111111111111111111111111111111111111111111111111111111111111111111111111111111111111111111111111111111111111111111111111111111110]
p_ZZ9cnn_accelE8w1_local_183_load (load             ) [ 0011111111111111111111111111111111111111111111111111111111111111111111111111111111111111111111111111111111111111111111111111111111111111111111111110]
p_ZZ9cnn_accelE8w1_local_210_load (load             ) [ 0011111111111111111111111111111111111111111111111111111111111111111111111111111111111111111111111111111111111111111111111111111111111111111111111110]
w1_local_4_load                   (load             ) [ 0011111111111111111111111111111111111111111111111111111111111111111111111111111111111111111111111111111111111111111111111111111111111111111111111110]
cnn_accel_w1_local_202            (load             ) [ 0011111111111111111111111111111111111111111111111111111111111111111111111111111111111111111111111111111111111111111111111111111111111111111111111110]
p_ZZ9cnn_accelE8w1_local_58_load  (load             ) [ 0011111111111111111111111111111111111111111111111111111111111111111111111111111111111111111111111111111111111111111111111111111111111111111111111110]
cnn_accel_w1_local_203            (load             ) [ 0011111111111111111111111111111111111111111111111111111111111111111111111111111111111111111111111111111111111111111111111111111111111111111111111110]
p_ZZ9cnn_accelE8w1_local_112_load (load             ) [ 0011111111111111111111111111111111111111111111111111111111111111111111111111111111111111111111111111111111111111111111111111111111111111111111111110]
p_ZZ9cnn_accelE8w1_local_139_load (load             ) [ 0011111111111111111111111111111111111111111111111111111111111111111111111111111111111111111111111111111111111111111111111111111111111111111111111110]
p_ZZ9cnn_accelE8w1_local_166_load (load             ) [ 0011111111111111111111111111111111111111111111111111111111111111111111111111111111111111111111111111111111111111111111111111111111111111111111111110]
p_ZZ9cnn_accelE8w1_local_193_load (load             ) [ 0011111111111111111111111111111111111111111111111111111111111111111111111111111111111111111111111111111111111111111111111111111111111111111111111110]
cnn_accel_w1_local_204            (load             ) [ 0011111111111111111111111111111111111111111111111111111111111111111111111111111111111111111111111111111111111111111111111111111111111111111111111110]
p_ZZ9cnn_accelE8w1_local_40_load  (load             ) [ 0011111111111111111111111111111111111111111111111111111111111111111111111111111111111111111111111111111111111111111111111111111111111111111111111110]
p_ZZ9cnn_accelE8w1_local_67_load  (load             ) [ 0011111111111111111111111111111111111111111111111111111111111111111111111111111111111111111111111111111111111111111111111111111111111111111111111110]
cnn_accel_w1_local_205            (load             ) [ 0011111111111111111111111111111111111111111111111111111111111111111111111111111111111111111111111111111111111111111111111111111111111111111111111110]
p_ZZ9cnn_accelE8w1_local_121_load (load             ) [ 0011111111111111111111111111111111111111111111111111111111111111111111111111111111111111111111111111111111111111111111111111111111111111111111111110]
p_ZZ9cnn_accelE8w1_local_148_load (load             ) [ 0011111111111111111111111111111111111111111111111111111111111111111111111111111111111111111111111111111111111111111111111111111111111111111111111110]
p_ZZ9cnn_accelE8w1_local_175_load (load             ) [ 0011111111111111111111111111111111111111111111111111111111111111111111111111111111111111111111111111111111111111111111111111111111111111111111111110]
p_ZZ9cnn_accelE8w1_local_202_load (load             ) [ 0011111111111111111111111111111111111111111111111111111111111111111111111111111111111111111111111111111111111111111111111111111111111111111111111110]
cnn_accel_w1_local_206            (load             ) [ 0011111111111111111111111111111111111111111111111111111111111111111111111111111111111111111111111111111111111111111111111111111111111111111111111110]
p_ZZ9cnn_accelE8w1_local_49_load  (load             ) [ 0011111111111111111111111111111111111111111111111111111111111111111111111111111111111111111111111111111111111111111111111111111111111111111111111110]
p_ZZ9cnn_accelE8w1_local_76_load  (load             ) [ 0011111111111111111111111111111111111111111111111111111111111111111111111111111111111111111111111111111111111111111111111111111111111111111111111110]
p_ZZ9cnn_accelE8w1_local_103_load (load             ) [ 0011111111111111111111111111111111111111111111111111111111111111111111111111111111111111111111111111111111111111111111111111111111111111111111111110]
p_ZZ9cnn_accelE8w1_local_130_load (load             ) [ 0011111111111111111111111111111111111111111111111111111111111111111111111111111111111111111111111111111111111111111111111111111111111111111111111110]
p_ZZ9cnn_accelE8w1_local_157_load (load             ) [ 0011111111111111111111111111111111111111111111111111111111111111111111111111111111111111111111111111111111111111111111111111111111111111111111111110]
p_ZZ9cnn_accelE8w1_local_184_load (load             ) [ 0011111111111111111111111111111111111111111111111111111111111111111111111111111111111111111111111111111111111111111111111111111111111111111111111110]
p_ZZ9cnn_accelE8w1_local_211_load (load             ) [ 0011111111111111111111111111111111111111111111111111111111111111111111111111111111111111111111111111111111111111111111111111111111111111111111111110]
w1_local_5_load                   (load             ) [ 0011111111111111111111111111111111111111111111111111111111111111111111111111111111111111111111111111111111111111111111111111111111111111111111111110]
cnn_accel_w1_local_207            (load             ) [ 0011111111111111111111111111111111111111111111111111111111111111111111111111111111111111111111111111111111111111111111111111111111111111111111111110]
p_ZZ9cnn_accelE8w1_local_59_load  (load             ) [ 0011111111111111111111111111111111111111111111111111111111111111111111111111111111111111111111111111111111111111111111111111111111111111111111111110]
p_ZZ9cnn_accelE8w1_local_86_load  (load             ) [ 0011111111111111111111111111111111111111111111111111111111111111111111111111111111111111111111111111111111111111111111111111111111111111111111111110]
p_ZZ9cnn_accelE8w1_local_113_load (load             ) [ 0011111111111111111111111111111111111111111111111111111111111111111111111111111111111111111111111111111111111111111111111111111111111111111111111110]
p_ZZ9cnn_accelE8w1_local_140_load (load             ) [ 0011111111111111111111111111111111111111111111111111111111111111111111111111111111111111111111111111111111111111111111111111111111111111111111111110]
p_ZZ9cnn_accelE8w1_local_167_load (load             ) [ 0011111111111111111111111111111111111111111111111111111111111111111111111111111111111111111111111111111111111111111111111111111111111111111111111110]
p_ZZ9cnn_accelE8w1_local_194_load (load             ) [ 0011111111111111111111111111111111111111111111111111111111111111111111111111111111111111111111111111111111111111111111111111111111111111111111111110]
cnn_accel_w1_local_208            (load             ) [ 0011111111111111111111111111111111111111111111111111111111111111111111111111111111111111111111111111111111111111111111111111111111111111111111111110]
cnn_accel_w1_local_209            (load             ) [ 0011111111111111111111111111111111111111111111111111111111111111111111111111111111111111111111111111111111111111111111111111111111111111111111111110]
p_ZZ9cnn_accelE8w1_local_68_load  (load             ) [ 0011111111111111111111111111111111111111111111111111111111111111111111111111111111111111111111111111111111111111111111111111111111111111111111111110]
cnn_accel_w1_local_210            (load             ) [ 0011111111111111111111111111111111111111111111111111111111111111111111111111111111111111111111111111111111111111111111111111111111111111111111111110]
p_ZZ9cnn_accelE8w1_local_122_load (load             ) [ 0011111111111111111111111111111111111111111111111111111111111111111111111111111111111111111111111111111111111111111111111111111111111111111111111110]
p_ZZ9cnn_accelE8w1_local_149_load (load             ) [ 0011111111111111111111111111111111111111111111111111111111111111111111111111111111111111111111111111111111111111111111111111111111111111111111111110]
p_ZZ9cnn_accelE8w1_local_176_load (load             ) [ 0011111111111111111111111111111111111111111111111111111111111111111111111111111111111111111111111111111111111111111111111111111111111111111111111110]
p_ZZ9cnn_accelE8w1_local_203_load (load             ) [ 0011111111111111111111111111111111111111111111111111111111111111111111111111111111111111111111111111111111111111111111111111111111111111111111111110]
cnn_accel_w1_local_211            (load             ) [ 0011111111111111111111111111111111111111111111111111111111111111111111111111111111111111111111111111111111111111111111111111111111111111111111111110]
p_ZZ9cnn_accelE8w1_local_50_load  (load             ) [ 0011111111111111111111111111111111111111111111111111111111111111111111111111111111111111111111111111111111111111111111111111111111111111111111111110]
p_ZZ9cnn_accelE8w1_local_77_load  (load             ) [ 0011111111111111111111111111111111111111111111111111111111111111111111111111111111111111111111111111111111111111111111111111111111111111111111111110]
p_ZZ9cnn_accelE8w1_local_104_load (load             ) [ 0011111111111111111111111111111111111111111111111111111111111111111111111111111111111111111111111111111111111111111111111111111111111111111111111110]
p_ZZ9cnn_accelE8w1_local_131_load (load             ) [ 0011111111111111111111111111111111111111111111111111111111111111111111111111111111111111111111111111111111111111111111111111111111111111111111111110]
p_ZZ9cnn_accelE8w1_local_158_load (load             ) [ 0011111111111111111111111111111111111111111111111111111111111111111111111111111111111111111111111111111111111111111111111111111111111111111111111110]
p_ZZ9cnn_accelE8w1_local_185_load (load             ) [ 0011111111111111111111111111111111111111111111111111111111111111111111111111111111111111111111111111111111111111111111111111111111111111111111111110]
p_ZZ9cnn_accelE8w1_local_212_load (load             ) [ 0011111111111111111111111111111111111111111111111111111111111111111111111111111111111111111111111111111111111111111111111111111111111111111111111110]
w1_local_6_load                   (load             ) [ 0011111111111111111111111111111111111111111111111111111111111111111111111111111111111111111111111111111111111111111111111111111111111111111111111110]
cnn_accel_w1_local_212            (load             ) [ 0011111111111111111111111111111111111111111111111111111111111111111111111111111111111111111111111111111111111111111111111111111111111111111111111110]
p_ZZ9cnn_accelE8w1_local_60_load  (load             ) [ 0011111111111111111111111111111111111111111111111111111111111111111111111111111111111111111111111111111111111111111111111111111111111111111111111110]
p_ZZ9cnn_accelE8w1_local_87_load  (load             ) [ 0011111111111111111111111111111111111111111111111111111111111111111111111111111111111111111111111111111111111111111111111111111111111111111111111110]
p_ZZ9cnn_accelE8w1_local_114_load (load             ) [ 0011111111111111111111111111111111111111111111111111111111111111111111111111111111111111111111111111111111111111111111111111111111111111111111111110]
p_ZZ9cnn_accelE8w1_local_141_load (load             ) [ 0011111111111111111111111111111111111111111111111111111111111111111111111111111111111111111111111111111111111111111111111111111111111111111111111110]
p_ZZ9cnn_accelE8w1_local_168_load (load             ) [ 0011111111111111111111111111111111111111111111111111111111111111111111111111111111111111111111111111111111111111111111111111111111111111111111111110]
p_ZZ9cnn_accelE8w1_local_195_load (load             ) [ 0011111111111111111111111111111111111111111111111111111111111111111111111111111111111111111111111111111111111111111111111111111111111111111111111110]
cnn_accel_w1_local_213            (load             ) [ 0011111111111111111111111111111111111111111111111111111111111111111111111111111111111111111111111111111111111111111111111111111111111111111111111110]
cnn_accel_w1_local_214            (load             ) [ 0011111111111111111111111111111111111111111111111111111111111111111111111111111111111111111111111111111111111111111111111111111111111111111111111110]
p_ZZ9cnn_accelE8w1_local_69_load  (load             ) [ 0011111111111111111111111111111111111111111111111111111111111111111111111111111111111111111111111111111111111111111111111111111111111111111111111110]
p_ZZ9cnn_accelE8w1_local_96_load  (load             ) [ 0011111111111111111111111111111111111111111111111111111111111111111111111111111111111111111111111111111111111111111111111111111111111111111111111110]
p_ZZ9cnn_accelE8w1_local_123_load (load             ) [ 0011111111111111111111111111111111111111111111111111111111111111111111111111111111111111111111111111111111111111111111111111111111111111111111111110]
p_ZZ9cnn_accelE8w1_local_150_load (load             ) [ 0011111111111111111111111111111111111111111111111111111111111111111111111111111111111111111111111111111111111111111111111111111111111111111111111110]
p_ZZ9cnn_accelE8w1_local_177_load (load             ) [ 0011111111111111111111111111111111111111111111111111111111111111111111111111111111111111111111111111111111111111111111111111111111111111111111111110]
p_ZZ9cnn_accelE8w1_local_204_load (load             ) [ 0011111111111111111111111111111111111111111111111111111111111111111111111111111111111111111111111111111111111111111111111111111111111111111111111110]
cnn_accel_w1_local_215            (load             ) [ 0011111111111111111111111111111111111111111111111111111111111111111111111111111111111111111111111111111111111111111111111111111111111111111111111110]
cnn_accel_w1_local_216            (load             ) [ 0011111111111111111111111111111111111111111111111111111111111111111111111111111111111111111111111111111111111111111111111111111111111111111111111110]
p_ZZ9cnn_accelE8w1_local_78_load  (load             ) [ 0011111111111111111111111111111111111111111111111111111111111111111111111111111111111111111111111111111111111111111111111111111111111111111111111110]
p_ZZ9cnn_accelE8w1_local_105_load (load             ) [ 0011111111111111111111111111111111111111111111111111111111111111111111111111111111111111111111111111111111111111111111111111111111111111111111111110]
p_ZZ9cnn_accelE8w1_local_132_load (load             ) [ 0011111111111111111111111111111111111111111111111111111111111111111111111111111111111111111111111111111111111111111111111111111111111111111111111110]
p_ZZ9cnn_accelE8w1_local_159_load (load             ) [ 0011111111111111111111111111111111111111111111111111111111111111111111111111111111111111111111111111111111111111111111111111111111111111111111111110]
p_ZZ9cnn_accelE8w1_local_186_load (load             ) [ 0011111111111111111111111111111111111111111111111111111111111111111111111111111111111111111111111111111111111111111111111111111111111111111111111110]
p_ZZ9cnn_accelE8w1_local_213_load (load             ) [ 0011111111111111111111111111111111111111111111111111111111111111111111111111111111111111111111111111111111111111111111111111111111111111111111111110]
w1_local_7_load                   (load             ) [ 0011111111111111111111111111111111111111111111111111111111111111111111111111111111111111111111111111111111111111111111111111111111111111111111111110]
cnn_accel_w1_local_217            (load             ) [ 0011111111111111111111111111111111111111111111111111111111111111111111111111111111111111111111111111111111111111111111111111111111111111111111111110]
cnn_accel_w1_local_218            (load             ) [ 0011111111111111111111111111111111111111111111111111111111111111111111111111111111111111111111111111111111111111111111111111111111111111111111111110]
p_ZZ9cnn_accelE8w1_local_88_load  (load             ) [ 0011111111111111111111111111111111111111111111111111111111111111111111111111111111111111111111111111111111111111111111111111111111111111111111111110]
p_ZZ9cnn_accelE8w1_local_115_load (load             ) [ 0011111111111111111111111111111111111111111111111111111111111111111111111111111111111111111111111111111111111111111111111111111111111111111111111110]
p_ZZ9cnn_accelE8w1_local_142_load (load             ) [ 0011111111111111111111111111111111111111111111111111111111111111111111111111111111111111111111111111111111111111111111111111111111111111111111111110]
p_ZZ9cnn_accelE8w1_local_169_load (load             ) [ 0011111111111111111111111111111111111111111111111111111111111111111111111111111111111111111111111111111111111111111111111111111111111111111111111110]
p_ZZ9cnn_accelE8w1_local_196_load (load             ) [ 0011111111111111111111111111111111111111111111111111111111111111111111111111111111111111111111111111111111111111111111111111111111111111111111111110]
p_ZZ9cnn_accelE8w1_local_16_load  (load             ) [ 0011111111111111111111111111111111111111111111111111111111111111111111111111111111111111111111111111111111111111111111111111111111111111111111111110]
cnn_accel_w1_local_219            (load             ) [ 0011111111111111111111111111111111111111111111111111111111111111111111111111111111111111111111111111111111111111111111111111111111111111111111111110]
p_ZZ9cnn_accelE8w1_local_70_load  (load             ) [ 0011111111111111111111111111111111111111111111111111111111111111111111111111111111111111111111111111111111111111111111111111111111111111111111111110]
p_ZZ9cnn_accelE8w1_local_97_load  (load             ) [ 0011111111111111111111111111111111111111111111111111111111111111111111111111111111111111111111111111111111111111111111111111111111111111111111111110]
p_ZZ9cnn_accelE8w1_local_124_load (load             ) [ 0011111111111111111111111111111111111111111111111111111111111111111111111111111111111111111111111111111111111111111111111111111111111111111111111110]
p_ZZ9cnn_accelE8w1_local_151_load (load             ) [ 0011111111111111111111111111111111111111111111111111111111111111111111111111111111111111111111111111111111111111111111111111111111111111111111111110]
p_ZZ9cnn_accelE8w1_local_178_load (load             ) [ 0011111111111111111111111111111111111111111111111111111111111111111111111111111111111111111111111111111111111111111111111111111111111111111111111110]
p_ZZ9cnn_accelE8w1_local_205_load (load             ) [ 0011111111111111111111111111111111111111111111111111111111111111111111111111111111111111111111111111111111111111111111111111111111111111111111111110]
cnn_accel_w1_local_220            (load             ) [ 0011111111111111111111111111111111111111111111111111111111111111111111111111111111111111111111111111111111111111111111111111111111111111111111111110]
cnn_accel_w1_local_221            (load             ) [ 0011111111111111111111111111111111111111111111111111111111111111111111111111111111111111111111111111111111111111111111111111111111111111111111111110]
p_ZZ9cnn_accelE8w1_local_79_load  (load             ) [ 0011111111111111111111111111111111111111111111111111111111111111111111111111111111111111111111111111111111111111111111111111111111111111111111111110]
p_ZZ9cnn_accelE8w1_local_106_load (load             ) [ 0011111111111111111111111111111111111111111111111111111111111111111111111111111111111111111111111111111111111111111111111111111111111111111111111110]
p_ZZ9cnn_accelE8w1_local_133_load (load             ) [ 0011111111111111111111111111111111111111111111111111111111111111111111111111111111111111111111111111111111111111111111111111111111111111111111111110]
p_ZZ9cnn_accelE8w1_local_160_load (load             ) [ 0011111111111111111111111111111111111111111111111111111111111111111111111111111111111111111111111111111111111111111111111111111111111111111111111110]
p_ZZ9cnn_accelE8w1_local_187_load (load             ) [ 0011111111111111111111111111111111111111111111111111111111111111111111111111111111111111111111111111111111111111111111111111111111111111111111111110]
p_ZZ9cnn_accelE8w1_local_214_load (load             ) [ 0011111111111111111111111111111111111111111111111111111111111111111111111111111111111111111111111111111111111111111111111111111111111111111111111110]
w1_local_8_load                   (load             ) [ 0011111111111111111111111111111111111111111111111111111111111111111111111111111111111111111111111111111111111111111111111111111111111111111111111110]
cnn_accel_w1_local_222            (load             ) [ 0011111111111111111111111111111111111111111111111111111111111111111111111111111111111111111111111111111111111111111111111111111111111111111111111110]
cnn_accel_w1_local_223            (load             ) [ 0011111111111111111111111111111111111111111111111111111111111111111111111111111111111111111111111111111111111111111111111111111111111111111111111110]
p_ZZ9cnn_accelE8w1_local_89_load  (load             ) [ 0011111111111111111111111111111111111111111111111111111111111111111111111111111111111111111111111111111111111111111111111111111111111111111111111110]
p_ZZ9cnn_accelE8w1_local_116_load (load             ) [ 0011111111111111111111111111111111111111111111111111111111111111111111111111111111111111111111111111111111111111111111111111111111111111111111111110]
p_ZZ9cnn_accelE8w1_local_143_load (load             ) [ 0011111111111111111111111111111111111111111111111111111111111111111111111111111111111111111111111111111111111111111111111111111111111111111111111110]
p_ZZ9cnn_accelE8w1_local_170_load (load             ) [ 0011111111111111111111111111111111111111111111111111111111111111111111111111111111111111111111111111111111111111111111111111111111111111111111111110]
p_ZZ9cnn_accelE8w1_local_197_load (load             ) [ 0011111111111111111111111111111111111111111111111111111111111111111111111111111111111111111111111111111111111111111111111111111111111111111111111110]
p_ZZ9cnn_accelE8w1_local_17_load  (load             ) [ 0011111111111111111111111111111111111111111111111111111111111111111111111111111111111111111111111111111111111111111111111111111111111111111111111110]
cnn_accel_w1_local_224            (load             ) [ 0011111111111111111111111111111111111111111111111111111111111111111111111111111111111111111111111111111111111111111111111111111111111111111111111110]
cnn_accel_w1_local_225            (load             ) [ 0011111111111111111111111111111111111111111111111111111111111111111111111111111111111111111111111111111111111111111111111111111111111111111111111110]
p_ZZ9cnn_accelE8w1_local_98_load  (load             ) [ 0011111111111111111111111111111111111111111111111111111111111111111111111111111111111111111111111111111111111111111111111111111111111111111111111110]
p_ZZ9cnn_accelE8w1_local_125_load (load             ) [ 0011111111111111111111111111111111111111111111111111111111111111111111111111111111111111111111111111111111111111111111111111111111111111111111111110]
p_ZZ9cnn_accelE8w1_local_152_load (load             ) [ 0011111111111111111111111111111111111111111111111111111111111111111111111111111111111111111111111111111111111111111111111111111111111111111111111110]
p_ZZ9cnn_accelE8w1_local_179_load (load             ) [ 0011111111111111111111111111111111111111111111111111111111111111111111111111111111111111111111111111111111111111111111111111111111111111111111111110]
p_ZZ9cnn_accelE8w1_local_206_load (load             ) [ 0011111111111111111111111111111111111111111111111111111111111111111111111111111111111111111111111111111111111111111111111111111111111111111111111110]
p_ZZ9cnn_accelE8w1_local_26_load  (load             ) [ 0011111111111111111111111111111111111111111111111111111111111111111111111111111111111111111111111111111111111111111111111111111111111111111111111110]
cnn_accel_w1_local_226            (load             ) [ 0011111111111111111111111111111111111111111111111111111111111111111111111111111111111111111111111111111111111111111111111111111111111111111111111110]
p_ZZ9cnn_accelE8w1_local_80_load  (load             ) [ 0011111111111111111111111111111111111111111111111111111111111111111111111111111111111111111111111111111111111111111111111111111111111111111111111110]
p_ZZ9cnn_accelE8w1_local_107_load (load             ) [ 0011111111111111111111111111111111111111111111111111111111111111111111111111111111111111111111111111111111111111111111111111111111111111111111111110]
p_ZZ9cnn_accelE8w1_local_134_load (load             ) [ 0011111111111111111111111111111111111111111111111111111111111111111111111111111111111111111111111111111111111111111111111111111111111111111111111110]
p_ZZ9cnn_accelE8w1_local_161_load (load             ) [ 0011111111111111111111111111111111111111111111111111111111111111111111111111111111111111111111111111111111111111111111111111111111111111111111111110]
p_ZZ9cnn_accelE8w1_local_188_load (load             ) [ 0011111111111111111111111111111111111111111111111111111111111111111111111111111111111111111111111111111111111111111111111111111111111111111111111110]
p_ZZ9cnn_accelE8w1_local_215_load (load             ) [ 0011111111111111111111111111111111111111111111111111111111111111111111111111111111111111111111111111111111111111111111111111111111111111111111111110]
store_ln0                         (store            ) [ 0000000000000000000000000000000000000000000000000000000000000000000000000000000000000000000000000000000000000000000000000000000000000000000000000000]
store_ln213                       (store            ) [ 0000000000000000000000000000000000000000000000000000000000000000000000000000000000000000000000000000000000000000000000000000000000000000000000000000]
store_ln0                         (store            ) [ 0000000000000000000000000000000000000000000000000000000000000000000000000000000000000000000000000000000000000000000000000000000000000000000000000000]
store_ln214                       (store            ) [ 0000000000000000000000000000000000000000000000000000000000000000000000000000000000000000000000000000000000000000000000000000000000000000000000000000]
store_ln215                       (store            ) [ 0000000000000000000000000000000000000000000000000000000000000000000000000000000000000000000000000000000000000000000000000000000000000000000000000000]
br_ln213                          (br               ) [ 0000000000000000000000000000000000000000000000000000000000000000000000000000000000000000000000000000000000000000000000000000000000000000000000000000]
indvar_flatten_load               (load             ) [ 0000000000000000000000000000000000000000000000000000000000000000000000000000000000000000000000000000000000000000000000000000000000000000000000000000]
indvar_flatten14_load             (load             ) [ 0000000000000000000000000000000000000000000000000000000000000000000000000000000000000000000000000000000000000000000000000000000000000000000000000000]
icmp_ln213                        (icmp             ) [ 0011111111111111111111111111111111111111111111111111111111111111111111111111111111111111111111111111111111111111111111111111111111111111111111111110]
add_ln213                         (add              ) [ 0000000000000000000000000000000000000000000000000000000000000000000000000000000000000000000000000000000000000000000000000000000000000000000000000000]
br_ln213                          (br               ) [ 0000000000000000000000000000000000000000000000000000000000000000000000000000000000000000000000000000000000000000000000000000000000000000000000000000]
m_load                            (load             ) [ 0000000000000000000000000000000000000000000000000000000000000000000000000000000000000000000000000000000000000000000000000000000000000000000000000000]
j_load                            (load             ) [ 0000000000000000000000000000000000000000000000000000000000000000000000000000000000000000000000000000000000000000000000000000000000000000000000000000]
i_load                            (load             ) [ 0000000000000000000000000000000000000000000000000000000000000000000000000000000000000000000000000000000000000000000000000000000000000000000000000000]
icmp_ln214                        (icmp             ) [ 0000000000000000000000000000000000000000000000000000000000000000000000000000000000000000000000000000000000000000000000000000000000000000000000000000]
select_ln213                      (select           ) [ 0000000000000000000000000000000000000000000000000000000000000000000000000000000000000000000000000000000000000000000000000000000000000000000000000000]
indvars_iv_next142_i_mid1         (add              ) [ 0000000000000000000000000000000000000000000000000000000000000000000000000000000000000000000000000000000000000000000000000000000000000000000000000000]
indvars_iv_next142_i184           (add              ) [ 0000000000000000000000000000000000000000000000000000000000000000000000000000000000000000000000000000000000000000000000000000000000000000000000000000]
select_ln213_1                    (select           ) [ 0001100000000000000000000000000000000000000000000000000000000000000000000000000000000000000000000000000000000000000000000000000000000000000000000000]
indvars_iv_next138_i192           (add              ) [ 0000000000000000000000000000000000000000000000000000000000000000000000000000000000000000000000000000000000000000000000000000000000000000000000000000]
select_ln213_2                    (select           ) [ 0000000000000000000000000000000000000000000000000000000000000000000000000000000000000000000000000000000000000000000000000000000000000000000000000000]
xor_ln213                         (xor              ) [ 0000000000000000000000000000000000000000000000000000000000000000000000000000000000000000000000000000000000000000000000000000000000000000000000000000]
icmp_ln215                        (icmp             ) [ 0000000000000000000000000000000000000000000000000000000000000000000000000000000000000000000000000000000000000000000000000000000000000000000000000000]
and_ln213                         (and              ) [ 0000000000000000000000000000000000000000000000000000000000000000000000000000000000000000000000000000000000000000000000000000000000000000000000000000]
select_ln213_3                    (select           ) [ 0001110000000000000000000000000000000000000000000000000000000000000000000000000000000000000000000000000000000000000000000000000000000000000000000000]
indvars_iv_next138_i_dup          (add              ) [ 0000000000000000000000000000000000000000000000000000000000000000000000000000000000000000000000000000000000000000000000000000000000000000000000000000]
empty                             (or               ) [ 0000000000000000000000000000000000000000000000000000000000000000000000000000000000000000000000000000000000000000000000000000000000000000000000000000]
m_mid2                            (select           ) [ 0000000000000000000000000000000000000000000000000000000000000000000000000000000000000000000000000000000000000000000000000000000000000000000000000000]
indvars_iv_next138_i_mid1         (add              ) [ 0000000000000000000000000000000000000000000000000000000000000000000000000000000000000000000000000000000000000000000000000000000000000000000000000000]
indvars_iv_next138_i_mid2         (select           ) [ 0001000000000000000000000000000000000000000000000000000000000000000000000000000000000000000000000000000000000000000000000000000000000000000000000000]
select_ln214                      (select           ) [ 0001100000000000000000000000000000000000000000000000000000000000000000000000000000000000000000000000000000000000000000000000000000000000000000000000]
trunc_ln215                       (trunc            ) [ 0011111111111100000000000000000000000000000000000000000000000000000000000000000000000000000000000000000000000000000000000000000000000000000000000000]
trunc_ln215_1                     (trunc            ) [ 0011111111111111111111111111111111111111111111111111111111111111111111111111111111111111111111111111111111111111111111111111111111111111111111111110]
trunc_ln215_3                     (partselect       ) [ 0011111111111111111111111111111111111111111111111111111111111111111111111111111111111111111111111111111111111111111111111111111111111111111111111110]
switch_ln228                      (switch           ) [ 0000000000000000000000000000000000000000000000000000000000000000000000000000000000000000000000000000000000000000000000000000000000000000000000000000]
add_ln215                         (add              ) [ 0000000000000000000000000000000000000000000000000000000000000000000000000000000000000000000000000000000000000000000000000000000000000000000000000000]
add_ln214                         (add              ) [ 0000000000000000000000000000000000000000000000000000000000000000000000000000000000000000000000000000000000000000000000000000000000000000000000000000]
select_ln214_1                    (select           ) [ 0000000000000000000000000000000000000000000000000000000000000000000000000000000000000000000000000000000000000000000000000000000000000000000000000000]
store_ln213                       (store            ) [ 0000000000000000000000000000000000000000000000000000000000000000000000000000000000000000000000000000000000000000000000000000000000000000000000000000]
store_ln213                       (store            ) [ 0000000000000000000000000000000000000000000000000000000000000000000000000000000000000000000000000000000000000000000000000000000000000000000000000000]
store_ln214                       (store            ) [ 0000000000000000000000000000000000000000000000000000000000000000000000000000000000000000000000000000000000000000000000000000000000000000000000000000]
store_ln214                       (store            ) [ 0000000000000000000000000000000000000000000000000000000000000000000000000000000000000000000000000000000000000000000000000000000000000000000000000000]
store_ln215                       (store            ) [ 0000000000000000000000000000000000000000000000000000000000000000000000000000000000000000000000000000000000000000000000000000000000000000000000000000]
br_ln215                          (br               ) [ 0000000000000000000000000000000000000000000000000000000000000000000000000000000000000000000000000000000000000000000000000000000000000000000000000000]
tmp_50                            (bitconcatenate   ) [ 0000000000000000000000000000000000000000000000000000000000000000000000000000000000000000000000000000000000000000000000000000000000000000000000000000]
p_shl261                          (zext             ) [ 0000000000000000000000000000000000000000000000000000000000000000000000000000000000000000000000000000000000000000000000000000000000000000000000000000]
tmp_51                            (bitconcatenate   ) [ 0000000000000000000000000000000000000000000000000000000000000000000000000000000000000000000000000000000000000000000000000000000000000000000000000000]
p_shl262                          (zext             ) [ 0000000000000000000000000000000000000000000000000000000000000000000000000000000000000000000000000000000000000000000000000000000000000000000000000000]
empty_227                         (add              ) [ 0000100000000000000000000000000000000000000000000000000000000000000000000000000000000000000000000000000000000000000000000000000000000000000000000000]
zext_ln228                        (zext             ) [ 0000111110000000000000000000000000000000000000000000000000000000000000000000000000000000000000000000000000000000000000000000000000000000000000000000]
empty_231                         (add              ) [ 0000000000000000000000000000000000000000000000000000000000000000000000000000000000000000000000000000000000000000000000000000000000000000000000000000]
tmp_56                            (bitconcatenate   ) [ 0000000000000000000000000000000000000000000000000000000000000000000000000000000000000000000000000000000000000000000000000000000000000000000000000000]
p_cast209                         (zext             ) [ 0000000000000000000000000000000000000000000000000000000000000000000000000000000000000000000000000000000000000000000000000000000000000000000000000000]
local_img_addr                    (getelementptr    ) [ 0000100000000000000000000000000000000000000000000000000000000000000000000000000000000000000000000000000000000000000000000000000000000000000000000000]
tmp_49                            (bitconcatenate   ) [ 0000000000000000000000000000000000000000000000000000000000000000000000000000000000000000000000000000000000000000000000000000000000000000000000000000]
tmp_77_cast                       (zext             ) [ 0000000000000000000000000000000000000000000000000000000000000000000000000000000000000000000000000000000000000000000000000000000000000000000000000000]
local_img_addr_1                  (getelementptr    ) [ 0000100000000000000000000000000000000000000000000000000000000000000000000000000000000000000000000000000000000000000000000000000000000000000000000000]
local_img_60_addr                 (getelementptr    ) [ 0000100000000000000000000000000000000000000000000000000000000000000000000000000000000000000000000000000000000000000000000000000000000000000000000000]
indvars_iv_next138_i_mid2_cast    (zext             ) [ 0000111000000000000000000000000000000000000000000000000000000000000000000000000000000000000000000000000000000000000000000000000000000000000000000000]
empty_234                         (add              ) [ 0000100000000000000000000000000000000000000000000000000000000000000000000000000000000000000000000000000000000000000000000000000000000000000000000000]
tmp_61                            (bitconcatenate   ) [ 0000000000000000000000000000000000000000000000000000000000000000000000000000000000000000000000000000000000000000000000000000000000000000000000000000]
p_cast212                         (zext             ) [ 0000100000000000000000000000000000000000000000000000000000000000000000000000000000000000000000000000000000000000000000000000000000000000000000000000]
local_img_60_addr_1               (getelementptr    ) [ 0000100000000000000000000000000000000000000000000000000000000000000000000000000000000000000000000000000000000000000000000000000000000000000000000000]
tmp_52                            (bitconcatenate   ) [ 0000000000000000000000000000000000000000000000000000000000000000000000000000000000000000000000000000000000000000000000000000000000000000000000000000]
p_shl259                          (zext             ) [ 0000000000000000000000000000000000000000000000000000000000000000000000000000000000000000000000000000000000000000000000000000000000000000000000000000]
tmp_53                            (bitconcatenate   ) [ 0000000000000000000000000000000000000000000000000000000000000000000000000000000000000000000000000000000000000000000000000000000000000000000000000000]
p_shl260                          (zext             ) [ 0000000000000000000000000000000000000000000000000000000000000000000000000000000000000000000000000000000000000000000000000000000000000000000000000000]
empty_228                         (add              ) [ 0000010000000000000000000000000000000000000000000000000000000000000000000000000000000000000000000000000000000000000000000000000000000000000000000000]
empty_232                         (add              ) [ 0000011000000000000000000000000000000000000000000000000000000000000000000000000000000000000000000000000000000000000000000000000000000000000000000000]
tmp_57                            (bitconcatenate   ) [ 0000000000000000000000000000000000000000000000000000000000000000000000000000000000000000000000000000000000000000000000000000000000000000000000000000]
p_cast210                         (zext             ) [ 0000011000000000000000000000000000000000000000000000000000000000000000000000000000000000000000000000000000000000000000000000000000000000000000000000]
local_img_60_addr_3               (getelementptr    ) [ 0000010000000000000000000000000000000000000000000000000000000000000000000000000000000000000000000000000000000000000000000000000000000000000000000000]
local_img_addr_2                  (getelementptr    ) [ 0000010000000000000000000000000000000000000000000000000000000000000000000000000000000000000000000000000000000000000000000000000000000000000000000000]
tmp_62                            (bitconcatenate   ) [ 0000000000000000000000000000000000000000000000000000000000000000000000000000000000000000000000000000000000000000000000000000000000000000000000000000]
tmp_86_cast                       (zext             ) [ 0000000000000000000000000000000000000000000000000000000000000000000000000000000000000000000000000000000000000000000000000000000000000000000000000000]
local_img_addr_3                  (getelementptr    ) [ 0000010000000000000000000000000000000000000000000000000000000000000000000000000000000000000000000000000000000000000000000000000000000000000000000000]
local_img_load                    (load             ) [ 0000011110000000000000000000000000000000000000000000000000000000000000000000000000000000000000000000000000000000000000000000000000000000000000000000]
local_img_load_1                  (load             ) [ 0000011110000000000000000000000000000000000000000000000000000000000000000000000000000000000000000000000000000000000000000000000000000000000000000000]
local_img_60_load                 (load             ) [ 0000011110000000000000000000000000000000000000000000000000000000000000000000000000000000000000000000000000000000000000000000000000000000000000000000]
local_img_60_load_1               (load             ) [ 0000011111000000000000000000000000000000000000000000000000000000000000000000000000000000000000000000000000000000000000000000000000000000000000000000]
empty_237                         (add              ) [ 0000000000000000000000000000000000000000000000000000000000000000000000000000000000000000000000000000000000000000000000000000000000000000000000000000]
p_cast203                         (zext             ) [ 0000011000000000000000000000000000000000000000000000000000000000000000000000000000000000000000000000000000000000000000000000000000000000000000000000]
empty_238                         (add              ) [ 0000010000000000000000000000000000000000000000000000000000000000000000000000000000000000000000000000000000000000000000000000000000000000000000000000]
tmp_67                            (bitconcatenate   ) [ 0000000000000000000000000000000000000000000000000000000000000000000000000000000000000000000000000000000000000000000000000000000000000000000000000000]
p_cast215                         (zext             ) [ 0000010000000000000000000000000000000000000000000000000000000000000000000000000000000000000000000000000000000000000000000000000000000000000000000000]
local_img_60_addr_2               (getelementptr    ) [ 0000010000000000000000000000000000000000000000000000000000000000000000000000000000000000000000000000000000000000000000000000000000000000000000000000]
select_ln213_3_cast195            (zext             ) [ 0000001100000000000000000000000000000000000000000000000000000000000000000000000000000000000000000000000000000000000000000000000000000000000000000000]
empty_229                         (add              ) [ 0000001000000000000000000000000000000000000000000000000000000000000000000000000000000000000000000000000000000000000000000000000000000000000000000000]
empty_235                         (add              ) [ 0000001100000000000000000000000000000000000000000000000000000000000000000000000000000000000000000000000000000000000000000000000000000000000000000000]
tmp_63                            (bitconcatenate   ) [ 0000000000000000000000000000000000000000000000000000000000000000000000000000000000000000000000000000000000000000000000000000000000000000000000000000]
p_cast213                         (zext             ) [ 0000001100000000000000000000000000000000000000000000000000000000000000000000000000000000000000000000000000000000000000000000000000000000000000000000]
local_img_60_addr_4               (getelementptr    ) [ 0000001000000000000000000000000000000000000000000000000000000000000000000000000000000000000000000000000000000000000000000000000000000000000000000000]
local_img_load_2                  (load             ) [ 0000001111000000000000000000000000000000000000000000000000000000000000000000000000000000000000000000000000000000000000000000000000000000000000000000]
local_img_load_3                  (load             ) [ 0000001111000000000000000000000000000000000000000000000000000000000000000000000000000000000000000000000000000000000000000000000000000000000000000000]
local_img_addr_4                  (getelementptr    ) [ 0000001000000000000000000000000000000000000000000000000000000000000000000000000000000000000000000000000000000000000000000000000000000000000000000000]
tmp_68                            (bitconcatenate   ) [ 0000000000000000000000000000000000000000000000000000000000000000000000000000000000000000000000000000000000000000000000000000000000000000000000000000]
tmp_95_cast                       (zext             ) [ 0000000000000000000000000000000000000000000000000000000000000000000000000000000000000000000000000000000000000000000000000000000000000000000000000000]
local_img_addr_5                  (getelementptr    ) [ 0000001000000000000000000000000000000000000000000000000000000000000000000000000000000000000000000000000000000000000000000000000000000000000000000000]
empty_239                         (add              ) [ 0000001110000000000000000000000000000000000000000000000000000000000000000000000000000000000000000000000000000000000000000000000000000000000000000000]
tmp_69                            (bitconcatenate   ) [ 0000000000000000000000000000000000000000000000000000000000000000000000000000000000000000000000000000000000000000000000000000000000000000000000000000]
p_cast216                         (zext             ) [ 0000001110000000000000000000000000000000000000000000000000000000000000000000000000000000000000000000000000000000000000000000000000000000000000000000]
local_img_60_addr_5               (getelementptr    ) [ 0000001000000000000000000000000000000000000000000000000000000000000000000000000000000000000000000000000000000000000000000000000000000000000000000000]
local_img_60_load_2               (load             ) [ 0000001111100000000000000000000000000000000000000000000000000000000000000000000000000000000000000000000000000000000000000000000000000000000000000000]
local_img_60_load_3               (load             ) [ 0010001111110000000000000000000000000000000000000000000000000000000000000000000000000000000000000000000000000000000000000000000000000000000000000000]
tmp_i                             (sparsemux        ) [ 0000001110000000000000000000000000000000000000000000000000000000000000000000000000000000000000000000000000000000000000000000000000000000000000000000]
tmp_i_241                         (sparsemux        ) [ 0000001110000000000000000000000000000000000000000000000000000000000000000000000000000000000000000000000000000000000000000000000000000000000000000000]
tmp_71_i                          (sparsemux        ) [ 0000001110000000000000000000000000000000000000000000000000000000000000000000000000000000000000000000000000000000000000000000000000000000000000000000]
tmp_54                            (bitconcatenate   ) [ 0000000000000000000000000000000000000000000000000000000000000000000000000000000000000000000000000000000000000000000000000000000000000000000000000000]
p_shl                             (zext             ) [ 0000000000000000000000000000000000000000000000000000000000000000000000000000000000000000000000000000000000000000000000000000000000000000000000000000]
tmp_55                            (bitconcatenate   ) [ 0000000000000000000000000000000000000000000000000000000000000000000000000000000000000000000000000000000000000000000000000000000000000000000000000000]
p_shl258                          (zext             ) [ 0000000000000000000000000000000000000000000000000000000000000000000000000000000000000000000000000000000000000000000000000000000000000000000000000000]
empty_230                         (add              ) [ 0000000000000000000000000000000000000000000000000000000000000000000000000000000000000000000000000000000000000000000000000000000000000000000000000000]
local_img_addr_6                  (getelementptr    ) [ 0000000100000000000000000000000000000000000000000000000000000000000000000000000000000000000000000000000000000000000000000000000000000000000000000000]
tmp_58                            (bitconcatenate   ) [ 0000000000000000000000000000000000000000000000000000000000000000000000000000000000000000000000000000000000000000000000000000000000000000000000000000]
tmp_80_cast                       (zext             ) [ 0000000000000000000000000000000000000000000000000000000000000000000000000000000000000000000000000000000000000000000000000000000000000000000000000000]
local_img_addr_7                  (getelementptr    ) [ 0000000100000000000000000000000000000000000000000000000000000000000000000000000000000000000000000000000000000000000000000000000000000000000000000000]
empty_233                         (add              ) [ 0000000111000000000000000000000000000000000000000000000000000000000000000000000000000000000000000000000000000000000000000000000000000000000000000000]
tmp_59                            (bitconcatenate   ) [ 0000000000000000000000000000000000000000000000000000000000000000000000000000000000000000000000000000000000000000000000000000000000000000000000000000]
p_cast211                         (zext             ) [ 0000000111000000000000000000000000000000000000000000000000000000000000000000000000000000000000000000000000000000000000000000000000000000000000000000]
local_img_60_addr_6               (getelementptr    ) [ 0000000100000000000000000000000000000000000000000000000000000000000000000000000000000000000000000000000000000000000000000000000000000000000000000000]
empty_236                         (add              ) [ 0000000111100000000000000000000000000000000000000000000000000000000000000000000000000000000000000000000000000000000000000000000000000000000000000000]
tmp_65                            (bitconcatenate   ) [ 0000000000000000000000000000000000000000000000000000000000000000000000000000000000000000000000000000000000000000000000000000000000000000000000000000]
p_cast214                         (zext             ) [ 0000000111100000000000000000000000000000000000000000000000000000000000000000000000000000000000000000000000000000000000000000000000000000000000000000]
local_img_60_addr_7               (getelementptr    ) [ 0000000100000000000000000000000000000000000000000000000000000000000000000000000000000000000000000000000000000000000000000000000000000000000000000000]
empty_240                         (add              ) [ 0010000111110000000000000000000000000000000000000000000000000000000000000000000000000000000000000000000000000000000000000000000000000000000000000000]
local_img_load_4                  (load             ) [ 0000000111100000000000000000000000000000000000000000000000000000000000000000000000000000000000000000000000000000000000000000000000000000000000000000]
local_img_load_5                  (load             ) [ 0000000111100000000000000000000000000000000000000000000000000000000000000000000000000000000000000000000000000000000000000000000000000000000000000000]
local_img_60_load_4               (load             ) [ 0011000111111000000000000000000000000000000000000000000000000000000000000000000000000000000000000000000000000000000000000000000000000000000000000000]
local_img_60_load_5               (load             ) [ 0011100111111100000000000000000000000000000000000000000000000000000000000000000000000000000000000000000000000000000000000000000000000000000000000000]
tmp_72_i                          (sparsemux        ) [ 0000000111000000000000000000000000000000000000000000000000000000000000000000000000000000000000000000000000000000000000000000000000000000000000000000]
tmp_73_i                          (sparsemux        ) [ 0000000111000000000000000000000000000000000000000000000000000000000000000000000000000000000000000000000000000000000000000000000000000000000000000000]
tmp_74_i                          (sparsemux        ) [ 0000000111000000000000000000000000000000000000000000000000000000000000000000000000000000000000000000000000000000000000000000000000000000000000000000]
mul_ln228                         (mul              ) [ 0000000010000000000000000000000000000000000000000000000000000000000000000000000000000000000000000000000000000000000000000000000000000000000000000000]
local_img_addr_8                  (getelementptr    ) [ 0000000010000000000000000000000000000000000000000000000000000000000000000000000000000000000000000000000000000000000000000000000000000000000000000000]
tmp_64                            (bitconcatenate   ) [ 0000000000000000000000000000000000000000000000000000000000000000000000000000000000000000000000000000000000000000000000000000000000000000000000000000]
tmp_89_cast                       (zext             ) [ 0000000000000000000000000000000000000000000000000000000000000000000000000000000000000000000000000000000000000000000000000000000000000000000000000000]
local_img_addr_9                  (getelementptr    ) [ 0000000010000000000000000000000000000000000000000000000000000000000000000000000000000000000000000000000000000000000000000000000000000000000000000000]
tmp_71                            (bitconcatenate   ) [ 0000000000000000000000000000000000000000000000000000000000000000000000000000000000000000000000000000000000000000000000000000000000000000000000000000]
p_cast217                         (zext             ) [ 0010000011110000000000000000000000000000000000000000000000000000000000000000000000000000000000000000000000000000000000000000000000000000000000000000]
local_img_60_addr_8               (getelementptr    ) [ 0000000010000000000000000000000000000000000000000000000000000000000000000000000000000000000000000000000000000000000000000000000000000000000000000000]
local_img_load_6                  (load             ) [ 0010000011110000000000000000000000000000000000000000000000000000000000000000000000000000000000000000000000000000000000000000000000000000000000000000]
local_img_load_7                  (load             ) [ 0010000011110000000000000000000000000000000000000000000000000000000000000000000000000000000000000000000000000000000000000000000000000000000000000000]
local_img_60_load_6               (load             ) [ 0011110011111110000000000000000000000000000000000000000000000000000000000000000000000000000000000000000000000000000000000000000000000000000000000000]
local_img_60_load_7               (load             ) [ 0011111011111111000000000000000000000000000000000000000000000000000000000000000000000000000000000000000000000000000000000000000000000000000000000000]
tmp_75_i                          (sparsemux        ) [ 0000000011100000000000000000000000000000000000000000000000000000000000000000000000000000000000000000000000000000000000000000000000000000000000000000]
tmp_76_i                          (sparsemux        ) [ 0000000011100000000000000000000000000000000000000000000000000000000000000000000000000000000000000000000000000000000000000000000000000000000000000000]
tmp_77_i                          (sparsemux        ) [ 0000000011100000000000000000000000000000000000000000000000000000000000000000000000000000000000000000000000000000000000000000000000000000000000000000]
add_ln228                         (add              ) [ 0011111111111111111111111111111111111111111111111111111111111111111111111111111111111111111111111111111111111111111111111111111111111111111111111110]
local_img_addr_10                 (getelementptr    ) [ 0000000001000000000000000000000000000000000000000000000000000000000000000000000000000000000000000000000000000000000000000000000000000000000000000000]
tmp_70                            (bitconcatenate   ) [ 0000000000000000000000000000000000000000000000000000000000000000000000000000000000000000000000000000000000000000000000000000000000000000000000000000]
tmp_98_cast                       (zext             ) [ 0000000000000000000000000000000000000000000000000000000000000000000000000000000000000000000000000000000000000000000000000000000000000000000000000000]
local_img_addr_11                 (getelementptr    ) [ 0000000001000000000000000000000000000000000000000000000000000000000000000000000000000000000000000000000000000000000000000000000000000000000000000000]
local_img_load_8                  (load             ) [ 0011000001111000000000000000000000000000000000000000000000000000000000000000000000000000000000000000000000000000000000000000000000000000000000000000]
local_img_load_9                  (load             ) [ 0011000001111000000000000000000000000000000000000000000000000000000000000000000000000000000000000000000000000000000000000000000000000000000000000000]
local_img_60_load_8               (load             ) [ 0011111101111111100000000000000000000000000000000000000000000000000000000000000000000000000000000000000000000000000000000000000000000000000000000000]
acc                               (sparsemux        ) [ 0011100001111100000000000000000000000000000000000000000000000000000000000000000000000000000000000000000000000000000000000000000000000000000000000000]
mul_i                             (fmul             ) [ 0011100001111100000000000000000000000000000000000000000000000000000000000000000000000000000000000000000000000000000000000000000000000000000000000000]
mul35_i                           (fmul             ) [ 0011111111111111111000000000000000000000000000000000000000000000000000000000000000000000000000000000000000000000000000000000000000000000000000000000]
mul35_11_i                        (fmul             ) [ 0011111111111111111111110000000000000000000000000000000000000000000000000000000000000000000000000000000000000000000000000000000000000000000000000000]
tmp_78_i                          (sparsemux        ) [ 0010000001110000000000000000000000000000000000000000000000000000000000000000000000000000000000000000000000000000000000000000000000000000000000000000]
tmp_79_i                          (sparsemux        ) [ 0010000001110000000000000000000000000000000000000000000000000000000000000000000000000000000000000000000000000000000000000000000000000000000000000000]
tmp_80_i                          (sparsemux        ) [ 0010000001110000000000000000000000000000000000000000000000000000000000000000000000000000000000000000000000000000000000000000000000000000000000000000]
local_img_addr_12                 (getelementptr    ) [ 0000000000100000000000000000000000000000000000000000000000000000000000000000000000000000000000000000000000000000000000000000000000000000000000000000]
tmp_60                            (bitconcatenate   ) [ 0000000000000000000000000000000000000000000000000000000000000000000000000000000000000000000000000000000000000000000000000000000000000000000000000000]
tmp_83_cast                       (zext             ) [ 0000000000000000000000000000000000000000000000000000000000000000000000000000000000000000000000000000000000000000000000000000000000000000000000000000]
local_img_addr_13                 (getelementptr    ) [ 0000000000100000000000000000000000000000000000000000000000000000000000000000000000000000000000000000000000000000000000000000000000000000000000000000]
local_img_load_10                 (load             ) [ 0011100000111100000000000000000000000000000000000000000000000000000000000000000000000000000000000000000000000000000000000000000000000000000000000000]
local_img_load_11                 (load             ) [ 0011100000111100000000000000000000000000000000000000000000000000000000000000000000000000000000000000000000000000000000000000000000000000000000000000]
mul35_12_i                        (fmul             ) [ 0011111111111111111111111111100000000000000000000000000000000000000000000000000000000000000000000000000000000000000000000000000000000000000000000000]
mul35_161_1_i                     (fmul             ) [ 0011111111111111111111111111111111000000000000000000000000000000000000000000000000000000000000000000000000000000000000000000000000000000000000000000]
mul35_161_2_i                     (fmul             ) [ 0011111111111111111111111111111111111110000000000000000000000000000000000000000000000000000000000000000000000000000000000000000000000000000000000000]
tmp_81_i                          (sparsemux        ) [ 0011000000111000000000000000000000000000000000000000000000000000000000000000000000000000000000000000000000000000000000000000000000000000000000000000]
tmp_82_i                          (sparsemux        ) [ 0011000000111000000000000000000000000000000000000000000000000000000000000000000000000000000000000000000000000000000000000000000000000000000000000000]
tmp_83_i                          (sparsemux        ) [ 0011000000111000000000000000000000000000000000000000000000000000000000000000000000000000000000000000000000000000000000000000000000000000000000000000]
local_img_addr_14                 (getelementptr    ) [ 0010000000010000000000000000000000000000000000000000000000000000000000000000000000000000000000000000000000000000000000000000000000000000000000000000]
tmp_66                            (bitconcatenate   ) [ 0000000000000000000000000000000000000000000000000000000000000000000000000000000000000000000000000000000000000000000000000000000000000000000000000000]
tmp_92_cast                       (zext             ) [ 0000000000000000000000000000000000000000000000000000000000000000000000000000000000000000000000000000000000000000000000000000000000000000000000000000]
local_img_addr_15                 (getelementptr    ) [ 0010000000010000000000000000000000000000000000000000000000000000000000000000000000000000000000000000000000000000000000000000000000000000000000000000]
local_img_load_12                 (load             ) [ 0011110000011110000000000000000000000000000000000000000000000000000000000000000000000000000000000000000000000000000000000000000000000000000000000000]
local_img_load_13                 (load             ) [ 0011110000011110000000000000000000000000000000000000000000000000000000000000000000000000000000000000000000000000000000000000000000000000000000000000]
mul35_13_i                        (fmul             ) [ 0011111111111111111111111111111111111111111100000000000000000000000000000000000000000000000000000000000000000000000000000000000000000000000000000000]
mul35_271_1_i                     (fmul             ) [ 0011111111111111111111111111111111111111111111111000000000000000000000000000000000000000000000000000000000000000000000000000000000000000000000000000]
mul35_271_2_i                     (fmul             ) [ 0011111111111111111111111111111111111111111111111111110000000000000000000000000000000000000000000000000000000000000000000000000000000000000000000000]
tmp_84_i                          (sparsemux        ) [ 0011100000011100000000000000000000000000000000000000000000000000000000000000000000000000000000000000000000000000000000000000000000000000000000000000]
tmp_85_i                          (sparsemux        ) [ 0011100000011100000000000000000000000000000000000000000000000000000000000000000000000000000000000000000000000000000000000000000000000000000000000000]
tmp_86_i                          (sparsemux        ) [ 0011100000011100000000000000000000000000000000000000000000000000000000000000000000000000000000000000000000000000000000000000000000000000000000000000]
local_img_addr_16                 (getelementptr    ) [ 0001000000001000000000000000000000000000000000000000000000000000000000000000000000000000000000000000000000000000000000000000000000000000000000000000]
tmp_72                            (bitconcatenate   ) [ 0000000000000000000000000000000000000000000000000000000000000000000000000000000000000000000000000000000000000000000000000000000000000000000000000000]
tmp_101_cast                      (zext             ) [ 0000000000000000000000000000000000000000000000000000000000000000000000000000000000000000000000000000000000000000000000000000000000000000000000000000]
local_img_addr_17                 (getelementptr    ) [ 0001000000001000000000000000000000000000000000000000000000000000000000000000000000000000000000000000000000000000000000000000000000000000000000000000]
local_img_load_14                 (load             ) [ 0001111000001111000000000000000000000000000000000000000000000000000000000000000000000000000000000000000000000000000000000000000000000000000000000000]
local_img_load_15                 (load             ) [ 0001111000001111000000000000000000000000000000000000000000000000000000000000000000000000000000000000000000000000000000000000000000000000000000000000]
mul35_1_i                         (fmul             ) [ 0011111111101111111111111111111111111111111111111111111111100000000000000000000000000000000000000000000000000000000000000000000000000000000000000000]
mul35_1_i_242                     (fmul             ) [ 0011111111101111111111111111111111111111111111111111111111111111000000000000000000000000000000000000000000000000000000000000000000000000000000000000]
mul35_1_9_i                       (fmul             ) [ 0011111111101111111111111111111111111111111111111111111111111111111110000000000000000000000000000000000000000000000000000000000000000000000000000000]
tmp_87_i                          (sparsemux        ) [ 0001110000001110000000000000000000000000000000000000000000000000000000000000000000000000000000000000000000000000000000000000000000000000000000000000]
tmp_88_i                          (sparsemux        ) [ 0001110000001110000000000000000000000000000000000000000000000000000000000000000000000000000000000000000000000000000000000000000000000000000000000000]
tmp_89_i                          (sparsemux        ) [ 0001110000001110000000000000000000000000000000000000000000000000000000000000000000000000000000000000000000000000000000000000000000000000000000000000]
local_img_load_16                 (load             ) [ 0000111100000111100000000000000000000000000000000000000000000000000000000000000000000000000000000000000000000000000000000000000000000000000000000000]
local_img_load_17                 (load             ) [ 0000111100000111100000000000000000000000000000000000000000000000000000000000000000000000000000000000000000000000000000000000000000000000000000000000]
mul35_1_1_i                       (fmul             ) [ 0011111111100111111111111111111111111111111111111111111111111111111111111100000000000000000000000000000000000000000000000000000000000000000000000000]
mul35_1_1_1_i                     (fmul             ) [ 0011111111100111111111111111111111111111111111111111111111111111111111111111111000000000000000000000000000000000000000000000000000000000000000000000]
mul35_1_1_2_i                     (fmul             ) [ 0011111111100111111111111111111111111111111111111111111111111111111111111111111111110000000000000000000000000000000000000000000000000000000000000000]
tmp_90_i                          (sparsemux        ) [ 0000111000000111000000000000000000000000000000000000000000000000000000000000000000000000000000000000000000000000000000000000000000000000000000000000]
tmp_91_i                          (sparsemux        ) [ 0000111000000111000000000000000000000000000000000000000000000000000000000000000000000000000000000000000000000000000000000000000000000000000000000000]
tmp_92_i                          (sparsemux        ) [ 0000111000000111000000000000000000000000000000000000000000000000000000000000000000000000000000000000000000000000000000000000000000000000000000000000]
acc_75                            (fadd             ) [ 0000011111000011111000000000000000000000000000000000000000000000000000000000000000000000000000000000000000000000000000000000000000000000000000000000]
mul35_1_2_i                       (fmul             ) [ 0011111111100011111111111111111111111111111111111111111111111111111111111111111111111111100000000000000000000000000000000000000000000000000000000000]
mul35_1_2_1_i                     (fmul             ) [ 0011111111100011111111111111111111111111111111111111111111111111111111111111111111111111111111000000000000000000000000000000000000000000000000000000]
mul35_1_2_2_i                     (fmul             ) [ 0011111111100011111111111111111111111111111111111111111111111111111111111111111111111111111111111110000000000000000000000000000000000000000000000000]
tmp_93_i                          (sparsemux        ) [ 0000011100000011100000000000000000000000000000000000000000000000000000000000000000000000000000000000000000000000000000000000000000000000000000000000]
tmp_94_i                          (sparsemux        ) [ 0000011100000011100000000000000000000000000000000000000000000000000000000000000000000000000000000000000000000000000000000000000000000000000000000000]
tmp_95_i                          (sparsemux        ) [ 0000011100000011100000000000000000000000000000000000000000000000000000000000000000000000000000000000000000000000000000000000000000000000000000000000]
mul35_2_i                         (fmul             ) [ 0011111111100001111111111111111111111111111111111111111111111111111111111111111111111111111111111111111100000000000000000000000000000000000000000000]
mul35_2_i_243                     (fmul             ) [ 0011111111100001111111111111111111111111111111111111111111111111111111111111111111111111111111111111111111111000000000000000000000000000000000000000]
mul35_2_9_i                       (fmul             ) [ 0011111111100001111111111111111111111111111111111111111111111111111111111111111111111111111111111111111111111111110000000000000000000000000000000000]
mul35_2_1_i                       (fmul             ) [ 0011111111100000111111111111111111111111111111111111111111111111111111111111111111111111111111111111111111111111111111100000000000000000000000000000]
mul35_2_1_1_i                     (fmul             ) [ 0011111111100000111111111111111111111111111111111111111111111111111111111111111111111111111111111111111111111111111111111111000000000000000000000000]
mul35_2_1_2_i                     (fmul             ) [ 0011111111100000111111111111111111111111111111111111111111111111111111111111111111111111111111111111111111111111111111111111111110000000000000000000]
mul35_2_2_i                       (fmul             ) [ 0011111111100000011111111111111111111111111111111111111111111111111111111111111111111111111111111111111111111111111111111111111111111100000000000000]
mul35_2_2_1_i                     (fmul             ) [ 0011111111100000011111111111111111111111111111111111111111111111111111111111111111111111111111111111111111111111111111111111111111111111111000000000]
mul35_2_2_2_i                     (fmul             ) [ 0011111111100000011111111111111111111111111111111111111111111111111111111111111111111111111111111111111111111111111111111111111111111111111111110000]
acc_76                            (fadd             ) [ 0011110000100000000111110000000000000000000000000000000000000000000000000000000000000000000000000000000000000000000000000000000000000000000000000000]
acc_77                            (fadd             ) [ 0000001111100000000000001111100000000000000000000000000000000000000000000000000000000000000000000000000000000000000000000000000000000000000000000000]
acc_78                            (fadd             ) [ 0011111000000000000000000000011111000000000000000000000000000000000000000000000000000000000000000000000000000000000000000000000000000000000000000000]
acc_79                            (fadd             ) [ 0010000111100000000000000000000000111110000000000000000000000000000000000000000000000000000000000000000000000000000000000000000000000000000000000000]
acc_80                            (fadd             ) [ 0001111100000000000000000000000000000001111100000000000000000000000000000000000000000000000000000000000000000000000000000000000000000000000000000000]
acc_81                            (fadd             ) [ 0011000011100000000000000000000000000000000011111000000000000000000000000000000000000000000000000000000000000000000000000000000000000000000000000000]
acc_82                            (fadd             ) [ 0000111110000000000000000000000000000000000000000111110000000000000000000000000000000000000000000000000000000000000000000000000000000000000000000000]
acc_83                            (fadd             ) [ 0011100001100000000000000000000000000000000000000000001111100000000000000000000000000000000000000000000000000000000000000000000000000000000000000000]
acc_84                            (fadd             ) [ 0000011111000000000000000000000000000000000000000000000000011111000000000000000000000000000000000000000000000000000000000000000000000000000000000000]
acc_85                            (fadd             ) [ 0011110000100000000000000000000000000000000000000000000000000000111110000000000000000000000000000000000000000000000000000000000000000000000000000000]
acc_86                            (fadd             ) [ 0000001111100000000000000000000000000000000000000000000000000000000001111100000000000000000000000000000000000000000000000000000000000000000000000000]
acc_87                            (fadd             ) [ 0011111000000000000000000000000000000000000000000000000000000000000000000011111000000000000000000000000000000000000000000000000000000000000000000000]
acc_88                            (fadd             ) [ 0010000111100000000000000000000000000000000000000000000000000000000000000000000111110000000000000000000000000000000000000000000000000000000000000000]
acc_89                            (fadd             ) [ 0001111100000000000000000000000000000000000000000000000000000000000000000000000000001111100000000000000000000000000000000000000000000000000000000000]
acc_90                            (fadd             ) [ 0011000011100000000000000000000000000000000000000000000000000000000000000000000000000000011111000000000000000000000000000000000000000000000000000000]
acc_91                            (fadd             ) [ 0000111110000000000000000000000000000000000000000000000000000000000000000000000000000000000000111110000000000000000000000000000000000000000000000000]
acc_92                            (fadd             ) [ 0011100001100000000000000000000000000000000000000000000000000000000000000000000000000000000000000001111100000000000000000000000000000000000000000000]
acc_93                            (fadd             ) [ 0000011111000000000000000000000000000000000000000000000000000000000000000000000000000000000000000000000011111000000000000000000000000000000000000000]
acc_94                            (fadd             ) [ 0011110000100000000000000000000000000000000000000000000000000000000000000000000000000000000000000000000000000111110000000000000000000000000000000000]
acc_95                            (fadd             ) [ 0000001111100000000000000000000000000000000000000000000000000000000000000000000000000000000000000000000000000000001111100000000000000000000000000000]
acc_96                            (fadd             ) [ 0011111000000000000000000000000000000000000000000000000000000000000000000000000000000000000000000000000000000000000000011111000000000000000000000000]
acc_97                            (fadd             ) [ 0010000111100000000000000000000000000000000000000000000000000000000000000000000000000000000000000000000000000000000000000000111110000000000000000000]
acc_98                            (fadd             ) [ 0001111100000000000000000000000000000000000000000000000000000000000000000000000000000000000000000000000000000000000000000000000001111100000000000000]
acc_99                            (fadd             ) [ 0011000011100000000000000000000000000000000000000000000000000000000000000000000000000000000000000000000000000000000000000000000000000011111000000000]
acc_100                           (fadd             ) [ 0000111110000000000000000000000000000000000000000000000000000000000000000000000000000000000000000000000000000000000000000000000000000000000111110000]
acc_101                           (fadd             ) [ 0000000001100000000000000000000000000000000000000000000000000000000000000000000000000000000000000000000000000000000000000000000000000000000000001100]
bitcast_ln228                     (bitcast          ) [ 0000000000000000000000000000000000000000000000000000000000000000000000000000000000000000000000000000000000000000000000000000000000000000000000000000]
tmp                               (partselect       ) [ 0000000000000000000000000000000000000000000000000000000000000000000000000000000000000000000000000000000000000000000000000000000000000000000000000000]
trunc_ln228                       (trunc            ) [ 0000000000000000000000000000000000000000000000000000000000000000000000000000000000000000000000000000000000000000000000000000000000000000000000000000]
icmp_ln228                        (icmp             ) [ 0000000000000000000000000000000000000000000000000000000000000000000000000000000000000000000000000000000000000000000000000000000000000000000000000000]
icmp_ln228_1                      (icmp             ) [ 0000000000000000000000000000000000000000000000000000000000000000000000000000000000000000000000000000000000000000000000000000000000000000000000000000]
or_ln228                          (or               ) [ 0000000000000000000000000000000000000000000000000000000000000000000000000000000000000000000000000000000000000000000000000000000000000000000000000000]
tmp_s                             (fcmp             ) [ 0000000000000000000000000000000000000000000000000000000000000000000000000000000000000000000000000000000000000000000000000000000000000000000000000000]
and_ln228                         (and              ) [ 0000000000000000000000000000000000000000000000000000000000000000000000000000000000000000000000000000000000000000000000000000000000000000000000000000]
select_ln228                      (select           ) [ 0010000000000000000000000000000000000000000000000000000000000000000000000000000000000000000000000000000000000000000000000000000000000000000000000010]
specloopname_ln0                  (specloopname     ) [ 0000000000000000000000000000000000000000000000000000000000000000000000000000000000000000000000000000000000000000000000000000000000000000000000000000]
speclooptripcount_ln0             (speclooptripcount) [ 0000000000000000000000000000000000000000000000000000000000000000000000000000000000000000000000000000000000000000000000000000000000000000000000000000]
specpipeline_ln216                (specpipeline     ) [ 0000000000000000000000000000000000000000000000000000000000000000000000000000000000000000000000000000000000000000000000000000000000000000000000000000]
tmp_73                            (bitconcatenate   ) [ 0000000000000000000000000000000000000000000000000000000000000000000000000000000000000000000000000000000000000000000000000000000000000000000000000000]
zext_ln228_1                      (zext             ) [ 0000000000000000000000000000000000000000000000000000000000000000000000000000000000000000000000000000000000000000000000000000000000000000000000000000]
feat1_addr                        (getelementptr    ) [ 0000000000000000000000000000000000000000000000000000000000000000000000000000000000000000000000000000000000000000000000000000000000000000000000000000]
feat1_61_addr                     (getelementptr    ) [ 0000000000000000000000000000000000000000000000000000000000000000000000000000000000000000000000000000000000000000000000000000000000000000000000000000]
feat1_62_addr                     (getelementptr    ) [ 0000000000000000000000000000000000000000000000000000000000000000000000000000000000000000000000000000000000000000000000000000000000000000000000000000]
feat1_63_addr                     (getelementptr    ) [ 0000000000000000000000000000000000000000000000000000000000000000000000000000000000000000000000000000000000000000000000000000000000000000000000000000]
store_ln228                       (store            ) [ 0000000000000000000000000000000000000000000000000000000000000000000000000000000000000000000000000000000000000000000000000000000000000000000000000000]
br_ln228                          (br               ) [ 0000000000000000000000000000000000000000000000000000000000000000000000000000000000000000000000000000000000000000000000000000000000000000000000000000]
store_ln228                       (store            ) [ 0000000000000000000000000000000000000000000000000000000000000000000000000000000000000000000000000000000000000000000000000000000000000000000000000000]
br_ln228                          (br               ) [ 0000000000000000000000000000000000000000000000000000000000000000000000000000000000000000000000000000000000000000000000000000000000000000000000000000]
store_ln228                       (store            ) [ 0000000000000000000000000000000000000000000000000000000000000000000000000000000000000000000000000000000000000000000000000000000000000000000000000000]
br_ln228                          (br               ) [ 0000000000000000000000000000000000000000000000000000000000000000000000000000000000000000000000000000000000000000000000000000000000000000000000000000]
store_ln228                       (store            ) [ 0000000000000000000000000000000000000000000000000000000000000000000000000000000000000000000000000000000000000000000000000000000000000000000000000000]
br_ln228                          (br               ) [ 0000000000000000000000000000000000000000000000000000000000000000000000000000000000000000000000000000000000000000000000000000000000000000000000000000]
ret_ln0                           (ret              ) [ 0000000000000000000000000000000000000000000000000000000000000000000000000000000000000000000000000000000000000000000000000000000000000000000000000000]
</LifeTime>

<model>

<comp_list>
<comp id="0" class="1000" name="feat1">
<pin_list>
<pin id="1" dir="1" index="0" bw="1" slack="0"/>
</pin_list>
<bind>
<StgValue><ssdm name="feat1"/><MemPortTyVec>0 3 </MemPortTyVec>
</StgValue>
</bind>
</comp>

<comp id="2" class="1000" name="feat1_61">
<pin_list>
<pin id="3" dir="1" index="0" bw="1" slack="0"/>
</pin_list>
<bind>
<StgValue><ssdm name="feat1_61"/><MemPortTyVec>0 3 </MemPortTyVec>
</StgValue>
</bind>
</comp>

<comp id="4" class="1000" name="feat1_62">
<pin_list>
<pin id="5" dir="1" index="0" bw="1" slack="0"/>
</pin_list>
<bind>
<StgValue><ssdm name="feat1_62"/><MemPortTyVec>0 3 </MemPortTyVec>
</StgValue>
</bind>
</comp>

<comp id="6" class="1000" name="feat1_63">
<pin_list>
<pin id="7" dir="1" index="0" bw="1" slack="0"/>
</pin_list>
<bind>
<StgValue><ssdm name="feat1_63"/><MemPortTyVec>0 3 </MemPortTyVec>
</StgValue>
</bind>
</comp>

<comp id="8" class="1000" name="local_img">
<pin_list>
<pin id="9" dir="1" index="0" bw="1" slack="0"/>
</pin_list>
<bind>
<StgValue><ssdm name="local_img"/><MemPortTyVec>1 1 </MemPortTyVec>
</StgValue>
</bind>
</comp>

<comp id="10" class="1000" name="local_img_60">
<pin_list>
<pin id="11" dir="1" index="0" bw="1" slack="0"/>
</pin_list>
<bind>
<StgValue><ssdm name="local_img_60"/><MemPortTyVec>1 1 </MemPortTyVec>
</StgValue>
</bind>
</comp>

<comp id="12" class="1000" name="b1_local">
<pin_list>
<pin id="13" dir="1" index="0" bw="1" slack="0"/>
</pin_list>
<bind>
<StgValue><ssdm name="b1_local"/></StgValue>
</bind>
</comp>

<comp id="14" class="1000" name="b1_local_10">
<pin_list>
<pin id="15" dir="1" index="0" bw="1" slack="0"/>
</pin_list>
<bind>
<StgValue><ssdm name="b1_local_10"/></StgValue>
</bind>
</comp>

<comp id="16" class="1000" name="b1_local_11">
<pin_list>
<pin id="17" dir="1" index="0" bw="1" slack="0"/>
</pin_list>
<bind>
<StgValue><ssdm name="b1_local_11"/></StgValue>
</bind>
</comp>

<comp id="18" class="1000" name="b1_local_12">
<pin_list>
<pin id="19" dir="1" index="0" bw="1" slack="0"/>
</pin_list>
<bind>
<StgValue><ssdm name="b1_local_12"/></StgValue>
</bind>
</comp>

<comp id="20" class="1000" name="b1_local_13">
<pin_list>
<pin id="21" dir="1" index="0" bw="1" slack="0"/>
</pin_list>
<bind>
<StgValue><ssdm name="b1_local_13"/></StgValue>
</bind>
</comp>

<comp id="22" class="1000" name="b1_local_14">
<pin_list>
<pin id="23" dir="1" index="0" bw="1" slack="0"/>
</pin_list>
<bind>
<StgValue><ssdm name="b1_local_14"/></StgValue>
</bind>
</comp>

<comp id="24" class="1000" name="b1_local_15">
<pin_list>
<pin id="25" dir="1" index="0" bw="1" slack="0"/>
</pin_list>
<bind>
<StgValue><ssdm name="b1_local_15"/></StgValue>
</bind>
</comp>

<comp id="26" class="1000" name="b1_local_16">
<pin_list>
<pin id="27" dir="1" index="0" bw="1" slack="0"/>
</pin_list>
<bind>
<StgValue><ssdm name="b1_local_16"/></StgValue>
</bind>
</comp>

<comp id="28" class="1000" name="w1_local">
<pin_list>
<pin id="29" dir="1" index="0" bw="1" slack="0"/>
</pin_list>
<bind>
<StgValue><ssdm name="w1_local"/></StgValue>
</bind>
</comp>

<comp id="30" class="1000" name="p_ZZ9cnn_accelE8w1_local_27">
<pin_list>
<pin id="31" dir="1" index="0" bw="1" slack="0"/>
</pin_list>
<bind>
<StgValue><ssdm name="p_ZZ9cnn_accelE8w1_local_27"/></StgValue>
</bind>
</comp>

<comp id="32" class="1000" name="p_ZZ9cnn_accelE8w1_local_54">
<pin_list>
<pin id="33" dir="1" index="0" bw="1" slack="0"/>
</pin_list>
<bind>
<StgValue><ssdm name="p_ZZ9cnn_accelE8w1_local_54"/></StgValue>
</bind>
</comp>

<comp id="34" class="1000" name="p_ZZ9cnn_accelE8w1_local_81">
<pin_list>
<pin id="35" dir="1" index="0" bw="1" slack="0"/>
</pin_list>
<bind>
<StgValue><ssdm name="p_ZZ9cnn_accelE8w1_local_81"/></StgValue>
</bind>
</comp>

<comp id="36" class="1000" name="p_ZZ9cnn_accelE8w1_local_108">
<pin_list>
<pin id="37" dir="1" index="0" bw="1" slack="0"/>
</pin_list>
<bind>
<StgValue><ssdm name="p_ZZ9cnn_accelE8w1_local_108"/></StgValue>
</bind>
</comp>

<comp id="38" class="1000" name="p_ZZ9cnn_accelE8w1_local_135">
<pin_list>
<pin id="39" dir="1" index="0" bw="1" slack="0"/>
</pin_list>
<bind>
<StgValue><ssdm name="p_ZZ9cnn_accelE8w1_local_135"/></StgValue>
</bind>
</comp>

<comp id="40" class="1000" name="p_ZZ9cnn_accelE8w1_local_162">
<pin_list>
<pin id="41" dir="1" index="0" bw="1" slack="0"/>
</pin_list>
<bind>
<StgValue><ssdm name="p_ZZ9cnn_accelE8w1_local_162"/></StgValue>
</bind>
</comp>

<comp id="42" class="1000" name="p_ZZ9cnn_accelE8w1_local_189">
<pin_list>
<pin id="43" dir="1" index="0" bw="1" slack="0"/>
</pin_list>
<bind>
<StgValue><ssdm name="p_ZZ9cnn_accelE8w1_local_189"/></StgValue>
</bind>
</comp>

<comp id="44" class="1000" name="w1_local_9">
<pin_list>
<pin id="45" dir="1" index="0" bw="1" slack="0"/>
</pin_list>
<bind>
<StgValue><ssdm name="w1_local_9"/></StgValue>
</bind>
</comp>

<comp id="46" class="1000" name="p_ZZ9cnn_accelE8w1_local_36">
<pin_list>
<pin id="47" dir="1" index="0" bw="1" slack="0"/>
</pin_list>
<bind>
<StgValue><ssdm name="p_ZZ9cnn_accelE8w1_local_36"/></StgValue>
</bind>
</comp>

<comp id="48" class="1000" name="p_ZZ9cnn_accelE8w1_local_63">
<pin_list>
<pin id="49" dir="1" index="0" bw="1" slack="0"/>
</pin_list>
<bind>
<StgValue><ssdm name="p_ZZ9cnn_accelE8w1_local_63"/></StgValue>
</bind>
</comp>

<comp id="50" class="1000" name="p_ZZ9cnn_accelE8w1_local_90">
<pin_list>
<pin id="51" dir="1" index="0" bw="1" slack="0"/>
</pin_list>
<bind>
<StgValue><ssdm name="p_ZZ9cnn_accelE8w1_local_90"/></StgValue>
</bind>
</comp>

<comp id="52" class="1000" name="p_ZZ9cnn_accelE8w1_local_117">
<pin_list>
<pin id="53" dir="1" index="0" bw="1" slack="0"/>
</pin_list>
<bind>
<StgValue><ssdm name="p_ZZ9cnn_accelE8w1_local_117"/></StgValue>
</bind>
</comp>

<comp id="54" class="1000" name="p_ZZ9cnn_accelE8w1_local_144">
<pin_list>
<pin id="55" dir="1" index="0" bw="1" slack="0"/>
</pin_list>
<bind>
<StgValue><ssdm name="p_ZZ9cnn_accelE8w1_local_144"/></StgValue>
</bind>
</comp>

<comp id="56" class="1000" name="p_ZZ9cnn_accelE8w1_local_171">
<pin_list>
<pin id="57" dir="1" index="0" bw="1" slack="0"/>
</pin_list>
<bind>
<StgValue><ssdm name="p_ZZ9cnn_accelE8w1_local_171"/></StgValue>
</bind>
</comp>

<comp id="58" class="1000" name="p_ZZ9cnn_accelE8w1_local_198">
<pin_list>
<pin id="59" dir="1" index="0" bw="1" slack="0"/>
</pin_list>
<bind>
<StgValue><ssdm name="p_ZZ9cnn_accelE8w1_local_198"/></StgValue>
</bind>
</comp>

<comp id="60" class="1000" name="p_ZZ9cnn_accelE8w1_local_18">
<pin_list>
<pin id="61" dir="1" index="0" bw="1" slack="0"/>
</pin_list>
<bind>
<StgValue><ssdm name="p_ZZ9cnn_accelE8w1_local_18"/></StgValue>
</bind>
</comp>

<comp id="62" class="1000" name="p_ZZ9cnn_accelE8w1_local_45">
<pin_list>
<pin id="63" dir="1" index="0" bw="1" slack="0"/>
</pin_list>
<bind>
<StgValue><ssdm name="p_ZZ9cnn_accelE8w1_local_45"/></StgValue>
</bind>
</comp>

<comp id="64" class="1000" name="p_ZZ9cnn_accelE8w1_local_72">
<pin_list>
<pin id="65" dir="1" index="0" bw="1" slack="0"/>
</pin_list>
<bind>
<StgValue><ssdm name="p_ZZ9cnn_accelE8w1_local_72"/></StgValue>
</bind>
</comp>

<comp id="66" class="1000" name="p_ZZ9cnn_accelE8w1_local_99">
<pin_list>
<pin id="67" dir="1" index="0" bw="1" slack="0"/>
</pin_list>
<bind>
<StgValue><ssdm name="p_ZZ9cnn_accelE8w1_local_99"/></StgValue>
</bind>
</comp>

<comp id="68" class="1000" name="p_ZZ9cnn_accelE8w1_local_126">
<pin_list>
<pin id="69" dir="1" index="0" bw="1" slack="0"/>
</pin_list>
<bind>
<StgValue><ssdm name="p_ZZ9cnn_accelE8w1_local_126"/></StgValue>
</bind>
</comp>

<comp id="70" class="1000" name="p_ZZ9cnn_accelE8w1_local_153">
<pin_list>
<pin id="71" dir="1" index="0" bw="1" slack="0"/>
</pin_list>
<bind>
<StgValue><ssdm name="p_ZZ9cnn_accelE8w1_local_153"/></StgValue>
</bind>
</comp>

<comp id="72" class="1000" name="p_ZZ9cnn_accelE8w1_local_180">
<pin_list>
<pin id="73" dir="1" index="0" bw="1" slack="0"/>
</pin_list>
<bind>
<StgValue><ssdm name="p_ZZ9cnn_accelE8w1_local_180"/></StgValue>
</bind>
</comp>

<comp id="74" class="1000" name="p_ZZ9cnn_accelE8w1_local_207">
<pin_list>
<pin id="75" dir="1" index="0" bw="1" slack="0"/>
</pin_list>
<bind>
<StgValue><ssdm name="p_ZZ9cnn_accelE8w1_local_207"/></StgValue>
</bind>
</comp>

<comp id="76" class="1000" name="w1_local_1">
<pin_list>
<pin id="77" dir="1" index="0" bw="1" slack="0"/>
</pin_list>
<bind>
<StgValue><ssdm name="w1_local_1"/></StgValue>
</bind>
</comp>

<comp id="78" class="1000" name="p_ZZ9cnn_accelE8w1_local_28">
<pin_list>
<pin id="79" dir="1" index="0" bw="1" slack="0"/>
</pin_list>
<bind>
<StgValue><ssdm name="p_ZZ9cnn_accelE8w1_local_28"/></StgValue>
</bind>
</comp>

<comp id="80" class="1000" name="p_ZZ9cnn_accelE8w1_local_55">
<pin_list>
<pin id="81" dir="1" index="0" bw="1" slack="0"/>
</pin_list>
<bind>
<StgValue><ssdm name="p_ZZ9cnn_accelE8w1_local_55"/></StgValue>
</bind>
</comp>

<comp id="82" class="1000" name="p_ZZ9cnn_accelE8w1_local_82">
<pin_list>
<pin id="83" dir="1" index="0" bw="1" slack="0"/>
</pin_list>
<bind>
<StgValue><ssdm name="p_ZZ9cnn_accelE8w1_local_82"/></StgValue>
</bind>
</comp>

<comp id="84" class="1000" name="p_ZZ9cnn_accelE8w1_local_109">
<pin_list>
<pin id="85" dir="1" index="0" bw="1" slack="0"/>
</pin_list>
<bind>
<StgValue><ssdm name="p_ZZ9cnn_accelE8w1_local_109"/></StgValue>
</bind>
</comp>

<comp id="86" class="1000" name="p_ZZ9cnn_accelE8w1_local_136">
<pin_list>
<pin id="87" dir="1" index="0" bw="1" slack="0"/>
</pin_list>
<bind>
<StgValue><ssdm name="p_ZZ9cnn_accelE8w1_local_136"/></StgValue>
</bind>
</comp>

<comp id="88" class="1000" name="p_ZZ9cnn_accelE8w1_local_163">
<pin_list>
<pin id="89" dir="1" index="0" bw="1" slack="0"/>
</pin_list>
<bind>
<StgValue><ssdm name="p_ZZ9cnn_accelE8w1_local_163"/></StgValue>
</bind>
</comp>

<comp id="90" class="1000" name="p_ZZ9cnn_accelE8w1_local_190">
<pin_list>
<pin id="91" dir="1" index="0" bw="1" slack="0"/>
</pin_list>
<bind>
<StgValue><ssdm name="p_ZZ9cnn_accelE8w1_local_190"/></StgValue>
</bind>
</comp>

<comp id="92" class="1000" name="p_ZZ9cnn_accelE8w1_local_10">
<pin_list>
<pin id="93" dir="1" index="0" bw="1" slack="0"/>
</pin_list>
<bind>
<StgValue><ssdm name="p_ZZ9cnn_accelE8w1_local_10"/></StgValue>
</bind>
</comp>

<comp id="94" class="1000" name="p_ZZ9cnn_accelE8w1_local_37">
<pin_list>
<pin id="95" dir="1" index="0" bw="1" slack="0"/>
</pin_list>
<bind>
<StgValue><ssdm name="p_ZZ9cnn_accelE8w1_local_37"/></StgValue>
</bind>
</comp>

<comp id="96" class="1000" name="p_ZZ9cnn_accelE8w1_local_64">
<pin_list>
<pin id="97" dir="1" index="0" bw="1" slack="0"/>
</pin_list>
<bind>
<StgValue><ssdm name="p_ZZ9cnn_accelE8w1_local_64"/></StgValue>
</bind>
</comp>

<comp id="98" class="1000" name="p_ZZ9cnn_accelE8w1_local_91">
<pin_list>
<pin id="99" dir="1" index="0" bw="1" slack="0"/>
</pin_list>
<bind>
<StgValue><ssdm name="p_ZZ9cnn_accelE8w1_local_91"/></StgValue>
</bind>
</comp>

<comp id="100" class="1000" name="p_ZZ9cnn_accelE8w1_local_118">
<pin_list>
<pin id="101" dir="1" index="0" bw="1" slack="0"/>
</pin_list>
<bind>
<StgValue><ssdm name="p_ZZ9cnn_accelE8w1_local_118"/></StgValue>
</bind>
</comp>

<comp id="102" class="1000" name="p_ZZ9cnn_accelE8w1_local_145">
<pin_list>
<pin id="103" dir="1" index="0" bw="1" slack="0"/>
</pin_list>
<bind>
<StgValue><ssdm name="p_ZZ9cnn_accelE8w1_local_145"/></StgValue>
</bind>
</comp>

<comp id="104" class="1000" name="p_ZZ9cnn_accelE8w1_local_172">
<pin_list>
<pin id="105" dir="1" index="0" bw="1" slack="0"/>
</pin_list>
<bind>
<StgValue><ssdm name="p_ZZ9cnn_accelE8w1_local_172"/></StgValue>
</bind>
</comp>

<comp id="106" class="1000" name="p_ZZ9cnn_accelE8w1_local_199">
<pin_list>
<pin id="107" dir="1" index="0" bw="1" slack="0"/>
</pin_list>
<bind>
<StgValue><ssdm name="p_ZZ9cnn_accelE8w1_local_199"/></StgValue>
</bind>
</comp>

<comp id="108" class="1000" name="p_ZZ9cnn_accelE8w1_local_19">
<pin_list>
<pin id="109" dir="1" index="0" bw="1" slack="0"/>
</pin_list>
<bind>
<StgValue><ssdm name="p_ZZ9cnn_accelE8w1_local_19"/></StgValue>
</bind>
</comp>

<comp id="110" class="1000" name="p_ZZ9cnn_accelE8w1_local_46">
<pin_list>
<pin id="111" dir="1" index="0" bw="1" slack="0"/>
</pin_list>
<bind>
<StgValue><ssdm name="p_ZZ9cnn_accelE8w1_local_46"/></StgValue>
</bind>
</comp>

<comp id="112" class="1000" name="p_ZZ9cnn_accelE8w1_local_73">
<pin_list>
<pin id="113" dir="1" index="0" bw="1" slack="0"/>
</pin_list>
<bind>
<StgValue><ssdm name="p_ZZ9cnn_accelE8w1_local_73"/></StgValue>
</bind>
</comp>

<comp id="114" class="1000" name="p_ZZ9cnn_accelE8w1_local_100">
<pin_list>
<pin id="115" dir="1" index="0" bw="1" slack="0"/>
</pin_list>
<bind>
<StgValue><ssdm name="p_ZZ9cnn_accelE8w1_local_100"/></StgValue>
</bind>
</comp>

<comp id="116" class="1000" name="p_ZZ9cnn_accelE8w1_local_127">
<pin_list>
<pin id="117" dir="1" index="0" bw="1" slack="0"/>
</pin_list>
<bind>
<StgValue><ssdm name="p_ZZ9cnn_accelE8w1_local_127"/></StgValue>
</bind>
</comp>

<comp id="118" class="1000" name="p_ZZ9cnn_accelE8w1_local_154">
<pin_list>
<pin id="119" dir="1" index="0" bw="1" slack="0"/>
</pin_list>
<bind>
<StgValue><ssdm name="p_ZZ9cnn_accelE8w1_local_154"/></StgValue>
</bind>
</comp>

<comp id="120" class="1000" name="p_ZZ9cnn_accelE8w1_local_181">
<pin_list>
<pin id="121" dir="1" index="0" bw="1" slack="0"/>
</pin_list>
<bind>
<StgValue><ssdm name="p_ZZ9cnn_accelE8w1_local_181"/></StgValue>
</bind>
</comp>

<comp id="122" class="1000" name="p_ZZ9cnn_accelE8w1_local_208">
<pin_list>
<pin id="123" dir="1" index="0" bw="1" slack="0"/>
</pin_list>
<bind>
<StgValue><ssdm name="p_ZZ9cnn_accelE8w1_local_208"/></StgValue>
</bind>
</comp>

<comp id="124" class="1000" name="w1_local_2">
<pin_list>
<pin id="125" dir="1" index="0" bw="1" slack="0"/>
</pin_list>
<bind>
<StgValue><ssdm name="w1_local_2"/></StgValue>
</bind>
</comp>

<comp id="126" class="1000" name="p_ZZ9cnn_accelE8w1_local_29">
<pin_list>
<pin id="127" dir="1" index="0" bw="1" slack="0"/>
</pin_list>
<bind>
<StgValue><ssdm name="p_ZZ9cnn_accelE8w1_local_29"/></StgValue>
</bind>
</comp>

<comp id="128" class="1000" name="p_ZZ9cnn_accelE8w1_local_56">
<pin_list>
<pin id="129" dir="1" index="0" bw="1" slack="0"/>
</pin_list>
<bind>
<StgValue><ssdm name="p_ZZ9cnn_accelE8w1_local_56"/></StgValue>
</bind>
</comp>

<comp id="130" class="1000" name="p_ZZ9cnn_accelE8w1_local_83">
<pin_list>
<pin id="131" dir="1" index="0" bw="1" slack="0"/>
</pin_list>
<bind>
<StgValue><ssdm name="p_ZZ9cnn_accelE8w1_local_83"/></StgValue>
</bind>
</comp>

<comp id="132" class="1000" name="p_ZZ9cnn_accelE8w1_local_110">
<pin_list>
<pin id="133" dir="1" index="0" bw="1" slack="0"/>
</pin_list>
<bind>
<StgValue><ssdm name="p_ZZ9cnn_accelE8w1_local_110"/></StgValue>
</bind>
</comp>

<comp id="134" class="1000" name="p_ZZ9cnn_accelE8w1_local_137">
<pin_list>
<pin id="135" dir="1" index="0" bw="1" slack="0"/>
</pin_list>
<bind>
<StgValue><ssdm name="p_ZZ9cnn_accelE8w1_local_137"/></StgValue>
</bind>
</comp>

<comp id="136" class="1000" name="p_ZZ9cnn_accelE8w1_local_164">
<pin_list>
<pin id="137" dir="1" index="0" bw="1" slack="0"/>
</pin_list>
<bind>
<StgValue><ssdm name="p_ZZ9cnn_accelE8w1_local_164"/></StgValue>
</bind>
</comp>

<comp id="138" class="1000" name="p_ZZ9cnn_accelE8w1_local_191">
<pin_list>
<pin id="139" dir="1" index="0" bw="1" slack="0"/>
</pin_list>
<bind>
<StgValue><ssdm name="p_ZZ9cnn_accelE8w1_local_191"/></StgValue>
</bind>
</comp>

<comp id="140" class="1000" name="p_ZZ9cnn_accelE8w1_local_11">
<pin_list>
<pin id="141" dir="1" index="0" bw="1" slack="0"/>
</pin_list>
<bind>
<StgValue><ssdm name="p_ZZ9cnn_accelE8w1_local_11"/></StgValue>
</bind>
</comp>

<comp id="142" class="1000" name="p_ZZ9cnn_accelE8w1_local_38">
<pin_list>
<pin id="143" dir="1" index="0" bw="1" slack="0"/>
</pin_list>
<bind>
<StgValue><ssdm name="p_ZZ9cnn_accelE8w1_local_38"/></StgValue>
</bind>
</comp>

<comp id="144" class="1000" name="p_ZZ9cnn_accelE8w1_local_65">
<pin_list>
<pin id="145" dir="1" index="0" bw="1" slack="0"/>
</pin_list>
<bind>
<StgValue><ssdm name="p_ZZ9cnn_accelE8w1_local_65"/></StgValue>
</bind>
</comp>

<comp id="146" class="1000" name="p_ZZ9cnn_accelE8w1_local_92">
<pin_list>
<pin id="147" dir="1" index="0" bw="1" slack="0"/>
</pin_list>
<bind>
<StgValue><ssdm name="p_ZZ9cnn_accelE8w1_local_92"/></StgValue>
</bind>
</comp>

<comp id="148" class="1000" name="p_ZZ9cnn_accelE8w1_local_119">
<pin_list>
<pin id="149" dir="1" index="0" bw="1" slack="0"/>
</pin_list>
<bind>
<StgValue><ssdm name="p_ZZ9cnn_accelE8w1_local_119"/></StgValue>
</bind>
</comp>

<comp id="150" class="1000" name="p_ZZ9cnn_accelE8w1_local_146">
<pin_list>
<pin id="151" dir="1" index="0" bw="1" slack="0"/>
</pin_list>
<bind>
<StgValue><ssdm name="p_ZZ9cnn_accelE8w1_local_146"/></StgValue>
</bind>
</comp>

<comp id="152" class="1000" name="p_ZZ9cnn_accelE8w1_local_173">
<pin_list>
<pin id="153" dir="1" index="0" bw="1" slack="0"/>
</pin_list>
<bind>
<StgValue><ssdm name="p_ZZ9cnn_accelE8w1_local_173"/></StgValue>
</bind>
</comp>

<comp id="154" class="1000" name="p_ZZ9cnn_accelE8w1_local_200">
<pin_list>
<pin id="155" dir="1" index="0" bw="1" slack="0"/>
</pin_list>
<bind>
<StgValue><ssdm name="p_ZZ9cnn_accelE8w1_local_200"/></StgValue>
</bind>
</comp>

<comp id="156" class="1000" name="p_ZZ9cnn_accelE8w1_local_20">
<pin_list>
<pin id="157" dir="1" index="0" bw="1" slack="0"/>
</pin_list>
<bind>
<StgValue><ssdm name="p_ZZ9cnn_accelE8w1_local_20"/></StgValue>
</bind>
</comp>

<comp id="158" class="1000" name="p_ZZ9cnn_accelE8w1_local_47">
<pin_list>
<pin id="159" dir="1" index="0" bw="1" slack="0"/>
</pin_list>
<bind>
<StgValue><ssdm name="p_ZZ9cnn_accelE8w1_local_47"/></StgValue>
</bind>
</comp>

<comp id="160" class="1000" name="p_ZZ9cnn_accelE8w1_local_74">
<pin_list>
<pin id="161" dir="1" index="0" bw="1" slack="0"/>
</pin_list>
<bind>
<StgValue><ssdm name="p_ZZ9cnn_accelE8w1_local_74"/></StgValue>
</bind>
</comp>

<comp id="162" class="1000" name="p_ZZ9cnn_accelE8w1_local_101">
<pin_list>
<pin id="163" dir="1" index="0" bw="1" slack="0"/>
</pin_list>
<bind>
<StgValue><ssdm name="p_ZZ9cnn_accelE8w1_local_101"/></StgValue>
</bind>
</comp>

<comp id="164" class="1000" name="p_ZZ9cnn_accelE8w1_local_128">
<pin_list>
<pin id="165" dir="1" index="0" bw="1" slack="0"/>
</pin_list>
<bind>
<StgValue><ssdm name="p_ZZ9cnn_accelE8w1_local_128"/></StgValue>
</bind>
</comp>

<comp id="166" class="1000" name="p_ZZ9cnn_accelE8w1_local_155">
<pin_list>
<pin id="167" dir="1" index="0" bw="1" slack="0"/>
</pin_list>
<bind>
<StgValue><ssdm name="p_ZZ9cnn_accelE8w1_local_155"/></StgValue>
</bind>
</comp>

<comp id="168" class="1000" name="p_ZZ9cnn_accelE8w1_local_182">
<pin_list>
<pin id="169" dir="1" index="0" bw="1" slack="0"/>
</pin_list>
<bind>
<StgValue><ssdm name="p_ZZ9cnn_accelE8w1_local_182"/></StgValue>
</bind>
</comp>

<comp id="170" class="1000" name="p_ZZ9cnn_accelE8w1_local_209">
<pin_list>
<pin id="171" dir="1" index="0" bw="1" slack="0"/>
</pin_list>
<bind>
<StgValue><ssdm name="p_ZZ9cnn_accelE8w1_local_209"/></StgValue>
</bind>
</comp>

<comp id="172" class="1000" name="w1_local_3">
<pin_list>
<pin id="173" dir="1" index="0" bw="1" slack="0"/>
</pin_list>
<bind>
<StgValue><ssdm name="w1_local_3"/></StgValue>
</bind>
</comp>

<comp id="174" class="1000" name="p_ZZ9cnn_accelE8w1_local_30">
<pin_list>
<pin id="175" dir="1" index="0" bw="1" slack="0"/>
</pin_list>
<bind>
<StgValue><ssdm name="p_ZZ9cnn_accelE8w1_local_30"/></StgValue>
</bind>
</comp>

<comp id="176" class="1000" name="p_ZZ9cnn_accelE8w1_local_57">
<pin_list>
<pin id="177" dir="1" index="0" bw="1" slack="0"/>
</pin_list>
<bind>
<StgValue><ssdm name="p_ZZ9cnn_accelE8w1_local_57"/></StgValue>
</bind>
</comp>

<comp id="178" class="1000" name="p_ZZ9cnn_accelE8w1_local_84">
<pin_list>
<pin id="179" dir="1" index="0" bw="1" slack="0"/>
</pin_list>
<bind>
<StgValue><ssdm name="p_ZZ9cnn_accelE8w1_local_84"/></StgValue>
</bind>
</comp>

<comp id="180" class="1000" name="p_ZZ9cnn_accelE8w1_local_111">
<pin_list>
<pin id="181" dir="1" index="0" bw="1" slack="0"/>
</pin_list>
<bind>
<StgValue><ssdm name="p_ZZ9cnn_accelE8w1_local_111"/></StgValue>
</bind>
</comp>

<comp id="182" class="1000" name="p_ZZ9cnn_accelE8w1_local_138">
<pin_list>
<pin id="183" dir="1" index="0" bw="1" slack="0"/>
</pin_list>
<bind>
<StgValue><ssdm name="p_ZZ9cnn_accelE8w1_local_138"/></StgValue>
</bind>
</comp>

<comp id="184" class="1000" name="p_ZZ9cnn_accelE8w1_local_165">
<pin_list>
<pin id="185" dir="1" index="0" bw="1" slack="0"/>
</pin_list>
<bind>
<StgValue><ssdm name="p_ZZ9cnn_accelE8w1_local_165"/></StgValue>
</bind>
</comp>

<comp id="186" class="1000" name="p_ZZ9cnn_accelE8w1_local_192">
<pin_list>
<pin id="187" dir="1" index="0" bw="1" slack="0"/>
</pin_list>
<bind>
<StgValue><ssdm name="p_ZZ9cnn_accelE8w1_local_192"/></StgValue>
</bind>
</comp>

<comp id="188" class="1000" name="p_ZZ9cnn_accelE8w1_local_12">
<pin_list>
<pin id="189" dir="1" index="0" bw="1" slack="0"/>
</pin_list>
<bind>
<StgValue><ssdm name="p_ZZ9cnn_accelE8w1_local_12"/></StgValue>
</bind>
</comp>

<comp id="190" class="1000" name="p_ZZ9cnn_accelE8w1_local_39">
<pin_list>
<pin id="191" dir="1" index="0" bw="1" slack="0"/>
</pin_list>
<bind>
<StgValue><ssdm name="p_ZZ9cnn_accelE8w1_local_39"/></StgValue>
</bind>
</comp>

<comp id="192" class="1000" name="p_ZZ9cnn_accelE8w1_local_66">
<pin_list>
<pin id="193" dir="1" index="0" bw="1" slack="0"/>
</pin_list>
<bind>
<StgValue><ssdm name="p_ZZ9cnn_accelE8w1_local_66"/></StgValue>
</bind>
</comp>

<comp id="194" class="1000" name="p_ZZ9cnn_accelE8w1_local_93">
<pin_list>
<pin id="195" dir="1" index="0" bw="1" slack="0"/>
</pin_list>
<bind>
<StgValue><ssdm name="p_ZZ9cnn_accelE8w1_local_93"/></StgValue>
</bind>
</comp>

<comp id="196" class="1000" name="p_ZZ9cnn_accelE8w1_local_120">
<pin_list>
<pin id="197" dir="1" index="0" bw="1" slack="0"/>
</pin_list>
<bind>
<StgValue><ssdm name="p_ZZ9cnn_accelE8w1_local_120"/></StgValue>
</bind>
</comp>

<comp id="198" class="1000" name="p_ZZ9cnn_accelE8w1_local_147">
<pin_list>
<pin id="199" dir="1" index="0" bw="1" slack="0"/>
</pin_list>
<bind>
<StgValue><ssdm name="p_ZZ9cnn_accelE8w1_local_147"/></StgValue>
</bind>
</comp>

<comp id="200" class="1000" name="p_ZZ9cnn_accelE8w1_local_174">
<pin_list>
<pin id="201" dir="1" index="0" bw="1" slack="0"/>
</pin_list>
<bind>
<StgValue><ssdm name="p_ZZ9cnn_accelE8w1_local_174"/></StgValue>
</bind>
</comp>

<comp id="202" class="1000" name="p_ZZ9cnn_accelE8w1_local_201">
<pin_list>
<pin id="203" dir="1" index="0" bw="1" slack="0"/>
</pin_list>
<bind>
<StgValue><ssdm name="p_ZZ9cnn_accelE8w1_local_201"/></StgValue>
</bind>
</comp>

<comp id="204" class="1000" name="p_ZZ9cnn_accelE8w1_local_21">
<pin_list>
<pin id="205" dir="1" index="0" bw="1" slack="0"/>
</pin_list>
<bind>
<StgValue><ssdm name="p_ZZ9cnn_accelE8w1_local_21"/></StgValue>
</bind>
</comp>

<comp id="206" class="1000" name="p_ZZ9cnn_accelE8w1_local_48">
<pin_list>
<pin id="207" dir="1" index="0" bw="1" slack="0"/>
</pin_list>
<bind>
<StgValue><ssdm name="p_ZZ9cnn_accelE8w1_local_48"/></StgValue>
</bind>
</comp>

<comp id="208" class="1000" name="p_ZZ9cnn_accelE8w1_local_75">
<pin_list>
<pin id="209" dir="1" index="0" bw="1" slack="0"/>
</pin_list>
<bind>
<StgValue><ssdm name="p_ZZ9cnn_accelE8w1_local_75"/></StgValue>
</bind>
</comp>

<comp id="210" class="1000" name="p_ZZ9cnn_accelE8w1_local_102">
<pin_list>
<pin id="211" dir="1" index="0" bw="1" slack="0"/>
</pin_list>
<bind>
<StgValue><ssdm name="p_ZZ9cnn_accelE8w1_local_102"/></StgValue>
</bind>
</comp>

<comp id="212" class="1000" name="p_ZZ9cnn_accelE8w1_local_129">
<pin_list>
<pin id="213" dir="1" index="0" bw="1" slack="0"/>
</pin_list>
<bind>
<StgValue><ssdm name="p_ZZ9cnn_accelE8w1_local_129"/></StgValue>
</bind>
</comp>

<comp id="214" class="1000" name="p_ZZ9cnn_accelE8w1_local_156">
<pin_list>
<pin id="215" dir="1" index="0" bw="1" slack="0"/>
</pin_list>
<bind>
<StgValue><ssdm name="p_ZZ9cnn_accelE8w1_local_156"/></StgValue>
</bind>
</comp>

<comp id="216" class="1000" name="p_ZZ9cnn_accelE8w1_local_183">
<pin_list>
<pin id="217" dir="1" index="0" bw="1" slack="0"/>
</pin_list>
<bind>
<StgValue><ssdm name="p_ZZ9cnn_accelE8w1_local_183"/></StgValue>
</bind>
</comp>

<comp id="218" class="1000" name="p_ZZ9cnn_accelE8w1_local_210">
<pin_list>
<pin id="219" dir="1" index="0" bw="1" slack="0"/>
</pin_list>
<bind>
<StgValue><ssdm name="p_ZZ9cnn_accelE8w1_local_210"/></StgValue>
</bind>
</comp>

<comp id="220" class="1000" name="w1_local_4">
<pin_list>
<pin id="221" dir="1" index="0" bw="1" slack="0"/>
</pin_list>
<bind>
<StgValue><ssdm name="w1_local_4"/></StgValue>
</bind>
</comp>

<comp id="222" class="1000" name="p_ZZ9cnn_accelE8w1_local_31">
<pin_list>
<pin id="223" dir="1" index="0" bw="1" slack="0"/>
</pin_list>
<bind>
<StgValue><ssdm name="p_ZZ9cnn_accelE8w1_local_31"/></StgValue>
</bind>
</comp>

<comp id="224" class="1000" name="p_ZZ9cnn_accelE8w1_local_58">
<pin_list>
<pin id="225" dir="1" index="0" bw="1" slack="0"/>
</pin_list>
<bind>
<StgValue><ssdm name="p_ZZ9cnn_accelE8w1_local_58"/></StgValue>
</bind>
</comp>

<comp id="226" class="1000" name="p_ZZ9cnn_accelE8w1_local_85">
<pin_list>
<pin id="227" dir="1" index="0" bw="1" slack="0"/>
</pin_list>
<bind>
<StgValue><ssdm name="p_ZZ9cnn_accelE8w1_local_85"/></StgValue>
</bind>
</comp>

<comp id="228" class="1000" name="p_ZZ9cnn_accelE8w1_local_112">
<pin_list>
<pin id="229" dir="1" index="0" bw="1" slack="0"/>
</pin_list>
<bind>
<StgValue><ssdm name="p_ZZ9cnn_accelE8w1_local_112"/></StgValue>
</bind>
</comp>

<comp id="230" class="1000" name="p_ZZ9cnn_accelE8w1_local_139">
<pin_list>
<pin id="231" dir="1" index="0" bw="1" slack="0"/>
</pin_list>
<bind>
<StgValue><ssdm name="p_ZZ9cnn_accelE8w1_local_139"/></StgValue>
</bind>
</comp>

<comp id="232" class="1000" name="p_ZZ9cnn_accelE8w1_local_166">
<pin_list>
<pin id="233" dir="1" index="0" bw="1" slack="0"/>
</pin_list>
<bind>
<StgValue><ssdm name="p_ZZ9cnn_accelE8w1_local_166"/></StgValue>
</bind>
</comp>

<comp id="234" class="1000" name="p_ZZ9cnn_accelE8w1_local_193">
<pin_list>
<pin id="235" dir="1" index="0" bw="1" slack="0"/>
</pin_list>
<bind>
<StgValue><ssdm name="p_ZZ9cnn_accelE8w1_local_193"/></StgValue>
</bind>
</comp>

<comp id="236" class="1000" name="p_ZZ9cnn_accelE8w1_local_13">
<pin_list>
<pin id="237" dir="1" index="0" bw="1" slack="0"/>
</pin_list>
<bind>
<StgValue><ssdm name="p_ZZ9cnn_accelE8w1_local_13"/></StgValue>
</bind>
</comp>

<comp id="238" class="1000" name="p_ZZ9cnn_accelE8w1_local_40">
<pin_list>
<pin id="239" dir="1" index="0" bw="1" slack="0"/>
</pin_list>
<bind>
<StgValue><ssdm name="p_ZZ9cnn_accelE8w1_local_40"/></StgValue>
</bind>
</comp>

<comp id="240" class="1000" name="p_ZZ9cnn_accelE8w1_local_67">
<pin_list>
<pin id="241" dir="1" index="0" bw="1" slack="0"/>
</pin_list>
<bind>
<StgValue><ssdm name="p_ZZ9cnn_accelE8w1_local_67"/></StgValue>
</bind>
</comp>

<comp id="242" class="1000" name="p_ZZ9cnn_accelE8w1_local_94">
<pin_list>
<pin id="243" dir="1" index="0" bw="1" slack="0"/>
</pin_list>
<bind>
<StgValue><ssdm name="p_ZZ9cnn_accelE8w1_local_94"/></StgValue>
</bind>
</comp>

<comp id="244" class="1000" name="p_ZZ9cnn_accelE8w1_local_121">
<pin_list>
<pin id="245" dir="1" index="0" bw="1" slack="0"/>
</pin_list>
<bind>
<StgValue><ssdm name="p_ZZ9cnn_accelE8w1_local_121"/></StgValue>
</bind>
</comp>

<comp id="246" class="1000" name="p_ZZ9cnn_accelE8w1_local_148">
<pin_list>
<pin id="247" dir="1" index="0" bw="1" slack="0"/>
</pin_list>
<bind>
<StgValue><ssdm name="p_ZZ9cnn_accelE8w1_local_148"/></StgValue>
</bind>
</comp>

<comp id="248" class="1000" name="p_ZZ9cnn_accelE8w1_local_175">
<pin_list>
<pin id="249" dir="1" index="0" bw="1" slack="0"/>
</pin_list>
<bind>
<StgValue><ssdm name="p_ZZ9cnn_accelE8w1_local_175"/></StgValue>
</bind>
</comp>

<comp id="250" class="1000" name="p_ZZ9cnn_accelE8w1_local_202">
<pin_list>
<pin id="251" dir="1" index="0" bw="1" slack="0"/>
</pin_list>
<bind>
<StgValue><ssdm name="p_ZZ9cnn_accelE8w1_local_202"/></StgValue>
</bind>
</comp>

<comp id="252" class="1000" name="p_ZZ9cnn_accelE8w1_local_22">
<pin_list>
<pin id="253" dir="1" index="0" bw="1" slack="0"/>
</pin_list>
<bind>
<StgValue><ssdm name="p_ZZ9cnn_accelE8w1_local_22"/></StgValue>
</bind>
</comp>

<comp id="254" class="1000" name="p_ZZ9cnn_accelE8w1_local_49">
<pin_list>
<pin id="255" dir="1" index="0" bw="1" slack="0"/>
</pin_list>
<bind>
<StgValue><ssdm name="p_ZZ9cnn_accelE8w1_local_49"/></StgValue>
</bind>
</comp>

<comp id="256" class="1000" name="p_ZZ9cnn_accelE8w1_local_76">
<pin_list>
<pin id="257" dir="1" index="0" bw="1" slack="0"/>
</pin_list>
<bind>
<StgValue><ssdm name="p_ZZ9cnn_accelE8w1_local_76"/></StgValue>
</bind>
</comp>

<comp id="258" class="1000" name="p_ZZ9cnn_accelE8w1_local_103">
<pin_list>
<pin id="259" dir="1" index="0" bw="1" slack="0"/>
</pin_list>
<bind>
<StgValue><ssdm name="p_ZZ9cnn_accelE8w1_local_103"/></StgValue>
</bind>
</comp>

<comp id="260" class="1000" name="p_ZZ9cnn_accelE8w1_local_130">
<pin_list>
<pin id="261" dir="1" index="0" bw="1" slack="0"/>
</pin_list>
<bind>
<StgValue><ssdm name="p_ZZ9cnn_accelE8w1_local_130"/></StgValue>
</bind>
</comp>

<comp id="262" class="1000" name="p_ZZ9cnn_accelE8w1_local_157">
<pin_list>
<pin id="263" dir="1" index="0" bw="1" slack="0"/>
</pin_list>
<bind>
<StgValue><ssdm name="p_ZZ9cnn_accelE8w1_local_157"/></StgValue>
</bind>
</comp>

<comp id="264" class="1000" name="p_ZZ9cnn_accelE8w1_local_184">
<pin_list>
<pin id="265" dir="1" index="0" bw="1" slack="0"/>
</pin_list>
<bind>
<StgValue><ssdm name="p_ZZ9cnn_accelE8w1_local_184"/></StgValue>
</bind>
</comp>

<comp id="266" class="1000" name="p_ZZ9cnn_accelE8w1_local_211">
<pin_list>
<pin id="267" dir="1" index="0" bw="1" slack="0"/>
</pin_list>
<bind>
<StgValue><ssdm name="p_ZZ9cnn_accelE8w1_local_211"/></StgValue>
</bind>
</comp>

<comp id="268" class="1000" name="w1_local_5">
<pin_list>
<pin id="269" dir="1" index="0" bw="1" slack="0"/>
</pin_list>
<bind>
<StgValue><ssdm name="w1_local_5"/></StgValue>
</bind>
</comp>

<comp id="270" class="1000" name="p_ZZ9cnn_accelE8w1_local_32">
<pin_list>
<pin id="271" dir="1" index="0" bw="1" slack="0"/>
</pin_list>
<bind>
<StgValue><ssdm name="p_ZZ9cnn_accelE8w1_local_32"/></StgValue>
</bind>
</comp>

<comp id="272" class="1000" name="p_ZZ9cnn_accelE8w1_local_59">
<pin_list>
<pin id="273" dir="1" index="0" bw="1" slack="0"/>
</pin_list>
<bind>
<StgValue><ssdm name="p_ZZ9cnn_accelE8w1_local_59"/></StgValue>
</bind>
</comp>

<comp id="274" class="1000" name="p_ZZ9cnn_accelE8w1_local_86">
<pin_list>
<pin id="275" dir="1" index="0" bw="1" slack="0"/>
</pin_list>
<bind>
<StgValue><ssdm name="p_ZZ9cnn_accelE8w1_local_86"/></StgValue>
</bind>
</comp>

<comp id="276" class="1000" name="p_ZZ9cnn_accelE8w1_local_113">
<pin_list>
<pin id="277" dir="1" index="0" bw="1" slack="0"/>
</pin_list>
<bind>
<StgValue><ssdm name="p_ZZ9cnn_accelE8w1_local_113"/></StgValue>
</bind>
</comp>

<comp id="278" class="1000" name="p_ZZ9cnn_accelE8w1_local_140">
<pin_list>
<pin id="279" dir="1" index="0" bw="1" slack="0"/>
</pin_list>
<bind>
<StgValue><ssdm name="p_ZZ9cnn_accelE8w1_local_140"/></StgValue>
</bind>
</comp>

<comp id="280" class="1000" name="p_ZZ9cnn_accelE8w1_local_167">
<pin_list>
<pin id="281" dir="1" index="0" bw="1" slack="0"/>
</pin_list>
<bind>
<StgValue><ssdm name="p_ZZ9cnn_accelE8w1_local_167"/></StgValue>
</bind>
</comp>

<comp id="282" class="1000" name="p_ZZ9cnn_accelE8w1_local_194">
<pin_list>
<pin id="283" dir="1" index="0" bw="1" slack="0"/>
</pin_list>
<bind>
<StgValue><ssdm name="p_ZZ9cnn_accelE8w1_local_194"/></StgValue>
</bind>
</comp>

<comp id="284" class="1000" name="p_ZZ9cnn_accelE8w1_local_14">
<pin_list>
<pin id="285" dir="1" index="0" bw="1" slack="0"/>
</pin_list>
<bind>
<StgValue><ssdm name="p_ZZ9cnn_accelE8w1_local_14"/></StgValue>
</bind>
</comp>

<comp id="286" class="1000" name="p_ZZ9cnn_accelE8w1_local_41">
<pin_list>
<pin id="287" dir="1" index="0" bw="1" slack="0"/>
</pin_list>
<bind>
<StgValue><ssdm name="p_ZZ9cnn_accelE8w1_local_41"/></StgValue>
</bind>
</comp>

<comp id="288" class="1000" name="p_ZZ9cnn_accelE8w1_local_68">
<pin_list>
<pin id="289" dir="1" index="0" bw="1" slack="0"/>
</pin_list>
<bind>
<StgValue><ssdm name="p_ZZ9cnn_accelE8w1_local_68"/></StgValue>
</bind>
</comp>

<comp id="290" class="1000" name="p_ZZ9cnn_accelE8w1_local_95">
<pin_list>
<pin id="291" dir="1" index="0" bw="1" slack="0"/>
</pin_list>
<bind>
<StgValue><ssdm name="p_ZZ9cnn_accelE8w1_local_95"/></StgValue>
</bind>
</comp>

<comp id="292" class="1000" name="p_ZZ9cnn_accelE8w1_local_122">
<pin_list>
<pin id="293" dir="1" index="0" bw="1" slack="0"/>
</pin_list>
<bind>
<StgValue><ssdm name="p_ZZ9cnn_accelE8w1_local_122"/></StgValue>
</bind>
</comp>

<comp id="294" class="1000" name="p_ZZ9cnn_accelE8w1_local_149">
<pin_list>
<pin id="295" dir="1" index="0" bw="1" slack="0"/>
</pin_list>
<bind>
<StgValue><ssdm name="p_ZZ9cnn_accelE8w1_local_149"/></StgValue>
</bind>
</comp>

<comp id="296" class="1000" name="p_ZZ9cnn_accelE8w1_local_176">
<pin_list>
<pin id="297" dir="1" index="0" bw="1" slack="0"/>
</pin_list>
<bind>
<StgValue><ssdm name="p_ZZ9cnn_accelE8w1_local_176"/></StgValue>
</bind>
</comp>

<comp id="298" class="1000" name="p_ZZ9cnn_accelE8w1_local_203">
<pin_list>
<pin id="299" dir="1" index="0" bw="1" slack="0"/>
</pin_list>
<bind>
<StgValue><ssdm name="p_ZZ9cnn_accelE8w1_local_203"/></StgValue>
</bind>
</comp>

<comp id="300" class="1000" name="p_ZZ9cnn_accelE8w1_local_23">
<pin_list>
<pin id="301" dir="1" index="0" bw="1" slack="0"/>
</pin_list>
<bind>
<StgValue><ssdm name="p_ZZ9cnn_accelE8w1_local_23"/></StgValue>
</bind>
</comp>

<comp id="302" class="1000" name="p_ZZ9cnn_accelE8w1_local_50">
<pin_list>
<pin id="303" dir="1" index="0" bw="1" slack="0"/>
</pin_list>
<bind>
<StgValue><ssdm name="p_ZZ9cnn_accelE8w1_local_50"/></StgValue>
</bind>
</comp>

<comp id="304" class="1000" name="p_ZZ9cnn_accelE8w1_local_77">
<pin_list>
<pin id="305" dir="1" index="0" bw="1" slack="0"/>
</pin_list>
<bind>
<StgValue><ssdm name="p_ZZ9cnn_accelE8w1_local_77"/></StgValue>
</bind>
</comp>

<comp id="306" class="1000" name="p_ZZ9cnn_accelE8w1_local_104">
<pin_list>
<pin id="307" dir="1" index="0" bw="1" slack="0"/>
</pin_list>
<bind>
<StgValue><ssdm name="p_ZZ9cnn_accelE8w1_local_104"/></StgValue>
</bind>
</comp>

<comp id="308" class="1000" name="p_ZZ9cnn_accelE8w1_local_131">
<pin_list>
<pin id="309" dir="1" index="0" bw="1" slack="0"/>
</pin_list>
<bind>
<StgValue><ssdm name="p_ZZ9cnn_accelE8w1_local_131"/></StgValue>
</bind>
</comp>

<comp id="310" class="1000" name="p_ZZ9cnn_accelE8w1_local_158">
<pin_list>
<pin id="311" dir="1" index="0" bw="1" slack="0"/>
</pin_list>
<bind>
<StgValue><ssdm name="p_ZZ9cnn_accelE8w1_local_158"/></StgValue>
</bind>
</comp>

<comp id="312" class="1000" name="p_ZZ9cnn_accelE8w1_local_185">
<pin_list>
<pin id="313" dir="1" index="0" bw="1" slack="0"/>
</pin_list>
<bind>
<StgValue><ssdm name="p_ZZ9cnn_accelE8w1_local_185"/></StgValue>
</bind>
</comp>

<comp id="314" class="1000" name="p_ZZ9cnn_accelE8w1_local_212">
<pin_list>
<pin id="315" dir="1" index="0" bw="1" slack="0"/>
</pin_list>
<bind>
<StgValue><ssdm name="p_ZZ9cnn_accelE8w1_local_212"/></StgValue>
</bind>
</comp>

<comp id="316" class="1000" name="w1_local_6">
<pin_list>
<pin id="317" dir="1" index="0" bw="1" slack="0"/>
</pin_list>
<bind>
<StgValue><ssdm name="w1_local_6"/></StgValue>
</bind>
</comp>

<comp id="318" class="1000" name="p_ZZ9cnn_accelE8w1_local_33">
<pin_list>
<pin id="319" dir="1" index="0" bw="1" slack="0"/>
</pin_list>
<bind>
<StgValue><ssdm name="p_ZZ9cnn_accelE8w1_local_33"/></StgValue>
</bind>
</comp>

<comp id="320" class="1000" name="p_ZZ9cnn_accelE8w1_local_60">
<pin_list>
<pin id="321" dir="1" index="0" bw="1" slack="0"/>
</pin_list>
<bind>
<StgValue><ssdm name="p_ZZ9cnn_accelE8w1_local_60"/></StgValue>
</bind>
</comp>

<comp id="322" class="1000" name="p_ZZ9cnn_accelE8w1_local_87">
<pin_list>
<pin id="323" dir="1" index="0" bw="1" slack="0"/>
</pin_list>
<bind>
<StgValue><ssdm name="p_ZZ9cnn_accelE8w1_local_87"/></StgValue>
</bind>
</comp>

<comp id="324" class="1000" name="p_ZZ9cnn_accelE8w1_local_114">
<pin_list>
<pin id="325" dir="1" index="0" bw="1" slack="0"/>
</pin_list>
<bind>
<StgValue><ssdm name="p_ZZ9cnn_accelE8w1_local_114"/></StgValue>
</bind>
</comp>

<comp id="326" class="1000" name="p_ZZ9cnn_accelE8w1_local_141">
<pin_list>
<pin id="327" dir="1" index="0" bw="1" slack="0"/>
</pin_list>
<bind>
<StgValue><ssdm name="p_ZZ9cnn_accelE8w1_local_141"/></StgValue>
</bind>
</comp>

<comp id="328" class="1000" name="p_ZZ9cnn_accelE8w1_local_168">
<pin_list>
<pin id="329" dir="1" index="0" bw="1" slack="0"/>
</pin_list>
<bind>
<StgValue><ssdm name="p_ZZ9cnn_accelE8w1_local_168"/></StgValue>
</bind>
</comp>

<comp id="330" class="1000" name="p_ZZ9cnn_accelE8w1_local_195">
<pin_list>
<pin id="331" dir="1" index="0" bw="1" slack="0"/>
</pin_list>
<bind>
<StgValue><ssdm name="p_ZZ9cnn_accelE8w1_local_195"/></StgValue>
</bind>
</comp>

<comp id="332" class="1000" name="p_ZZ9cnn_accelE8w1_local_15">
<pin_list>
<pin id="333" dir="1" index="0" bw="1" slack="0"/>
</pin_list>
<bind>
<StgValue><ssdm name="p_ZZ9cnn_accelE8w1_local_15"/></StgValue>
</bind>
</comp>

<comp id="334" class="1000" name="p_ZZ9cnn_accelE8w1_local_42">
<pin_list>
<pin id="335" dir="1" index="0" bw="1" slack="0"/>
</pin_list>
<bind>
<StgValue><ssdm name="p_ZZ9cnn_accelE8w1_local_42"/></StgValue>
</bind>
</comp>

<comp id="336" class="1000" name="p_ZZ9cnn_accelE8w1_local_69">
<pin_list>
<pin id="337" dir="1" index="0" bw="1" slack="0"/>
</pin_list>
<bind>
<StgValue><ssdm name="p_ZZ9cnn_accelE8w1_local_69"/></StgValue>
</bind>
</comp>

<comp id="338" class="1000" name="p_ZZ9cnn_accelE8w1_local_96">
<pin_list>
<pin id="339" dir="1" index="0" bw="1" slack="0"/>
</pin_list>
<bind>
<StgValue><ssdm name="p_ZZ9cnn_accelE8w1_local_96"/></StgValue>
</bind>
</comp>

<comp id="340" class="1000" name="p_ZZ9cnn_accelE8w1_local_123">
<pin_list>
<pin id="341" dir="1" index="0" bw="1" slack="0"/>
</pin_list>
<bind>
<StgValue><ssdm name="p_ZZ9cnn_accelE8w1_local_123"/></StgValue>
</bind>
</comp>

<comp id="342" class="1000" name="p_ZZ9cnn_accelE8w1_local_150">
<pin_list>
<pin id="343" dir="1" index="0" bw="1" slack="0"/>
</pin_list>
<bind>
<StgValue><ssdm name="p_ZZ9cnn_accelE8w1_local_150"/></StgValue>
</bind>
</comp>

<comp id="344" class="1000" name="p_ZZ9cnn_accelE8w1_local_177">
<pin_list>
<pin id="345" dir="1" index="0" bw="1" slack="0"/>
</pin_list>
<bind>
<StgValue><ssdm name="p_ZZ9cnn_accelE8w1_local_177"/></StgValue>
</bind>
</comp>

<comp id="346" class="1000" name="p_ZZ9cnn_accelE8w1_local_204">
<pin_list>
<pin id="347" dir="1" index="0" bw="1" slack="0"/>
</pin_list>
<bind>
<StgValue><ssdm name="p_ZZ9cnn_accelE8w1_local_204"/></StgValue>
</bind>
</comp>

<comp id="348" class="1000" name="p_ZZ9cnn_accelE8w1_local_24">
<pin_list>
<pin id="349" dir="1" index="0" bw="1" slack="0"/>
</pin_list>
<bind>
<StgValue><ssdm name="p_ZZ9cnn_accelE8w1_local_24"/></StgValue>
</bind>
</comp>

<comp id="350" class="1000" name="p_ZZ9cnn_accelE8w1_local_51">
<pin_list>
<pin id="351" dir="1" index="0" bw="1" slack="0"/>
</pin_list>
<bind>
<StgValue><ssdm name="p_ZZ9cnn_accelE8w1_local_51"/></StgValue>
</bind>
</comp>

<comp id="352" class="1000" name="p_ZZ9cnn_accelE8w1_local_78">
<pin_list>
<pin id="353" dir="1" index="0" bw="1" slack="0"/>
</pin_list>
<bind>
<StgValue><ssdm name="p_ZZ9cnn_accelE8w1_local_78"/></StgValue>
</bind>
</comp>

<comp id="354" class="1000" name="p_ZZ9cnn_accelE8w1_local_105">
<pin_list>
<pin id="355" dir="1" index="0" bw="1" slack="0"/>
</pin_list>
<bind>
<StgValue><ssdm name="p_ZZ9cnn_accelE8w1_local_105"/></StgValue>
</bind>
</comp>

<comp id="356" class="1000" name="p_ZZ9cnn_accelE8w1_local_132">
<pin_list>
<pin id="357" dir="1" index="0" bw="1" slack="0"/>
</pin_list>
<bind>
<StgValue><ssdm name="p_ZZ9cnn_accelE8w1_local_132"/></StgValue>
</bind>
</comp>

<comp id="358" class="1000" name="p_ZZ9cnn_accelE8w1_local_159">
<pin_list>
<pin id="359" dir="1" index="0" bw="1" slack="0"/>
</pin_list>
<bind>
<StgValue><ssdm name="p_ZZ9cnn_accelE8w1_local_159"/></StgValue>
</bind>
</comp>

<comp id="360" class="1000" name="p_ZZ9cnn_accelE8w1_local_186">
<pin_list>
<pin id="361" dir="1" index="0" bw="1" slack="0"/>
</pin_list>
<bind>
<StgValue><ssdm name="p_ZZ9cnn_accelE8w1_local_186"/></StgValue>
</bind>
</comp>

<comp id="362" class="1000" name="p_ZZ9cnn_accelE8w1_local_213">
<pin_list>
<pin id="363" dir="1" index="0" bw="1" slack="0"/>
</pin_list>
<bind>
<StgValue><ssdm name="p_ZZ9cnn_accelE8w1_local_213"/></StgValue>
</bind>
</comp>

<comp id="364" class="1000" name="w1_local_7">
<pin_list>
<pin id="365" dir="1" index="0" bw="1" slack="0"/>
</pin_list>
<bind>
<StgValue><ssdm name="w1_local_7"/></StgValue>
</bind>
</comp>

<comp id="366" class="1000" name="p_ZZ9cnn_accelE8w1_local_34">
<pin_list>
<pin id="367" dir="1" index="0" bw="1" slack="0"/>
</pin_list>
<bind>
<StgValue><ssdm name="p_ZZ9cnn_accelE8w1_local_34"/></StgValue>
</bind>
</comp>

<comp id="368" class="1000" name="p_ZZ9cnn_accelE8w1_local_61">
<pin_list>
<pin id="369" dir="1" index="0" bw="1" slack="0"/>
</pin_list>
<bind>
<StgValue><ssdm name="p_ZZ9cnn_accelE8w1_local_61"/></StgValue>
</bind>
</comp>

<comp id="370" class="1000" name="p_ZZ9cnn_accelE8w1_local_88">
<pin_list>
<pin id="371" dir="1" index="0" bw="1" slack="0"/>
</pin_list>
<bind>
<StgValue><ssdm name="p_ZZ9cnn_accelE8w1_local_88"/></StgValue>
</bind>
</comp>

<comp id="372" class="1000" name="p_ZZ9cnn_accelE8w1_local_115">
<pin_list>
<pin id="373" dir="1" index="0" bw="1" slack="0"/>
</pin_list>
<bind>
<StgValue><ssdm name="p_ZZ9cnn_accelE8w1_local_115"/></StgValue>
</bind>
</comp>

<comp id="374" class="1000" name="p_ZZ9cnn_accelE8w1_local_142">
<pin_list>
<pin id="375" dir="1" index="0" bw="1" slack="0"/>
</pin_list>
<bind>
<StgValue><ssdm name="p_ZZ9cnn_accelE8w1_local_142"/></StgValue>
</bind>
</comp>

<comp id="376" class="1000" name="p_ZZ9cnn_accelE8w1_local_169">
<pin_list>
<pin id="377" dir="1" index="0" bw="1" slack="0"/>
</pin_list>
<bind>
<StgValue><ssdm name="p_ZZ9cnn_accelE8w1_local_169"/></StgValue>
</bind>
</comp>

<comp id="378" class="1000" name="p_ZZ9cnn_accelE8w1_local_196">
<pin_list>
<pin id="379" dir="1" index="0" bw="1" slack="0"/>
</pin_list>
<bind>
<StgValue><ssdm name="p_ZZ9cnn_accelE8w1_local_196"/></StgValue>
</bind>
</comp>

<comp id="380" class="1000" name="p_ZZ9cnn_accelE8w1_local_16">
<pin_list>
<pin id="381" dir="1" index="0" bw="1" slack="0"/>
</pin_list>
<bind>
<StgValue><ssdm name="p_ZZ9cnn_accelE8w1_local_16"/></StgValue>
</bind>
</comp>

<comp id="382" class="1000" name="p_ZZ9cnn_accelE8w1_local_43">
<pin_list>
<pin id="383" dir="1" index="0" bw="1" slack="0"/>
</pin_list>
<bind>
<StgValue><ssdm name="p_ZZ9cnn_accelE8w1_local_43"/></StgValue>
</bind>
</comp>

<comp id="384" class="1000" name="p_ZZ9cnn_accelE8w1_local_70">
<pin_list>
<pin id="385" dir="1" index="0" bw="1" slack="0"/>
</pin_list>
<bind>
<StgValue><ssdm name="p_ZZ9cnn_accelE8w1_local_70"/></StgValue>
</bind>
</comp>

<comp id="386" class="1000" name="p_ZZ9cnn_accelE8w1_local_97">
<pin_list>
<pin id="387" dir="1" index="0" bw="1" slack="0"/>
</pin_list>
<bind>
<StgValue><ssdm name="p_ZZ9cnn_accelE8w1_local_97"/></StgValue>
</bind>
</comp>

<comp id="388" class="1000" name="p_ZZ9cnn_accelE8w1_local_124">
<pin_list>
<pin id="389" dir="1" index="0" bw="1" slack="0"/>
</pin_list>
<bind>
<StgValue><ssdm name="p_ZZ9cnn_accelE8w1_local_124"/></StgValue>
</bind>
</comp>

<comp id="390" class="1000" name="p_ZZ9cnn_accelE8w1_local_151">
<pin_list>
<pin id="391" dir="1" index="0" bw="1" slack="0"/>
</pin_list>
<bind>
<StgValue><ssdm name="p_ZZ9cnn_accelE8w1_local_151"/></StgValue>
</bind>
</comp>

<comp id="392" class="1000" name="p_ZZ9cnn_accelE8w1_local_178">
<pin_list>
<pin id="393" dir="1" index="0" bw="1" slack="0"/>
</pin_list>
<bind>
<StgValue><ssdm name="p_ZZ9cnn_accelE8w1_local_178"/></StgValue>
</bind>
</comp>

<comp id="394" class="1000" name="p_ZZ9cnn_accelE8w1_local_205">
<pin_list>
<pin id="395" dir="1" index="0" bw="1" slack="0"/>
</pin_list>
<bind>
<StgValue><ssdm name="p_ZZ9cnn_accelE8w1_local_205"/></StgValue>
</bind>
</comp>

<comp id="396" class="1000" name="p_ZZ9cnn_accelE8w1_local_25">
<pin_list>
<pin id="397" dir="1" index="0" bw="1" slack="0"/>
</pin_list>
<bind>
<StgValue><ssdm name="p_ZZ9cnn_accelE8w1_local_25"/></StgValue>
</bind>
</comp>

<comp id="398" class="1000" name="p_ZZ9cnn_accelE8w1_local_52">
<pin_list>
<pin id="399" dir="1" index="0" bw="1" slack="0"/>
</pin_list>
<bind>
<StgValue><ssdm name="p_ZZ9cnn_accelE8w1_local_52"/></StgValue>
</bind>
</comp>

<comp id="400" class="1000" name="p_ZZ9cnn_accelE8w1_local_79">
<pin_list>
<pin id="401" dir="1" index="0" bw="1" slack="0"/>
</pin_list>
<bind>
<StgValue><ssdm name="p_ZZ9cnn_accelE8w1_local_79"/></StgValue>
</bind>
</comp>

<comp id="402" class="1000" name="p_ZZ9cnn_accelE8w1_local_106">
<pin_list>
<pin id="403" dir="1" index="0" bw="1" slack="0"/>
</pin_list>
<bind>
<StgValue><ssdm name="p_ZZ9cnn_accelE8w1_local_106"/></StgValue>
</bind>
</comp>

<comp id="404" class="1000" name="p_ZZ9cnn_accelE8w1_local_133">
<pin_list>
<pin id="405" dir="1" index="0" bw="1" slack="0"/>
</pin_list>
<bind>
<StgValue><ssdm name="p_ZZ9cnn_accelE8w1_local_133"/></StgValue>
</bind>
</comp>

<comp id="406" class="1000" name="p_ZZ9cnn_accelE8w1_local_160">
<pin_list>
<pin id="407" dir="1" index="0" bw="1" slack="0"/>
</pin_list>
<bind>
<StgValue><ssdm name="p_ZZ9cnn_accelE8w1_local_160"/></StgValue>
</bind>
</comp>

<comp id="408" class="1000" name="p_ZZ9cnn_accelE8w1_local_187">
<pin_list>
<pin id="409" dir="1" index="0" bw="1" slack="0"/>
</pin_list>
<bind>
<StgValue><ssdm name="p_ZZ9cnn_accelE8w1_local_187"/></StgValue>
</bind>
</comp>

<comp id="410" class="1000" name="p_ZZ9cnn_accelE8w1_local_214">
<pin_list>
<pin id="411" dir="1" index="0" bw="1" slack="0"/>
</pin_list>
<bind>
<StgValue><ssdm name="p_ZZ9cnn_accelE8w1_local_214"/></StgValue>
</bind>
</comp>

<comp id="412" class="1000" name="w1_local_8">
<pin_list>
<pin id="413" dir="1" index="0" bw="1" slack="0"/>
</pin_list>
<bind>
<StgValue><ssdm name="w1_local_8"/></StgValue>
</bind>
</comp>

<comp id="414" class="1000" name="p_ZZ9cnn_accelE8w1_local_35">
<pin_list>
<pin id="415" dir="1" index="0" bw="1" slack="0"/>
</pin_list>
<bind>
<StgValue><ssdm name="p_ZZ9cnn_accelE8w1_local_35"/></StgValue>
</bind>
</comp>

<comp id="416" class="1000" name="p_ZZ9cnn_accelE8w1_local_62">
<pin_list>
<pin id="417" dir="1" index="0" bw="1" slack="0"/>
</pin_list>
<bind>
<StgValue><ssdm name="p_ZZ9cnn_accelE8w1_local_62"/></StgValue>
</bind>
</comp>

<comp id="418" class="1000" name="p_ZZ9cnn_accelE8w1_local_89">
<pin_list>
<pin id="419" dir="1" index="0" bw="1" slack="0"/>
</pin_list>
<bind>
<StgValue><ssdm name="p_ZZ9cnn_accelE8w1_local_89"/></StgValue>
</bind>
</comp>

<comp id="420" class="1000" name="p_ZZ9cnn_accelE8w1_local_116">
<pin_list>
<pin id="421" dir="1" index="0" bw="1" slack="0"/>
</pin_list>
<bind>
<StgValue><ssdm name="p_ZZ9cnn_accelE8w1_local_116"/></StgValue>
</bind>
</comp>

<comp id="422" class="1000" name="p_ZZ9cnn_accelE8w1_local_143">
<pin_list>
<pin id="423" dir="1" index="0" bw="1" slack="0"/>
</pin_list>
<bind>
<StgValue><ssdm name="p_ZZ9cnn_accelE8w1_local_143"/></StgValue>
</bind>
</comp>

<comp id="424" class="1000" name="p_ZZ9cnn_accelE8w1_local_170">
<pin_list>
<pin id="425" dir="1" index="0" bw="1" slack="0"/>
</pin_list>
<bind>
<StgValue><ssdm name="p_ZZ9cnn_accelE8w1_local_170"/></StgValue>
</bind>
</comp>

<comp id="426" class="1000" name="p_ZZ9cnn_accelE8w1_local_197">
<pin_list>
<pin id="427" dir="1" index="0" bw="1" slack="0"/>
</pin_list>
<bind>
<StgValue><ssdm name="p_ZZ9cnn_accelE8w1_local_197"/></StgValue>
</bind>
</comp>

<comp id="428" class="1000" name="p_ZZ9cnn_accelE8w1_local_17">
<pin_list>
<pin id="429" dir="1" index="0" bw="1" slack="0"/>
</pin_list>
<bind>
<StgValue><ssdm name="p_ZZ9cnn_accelE8w1_local_17"/></StgValue>
</bind>
</comp>

<comp id="430" class="1000" name="p_ZZ9cnn_accelE8w1_local_44">
<pin_list>
<pin id="431" dir="1" index="0" bw="1" slack="0"/>
</pin_list>
<bind>
<StgValue><ssdm name="p_ZZ9cnn_accelE8w1_local_44"/></StgValue>
</bind>
</comp>

<comp id="432" class="1000" name="p_ZZ9cnn_accelE8w1_local_71">
<pin_list>
<pin id="433" dir="1" index="0" bw="1" slack="0"/>
</pin_list>
<bind>
<StgValue><ssdm name="p_ZZ9cnn_accelE8w1_local_71"/></StgValue>
</bind>
</comp>

<comp id="434" class="1000" name="p_ZZ9cnn_accelE8w1_local_98">
<pin_list>
<pin id="435" dir="1" index="0" bw="1" slack="0"/>
</pin_list>
<bind>
<StgValue><ssdm name="p_ZZ9cnn_accelE8w1_local_98"/></StgValue>
</bind>
</comp>

<comp id="436" class="1000" name="p_ZZ9cnn_accelE8w1_local_125">
<pin_list>
<pin id="437" dir="1" index="0" bw="1" slack="0"/>
</pin_list>
<bind>
<StgValue><ssdm name="p_ZZ9cnn_accelE8w1_local_125"/></StgValue>
</bind>
</comp>

<comp id="438" class="1000" name="p_ZZ9cnn_accelE8w1_local_152">
<pin_list>
<pin id="439" dir="1" index="0" bw="1" slack="0"/>
</pin_list>
<bind>
<StgValue><ssdm name="p_ZZ9cnn_accelE8w1_local_152"/></StgValue>
</bind>
</comp>

<comp id="440" class="1000" name="p_ZZ9cnn_accelE8w1_local_179">
<pin_list>
<pin id="441" dir="1" index="0" bw="1" slack="0"/>
</pin_list>
<bind>
<StgValue><ssdm name="p_ZZ9cnn_accelE8w1_local_179"/></StgValue>
</bind>
</comp>

<comp id="442" class="1000" name="p_ZZ9cnn_accelE8w1_local_206">
<pin_list>
<pin id="443" dir="1" index="0" bw="1" slack="0"/>
</pin_list>
<bind>
<StgValue><ssdm name="p_ZZ9cnn_accelE8w1_local_206"/></StgValue>
</bind>
</comp>

<comp id="444" class="1000" name="p_ZZ9cnn_accelE8w1_local_26">
<pin_list>
<pin id="445" dir="1" index="0" bw="1" slack="0"/>
</pin_list>
<bind>
<StgValue><ssdm name="p_ZZ9cnn_accelE8w1_local_26"/></StgValue>
</bind>
</comp>

<comp id="446" class="1000" name="p_ZZ9cnn_accelE8w1_local_53">
<pin_list>
<pin id="447" dir="1" index="0" bw="1" slack="0"/>
</pin_list>
<bind>
<StgValue><ssdm name="p_ZZ9cnn_accelE8w1_local_53"/></StgValue>
</bind>
</comp>

<comp id="448" class="1000" name="p_ZZ9cnn_accelE8w1_local_80">
<pin_list>
<pin id="449" dir="1" index="0" bw="1" slack="0"/>
</pin_list>
<bind>
<StgValue><ssdm name="p_ZZ9cnn_accelE8w1_local_80"/></StgValue>
</bind>
</comp>

<comp id="450" class="1000" name="p_ZZ9cnn_accelE8w1_local_107">
<pin_list>
<pin id="451" dir="1" index="0" bw="1" slack="0"/>
</pin_list>
<bind>
<StgValue><ssdm name="p_ZZ9cnn_accelE8w1_local_107"/></StgValue>
</bind>
</comp>

<comp id="452" class="1000" name="p_ZZ9cnn_accelE8w1_local_134">
<pin_list>
<pin id="453" dir="1" index="0" bw="1" slack="0"/>
</pin_list>
<bind>
<StgValue><ssdm name="p_ZZ9cnn_accelE8w1_local_134"/></StgValue>
</bind>
</comp>

<comp id="454" class="1000" name="p_ZZ9cnn_accelE8w1_local_161">
<pin_list>
<pin id="455" dir="1" index="0" bw="1" slack="0"/>
</pin_list>
<bind>
<StgValue><ssdm name="p_ZZ9cnn_accelE8w1_local_161"/></StgValue>
</bind>
</comp>

<comp id="456" class="1000" name="p_ZZ9cnn_accelE8w1_local_188">
<pin_list>
<pin id="457" dir="1" index="0" bw="1" slack="0"/>
</pin_list>
<bind>
<StgValue><ssdm name="p_ZZ9cnn_accelE8w1_local_188"/></StgValue>
</bind>
</comp>

<comp id="458" class="1000" name="p_ZZ9cnn_accelE8w1_local_215">
<pin_list>
<pin id="459" dir="1" index="0" bw="1" slack="0"/>
</pin_list>
<bind>
<StgValue><ssdm name="p_ZZ9cnn_accelE8w1_local_215"/></StgValue>
</bind>
</comp>

<comp id="460" class="1001" name="const_460">
<pin_list>
<pin id="461" dir="1" index="0" bw="1" slack="0"/>
</pin_list>
<bind>
<StgValue><ssdm name=""/></StgValue>
</bind>
</comp>

<comp id="462" class="1001" name="const_462">
<pin_list>
<pin id="463" dir="1" index="0" bw="1" slack="0"/>
</pin_list>
<bind>
<StgValue><ssdm name=""/></StgValue>
</bind>
</comp>

<comp id="464" class="1001" name="const_464">
<pin_list>
<pin id="465" dir="1" index="0" bw="1" slack="0"/>
</pin_list>
<bind>
<StgValue><ssdm name=""/></StgValue>
</bind>
</comp>

<comp id="466" class="1001" name="const_466">
<pin_list>
<pin id="467" dir="1" index="0" bw="1" slack="0"/>
</pin_list>
<bind>
<StgValue><ssdm name=""/></StgValue>
</bind>
</comp>

<comp id="468" class="1001" name="const_468">
<pin_list>
<pin id="469" dir="1" index="0" bw="1" slack="0"/>
</pin_list>
<bind>
<StgValue><ssdm name=""/></StgValue>
</bind>
</comp>

<comp id="470" class="1001" name="const_470">
<pin_list>
<pin id="471" dir="1" index="0" bw="1" slack="0"/>
</pin_list>
<bind>
<StgValue><ssdm name=""/></StgValue>
</bind>
</comp>

<comp id="472" class="1001" name="const_472">
<pin_list>
<pin id="473" dir="1" index="0" bw="1" slack="0"/>
</pin_list>
<bind>
<StgValue><ssdm name=""/></StgValue>
</bind>
</comp>

<comp id="474" class="1001" name="const_474">
<pin_list>
<pin id="475" dir="1" index="0" bw="1" slack="0"/>
</pin_list>
<bind>
<StgValue><ssdm name=""/></StgValue>
</bind>
</comp>

<comp id="476" class="1001" name="const_476">
<pin_list>
<pin id="477" dir="1" index="0" bw="1" slack="0"/>
</pin_list>
<bind>
<StgValue><ssdm name=""/></StgValue>
</bind>
</comp>

<comp id="478" class="1001" name="const_478">
<pin_list>
<pin id="479" dir="1" index="0" bw="1" slack="0"/>
</pin_list>
<bind>
<StgValue><ssdm name=""/></StgValue>
</bind>
</comp>

<comp id="480" class="1001" name="const_480">
<pin_list>
<pin id="481" dir="1" index="0" bw="1" slack="0"/>
</pin_list>
<bind>
<StgValue><ssdm name=""/></StgValue>
</bind>
</comp>

<comp id="482" class="1001" name="const_482">
<pin_list>
<pin id="483" dir="1" index="0" bw="1" slack="0"/>
</pin_list>
<bind>
<StgValue><ssdm name=""/></StgValue>
</bind>
</comp>

<comp id="484" class="1001" name="const_484">
<pin_list>
<pin id="485" dir="1" index="0" bw="1" slack="0"/>
</pin_list>
<bind>
<StgValue><ssdm name=""/></StgValue>
</bind>
</comp>

<comp id="486" class="1001" name="const_486">
<pin_list>
<pin id="487" dir="1" index="0" bw="1" slack="0"/>
</pin_list>
<bind>
<StgValue><ssdm name=""/></StgValue>
</bind>
</comp>

<comp id="488" class="1001" name="const_488">
<pin_list>
<pin id="489" dir="1" index="0" bw="1" slack="0"/>
</pin_list>
<bind>
<StgValue><ssdm name=""/></StgValue>
</bind>
</comp>

<comp id="490" class="1001" name="const_490">
<pin_list>
<pin id="491" dir="1" index="0" bw="1" slack="0"/>
</pin_list>
<bind>
<StgValue><ssdm name="_ssdm_op_PartSelect.i2.i4.i32.i32"/></StgValue>
</bind>
</comp>

<comp id="492" class="1001" name="const_492">
<pin_list>
<pin id="493" dir="1" index="0" bw="1" slack="0"/>
</pin_list>
<bind>
<StgValue><ssdm name=""/></StgValue>
</bind>
</comp>

<comp id="494" class="1001" name="const_494">
<pin_list>
<pin id="495" dir="1" index="0" bw="1" slack="0"/>
</pin_list>
<bind>
<StgValue><ssdm name=""/></StgValue>
</bind>
</comp>

<comp id="496" class="1001" name="const_496">
<pin_list>
<pin id="497" dir="1" index="0" bw="1" slack="0"/>
</pin_list>
<bind>
<StgValue><ssdm name=""/></StgValue>
</bind>
</comp>

<comp id="498" class="1001" name="const_498">
<pin_list>
<pin id="499" dir="1" index="0" bw="1" slack="0"/>
</pin_list>
<bind>
<StgValue><ssdm name=""/></StgValue>
</bind>
</comp>

<comp id="500" class="1001" name="const_500">
<pin_list>
<pin id="501" dir="1" index="0" bw="1" slack="0"/>
</pin_list>
<bind>
<StgValue><ssdm name=""/></StgValue>
</bind>
</comp>

<comp id="502" class="1001" name="const_502">
<pin_list>
<pin id="503" dir="1" index="0" bw="1" slack="0"/>
</pin_list>
<bind>
<StgValue><ssdm name=""/></StgValue>
</bind>
</comp>

<comp id="504" class="1001" name="const_504">
<pin_list>
<pin id="505" dir="1" index="0" bw="1" slack="0"/>
</pin_list>
<bind>
<StgValue><ssdm name="_ssdm_op_BitConcatenate.i16.i8.i8"/></StgValue>
</bind>
</comp>

<comp id="506" class="1001" name="const_506">
<pin_list>
<pin id="507" dir="1" index="0" bw="1" slack="0"/>
</pin_list>
<bind>
<StgValue><ssdm name="_ssdm_op_BitConcatenate.i14.i8.i6"/></StgValue>
</bind>
</comp>

<comp id="508" class="1001" name="const_508">
<pin_list>
<pin id="509" dir="1" index="0" bw="1" slack="0"/>
</pin_list>
<bind>
<StgValue><ssdm name=""/></StgValue>
</bind>
</comp>

<comp id="510" class="1001" name="const_510">
<pin_list>
<pin id="511" dir="1" index="0" bw="1" slack="0"/>
</pin_list>
<bind>
<StgValue><ssdm name="_ssdm_op_BitConcatenate.i18.i17.i1"/></StgValue>
</bind>
</comp>

<comp id="512" class="1001" name="const_512">
<pin_list>
<pin id="513" dir="1" index="0" bw="1" slack="0"/>
</pin_list>
<bind>
<StgValue><ssdm name=""/></StgValue>
</bind>
</comp>

<comp id="514" class="1001" name="const_514">
<pin_list>
<pin id="515" dir="1" index="0" bw="1" slack="0"/>
</pin_list>
<bind>
<StgValue><ssdm name=""/></StgValue>
</bind>
</comp>

<comp id="516" class="1001" name="const_516">
<pin_list>
<pin id="517" dir="1" index="0" bw="1" slack="0"/>
</pin_list>
<bind>
<StgValue><ssdm name=""/></StgValue>
</bind>
</comp>

<comp id="518" class="1001" name="const_518">
<pin_list>
<pin id="519" dir="1" index="0" bw="1" slack="0"/>
</pin_list>
<bind>
<StgValue><ssdm name="_ssdm_op_SparseMux.ap_auto.8float.float.i3"/></StgValue>
</bind>
</comp>

<comp id="520" class="1001" name="const_520">
<pin_list>
<pin id="521" dir="1" index="0" bw="1" slack="0"/>
</pin_list>
<bind>
<StgValue><ssdm name=""/></StgValue>
</bind>
</comp>

<comp id="522" class="1001" name="const_522">
<pin_list>
<pin id="523" dir="1" index="0" bw="1" slack="0"/>
</pin_list>
<bind>
<StgValue><ssdm name=""/></StgValue>
</bind>
</comp>

<comp id="524" class="1001" name="const_524">
<pin_list>
<pin id="525" dir="1" index="0" bw="1" slack="0"/>
</pin_list>
<bind>
<StgValue><ssdm name=""/></StgValue>
</bind>
</comp>

<comp id="526" class="1001" name="const_526">
<pin_list>
<pin id="527" dir="1" index="0" bw="1" slack="0"/>
</pin_list>
<bind>
<StgValue><ssdm name=""/></StgValue>
</bind>
</comp>

<comp id="528" class="1001" name="const_528">
<pin_list>
<pin id="529" dir="1" index="0" bw="1" slack="0"/>
</pin_list>
<bind>
<StgValue><ssdm name=""/></StgValue>
</bind>
</comp>

<comp id="530" class="1001" name="const_530">
<pin_list>
<pin id="531" dir="1" index="0" bw="1" slack="0"/>
</pin_list>
<bind>
<StgValue><ssdm name=""/></StgValue>
</bind>
</comp>

<comp id="532" class="1001" name="const_532">
<pin_list>
<pin id="533" dir="1" index="0" bw="1" slack="0"/>
</pin_list>
<bind>
<StgValue><ssdm name=""/></StgValue>
</bind>
</comp>

<comp id="534" class="1001" name="const_534">
<pin_list>
<pin id="535" dir="1" index="0" bw="1" slack="0"/>
</pin_list>
<bind>
<StgValue><ssdm name=""/></StgValue>
</bind>
</comp>

<comp id="536" class="1001" name="const_536">
<pin_list>
<pin id="537" dir="1" index="0" bw="1" slack="0"/>
</pin_list>
<bind>
<StgValue><ssdm name=""/></StgValue>
</bind>
</comp>

<comp id="538" class="1001" name="const_538">
<pin_list>
<pin id="539" dir="1" index="0" bw="1" slack="0"/>
</pin_list>
<bind>
<StgValue><ssdm name=""/></StgValue>
</bind>
</comp>

<comp id="540" class="1001" name="const_540">
<pin_list>
<pin id="541" dir="1" index="0" bw="1" slack="0"/>
</pin_list>
<bind>
<StgValue><ssdm name="_ssdm_op_PartSelect.i8.i32.i32.i32"/></StgValue>
</bind>
</comp>

<comp id="542" class="1001" name="const_542">
<pin_list>
<pin id="543" dir="1" index="0" bw="1" slack="0"/>
</pin_list>
<bind>
<StgValue><ssdm name=""/></StgValue>
</bind>
</comp>

<comp id="544" class="1001" name="const_544">
<pin_list>
<pin id="545" dir="1" index="0" bw="1" slack="0"/>
</pin_list>
<bind>
<StgValue><ssdm name=""/></StgValue>
</bind>
</comp>

<comp id="546" class="1001" name="const_546">
<pin_list>
<pin id="547" dir="1" index="0" bw="1" slack="0"/>
</pin_list>
<bind>
<StgValue><ssdm name=""/></StgValue>
</bind>
</comp>

<comp id="548" class="1001" name="const_548">
<pin_list>
<pin id="549" dir="1" index="0" bw="1" slack="0"/>
</pin_list>
<bind>
<StgValue><ssdm name=""/></StgValue>
</bind>
</comp>

<comp id="550" class="1001" name="const_550">
<pin_list>
<pin id="551" dir="1" index="0" bw="1" slack="2147483647"/>
</pin_list>
<bind>
<StgValue><ssdm name="_ssdm_op_SpecLoopName"/></StgValue>
</bind>
</comp>

<comp id="552" class="1001" name="const_552">
<pin_list>
<pin id="553" dir="1" index="0" bw="1" slack="2147483647"/>
</pin_list>
<bind>
<StgValue><ssdm name="CONV1_ROW_CONV1_COL_CONV1_FIL_str"/></StgValue>
</bind>
</comp>

<comp id="554" class="1001" name="const_554">
<pin_list>
<pin id="555" dir="1" index="0" bw="1" slack="2147483647"/>
</pin_list>
<bind>
<StgValue><ssdm name="_ssdm_op_SpecLoopTripCount"/></StgValue>
</bind>
</comp>

<comp id="556" class="1001" name="const_556">
<pin_list>
<pin id="557" dir="1" index="0" bw="1" slack="2147483647"/>
</pin_list>
<bind>
<StgValue><ssdm name=""/></StgValue>
</bind>
</comp>

<comp id="558" class="1001" name="const_558">
<pin_list>
<pin id="559" dir="1" index="0" bw="1" slack="2147483647"/>
</pin_list>
<bind>
<StgValue><ssdm name="_ssdm_op_SpecPipeline"/></StgValue>
</bind>
</comp>

<comp id="560" class="1001" name="const_560">
<pin_list>
<pin id="561" dir="1" index="0" bw="1" slack="2147483647"/>
</pin_list>
<bind>
<StgValue><ssdm name=""/></StgValue>
</bind>
</comp>

<comp id="562" class="1001" name="const_562">
<pin_list>
<pin id="563" dir="1" index="0" bw="1" slack="2147483647"/>
</pin_list>
<bind>
<StgValue><ssdm name=""/></StgValue>
</bind>
</comp>

<comp id="564" class="1001" name="const_564">
<pin_list>
<pin id="565" dir="1" index="0" bw="1" slack="2147483647"/>
</pin_list>
<bind>
<StgValue><ssdm name="empty_38"/></StgValue>
</bind>
</comp>

<comp id="566" class="1004" name="m_fu_566">
<pin_list>
<pin id="567" dir="0" index="0" bw="1" slack="0"/>
<pin id="568" dir="1" index="1" bw="4" slack="0"/>
</pin_list>
<bind>
<opcode="alloca(26) " fcode="alloca"/>
<opset="m/1 "/>
</bind>
</comp>

<comp id="570" class="1004" name="j_fu_570">
<pin_list>
<pin id="571" dir="0" index="0" bw="1" slack="0"/>
<pin id="572" dir="1" index="1" bw="9" slack="0"/>
</pin_list>
<bind>
<opcode="alloca(26) " fcode="alloca"/>
<opset="j/1 "/>
</bind>
</comp>

<comp id="574" class="1004" name="indvar_flatten_fu_574">
<pin_list>
<pin id="575" dir="0" index="0" bw="1" slack="0"/>
<pin id="576" dir="1" index="1" bw="13" slack="0"/>
</pin_list>
<bind>
<opcode="alloca(26) " fcode="alloca"/>
<opset="indvar_flatten/1 "/>
</bind>
</comp>

<comp id="578" class="1004" name="i_fu_578">
<pin_list>
<pin id="579" dir="0" index="0" bw="1" slack="0"/>
<pin id="580" dir="1" index="1" bw="8" slack="0"/>
</pin_list>
<bind>
<opcode="alloca(26) " fcode="alloca"/>
<opset="i/1 "/>
</bind>
</comp>

<comp id="582" class="1004" name="indvar_flatten14_fu_582">
<pin_list>
<pin id="583" dir="0" index="0" bw="1" slack="0"/>
<pin id="584" dir="1" index="1" bw="20" slack="0"/>
</pin_list>
<bind>
<opcode="alloca(26) " fcode="alloca"/>
<opset="indvar_flatten14/1 "/>
</bind>
</comp>

<comp id="586" class="1004" name="local_img_addr_gep_fu_586">
<pin_list>
<pin id="587" dir="0" index="0" bw="32" slack="0"/>
<pin id="588" dir="0" index="1" bw="1" slack="0"/>
<pin id="589" dir="0" index="2" bw="18" slack="0"/>
<pin id="590" dir="1" index="3" bw="18" slack="0"/>
</pin_list>
<bind>
<opcode="getelementptr(29) " fcode="getelementptr"/>
<opset="local_img_addr/3 "/>
</bind>
</comp>

<comp id="593" class="1004" name="local_img_addr_1_gep_fu_593">
<pin_list>
<pin id="594" dir="0" index="0" bw="32" slack="0"/>
<pin id="595" dir="0" index="1" bw="1" slack="0"/>
<pin id="596" dir="0" index="2" bw="18" slack="0"/>
<pin id="597" dir="1" index="3" bw="18" slack="0"/>
</pin_list>
<bind>
<opcode="getelementptr(29) " fcode="getelementptr"/>
<opset="local_img_addr_1/3 "/>
</bind>
</comp>

<comp id="600" class="1004" name="local_img_60_addr_gep_fu_600">
<pin_list>
<pin id="601" dir="0" index="0" bw="32" slack="0"/>
<pin id="602" dir="0" index="1" bw="1" slack="0"/>
<pin id="603" dir="0" index="2" bw="18" slack="0"/>
<pin id="604" dir="1" index="3" bw="18" slack="0"/>
</pin_list>
<bind>
<opcode="getelementptr(29) " fcode="getelementptr"/>
<opset="local_img_60_addr/3 "/>
</bind>
</comp>

<comp id="607" class="1004" name="local_img_60_addr_1_gep_fu_607">
<pin_list>
<pin id="608" dir="0" index="0" bw="32" slack="0"/>
<pin id="609" dir="0" index="1" bw="1" slack="0"/>
<pin id="610" dir="0" index="2" bw="18" slack="0"/>
<pin id="611" dir="1" index="3" bw="18" slack="0"/>
</pin_list>
<bind>
<opcode="getelementptr(29) " fcode="getelementptr"/>
<opset="local_img_60_addr_1/3 "/>
</bind>
</comp>

<comp id="614" class="1004" name="grp_access_fu_614">
<pin_list>
<pin id="615" dir="0" index="0" bw="18" slack="0"/>
<pin id="616" dir="0" index="1" bw="32" slack="2147483647"/>
<pin id="617" dir="0" index="2" bw="0" slack="0"/>
<pin id="619" dir="0" index="4" bw="18" slack="2147483647"/>
<pin id="620" dir="0" index="5" bw="32" slack="2147483647"/>
<pin id="621" dir="0" index="6" bw="0" slack="2147483647"/>
<pin id="618" dir="1" index="3" bw="32" slack="1"/>
<pin id="622" dir="1" index="7" bw="32" slack="1"/>
</pin_list>
<bind>
<opcode="load(27) " fcode="load"/>
<opset="local_img_load/3 local_img_load_1/3 local_img_load_2/4 local_img_load_3/4 local_img_load_4/5 local_img_load_5/5 local_img_load_6/6 local_img_load_7/6 local_img_load_8/7 local_img_load_9/7 local_img_load_10/8 local_img_load_11/8 local_img_load_12/9 local_img_load_13/9 local_img_load_14/10 local_img_load_15/10 local_img_load_16/11 local_img_load_17/11 "/>
</bind>
</comp>

<comp id="625" class="1004" name="grp_access_fu_625">
<pin_list>
<pin id="626" dir="0" index="0" bw="18" slack="0"/>
<pin id="627" dir="0" index="1" bw="32" slack="2147483647"/>
<pin id="628" dir="0" index="2" bw="0" slack="0"/>
<pin id="630" dir="0" index="4" bw="18" slack="2147483647"/>
<pin id="631" dir="0" index="5" bw="32" slack="2147483647"/>
<pin id="632" dir="0" index="6" bw="0" slack="2147483647"/>
<pin id="629" dir="1" index="3" bw="32" slack="2"/>
<pin id="633" dir="1" index="7" bw="32" slack="1"/>
</pin_list>
<bind>
<opcode="load(27) " fcode="load"/>
<opset="local_img_60_load/3 local_img_60_load_1/3 local_img_60_load_2/4 local_img_60_load_3/4 local_img_60_load_4/5 local_img_60_load_5/5 local_img_60_load_6/6 local_img_60_load_7/6 local_img_60_load_8/7 "/>
</bind>
</comp>

<comp id="636" class="1004" name="local_img_60_addr_3_gep_fu_636">
<pin_list>
<pin id="637" dir="0" index="0" bw="32" slack="0"/>
<pin id="638" dir="0" index="1" bw="1" slack="0"/>
<pin id="639" dir="0" index="2" bw="18" slack="0"/>
<pin id="640" dir="1" index="3" bw="18" slack="0"/>
</pin_list>
<bind>
<opcode="getelementptr(29) " fcode="getelementptr"/>
<opset="local_img_60_addr_3/4 "/>
</bind>
</comp>

<comp id="643" class="1004" name="local_img_addr_2_gep_fu_643">
<pin_list>
<pin id="644" dir="0" index="0" bw="32" slack="0"/>
<pin id="645" dir="0" index="1" bw="1" slack="0"/>
<pin id="646" dir="0" index="2" bw="18" slack="1"/>
<pin id="647" dir="1" index="3" bw="18" slack="0"/>
</pin_list>
<bind>
<opcode="getelementptr(29) " fcode="getelementptr"/>
<opset="local_img_addr_2/4 "/>
</bind>
</comp>

<comp id="650" class="1004" name="local_img_addr_3_gep_fu_650">
<pin_list>
<pin id="651" dir="0" index="0" bw="32" slack="0"/>
<pin id="652" dir="0" index="1" bw="1" slack="0"/>
<pin id="653" dir="0" index="2" bw="18" slack="0"/>
<pin id="654" dir="1" index="3" bw="18" slack="0"/>
</pin_list>
<bind>
<opcode="getelementptr(29) " fcode="getelementptr"/>
<opset="local_img_addr_3/4 "/>
</bind>
</comp>

<comp id="659" class="1004" name="local_img_60_addr_2_gep_fu_659">
<pin_list>
<pin id="660" dir="0" index="0" bw="32" slack="0"/>
<pin id="661" dir="0" index="1" bw="1" slack="0"/>
<pin id="662" dir="0" index="2" bw="18" slack="0"/>
<pin id="663" dir="1" index="3" bw="18" slack="0"/>
</pin_list>
<bind>
<opcode="getelementptr(29) " fcode="getelementptr"/>
<opset="local_img_60_addr_2/4 "/>
</bind>
</comp>

<comp id="668" class="1004" name="local_img_60_addr_4_gep_fu_668">
<pin_list>
<pin id="669" dir="0" index="0" bw="32" slack="0"/>
<pin id="670" dir="0" index="1" bw="1" slack="0"/>
<pin id="671" dir="0" index="2" bw="18" slack="0"/>
<pin id="672" dir="1" index="3" bw="18" slack="0"/>
</pin_list>
<bind>
<opcode="getelementptr(29) " fcode="getelementptr"/>
<opset="local_img_60_addr_4/5 "/>
</bind>
</comp>

<comp id="675" class="1004" name="local_img_addr_4_gep_fu_675">
<pin_list>
<pin id="676" dir="0" index="0" bw="32" slack="0"/>
<pin id="677" dir="0" index="1" bw="1" slack="0"/>
<pin id="678" dir="0" index="2" bw="18" slack="1"/>
<pin id="679" dir="1" index="3" bw="18" slack="0"/>
</pin_list>
<bind>
<opcode="getelementptr(29) " fcode="getelementptr"/>
<opset="local_img_addr_4/5 "/>
</bind>
</comp>

<comp id="682" class="1004" name="local_img_addr_5_gep_fu_682">
<pin_list>
<pin id="683" dir="0" index="0" bw="32" slack="0"/>
<pin id="684" dir="0" index="1" bw="1" slack="0"/>
<pin id="685" dir="0" index="2" bw="18" slack="0"/>
<pin id="686" dir="1" index="3" bw="18" slack="0"/>
</pin_list>
<bind>
<opcode="getelementptr(29) " fcode="getelementptr"/>
<opset="local_img_addr_5/5 "/>
</bind>
</comp>

<comp id="689" class="1004" name="local_img_60_addr_5_gep_fu_689">
<pin_list>
<pin id="690" dir="0" index="0" bw="32" slack="0"/>
<pin id="691" dir="0" index="1" bw="1" slack="0"/>
<pin id="692" dir="0" index="2" bw="18" slack="0"/>
<pin id="693" dir="1" index="3" bw="18" slack="0"/>
</pin_list>
<bind>
<opcode="getelementptr(29) " fcode="getelementptr"/>
<opset="local_img_60_addr_5/5 "/>
</bind>
</comp>

<comp id="700" class="1004" name="local_img_addr_6_gep_fu_700">
<pin_list>
<pin id="701" dir="0" index="0" bw="32" slack="0"/>
<pin id="702" dir="0" index="1" bw="1" slack="0"/>
<pin id="703" dir="0" index="2" bw="18" slack="2"/>
<pin id="704" dir="1" index="3" bw="18" slack="0"/>
</pin_list>
<bind>
<opcode="getelementptr(29) " fcode="getelementptr"/>
<opset="local_img_addr_6/6 "/>
</bind>
</comp>

<comp id="707" class="1004" name="local_img_addr_7_gep_fu_707">
<pin_list>
<pin id="708" dir="0" index="0" bw="32" slack="0"/>
<pin id="709" dir="0" index="1" bw="1" slack="0"/>
<pin id="710" dir="0" index="2" bw="18" slack="0"/>
<pin id="711" dir="1" index="3" bw="18" slack="0"/>
</pin_list>
<bind>
<opcode="getelementptr(29) " fcode="getelementptr"/>
<opset="local_img_addr_7/6 "/>
</bind>
</comp>

<comp id="714" class="1004" name="local_img_60_addr_6_gep_fu_714">
<pin_list>
<pin id="715" dir="0" index="0" bw="32" slack="0"/>
<pin id="716" dir="0" index="1" bw="1" slack="0"/>
<pin id="717" dir="0" index="2" bw="18" slack="0"/>
<pin id="718" dir="1" index="3" bw="18" slack="0"/>
</pin_list>
<bind>
<opcode="getelementptr(29) " fcode="getelementptr"/>
<opset="local_img_60_addr_6/6 "/>
</bind>
</comp>

<comp id="721" class="1004" name="local_img_60_addr_7_gep_fu_721">
<pin_list>
<pin id="722" dir="0" index="0" bw="32" slack="0"/>
<pin id="723" dir="0" index="1" bw="1" slack="0"/>
<pin id="724" dir="0" index="2" bw="18" slack="0"/>
<pin id="725" dir="1" index="3" bw="18" slack="0"/>
</pin_list>
<bind>
<opcode="getelementptr(29) " fcode="getelementptr"/>
<opset="local_img_60_addr_7/6 "/>
</bind>
</comp>

<comp id="732" class="1004" name="local_img_addr_8_gep_fu_732">
<pin_list>
<pin id="733" dir="0" index="0" bw="32" slack="0"/>
<pin id="734" dir="0" index="1" bw="1" slack="0"/>
<pin id="735" dir="0" index="2" bw="18" slack="2"/>
<pin id="736" dir="1" index="3" bw="18" slack="0"/>
</pin_list>
<bind>
<opcode="getelementptr(29) " fcode="getelementptr"/>
<opset="local_img_addr_8/7 "/>
</bind>
</comp>

<comp id="739" class="1004" name="local_img_addr_9_gep_fu_739">
<pin_list>
<pin id="740" dir="0" index="0" bw="32" slack="0"/>
<pin id="741" dir="0" index="1" bw="1" slack="0"/>
<pin id="742" dir="0" index="2" bw="18" slack="0"/>
<pin id="743" dir="1" index="3" bw="18" slack="0"/>
</pin_list>
<bind>
<opcode="getelementptr(29) " fcode="getelementptr"/>
<opset="local_img_addr_9/7 "/>
</bind>
</comp>

<comp id="746" class="1004" name="local_img_60_addr_8_gep_fu_746">
<pin_list>
<pin id="747" dir="0" index="0" bw="32" slack="0"/>
<pin id="748" dir="0" index="1" bw="1" slack="0"/>
<pin id="749" dir="0" index="2" bw="18" slack="0"/>
<pin id="750" dir="1" index="3" bw="18" slack="0"/>
</pin_list>
<bind>
<opcode="getelementptr(29) " fcode="getelementptr"/>
<opset="local_img_60_addr_8/7 "/>
</bind>
</comp>

<comp id="756" class="1004" name="local_img_addr_10_gep_fu_756">
<pin_list>
<pin id="757" dir="0" index="0" bw="32" slack="0"/>
<pin id="758" dir="0" index="1" bw="1" slack="0"/>
<pin id="759" dir="0" index="2" bw="18" slack="3"/>
<pin id="760" dir="1" index="3" bw="18" slack="0"/>
</pin_list>
<bind>
<opcode="getelementptr(29) " fcode="getelementptr"/>
<opset="local_img_addr_10/8 "/>
</bind>
</comp>

<comp id="763" class="1004" name="local_img_addr_11_gep_fu_763">
<pin_list>
<pin id="764" dir="0" index="0" bw="32" slack="0"/>
<pin id="765" dir="0" index="1" bw="1" slack="0"/>
<pin id="766" dir="0" index="2" bw="18" slack="0"/>
<pin id="767" dir="1" index="3" bw="18" slack="0"/>
</pin_list>
<bind>
<opcode="getelementptr(29) " fcode="getelementptr"/>
<opset="local_img_addr_11/8 "/>
</bind>
</comp>

<comp id="772" class="1004" name="local_img_addr_12_gep_fu_772">
<pin_list>
<pin id="773" dir="0" index="0" bw="32" slack="0"/>
<pin id="774" dir="0" index="1" bw="1" slack="0"/>
<pin id="775" dir="0" index="2" bw="18" slack="3"/>
<pin id="776" dir="1" index="3" bw="18" slack="0"/>
</pin_list>
<bind>
<opcode="getelementptr(29) " fcode="getelementptr"/>
<opset="local_img_addr_12/9 "/>
</bind>
</comp>

<comp id="779" class="1004" name="local_img_addr_13_gep_fu_779">
<pin_list>
<pin id="780" dir="0" index="0" bw="32" slack="0"/>
<pin id="781" dir="0" index="1" bw="1" slack="0"/>
<pin id="782" dir="0" index="2" bw="18" slack="0"/>
<pin id="783" dir="1" index="3" bw="18" slack="0"/>
</pin_list>
<bind>
<opcode="getelementptr(29) " fcode="getelementptr"/>
<opset="local_img_addr_13/9 "/>
</bind>
</comp>

<comp id="788" class="1004" name="local_img_addr_14_gep_fu_788">
<pin_list>
<pin id="789" dir="0" index="0" bw="32" slack="0"/>
<pin id="790" dir="0" index="1" bw="1" slack="0"/>
<pin id="791" dir="0" index="2" bw="18" slack="4"/>
<pin id="792" dir="1" index="3" bw="18" slack="0"/>
</pin_list>
<bind>
<opcode="getelementptr(29) " fcode="getelementptr"/>
<opset="local_img_addr_14/10 "/>
</bind>
</comp>

<comp id="795" class="1004" name="local_img_addr_15_gep_fu_795">
<pin_list>
<pin id="796" dir="0" index="0" bw="32" slack="0"/>
<pin id="797" dir="0" index="1" bw="1" slack="0"/>
<pin id="798" dir="0" index="2" bw="18" slack="0"/>
<pin id="799" dir="1" index="3" bw="18" slack="0"/>
</pin_list>
<bind>
<opcode="getelementptr(29) " fcode="getelementptr"/>
<opset="local_img_addr_15/10 "/>
</bind>
</comp>

<comp id="804" class="1004" name="local_img_addr_16_gep_fu_804">
<pin_list>
<pin id="805" dir="0" index="0" bw="32" slack="0"/>
<pin id="806" dir="0" index="1" bw="1" slack="0"/>
<pin id="807" dir="0" index="2" bw="18" slack="4"/>
<pin id="808" dir="1" index="3" bw="18" slack="0"/>
</pin_list>
<bind>
<opcode="getelementptr(29) " fcode="getelementptr"/>
<opset="local_img_addr_16/11 "/>
</bind>
</comp>

<comp id="811" class="1004" name="local_img_addr_17_gep_fu_811">
<pin_list>
<pin id="812" dir="0" index="0" bw="32" slack="0"/>
<pin id="813" dir="0" index="1" bw="1" slack="0"/>
<pin id="814" dir="0" index="2" bw="18" slack="0"/>
<pin id="815" dir="1" index="3" bw="18" slack="0"/>
</pin_list>
<bind>
<opcode="getelementptr(29) " fcode="getelementptr"/>
<opset="local_img_addr_17/11 "/>
</bind>
</comp>

<comp id="820" class="1004" name="feat1_addr_gep_fu_820">
<pin_list>
<pin id="821" dir="0" index="0" bw="32" slack="0"/>
<pin id="822" dir="0" index="1" bw="1" slack="0"/>
<pin id="823" dir="0" index="2" bw="18" slack="0"/>
<pin id="824" dir="1" index="3" bw="18" slack="0"/>
</pin_list>
<bind>
<opcode="getelementptr(29) " fcode="getelementptr"/>
<opset="feat1_addr/146 "/>
</bind>
</comp>

<comp id="827" class="1004" name="feat1_61_addr_gep_fu_827">
<pin_list>
<pin id="828" dir="0" index="0" bw="32" slack="0"/>
<pin id="829" dir="0" index="1" bw="1" slack="0"/>
<pin id="830" dir="0" index="2" bw="18" slack="0"/>
<pin id="831" dir="1" index="3" bw="18" slack="0"/>
</pin_list>
<bind>
<opcode="getelementptr(29) " fcode="getelementptr"/>
<opset="feat1_61_addr/146 "/>
</bind>
</comp>

<comp id="834" class="1004" name="feat1_62_addr_gep_fu_834">
<pin_list>
<pin id="835" dir="0" index="0" bw="32" slack="0"/>
<pin id="836" dir="0" index="1" bw="1" slack="0"/>
<pin id="837" dir="0" index="2" bw="18" slack="0"/>
<pin id="838" dir="1" index="3" bw="18" slack="0"/>
</pin_list>
<bind>
<opcode="getelementptr(29) " fcode="getelementptr"/>
<opset="feat1_62_addr/146 "/>
</bind>
</comp>

<comp id="841" class="1004" name="feat1_63_addr_gep_fu_841">
<pin_list>
<pin id="842" dir="0" index="0" bw="32" slack="0"/>
<pin id="843" dir="0" index="1" bw="1" slack="0"/>
<pin id="844" dir="0" index="2" bw="18" slack="0"/>
<pin id="845" dir="1" index="3" bw="18" slack="0"/>
</pin_list>
<bind>
<opcode="getelementptr(29) " fcode="getelementptr"/>
<opset="feat1_63_addr/146 "/>
</bind>
</comp>

<comp id="848" class="1004" name="store_ln228_access_fu_848">
<pin_list>
<pin id="849" dir="0" index="0" bw="18" slack="0"/>
<pin id="850" dir="0" index="1" bw="32" slack="1"/>
<pin id="851" dir="0" index="2" bw="0" slack="2147483647"/>
<pin id="852" dir="1" index="3" bw="32" slack="2147483647"/>
</pin_list>
<bind>
<opcode="store(28) " fcode="store"/>
<opset="store_ln228/146 "/>
</bind>
</comp>

<comp id="854" class="1004" name="store_ln228_access_fu_854">
<pin_list>
<pin id="855" dir="0" index="0" bw="18" slack="0"/>
<pin id="856" dir="0" index="1" bw="32" slack="1"/>
<pin id="857" dir="0" index="2" bw="0" slack="2147483647"/>
<pin id="858" dir="1" index="3" bw="32" slack="2147483647"/>
</pin_list>
<bind>
<opcode="store(28) " fcode="store"/>
<opset="store_ln228/146 "/>
</bind>
</comp>

<comp id="860" class="1004" name="store_ln228_access_fu_860">
<pin_list>
<pin id="861" dir="0" index="0" bw="18" slack="0"/>
<pin id="862" dir="0" index="1" bw="32" slack="1"/>
<pin id="863" dir="0" index="2" bw="0" slack="2147483647"/>
<pin id="864" dir="1" index="3" bw="32" slack="2147483647"/>
</pin_list>
<bind>
<opcode="store(28) " fcode="store"/>
<opset="store_ln228/146 "/>
</bind>
</comp>

<comp id="866" class="1004" name="store_ln228_access_fu_866">
<pin_list>
<pin id="867" dir="0" index="0" bw="18" slack="0"/>
<pin id="868" dir="0" index="1" bw="32" slack="1"/>
<pin id="869" dir="0" index="2" bw="0" slack="2147483647"/>
<pin id="870" dir="1" index="3" bw="32" slack="2147483647"/>
</pin_list>
<bind>
<opcode="store(28) " fcode="store"/>
<opset="store_ln228/146 "/>
</bind>
</comp>

<comp id="872" class="1004" name="grp_fu_872">
<pin_list>
<pin id="873" dir="0" index="0" bw="32" slack="1"/>
<pin id="874" dir="0" index="1" bw="32" slack="1"/>
<pin id="875" dir="1" index="2" bw="32" slack="1"/>
</pin_list>
<bind>
<opcode="fadd(9) " fcode="fadd"/>
<opset="acc_75/9 acc_76/14 acc_77/19 acc_78/24 acc_79/29 acc_80/34 acc_81/39 acc_82/44 acc_83/49 "/>
</bind>
</comp>

<comp id="876" class="1004" name="grp_fu_876">
<pin_list>
<pin id="877" dir="0" index="0" bw="32" slack="1"/>
<pin id="878" dir="0" index="1" bw="32" slack="43"/>
<pin id="879" dir="1" index="2" bw="32" slack="1"/>
</pin_list>
<bind>
<opcode="fadd(9) " fcode="fadd"/>
<opset="acc_84/54 acc_85/59 acc_86/64 acc_87/69 acc_88/74 acc_89/79 acc_90/84 acc_91/89 acc_92/94 "/>
</bind>
</comp>

<comp id="880" class="1004" name="grp_fu_880">
<pin_list>
<pin id="881" dir="0" index="0" bw="32" slack="1"/>
<pin id="882" dir="0" index="1" bw="32" slack="85"/>
<pin id="883" dir="1" index="2" bw="32" slack="1"/>
</pin_list>
<bind>
<opcode="fadd(9) " fcode="fadd"/>
<opset="acc_93/99 acc_94/104 acc_95/109 acc_96/114 acc_97/119 acc_98/124 acc_99/129 acc_100/134 acc_101/139 "/>
</bind>
</comp>

<comp id="884" class="1004" name="grp_fu_884">
<pin_list>
<pin id="885" dir="0" index="0" bw="32" slack="1"/>
<pin id="886" dir="0" index="1" bw="32" slack="0"/>
<pin id="887" dir="1" index="2" bw="32" slack="1"/>
</pin_list>
<bind>
<opcode="fmul(13) " fcode="fmul"/>
<opset="mul_i/5 mul35_12_i/6 mul35_13_i/7 mul35_1_i/8 mul35_1_1_i/9 mul35_1_2_i/10 mul35_2_i/11 mul35_2_1_i/12 mul35_2_2_i/13 "/>
</bind>
</comp>

<comp id="888" class="1004" name="grp_fu_888">
<pin_list>
<pin id="889" dir="0" index="0" bw="32" slack="1"/>
<pin id="890" dir="0" index="1" bw="32" slack="0"/>
<pin id="891" dir="1" index="2" bw="32" slack="6"/>
</pin_list>
<bind>
<opcode="fmul(13) " fcode="fmul"/>
<opset="mul35_i/5 mul35_161_1_i/6 mul35_271_1_i/7 mul35_1_i_242/8 mul35_1_1_1_i/9 mul35_1_2_1_i/10 mul35_2_i_243/11 mul35_2_1_1_i/12 mul35_2_2_1_i/13 "/>
</bind>
</comp>

<comp id="892" class="1004" name="grp_fu_892">
<pin_list>
<pin id="893" dir="0" index="0" bw="32" slack="1"/>
<pin id="894" dir="0" index="1" bw="32" slack="0"/>
<pin id="895" dir="1" index="2" bw="32" slack="11"/>
</pin_list>
<bind>
<opcode="fmul(13) " fcode="fmul"/>
<opset="mul35_11_i/5 mul35_161_2_i/6 mul35_271_2_i/7 mul35_1_9_i/8 mul35_1_1_2_i/9 mul35_1_2_2_i/10 mul35_2_9_i/11 mul35_2_1_2_i/12 mul35_2_2_2_i/13 "/>
</bind>
</comp>

<comp id="896" class="1004" name="grp_fu_896">
<pin_list>
<pin id="897" dir="0" index="0" bw="32" slack="1"/>
<pin id="898" dir="0" index="1" bw="32" slack="0"/>
<pin id="899" dir="1" index="2" bw="1" slack="0"/>
</pin_list>
<bind>
<opcode="fcmp(46) " fcode="fcmp"/>
<opset="tmp_s/144 "/>
</bind>
</comp>

<comp id="901" class="1005" name="reg_901">
<pin_list>
<pin id="902" dir="0" index="0" bw="32" slack="1"/>
<pin id="903" dir="1" index="1" bw="32" slack="1"/>
</pin_list>
<bind>
<opset="local_img_load local_img_load_8 "/>
</bind>
</comp>

<comp id="906" class="1005" name="reg_906">
<pin_list>
<pin id="907" dir="0" index="0" bw="32" slack="1"/>
<pin id="908" dir="1" index="1" bw="32" slack="1"/>
</pin_list>
<bind>
<opset="local_img_load_1 local_img_load_9 "/>
</bind>
</comp>

<comp id="911" class="1005" name="reg_911">
<pin_list>
<pin id="912" dir="0" index="0" bw="32" slack="1"/>
<pin id="913" dir="1" index="1" bw="32" slack="1"/>
</pin_list>
<bind>
<opset="local_img_load_2 local_img_load_10 "/>
</bind>
</comp>

<comp id="916" class="1005" name="reg_916">
<pin_list>
<pin id="917" dir="0" index="0" bw="32" slack="1"/>
<pin id="918" dir="1" index="1" bw="32" slack="1"/>
</pin_list>
<bind>
<opset="local_img_load_3 local_img_load_11 "/>
</bind>
</comp>

<comp id="921" class="1005" name="reg_921">
<pin_list>
<pin id="922" dir="0" index="0" bw="32" slack="1"/>
<pin id="923" dir="1" index="1" bw="32" slack="1"/>
</pin_list>
<bind>
<opset="local_img_load_4 local_img_load_12 "/>
</bind>
</comp>

<comp id="926" class="1005" name="reg_926">
<pin_list>
<pin id="927" dir="0" index="0" bw="32" slack="1"/>
<pin id="928" dir="1" index="1" bw="32" slack="1"/>
</pin_list>
<bind>
<opset="local_img_load_5 local_img_load_13 "/>
</bind>
</comp>

<comp id="931" class="1005" name="reg_931">
<pin_list>
<pin id="932" dir="0" index="0" bw="32" slack="1"/>
<pin id="933" dir="1" index="1" bw="32" slack="1"/>
</pin_list>
<bind>
<opset="local_img_load_6 local_img_load_14 "/>
</bind>
</comp>

<comp id="936" class="1005" name="reg_936">
<pin_list>
<pin id="937" dir="0" index="0" bw="32" slack="1"/>
<pin id="938" dir="1" index="1" bw="32" slack="1"/>
</pin_list>
<bind>
<opset="local_img_load_7 local_img_load_15 "/>
</bind>
</comp>

<comp id="941" class="1005" name="reg_941">
<pin_list>
<pin id="942" dir="0" index="0" bw="32" slack="1"/>
<pin id="943" dir="1" index="1" bw="32" slack="1"/>
</pin_list>
<bind>
<opset="acc_96 acc_101 "/>
</bind>
</comp>

<comp id="947" class="1004" name="b1_local_load_load_fu_947">
<pin_list>
<pin id="948" dir="0" index="0" bw="32" slack="0"/>
<pin id="949" dir="1" index="1" bw="32" slack="7"/>
</pin_list>
<bind>
<opcode="load(27) " fcode="load"/>
<opset="b1_local_load/1 "/>
</bind>
</comp>

<comp id="951" class="1004" name="b1_local_10_load_load_fu_951">
<pin_list>
<pin id="952" dir="0" index="0" bw="32" slack="0"/>
<pin id="953" dir="1" index="1" bw="32" slack="7"/>
</pin_list>
<bind>
<opcode="load(27) " fcode="load"/>
<opset="b1_local_10_load/1 "/>
</bind>
</comp>

<comp id="955" class="1004" name="b1_local_11_load_load_fu_955">
<pin_list>
<pin id="956" dir="0" index="0" bw="32" slack="0"/>
<pin id="957" dir="1" index="1" bw="32" slack="7"/>
</pin_list>
<bind>
<opcode="load(27) " fcode="load"/>
<opset="b1_local_11_load/1 "/>
</bind>
</comp>

<comp id="959" class="1004" name="b1_local_12_load_load_fu_959">
<pin_list>
<pin id="960" dir="0" index="0" bw="32" slack="0"/>
<pin id="961" dir="1" index="1" bw="32" slack="7"/>
</pin_list>
<bind>
<opcode="load(27) " fcode="load"/>
<opset="b1_local_12_load/1 "/>
</bind>
</comp>

<comp id="963" class="1004" name="b1_local_13_load_load_fu_963">
<pin_list>
<pin id="964" dir="0" index="0" bw="32" slack="0"/>
<pin id="965" dir="1" index="1" bw="32" slack="7"/>
</pin_list>
<bind>
<opcode="load(27) " fcode="load"/>
<opset="b1_local_13_load/1 "/>
</bind>
</comp>

<comp id="967" class="1004" name="b1_local_14_load_load_fu_967">
<pin_list>
<pin id="968" dir="0" index="0" bw="32" slack="0"/>
<pin id="969" dir="1" index="1" bw="32" slack="7"/>
</pin_list>
<bind>
<opcode="load(27) " fcode="load"/>
<opset="b1_local_14_load/1 "/>
</bind>
</comp>

<comp id="971" class="1004" name="b1_local_15_load_load_fu_971">
<pin_list>
<pin id="972" dir="0" index="0" bw="32" slack="0"/>
<pin id="973" dir="1" index="1" bw="32" slack="7"/>
</pin_list>
<bind>
<opcode="load(27) " fcode="load"/>
<opset="b1_local_15_load/1 "/>
</bind>
</comp>

<comp id="975" class="1004" name="b1_local_16_load_load_fu_975">
<pin_list>
<pin id="976" dir="0" index="0" bw="32" slack="0"/>
<pin id="977" dir="1" index="1" bw="32" slack="7"/>
</pin_list>
<bind>
<opcode="load(27) " fcode="load"/>
<opset="b1_local_16_load/1 "/>
</bind>
</comp>

<comp id="979" class="1004" name="w1_local_load_load_fu_979">
<pin_list>
<pin id="980" dir="0" index="0" bw="32" slack="0"/>
<pin id="981" dir="1" index="1" bw="32" slack="4"/>
</pin_list>
<bind>
<opcode="load(27) " fcode="load"/>
<opset="w1_local_load/1 "/>
</bind>
</comp>

<comp id="983" class="1004" name="p_ZZ9cnn_accelE8w1_local_27_load_load_fu_983">
<pin_list>
<pin id="984" dir="0" index="0" bw="32" slack="0"/>
<pin id="985" dir="1" index="1" bw="32" slack="4"/>
</pin_list>
<bind>
<opcode="load(27) " fcode="load"/>
<opset="p_ZZ9cnn_accelE8w1_local_27_load/1 "/>
</bind>
</comp>

<comp id="987" class="1004" name="cnn_accel_w1_local_load_fu_987">
<pin_list>
<pin id="988" dir="0" index="0" bw="32" slack="0"/>
<pin id="989" dir="1" index="1" bw="32" slack="4"/>
</pin_list>
<bind>
<opcode="load(27) " fcode="load"/>
<opset="cnn_accel_w1_local/1 "/>
</bind>
</comp>

<comp id="991" class="1004" name="cnn_accel_w1_local_183_load_fu_991">
<pin_list>
<pin id="992" dir="0" index="0" bw="32" slack="0"/>
<pin id="993" dir="1" index="1" bw="32" slack="4"/>
</pin_list>
<bind>
<opcode="load(27) " fcode="load"/>
<opset="cnn_accel_w1_local_183/1 "/>
</bind>
</comp>

<comp id="995" class="1004" name="p_ZZ9cnn_accelE8w1_local_108_load_load_fu_995">
<pin_list>
<pin id="996" dir="0" index="0" bw="32" slack="0"/>
<pin id="997" dir="1" index="1" bw="32" slack="4"/>
</pin_list>
<bind>
<opcode="load(27) " fcode="load"/>
<opset="p_ZZ9cnn_accelE8w1_local_108_load/1 "/>
</bind>
</comp>

<comp id="999" class="1004" name="p_ZZ9cnn_accelE8w1_local_135_load_load_fu_999">
<pin_list>
<pin id="1000" dir="0" index="0" bw="32" slack="0"/>
<pin id="1001" dir="1" index="1" bw="32" slack="4"/>
</pin_list>
<bind>
<opcode="load(27) " fcode="load"/>
<opset="p_ZZ9cnn_accelE8w1_local_135_load/1 "/>
</bind>
</comp>

<comp id="1003" class="1004" name="p_ZZ9cnn_accelE8w1_local_162_load_load_fu_1003">
<pin_list>
<pin id="1004" dir="0" index="0" bw="32" slack="0"/>
<pin id="1005" dir="1" index="1" bw="32" slack="4"/>
</pin_list>
<bind>
<opcode="load(27) " fcode="load"/>
<opset="p_ZZ9cnn_accelE8w1_local_162_load/1 "/>
</bind>
</comp>

<comp id="1007" class="1004" name="p_ZZ9cnn_accelE8w1_local_189_load_load_fu_1007">
<pin_list>
<pin id="1008" dir="0" index="0" bw="32" slack="0"/>
<pin id="1009" dir="1" index="1" bw="32" slack="4"/>
</pin_list>
<bind>
<opcode="load(27) " fcode="load"/>
<opset="p_ZZ9cnn_accelE8w1_local_189_load/1 "/>
</bind>
</comp>

<comp id="1011" class="1004" name="w1_local_9_load_load_fu_1011">
<pin_list>
<pin id="1012" dir="0" index="0" bw="32" slack="0"/>
<pin id="1013" dir="1" index="1" bw="32" slack="4"/>
</pin_list>
<bind>
<opcode="load(27) " fcode="load"/>
<opset="w1_local_9_load/1 "/>
</bind>
</comp>

<comp id="1015" class="1004" name="p_ZZ9cnn_accelE8w1_local_36_load_load_fu_1015">
<pin_list>
<pin id="1016" dir="0" index="0" bw="32" slack="0"/>
<pin id="1017" dir="1" index="1" bw="32" slack="4"/>
</pin_list>
<bind>
<opcode="load(27) " fcode="load"/>
<opset="p_ZZ9cnn_accelE8w1_local_36_load/1 "/>
</bind>
</comp>

<comp id="1019" class="1004" name="cnn_accel_w1_local_184_load_fu_1019">
<pin_list>
<pin id="1020" dir="0" index="0" bw="32" slack="0"/>
<pin id="1021" dir="1" index="1" bw="32" slack="4"/>
</pin_list>
<bind>
<opcode="load(27) " fcode="load"/>
<opset="cnn_accel_w1_local_184/1 "/>
</bind>
</comp>

<comp id="1023" class="1004" name="p_ZZ9cnn_accelE8w1_local_90_load_load_fu_1023">
<pin_list>
<pin id="1024" dir="0" index="0" bw="32" slack="0"/>
<pin id="1025" dir="1" index="1" bw="32" slack="4"/>
</pin_list>
<bind>
<opcode="load(27) " fcode="load"/>
<opset="p_ZZ9cnn_accelE8w1_local_90_load/1 "/>
</bind>
</comp>

<comp id="1027" class="1004" name="p_ZZ9cnn_accelE8w1_local_117_load_load_fu_1027">
<pin_list>
<pin id="1028" dir="0" index="0" bw="32" slack="0"/>
<pin id="1029" dir="1" index="1" bw="32" slack="4"/>
</pin_list>
<bind>
<opcode="load(27) " fcode="load"/>
<opset="p_ZZ9cnn_accelE8w1_local_117_load/1 "/>
</bind>
</comp>

<comp id="1031" class="1004" name="p_ZZ9cnn_accelE8w1_local_144_load_load_fu_1031">
<pin_list>
<pin id="1032" dir="0" index="0" bw="32" slack="0"/>
<pin id="1033" dir="1" index="1" bw="32" slack="4"/>
</pin_list>
<bind>
<opcode="load(27) " fcode="load"/>
<opset="p_ZZ9cnn_accelE8w1_local_144_load/1 "/>
</bind>
</comp>

<comp id="1035" class="1004" name="p_ZZ9cnn_accelE8w1_local_171_load_load_fu_1035">
<pin_list>
<pin id="1036" dir="0" index="0" bw="32" slack="0"/>
<pin id="1037" dir="1" index="1" bw="32" slack="4"/>
</pin_list>
<bind>
<opcode="load(27) " fcode="load"/>
<opset="p_ZZ9cnn_accelE8w1_local_171_load/1 "/>
</bind>
</comp>

<comp id="1039" class="1004" name="p_ZZ9cnn_accelE8w1_local_198_load_load_fu_1039">
<pin_list>
<pin id="1040" dir="0" index="0" bw="32" slack="0"/>
<pin id="1041" dir="1" index="1" bw="32" slack="4"/>
</pin_list>
<bind>
<opcode="load(27) " fcode="load"/>
<opset="p_ZZ9cnn_accelE8w1_local_198_load/1 "/>
</bind>
</comp>

<comp id="1043" class="1004" name="p_ZZ9cnn_accelE8w1_local_18_load_load_fu_1043">
<pin_list>
<pin id="1044" dir="0" index="0" bw="32" slack="0"/>
<pin id="1045" dir="1" index="1" bw="32" slack="4"/>
</pin_list>
<bind>
<opcode="load(27) " fcode="load"/>
<opset="p_ZZ9cnn_accelE8w1_local_18_load/1 "/>
</bind>
</comp>

<comp id="1047" class="1004" name="cnn_accel_w1_local_185_load_fu_1047">
<pin_list>
<pin id="1048" dir="0" index="0" bw="32" slack="0"/>
<pin id="1049" dir="1" index="1" bw="32" slack="4"/>
</pin_list>
<bind>
<opcode="load(27) " fcode="load"/>
<opset="cnn_accel_w1_local_185/1 "/>
</bind>
</comp>

<comp id="1051" class="1004" name="cnn_accel_w1_local_186_load_fu_1051">
<pin_list>
<pin id="1052" dir="0" index="0" bw="32" slack="0"/>
<pin id="1053" dir="1" index="1" bw="32" slack="4"/>
</pin_list>
<bind>
<opcode="load(27) " fcode="load"/>
<opset="cnn_accel_w1_local_186/1 "/>
</bind>
</comp>

<comp id="1055" class="1004" name="p_ZZ9cnn_accelE8w1_local_99_load_load_fu_1055">
<pin_list>
<pin id="1056" dir="0" index="0" bw="32" slack="0"/>
<pin id="1057" dir="1" index="1" bw="32" slack="4"/>
</pin_list>
<bind>
<opcode="load(27) " fcode="load"/>
<opset="p_ZZ9cnn_accelE8w1_local_99_load/1 "/>
</bind>
</comp>

<comp id="1059" class="1004" name="p_ZZ9cnn_accelE8w1_local_126_load_load_fu_1059">
<pin_list>
<pin id="1060" dir="0" index="0" bw="32" slack="0"/>
<pin id="1061" dir="1" index="1" bw="32" slack="4"/>
</pin_list>
<bind>
<opcode="load(27) " fcode="load"/>
<opset="p_ZZ9cnn_accelE8w1_local_126_load/1 "/>
</bind>
</comp>

<comp id="1063" class="1004" name="p_ZZ9cnn_accelE8w1_local_153_load_load_fu_1063">
<pin_list>
<pin id="1064" dir="0" index="0" bw="32" slack="0"/>
<pin id="1065" dir="1" index="1" bw="32" slack="4"/>
</pin_list>
<bind>
<opcode="load(27) " fcode="load"/>
<opset="p_ZZ9cnn_accelE8w1_local_153_load/1 "/>
</bind>
</comp>

<comp id="1067" class="1004" name="p_ZZ9cnn_accelE8w1_local_180_load_load_fu_1067">
<pin_list>
<pin id="1068" dir="0" index="0" bw="32" slack="0"/>
<pin id="1069" dir="1" index="1" bw="32" slack="4"/>
</pin_list>
<bind>
<opcode="load(27) " fcode="load"/>
<opset="p_ZZ9cnn_accelE8w1_local_180_load/1 "/>
</bind>
</comp>

<comp id="1071" class="1004" name="p_ZZ9cnn_accelE8w1_local_207_load_load_fu_1071">
<pin_list>
<pin id="1072" dir="0" index="0" bw="32" slack="0"/>
<pin id="1073" dir="1" index="1" bw="32" slack="4"/>
</pin_list>
<bind>
<opcode="load(27) " fcode="load"/>
<opset="p_ZZ9cnn_accelE8w1_local_207_load/1 "/>
</bind>
</comp>

<comp id="1075" class="1004" name="w1_local_1_load_load_fu_1075">
<pin_list>
<pin id="1076" dir="0" index="0" bw="32" slack="0"/>
<pin id="1077" dir="1" index="1" bw="32" slack="5"/>
</pin_list>
<bind>
<opcode="load(27) " fcode="load"/>
<opset="w1_local_1_load/1 "/>
</bind>
</comp>

<comp id="1079" class="1004" name="p_ZZ9cnn_accelE8w1_local_28_load_load_fu_1079">
<pin_list>
<pin id="1080" dir="0" index="0" bw="32" slack="0"/>
<pin id="1081" dir="1" index="1" bw="32" slack="5"/>
</pin_list>
<bind>
<opcode="load(27) " fcode="load"/>
<opset="p_ZZ9cnn_accelE8w1_local_28_load/1 "/>
</bind>
</comp>

<comp id="1083" class="1004" name="cnn_accel_w1_local_187_load_fu_1083">
<pin_list>
<pin id="1084" dir="0" index="0" bw="32" slack="0"/>
<pin id="1085" dir="1" index="1" bw="32" slack="5"/>
</pin_list>
<bind>
<opcode="load(27) " fcode="load"/>
<opset="cnn_accel_w1_local_187/1 "/>
</bind>
</comp>

<comp id="1087" class="1004" name="cnn_accel_w1_local_188_load_fu_1087">
<pin_list>
<pin id="1088" dir="0" index="0" bw="32" slack="0"/>
<pin id="1089" dir="1" index="1" bw="32" slack="5"/>
</pin_list>
<bind>
<opcode="load(27) " fcode="load"/>
<opset="cnn_accel_w1_local_188/1 "/>
</bind>
</comp>

<comp id="1091" class="1004" name="p_ZZ9cnn_accelE8w1_local_109_load_load_fu_1091">
<pin_list>
<pin id="1092" dir="0" index="0" bw="32" slack="0"/>
<pin id="1093" dir="1" index="1" bw="32" slack="5"/>
</pin_list>
<bind>
<opcode="load(27) " fcode="load"/>
<opset="p_ZZ9cnn_accelE8w1_local_109_load/1 "/>
</bind>
</comp>

<comp id="1095" class="1004" name="p_ZZ9cnn_accelE8w1_local_136_load_load_fu_1095">
<pin_list>
<pin id="1096" dir="0" index="0" bw="32" slack="0"/>
<pin id="1097" dir="1" index="1" bw="32" slack="5"/>
</pin_list>
<bind>
<opcode="load(27) " fcode="load"/>
<opset="p_ZZ9cnn_accelE8w1_local_136_load/1 "/>
</bind>
</comp>

<comp id="1099" class="1004" name="p_ZZ9cnn_accelE8w1_local_163_load_load_fu_1099">
<pin_list>
<pin id="1100" dir="0" index="0" bw="32" slack="0"/>
<pin id="1101" dir="1" index="1" bw="32" slack="5"/>
</pin_list>
<bind>
<opcode="load(27) " fcode="load"/>
<opset="p_ZZ9cnn_accelE8w1_local_163_load/1 "/>
</bind>
</comp>

<comp id="1103" class="1004" name="p_ZZ9cnn_accelE8w1_local_190_load_load_fu_1103">
<pin_list>
<pin id="1104" dir="0" index="0" bw="32" slack="0"/>
<pin id="1105" dir="1" index="1" bw="32" slack="5"/>
</pin_list>
<bind>
<opcode="load(27) " fcode="load"/>
<opset="p_ZZ9cnn_accelE8w1_local_190_load/1 "/>
</bind>
</comp>

<comp id="1107" class="1004" name="p_ZZ9cnn_accelE8w1_local_10_load_load_fu_1107">
<pin_list>
<pin id="1108" dir="0" index="0" bw="32" slack="0"/>
<pin id="1109" dir="1" index="1" bw="32" slack="5"/>
</pin_list>
<bind>
<opcode="load(27) " fcode="load"/>
<opset="p_ZZ9cnn_accelE8w1_local_10_load/1 "/>
</bind>
</comp>

<comp id="1111" class="1004" name="p_ZZ9cnn_accelE8w1_local_37_load_load_fu_1111">
<pin_list>
<pin id="1112" dir="0" index="0" bw="32" slack="0"/>
<pin id="1113" dir="1" index="1" bw="32" slack="5"/>
</pin_list>
<bind>
<opcode="load(27) " fcode="load"/>
<opset="p_ZZ9cnn_accelE8w1_local_37_load/1 "/>
</bind>
</comp>

<comp id="1115" class="1004" name="cnn_accel_w1_local_189_load_fu_1115">
<pin_list>
<pin id="1116" dir="0" index="0" bw="32" slack="0"/>
<pin id="1117" dir="1" index="1" bw="32" slack="5"/>
</pin_list>
<bind>
<opcode="load(27) " fcode="load"/>
<opset="cnn_accel_w1_local_189/1 "/>
</bind>
</comp>

<comp id="1119" class="1004" name="cnn_accel_w1_local_190_load_fu_1119">
<pin_list>
<pin id="1120" dir="0" index="0" bw="32" slack="0"/>
<pin id="1121" dir="1" index="1" bw="32" slack="5"/>
</pin_list>
<bind>
<opcode="load(27) " fcode="load"/>
<opset="cnn_accel_w1_local_190/1 "/>
</bind>
</comp>

<comp id="1123" class="1004" name="p_ZZ9cnn_accelE8w1_local_118_load_load_fu_1123">
<pin_list>
<pin id="1124" dir="0" index="0" bw="32" slack="0"/>
<pin id="1125" dir="1" index="1" bw="32" slack="5"/>
</pin_list>
<bind>
<opcode="load(27) " fcode="load"/>
<opset="p_ZZ9cnn_accelE8w1_local_118_load/1 "/>
</bind>
</comp>

<comp id="1127" class="1004" name="p_ZZ9cnn_accelE8w1_local_145_load_load_fu_1127">
<pin_list>
<pin id="1128" dir="0" index="0" bw="32" slack="0"/>
<pin id="1129" dir="1" index="1" bw="32" slack="5"/>
</pin_list>
<bind>
<opcode="load(27) " fcode="load"/>
<opset="p_ZZ9cnn_accelE8w1_local_145_load/1 "/>
</bind>
</comp>

<comp id="1131" class="1004" name="p_ZZ9cnn_accelE8w1_local_172_load_load_fu_1131">
<pin_list>
<pin id="1132" dir="0" index="0" bw="32" slack="0"/>
<pin id="1133" dir="1" index="1" bw="32" slack="5"/>
</pin_list>
<bind>
<opcode="load(27) " fcode="load"/>
<opset="p_ZZ9cnn_accelE8w1_local_172_load/1 "/>
</bind>
</comp>

<comp id="1135" class="1004" name="p_ZZ9cnn_accelE8w1_local_199_load_load_fu_1135">
<pin_list>
<pin id="1136" dir="0" index="0" bw="32" slack="0"/>
<pin id="1137" dir="1" index="1" bw="32" slack="5"/>
</pin_list>
<bind>
<opcode="load(27) " fcode="load"/>
<opset="p_ZZ9cnn_accelE8w1_local_199_load/1 "/>
</bind>
</comp>

<comp id="1139" class="1004" name="p_ZZ9cnn_accelE8w1_local_19_load_load_fu_1139">
<pin_list>
<pin id="1140" dir="0" index="0" bw="32" slack="0"/>
<pin id="1141" dir="1" index="1" bw="32" slack="5"/>
</pin_list>
<bind>
<opcode="load(27) " fcode="load"/>
<opset="p_ZZ9cnn_accelE8w1_local_19_load/1 "/>
</bind>
</comp>

<comp id="1143" class="1004" name="p_ZZ9cnn_accelE8w1_local_46_load_load_fu_1143">
<pin_list>
<pin id="1144" dir="0" index="0" bw="32" slack="0"/>
<pin id="1145" dir="1" index="1" bw="32" slack="5"/>
</pin_list>
<bind>
<opcode="load(27) " fcode="load"/>
<opset="p_ZZ9cnn_accelE8w1_local_46_load/1 "/>
</bind>
</comp>

<comp id="1147" class="1004" name="cnn_accel_w1_local_191_load_fu_1147">
<pin_list>
<pin id="1148" dir="0" index="0" bw="32" slack="0"/>
<pin id="1149" dir="1" index="1" bw="32" slack="5"/>
</pin_list>
<bind>
<opcode="load(27) " fcode="load"/>
<opset="cnn_accel_w1_local_191/1 "/>
</bind>
</comp>

<comp id="1151" class="1004" name="p_ZZ9cnn_accelE8w1_local_100_load_load_fu_1151">
<pin_list>
<pin id="1152" dir="0" index="0" bw="32" slack="0"/>
<pin id="1153" dir="1" index="1" bw="32" slack="5"/>
</pin_list>
<bind>
<opcode="load(27) " fcode="load"/>
<opset="p_ZZ9cnn_accelE8w1_local_100_load/1 "/>
</bind>
</comp>

<comp id="1155" class="1004" name="p_ZZ9cnn_accelE8w1_local_127_load_load_fu_1155">
<pin_list>
<pin id="1156" dir="0" index="0" bw="32" slack="0"/>
<pin id="1157" dir="1" index="1" bw="32" slack="5"/>
</pin_list>
<bind>
<opcode="load(27) " fcode="load"/>
<opset="p_ZZ9cnn_accelE8w1_local_127_load/1 "/>
</bind>
</comp>

<comp id="1159" class="1004" name="p_ZZ9cnn_accelE8w1_local_154_load_load_fu_1159">
<pin_list>
<pin id="1160" dir="0" index="0" bw="32" slack="0"/>
<pin id="1161" dir="1" index="1" bw="32" slack="5"/>
</pin_list>
<bind>
<opcode="load(27) " fcode="load"/>
<opset="p_ZZ9cnn_accelE8w1_local_154_load/1 "/>
</bind>
</comp>

<comp id="1163" class="1004" name="p_ZZ9cnn_accelE8w1_local_181_load_load_fu_1163">
<pin_list>
<pin id="1164" dir="0" index="0" bw="32" slack="0"/>
<pin id="1165" dir="1" index="1" bw="32" slack="5"/>
</pin_list>
<bind>
<opcode="load(27) " fcode="load"/>
<opset="p_ZZ9cnn_accelE8w1_local_181_load/1 "/>
</bind>
</comp>

<comp id="1167" class="1004" name="p_ZZ9cnn_accelE8w1_local_208_load_load_fu_1167">
<pin_list>
<pin id="1168" dir="0" index="0" bw="32" slack="0"/>
<pin id="1169" dir="1" index="1" bw="32" slack="5"/>
</pin_list>
<bind>
<opcode="load(27) " fcode="load"/>
<opset="p_ZZ9cnn_accelE8w1_local_208_load/1 "/>
</bind>
</comp>

<comp id="1171" class="1004" name="w1_local_2_load_load_fu_1171">
<pin_list>
<pin id="1172" dir="0" index="0" bw="32" slack="0"/>
<pin id="1173" dir="1" index="1" bw="32" slack="6"/>
</pin_list>
<bind>
<opcode="load(27) " fcode="load"/>
<opset="w1_local_2_load/1 "/>
</bind>
</comp>

<comp id="1175" class="1004" name="p_ZZ9cnn_accelE8w1_local_29_load_load_fu_1175">
<pin_list>
<pin id="1176" dir="0" index="0" bw="32" slack="0"/>
<pin id="1177" dir="1" index="1" bw="32" slack="6"/>
</pin_list>
<bind>
<opcode="load(27) " fcode="load"/>
<opset="p_ZZ9cnn_accelE8w1_local_29_load/1 "/>
</bind>
</comp>

<comp id="1179" class="1004" name="p_ZZ9cnn_accelE8w1_local_56_load_load_fu_1179">
<pin_list>
<pin id="1180" dir="0" index="0" bw="32" slack="0"/>
<pin id="1181" dir="1" index="1" bw="32" slack="6"/>
</pin_list>
<bind>
<opcode="load(27) " fcode="load"/>
<opset="p_ZZ9cnn_accelE8w1_local_56_load/1 "/>
</bind>
</comp>

<comp id="1183" class="1004" name="cnn_accel_w1_local_192_load_fu_1183">
<pin_list>
<pin id="1184" dir="0" index="0" bw="32" slack="0"/>
<pin id="1185" dir="1" index="1" bw="32" slack="6"/>
</pin_list>
<bind>
<opcode="load(27) " fcode="load"/>
<opset="cnn_accel_w1_local_192/1 "/>
</bind>
</comp>

<comp id="1187" class="1004" name="p_ZZ9cnn_accelE8w1_local_110_load_load_fu_1187">
<pin_list>
<pin id="1188" dir="0" index="0" bw="32" slack="0"/>
<pin id="1189" dir="1" index="1" bw="32" slack="6"/>
</pin_list>
<bind>
<opcode="load(27) " fcode="load"/>
<opset="p_ZZ9cnn_accelE8w1_local_110_load/1 "/>
</bind>
</comp>

<comp id="1191" class="1004" name="p_ZZ9cnn_accelE8w1_local_137_load_load_fu_1191">
<pin_list>
<pin id="1192" dir="0" index="0" bw="32" slack="0"/>
<pin id="1193" dir="1" index="1" bw="32" slack="6"/>
</pin_list>
<bind>
<opcode="load(27) " fcode="load"/>
<opset="p_ZZ9cnn_accelE8w1_local_137_load/1 "/>
</bind>
</comp>

<comp id="1195" class="1004" name="p_ZZ9cnn_accelE8w1_local_164_load_load_fu_1195">
<pin_list>
<pin id="1196" dir="0" index="0" bw="32" slack="0"/>
<pin id="1197" dir="1" index="1" bw="32" slack="6"/>
</pin_list>
<bind>
<opcode="load(27) " fcode="load"/>
<opset="p_ZZ9cnn_accelE8w1_local_164_load/1 "/>
</bind>
</comp>

<comp id="1199" class="1004" name="p_ZZ9cnn_accelE8w1_local_191_load_load_fu_1199">
<pin_list>
<pin id="1200" dir="0" index="0" bw="32" slack="0"/>
<pin id="1201" dir="1" index="1" bw="32" slack="6"/>
</pin_list>
<bind>
<opcode="load(27) " fcode="load"/>
<opset="p_ZZ9cnn_accelE8w1_local_191_load/1 "/>
</bind>
</comp>

<comp id="1203" class="1004" name="cnn_accel_w1_local_193_load_fu_1203">
<pin_list>
<pin id="1204" dir="0" index="0" bw="32" slack="0"/>
<pin id="1205" dir="1" index="1" bw="32" slack="6"/>
</pin_list>
<bind>
<opcode="load(27) " fcode="load"/>
<opset="cnn_accel_w1_local_193/1 "/>
</bind>
</comp>

<comp id="1207" class="1004" name="p_ZZ9cnn_accelE8w1_local_38_load_load_fu_1207">
<pin_list>
<pin id="1208" dir="0" index="0" bw="32" slack="0"/>
<pin id="1209" dir="1" index="1" bw="32" slack="6"/>
</pin_list>
<bind>
<opcode="load(27) " fcode="load"/>
<opset="p_ZZ9cnn_accelE8w1_local_38_load/1 "/>
</bind>
</comp>

<comp id="1211" class="1004" name="cnn_accel_w1_local_194_load_fu_1211">
<pin_list>
<pin id="1212" dir="0" index="0" bw="32" slack="0"/>
<pin id="1213" dir="1" index="1" bw="32" slack="6"/>
</pin_list>
<bind>
<opcode="load(27) " fcode="load"/>
<opset="cnn_accel_w1_local_194/1 "/>
</bind>
</comp>

<comp id="1215" class="1004" name="cnn_accel_w1_local_195_load_fu_1215">
<pin_list>
<pin id="1216" dir="0" index="0" bw="32" slack="0"/>
<pin id="1217" dir="1" index="1" bw="32" slack="6"/>
</pin_list>
<bind>
<opcode="load(27) " fcode="load"/>
<opset="cnn_accel_w1_local_195/1 "/>
</bind>
</comp>

<comp id="1219" class="1004" name="p_ZZ9cnn_accelE8w1_local_119_load_load_fu_1219">
<pin_list>
<pin id="1220" dir="0" index="0" bw="32" slack="0"/>
<pin id="1221" dir="1" index="1" bw="32" slack="6"/>
</pin_list>
<bind>
<opcode="load(27) " fcode="load"/>
<opset="p_ZZ9cnn_accelE8w1_local_119_load/1 "/>
</bind>
</comp>

<comp id="1223" class="1004" name="p_ZZ9cnn_accelE8w1_local_146_load_load_fu_1223">
<pin_list>
<pin id="1224" dir="0" index="0" bw="32" slack="0"/>
<pin id="1225" dir="1" index="1" bw="32" slack="6"/>
</pin_list>
<bind>
<opcode="load(27) " fcode="load"/>
<opset="p_ZZ9cnn_accelE8w1_local_146_load/1 "/>
</bind>
</comp>

<comp id="1227" class="1004" name="p_ZZ9cnn_accelE8w1_local_173_load_load_fu_1227">
<pin_list>
<pin id="1228" dir="0" index="0" bw="32" slack="0"/>
<pin id="1229" dir="1" index="1" bw="32" slack="6"/>
</pin_list>
<bind>
<opcode="load(27) " fcode="load"/>
<opset="p_ZZ9cnn_accelE8w1_local_173_load/1 "/>
</bind>
</comp>

<comp id="1231" class="1004" name="p_ZZ9cnn_accelE8w1_local_200_load_load_fu_1231">
<pin_list>
<pin id="1232" dir="0" index="0" bw="32" slack="0"/>
<pin id="1233" dir="1" index="1" bw="32" slack="6"/>
</pin_list>
<bind>
<opcode="load(27) " fcode="load"/>
<opset="p_ZZ9cnn_accelE8w1_local_200_load/1 "/>
</bind>
</comp>

<comp id="1235" class="1004" name="p_ZZ9cnn_accelE8w1_local_20_load_load_fu_1235">
<pin_list>
<pin id="1236" dir="0" index="0" bw="32" slack="0"/>
<pin id="1237" dir="1" index="1" bw="32" slack="6"/>
</pin_list>
<bind>
<opcode="load(27) " fcode="load"/>
<opset="p_ZZ9cnn_accelE8w1_local_20_load/1 "/>
</bind>
</comp>

<comp id="1239" class="1004" name="p_ZZ9cnn_accelE8w1_local_47_load_load_fu_1239">
<pin_list>
<pin id="1240" dir="0" index="0" bw="32" slack="0"/>
<pin id="1241" dir="1" index="1" bw="32" slack="6"/>
</pin_list>
<bind>
<opcode="load(27) " fcode="load"/>
<opset="p_ZZ9cnn_accelE8w1_local_47_load/1 "/>
</bind>
</comp>

<comp id="1243" class="1004" name="cnn_accel_w1_local_196_load_fu_1243">
<pin_list>
<pin id="1244" dir="0" index="0" bw="32" slack="0"/>
<pin id="1245" dir="1" index="1" bw="32" slack="6"/>
</pin_list>
<bind>
<opcode="load(27) " fcode="load"/>
<opset="cnn_accel_w1_local_196/1 "/>
</bind>
</comp>

<comp id="1247" class="1004" name="p_ZZ9cnn_accelE8w1_local_101_load_load_fu_1247">
<pin_list>
<pin id="1248" dir="0" index="0" bw="32" slack="0"/>
<pin id="1249" dir="1" index="1" bw="32" slack="6"/>
</pin_list>
<bind>
<opcode="load(27) " fcode="load"/>
<opset="p_ZZ9cnn_accelE8w1_local_101_load/1 "/>
</bind>
</comp>

<comp id="1251" class="1004" name="p_ZZ9cnn_accelE8w1_local_128_load_load_fu_1251">
<pin_list>
<pin id="1252" dir="0" index="0" bw="32" slack="0"/>
<pin id="1253" dir="1" index="1" bw="32" slack="6"/>
</pin_list>
<bind>
<opcode="load(27) " fcode="load"/>
<opset="p_ZZ9cnn_accelE8w1_local_128_load/1 "/>
</bind>
</comp>

<comp id="1255" class="1004" name="p_ZZ9cnn_accelE8w1_local_155_load_load_fu_1255">
<pin_list>
<pin id="1256" dir="0" index="0" bw="32" slack="0"/>
<pin id="1257" dir="1" index="1" bw="32" slack="6"/>
</pin_list>
<bind>
<opcode="load(27) " fcode="load"/>
<opset="p_ZZ9cnn_accelE8w1_local_155_load/1 "/>
</bind>
</comp>

<comp id="1259" class="1004" name="p_ZZ9cnn_accelE8w1_local_182_load_load_fu_1259">
<pin_list>
<pin id="1260" dir="0" index="0" bw="32" slack="0"/>
<pin id="1261" dir="1" index="1" bw="32" slack="6"/>
</pin_list>
<bind>
<opcode="load(27) " fcode="load"/>
<opset="p_ZZ9cnn_accelE8w1_local_182_load/1 "/>
</bind>
</comp>

<comp id="1263" class="1004" name="p_ZZ9cnn_accelE8w1_local_209_load_load_fu_1263">
<pin_list>
<pin id="1264" dir="0" index="0" bw="32" slack="0"/>
<pin id="1265" dir="1" index="1" bw="32" slack="6"/>
</pin_list>
<bind>
<opcode="load(27) " fcode="load"/>
<opset="p_ZZ9cnn_accelE8w1_local_209_load/1 "/>
</bind>
</comp>

<comp id="1267" class="1004" name="w1_local_3_load_load_fu_1267">
<pin_list>
<pin id="1268" dir="0" index="0" bw="32" slack="0"/>
<pin id="1269" dir="1" index="1" bw="32" slack="7"/>
</pin_list>
<bind>
<opcode="load(27) " fcode="load"/>
<opset="w1_local_3_load/1 "/>
</bind>
</comp>

<comp id="1271" class="1004" name="p_ZZ9cnn_accelE8w1_local_30_load_load_fu_1271">
<pin_list>
<pin id="1272" dir="0" index="0" bw="32" slack="0"/>
<pin id="1273" dir="1" index="1" bw="32" slack="7"/>
</pin_list>
<bind>
<opcode="load(27) " fcode="load"/>
<opset="p_ZZ9cnn_accelE8w1_local_30_load/1 "/>
</bind>
</comp>

<comp id="1275" class="1004" name="p_ZZ9cnn_accelE8w1_local_57_load_load_fu_1275">
<pin_list>
<pin id="1276" dir="0" index="0" bw="32" slack="0"/>
<pin id="1277" dir="1" index="1" bw="32" slack="7"/>
</pin_list>
<bind>
<opcode="load(27) " fcode="load"/>
<opset="p_ZZ9cnn_accelE8w1_local_57_load/1 "/>
</bind>
</comp>

<comp id="1279" class="1004" name="cnn_accel_w1_local_197_load_fu_1279">
<pin_list>
<pin id="1280" dir="0" index="0" bw="32" slack="0"/>
<pin id="1281" dir="1" index="1" bw="32" slack="7"/>
</pin_list>
<bind>
<opcode="load(27) " fcode="load"/>
<opset="cnn_accel_w1_local_197/1 "/>
</bind>
</comp>

<comp id="1283" class="1004" name="p_ZZ9cnn_accelE8w1_local_111_load_load_fu_1283">
<pin_list>
<pin id="1284" dir="0" index="0" bw="32" slack="0"/>
<pin id="1285" dir="1" index="1" bw="32" slack="7"/>
</pin_list>
<bind>
<opcode="load(27) " fcode="load"/>
<opset="p_ZZ9cnn_accelE8w1_local_111_load/1 "/>
</bind>
</comp>

<comp id="1287" class="1004" name="p_ZZ9cnn_accelE8w1_local_138_load_load_fu_1287">
<pin_list>
<pin id="1288" dir="0" index="0" bw="32" slack="0"/>
<pin id="1289" dir="1" index="1" bw="32" slack="7"/>
</pin_list>
<bind>
<opcode="load(27) " fcode="load"/>
<opset="p_ZZ9cnn_accelE8w1_local_138_load/1 "/>
</bind>
</comp>

<comp id="1291" class="1004" name="p_ZZ9cnn_accelE8w1_local_165_load_load_fu_1291">
<pin_list>
<pin id="1292" dir="0" index="0" bw="32" slack="0"/>
<pin id="1293" dir="1" index="1" bw="32" slack="7"/>
</pin_list>
<bind>
<opcode="load(27) " fcode="load"/>
<opset="p_ZZ9cnn_accelE8w1_local_165_load/1 "/>
</bind>
</comp>

<comp id="1295" class="1004" name="p_ZZ9cnn_accelE8w1_local_192_load_load_fu_1295">
<pin_list>
<pin id="1296" dir="0" index="0" bw="32" slack="0"/>
<pin id="1297" dir="1" index="1" bw="32" slack="7"/>
</pin_list>
<bind>
<opcode="load(27) " fcode="load"/>
<opset="p_ZZ9cnn_accelE8w1_local_192_load/1 "/>
</bind>
</comp>

<comp id="1299" class="1004" name="cnn_accel_w1_local_198_load_fu_1299">
<pin_list>
<pin id="1300" dir="0" index="0" bw="32" slack="0"/>
<pin id="1301" dir="1" index="1" bw="32" slack="7"/>
</pin_list>
<bind>
<opcode="load(27) " fcode="load"/>
<opset="cnn_accel_w1_local_198/1 "/>
</bind>
</comp>

<comp id="1303" class="1004" name="p_ZZ9cnn_accelE8w1_local_39_load_load_fu_1303">
<pin_list>
<pin id="1304" dir="0" index="0" bw="32" slack="0"/>
<pin id="1305" dir="1" index="1" bw="32" slack="7"/>
</pin_list>
<bind>
<opcode="load(27) " fcode="load"/>
<opset="p_ZZ9cnn_accelE8w1_local_39_load/1 "/>
</bind>
</comp>

<comp id="1307" class="1004" name="p_ZZ9cnn_accelE8w1_local_66_load_load_fu_1307">
<pin_list>
<pin id="1308" dir="0" index="0" bw="32" slack="0"/>
<pin id="1309" dir="1" index="1" bw="32" slack="7"/>
</pin_list>
<bind>
<opcode="load(27) " fcode="load"/>
<opset="p_ZZ9cnn_accelE8w1_local_66_load/1 "/>
</bind>
</comp>

<comp id="1311" class="1004" name="cnn_accel_w1_local_199_load_fu_1311">
<pin_list>
<pin id="1312" dir="0" index="0" bw="32" slack="0"/>
<pin id="1313" dir="1" index="1" bw="32" slack="7"/>
</pin_list>
<bind>
<opcode="load(27) " fcode="load"/>
<opset="cnn_accel_w1_local_199/1 "/>
</bind>
</comp>

<comp id="1315" class="1004" name="p_ZZ9cnn_accelE8w1_local_120_load_load_fu_1315">
<pin_list>
<pin id="1316" dir="0" index="0" bw="32" slack="0"/>
<pin id="1317" dir="1" index="1" bw="32" slack="7"/>
</pin_list>
<bind>
<opcode="load(27) " fcode="load"/>
<opset="p_ZZ9cnn_accelE8w1_local_120_load/1 "/>
</bind>
</comp>

<comp id="1319" class="1004" name="p_ZZ9cnn_accelE8w1_local_147_load_load_fu_1319">
<pin_list>
<pin id="1320" dir="0" index="0" bw="32" slack="0"/>
<pin id="1321" dir="1" index="1" bw="32" slack="7"/>
</pin_list>
<bind>
<opcode="load(27) " fcode="load"/>
<opset="p_ZZ9cnn_accelE8w1_local_147_load/1 "/>
</bind>
</comp>

<comp id="1323" class="1004" name="p_ZZ9cnn_accelE8w1_local_174_load_load_fu_1323">
<pin_list>
<pin id="1324" dir="0" index="0" bw="32" slack="0"/>
<pin id="1325" dir="1" index="1" bw="32" slack="7"/>
</pin_list>
<bind>
<opcode="load(27) " fcode="load"/>
<opset="p_ZZ9cnn_accelE8w1_local_174_load/1 "/>
</bind>
</comp>

<comp id="1327" class="1004" name="p_ZZ9cnn_accelE8w1_local_201_load_load_fu_1327">
<pin_list>
<pin id="1328" dir="0" index="0" bw="32" slack="0"/>
<pin id="1329" dir="1" index="1" bw="32" slack="7"/>
</pin_list>
<bind>
<opcode="load(27) " fcode="load"/>
<opset="p_ZZ9cnn_accelE8w1_local_201_load/1 "/>
</bind>
</comp>

<comp id="1331" class="1004" name="cnn_accel_w1_local_200_load_fu_1331">
<pin_list>
<pin id="1332" dir="0" index="0" bw="32" slack="0"/>
<pin id="1333" dir="1" index="1" bw="32" slack="7"/>
</pin_list>
<bind>
<opcode="load(27) " fcode="load"/>
<opset="cnn_accel_w1_local_200/1 "/>
</bind>
</comp>

<comp id="1335" class="1004" name="p_ZZ9cnn_accelE8w1_local_48_load_load_fu_1335">
<pin_list>
<pin id="1336" dir="0" index="0" bw="32" slack="0"/>
<pin id="1337" dir="1" index="1" bw="32" slack="7"/>
</pin_list>
<bind>
<opcode="load(27) " fcode="load"/>
<opset="p_ZZ9cnn_accelE8w1_local_48_load/1 "/>
</bind>
</comp>

<comp id="1339" class="1004" name="cnn_accel_w1_local_201_load_fu_1339">
<pin_list>
<pin id="1340" dir="0" index="0" bw="32" slack="0"/>
<pin id="1341" dir="1" index="1" bw="32" slack="7"/>
</pin_list>
<bind>
<opcode="load(27) " fcode="load"/>
<opset="cnn_accel_w1_local_201/1 "/>
</bind>
</comp>

<comp id="1343" class="1004" name="p_ZZ9cnn_accelE8w1_local_102_load_load_fu_1343">
<pin_list>
<pin id="1344" dir="0" index="0" bw="32" slack="0"/>
<pin id="1345" dir="1" index="1" bw="32" slack="7"/>
</pin_list>
<bind>
<opcode="load(27) " fcode="load"/>
<opset="p_ZZ9cnn_accelE8w1_local_102_load/1 "/>
</bind>
</comp>

<comp id="1347" class="1004" name="p_ZZ9cnn_accelE8w1_local_129_load_load_fu_1347">
<pin_list>
<pin id="1348" dir="0" index="0" bw="32" slack="0"/>
<pin id="1349" dir="1" index="1" bw="32" slack="7"/>
</pin_list>
<bind>
<opcode="load(27) " fcode="load"/>
<opset="p_ZZ9cnn_accelE8w1_local_129_load/1 "/>
</bind>
</comp>

<comp id="1351" class="1004" name="p_ZZ9cnn_accelE8w1_local_156_load_load_fu_1351">
<pin_list>
<pin id="1352" dir="0" index="0" bw="32" slack="0"/>
<pin id="1353" dir="1" index="1" bw="32" slack="7"/>
</pin_list>
<bind>
<opcode="load(27) " fcode="load"/>
<opset="p_ZZ9cnn_accelE8w1_local_156_load/1 "/>
</bind>
</comp>

<comp id="1355" class="1004" name="p_ZZ9cnn_accelE8w1_local_183_load_load_fu_1355">
<pin_list>
<pin id="1356" dir="0" index="0" bw="32" slack="0"/>
<pin id="1357" dir="1" index="1" bw="32" slack="7"/>
</pin_list>
<bind>
<opcode="load(27) " fcode="load"/>
<opset="p_ZZ9cnn_accelE8w1_local_183_load/1 "/>
</bind>
</comp>

<comp id="1359" class="1004" name="p_ZZ9cnn_accelE8w1_local_210_load_load_fu_1359">
<pin_list>
<pin id="1360" dir="0" index="0" bw="32" slack="0"/>
<pin id="1361" dir="1" index="1" bw="32" slack="7"/>
</pin_list>
<bind>
<opcode="load(27) " fcode="load"/>
<opset="p_ZZ9cnn_accelE8w1_local_210_load/1 "/>
</bind>
</comp>

<comp id="1363" class="1004" name="w1_local_4_load_load_fu_1363">
<pin_list>
<pin id="1364" dir="0" index="0" bw="32" slack="0"/>
<pin id="1365" dir="1" index="1" bw="32" slack="8"/>
</pin_list>
<bind>
<opcode="load(27) " fcode="load"/>
<opset="w1_local_4_load/1 "/>
</bind>
</comp>

<comp id="1367" class="1004" name="cnn_accel_w1_local_202_load_fu_1367">
<pin_list>
<pin id="1368" dir="0" index="0" bw="32" slack="0"/>
<pin id="1369" dir="1" index="1" bw="32" slack="8"/>
</pin_list>
<bind>
<opcode="load(27) " fcode="load"/>
<opset="cnn_accel_w1_local_202/1 "/>
</bind>
</comp>

<comp id="1371" class="1004" name="p_ZZ9cnn_accelE8w1_local_58_load_load_fu_1371">
<pin_list>
<pin id="1372" dir="0" index="0" bw="32" slack="0"/>
<pin id="1373" dir="1" index="1" bw="32" slack="8"/>
</pin_list>
<bind>
<opcode="load(27) " fcode="load"/>
<opset="p_ZZ9cnn_accelE8w1_local_58_load/1 "/>
</bind>
</comp>

<comp id="1375" class="1004" name="cnn_accel_w1_local_203_load_fu_1375">
<pin_list>
<pin id="1376" dir="0" index="0" bw="32" slack="0"/>
<pin id="1377" dir="1" index="1" bw="32" slack="8"/>
</pin_list>
<bind>
<opcode="load(27) " fcode="load"/>
<opset="cnn_accel_w1_local_203/1 "/>
</bind>
</comp>

<comp id="1379" class="1004" name="p_ZZ9cnn_accelE8w1_local_112_load_load_fu_1379">
<pin_list>
<pin id="1380" dir="0" index="0" bw="32" slack="0"/>
<pin id="1381" dir="1" index="1" bw="32" slack="8"/>
</pin_list>
<bind>
<opcode="load(27) " fcode="load"/>
<opset="p_ZZ9cnn_accelE8w1_local_112_load/1 "/>
</bind>
</comp>

<comp id="1383" class="1004" name="p_ZZ9cnn_accelE8w1_local_139_load_load_fu_1383">
<pin_list>
<pin id="1384" dir="0" index="0" bw="32" slack="0"/>
<pin id="1385" dir="1" index="1" bw="32" slack="8"/>
</pin_list>
<bind>
<opcode="load(27) " fcode="load"/>
<opset="p_ZZ9cnn_accelE8w1_local_139_load/1 "/>
</bind>
</comp>

<comp id="1387" class="1004" name="p_ZZ9cnn_accelE8w1_local_166_load_load_fu_1387">
<pin_list>
<pin id="1388" dir="0" index="0" bw="32" slack="0"/>
<pin id="1389" dir="1" index="1" bw="32" slack="8"/>
</pin_list>
<bind>
<opcode="load(27) " fcode="load"/>
<opset="p_ZZ9cnn_accelE8w1_local_166_load/1 "/>
</bind>
</comp>

<comp id="1391" class="1004" name="p_ZZ9cnn_accelE8w1_local_193_load_load_fu_1391">
<pin_list>
<pin id="1392" dir="0" index="0" bw="32" slack="0"/>
<pin id="1393" dir="1" index="1" bw="32" slack="8"/>
</pin_list>
<bind>
<opcode="load(27) " fcode="load"/>
<opset="p_ZZ9cnn_accelE8w1_local_193_load/1 "/>
</bind>
</comp>

<comp id="1395" class="1004" name="cnn_accel_w1_local_204_load_fu_1395">
<pin_list>
<pin id="1396" dir="0" index="0" bw="32" slack="0"/>
<pin id="1397" dir="1" index="1" bw="32" slack="8"/>
</pin_list>
<bind>
<opcode="load(27) " fcode="load"/>
<opset="cnn_accel_w1_local_204/1 "/>
</bind>
</comp>

<comp id="1399" class="1004" name="p_ZZ9cnn_accelE8w1_local_40_load_load_fu_1399">
<pin_list>
<pin id="1400" dir="0" index="0" bw="32" slack="0"/>
<pin id="1401" dir="1" index="1" bw="32" slack="8"/>
</pin_list>
<bind>
<opcode="load(27) " fcode="load"/>
<opset="p_ZZ9cnn_accelE8w1_local_40_load/1 "/>
</bind>
</comp>

<comp id="1403" class="1004" name="p_ZZ9cnn_accelE8w1_local_67_load_load_fu_1403">
<pin_list>
<pin id="1404" dir="0" index="0" bw="32" slack="0"/>
<pin id="1405" dir="1" index="1" bw="32" slack="8"/>
</pin_list>
<bind>
<opcode="load(27) " fcode="load"/>
<opset="p_ZZ9cnn_accelE8w1_local_67_load/1 "/>
</bind>
</comp>

<comp id="1407" class="1004" name="cnn_accel_w1_local_205_load_fu_1407">
<pin_list>
<pin id="1408" dir="0" index="0" bw="32" slack="0"/>
<pin id="1409" dir="1" index="1" bw="32" slack="8"/>
</pin_list>
<bind>
<opcode="load(27) " fcode="load"/>
<opset="cnn_accel_w1_local_205/1 "/>
</bind>
</comp>

<comp id="1411" class="1004" name="p_ZZ9cnn_accelE8w1_local_121_load_load_fu_1411">
<pin_list>
<pin id="1412" dir="0" index="0" bw="32" slack="0"/>
<pin id="1413" dir="1" index="1" bw="32" slack="8"/>
</pin_list>
<bind>
<opcode="load(27) " fcode="load"/>
<opset="p_ZZ9cnn_accelE8w1_local_121_load/1 "/>
</bind>
</comp>

<comp id="1415" class="1004" name="p_ZZ9cnn_accelE8w1_local_148_load_load_fu_1415">
<pin_list>
<pin id="1416" dir="0" index="0" bw="32" slack="0"/>
<pin id="1417" dir="1" index="1" bw="32" slack="8"/>
</pin_list>
<bind>
<opcode="load(27) " fcode="load"/>
<opset="p_ZZ9cnn_accelE8w1_local_148_load/1 "/>
</bind>
</comp>

<comp id="1419" class="1004" name="p_ZZ9cnn_accelE8w1_local_175_load_load_fu_1419">
<pin_list>
<pin id="1420" dir="0" index="0" bw="32" slack="0"/>
<pin id="1421" dir="1" index="1" bw="32" slack="8"/>
</pin_list>
<bind>
<opcode="load(27) " fcode="load"/>
<opset="p_ZZ9cnn_accelE8w1_local_175_load/1 "/>
</bind>
</comp>

<comp id="1423" class="1004" name="p_ZZ9cnn_accelE8w1_local_202_load_load_fu_1423">
<pin_list>
<pin id="1424" dir="0" index="0" bw="32" slack="0"/>
<pin id="1425" dir="1" index="1" bw="32" slack="8"/>
</pin_list>
<bind>
<opcode="load(27) " fcode="load"/>
<opset="p_ZZ9cnn_accelE8w1_local_202_load/1 "/>
</bind>
</comp>

<comp id="1427" class="1004" name="cnn_accel_w1_local_206_load_fu_1427">
<pin_list>
<pin id="1428" dir="0" index="0" bw="32" slack="0"/>
<pin id="1429" dir="1" index="1" bw="32" slack="8"/>
</pin_list>
<bind>
<opcode="load(27) " fcode="load"/>
<opset="cnn_accel_w1_local_206/1 "/>
</bind>
</comp>

<comp id="1431" class="1004" name="p_ZZ9cnn_accelE8w1_local_49_load_load_fu_1431">
<pin_list>
<pin id="1432" dir="0" index="0" bw="32" slack="0"/>
<pin id="1433" dir="1" index="1" bw="32" slack="8"/>
</pin_list>
<bind>
<opcode="load(27) " fcode="load"/>
<opset="p_ZZ9cnn_accelE8w1_local_49_load/1 "/>
</bind>
</comp>

<comp id="1435" class="1004" name="p_ZZ9cnn_accelE8w1_local_76_load_load_fu_1435">
<pin_list>
<pin id="1436" dir="0" index="0" bw="32" slack="0"/>
<pin id="1437" dir="1" index="1" bw="32" slack="8"/>
</pin_list>
<bind>
<opcode="load(27) " fcode="load"/>
<opset="p_ZZ9cnn_accelE8w1_local_76_load/1 "/>
</bind>
</comp>

<comp id="1439" class="1004" name="p_ZZ9cnn_accelE8w1_local_103_load_load_fu_1439">
<pin_list>
<pin id="1440" dir="0" index="0" bw="32" slack="0"/>
<pin id="1441" dir="1" index="1" bw="32" slack="8"/>
</pin_list>
<bind>
<opcode="load(27) " fcode="load"/>
<opset="p_ZZ9cnn_accelE8w1_local_103_load/1 "/>
</bind>
</comp>

<comp id="1443" class="1004" name="p_ZZ9cnn_accelE8w1_local_130_load_load_fu_1443">
<pin_list>
<pin id="1444" dir="0" index="0" bw="32" slack="0"/>
<pin id="1445" dir="1" index="1" bw="32" slack="8"/>
</pin_list>
<bind>
<opcode="load(27) " fcode="load"/>
<opset="p_ZZ9cnn_accelE8w1_local_130_load/1 "/>
</bind>
</comp>

<comp id="1447" class="1004" name="p_ZZ9cnn_accelE8w1_local_157_load_load_fu_1447">
<pin_list>
<pin id="1448" dir="0" index="0" bw="32" slack="0"/>
<pin id="1449" dir="1" index="1" bw="32" slack="8"/>
</pin_list>
<bind>
<opcode="load(27) " fcode="load"/>
<opset="p_ZZ9cnn_accelE8w1_local_157_load/1 "/>
</bind>
</comp>

<comp id="1451" class="1004" name="p_ZZ9cnn_accelE8w1_local_184_load_load_fu_1451">
<pin_list>
<pin id="1452" dir="0" index="0" bw="32" slack="0"/>
<pin id="1453" dir="1" index="1" bw="32" slack="8"/>
</pin_list>
<bind>
<opcode="load(27) " fcode="load"/>
<opset="p_ZZ9cnn_accelE8w1_local_184_load/1 "/>
</bind>
</comp>

<comp id="1455" class="1004" name="p_ZZ9cnn_accelE8w1_local_211_load_load_fu_1455">
<pin_list>
<pin id="1456" dir="0" index="0" bw="32" slack="0"/>
<pin id="1457" dir="1" index="1" bw="32" slack="8"/>
</pin_list>
<bind>
<opcode="load(27) " fcode="load"/>
<opset="p_ZZ9cnn_accelE8w1_local_211_load/1 "/>
</bind>
</comp>

<comp id="1459" class="1004" name="w1_local_5_load_load_fu_1459">
<pin_list>
<pin id="1460" dir="0" index="0" bw="32" slack="0"/>
<pin id="1461" dir="1" index="1" bw="32" slack="9"/>
</pin_list>
<bind>
<opcode="load(27) " fcode="load"/>
<opset="w1_local_5_load/1 "/>
</bind>
</comp>

<comp id="1463" class="1004" name="cnn_accel_w1_local_207_load_fu_1463">
<pin_list>
<pin id="1464" dir="0" index="0" bw="32" slack="0"/>
<pin id="1465" dir="1" index="1" bw="32" slack="9"/>
</pin_list>
<bind>
<opcode="load(27) " fcode="load"/>
<opset="cnn_accel_w1_local_207/1 "/>
</bind>
</comp>

<comp id="1467" class="1004" name="p_ZZ9cnn_accelE8w1_local_59_load_load_fu_1467">
<pin_list>
<pin id="1468" dir="0" index="0" bw="32" slack="0"/>
<pin id="1469" dir="1" index="1" bw="32" slack="9"/>
</pin_list>
<bind>
<opcode="load(27) " fcode="load"/>
<opset="p_ZZ9cnn_accelE8w1_local_59_load/1 "/>
</bind>
</comp>

<comp id="1471" class="1004" name="p_ZZ9cnn_accelE8w1_local_86_load_load_fu_1471">
<pin_list>
<pin id="1472" dir="0" index="0" bw="32" slack="0"/>
<pin id="1473" dir="1" index="1" bw="32" slack="9"/>
</pin_list>
<bind>
<opcode="load(27) " fcode="load"/>
<opset="p_ZZ9cnn_accelE8w1_local_86_load/1 "/>
</bind>
</comp>

<comp id="1475" class="1004" name="p_ZZ9cnn_accelE8w1_local_113_load_load_fu_1475">
<pin_list>
<pin id="1476" dir="0" index="0" bw="32" slack="0"/>
<pin id="1477" dir="1" index="1" bw="32" slack="9"/>
</pin_list>
<bind>
<opcode="load(27) " fcode="load"/>
<opset="p_ZZ9cnn_accelE8w1_local_113_load/1 "/>
</bind>
</comp>

<comp id="1479" class="1004" name="p_ZZ9cnn_accelE8w1_local_140_load_load_fu_1479">
<pin_list>
<pin id="1480" dir="0" index="0" bw="32" slack="0"/>
<pin id="1481" dir="1" index="1" bw="32" slack="9"/>
</pin_list>
<bind>
<opcode="load(27) " fcode="load"/>
<opset="p_ZZ9cnn_accelE8w1_local_140_load/1 "/>
</bind>
</comp>

<comp id="1483" class="1004" name="p_ZZ9cnn_accelE8w1_local_167_load_load_fu_1483">
<pin_list>
<pin id="1484" dir="0" index="0" bw="32" slack="0"/>
<pin id="1485" dir="1" index="1" bw="32" slack="9"/>
</pin_list>
<bind>
<opcode="load(27) " fcode="load"/>
<opset="p_ZZ9cnn_accelE8w1_local_167_load/1 "/>
</bind>
</comp>

<comp id="1487" class="1004" name="p_ZZ9cnn_accelE8w1_local_194_load_load_fu_1487">
<pin_list>
<pin id="1488" dir="0" index="0" bw="32" slack="0"/>
<pin id="1489" dir="1" index="1" bw="32" slack="9"/>
</pin_list>
<bind>
<opcode="load(27) " fcode="load"/>
<opset="p_ZZ9cnn_accelE8w1_local_194_load/1 "/>
</bind>
</comp>

<comp id="1491" class="1004" name="cnn_accel_w1_local_208_load_fu_1491">
<pin_list>
<pin id="1492" dir="0" index="0" bw="32" slack="0"/>
<pin id="1493" dir="1" index="1" bw="32" slack="9"/>
</pin_list>
<bind>
<opcode="load(27) " fcode="load"/>
<opset="cnn_accel_w1_local_208/1 "/>
</bind>
</comp>

<comp id="1495" class="1004" name="cnn_accel_w1_local_209_load_fu_1495">
<pin_list>
<pin id="1496" dir="0" index="0" bw="32" slack="0"/>
<pin id="1497" dir="1" index="1" bw="32" slack="9"/>
</pin_list>
<bind>
<opcode="load(27) " fcode="load"/>
<opset="cnn_accel_w1_local_209/1 "/>
</bind>
</comp>

<comp id="1499" class="1004" name="p_ZZ9cnn_accelE8w1_local_68_load_load_fu_1499">
<pin_list>
<pin id="1500" dir="0" index="0" bw="32" slack="0"/>
<pin id="1501" dir="1" index="1" bw="32" slack="9"/>
</pin_list>
<bind>
<opcode="load(27) " fcode="load"/>
<opset="p_ZZ9cnn_accelE8w1_local_68_load/1 "/>
</bind>
</comp>

<comp id="1503" class="1004" name="cnn_accel_w1_local_210_load_fu_1503">
<pin_list>
<pin id="1504" dir="0" index="0" bw="32" slack="0"/>
<pin id="1505" dir="1" index="1" bw="32" slack="9"/>
</pin_list>
<bind>
<opcode="load(27) " fcode="load"/>
<opset="cnn_accel_w1_local_210/1 "/>
</bind>
</comp>

<comp id="1507" class="1004" name="p_ZZ9cnn_accelE8w1_local_122_load_load_fu_1507">
<pin_list>
<pin id="1508" dir="0" index="0" bw="32" slack="0"/>
<pin id="1509" dir="1" index="1" bw="32" slack="9"/>
</pin_list>
<bind>
<opcode="load(27) " fcode="load"/>
<opset="p_ZZ9cnn_accelE8w1_local_122_load/1 "/>
</bind>
</comp>

<comp id="1511" class="1004" name="p_ZZ9cnn_accelE8w1_local_149_load_load_fu_1511">
<pin_list>
<pin id="1512" dir="0" index="0" bw="32" slack="0"/>
<pin id="1513" dir="1" index="1" bw="32" slack="9"/>
</pin_list>
<bind>
<opcode="load(27) " fcode="load"/>
<opset="p_ZZ9cnn_accelE8w1_local_149_load/1 "/>
</bind>
</comp>

<comp id="1515" class="1004" name="p_ZZ9cnn_accelE8w1_local_176_load_load_fu_1515">
<pin_list>
<pin id="1516" dir="0" index="0" bw="32" slack="0"/>
<pin id="1517" dir="1" index="1" bw="32" slack="9"/>
</pin_list>
<bind>
<opcode="load(27) " fcode="load"/>
<opset="p_ZZ9cnn_accelE8w1_local_176_load/1 "/>
</bind>
</comp>

<comp id="1519" class="1004" name="p_ZZ9cnn_accelE8w1_local_203_load_load_fu_1519">
<pin_list>
<pin id="1520" dir="0" index="0" bw="32" slack="0"/>
<pin id="1521" dir="1" index="1" bw="32" slack="9"/>
</pin_list>
<bind>
<opcode="load(27) " fcode="load"/>
<opset="p_ZZ9cnn_accelE8w1_local_203_load/1 "/>
</bind>
</comp>

<comp id="1523" class="1004" name="cnn_accel_w1_local_211_load_fu_1523">
<pin_list>
<pin id="1524" dir="0" index="0" bw="32" slack="0"/>
<pin id="1525" dir="1" index="1" bw="32" slack="9"/>
</pin_list>
<bind>
<opcode="load(27) " fcode="load"/>
<opset="cnn_accel_w1_local_211/1 "/>
</bind>
</comp>

<comp id="1527" class="1004" name="p_ZZ9cnn_accelE8w1_local_50_load_load_fu_1527">
<pin_list>
<pin id="1528" dir="0" index="0" bw="32" slack="0"/>
<pin id="1529" dir="1" index="1" bw="32" slack="9"/>
</pin_list>
<bind>
<opcode="load(27) " fcode="load"/>
<opset="p_ZZ9cnn_accelE8w1_local_50_load/1 "/>
</bind>
</comp>

<comp id="1531" class="1004" name="p_ZZ9cnn_accelE8w1_local_77_load_load_fu_1531">
<pin_list>
<pin id="1532" dir="0" index="0" bw="32" slack="0"/>
<pin id="1533" dir="1" index="1" bw="32" slack="9"/>
</pin_list>
<bind>
<opcode="load(27) " fcode="load"/>
<opset="p_ZZ9cnn_accelE8w1_local_77_load/1 "/>
</bind>
</comp>

<comp id="1535" class="1004" name="p_ZZ9cnn_accelE8w1_local_104_load_load_fu_1535">
<pin_list>
<pin id="1536" dir="0" index="0" bw="32" slack="0"/>
<pin id="1537" dir="1" index="1" bw="32" slack="9"/>
</pin_list>
<bind>
<opcode="load(27) " fcode="load"/>
<opset="p_ZZ9cnn_accelE8w1_local_104_load/1 "/>
</bind>
</comp>

<comp id="1539" class="1004" name="p_ZZ9cnn_accelE8w1_local_131_load_load_fu_1539">
<pin_list>
<pin id="1540" dir="0" index="0" bw="32" slack="0"/>
<pin id="1541" dir="1" index="1" bw="32" slack="9"/>
</pin_list>
<bind>
<opcode="load(27) " fcode="load"/>
<opset="p_ZZ9cnn_accelE8w1_local_131_load/1 "/>
</bind>
</comp>

<comp id="1543" class="1004" name="p_ZZ9cnn_accelE8w1_local_158_load_load_fu_1543">
<pin_list>
<pin id="1544" dir="0" index="0" bw="32" slack="0"/>
<pin id="1545" dir="1" index="1" bw="32" slack="9"/>
</pin_list>
<bind>
<opcode="load(27) " fcode="load"/>
<opset="p_ZZ9cnn_accelE8w1_local_158_load/1 "/>
</bind>
</comp>

<comp id="1547" class="1004" name="p_ZZ9cnn_accelE8w1_local_185_load_load_fu_1547">
<pin_list>
<pin id="1548" dir="0" index="0" bw="32" slack="0"/>
<pin id="1549" dir="1" index="1" bw="32" slack="9"/>
</pin_list>
<bind>
<opcode="load(27) " fcode="load"/>
<opset="p_ZZ9cnn_accelE8w1_local_185_load/1 "/>
</bind>
</comp>

<comp id="1551" class="1004" name="p_ZZ9cnn_accelE8w1_local_212_load_load_fu_1551">
<pin_list>
<pin id="1552" dir="0" index="0" bw="32" slack="0"/>
<pin id="1553" dir="1" index="1" bw="32" slack="9"/>
</pin_list>
<bind>
<opcode="load(27) " fcode="load"/>
<opset="p_ZZ9cnn_accelE8w1_local_212_load/1 "/>
</bind>
</comp>

<comp id="1555" class="1004" name="w1_local_6_load_load_fu_1555">
<pin_list>
<pin id="1556" dir="0" index="0" bw="32" slack="0"/>
<pin id="1557" dir="1" index="1" bw="32" slack="10"/>
</pin_list>
<bind>
<opcode="load(27) " fcode="load"/>
<opset="w1_local_6_load/1 "/>
</bind>
</comp>

<comp id="1559" class="1004" name="cnn_accel_w1_local_212_load_fu_1559">
<pin_list>
<pin id="1560" dir="0" index="0" bw="32" slack="0"/>
<pin id="1561" dir="1" index="1" bw="32" slack="10"/>
</pin_list>
<bind>
<opcode="load(27) " fcode="load"/>
<opset="cnn_accel_w1_local_212/1 "/>
</bind>
</comp>

<comp id="1563" class="1004" name="p_ZZ9cnn_accelE8w1_local_60_load_load_fu_1563">
<pin_list>
<pin id="1564" dir="0" index="0" bw="32" slack="0"/>
<pin id="1565" dir="1" index="1" bw="32" slack="10"/>
</pin_list>
<bind>
<opcode="load(27) " fcode="load"/>
<opset="p_ZZ9cnn_accelE8w1_local_60_load/1 "/>
</bind>
</comp>

<comp id="1567" class="1004" name="p_ZZ9cnn_accelE8w1_local_87_load_load_fu_1567">
<pin_list>
<pin id="1568" dir="0" index="0" bw="32" slack="0"/>
<pin id="1569" dir="1" index="1" bw="32" slack="10"/>
</pin_list>
<bind>
<opcode="load(27) " fcode="load"/>
<opset="p_ZZ9cnn_accelE8w1_local_87_load/1 "/>
</bind>
</comp>

<comp id="1571" class="1004" name="p_ZZ9cnn_accelE8w1_local_114_load_load_fu_1571">
<pin_list>
<pin id="1572" dir="0" index="0" bw="32" slack="0"/>
<pin id="1573" dir="1" index="1" bw="32" slack="10"/>
</pin_list>
<bind>
<opcode="load(27) " fcode="load"/>
<opset="p_ZZ9cnn_accelE8w1_local_114_load/1 "/>
</bind>
</comp>

<comp id="1575" class="1004" name="p_ZZ9cnn_accelE8w1_local_141_load_load_fu_1575">
<pin_list>
<pin id="1576" dir="0" index="0" bw="32" slack="0"/>
<pin id="1577" dir="1" index="1" bw="32" slack="10"/>
</pin_list>
<bind>
<opcode="load(27) " fcode="load"/>
<opset="p_ZZ9cnn_accelE8w1_local_141_load/1 "/>
</bind>
</comp>

<comp id="1579" class="1004" name="p_ZZ9cnn_accelE8w1_local_168_load_load_fu_1579">
<pin_list>
<pin id="1580" dir="0" index="0" bw="32" slack="0"/>
<pin id="1581" dir="1" index="1" bw="32" slack="10"/>
</pin_list>
<bind>
<opcode="load(27) " fcode="load"/>
<opset="p_ZZ9cnn_accelE8w1_local_168_load/1 "/>
</bind>
</comp>

<comp id="1583" class="1004" name="p_ZZ9cnn_accelE8w1_local_195_load_load_fu_1583">
<pin_list>
<pin id="1584" dir="0" index="0" bw="32" slack="0"/>
<pin id="1585" dir="1" index="1" bw="32" slack="10"/>
</pin_list>
<bind>
<opcode="load(27) " fcode="load"/>
<opset="p_ZZ9cnn_accelE8w1_local_195_load/1 "/>
</bind>
</comp>

<comp id="1587" class="1004" name="cnn_accel_w1_local_213_load_fu_1587">
<pin_list>
<pin id="1588" dir="0" index="0" bw="32" slack="0"/>
<pin id="1589" dir="1" index="1" bw="32" slack="10"/>
</pin_list>
<bind>
<opcode="load(27) " fcode="load"/>
<opset="cnn_accel_w1_local_213/1 "/>
</bind>
</comp>

<comp id="1591" class="1004" name="cnn_accel_w1_local_214_load_fu_1591">
<pin_list>
<pin id="1592" dir="0" index="0" bw="32" slack="0"/>
<pin id="1593" dir="1" index="1" bw="32" slack="10"/>
</pin_list>
<bind>
<opcode="load(27) " fcode="load"/>
<opset="cnn_accel_w1_local_214/1 "/>
</bind>
</comp>

<comp id="1595" class="1004" name="p_ZZ9cnn_accelE8w1_local_69_load_load_fu_1595">
<pin_list>
<pin id="1596" dir="0" index="0" bw="32" slack="0"/>
<pin id="1597" dir="1" index="1" bw="32" slack="10"/>
</pin_list>
<bind>
<opcode="load(27) " fcode="load"/>
<opset="p_ZZ9cnn_accelE8w1_local_69_load/1 "/>
</bind>
</comp>

<comp id="1599" class="1004" name="p_ZZ9cnn_accelE8w1_local_96_load_load_fu_1599">
<pin_list>
<pin id="1600" dir="0" index="0" bw="32" slack="0"/>
<pin id="1601" dir="1" index="1" bw="32" slack="10"/>
</pin_list>
<bind>
<opcode="load(27) " fcode="load"/>
<opset="p_ZZ9cnn_accelE8w1_local_96_load/1 "/>
</bind>
</comp>

<comp id="1603" class="1004" name="p_ZZ9cnn_accelE8w1_local_123_load_load_fu_1603">
<pin_list>
<pin id="1604" dir="0" index="0" bw="32" slack="0"/>
<pin id="1605" dir="1" index="1" bw="32" slack="10"/>
</pin_list>
<bind>
<opcode="load(27) " fcode="load"/>
<opset="p_ZZ9cnn_accelE8w1_local_123_load/1 "/>
</bind>
</comp>

<comp id="1607" class="1004" name="p_ZZ9cnn_accelE8w1_local_150_load_load_fu_1607">
<pin_list>
<pin id="1608" dir="0" index="0" bw="32" slack="0"/>
<pin id="1609" dir="1" index="1" bw="32" slack="10"/>
</pin_list>
<bind>
<opcode="load(27) " fcode="load"/>
<opset="p_ZZ9cnn_accelE8w1_local_150_load/1 "/>
</bind>
</comp>

<comp id="1611" class="1004" name="p_ZZ9cnn_accelE8w1_local_177_load_load_fu_1611">
<pin_list>
<pin id="1612" dir="0" index="0" bw="32" slack="0"/>
<pin id="1613" dir="1" index="1" bw="32" slack="10"/>
</pin_list>
<bind>
<opcode="load(27) " fcode="load"/>
<opset="p_ZZ9cnn_accelE8w1_local_177_load/1 "/>
</bind>
</comp>

<comp id="1615" class="1004" name="p_ZZ9cnn_accelE8w1_local_204_load_load_fu_1615">
<pin_list>
<pin id="1616" dir="0" index="0" bw="32" slack="0"/>
<pin id="1617" dir="1" index="1" bw="32" slack="10"/>
</pin_list>
<bind>
<opcode="load(27) " fcode="load"/>
<opset="p_ZZ9cnn_accelE8w1_local_204_load/1 "/>
</bind>
</comp>

<comp id="1619" class="1004" name="cnn_accel_w1_local_215_load_fu_1619">
<pin_list>
<pin id="1620" dir="0" index="0" bw="32" slack="0"/>
<pin id="1621" dir="1" index="1" bw="32" slack="10"/>
</pin_list>
<bind>
<opcode="load(27) " fcode="load"/>
<opset="cnn_accel_w1_local_215/1 "/>
</bind>
</comp>

<comp id="1623" class="1004" name="cnn_accel_w1_local_216_load_fu_1623">
<pin_list>
<pin id="1624" dir="0" index="0" bw="32" slack="0"/>
<pin id="1625" dir="1" index="1" bw="32" slack="10"/>
</pin_list>
<bind>
<opcode="load(27) " fcode="load"/>
<opset="cnn_accel_w1_local_216/1 "/>
</bind>
</comp>

<comp id="1627" class="1004" name="p_ZZ9cnn_accelE8w1_local_78_load_load_fu_1627">
<pin_list>
<pin id="1628" dir="0" index="0" bw="32" slack="0"/>
<pin id="1629" dir="1" index="1" bw="32" slack="10"/>
</pin_list>
<bind>
<opcode="load(27) " fcode="load"/>
<opset="p_ZZ9cnn_accelE8w1_local_78_load/1 "/>
</bind>
</comp>

<comp id="1631" class="1004" name="p_ZZ9cnn_accelE8w1_local_105_load_load_fu_1631">
<pin_list>
<pin id="1632" dir="0" index="0" bw="32" slack="0"/>
<pin id="1633" dir="1" index="1" bw="32" slack="10"/>
</pin_list>
<bind>
<opcode="load(27) " fcode="load"/>
<opset="p_ZZ9cnn_accelE8w1_local_105_load/1 "/>
</bind>
</comp>

<comp id="1635" class="1004" name="p_ZZ9cnn_accelE8w1_local_132_load_load_fu_1635">
<pin_list>
<pin id="1636" dir="0" index="0" bw="32" slack="0"/>
<pin id="1637" dir="1" index="1" bw="32" slack="10"/>
</pin_list>
<bind>
<opcode="load(27) " fcode="load"/>
<opset="p_ZZ9cnn_accelE8w1_local_132_load/1 "/>
</bind>
</comp>

<comp id="1639" class="1004" name="p_ZZ9cnn_accelE8w1_local_159_load_load_fu_1639">
<pin_list>
<pin id="1640" dir="0" index="0" bw="32" slack="0"/>
<pin id="1641" dir="1" index="1" bw="32" slack="10"/>
</pin_list>
<bind>
<opcode="load(27) " fcode="load"/>
<opset="p_ZZ9cnn_accelE8w1_local_159_load/1 "/>
</bind>
</comp>

<comp id="1643" class="1004" name="p_ZZ9cnn_accelE8w1_local_186_load_load_fu_1643">
<pin_list>
<pin id="1644" dir="0" index="0" bw="32" slack="0"/>
<pin id="1645" dir="1" index="1" bw="32" slack="10"/>
</pin_list>
<bind>
<opcode="load(27) " fcode="load"/>
<opset="p_ZZ9cnn_accelE8w1_local_186_load/1 "/>
</bind>
</comp>

<comp id="1647" class="1004" name="p_ZZ9cnn_accelE8w1_local_213_load_load_fu_1647">
<pin_list>
<pin id="1648" dir="0" index="0" bw="32" slack="0"/>
<pin id="1649" dir="1" index="1" bw="32" slack="10"/>
</pin_list>
<bind>
<opcode="load(27) " fcode="load"/>
<opset="p_ZZ9cnn_accelE8w1_local_213_load/1 "/>
</bind>
</comp>

<comp id="1651" class="1004" name="w1_local_7_load_load_fu_1651">
<pin_list>
<pin id="1652" dir="0" index="0" bw="32" slack="0"/>
<pin id="1653" dir="1" index="1" bw="32" slack="11"/>
</pin_list>
<bind>
<opcode="load(27) " fcode="load"/>
<opset="w1_local_7_load/1 "/>
</bind>
</comp>

<comp id="1655" class="1004" name="cnn_accel_w1_local_217_load_fu_1655">
<pin_list>
<pin id="1656" dir="0" index="0" bw="32" slack="0"/>
<pin id="1657" dir="1" index="1" bw="32" slack="11"/>
</pin_list>
<bind>
<opcode="load(27) " fcode="load"/>
<opset="cnn_accel_w1_local_217/1 "/>
</bind>
</comp>

<comp id="1659" class="1004" name="cnn_accel_w1_local_218_load_fu_1659">
<pin_list>
<pin id="1660" dir="0" index="0" bw="32" slack="0"/>
<pin id="1661" dir="1" index="1" bw="32" slack="11"/>
</pin_list>
<bind>
<opcode="load(27) " fcode="load"/>
<opset="cnn_accel_w1_local_218/1 "/>
</bind>
</comp>

<comp id="1663" class="1004" name="p_ZZ9cnn_accelE8w1_local_88_load_load_fu_1663">
<pin_list>
<pin id="1664" dir="0" index="0" bw="32" slack="0"/>
<pin id="1665" dir="1" index="1" bw="32" slack="11"/>
</pin_list>
<bind>
<opcode="load(27) " fcode="load"/>
<opset="p_ZZ9cnn_accelE8w1_local_88_load/1 "/>
</bind>
</comp>

<comp id="1667" class="1004" name="p_ZZ9cnn_accelE8w1_local_115_load_load_fu_1667">
<pin_list>
<pin id="1668" dir="0" index="0" bw="32" slack="0"/>
<pin id="1669" dir="1" index="1" bw="32" slack="11"/>
</pin_list>
<bind>
<opcode="load(27) " fcode="load"/>
<opset="p_ZZ9cnn_accelE8w1_local_115_load/1 "/>
</bind>
</comp>

<comp id="1671" class="1004" name="p_ZZ9cnn_accelE8w1_local_142_load_load_fu_1671">
<pin_list>
<pin id="1672" dir="0" index="0" bw="32" slack="0"/>
<pin id="1673" dir="1" index="1" bw="32" slack="11"/>
</pin_list>
<bind>
<opcode="load(27) " fcode="load"/>
<opset="p_ZZ9cnn_accelE8w1_local_142_load/1 "/>
</bind>
</comp>

<comp id="1675" class="1004" name="p_ZZ9cnn_accelE8w1_local_169_load_load_fu_1675">
<pin_list>
<pin id="1676" dir="0" index="0" bw="32" slack="0"/>
<pin id="1677" dir="1" index="1" bw="32" slack="11"/>
</pin_list>
<bind>
<opcode="load(27) " fcode="load"/>
<opset="p_ZZ9cnn_accelE8w1_local_169_load/1 "/>
</bind>
</comp>

<comp id="1679" class="1004" name="p_ZZ9cnn_accelE8w1_local_196_load_load_fu_1679">
<pin_list>
<pin id="1680" dir="0" index="0" bw="32" slack="0"/>
<pin id="1681" dir="1" index="1" bw="32" slack="11"/>
</pin_list>
<bind>
<opcode="load(27) " fcode="load"/>
<opset="p_ZZ9cnn_accelE8w1_local_196_load/1 "/>
</bind>
</comp>

<comp id="1683" class="1004" name="p_ZZ9cnn_accelE8w1_local_16_load_load_fu_1683">
<pin_list>
<pin id="1684" dir="0" index="0" bw="32" slack="0"/>
<pin id="1685" dir="1" index="1" bw="32" slack="11"/>
</pin_list>
<bind>
<opcode="load(27) " fcode="load"/>
<opset="p_ZZ9cnn_accelE8w1_local_16_load/1 "/>
</bind>
</comp>

<comp id="1687" class="1004" name="cnn_accel_w1_local_219_load_fu_1687">
<pin_list>
<pin id="1688" dir="0" index="0" bw="32" slack="0"/>
<pin id="1689" dir="1" index="1" bw="32" slack="11"/>
</pin_list>
<bind>
<opcode="load(27) " fcode="load"/>
<opset="cnn_accel_w1_local_219/1 "/>
</bind>
</comp>

<comp id="1691" class="1004" name="p_ZZ9cnn_accelE8w1_local_70_load_load_fu_1691">
<pin_list>
<pin id="1692" dir="0" index="0" bw="32" slack="0"/>
<pin id="1693" dir="1" index="1" bw="32" slack="11"/>
</pin_list>
<bind>
<opcode="load(27) " fcode="load"/>
<opset="p_ZZ9cnn_accelE8w1_local_70_load/1 "/>
</bind>
</comp>

<comp id="1695" class="1004" name="p_ZZ9cnn_accelE8w1_local_97_load_load_fu_1695">
<pin_list>
<pin id="1696" dir="0" index="0" bw="32" slack="0"/>
<pin id="1697" dir="1" index="1" bw="32" slack="11"/>
</pin_list>
<bind>
<opcode="load(27) " fcode="load"/>
<opset="p_ZZ9cnn_accelE8w1_local_97_load/1 "/>
</bind>
</comp>

<comp id="1699" class="1004" name="p_ZZ9cnn_accelE8w1_local_124_load_load_fu_1699">
<pin_list>
<pin id="1700" dir="0" index="0" bw="32" slack="0"/>
<pin id="1701" dir="1" index="1" bw="32" slack="11"/>
</pin_list>
<bind>
<opcode="load(27) " fcode="load"/>
<opset="p_ZZ9cnn_accelE8w1_local_124_load/1 "/>
</bind>
</comp>

<comp id="1703" class="1004" name="p_ZZ9cnn_accelE8w1_local_151_load_load_fu_1703">
<pin_list>
<pin id="1704" dir="0" index="0" bw="32" slack="0"/>
<pin id="1705" dir="1" index="1" bw="32" slack="11"/>
</pin_list>
<bind>
<opcode="load(27) " fcode="load"/>
<opset="p_ZZ9cnn_accelE8w1_local_151_load/1 "/>
</bind>
</comp>

<comp id="1707" class="1004" name="p_ZZ9cnn_accelE8w1_local_178_load_load_fu_1707">
<pin_list>
<pin id="1708" dir="0" index="0" bw="32" slack="0"/>
<pin id="1709" dir="1" index="1" bw="32" slack="11"/>
</pin_list>
<bind>
<opcode="load(27) " fcode="load"/>
<opset="p_ZZ9cnn_accelE8w1_local_178_load/1 "/>
</bind>
</comp>

<comp id="1711" class="1004" name="p_ZZ9cnn_accelE8w1_local_205_load_load_fu_1711">
<pin_list>
<pin id="1712" dir="0" index="0" bw="32" slack="0"/>
<pin id="1713" dir="1" index="1" bw="32" slack="11"/>
</pin_list>
<bind>
<opcode="load(27) " fcode="load"/>
<opset="p_ZZ9cnn_accelE8w1_local_205_load/1 "/>
</bind>
</comp>

<comp id="1715" class="1004" name="cnn_accel_w1_local_220_load_fu_1715">
<pin_list>
<pin id="1716" dir="0" index="0" bw="32" slack="0"/>
<pin id="1717" dir="1" index="1" bw="32" slack="11"/>
</pin_list>
<bind>
<opcode="load(27) " fcode="load"/>
<opset="cnn_accel_w1_local_220/1 "/>
</bind>
</comp>

<comp id="1719" class="1004" name="cnn_accel_w1_local_221_load_fu_1719">
<pin_list>
<pin id="1720" dir="0" index="0" bw="32" slack="0"/>
<pin id="1721" dir="1" index="1" bw="32" slack="11"/>
</pin_list>
<bind>
<opcode="load(27) " fcode="load"/>
<opset="cnn_accel_w1_local_221/1 "/>
</bind>
</comp>

<comp id="1723" class="1004" name="p_ZZ9cnn_accelE8w1_local_79_load_load_fu_1723">
<pin_list>
<pin id="1724" dir="0" index="0" bw="32" slack="0"/>
<pin id="1725" dir="1" index="1" bw="32" slack="11"/>
</pin_list>
<bind>
<opcode="load(27) " fcode="load"/>
<opset="p_ZZ9cnn_accelE8w1_local_79_load/1 "/>
</bind>
</comp>

<comp id="1727" class="1004" name="p_ZZ9cnn_accelE8w1_local_106_load_load_fu_1727">
<pin_list>
<pin id="1728" dir="0" index="0" bw="32" slack="0"/>
<pin id="1729" dir="1" index="1" bw="32" slack="11"/>
</pin_list>
<bind>
<opcode="load(27) " fcode="load"/>
<opset="p_ZZ9cnn_accelE8w1_local_106_load/1 "/>
</bind>
</comp>

<comp id="1731" class="1004" name="p_ZZ9cnn_accelE8w1_local_133_load_load_fu_1731">
<pin_list>
<pin id="1732" dir="0" index="0" bw="32" slack="0"/>
<pin id="1733" dir="1" index="1" bw="32" slack="11"/>
</pin_list>
<bind>
<opcode="load(27) " fcode="load"/>
<opset="p_ZZ9cnn_accelE8w1_local_133_load/1 "/>
</bind>
</comp>

<comp id="1735" class="1004" name="p_ZZ9cnn_accelE8w1_local_160_load_load_fu_1735">
<pin_list>
<pin id="1736" dir="0" index="0" bw="32" slack="0"/>
<pin id="1737" dir="1" index="1" bw="32" slack="11"/>
</pin_list>
<bind>
<opcode="load(27) " fcode="load"/>
<opset="p_ZZ9cnn_accelE8w1_local_160_load/1 "/>
</bind>
</comp>

<comp id="1739" class="1004" name="p_ZZ9cnn_accelE8w1_local_187_load_load_fu_1739">
<pin_list>
<pin id="1740" dir="0" index="0" bw="32" slack="0"/>
<pin id="1741" dir="1" index="1" bw="32" slack="11"/>
</pin_list>
<bind>
<opcode="load(27) " fcode="load"/>
<opset="p_ZZ9cnn_accelE8w1_local_187_load/1 "/>
</bind>
</comp>

<comp id="1743" class="1004" name="p_ZZ9cnn_accelE8w1_local_214_load_load_fu_1743">
<pin_list>
<pin id="1744" dir="0" index="0" bw="32" slack="0"/>
<pin id="1745" dir="1" index="1" bw="32" slack="11"/>
</pin_list>
<bind>
<opcode="load(27) " fcode="load"/>
<opset="p_ZZ9cnn_accelE8w1_local_214_load/1 "/>
</bind>
</comp>

<comp id="1747" class="1004" name="w1_local_8_load_load_fu_1747">
<pin_list>
<pin id="1748" dir="0" index="0" bw="32" slack="0"/>
<pin id="1749" dir="1" index="1" bw="32" slack="12"/>
</pin_list>
<bind>
<opcode="load(27) " fcode="load"/>
<opset="w1_local_8_load/1 "/>
</bind>
</comp>

<comp id="1751" class="1004" name="cnn_accel_w1_local_222_load_fu_1751">
<pin_list>
<pin id="1752" dir="0" index="0" bw="32" slack="0"/>
<pin id="1753" dir="1" index="1" bw="32" slack="12"/>
</pin_list>
<bind>
<opcode="load(27) " fcode="load"/>
<opset="cnn_accel_w1_local_222/1 "/>
</bind>
</comp>

<comp id="1755" class="1004" name="cnn_accel_w1_local_223_load_fu_1755">
<pin_list>
<pin id="1756" dir="0" index="0" bw="32" slack="0"/>
<pin id="1757" dir="1" index="1" bw="32" slack="12"/>
</pin_list>
<bind>
<opcode="load(27) " fcode="load"/>
<opset="cnn_accel_w1_local_223/1 "/>
</bind>
</comp>

<comp id="1759" class="1004" name="p_ZZ9cnn_accelE8w1_local_89_load_load_fu_1759">
<pin_list>
<pin id="1760" dir="0" index="0" bw="32" slack="0"/>
<pin id="1761" dir="1" index="1" bw="32" slack="12"/>
</pin_list>
<bind>
<opcode="load(27) " fcode="load"/>
<opset="p_ZZ9cnn_accelE8w1_local_89_load/1 "/>
</bind>
</comp>

<comp id="1763" class="1004" name="p_ZZ9cnn_accelE8w1_local_116_load_load_fu_1763">
<pin_list>
<pin id="1764" dir="0" index="0" bw="32" slack="0"/>
<pin id="1765" dir="1" index="1" bw="32" slack="12"/>
</pin_list>
<bind>
<opcode="load(27) " fcode="load"/>
<opset="p_ZZ9cnn_accelE8w1_local_116_load/1 "/>
</bind>
</comp>

<comp id="1767" class="1004" name="p_ZZ9cnn_accelE8w1_local_143_load_load_fu_1767">
<pin_list>
<pin id="1768" dir="0" index="0" bw="32" slack="0"/>
<pin id="1769" dir="1" index="1" bw="32" slack="12"/>
</pin_list>
<bind>
<opcode="load(27) " fcode="load"/>
<opset="p_ZZ9cnn_accelE8w1_local_143_load/1 "/>
</bind>
</comp>

<comp id="1771" class="1004" name="p_ZZ9cnn_accelE8w1_local_170_load_load_fu_1771">
<pin_list>
<pin id="1772" dir="0" index="0" bw="32" slack="0"/>
<pin id="1773" dir="1" index="1" bw="32" slack="12"/>
</pin_list>
<bind>
<opcode="load(27) " fcode="load"/>
<opset="p_ZZ9cnn_accelE8w1_local_170_load/1 "/>
</bind>
</comp>

<comp id="1775" class="1004" name="p_ZZ9cnn_accelE8w1_local_197_load_load_fu_1775">
<pin_list>
<pin id="1776" dir="0" index="0" bw="32" slack="0"/>
<pin id="1777" dir="1" index="1" bw="32" slack="12"/>
</pin_list>
<bind>
<opcode="load(27) " fcode="load"/>
<opset="p_ZZ9cnn_accelE8w1_local_197_load/1 "/>
</bind>
</comp>

<comp id="1779" class="1004" name="p_ZZ9cnn_accelE8w1_local_17_load_load_fu_1779">
<pin_list>
<pin id="1780" dir="0" index="0" bw="32" slack="0"/>
<pin id="1781" dir="1" index="1" bw="32" slack="12"/>
</pin_list>
<bind>
<opcode="load(27) " fcode="load"/>
<opset="p_ZZ9cnn_accelE8w1_local_17_load/1 "/>
</bind>
</comp>

<comp id="1783" class="1004" name="cnn_accel_w1_local_224_load_fu_1783">
<pin_list>
<pin id="1784" dir="0" index="0" bw="32" slack="0"/>
<pin id="1785" dir="1" index="1" bw="32" slack="12"/>
</pin_list>
<bind>
<opcode="load(27) " fcode="load"/>
<opset="cnn_accel_w1_local_224/1 "/>
</bind>
</comp>

<comp id="1787" class="1004" name="cnn_accel_w1_local_225_load_fu_1787">
<pin_list>
<pin id="1788" dir="0" index="0" bw="32" slack="0"/>
<pin id="1789" dir="1" index="1" bw="32" slack="12"/>
</pin_list>
<bind>
<opcode="load(27) " fcode="load"/>
<opset="cnn_accel_w1_local_225/1 "/>
</bind>
</comp>

<comp id="1791" class="1004" name="p_ZZ9cnn_accelE8w1_local_98_load_load_fu_1791">
<pin_list>
<pin id="1792" dir="0" index="0" bw="32" slack="0"/>
<pin id="1793" dir="1" index="1" bw="32" slack="12"/>
</pin_list>
<bind>
<opcode="load(27) " fcode="load"/>
<opset="p_ZZ9cnn_accelE8w1_local_98_load/1 "/>
</bind>
</comp>

<comp id="1795" class="1004" name="p_ZZ9cnn_accelE8w1_local_125_load_load_fu_1795">
<pin_list>
<pin id="1796" dir="0" index="0" bw="32" slack="0"/>
<pin id="1797" dir="1" index="1" bw="32" slack="12"/>
</pin_list>
<bind>
<opcode="load(27) " fcode="load"/>
<opset="p_ZZ9cnn_accelE8w1_local_125_load/1 "/>
</bind>
</comp>

<comp id="1799" class="1004" name="p_ZZ9cnn_accelE8w1_local_152_load_load_fu_1799">
<pin_list>
<pin id="1800" dir="0" index="0" bw="32" slack="0"/>
<pin id="1801" dir="1" index="1" bw="32" slack="12"/>
</pin_list>
<bind>
<opcode="load(27) " fcode="load"/>
<opset="p_ZZ9cnn_accelE8w1_local_152_load/1 "/>
</bind>
</comp>

<comp id="1803" class="1004" name="p_ZZ9cnn_accelE8w1_local_179_load_load_fu_1803">
<pin_list>
<pin id="1804" dir="0" index="0" bw="32" slack="0"/>
<pin id="1805" dir="1" index="1" bw="32" slack="12"/>
</pin_list>
<bind>
<opcode="load(27) " fcode="load"/>
<opset="p_ZZ9cnn_accelE8w1_local_179_load/1 "/>
</bind>
</comp>

<comp id="1807" class="1004" name="p_ZZ9cnn_accelE8w1_local_206_load_load_fu_1807">
<pin_list>
<pin id="1808" dir="0" index="0" bw="32" slack="0"/>
<pin id="1809" dir="1" index="1" bw="32" slack="12"/>
</pin_list>
<bind>
<opcode="load(27) " fcode="load"/>
<opset="p_ZZ9cnn_accelE8w1_local_206_load/1 "/>
</bind>
</comp>

<comp id="1811" class="1004" name="p_ZZ9cnn_accelE8w1_local_26_load_load_fu_1811">
<pin_list>
<pin id="1812" dir="0" index="0" bw="32" slack="0"/>
<pin id="1813" dir="1" index="1" bw="32" slack="12"/>
</pin_list>
<bind>
<opcode="load(27) " fcode="load"/>
<opset="p_ZZ9cnn_accelE8w1_local_26_load/1 "/>
</bind>
</comp>

<comp id="1815" class="1004" name="cnn_accel_w1_local_226_load_fu_1815">
<pin_list>
<pin id="1816" dir="0" index="0" bw="32" slack="0"/>
<pin id="1817" dir="1" index="1" bw="32" slack="12"/>
</pin_list>
<bind>
<opcode="load(27) " fcode="load"/>
<opset="cnn_accel_w1_local_226/1 "/>
</bind>
</comp>

<comp id="1819" class="1004" name="p_ZZ9cnn_accelE8w1_local_80_load_load_fu_1819">
<pin_list>
<pin id="1820" dir="0" index="0" bw="32" slack="0"/>
<pin id="1821" dir="1" index="1" bw="32" slack="12"/>
</pin_list>
<bind>
<opcode="load(27) " fcode="load"/>
<opset="p_ZZ9cnn_accelE8w1_local_80_load/1 "/>
</bind>
</comp>

<comp id="1823" class="1004" name="p_ZZ9cnn_accelE8w1_local_107_load_load_fu_1823">
<pin_list>
<pin id="1824" dir="0" index="0" bw="32" slack="0"/>
<pin id="1825" dir="1" index="1" bw="32" slack="12"/>
</pin_list>
<bind>
<opcode="load(27) " fcode="load"/>
<opset="p_ZZ9cnn_accelE8w1_local_107_load/1 "/>
</bind>
</comp>

<comp id="1827" class="1004" name="p_ZZ9cnn_accelE8w1_local_134_load_load_fu_1827">
<pin_list>
<pin id="1828" dir="0" index="0" bw="32" slack="0"/>
<pin id="1829" dir="1" index="1" bw="32" slack="12"/>
</pin_list>
<bind>
<opcode="load(27) " fcode="load"/>
<opset="p_ZZ9cnn_accelE8w1_local_134_load/1 "/>
</bind>
</comp>

<comp id="1831" class="1004" name="p_ZZ9cnn_accelE8w1_local_161_load_load_fu_1831">
<pin_list>
<pin id="1832" dir="0" index="0" bw="32" slack="0"/>
<pin id="1833" dir="1" index="1" bw="32" slack="12"/>
</pin_list>
<bind>
<opcode="load(27) " fcode="load"/>
<opset="p_ZZ9cnn_accelE8w1_local_161_load/1 "/>
</bind>
</comp>

<comp id="1835" class="1004" name="p_ZZ9cnn_accelE8w1_local_188_load_load_fu_1835">
<pin_list>
<pin id="1836" dir="0" index="0" bw="32" slack="0"/>
<pin id="1837" dir="1" index="1" bw="32" slack="12"/>
</pin_list>
<bind>
<opcode="load(27) " fcode="load"/>
<opset="p_ZZ9cnn_accelE8w1_local_188_load/1 "/>
</bind>
</comp>

<comp id="1839" class="1004" name="p_ZZ9cnn_accelE8w1_local_215_load_load_fu_1839">
<pin_list>
<pin id="1840" dir="0" index="0" bw="32" slack="0"/>
<pin id="1841" dir="1" index="1" bw="32" slack="12"/>
</pin_list>
<bind>
<opcode="load(27) " fcode="load"/>
<opset="p_ZZ9cnn_accelE8w1_local_215_load/1 "/>
</bind>
</comp>

<comp id="1843" class="1004" name="store_ln0_store_fu_1843">
<pin_list>
<pin id="1844" dir="0" index="0" bw="1" slack="0"/>
<pin id="1845" dir="0" index="1" bw="20" slack="0"/>
<pin id="1846" dir="1" index="2" bw="0" slack="2147483647"/>
</pin_list>
<bind>
<opcode="store(28) " fcode="store"/>
<opset="store_ln0/1 "/>
</bind>
</comp>

<comp id="1848" class="1004" name="store_ln213_store_fu_1848">
<pin_list>
<pin id="1849" dir="0" index="0" bw="1" slack="0"/>
<pin id="1850" dir="0" index="1" bw="8" slack="0"/>
<pin id="1851" dir="1" index="2" bw="0" slack="2147483647"/>
</pin_list>
<bind>
<opcode="store(28) " fcode="store"/>
<opset="store_ln213/1 "/>
</bind>
</comp>

<comp id="1853" class="1004" name="store_ln0_store_fu_1853">
<pin_list>
<pin id="1854" dir="0" index="0" bw="1" slack="0"/>
<pin id="1855" dir="0" index="1" bw="13" slack="0"/>
<pin id="1856" dir="1" index="2" bw="0" slack="2147483647"/>
</pin_list>
<bind>
<opcode="store(28) " fcode="store"/>
<opset="store_ln0/1 "/>
</bind>
</comp>

<comp id="1858" class="1004" name="store_ln214_store_fu_1858">
<pin_list>
<pin id="1859" dir="0" index="0" bw="1" slack="0"/>
<pin id="1860" dir="0" index="1" bw="9" slack="0"/>
<pin id="1861" dir="1" index="2" bw="0" slack="2147483647"/>
</pin_list>
<bind>
<opcode="store(28) " fcode="store"/>
<opset="store_ln214/1 "/>
</bind>
</comp>

<comp id="1863" class="1004" name="store_ln215_store_fu_1863">
<pin_list>
<pin id="1864" dir="0" index="0" bw="1" slack="0"/>
<pin id="1865" dir="0" index="1" bw="4" slack="0"/>
<pin id="1866" dir="1" index="2" bw="0" slack="2147483647"/>
</pin_list>
<bind>
<opcode="store(28) " fcode="store"/>
<opset="store_ln215/1 "/>
</bind>
</comp>

<comp id="1868" class="1004" name="indvar_flatten_load_load_fu_1868">
<pin_list>
<pin id="1869" dir="0" index="0" bw="13" slack="1"/>
<pin id="1870" dir="1" index="1" bw="13" slack="0"/>
</pin_list>
<bind>
<opcode="load(27) " fcode="load"/>
<opset="indvar_flatten_load/2 "/>
</bind>
</comp>

<comp id="1871" class="1004" name="indvar_flatten14_load_load_fu_1871">
<pin_list>
<pin id="1872" dir="0" index="0" bw="20" slack="1"/>
<pin id="1873" dir="1" index="1" bw="20" slack="0"/>
</pin_list>
<bind>
<opcode="load(27) " fcode="load"/>
<opset="indvar_flatten14_load/2 "/>
</bind>
</comp>

<comp id="1874" class="1004" name="icmp_ln213_fu_1874">
<pin_list>
<pin id="1875" dir="0" index="0" bw="20" slack="0"/>
<pin id="1876" dir="0" index="1" bw="20" slack="0"/>
<pin id="1877" dir="1" index="2" bw="1" slack="1"/>
</pin_list>
<bind>
<opcode="icmp(45) " fcode="icmp"/>
<opset="icmp_ln213/2 "/>
</bind>
</comp>

<comp id="1880" class="1004" name="add_ln213_fu_1880">
<pin_list>
<pin id="1881" dir="0" index="0" bw="20" slack="0"/>
<pin id="1882" dir="0" index="1" bw="1" slack="0"/>
<pin id="1883" dir="1" index="2" bw="20" slack="0"/>
</pin_list>
<bind>
<opcode="add(8) " fcode="add"/>
<opset="add_ln213/2 "/>
</bind>
</comp>

<comp id="1886" class="1004" name="m_load_load_fu_1886">
<pin_list>
<pin id="1887" dir="0" index="0" bw="4" slack="1"/>
<pin id="1888" dir="1" index="1" bw="4" slack="0"/>
</pin_list>
<bind>
<opcode="load(27) " fcode="load"/>
<opset="m_load/2 "/>
</bind>
</comp>

<comp id="1889" class="1004" name="j_load_load_fu_1889">
<pin_list>
<pin id="1890" dir="0" index="0" bw="9" slack="1"/>
<pin id="1891" dir="1" index="1" bw="9" slack="0"/>
</pin_list>
<bind>
<opcode="load(27) " fcode="load"/>
<opset="j_load/2 "/>
</bind>
</comp>

<comp id="1892" class="1004" name="i_load_load_fu_1892">
<pin_list>
<pin id="1893" dir="0" index="0" bw="8" slack="1"/>
<pin id="1894" dir="1" index="1" bw="8" slack="0"/>
</pin_list>
<bind>
<opcode="load(27) " fcode="load"/>
<opset="i_load/2 "/>
</bind>
</comp>

<comp id="1895" class="1004" name="icmp_ln214_fu_1895">
<pin_list>
<pin id="1896" dir="0" index="0" bw="13" slack="0"/>
<pin id="1897" dir="0" index="1" bw="13" slack="0"/>
<pin id="1898" dir="1" index="2" bw="1" slack="0"/>
</pin_list>
<bind>
<opcode="icmp(45) " fcode="icmp"/>
<opset="icmp_ln214/2 "/>
</bind>
</comp>

<comp id="1901" class="1004" name="select_ln213_fu_1901">
<pin_list>
<pin id="1902" dir="0" index="0" bw="1" slack="0"/>
<pin id="1903" dir="0" index="1" bw="1" slack="0"/>
<pin id="1904" dir="0" index="2" bw="9" slack="0"/>
<pin id="1905" dir="1" index="3" bw="9" slack="0"/>
</pin_list>
<bind>
<opcode="select(49) " fcode="select"/>
<opset="select_ln213/2 "/>
</bind>
</comp>

<comp id="1909" class="1004" name="indvars_iv_next142_i_mid1_fu_1909">
<pin_list>
<pin id="1910" dir="0" index="0" bw="8" slack="0"/>
<pin id="1911" dir="0" index="1" bw="3" slack="0"/>
<pin id="1912" dir="1" index="2" bw="8" slack="0"/>
</pin_list>
<bind>
<opcode="add(8) " fcode="add"/>
<opset="indvars_iv_next142_i_mid1/2 "/>
</bind>
</comp>

<comp id="1915" class="1004" name="indvars_iv_next142_i184_fu_1915">
<pin_list>
<pin id="1916" dir="0" index="0" bw="8" slack="0"/>
<pin id="1917" dir="0" index="1" bw="1" slack="0"/>
<pin id="1918" dir="1" index="2" bw="8" slack="0"/>
</pin_list>
<bind>
<opcode="add(8) " fcode="add"/>
<opset="indvars_iv_next142_i184/2 "/>
</bind>
</comp>

<comp id="1921" class="1004" name="select_ln213_1_fu_1921">
<pin_list>
<pin id="1922" dir="0" index="0" bw="1" slack="0"/>
<pin id="1923" dir="0" index="1" bw="8" slack="0"/>
<pin id="1924" dir="0" index="2" bw="8" slack="0"/>
<pin id="1925" dir="1" index="3" bw="8" slack="2"/>
</pin_list>
<bind>
<opcode="select(49) " fcode="select"/>
<opset="select_ln213_1/2 "/>
</bind>
</comp>

<comp id="1929" class="1004" name="indvars_iv_next138_i192_fu_1929">
<pin_list>
<pin id="1930" dir="0" index="0" bw="9" slack="0"/>
<pin id="1931" dir="0" index="1" bw="1" slack="0"/>
<pin id="1932" dir="1" index="2" bw="9" slack="0"/>
</pin_list>
<bind>
<opcode="add(8) " fcode="add"/>
<opset="indvars_iv_next138_i192/2 "/>
</bind>
</comp>

<comp id="1935" class="1004" name="select_ln213_2_fu_1935">
<pin_list>
<pin id="1936" dir="0" index="0" bw="1" slack="0"/>
<pin id="1937" dir="0" index="1" bw="1" slack="0"/>
<pin id="1938" dir="0" index="2" bw="9" slack="0"/>
<pin id="1939" dir="1" index="3" bw="9" slack="0"/>
</pin_list>
<bind>
<opcode="select(49) " fcode="select"/>
<opset="select_ln213_2/2 "/>
</bind>
</comp>

<comp id="1943" class="1004" name="xor_ln213_fu_1943">
<pin_list>
<pin id="1944" dir="0" index="0" bw="1" slack="0"/>
<pin id="1945" dir="0" index="1" bw="1" slack="0"/>
<pin id="1946" dir="1" index="2" bw="1" slack="0"/>
</pin_list>
<bind>
<opcode="xor(25) " fcode="xor"/>
<opset="xor_ln213/2 "/>
</bind>
</comp>

<comp id="1949" class="1004" name="icmp_ln215_fu_1949">
<pin_list>
<pin id="1950" dir="0" index="0" bw="4" slack="0"/>
<pin id="1951" dir="0" index="1" bw="4" slack="0"/>
<pin id="1952" dir="1" index="2" bw="1" slack="0"/>
</pin_list>
<bind>
<opcode="icmp(45) " fcode="icmp"/>
<opset="icmp_ln215/2 "/>
</bind>
</comp>

<comp id="1955" class="1004" name="and_ln213_fu_1955">
<pin_list>
<pin id="1956" dir="0" index="0" bw="1" slack="0"/>
<pin id="1957" dir="0" index="1" bw="1" slack="0"/>
<pin id="1958" dir="1" index="2" bw="1" slack="0"/>
</pin_list>
<bind>
<opcode="and(23) " fcode="and"/>
<opset="and_ln213/2 "/>
</bind>
</comp>

<comp id="1961" class="1004" name="select_ln213_3_fu_1961">
<pin_list>
<pin id="1962" dir="0" index="0" bw="1" slack="0"/>
<pin id="1963" dir="0" index="1" bw="8" slack="0"/>
<pin id="1964" dir="0" index="2" bw="8" slack="0"/>
<pin id="1965" dir="1" index="3" bw="8" slack="0"/>
</pin_list>
<bind>
<opcode="select(49) " fcode="select"/>
<opset="select_ln213_3/2 "/>
</bind>
</comp>

<comp id="1969" class="1004" name="indvars_iv_next138_i_dup_fu_1969">
<pin_list>
<pin id="1970" dir="0" index="0" bw="9" slack="0"/>
<pin id="1971" dir="0" index="1" bw="1" slack="0"/>
<pin id="1972" dir="1" index="2" bw="9" slack="0"/>
</pin_list>
<bind>
<opcode="add(8) " fcode="add"/>
<opset="indvars_iv_next138_i_dup/2 "/>
</bind>
</comp>

<comp id="1975" class="1004" name="empty_fu_1975">
<pin_list>
<pin id="1976" dir="0" index="0" bw="1" slack="0"/>
<pin id="1977" dir="0" index="1" bw="1" slack="0"/>
<pin id="1978" dir="1" index="2" bw="1" slack="0"/>
</pin_list>
<bind>
<opcode="or(24) " fcode="or"/>
<opset="empty/2 "/>
</bind>
</comp>

<comp id="1981" class="1004" name="m_mid2_fu_1981">
<pin_list>
<pin id="1982" dir="0" index="0" bw="1" slack="0"/>
<pin id="1983" dir="0" index="1" bw="1" slack="0"/>
<pin id="1984" dir="0" index="2" bw="4" slack="0"/>
<pin id="1985" dir="1" index="3" bw="4" slack="0"/>
</pin_list>
<bind>
<opcode="select(49) " fcode="select"/>
<opset="m_mid2/2 "/>
</bind>
</comp>

<comp id="1989" class="1004" name="indvars_iv_next138_i_mid1_fu_1989">
<pin_list>
<pin id="1990" dir="0" index="0" bw="9" slack="0"/>
<pin id="1991" dir="0" index="1" bw="3" slack="0"/>
<pin id="1992" dir="1" index="2" bw="9" slack="0"/>
</pin_list>
<bind>
<opcode="add(8) " fcode="add"/>
<opset="indvars_iv_next138_i_mid1/2 "/>
</bind>
</comp>

<comp id="1995" class="1004" name="indvars_iv_next138_i_mid2_fu_1995">
<pin_list>
<pin id="1996" dir="0" index="0" bw="1" slack="0"/>
<pin id="1997" dir="0" index="1" bw="9" slack="0"/>
<pin id="1998" dir="0" index="2" bw="9" slack="0"/>
<pin id="1999" dir="1" index="3" bw="9" slack="1"/>
</pin_list>
<bind>
<opcode="select(49) " fcode="select"/>
<opset="indvars_iv_next138_i_mid2/2 "/>
</bind>
</comp>

<comp id="2003" class="1004" name="select_ln214_fu_2003">
<pin_list>
<pin id="2004" dir="0" index="0" bw="1" slack="0"/>
<pin id="2005" dir="0" index="1" bw="9" slack="0"/>
<pin id="2006" dir="0" index="2" bw="9" slack="0"/>
<pin id="2007" dir="1" index="3" bw="9" slack="0"/>
</pin_list>
<bind>
<opcode="select(49) " fcode="select"/>
<opset="select_ln214/2 "/>
</bind>
</comp>

<comp id="2011" class="1004" name="trunc_ln215_fu_2011">
<pin_list>
<pin id="2012" dir="0" index="0" bw="4" slack="0"/>
<pin id="2013" dir="1" index="1" bw="3" slack="3"/>
</pin_list>
<bind>
<opcode="trunc(33) " fcode="trunc"/>
<opset="trunc_ln215/2 "/>
</bind>
</comp>

<comp id="2015" class="1004" name="trunc_ln215_1_fu_2015">
<pin_list>
<pin id="2016" dir="0" index="0" bw="4" slack="0"/>
<pin id="2017" dir="1" index="1" bw="1" slack="144"/>
</pin_list>
<bind>
<opcode="trunc(33) " fcode="trunc"/>
<opset="trunc_ln215_1/2 "/>
</bind>
</comp>

<comp id="2019" class="1004" name="trunc_ln215_3_fu_2019">
<pin_list>
<pin id="2020" dir="0" index="0" bw="2" slack="0"/>
<pin id="2021" dir="0" index="1" bw="4" slack="0"/>
<pin id="2022" dir="0" index="2" bw="1" slack="0"/>
<pin id="2023" dir="0" index="3" bw="3" slack="0"/>
<pin id="2024" dir="1" index="4" bw="2" slack="0"/>
</pin_list>
<bind>
<opcode="partselect(1002) " fcode="partselect"/>
<opset="trunc_ln215_3/2 "/>
</bind>
</comp>

<comp id="2029" class="1004" name="switch_ln228_fu_2029">
<pin_list>
<pin id="2030" dir="0" index="0" bw="2" slack="0"/>
<pin id="2031" dir="0" index="1" bw="1" slack="0"/>
<pin id="2032" dir="0" index="2" bw="1" slack="0"/>
<pin id="2033" dir="0" index="3" bw="2" slack="0"/>
<pin id="2034" dir="1" index="4" bw="0" slack="2147483647"/>
</pin_list>
<bind>
<opcode="switch(3) " fcode="switch"/>
<opset="switch_ln228/2 "/>
</bind>
</comp>

<comp id="2039" class="1004" name="add_ln215_fu_2039">
<pin_list>
<pin id="2040" dir="0" index="0" bw="4" slack="0"/>
<pin id="2041" dir="0" index="1" bw="1" slack="0"/>
<pin id="2042" dir="1" index="2" bw="4" slack="0"/>
</pin_list>
<bind>
<opcode="add(8) " fcode="add"/>
<opset="add_ln215/2 "/>
</bind>
</comp>

<comp id="2045" class="1004" name="add_ln214_fu_2045">
<pin_list>
<pin id="2046" dir="0" index="0" bw="13" slack="0"/>
<pin id="2047" dir="0" index="1" bw="1" slack="0"/>
<pin id="2048" dir="1" index="2" bw="13" slack="0"/>
</pin_list>
<bind>
<opcode="add(8) " fcode="add"/>
<opset="add_ln214/2 "/>
</bind>
</comp>

<comp id="2051" class="1004" name="select_ln214_1_fu_2051">
<pin_list>
<pin id="2052" dir="0" index="0" bw="1" slack="0"/>
<pin id="2053" dir="0" index="1" bw="1" slack="0"/>
<pin id="2054" dir="0" index="2" bw="13" slack="0"/>
<pin id="2055" dir="1" index="3" bw="13" slack="0"/>
</pin_list>
<bind>
<opcode="select(49) " fcode="select"/>
<opset="select_ln214_1/2 "/>
</bind>
</comp>

<comp id="2059" class="1004" name="store_ln213_store_fu_2059">
<pin_list>
<pin id="2060" dir="0" index="0" bw="20" slack="0"/>
<pin id="2061" dir="0" index="1" bw="20" slack="1"/>
<pin id="2062" dir="1" index="2" bw="0" slack="2147483647"/>
</pin_list>
<bind>
<opcode="store(28) " fcode="store"/>
<opset="store_ln213/2 "/>
</bind>
</comp>

<comp id="2064" class="1004" name="store_ln213_store_fu_2064">
<pin_list>
<pin id="2065" dir="0" index="0" bw="8" slack="0"/>
<pin id="2066" dir="0" index="1" bw="8" slack="1"/>
<pin id="2067" dir="1" index="2" bw="0" slack="2147483647"/>
</pin_list>
<bind>
<opcode="store(28) " fcode="store"/>
<opset="store_ln213/2 "/>
</bind>
</comp>

<comp id="2069" class="1004" name="store_ln214_store_fu_2069">
<pin_list>
<pin id="2070" dir="0" index="0" bw="13" slack="0"/>
<pin id="2071" dir="0" index="1" bw="13" slack="1"/>
<pin id="2072" dir="1" index="2" bw="0" slack="2147483647"/>
</pin_list>
<bind>
<opcode="store(28) " fcode="store"/>
<opset="store_ln214/2 "/>
</bind>
</comp>

<comp id="2074" class="1004" name="store_ln214_store_fu_2074">
<pin_list>
<pin id="2075" dir="0" index="0" bw="9" slack="0"/>
<pin id="2076" dir="0" index="1" bw="9" slack="1"/>
<pin id="2077" dir="1" index="2" bw="0" slack="2147483647"/>
</pin_list>
<bind>
<opcode="store(28) " fcode="store"/>
<opset="store_ln214/2 "/>
</bind>
</comp>

<comp id="2079" class="1004" name="store_ln215_store_fu_2079">
<pin_list>
<pin id="2080" dir="0" index="0" bw="4" slack="0"/>
<pin id="2081" dir="0" index="1" bw="4" slack="1"/>
<pin id="2082" dir="1" index="2" bw="0" slack="2147483647"/>
</pin_list>
<bind>
<opcode="store(28) " fcode="store"/>
<opset="store_ln215/2 "/>
</bind>
</comp>

<comp id="2084" class="1004" name="tmp_50_fu_2084">
<pin_list>
<pin id="2085" dir="0" index="0" bw="16" slack="0"/>
<pin id="2086" dir="0" index="1" bw="8" slack="1"/>
<pin id="2087" dir="0" index="2" bw="1" slack="0"/>
<pin id="2088" dir="1" index="3" bw="16" slack="0"/>
</pin_list>
<bind>
<opcode="bitconcatenate(1004) " fcode="bitconcatenate"/>
<opset="tmp_50/3 "/>
</bind>
</comp>

<comp id="2091" class="1004" name="p_shl261_fu_2091">
<pin_list>
<pin id="2092" dir="0" index="0" bw="16" slack="0"/>
<pin id="2093" dir="1" index="1" bw="17" slack="0"/>
</pin_list>
<bind>
<opcode="zext(34) " fcode="zext"/>
<opset="p_shl261/3 "/>
</bind>
</comp>

<comp id="2095" class="1004" name="tmp_51_fu_2095">
<pin_list>
<pin id="2096" dir="0" index="0" bw="14" slack="0"/>
<pin id="2097" dir="0" index="1" bw="8" slack="1"/>
<pin id="2098" dir="0" index="2" bw="1" slack="0"/>
<pin id="2099" dir="1" index="3" bw="14" slack="0"/>
</pin_list>
<bind>
<opcode="bitconcatenate(1004) " fcode="bitconcatenate"/>
<opset="tmp_51/3 "/>
</bind>
</comp>

<comp id="2102" class="1004" name="p_shl262_fu_2102">
<pin_list>
<pin id="2103" dir="0" index="0" bw="14" slack="0"/>
<pin id="2104" dir="1" index="1" bw="17" slack="0"/>
</pin_list>
<bind>
<opcode="zext(34) " fcode="zext"/>
<opset="p_shl262/3 "/>
</bind>
</comp>

<comp id="2106" class="1004" name="empty_227_fu_2106">
<pin_list>
<pin id="2107" dir="0" index="0" bw="16" slack="0"/>
<pin id="2108" dir="0" index="1" bw="14" slack="0"/>
<pin id="2109" dir="1" index="2" bw="17" slack="0"/>
</pin_list>
<bind>
<opcode="add(8) " fcode="add"/>
<opset="empty_227/3 "/>
</bind>
</comp>

<comp id="2112" class="1004" name="zext_ln228_fu_2112">
<pin_list>
<pin id="2113" dir="0" index="0" bw="9" slack="1"/>
<pin id="2114" dir="1" index="1" bw="17" slack="0"/>
</pin_list>
<bind>
<opcode="zext(34) " fcode="zext"/>
<opset="zext_ln228/3 "/>
</bind>
</comp>

<comp id="2115" class="1004" name="empty_231_fu_2115">
<pin_list>
<pin id="2116" dir="0" index="0" bw="17" slack="0"/>
<pin id="2117" dir="0" index="1" bw="9" slack="0"/>
<pin id="2118" dir="1" index="2" bw="17" slack="0"/>
</pin_list>
<bind>
<opcode="add(8) " fcode="add"/>
<opset="empty_231/3 "/>
</bind>
</comp>

<comp id="2121" class="1004" name="tmp_56_fu_2121">
<pin_list>
<pin id="2122" dir="0" index="0" bw="18" slack="0"/>
<pin id="2123" dir="0" index="1" bw="17" slack="0"/>
<pin id="2124" dir="0" index="2" bw="1" slack="0"/>
<pin id="2125" dir="1" index="3" bw="18" slack="0"/>
</pin_list>
<bind>
<opcode="bitconcatenate(1004) " fcode="bitconcatenate"/>
<opset="tmp_56/3 "/>
</bind>
</comp>

<comp id="2129" class="1004" name="p_cast209_fu_2129">
<pin_list>
<pin id="2130" dir="0" index="0" bw="18" slack="0"/>
<pin id="2131" dir="1" index="1" bw="64" slack="0"/>
</pin_list>
<bind>
<opcode="zext(34) " fcode="zext"/>
<opset="p_cast209/3 "/>
</bind>
</comp>

<comp id="2135" class="1004" name="tmp_49_fu_2135">
<pin_list>
<pin id="2136" dir="0" index="0" bw="18" slack="0"/>
<pin id="2137" dir="0" index="1" bw="17" slack="0"/>
<pin id="2138" dir="0" index="2" bw="1" slack="0"/>
<pin id="2139" dir="1" index="3" bw="18" slack="0"/>
</pin_list>
<bind>
<opcode="bitconcatenate(1004) " fcode="bitconcatenate"/>
<opset="tmp_49/3 "/>
</bind>
</comp>

<comp id="2143" class="1004" name="tmp_77_cast_fu_2143">
<pin_list>
<pin id="2144" dir="0" index="0" bw="18" slack="0"/>
<pin id="2145" dir="1" index="1" bw="64" slack="0"/>
</pin_list>
<bind>
<opcode="zext(34) " fcode="zext"/>
<opset="tmp_77_cast/3 "/>
</bind>
</comp>

<comp id="2148" class="1004" name="indvars_iv_next138_i_mid2_cast_fu_2148">
<pin_list>
<pin id="2149" dir="0" index="0" bw="9" slack="1"/>
<pin id="2150" dir="1" index="1" bw="17" slack="0"/>
</pin_list>
<bind>
<opcode="zext(34) " fcode="zext"/>
<opset="indvars_iv_next138_i_mid2_cast/3 "/>
</bind>
</comp>

<comp id="2151" class="1004" name="empty_234_fu_2151">
<pin_list>
<pin id="2152" dir="0" index="0" bw="17" slack="0"/>
<pin id="2153" dir="0" index="1" bw="9" slack="0"/>
<pin id="2154" dir="1" index="2" bw="17" slack="0"/>
</pin_list>
<bind>
<opcode="add(8) " fcode="add"/>
<opset="empty_234/3 "/>
</bind>
</comp>

<comp id="2157" class="1004" name="tmp_61_fu_2157">
<pin_list>
<pin id="2158" dir="0" index="0" bw="18" slack="0"/>
<pin id="2159" dir="0" index="1" bw="17" slack="0"/>
<pin id="2160" dir="0" index="2" bw="1" slack="0"/>
<pin id="2161" dir="1" index="3" bw="18" slack="0"/>
</pin_list>
<bind>
<opcode="bitconcatenate(1004) " fcode="bitconcatenate"/>
<opset="tmp_61/3 "/>
</bind>
</comp>

<comp id="2165" class="1004" name="p_cast212_fu_2165">
<pin_list>
<pin id="2166" dir="0" index="0" bw="18" slack="0"/>
<pin id="2167" dir="1" index="1" bw="64" slack="0"/>
</pin_list>
<bind>
<opcode="zext(34) " fcode="zext"/>
<opset="p_cast212/3 "/>
</bind>
</comp>

<comp id="2170" class="1004" name="tmp_52_fu_2170">
<pin_list>
<pin id="2171" dir="0" index="0" bw="16" slack="0"/>
<pin id="2172" dir="0" index="1" bw="8" slack="2"/>
<pin id="2173" dir="0" index="2" bw="1" slack="0"/>
<pin id="2174" dir="1" index="3" bw="16" slack="0"/>
</pin_list>
<bind>
<opcode="bitconcatenate(1004) " fcode="bitconcatenate"/>
<opset="tmp_52/4 "/>
</bind>
</comp>

<comp id="2177" class="1004" name="p_shl259_fu_2177">
<pin_list>
<pin id="2178" dir="0" index="0" bw="16" slack="0"/>
<pin id="2179" dir="1" index="1" bw="17" slack="0"/>
</pin_list>
<bind>
<opcode="zext(34) " fcode="zext"/>
<opset="p_shl259/4 "/>
</bind>
</comp>

<comp id="2181" class="1004" name="tmp_53_fu_2181">
<pin_list>
<pin id="2182" dir="0" index="0" bw="14" slack="0"/>
<pin id="2183" dir="0" index="1" bw="8" slack="2"/>
<pin id="2184" dir="0" index="2" bw="1" slack="0"/>
<pin id="2185" dir="1" index="3" bw="14" slack="0"/>
</pin_list>
<bind>
<opcode="bitconcatenate(1004) " fcode="bitconcatenate"/>
<opset="tmp_53/4 "/>
</bind>
</comp>

<comp id="2188" class="1004" name="p_shl260_fu_2188">
<pin_list>
<pin id="2189" dir="0" index="0" bw="14" slack="0"/>
<pin id="2190" dir="1" index="1" bw="17" slack="0"/>
</pin_list>
<bind>
<opcode="zext(34) " fcode="zext"/>
<opset="p_shl260/4 "/>
</bind>
</comp>

<comp id="2192" class="1004" name="empty_228_fu_2192">
<pin_list>
<pin id="2193" dir="0" index="0" bw="16" slack="0"/>
<pin id="2194" dir="0" index="1" bw="14" slack="0"/>
<pin id="2195" dir="1" index="2" bw="17" slack="0"/>
</pin_list>
<bind>
<opcode="add(8) " fcode="add"/>
<opset="empty_228/4 "/>
</bind>
</comp>

<comp id="2198" class="1004" name="empty_232_fu_2198">
<pin_list>
<pin id="2199" dir="0" index="0" bw="17" slack="0"/>
<pin id="2200" dir="0" index="1" bw="9" slack="1"/>
<pin id="2201" dir="1" index="2" bw="17" slack="0"/>
</pin_list>
<bind>
<opcode="add(8) " fcode="add"/>
<opset="empty_232/4 "/>
</bind>
</comp>

<comp id="2203" class="1004" name="tmp_57_fu_2203">
<pin_list>
<pin id="2204" dir="0" index="0" bw="18" slack="0"/>
<pin id="2205" dir="0" index="1" bw="17" slack="0"/>
<pin id="2206" dir="0" index="2" bw="1" slack="0"/>
<pin id="2207" dir="1" index="3" bw="18" slack="0"/>
</pin_list>
<bind>
<opcode="bitconcatenate(1004) " fcode="bitconcatenate"/>
<opset="tmp_57/4 "/>
</bind>
</comp>

<comp id="2211" class="1004" name="p_cast210_fu_2211">
<pin_list>
<pin id="2212" dir="0" index="0" bw="18" slack="0"/>
<pin id="2213" dir="1" index="1" bw="64" slack="0"/>
</pin_list>
<bind>
<opcode="zext(34) " fcode="zext"/>
<opset="p_cast210/4 "/>
</bind>
</comp>

<comp id="2216" class="1004" name="tmp_62_fu_2216">
<pin_list>
<pin id="2217" dir="0" index="0" bw="18" slack="0"/>
<pin id="2218" dir="0" index="1" bw="17" slack="1"/>
<pin id="2219" dir="0" index="2" bw="1" slack="0"/>
<pin id="2220" dir="1" index="3" bw="18" slack="0"/>
</pin_list>
<bind>
<opcode="bitconcatenate(1004) " fcode="bitconcatenate"/>
<opset="tmp_62/4 "/>
</bind>
</comp>

<comp id="2223" class="1004" name="tmp_86_cast_fu_2223">
<pin_list>
<pin id="2224" dir="0" index="0" bw="18" slack="0"/>
<pin id="2225" dir="1" index="1" bw="64" slack="0"/>
</pin_list>
<bind>
<opcode="zext(34) " fcode="zext"/>
<opset="tmp_86_cast/4 "/>
</bind>
</comp>

<comp id="2228" class="1004" name="empty_237_fu_2228">
<pin_list>
<pin id="2229" dir="0" index="0" bw="9" slack="2"/>
<pin id="2230" dir="0" index="1" bw="3" slack="0"/>
<pin id="2231" dir="1" index="2" bw="9" slack="0"/>
</pin_list>
<bind>
<opcode="add(8) " fcode="add"/>
<opset="empty_237/4 "/>
</bind>
</comp>

<comp id="2233" class="1004" name="p_cast203_fu_2233">
<pin_list>
<pin id="2234" dir="0" index="0" bw="9" slack="0"/>
<pin id="2235" dir="1" index="1" bw="17" slack="0"/>
</pin_list>
<bind>
<opcode="zext(34) " fcode="zext"/>
<opset="p_cast203/4 "/>
</bind>
</comp>

<comp id="2237" class="1004" name="empty_238_fu_2237">
<pin_list>
<pin id="2238" dir="0" index="0" bw="17" slack="1"/>
<pin id="2239" dir="0" index="1" bw="9" slack="0"/>
<pin id="2240" dir="1" index="2" bw="17" slack="0"/>
</pin_list>
<bind>
<opcode="add(8) " fcode="add"/>
<opset="empty_238/4 "/>
</bind>
</comp>

<comp id="2242" class="1004" name="tmp_67_fu_2242">
<pin_list>
<pin id="2243" dir="0" index="0" bw="18" slack="0"/>
<pin id="2244" dir="0" index="1" bw="17" slack="0"/>
<pin id="2245" dir="0" index="2" bw="1" slack="0"/>
<pin id="2246" dir="1" index="3" bw="18" slack="0"/>
</pin_list>
<bind>
<opcode="bitconcatenate(1004) " fcode="bitconcatenate"/>
<opset="tmp_67/4 "/>
</bind>
</comp>

<comp id="2250" class="1004" name="p_cast215_fu_2250">
<pin_list>
<pin id="2251" dir="0" index="0" bw="18" slack="0"/>
<pin id="2252" dir="1" index="1" bw="64" slack="0"/>
</pin_list>
<bind>
<opcode="zext(34) " fcode="zext"/>
<opset="p_cast215/4 "/>
</bind>
</comp>

<comp id="2255" class="1004" name="select_ln213_3_cast195_fu_2255">
<pin_list>
<pin id="2256" dir="0" index="0" bw="8" slack="3"/>
<pin id="2257" dir="1" index="1" bw="17" slack="0"/>
</pin_list>
<bind>
<opcode="zext(34) " fcode="zext"/>
<opset="select_ln213_3_cast195/5 "/>
</bind>
</comp>

<comp id="2258" class="1004" name="empty_229_fu_2258">
<pin_list>
<pin id="2259" dir="0" index="0" bw="8" slack="3"/>
<pin id="2260" dir="0" index="1" bw="3" slack="0"/>
<pin id="2261" dir="1" index="2" bw="8" slack="1"/>
</pin_list>
<bind>
<opcode="add(8) " fcode="add"/>
<opset="empty_229/5 "/>
</bind>
</comp>

<comp id="2263" class="1004" name="empty_235_fu_2263">
<pin_list>
<pin id="2264" dir="0" index="0" bw="17" slack="1"/>
<pin id="2265" dir="0" index="1" bw="9" slack="2"/>
<pin id="2266" dir="1" index="2" bw="17" slack="0"/>
</pin_list>
<bind>
<opcode="add(8) " fcode="add"/>
<opset="empty_235/5 "/>
</bind>
</comp>

<comp id="2267" class="1004" name="tmp_63_fu_2267">
<pin_list>
<pin id="2268" dir="0" index="0" bw="18" slack="0"/>
<pin id="2269" dir="0" index="1" bw="17" slack="0"/>
<pin id="2270" dir="0" index="2" bw="1" slack="0"/>
<pin id="2271" dir="1" index="3" bw="18" slack="0"/>
</pin_list>
<bind>
<opcode="bitconcatenate(1004) " fcode="bitconcatenate"/>
<opset="tmp_63/5 "/>
</bind>
</comp>

<comp id="2275" class="1004" name="p_cast213_fu_2275">
<pin_list>
<pin id="2276" dir="0" index="0" bw="18" slack="0"/>
<pin id="2277" dir="1" index="1" bw="64" slack="0"/>
</pin_list>
<bind>
<opcode="zext(34) " fcode="zext"/>
<opset="p_cast213/5 "/>
</bind>
</comp>

<comp id="2280" class="1004" name="tmp_68_fu_2280">
<pin_list>
<pin id="2281" dir="0" index="0" bw="18" slack="0"/>
<pin id="2282" dir="0" index="1" bw="17" slack="1"/>
<pin id="2283" dir="0" index="2" bw="1" slack="0"/>
<pin id="2284" dir="1" index="3" bw="18" slack="0"/>
</pin_list>
<bind>
<opcode="bitconcatenate(1004) " fcode="bitconcatenate"/>
<opset="tmp_68/5 "/>
</bind>
</comp>

<comp id="2287" class="1004" name="tmp_95_cast_fu_2287">
<pin_list>
<pin id="2288" dir="0" index="0" bw="18" slack="0"/>
<pin id="2289" dir="1" index="1" bw="64" slack="0"/>
</pin_list>
<bind>
<opcode="zext(34) " fcode="zext"/>
<opset="tmp_95_cast/5 "/>
</bind>
</comp>

<comp id="2292" class="1004" name="empty_239_fu_2292">
<pin_list>
<pin id="2293" dir="0" index="0" bw="17" slack="1"/>
<pin id="2294" dir="0" index="1" bw="9" slack="1"/>
<pin id="2295" dir="1" index="2" bw="17" slack="0"/>
</pin_list>
<bind>
<opcode="add(8) " fcode="add"/>
<opset="empty_239/5 "/>
</bind>
</comp>

<comp id="2296" class="1004" name="tmp_69_fu_2296">
<pin_list>
<pin id="2297" dir="0" index="0" bw="18" slack="0"/>
<pin id="2298" dir="0" index="1" bw="17" slack="0"/>
<pin id="2299" dir="0" index="2" bw="1" slack="0"/>
<pin id="2300" dir="1" index="3" bw="18" slack="0"/>
</pin_list>
<bind>
<opcode="bitconcatenate(1004) " fcode="bitconcatenate"/>
<opset="tmp_69/5 "/>
</bind>
</comp>

<comp id="2304" class="1004" name="p_cast216_fu_2304">
<pin_list>
<pin id="2305" dir="0" index="0" bw="18" slack="0"/>
<pin id="2306" dir="1" index="1" bw="64" slack="0"/>
</pin_list>
<bind>
<opcode="zext(34) " fcode="zext"/>
<opset="p_cast216/5 "/>
</bind>
</comp>

<comp id="2309" class="1004" name="tmp_i_fu_2309">
<pin_list>
<pin id="2310" dir="0" index="0" bw="32" slack="0"/>
<pin id="2311" dir="0" index="1" bw="3" slack="0"/>
<pin id="2312" dir="0" index="2" bw="32" slack="4"/>
<pin id="2313" dir="0" index="3" bw="3" slack="0"/>
<pin id="2314" dir="0" index="4" bw="32" slack="4"/>
<pin id="2315" dir="0" index="5" bw="3" slack="0"/>
<pin id="2316" dir="0" index="6" bw="32" slack="4"/>
<pin id="2317" dir="0" index="7" bw="3" slack="0"/>
<pin id="2318" dir="0" index="8" bw="32" slack="4"/>
<pin id="2319" dir="0" index="9" bw="3" slack="0"/>
<pin id="2320" dir="0" index="10" bw="32" slack="4"/>
<pin id="2321" dir="0" index="11" bw="3" slack="0"/>
<pin id="2322" dir="0" index="12" bw="32" slack="4"/>
<pin id="2323" dir="0" index="13" bw="3" slack="0"/>
<pin id="2324" dir="0" index="14" bw="32" slack="4"/>
<pin id="2325" dir="0" index="15" bw="3" slack="0"/>
<pin id="2326" dir="0" index="16" bw="32" slack="4"/>
<pin id="2327" dir="0" index="17" bw="32" slack="0"/>
<pin id="2328" dir="0" index="18" bw="3" slack="3"/>
<pin id="2329" dir="1" index="19" bw="32" slack="0"/>
</pin_list>
<bind>
<opcode="sparsemux(1197) " fcode="sparsemux"/>
<opset="tmp_i/5 "/>
</bind>
</comp>

<comp id="2341" class="1004" name="tmp_i_241_fu_2341">
<pin_list>
<pin id="2342" dir="0" index="0" bw="32" slack="0"/>
<pin id="2343" dir="0" index="1" bw="3" slack="0"/>
<pin id="2344" dir="0" index="2" bw="32" slack="4"/>
<pin id="2345" dir="0" index="3" bw="3" slack="0"/>
<pin id="2346" dir="0" index="4" bw="32" slack="4"/>
<pin id="2347" dir="0" index="5" bw="3" slack="0"/>
<pin id="2348" dir="0" index="6" bw="32" slack="4"/>
<pin id="2349" dir="0" index="7" bw="3" slack="0"/>
<pin id="2350" dir="0" index="8" bw="32" slack="4"/>
<pin id="2351" dir="0" index="9" bw="3" slack="0"/>
<pin id="2352" dir="0" index="10" bw="32" slack="4"/>
<pin id="2353" dir="0" index="11" bw="3" slack="0"/>
<pin id="2354" dir="0" index="12" bw="32" slack="4"/>
<pin id="2355" dir="0" index="13" bw="3" slack="0"/>
<pin id="2356" dir="0" index="14" bw="32" slack="4"/>
<pin id="2357" dir="0" index="15" bw="3" slack="0"/>
<pin id="2358" dir="0" index="16" bw="32" slack="4"/>
<pin id="2359" dir="0" index="17" bw="32" slack="0"/>
<pin id="2360" dir="0" index="18" bw="3" slack="3"/>
<pin id="2361" dir="1" index="19" bw="32" slack="0"/>
</pin_list>
<bind>
<opcode="sparsemux(1197) " fcode="sparsemux"/>
<opset="tmp_i_241/5 "/>
</bind>
</comp>

<comp id="2373" class="1004" name="tmp_71_i_fu_2373">
<pin_list>
<pin id="2374" dir="0" index="0" bw="32" slack="0"/>
<pin id="2375" dir="0" index="1" bw="3" slack="0"/>
<pin id="2376" dir="0" index="2" bw="32" slack="4"/>
<pin id="2377" dir="0" index="3" bw="3" slack="0"/>
<pin id="2378" dir="0" index="4" bw="32" slack="4"/>
<pin id="2379" dir="0" index="5" bw="3" slack="0"/>
<pin id="2380" dir="0" index="6" bw="32" slack="4"/>
<pin id="2381" dir="0" index="7" bw="3" slack="0"/>
<pin id="2382" dir="0" index="8" bw="32" slack="4"/>
<pin id="2383" dir="0" index="9" bw="3" slack="0"/>
<pin id="2384" dir="0" index="10" bw="32" slack="4"/>
<pin id="2385" dir="0" index="11" bw="3" slack="0"/>
<pin id="2386" dir="0" index="12" bw="32" slack="4"/>
<pin id="2387" dir="0" index="13" bw="3" slack="0"/>
<pin id="2388" dir="0" index="14" bw="32" slack="4"/>
<pin id="2389" dir="0" index="15" bw="3" slack="0"/>
<pin id="2390" dir="0" index="16" bw="32" slack="4"/>
<pin id="2391" dir="0" index="17" bw="32" slack="0"/>
<pin id="2392" dir="0" index="18" bw="3" slack="3"/>
<pin id="2393" dir="1" index="19" bw="32" slack="0"/>
</pin_list>
<bind>
<opcode="sparsemux(1197) " fcode="sparsemux"/>
<opset="tmp_71_i/5 "/>
</bind>
</comp>

<comp id="2405" class="1004" name="tmp_54_fu_2405">
<pin_list>
<pin id="2406" dir="0" index="0" bw="16" slack="0"/>
<pin id="2407" dir="0" index="1" bw="8" slack="1"/>
<pin id="2408" dir="0" index="2" bw="1" slack="0"/>
<pin id="2409" dir="1" index="3" bw="16" slack="0"/>
</pin_list>
<bind>
<opcode="bitconcatenate(1004) " fcode="bitconcatenate"/>
<opset="tmp_54/6 "/>
</bind>
</comp>

<comp id="2412" class="1004" name="p_shl_fu_2412">
<pin_list>
<pin id="2413" dir="0" index="0" bw="16" slack="0"/>
<pin id="2414" dir="1" index="1" bw="17" slack="0"/>
</pin_list>
<bind>
<opcode="zext(34) " fcode="zext"/>
<opset="p_shl/6 "/>
</bind>
</comp>

<comp id="2416" class="1004" name="tmp_55_fu_2416">
<pin_list>
<pin id="2417" dir="0" index="0" bw="14" slack="0"/>
<pin id="2418" dir="0" index="1" bw="8" slack="1"/>
<pin id="2419" dir="0" index="2" bw="1" slack="0"/>
<pin id="2420" dir="1" index="3" bw="14" slack="0"/>
</pin_list>
<bind>
<opcode="bitconcatenate(1004) " fcode="bitconcatenate"/>
<opset="tmp_55/6 "/>
</bind>
</comp>

<comp id="2423" class="1004" name="p_shl258_fu_2423">
<pin_list>
<pin id="2424" dir="0" index="0" bw="14" slack="0"/>
<pin id="2425" dir="1" index="1" bw="17" slack="0"/>
</pin_list>
<bind>
<opcode="zext(34) " fcode="zext"/>
<opset="p_shl258/6 "/>
</bind>
</comp>

<comp id="2427" class="1004" name="empty_230_fu_2427">
<pin_list>
<pin id="2428" dir="0" index="0" bw="16" slack="0"/>
<pin id="2429" dir="0" index="1" bw="14" slack="0"/>
<pin id="2430" dir="1" index="2" bw="17" slack="0"/>
</pin_list>
<bind>
<opcode="add(8) " fcode="add"/>
<opset="empty_230/6 "/>
</bind>
</comp>

<comp id="2433" class="1004" name="tmp_58_fu_2433">
<pin_list>
<pin id="2434" dir="0" index="0" bw="18" slack="0"/>
<pin id="2435" dir="0" index="1" bw="17" slack="2"/>
<pin id="2436" dir="0" index="2" bw="1" slack="0"/>
<pin id="2437" dir="1" index="3" bw="18" slack="0"/>
</pin_list>
<bind>
<opcode="bitconcatenate(1004) " fcode="bitconcatenate"/>
<opset="tmp_58/6 "/>
</bind>
</comp>

<comp id="2440" class="1004" name="tmp_80_cast_fu_2440">
<pin_list>
<pin id="2441" dir="0" index="0" bw="18" slack="0"/>
<pin id="2442" dir="1" index="1" bw="64" slack="0"/>
</pin_list>
<bind>
<opcode="zext(34) " fcode="zext"/>
<opset="tmp_80_cast/6 "/>
</bind>
</comp>

<comp id="2445" class="1004" name="empty_233_fu_2445">
<pin_list>
<pin id="2446" dir="0" index="0" bw="17" slack="0"/>
<pin id="2447" dir="0" index="1" bw="9" slack="3"/>
<pin id="2448" dir="1" index="2" bw="17" slack="0"/>
</pin_list>
<bind>
<opcode="add(8) " fcode="add"/>
<opset="empty_233/6 "/>
</bind>
</comp>

<comp id="2450" class="1004" name="tmp_59_fu_2450">
<pin_list>
<pin id="2451" dir="0" index="0" bw="18" slack="0"/>
<pin id="2452" dir="0" index="1" bw="17" slack="0"/>
<pin id="2453" dir="0" index="2" bw="1" slack="0"/>
<pin id="2454" dir="1" index="3" bw="18" slack="0"/>
</pin_list>
<bind>
<opcode="bitconcatenate(1004) " fcode="bitconcatenate"/>
<opset="tmp_59/6 "/>
</bind>
</comp>

<comp id="2458" class="1004" name="p_cast211_fu_2458">
<pin_list>
<pin id="2459" dir="0" index="0" bw="18" slack="0"/>
<pin id="2460" dir="1" index="1" bw="64" slack="0"/>
</pin_list>
<bind>
<opcode="zext(34) " fcode="zext"/>
<opset="p_cast211/6 "/>
</bind>
</comp>

<comp id="2463" class="1004" name="empty_236_fu_2463">
<pin_list>
<pin id="2464" dir="0" index="0" bw="17" slack="0"/>
<pin id="2465" dir="0" index="1" bw="9" slack="3"/>
<pin id="2466" dir="1" index="2" bw="17" slack="0"/>
</pin_list>
<bind>
<opcode="add(8) " fcode="add"/>
<opset="empty_236/6 "/>
</bind>
</comp>

<comp id="2468" class="1004" name="tmp_65_fu_2468">
<pin_list>
<pin id="2469" dir="0" index="0" bw="18" slack="0"/>
<pin id="2470" dir="0" index="1" bw="17" slack="0"/>
<pin id="2471" dir="0" index="2" bw="1" slack="0"/>
<pin id="2472" dir="1" index="3" bw="18" slack="0"/>
</pin_list>
<bind>
<opcode="bitconcatenate(1004) " fcode="bitconcatenate"/>
<opset="tmp_65/6 "/>
</bind>
</comp>

<comp id="2476" class="1004" name="p_cast214_fu_2476">
<pin_list>
<pin id="2477" dir="0" index="0" bw="18" slack="0"/>
<pin id="2478" dir="1" index="1" bw="64" slack="0"/>
</pin_list>
<bind>
<opcode="zext(34) " fcode="zext"/>
<opset="p_cast214/6 "/>
</bind>
</comp>

<comp id="2481" class="1004" name="empty_240_fu_2481">
<pin_list>
<pin id="2482" dir="0" index="0" bw="17" slack="0"/>
<pin id="2483" dir="0" index="1" bw="9" slack="2"/>
<pin id="2484" dir="1" index="2" bw="17" slack="1"/>
</pin_list>
<bind>
<opcode="add(8) " fcode="add"/>
<opset="empty_240/6 "/>
</bind>
</comp>

<comp id="2486" class="1004" name="tmp_72_i_fu_2486">
<pin_list>
<pin id="2487" dir="0" index="0" bw="32" slack="0"/>
<pin id="2488" dir="0" index="1" bw="3" slack="0"/>
<pin id="2489" dir="0" index="2" bw="32" slack="5"/>
<pin id="2490" dir="0" index="3" bw="3" slack="0"/>
<pin id="2491" dir="0" index="4" bw="32" slack="5"/>
<pin id="2492" dir="0" index="5" bw="3" slack="0"/>
<pin id="2493" dir="0" index="6" bw="32" slack="5"/>
<pin id="2494" dir="0" index="7" bw="3" slack="0"/>
<pin id="2495" dir="0" index="8" bw="32" slack="5"/>
<pin id="2496" dir="0" index="9" bw="3" slack="0"/>
<pin id="2497" dir="0" index="10" bw="32" slack="5"/>
<pin id="2498" dir="0" index="11" bw="3" slack="0"/>
<pin id="2499" dir="0" index="12" bw="32" slack="5"/>
<pin id="2500" dir="0" index="13" bw="3" slack="0"/>
<pin id="2501" dir="0" index="14" bw="32" slack="5"/>
<pin id="2502" dir="0" index="15" bw="3" slack="0"/>
<pin id="2503" dir="0" index="16" bw="32" slack="5"/>
<pin id="2504" dir="0" index="17" bw="32" slack="0"/>
<pin id="2505" dir="0" index="18" bw="3" slack="4"/>
<pin id="2506" dir="1" index="19" bw="32" slack="0"/>
</pin_list>
<bind>
<opcode="sparsemux(1197) " fcode="sparsemux"/>
<opset="tmp_72_i/6 "/>
</bind>
</comp>

<comp id="2518" class="1004" name="tmp_73_i_fu_2518">
<pin_list>
<pin id="2519" dir="0" index="0" bw="32" slack="0"/>
<pin id="2520" dir="0" index="1" bw="3" slack="0"/>
<pin id="2521" dir="0" index="2" bw="32" slack="5"/>
<pin id="2522" dir="0" index="3" bw="3" slack="0"/>
<pin id="2523" dir="0" index="4" bw="32" slack="5"/>
<pin id="2524" dir="0" index="5" bw="3" slack="0"/>
<pin id="2525" dir="0" index="6" bw="32" slack="5"/>
<pin id="2526" dir="0" index="7" bw="3" slack="0"/>
<pin id="2527" dir="0" index="8" bw="32" slack="5"/>
<pin id="2528" dir="0" index="9" bw="3" slack="0"/>
<pin id="2529" dir="0" index="10" bw="32" slack="5"/>
<pin id="2530" dir="0" index="11" bw="3" slack="0"/>
<pin id="2531" dir="0" index="12" bw="32" slack="5"/>
<pin id="2532" dir="0" index="13" bw="3" slack="0"/>
<pin id="2533" dir="0" index="14" bw="32" slack="5"/>
<pin id="2534" dir="0" index="15" bw="3" slack="0"/>
<pin id="2535" dir="0" index="16" bw="32" slack="5"/>
<pin id="2536" dir="0" index="17" bw="32" slack="0"/>
<pin id="2537" dir="0" index="18" bw="3" slack="4"/>
<pin id="2538" dir="1" index="19" bw="32" slack="0"/>
</pin_list>
<bind>
<opcode="sparsemux(1197) " fcode="sparsemux"/>
<opset="tmp_73_i/6 "/>
</bind>
</comp>

<comp id="2550" class="1004" name="tmp_74_i_fu_2550">
<pin_list>
<pin id="2551" dir="0" index="0" bw="32" slack="0"/>
<pin id="2552" dir="0" index="1" bw="3" slack="0"/>
<pin id="2553" dir="0" index="2" bw="32" slack="5"/>
<pin id="2554" dir="0" index="3" bw="3" slack="0"/>
<pin id="2555" dir="0" index="4" bw="32" slack="5"/>
<pin id="2556" dir="0" index="5" bw="3" slack="0"/>
<pin id="2557" dir="0" index="6" bw="32" slack="5"/>
<pin id="2558" dir="0" index="7" bw="3" slack="0"/>
<pin id="2559" dir="0" index="8" bw="32" slack="5"/>
<pin id="2560" dir="0" index="9" bw="3" slack="0"/>
<pin id="2561" dir="0" index="10" bw="32" slack="5"/>
<pin id="2562" dir="0" index="11" bw="3" slack="0"/>
<pin id="2563" dir="0" index="12" bw="32" slack="5"/>
<pin id="2564" dir="0" index="13" bw="3" slack="0"/>
<pin id="2565" dir="0" index="14" bw="32" slack="5"/>
<pin id="2566" dir="0" index="15" bw="3" slack="0"/>
<pin id="2567" dir="0" index="16" bw="32" slack="5"/>
<pin id="2568" dir="0" index="17" bw="32" slack="0"/>
<pin id="2569" dir="0" index="18" bw="3" slack="4"/>
<pin id="2570" dir="1" index="19" bw="32" slack="0"/>
</pin_list>
<bind>
<opcode="sparsemux(1197) " fcode="sparsemux"/>
<opset="tmp_74_i/6 "/>
</bind>
</comp>

<comp id="2582" class="1004" name="tmp_64_fu_2582">
<pin_list>
<pin id="2583" dir="0" index="0" bw="18" slack="0"/>
<pin id="2584" dir="0" index="1" bw="17" slack="2"/>
<pin id="2585" dir="0" index="2" bw="1" slack="0"/>
<pin id="2586" dir="1" index="3" bw="18" slack="0"/>
</pin_list>
<bind>
<opcode="bitconcatenate(1004) " fcode="bitconcatenate"/>
<opset="tmp_64/7 "/>
</bind>
</comp>

<comp id="2589" class="1004" name="tmp_89_cast_fu_2589">
<pin_list>
<pin id="2590" dir="0" index="0" bw="18" slack="0"/>
<pin id="2591" dir="1" index="1" bw="64" slack="0"/>
</pin_list>
<bind>
<opcode="zext(34) " fcode="zext"/>
<opset="tmp_89_cast/7 "/>
</bind>
</comp>

<comp id="2594" class="1004" name="tmp_71_fu_2594">
<pin_list>
<pin id="2595" dir="0" index="0" bw="18" slack="0"/>
<pin id="2596" dir="0" index="1" bw="17" slack="1"/>
<pin id="2597" dir="0" index="2" bw="1" slack="0"/>
<pin id="2598" dir="1" index="3" bw="18" slack="0"/>
</pin_list>
<bind>
<opcode="bitconcatenate(1004) " fcode="bitconcatenate"/>
<opset="tmp_71/7 "/>
</bind>
</comp>

<comp id="2601" class="1004" name="p_cast217_fu_2601">
<pin_list>
<pin id="2602" dir="0" index="0" bw="18" slack="0"/>
<pin id="2603" dir="1" index="1" bw="64" slack="0"/>
</pin_list>
<bind>
<opcode="zext(34) " fcode="zext"/>
<opset="p_cast217/7 "/>
</bind>
</comp>

<comp id="2606" class="1004" name="tmp_75_i_fu_2606">
<pin_list>
<pin id="2607" dir="0" index="0" bw="32" slack="0"/>
<pin id="2608" dir="0" index="1" bw="3" slack="0"/>
<pin id="2609" dir="0" index="2" bw="32" slack="6"/>
<pin id="2610" dir="0" index="3" bw="3" slack="0"/>
<pin id="2611" dir="0" index="4" bw="32" slack="6"/>
<pin id="2612" dir="0" index="5" bw="3" slack="0"/>
<pin id="2613" dir="0" index="6" bw="32" slack="6"/>
<pin id="2614" dir="0" index="7" bw="3" slack="0"/>
<pin id="2615" dir="0" index="8" bw="32" slack="6"/>
<pin id="2616" dir="0" index="9" bw="3" slack="0"/>
<pin id="2617" dir="0" index="10" bw="32" slack="6"/>
<pin id="2618" dir="0" index="11" bw="3" slack="0"/>
<pin id="2619" dir="0" index="12" bw="32" slack="6"/>
<pin id="2620" dir="0" index="13" bw="3" slack="0"/>
<pin id="2621" dir="0" index="14" bw="32" slack="6"/>
<pin id="2622" dir="0" index="15" bw="3" slack="0"/>
<pin id="2623" dir="0" index="16" bw="32" slack="6"/>
<pin id="2624" dir="0" index="17" bw="32" slack="0"/>
<pin id="2625" dir="0" index="18" bw="3" slack="5"/>
<pin id="2626" dir="1" index="19" bw="32" slack="0"/>
</pin_list>
<bind>
<opcode="sparsemux(1197) " fcode="sparsemux"/>
<opset="tmp_75_i/7 "/>
</bind>
</comp>

<comp id="2638" class="1004" name="tmp_76_i_fu_2638">
<pin_list>
<pin id="2639" dir="0" index="0" bw="32" slack="0"/>
<pin id="2640" dir="0" index="1" bw="3" slack="0"/>
<pin id="2641" dir="0" index="2" bw="32" slack="6"/>
<pin id="2642" dir="0" index="3" bw="3" slack="0"/>
<pin id="2643" dir="0" index="4" bw="32" slack="6"/>
<pin id="2644" dir="0" index="5" bw="3" slack="0"/>
<pin id="2645" dir="0" index="6" bw="32" slack="6"/>
<pin id="2646" dir="0" index="7" bw="3" slack="0"/>
<pin id="2647" dir="0" index="8" bw="32" slack="6"/>
<pin id="2648" dir="0" index="9" bw="3" slack="0"/>
<pin id="2649" dir="0" index="10" bw="32" slack="6"/>
<pin id="2650" dir="0" index="11" bw="3" slack="0"/>
<pin id="2651" dir="0" index="12" bw="32" slack="6"/>
<pin id="2652" dir="0" index="13" bw="3" slack="0"/>
<pin id="2653" dir="0" index="14" bw="32" slack="6"/>
<pin id="2654" dir="0" index="15" bw="3" slack="0"/>
<pin id="2655" dir="0" index="16" bw="32" slack="6"/>
<pin id="2656" dir="0" index="17" bw="32" slack="0"/>
<pin id="2657" dir="0" index="18" bw="3" slack="5"/>
<pin id="2658" dir="1" index="19" bw="32" slack="0"/>
</pin_list>
<bind>
<opcode="sparsemux(1197) " fcode="sparsemux"/>
<opset="tmp_76_i/7 "/>
</bind>
</comp>

<comp id="2670" class="1004" name="tmp_77_i_fu_2670">
<pin_list>
<pin id="2671" dir="0" index="0" bw="32" slack="0"/>
<pin id="2672" dir="0" index="1" bw="3" slack="0"/>
<pin id="2673" dir="0" index="2" bw="32" slack="6"/>
<pin id="2674" dir="0" index="3" bw="3" slack="0"/>
<pin id="2675" dir="0" index="4" bw="32" slack="6"/>
<pin id="2676" dir="0" index="5" bw="3" slack="0"/>
<pin id="2677" dir="0" index="6" bw="32" slack="6"/>
<pin id="2678" dir="0" index="7" bw="3" slack="0"/>
<pin id="2679" dir="0" index="8" bw="32" slack="6"/>
<pin id="2680" dir="0" index="9" bw="3" slack="0"/>
<pin id="2681" dir="0" index="10" bw="32" slack="6"/>
<pin id="2682" dir="0" index="11" bw="3" slack="0"/>
<pin id="2683" dir="0" index="12" bw="32" slack="6"/>
<pin id="2684" dir="0" index="13" bw="3" slack="0"/>
<pin id="2685" dir="0" index="14" bw="32" slack="6"/>
<pin id="2686" dir="0" index="15" bw="3" slack="0"/>
<pin id="2687" dir="0" index="16" bw="32" slack="6"/>
<pin id="2688" dir="0" index="17" bw="32" slack="0"/>
<pin id="2689" dir="0" index="18" bw="3" slack="5"/>
<pin id="2690" dir="1" index="19" bw="32" slack="0"/>
</pin_list>
<bind>
<opcode="sparsemux(1197) " fcode="sparsemux"/>
<opset="tmp_77_i/7 "/>
</bind>
</comp>

<comp id="2702" class="1004" name="tmp_70_fu_2702">
<pin_list>
<pin id="2703" dir="0" index="0" bw="18" slack="0"/>
<pin id="2704" dir="0" index="1" bw="17" slack="3"/>
<pin id="2705" dir="0" index="2" bw="1" slack="0"/>
<pin id="2706" dir="1" index="3" bw="18" slack="0"/>
</pin_list>
<bind>
<opcode="bitconcatenate(1004) " fcode="bitconcatenate"/>
<opset="tmp_70/8 "/>
</bind>
</comp>

<comp id="2709" class="1004" name="tmp_98_cast_fu_2709">
<pin_list>
<pin id="2710" dir="0" index="0" bw="18" slack="0"/>
<pin id="2711" dir="1" index="1" bw="64" slack="0"/>
</pin_list>
<bind>
<opcode="zext(34) " fcode="zext"/>
<opset="tmp_98_cast/8 "/>
</bind>
</comp>

<comp id="2714" class="1004" name="acc_fu_2714">
<pin_list>
<pin id="2715" dir="0" index="0" bw="32" slack="0"/>
<pin id="2716" dir="0" index="1" bw="3" slack="0"/>
<pin id="2717" dir="0" index="2" bw="32" slack="7"/>
<pin id="2718" dir="0" index="3" bw="3" slack="0"/>
<pin id="2719" dir="0" index="4" bw="32" slack="7"/>
<pin id="2720" dir="0" index="5" bw="3" slack="0"/>
<pin id="2721" dir="0" index="6" bw="32" slack="7"/>
<pin id="2722" dir="0" index="7" bw="3" slack="0"/>
<pin id="2723" dir="0" index="8" bw="32" slack="7"/>
<pin id="2724" dir="0" index="9" bw="3" slack="0"/>
<pin id="2725" dir="0" index="10" bw="32" slack="7"/>
<pin id="2726" dir="0" index="11" bw="3" slack="0"/>
<pin id="2727" dir="0" index="12" bw="32" slack="7"/>
<pin id="2728" dir="0" index="13" bw="3" slack="0"/>
<pin id="2729" dir="0" index="14" bw="32" slack="7"/>
<pin id="2730" dir="0" index="15" bw="3" slack="0"/>
<pin id="2731" dir="0" index="16" bw="32" slack="7"/>
<pin id="2732" dir="0" index="17" bw="32" slack="0"/>
<pin id="2733" dir="0" index="18" bw="3" slack="6"/>
<pin id="2734" dir="1" index="19" bw="32" slack="1"/>
</pin_list>
<bind>
<opcode="sparsemux(1197) " fcode="sparsemux"/>
<opset="acc/8 "/>
</bind>
</comp>

<comp id="2745" class="1004" name="tmp_78_i_fu_2745">
<pin_list>
<pin id="2746" dir="0" index="0" bw="32" slack="0"/>
<pin id="2747" dir="0" index="1" bw="3" slack="0"/>
<pin id="2748" dir="0" index="2" bw="32" slack="7"/>
<pin id="2749" dir="0" index="3" bw="3" slack="0"/>
<pin id="2750" dir="0" index="4" bw="32" slack="7"/>
<pin id="2751" dir="0" index="5" bw="3" slack="0"/>
<pin id="2752" dir="0" index="6" bw="32" slack="7"/>
<pin id="2753" dir="0" index="7" bw="3" slack="0"/>
<pin id="2754" dir="0" index="8" bw="32" slack="7"/>
<pin id="2755" dir="0" index="9" bw="3" slack="0"/>
<pin id="2756" dir="0" index="10" bw="32" slack="7"/>
<pin id="2757" dir="0" index="11" bw="3" slack="0"/>
<pin id="2758" dir="0" index="12" bw="32" slack="7"/>
<pin id="2759" dir="0" index="13" bw="3" slack="0"/>
<pin id="2760" dir="0" index="14" bw="32" slack="7"/>
<pin id="2761" dir="0" index="15" bw="3" slack="0"/>
<pin id="2762" dir="0" index="16" bw="32" slack="7"/>
<pin id="2763" dir="0" index="17" bw="32" slack="0"/>
<pin id="2764" dir="0" index="18" bw="3" slack="6"/>
<pin id="2765" dir="1" index="19" bw="32" slack="0"/>
</pin_list>
<bind>
<opcode="sparsemux(1197) " fcode="sparsemux"/>
<opset="tmp_78_i/8 "/>
</bind>
</comp>

<comp id="2777" class="1004" name="tmp_79_i_fu_2777">
<pin_list>
<pin id="2778" dir="0" index="0" bw="32" slack="0"/>
<pin id="2779" dir="0" index="1" bw="3" slack="0"/>
<pin id="2780" dir="0" index="2" bw="32" slack="7"/>
<pin id="2781" dir="0" index="3" bw="3" slack="0"/>
<pin id="2782" dir="0" index="4" bw="32" slack="7"/>
<pin id="2783" dir="0" index="5" bw="3" slack="0"/>
<pin id="2784" dir="0" index="6" bw="32" slack="7"/>
<pin id="2785" dir="0" index="7" bw="3" slack="0"/>
<pin id="2786" dir="0" index="8" bw="32" slack="7"/>
<pin id="2787" dir="0" index="9" bw="3" slack="0"/>
<pin id="2788" dir="0" index="10" bw="32" slack="7"/>
<pin id="2789" dir="0" index="11" bw="3" slack="0"/>
<pin id="2790" dir="0" index="12" bw="32" slack="7"/>
<pin id="2791" dir="0" index="13" bw="3" slack="0"/>
<pin id="2792" dir="0" index="14" bw="32" slack="7"/>
<pin id="2793" dir="0" index="15" bw="3" slack="0"/>
<pin id="2794" dir="0" index="16" bw="32" slack="7"/>
<pin id="2795" dir="0" index="17" bw="32" slack="0"/>
<pin id="2796" dir="0" index="18" bw="3" slack="6"/>
<pin id="2797" dir="1" index="19" bw="32" slack="0"/>
</pin_list>
<bind>
<opcode="sparsemux(1197) " fcode="sparsemux"/>
<opset="tmp_79_i/8 "/>
</bind>
</comp>

<comp id="2809" class="1004" name="tmp_80_i_fu_2809">
<pin_list>
<pin id="2810" dir="0" index="0" bw="32" slack="0"/>
<pin id="2811" dir="0" index="1" bw="3" slack="0"/>
<pin id="2812" dir="0" index="2" bw="32" slack="7"/>
<pin id="2813" dir="0" index="3" bw="3" slack="0"/>
<pin id="2814" dir="0" index="4" bw="32" slack="7"/>
<pin id="2815" dir="0" index="5" bw="3" slack="0"/>
<pin id="2816" dir="0" index="6" bw="32" slack="7"/>
<pin id="2817" dir="0" index="7" bw="3" slack="0"/>
<pin id="2818" dir="0" index="8" bw="32" slack="7"/>
<pin id="2819" dir="0" index="9" bw="3" slack="0"/>
<pin id="2820" dir="0" index="10" bw="32" slack="7"/>
<pin id="2821" dir="0" index="11" bw="3" slack="0"/>
<pin id="2822" dir="0" index="12" bw="32" slack="7"/>
<pin id="2823" dir="0" index="13" bw="3" slack="0"/>
<pin id="2824" dir="0" index="14" bw="32" slack="7"/>
<pin id="2825" dir="0" index="15" bw="3" slack="0"/>
<pin id="2826" dir="0" index="16" bw="32" slack="7"/>
<pin id="2827" dir="0" index="17" bw="32" slack="0"/>
<pin id="2828" dir="0" index="18" bw="3" slack="6"/>
<pin id="2829" dir="1" index="19" bw="32" slack="0"/>
</pin_list>
<bind>
<opcode="sparsemux(1197) " fcode="sparsemux"/>
<opset="tmp_80_i/8 "/>
</bind>
</comp>

<comp id="2841" class="1004" name="tmp_60_fu_2841">
<pin_list>
<pin id="2842" dir="0" index="0" bw="18" slack="0"/>
<pin id="2843" dir="0" index="1" bw="17" slack="3"/>
<pin id="2844" dir="0" index="2" bw="1" slack="0"/>
<pin id="2845" dir="1" index="3" bw="18" slack="0"/>
</pin_list>
<bind>
<opcode="bitconcatenate(1004) " fcode="bitconcatenate"/>
<opset="tmp_60/9 "/>
</bind>
</comp>

<comp id="2848" class="1004" name="tmp_83_cast_fu_2848">
<pin_list>
<pin id="2849" dir="0" index="0" bw="18" slack="0"/>
<pin id="2850" dir="1" index="1" bw="64" slack="0"/>
</pin_list>
<bind>
<opcode="zext(34) " fcode="zext"/>
<opset="tmp_83_cast/9 "/>
</bind>
</comp>

<comp id="2853" class="1004" name="tmp_81_i_fu_2853">
<pin_list>
<pin id="2854" dir="0" index="0" bw="32" slack="0"/>
<pin id="2855" dir="0" index="1" bw="3" slack="0"/>
<pin id="2856" dir="0" index="2" bw="32" slack="8"/>
<pin id="2857" dir="0" index="3" bw="3" slack="0"/>
<pin id="2858" dir="0" index="4" bw="32" slack="8"/>
<pin id="2859" dir="0" index="5" bw="3" slack="0"/>
<pin id="2860" dir="0" index="6" bw="32" slack="8"/>
<pin id="2861" dir="0" index="7" bw="3" slack="0"/>
<pin id="2862" dir="0" index="8" bw="32" slack="8"/>
<pin id="2863" dir="0" index="9" bw="3" slack="0"/>
<pin id="2864" dir="0" index="10" bw="32" slack="8"/>
<pin id="2865" dir="0" index="11" bw="3" slack="0"/>
<pin id="2866" dir="0" index="12" bw="32" slack="8"/>
<pin id="2867" dir="0" index="13" bw="3" slack="0"/>
<pin id="2868" dir="0" index="14" bw="32" slack="8"/>
<pin id="2869" dir="0" index="15" bw="3" slack="0"/>
<pin id="2870" dir="0" index="16" bw="32" slack="8"/>
<pin id="2871" dir="0" index="17" bw="32" slack="0"/>
<pin id="2872" dir="0" index="18" bw="3" slack="7"/>
<pin id="2873" dir="1" index="19" bw="32" slack="0"/>
</pin_list>
<bind>
<opcode="sparsemux(1197) " fcode="sparsemux"/>
<opset="tmp_81_i/9 "/>
</bind>
</comp>

<comp id="2885" class="1004" name="tmp_82_i_fu_2885">
<pin_list>
<pin id="2886" dir="0" index="0" bw="32" slack="0"/>
<pin id="2887" dir="0" index="1" bw="3" slack="0"/>
<pin id="2888" dir="0" index="2" bw="32" slack="8"/>
<pin id="2889" dir="0" index="3" bw="3" slack="0"/>
<pin id="2890" dir="0" index="4" bw="32" slack="8"/>
<pin id="2891" dir="0" index="5" bw="3" slack="0"/>
<pin id="2892" dir="0" index="6" bw="32" slack="8"/>
<pin id="2893" dir="0" index="7" bw="3" slack="0"/>
<pin id="2894" dir="0" index="8" bw="32" slack="8"/>
<pin id="2895" dir="0" index="9" bw="3" slack="0"/>
<pin id="2896" dir="0" index="10" bw="32" slack="8"/>
<pin id="2897" dir="0" index="11" bw="3" slack="0"/>
<pin id="2898" dir="0" index="12" bw="32" slack="8"/>
<pin id="2899" dir="0" index="13" bw="3" slack="0"/>
<pin id="2900" dir="0" index="14" bw="32" slack="8"/>
<pin id="2901" dir="0" index="15" bw="3" slack="0"/>
<pin id="2902" dir="0" index="16" bw="32" slack="8"/>
<pin id="2903" dir="0" index="17" bw="32" slack="0"/>
<pin id="2904" dir="0" index="18" bw="3" slack="7"/>
<pin id="2905" dir="1" index="19" bw="32" slack="0"/>
</pin_list>
<bind>
<opcode="sparsemux(1197) " fcode="sparsemux"/>
<opset="tmp_82_i/9 "/>
</bind>
</comp>

<comp id="2917" class="1004" name="tmp_83_i_fu_2917">
<pin_list>
<pin id="2918" dir="0" index="0" bw="32" slack="0"/>
<pin id="2919" dir="0" index="1" bw="3" slack="0"/>
<pin id="2920" dir="0" index="2" bw="32" slack="8"/>
<pin id="2921" dir="0" index="3" bw="3" slack="0"/>
<pin id="2922" dir="0" index="4" bw="32" slack="8"/>
<pin id="2923" dir="0" index="5" bw="3" slack="0"/>
<pin id="2924" dir="0" index="6" bw="32" slack="8"/>
<pin id="2925" dir="0" index="7" bw="3" slack="0"/>
<pin id="2926" dir="0" index="8" bw="32" slack="8"/>
<pin id="2927" dir="0" index="9" bw="3" slack="0"/>
<pin id="2928" dir="0" index="10" bw="32" slack="8"/>
<pin id="2929" dir="0" index="11" bw="3" slack="0"/>
<pin id="2930" dir="0" index="12" bw="32" slack="8"/>
<pin id="2931" dir="0" index="13" bw="3" slack="0"/>
<pin id="2932" dir="0" index="14" bw="32" slack="8"/>
<pin id="2933" dir="0" index="15" bw="3" slack="0"/>
<pin id="2934" dir="0" index="16" bw="32" slack="8"/>
<pin id="2935" dir="0" index="17" bw="32" slack="0"/>
<pin id="2936" dir="0" index="18" bw="3" slack="7"/>
<pin id="2937" dir="1" index="19" bw="32" slack="0"/>
</pin_list>
<bind>
<opcode="sparsemux(1197) " fcode="sparsemux"/>
<opset="tmp_83_i/9 "/>
</bind>
</comp>

<comp id="2949" class="1004" name="tmp_66_fu_2949">
<pin_list>
<pin id="2950" dir="0" index="0" bw="18" slack="0"/>
<pin id="2951" dir="0" index="1" bw="17" slack="4"/>
<pin id="2952" dir="0" index="2" bw="1" slack="0"/>
<pin id="2953" dir="1" index="3" bw="18" slack="0"/>
</pin_list>
<bind>
<opcode="bitconcatenate(1004) " fcode="bitconcatenate"/>
<opset="tmp_66/10 "/>
</bind>
</comp>

<comp id="2956" class="1004" name="tmp_92_cast_fu_2956">
<pin_list>
<pin id="2957" dir="0" index="0" bw="18" slack="0"/>
<pin id="2958" dir="1" index="1" bw="64" slack="0"/>
</pin_list>
<bind>
<opcode="zext(34) " fcode="zext"/>
<opset="tmp_92_cast/10 "/>
</bind>
</comp>

<comp id="2961" class="1004" name="tmp_84_i_fu_2961">
<pin_list>
<pin id="2962" dir="0" index="0" bw="32" slack="0"/>
<pin id="2963" dir="0" index="1" bw="3" slack="0"/>
<pin id="2964" dir="0" index="2" bw="32" slack="9"/>
<pin id="2965" dir="0" index="3" bw="3" slack="0"/>
<pin id="2966" dir="0" index="4" bw="32" slack="9"/>
<pin id="2967" dir="0" index="5" bw="3" slack="0"/>
<pin id="2968" dir="0" index="6" bw="32" slack="9"/>
<pin id="2969" dir="0" index="7" bw="3" slack="0"/>
<pin id="2970" dir="0" index="8" bw="32" slack="9"/>
<pin id="2971" dir="0" index="9" bw="3" slack="0"/>
<pin id="2972" dir="0" index="10" bw="32" slack="9"/>
<pin id="2973" dir="0" index="11" bw="3" slack="0"/>
<pin id="2974" dir="0" index="12" bw="32" slack="9"/>
<pin id="2975" dir="0" index="13" bw="3" slack="0"/>
<pin id="2976" dir="0" index="14" bw="32" slack="9"/>
<pin id="2977" dir="0" index="15" bw="3" slack="0"/>
<pin id="2978" dir="0" index="16" bw="32" slack="9"/>
<pin id="2979" dir="0" index="17" bw="32" slack="0"/>
<pin id="2980" dir="0" index="18" bw="3" slack="8"/>
<pin id="2981" dir="1" index="19" bw="32" slack="0"/>
</pin_list>
<bind>
<opcode="sparsemux(1197) " fcode="sparsemux"/>
<opset="tmp_84_i/10 "/>
</bind>
</comp>

<comp id="2993" class="1004" name="tmp_85_i_fu_2993">
<pin_list>
<pin id="2994" dir="0" index="0" bw="32" slack="0"/>
<pin id="2995" dir="0" index="1" bw="3" slack="0"/>
<pin id="2996" dir="0" index="2" bw="32" slack="9"/>
<pin id="2997" dir="0" index="3" bw="3" slack="0"/>
<pin id="2998" dir="0" index="4" bw="32" slack="9"/>
<pin id="2999" dir="0" index="5" bw="3" slack="0"/>
<pin id="3000" dir="0" index="6" bw="32" slack="9"/>
<pin id="3001" dir="0" index="7" bw="3" slack="0"/>
<pin id="3002" dir="0" index="8" bw="32" slack="9"/>
<pin id="3003" dir="0" index="9" bw="3" slack="0"/>
<pin id="3004" dir="0" index="10" bw="32" slack="9"/>
<pin id="3005" dir="0" index="11" bw="3" slack="0"/>
<pin id="3006" dir="0" index="12" bw="32" slack="9"/>
<pin id="3007" dir="0" index="13" bw="3" slack="0"/>
<pin id="3008" dir="0" index="14" bw="32" slack="9"/>
<pin id="3009" dir="0" index="15" bw="3" slack="0"/>
<pin id="3010" dir="0" index="16" bw="32" slack="9"/>
<pin id="3011" dir="0" index="17" bw="32" slack="0"/>
<pin id="3012" dir="0" index="18" bw="3" slack="8"/>
<pin id="3013" dir="1" index="19" bw="32" slack="0"/>
</pin_list>
<bind>
<opcode="sparsemux(1197) " fcode="sparsemux"/>
<opset="tmp_85_i/10 "/>
</bind>
</comp>

<comp id="3025" class="1004" name="tmp_86_i_fu_3025">
<pin_list>
<pin id="3026" dir="0" index="0" bw="32" slack="0"/>
<pin id="3027" dir="0" index="1" bw="3" slack="0"/>
<pin id="3028" dir="0" index="2" bw="32" slack="9"/>
<pin id="3029" dir="0" index="3" bw="3" slack="0"/>
<pin id="3030" dir="0" index="4" bw="32" slack="9"/>
<pin id="3031" dir="0" index="5" bw="3" slack="0"/>
<pin id="3032" dir="0" index="6" bw="32" slack="9"/>
<pin id="3033" dir="0" index="7" bw="3" slack="0"/>
<pin id="3034" dir="0" index="8" bw="32" slack="9"/>
<pin id="3035" dir="0" index="9" bw="3" slack="0"/>
<pin id="3036" dir="0" index="10" bw="32" slack="9"/>
<pin id="3037" dir="0" index="11" bw="3" slack="0"/>
<pin id="3038" dir="0" index="12" bw="32" slack="9"/>
<pin id="3039" dir="0" index="13" bw="3" slack="0"/>
<pin id="3040" dir="0" index="14" bw="32" slack="9"/>
<pin id="3041" dir="0" index="15" bw="3" slack="0"/>
<pin id="3042" dir="0" index="16" bw="32" slack="9"/>
<pin id="3043" dir="0" index="17" bw="32" slack="0"/>
<pin id="3044" dir="0" index="18" bw="3" slack="8"/>
<pin id="3045" dir="1" index="19" bw="32" slack="0"/>
</pin_list>
<bind>
<opcode="sparsemux(1197) " fcode="sparsemux"/>
<opset="tmp_86_i/10 "/>
</bind>
</comp>

<comp id="3057" class="1004" name="tmp_72_fu_3057">
<pin_list>
<pin id="3058" dir="0" index="0" bw="18" slack="0"/>
<pin id="3059" dir="0" index="1" bw="17" slack="5"/>
<pin id="3060" dir="0" index="2" bw="1" slack="0"/>
<pin id="3061" dir="1" index="3" bw="18" slack="0"/>
</pin_list>
<bind>
<opcode="bitconcatenate(1004) " fcode="bitconcatenate"/>
<opset="tmp_72/11 "/>
</bind>
</comp>

<comp id="3064" class="1004" name="tmp_101_cast_fu_3064">
<pin_list>
<pin id="3065" dir="0" index="0" bw="18" slack="0"/>
<pin id="3066" dir="1" index="1" bw="64" slack="0"/>
</pin_list>
<bind>
<opcode="zext(34) " fcode="zext"/>
<opset="tmp_101_cast/11 "/>
</bind>
</comp>

<comp id="3069" class="1004" name="tmp_87_i_fu_3069">
<pin_list>
<pin id="3070" dir="0" index="0" bw="32" slack="0"/>
<pin id="3071" dir="0" index="1" bw="3" slack="0"/>
<pin id="3072" dir="0" index="2" bw="32" slack="10"/>
<pin id="3073" dir="0" index="3" bw="3" slack="0"/>
<pin id="3074" dir="0" index="4" bw="32" slack="10"/>
<pin id="3075" dir="0" index="5" bw="3" slack="0"/>
<pin id="3076" dir="0" index="6" bw="32" slack="10"/>
<pin id="3077" dir="0" index="7" bw="3" slack="0"/>
<pin id="3078" dir="0" index="8" bw="32" slack="10"/>
<pin id="3079" dir="0" index="9" bw="3" slack="0"/>
<pin id="3080" dir="0" index="10" bw="32" slack="10"/>
<pin id="3081" dir="0" index="11" bw="3" slack="0"/>
<pin id="3082" dir="0" index="12" bw="32" slack="10"/>
<pin id="3083" dir="0" index="13" bw="3" slack="0"/>
<pin id="3084" dir="0" index="14" bw="32" slack="10"/>
<pin id="3085" dir="0" index="15" bw="3" slack="0"/>
<pin id="3086" dir="0" index="16" bw="32" slack="10"/>
<pin id="3087" dir="0" index="17" bw="32" slack="0"/>
<pin id="3088" dir="0" index="18" bw="3" slack="9"/>
<pin id="3089" dir="1" index="19" bw="32" slack="0"/>
</pin_list>
<bind>
<opcode="sparsemux(1197) " fcode="sparsemux"/>
<opset="tmp_87_i/11 "/>
</bind>
</comp>

<comp id="3101" class="1004" name="tmp_88_i_fu_3101">
<pin_list>
<pin id="3102" dir="0" index="0" bw="32" slack="0"/>
<pin id="3103" dir="0" index="1" bw="3" slack="0"/>
<pin id="3104" dir="0" index="2" bw="32" slack="10"/>
<pin id="3105" dir="0" index="3" bw="3" slack="0"/>
<pin id="3106" dir="0" index="4" bw="32" slack="10"/>
<pin id="3107" dir="0" index="5" bw="3" slack="0"/>
<pin id="3108" dir="0" index="6" bw="32" slack="10"/>
<pin id="3109" dir="0" index="7" bw="3" slack="0"/>
<pin id="3110" dir="0" index="8" bw="32" slack="10"/>
<pin id="3111" dir="0" index="9" bw="3" slack="0"/>
<pin id="3112" dir="0" index="10" bw="32" slack="10"/>
<pin id="3113" dir="0" index="11" bw="3" slack="0"/>
<pin id="3114" dir="0" index="12" bw="32" slack="10"/>
<pin id="3115" dir="0" index="13" bw="3" slack="0"/>
<pin id="3116" dir="0" index="14" bw="32" slack="10"/>
<pin id="3117" dir="0" index="15" bw="3" slack="0"/>
<pin id="3118" dir="0" index="16" bw="32" slack="10"/>
<pin id="3119" dir="0" index="17" bw="32" slack="0"/>
<pin id="3120" dir="0" index="18" bw="3" slack="9"/>
<pin id="3121" dir="1" index="19" bw="32" slack="0"/>
</pin_list>
<bind>
<opcode="sparsemux(1197) " fcode="sparsemux"/>
<opset="tmp_88_i/11 "/>
</bind>
</comp>

<comp id="3133" class="1004" name="tmp_89_i_fu_3133">
<pin_list>
<pin id="3134" dir="0" index="0" bw="32" slack="0"/>
<pin id="3135" dir="0" index="1" bw="3" slack="0"/>
<pin id="3136" dir="0" index="2" bw="32" slack="10"/>
<pin id="3137" dir="0" index="3" bw="3" slack="0"/>
<pin id="3138" dir="0" index="4" bw="32" slack="10"/>
<pin id="3139" dir="0" index="5" bw="3" slack="0"/>
<pin id="3140" dir="0" index="6" bw="32" slack="10"/>
<pin id="3141" dir="0" index="7" bw="3" slack="0"/>
<pin id="3142" dir="0" index="8" bw="32" slack="10"/>
<pin id="3143" dir="0" index="9" bw="3" slack="0"/>
<pin id="3144" dir="0" index="10" bw="32" slack="10"/>
<pin id="3145" dir="0" index="11" bw="3" slack="0"/>
<pin id="3146" dir="0" index="12" bw="32" slack="10"/>
<pin id="3147" dir="0" index="13" bw="3" slack="0"/>
<pin id="3148" dir="0" index="14" bw="32" slack="10"/>
<pin id="3149" dir="0" index="15" bw="3" slack="0"/>
<pin id="3150" dir="0" index="16" bw="32" slack="10"/>
<pin id="3151" dir="0" index="17" bw="32" slack="0"/>
<pin id="3152" dir="0" index="18" bw="3" slack="9"/>
<pin id="3153" dir="1" index="19" bw="32" slack="0"/>
</pin_list>
<bind>
<opcode="sparsemux(1197) " fcode="sparsemux"/>
<opset="tmp_89_i/11 "/>
</bind>
</comp>

<comp id="3165" class="1004" name="tmp_90_i_fu_3165">
<pin_list>
<pin id="3166" dir="0" index="0" bw="32" slack="0"/>
<pin id="3167" dir="0" index="1" bw="3" slack="0"/>
<pin id="3168" dir="0" index="2" bw="32" slack="11"/>
<pin id="3169" dir="0" index="3" bw="3" slack="0"/>
<pin id="3170" dir="0" index="4" bw="32" slack="11"/>
<pin id="3171" dir="0" index="5" bw="3" slack="0"/>
<pin id="3172" dir="0" index="6" bw="32" slack="11"/>
<pin id="3173" dir="0" index="7" bw="3" slack="0"/>
<pin id="3174" dir="0" index="8" bw="32" slack="11"/>
<pin id="3175" dir="0" index="9" bw="3" slack="0"/>
<pin id="3176" dir="0" index="10" bw="32" slack="11"/>
<pin id="3177" dir="0" index="11" bw="3" slack="0"/>
<pin id="3178" dir="0" index="12" bw="32" slack="11"/>
<pin id="3179" dir="0" index="13" bw="3" slack="0"/>
<pin id="3180" dir="0" index="14" bw="32" slack="11"/>
<pin id="3181" dir="0" index="15" bw="3" slack="0"/>
<pin id="3182" dir="0" index="16" bw="32" slack="11"/>
<pin id="3183" dir="0" index="17" bw="32" slack="0"/>
<pin id="3184" dir="0" index="18" bw="3" slack="10"/>
<pin id="3185" dir="1" index="19" bw="32" slack="0"/>
</pin_list>
<bind>
<opcode="sparsemux(1197) " fcode="sparsemux"/>
<opset="tmp_90_i/12 "/>
</bind>
</comp>

<comp id="3197" class="1004" name="tmp_91_i_fu_3197">
<pin_list>
<pin id="3198" dir="0" index="0" bw="32" slack="0"/>
<pin id="3199" dir="0" index="1" bw="3" slack="0"/>
<pin id="3200" dir="0" index="2" bw="32" slack="11"/>
<pin id="3201" dir="0" index="3" bw="3" slack="0"/>
<pin id="3202" dir="0" index="4" bw="32" slack="11"/>
<pin id="3203" dir="0" index="5" bw="3" slack="0"/>
<pin id="3204" dir="0" index="6" bw="32" slack="11"/>
<pin id="3205" dir="0" index="7" bw="3" slack="0"/>
<pin id="3206" dir="0" index="8" bw="32" slack="11"/>
<pin id="3207" dir="0" index="9" bw="3" slack="0"/>
<pin id="3208" dir="0" index="10" bw="32" slack="11"/>
<pin id="3209" dir="0" index="11" bw="3" slack="0"/>
<pin id="3210" dir="0" index="12" bw="32" slack="11"/>
<pin id="3211" dir="0" index="13" bw="3" slack="0"/>
<pin id="3212" dir="0" index="14" bw="32" slack="11"/>
<pin id="3213" dir="0" index="15" bw="3" slack="0"/>
<pin id="3214" dir="0" index="16" bw="32" slack="11"/>
<pin id="3215" dir="0" index="17" bw="32" slack="0"/>
<pin id="3216" dir="0" index="18" bw="3" slack="10"/>
<pin id="3217" dir="1" index="19" bw="32" slack="0"/>
</pin_list>
<bind>
<opcode="sparsemux(1197) " fcode="sparsemux"/>
<opset="tmp_91_i/12 "/>
</bind>
</comp>

<comp id="3229" class="1004" name="tmp_92_i_fu_3229">
<pin_list>
<pin id="3230" dir="0" index="0" bw="32" slack="0"/>
<pin id="3231" dir="0" index="1" bw="3" slack="0"/>
<pin id="3232" dir="0" index="2" bw="32" slack="11"/>
<pin id="3233" dir="0" index="3" bw="3" slack="0"/>
<pin id="3234" dir="0" index="4" bw="32" slack="11"/>
<pin id="3235" dir="0" index="5" bw="3" slack="0"/>
<pin id="3236" dir="0" index="6" bw="32" slack="11"/>
<pin id="3237" dir="0" index="7" bw="3" slack="0"/>
<pin id="3238" dir="0" index="8" bw="32" slack="11"/>
<pin id="3239" dir="0" index="9" bw="3" slack="0"/>
<pin id="3240" dir="0" index="10" bw="32" slack="11"/>
<pin id="3241" dir="0" index="11" bw="3" slack="0"/>
<pin id="3242" dir="0" index="12" bw="32" slack="11"/>
<pin id="3243" dir="0" index="13" bw="3" slack="0"/>
<pin id="3244" dir="0" index="14" bw="32" slack="11"/>
<pin id="3245" dir="0" index="15" bw="3" slack="0"/>
<pin id="3246" dir="0" index="16" bw="32" slack="11"/>
<pin id="3247" dir="0" index="17" bw="32" slack="0"/>
<pin id="3248" dir="0" index="18" bw="3" slack="10"/>
<pin id="3249" dir="1" index="19" bw="32" slack="0"/>
</pin_list>
<bind>
<opcode="sparsemux(1197) " fcode="sparsemux"/>
<opset="tmp_92_i/12 "/>
</bind>
</comp>

<comp id="3261" class="1004" name="tmp_93_i_fu_3261">
<pin_list>
<pin id="3262" dir="0" index="0" bw="32" slack="0"/>
<pin id="3263" dir="0" index="1" bw="3" slack="0"/>
<pin id="3264" dir="0" index="2" bw="32" slack="12"/>
<pin id="3265" dir="0" index="3" bw="3" slack="0"/>
<pin id="3266" dir="0" index="4" bw="32" slack="12"/>
<pin id="3267" dir="0" index="5" bw="3" slack="0"/>
<pin id="3268" dir="0" index="6" bw="32" slack="12"/>
<pin id="3269" dir="0" index="7" bw="3" slack="0"/>
<pin id="3270" dir="0" index="8" bw="32" slack="12"/>
<pin id="3271" dir="0" index="9" bw="3" slack="0"/>
<pin id="3272" dir="0" index="10" bw="32" slack="12"/>
<pin id="3273" dir="0" index="11" bw="3" slack="0"/>
<pin id="3274" dir="0" index="12" bw="32" slack="12"/>
<pin id="3275" dir="0" index="13" bw="3" slack="0"/>
<pin id="3276" dir="0" index="14" bw="32" slack="12"/>
<pin id="3277" dir="0" index="15" bw="3" slack="0"/>
<pin id="3278" dir="0" index="16" bw="32" slack="12"/>
<pin id="3279" dir="0" index="17" bw="32" slack="0"/>
<pin id="3280" dir="0" index="18" bw="3" slack="11"/>
<pin id="3281" dir="1" index="19" bw="32" slack="0"/>
</pin_list>
<bind>
<opcode="sparsemux(1197) " fcode="sparsemux"/>
<opset="tmp_93_i/13 "/>
</bind>
</comp>

<comp id="3293" class="1004" name="tmp_94_i_fu_3293">
<pin_list>
<pin id="3294" dir="0" index="0" bw="32" slack="0"/>
<pin id="3295" dir="0" index="1" bw="3" slack="0"/>
<pin id="3296" dir="0" index="2" bw="32" slack="12"/>
<pin id="3297" dir="0" index="3" bw="3" slack="0"/>
<pin id="3298" dir="0" index="4" bw="32" slack="12"/>
<pin id="3299" dir="0" index="5" bw="3" slack="0"/>
<pin id="3300" dir="0" index="6" bw="32" slack="12"/>
<pin id="3301" dir="0" index="7" bw="3" slack="0"/>
<pin id="3302" dir="0" index="8" bw="32" slack="12"/>
<pin id="3303" dir="0" index="9" bw="3" slack="0"/>
<pin id="3304" dir="0" index="10" bw="32" slack="12"/>
<pin id="3305" dir="0" index="11" bw="3" slack="0"/>
<pin id="3306" dir="0" index="12" bw="32" slack="12"/>
<pin id="3307" dir="0" index="13" bw="3" slack="0"/>
<pin id="3308" dir="0" index="14" bw="32" slack="12"/>
<pin id="3309" dir="0" index="15" bw="3" slack="0"/>
<pin id="3310" dir="0" index="16" bw="32" slack="12"/>
<pin id="3311" dir="0" index="17" bw="32" slack="0"/>
<pin id="3312" dir="0" index="18" bw="3" slack="11"/>
<pin id="3313" dir="1" index="19" bw="32" slack="0"/>
</pin_list>
<bind>
<opcode="sparsemux(1197) " fcode="sparsemux"/>
<opset="tmp_94_i/13 "/>
</bind>
</comp>

<comp id="3325" class="1004" name="tmp_95_i_fu_3325">
<pin_list>
<pin id="3326" dir="0" index="0" bw="32" slack="0"/>
<pin id="3327" dir="0" index="1" bw="3" slack="0"/>
<pin id="3328" dir="0" index="2" bw="32" slack="12"/>
<pin id="3329" dir="0" index="3" bw="3" slack="0"/>
<pin id="3330" dir="0" index="4" bw="32" slack="12"/>
<pin id="3331" dir="0" index="5" bw="3" slack="0"/>
<pin id="3332" dir="0" index="6" bw="32" slack="12"/>
<pin id="3333" dir="0" index="7" bw="3" slack="0"/>
<pin id="3334" dir="0" index="8" bw="32" slack="12"/>
<pin id="3335" dir="0" index="9" bw="3" slack="0"/>
<pin id="3336" dir="0" index="10" bw="32" slack="12"/>
<pin id="3337" dir="0" index="11" bw="3" slack="0"/>
<pin id="3338" dir="0" index="12" bw="32" slack="12"/>
<pin id="3339" dir="0" index="13" bw="3" slack="0"/>
<pin id="3340" dir="0" index="14" bw="32" slack="12"/>
<pin id="3341" dir="0" index="15" bw="3" slack="0"/>
<pin id="3342" dir="0" index="16" bw="32" slack="12"/>
<pin id="3343" dir="0" index="17" bw="32" slack="0"/>
<pin id="3344" dir="0" index="18" bw="3" slack="11"/>
<pin id="3345" dir="1" index="19" bw="32" slack="0"/>
</pin_list>
<bind>
<opcode="sparsemux(1197) " fcode="sparsemux"/>
<opset="tmp_95_i/13 "/>
</bind>
</comp>

<comp id="3357" class="1004" name="bitcast_ln228_fu_3357">
<pin_list>
<pin id="3358" dir="0" index="0" bw="32" slack="2"/>
<pin id="3359" dir="1" index="1" bw="32" slack="0"/>
</pin_list>
<bind>
<opcode="bitcast(44) " fcode="bitcast"/>
<opset="bitcast_ln228/145 "/>
</bind>
</comp>

<comp id="3361" class="1004" name="tmp_fu_3361">
<pin_list>
<pin id="3362" dir="0" index="0" bw="8" slack="0"/>
<pin id="3363" dir="0" index="1" bw="32" slack="0"/>
<pin id="3364" dir="0" index="2" bw="6" slack="0"/>
<pin id="3365" dir="0" index="3" bw="6" slack="0"/>
<pin id="3366" dir="1" index="4" bw="8" slack="0"/>
</pin_list>
<bind>
<opcode="partselect(1002) " fcode="partselect"/>
<opset="tmp/145 "/>
</bind>
</comp>

<comp id="3371" class="1004" name="trunc_ln228_fu_3371">
<pin_list>
<pin id="3372" dir="0" index="0" bw="32" slack="0"/>
<pin id="3373" dir="1" index="1" bw="23" slack="0"/>
</pin_list>
<bind>
<opcode="trunc(33) " fcode="trunc"/>
<opset="trunc_ln228/145 "/>
</bind>
</comp>

<comp id="3375" class="1004" name="icmp_ln228_fu_3375">
<pin_list>
<pin id="3376" dir="0" index="0" bw="8" slack="0"/>
<pin id="3377" dir="0" index="1" bw="1" slack="0"/>
<pin id="3378" dir="1" index="2" bw="1" slack="0"/>
</pin_list>
<bind>
<opcode="icmp(45) " fcode="icmp"/>
<opset="icmp_ln228/145 "/>
</bind>
</comp>

<comp id="3381" class="1004" name="icmp_ln228_1_fu_3381">
<pin_list>
<pin id="3382" dir="0" index="0" bw="23" slack="0"/>
<pin id="3383" dir="0" index="1" bw="1" slack="0"/>
<pin id="3384" dir="1" index="2" bw="1" slack="0"/>
</pin_list>
<bind>
<opcode="icmp(45) " fcode="icmp"/>
<opset="icmp_ln228_1/145 "/>
</bind>
</comp>

<comp id="3387" class="1004" name="or_ln228_fu_3387">
<pin_list>
<pin id="3388" dir="0" index="0" bw="1" slack="0"/>
<pin id="3389" dir="0" index="1" bw="1" slack="0"/>
<pin id="3390" dir="1" index="2" bw="1" slack="0"/>
</pin_list>
<bind>
<opcode="or(24) " fcode="or"/>
<opset="or_ln228/145 "/>
</bind>
</comp>

<comp id="3393" class="1004" name="and_ln228_fu_3393">
<pin_list>
<pin id="3394" dir="0" index="0" bw="1" slack="0"/>
<pin id="3395" dir="0" index="1" bw="1" slack="0"/>
<pin id="3396" dir="1" index="2" bw="1" slack="0"/>
</pin_list>
<bind>
<opcode="and(23) " fcode="and"/>
<opset="and_ln228/145 "/>
</bind>
</comp>

<comp id="3399" class="1004" name="select_ln228_fu_3399">
<pin_list>
<pin id="3400" dir="0" index="0" bw="1" slack="0"/>
<pin id="3401" dir="0" index="1" bw="32" slack="2"/>
<pin id="3402" dir="0" index="2" bw="32" slack="0"/>
<pin id="3403" dir="1" index="3" bw="32" slack="1"/>
</pin_list>
<bind>
<opcode="select(49) " fcode="select"/>
<opset="select_ln228/145 "/>
</bind>
</comp>

<comp id="3407" class="1004" name="tmp_73_fu_3407">
<pin_list>
<pin id="3408" dir="0" index="0" bw="18" slack="0"/>
<pin id="3409" dir="0" index="1" bw="17" slack="138"/>
<pin id="3410" dir="0" index="2" bw="1" slack="144"/>
<pin id="3411" dir="1" index="3" bw="18" slack="0"/>
</pin_list>
<bind>
<opcode="bitconcatenate(1004) " fcode="bitconcatenate"/>
<opset="tmp_73/146 "/>
</bind>
</comp>

<comp id="3413" class="1004" name="zext_ln228_1_fu_3413">
<pin_list>
<pin id="3414" dir="0" index="0" bw="18" slack="0"/>
<pin id="3415" dir="1" index="1" bw="64" slack="0"/>
</pin_list>
<bind>
<opcode="zext(34) " fcode="zext"/>
<opset="zext_ln228_1/146 "/>
</bind>
</comp>

<comp id="3421" class="1007" name="grp_fu_3421">
<pin_list>
<pin id="3422" dir="0" index="0" bw="9" slack="0"/>
<pin id="3423" dir="0" index="1" bw="8" slack="0"/>
<pin id="3424" dir="0" index="2" bw="9" slack="2147483647"/>
<pin id="3425" dir="1" index="3" bw="17" slack="138"/>
</pin_list>
<bind>
<opcode="muladd(1172) " fcode="muladd"/>
<opset="mul_ln228/5 add_ln228/7 "/>
</bind>
</comp>

<comp id="3428" class="1005" name="m_reg_3428">
<pin_list>
<pin id="3429" dir="0" index="0" bw="4" slack="0"/>
<pin id="3430" dir="1" index="1" bw="4" slack="0"/>
</pin_list>
<bind>
<opset="m "/>
</bind>
</comp>

<comp id="3435" class="1005" name="j_reg_3435">
<pin_list>
<pin id="3436" dir="0" index="0" bw="9" slack="0"/>
<pin id="3437" dir="1" index="1" bw="9" slack="0"/>
</pin_list>
<bind>
<opset="j "/>
</bind>
</comp>

<comp id="3442" class="1005" name="indvar_flatten_reg_3442">
<pin_list>
<pin id="3443" dir="0" index="0" bw="13" slack="0"/>
<pin id="3444" dir="1" index="1" bw="13" slack="0"/>
</pin_list>
<bind>
<opset="indvar_flatten "/>
</bind>
</comp>

<comp id="3449" class="1005" name="i_reg_3449">
<pin_list>
<pin id="3450" dir="0" index="0" bw="8" slack="0"/>
<pin id="3451" dir="1" index="1" bw="8" slack="0"/>
</pin_list>
<bind>
<opset="i "/>
</bind>
</comp>

<comp id="3456" class="1005" name="indvar_flatten14_reg_3456">
<pin_list>
<pin id="3457" dir="0" index="0" bw="20" slack="0"/>
<pin id="3458" dir="1" index="1" bw="20" slack="0"/>
</pin_list>
<bind>
<opset="indvar_flatten14 "/>
</bind>
</comp>

<comp id="3463" class="1005" name="b1_local_load_reg_3463">
<pin_list>
<pin id="3464" dir="0" index="0" bw="32" slack="7"/>
<pin id="3465" dir="1" index="1" bw="32" slack="7"/>
</pin_list>
<bind>
<opset="b1_local_load "/>
</bind>
</comp>

<comp id="3468" class="1005" name="b1_local_10_load_reg_3468">
<pin_list>
<pin id="3469" dir="0" index="0" bw="32" slack="7"/>
<pin id="3470" dir="1" index="1" bw="32" slack="7"/>
</pin_list>
<bind>
<opset="b1_local_10_load "/>
</bind>
</comp>

<comp id="3473" class="1005" name="b1_local_11_load_reg_3473">
<pin_list>
<pin id="3474" dir="0" index="0" bw="32" slack="7"/>
<pin id="3475" dir="1" index="1" bw="32" slack="7"/>
</pin_list>
<bind>
<opset="b1_local_11_load "/>
</bind>
</comp>

<comp id="3478" class="1005" name="b1_local_12_load_reg_3478">
<pin_list>
<pin id="3479" dir="0" index="0" bw="32" slack="7"/>
<pin id="3480" dir="1" index="1" bw="32" slack="7"/>
</pin_list>
<bind>
<opset="b1_local_12_load "/>
</bind>
</comp>

<comp id="3483" class="1005" name="b1_local_13_load_reg_3483">
<pin_list>
<pin id="3484" dir="0" index="0" bw="32" slack="7"/>
<pin id="3485" dir="1" index="1" bw="32" slack="7"/>
</pin_list>
<bind>
<opset="b1_local_13_load "/>
</bind>
</comp>

<comp id="3488" class="1005" name="b1_local_14_load_reg_3488">
<pin_list>
<pin id="3489" dir="0" index="0" bw="32" slack="7"/>
<pin id="3490" dir="1" index="1" bw="32" slack="7"/>
</pin_list>
<bind>
<opset="b1_local_14_load "/>
</bind>
</comp>

<comp id="3493" class="1005" name="b1_local_15_load_reg_3493">
<pin_list>
<pin id="3494" dir="0" index="0" bw="32" slack="7"/>
<pin id="3495" dir="1" index="1" bw="32" slack="7"/>
</pin_list>
<bind>
<opset="b1_local_15_load "/>
</bind>
</comp>

<comp id="3498" class="1005" name="b1_local_16_load_reg_3498">
<pin_list>
<pin id="3499" dir="0" index="0" bw="32" slack="7"/>
<pin id="3500" dir="1" index="1" bw="32" slack="7"/>
</pin_list>
<bind>
<opset="b1_local_16_load "/>
</bind>
</comp>

<comp id="3503" class="1005" name="w1_local_load_reg_3503">
<pin_list>
<pin id="3504" dir="0" index="0" bw="32" slack="4"/>
<pin id="3505" dir="1" index="1" bw="32" slack="4"/>
</pin_list>
<bind>
<opset="w1_local_load "/>
</bind>
</comp>

<comp id="3508" class="1005" name="p_ZZ9cnn_accelE8w1_local_27_load_reg_3508">
<pin_list>
<pin id="3509" dir="0" index="0" bw="32" slack="4"/>
<pin id="3510" dir="1" index="1" bw="32" slack="4"/>
</pin_list>
<bind>
<opset="p_ZZ9cnn_accelE8w1_local_27_load "/>
</bind>
</comp>

<comp id="3513" class="1005" name="cnn_accel_w1_local_reg_3513">
<pin_list>
<pin id="3514" dir="0" index="0" bw="32" slack="4"/>
<pin id="3515" dir="1" index="1" bw="32" slack="4"/>
</pin_list>
<bind>
<opset="cnn_accel_w1_local "/>
</bind>
</comp>

<comp id="3518" class="1005" name="cnn_accel_w1_local_183_reg_3518">
<pin_list>
<pin id="3519" dir="0" index="0" bw="32" slack="4"/>
<pin id="3520" dir="1" index="1" bw="32" slack="4"/>
</pin_list>
<bind>
<opset="cnn_accel_w1_local_183 "/>
</bind>
</comp>

<comp id="3523" class="1005" name="p_ZZ9cnn_accelE8w1_local_108_load_reg_3523">
<pin_list>
<pin id="3524" dir="0" index="0" bw="32" slack="4"/>
<pin id="3525" dir="1" index="1" bw="32" slack="4"/>
</pin_list>
<bind>
<opset="p_ZZ9cnn_accelE8w1_local_108_load "/>
</bind>
</comp>

<comp id="3528" class="1005" name="p_ZZ9cnn_accelE8w1_local_135_load_reg_3528">
<pin_list>
<pin id="3529" dir="0" index="0" bw="32" slack="4"/>
<pin id="3530" dir="1" index="1" bw="32" slack="4"/>
</pin_list>
<bind>
<opset="p_ZZ9cnn_accelE8w1_local_135_load "/>
</bind>
</comp>

<comp id="3533" class="1005" name="p_ZZ9cnn_accelE8w1_local_162_load_reg_3533">
<pin_list>
<pin id="3534" dir="0" index="0" bw="32" slack="4"/>
<pin id="3535" dir="1" index="1" bw="32" slack="4"/>
</pin_list>
<bind>
<opset="p_ZZ9cnn_accelE8w1_local_162_load "/>
</bind>
</comp>

<comp id="3538" class="1005" name="p_ZZ9cnn_accelE8w1_local_189_load_reg_3538">
<pin_list>
<pin id="3539" dir="0" index="0" bw="32" slack="4"/>
<pin id="3540" dir="1" index="1" bw="32" slack="4"/>
</pin_list>
<bind>
<opset="p_ZZ9cnn_accelE8w1_local_189_load "/>
</bind>
</comp>

<comp id="3543" class="1005" name="w1_local_9_load_reg_3543">
<pin_list>
<pin id="3544" dir="0" index="0" bw="32" slack="4"/>
<pin id="3545" dir="1" index="1" bw="32" slack="4"/>
</pin_list>
<bind>
<opset="w1_local_9_load "/>
</bind>
</comp>

<comp id="3548" class="1005" name="p_ZZ9cnn_accelE8w1_local_36_load_reg_3548">
<pin_list>
<pin id="3549" dir="0" index="0" bw="32" slack="4"/>
<pin id="3550" dir="1" index="1" bw="32" slack="4"/>
</pin_list>
<bind>
<opset="p_ZZ9cnn_accelE8w1_local_36_load "/>
</bind>
</comp>

<comp id="3553" class="1005" name="cnn_accel_w1_local_184_reg_3553">
<pin_list>
<pin id="3554" dir="0" index="0" bw="32" slack="4"/>
<pin id="3555" dir="1" index="1" bw="32" slack="4"/>
</pin_list>
<bind>
<opset="cnn_accel_w1_local_184 "/>
</bind>
</comp>

<comp id="3558" class="1005" name="p_ZZ9cnn_accelE8w1_local_90_load_reg_3558">
<pin_list>
<pin id="3559" dir="0" index="0" bw="32" slack="4"/>
<pin id="3560" dir="1" index="1" bw="32" slack="4"/>
</pin_list>
<bind>
<opset="p_ZZ9cnn_accelE8w1_local_90_load "/>
</bind>
</comp>

<comp id="3563" class="1005" name="p_ZZ9cnn_accelE8w1_local_117_load_reg_3563">
<pin_list>
<pin id="3564" dir="0" index="0" bw="32" slack="4"/>
<pin id="3565" dir="1" index="1" bw="32" slack="4"/>
</pin_list>
<bind>
<opset="p_ZZ9cnn_accelE8w1_local_117_load "/>
</bind>
</comp>

<comp id="3568" class="1005" name="p_ZZ9cnn_accelE8w1_local_144_load_reg_3568">
<pin_list>
<pin id="3569" dir="0" index="0" bw="32" slack="4"/>
<pin id="3570" dir="1" index="1" bw="32" slack="4"/>
</pin_list>
<bind>
<opset="p_ZZ9cnn_accelE8w1_local_144_load "/>
</bind>
</comp>

<comp id="3573" class="1005" name="p_ZZ9cnn_accelE8w1_local_171_load_reg_3573">
<pin_list>
<pin id="3574" dir="0" index="0" bw="32" slack="4"/>
<pin id="3575" dir="1" index="1" bw="32" slack="4"/>
</pin_list>
<bind>
<opset="p_ZZ9cnn_accelE8w1_local_171_load "/>
</bind>
</comp>

<comp id="3578" class="1005" name="p_ZZ9cnn_accelE8w1_local_198_load_reg_3578">
<pin_list>
<pin id="3579" dir="0" index="0" bw="32" slack="4"/>
<pin id="3580" dir="1" index="1" bw="32" slack="4"/>
</pin_list>
<bind>
<opset="p_ZZ9cnn_accelE8w1_local_198_load "/>
</bind>
</comp>

<comp id="3583" class="1005" name="p_ZZ9cnn_accelE8w1_local_18_load_reg_3583">
<pin_list>
<pin id="3584" dir="0" index="0" bw="32" slack="4"/>
<pin id="3585" dir="1" index="1" bw="32" slack="4"/>
</pin_list>
<bind>
<opset="p_ZZ9cnn_accelE8w1_local_18_load "/>
</bind>
</comp>

<comp id="3588" class="1005" name="cnn_accel_w1_local_185_reg_3588">
<pin_list>
<pin id="3589" dir="0" index="0" bw="32" slack="4"/>
<pin id="3590" dir="1" index="1" bw="32" slack="4"/>
</pin_list>
<bind>
<opset="cnn_accel_w1_local_185 "/>
</bind>
</comp>

<comp id="3593" class="1005" name="cnn_accel_w1_local_186_reg_3593">
<pin_list>
<pin id="3594" dir="0" index="0" bw="32" slack="4"/>
<pin id="3595" dir="1" index="1" bw="32" slack="4"/>
</pin_list>
<bind>
<opset="cnn_accel_w1_local_186 "/>
</bind>
</comp>

<comp id="3598" class="1005" name="p_ZZ9cnn_accelE8w1_local_99_load_reg_3598">
<pin_list>
<pin id="3599" dir="0" index="0" bw="32" slack="4"/>
<pin id="3600" dir="1" index="1" bw="32" slack="4"/>
</pin_list>
<bind>
<opset="p_ZZ9cnn_accelE8w1_local_99_load "/>
</bind>
</comp>

<comp id="3603" class="1005" name="p_ZZ9cnn_accelE8w1_local_126_load_reg_3603">
<pin_list>
<pin id="3604" dir="0" index="0" bw="32" slack="4"/>
<pin id="3605" dir="1" index="1" bw="32" slack="4"/>
</pin_list>
<bind>
<opset="p_ZZ9cnn_accelE8w1_local_126_load "/>
</bind>
</comp>

<comp id="3608" class="1005" name="p_ZZ9cnn_accelE8w1_local_153_load_reg_3608">
<pin_list>
<pin id="3609" dir="0" index="0" bw="32" slack="4"/>
<pin id="3610" dir="1" index="1" bw="32" slack="4"/>
</pin_list>
<bind>
<opset="p_ZZ9cnn_accelE8w1_local_153_load "/>
</bind>
</comp>

<comp id="3613" class="1005" name="p_ZZ9cnn_accelE8w1_local_180_load_reg_3613">
<pin_list>
<pin id="3614" dir="0" index="0" bw="32" slack="4"/>
<pin id="3615" dir="1" index="1" bw="32" slack="4"/>
</pin_list>
<bind>
<opset="p_ZZ9cnn_accelE8w1_local_180_load "/>
</bind>
</comp>

<comp id="3618" class="1005" name="p_ZZ9cnn_accelE8w1_local_207_load_reg_3618">
<pin_list>
<pin id="3619" dir="0" index="0" bw="32" slack="4"/>
<pin id="3620" dir="1" index="1" bw="32" slack="4"/>
</pin_list>
<bind>
<opset="p_ZZ9cnn_accelE8w1_local_207_load "/>
</bind>
</comp>

<comp id="3623" class="1005" name="w1_local_1_load_reg_3623">
<pin_list>
<pin id="3624" dir="0" index="0" bw="32" slack="5"/>
<pin id="3625" dir="1" index="1" bw="32" slack="5"/>
</pin_list>
<bind>
<opset="w1_local_1_load "/>
</bind>
</comp>

<comp id="3628" class="1005" name="p_ZZ9cnn_accelE8w1_local_28_load_reg_3628">
<pin_list>
<pin id="3629" dir="0" index="0" bw="32" slack="5"/>
<pin id="3630" dir="1" index="1" bw="32" slack="5"/>
</pin_list>
<bind>
<opset="p_ZZ9cnn_accelE8w1_local_28_load "/>
</bind>
</comp>

<comp id="3633" class="1005" name="cnn_accel_w1_local_187_reg_3633">
<pin_list>
<pin id="3634" dir="0" index="0" bw="32" slack="5"/>
<pin id="3635" dir="1" index="1" bw="32" slack="5"/>
</pin_list>
<bind>
<opset="cnn_accel_w1_local_187 "/>
</bind>
</comp>

<comp id="3638" class="1005" name="cnn_accel_w1_local_188_reg_3638">
<pin_list>
<pin id="3639" dir="0" index="0" bw="32" slack="5"/>
<pin id="3640" dir="1" index="1" bw="32" slack="5"/>
</pin_list>
<bind>
<opset="cnn_accel_w1_local_188 "/>
</bind>
</comp>

<comp id="3643" class="1005" name="p_ZZ9cnn_accelE8w1_local_109_load_reg_3643">
<pin_list>
<pin id="3644" dir="0" index="0" bw="32" slack="5"/>
<pin id="3645" dir="1" index="1" bw="32" slack="5"/>
</pin_list>
<bind>
<opset="p_ZZ9cnn_accelE8w1_local_109_load "/>
</bind>
</comp>

<comp id="3648" class="1005" name="p_ZZ9cnn_accelE8w1_local_136_load_reg_3648">
<pin_list>
<pin id="3649" dir="0" index="0" bw="32" slack="5"/>
<pin id="3650" dir="1" index="1" bw="32" slack="5"/>
</pin_list>
<bind>
<opset="p_ZZ9cnn_accelE8w1_local_136_load "/>
</bind>
</comp>

<comp id="3653" class="1005" name="p_ZZ9cnn_accelE8w1_local_163_load_reg_3653">
<pin_list>
<pin id="3654" dir="0" index="0" bw="32" slack="5"/>
<pin id="3655" dir="1" index="1" bw="32" slack="5"/>
</pin_list>
<bind>
<opset="p_ZZ9cnn_accelE8w1_local_163_load "/>
</bind>
</comp>

<comp id="3658" class="1005" name="p_ZZ9cnn_accelE8w1_local_190_load_reg_3658">
<pin_list>
<pin id="3659" dir="0" index="0" bw="32" slack="5"/>
<pin id="3660" dir="1" index="1" bw="32" slack="5"/>
</pin_list>
<bind>
<opset="p_ZZ9cnn_accelE8w1_local_190_load "/>
</bind>
</comp>

<comp id="3663" class="1005" name="p_ZZ9cnn_accelE8w1_local_10_load_reg_3663">
<pin_list>
<pin id="3664" dir="0" index="0" bw="32" slack="5"/>
<pin id="3665" dir="1" index="1" bw="32" slack="5"/>
</pin_list>
<bind>
<opset="p_ZZ9cnn_accelE8w1_local_10_load "/>
</bind>
</comp>

<comp id="3668" class="1005" name="p_ZZ9cnn_accelE8w1_local_37_load_reg_3668">
<pin_list>
<pin id="3669" dir="0" index="0" bw="32" slack="5"/>
<pin id="3670" dir="1" index="1" bw="32" slack="5"/>
</pin_list>
<bind>
<opset="p_ZZ9cnn_accelE8w1_local_37_load "/>
</bind>
</comp>

<comp id="3673" class="1005" name="cnn_accel_w1_local_189_reg_3673">
<pin_list>
<pin id="3674" dir="0" index="0" bw="32" slack="5"/>
<pin id="3675" dir="1" index="1" bw="32" slack="5"/>
</pin_list>
<bind>
<opset="cnn_accel_w1_local_189 "/>
</bind>
</comp>

<comp id="3678" class="1005" name="cnn_accel_w1_local_190_reg_3678">
<pin_list>
<pin id="3679" dir="0" index="0" bw="32" slack="5"/>
<pin id="3680" dir="1" index="1" bw="32" slack="5"/>
</pin_list>
<bind>
<opset="cnn_accel_w1_local_190 "/>
</bind>
</comp>

<comp id="3683" class="1005" name="p_ZZ9cnn_accelE8w1_local_118_load_reg_3683">
<pin_list>
<pin id="3684" dir="0" index="0" bw="32" slack="5"/>
<pin id="3685" dir="1" index="1" bw="32" slack="5"/>
</pin_list>
<bind>
<opset="p_ZZ9cnn_accelE8w1_local_118_load "/>
</bind>
</comp>

<comp id="3688" class="1005" name="p_ZZ9cnn_accelE8w1_local_145_load_reg_3688">
<pin_list>
<pin id="3689" dir="0" index="0" bw="32" slack="5"/>
<pin id="3690" dir="1" index="1" bw="32" slack="5"/>
</pin_list>
<bind>
<opset="p_ZZ9cnn_accelE8w1_local_145_load "/>
</bind>
</comp>

<comp id="3693" class="1005" name="p_ZZ9cnn_accelE8w1_local_172_load_reg_3693">
<pin_list>
<pin id="3694" dir="0" index="0" bw="32" slack="5"/>
<pin id="3695" dir="1" index="1" bw="32" slack="5"/>
</pin_list>
<bind>
<opset="p_ZZ9cnn_accelE8w1_local_172_load "/>
</bind>
</comp>

<comp id="3698" class="1005" name="p_ZZ9cnn_accelE8w1_local_199_load_reg_3698">
<pin_list>
<pin id="3699" dir="0" index="0" bw="32" slack="5"/>
<pin id="3700" dir="1" index="1" bw="32" slack="5"/>
</pin_list>
<bind>
<opset="p_ZZ9cnn_accelE8w1_local_199_load "/>
</bind>
</comp>

<comp id="3703" class="1005" name="p_ZZ9cnn_accelE8w1_local_19_load_reg_3703">
<pin_list>
<pin id="3704" dir="0" index="0" bw="32" slack="5"/>
<pin id="3705" dir="1" index="1" bw="32" slack="5"/>
</pin_list>
<bind>
<opset="p_ZZ9cnn_accelE8w1_local_19_load "/>
</bind>
</comp>

<comp id="3708" class="1005" name="p_ZZ9cnn_accelE8w1_local_46_load_reg_3708">
<pin_list>
<pin id="3709" dir="0" index="0" bw="32" slack="5"/>
<pin id="3710" dir="1" index="1" bw="32" slack="5"/>
</pin_list>
<bind>
<opset="p_ZZ9cnn_accelE8w1_local_46_load "/>
</bind>
</comp>

<comp id="3713" class="1005" name="cnn_accel_w1_local_191_reg_3713">
<pin_list>
<pin id="3714" dir="0" index="0" bw="32" slack="5"/>
<pin id="3715" dir="1" index="1" bw="32" slack="5"/>
</pin_list>
<bind>
<opset="cnn_accel_w1_local_191 "/>
</bind>
</comp>

<comp id="3718" class="1005" name="p_ZZ9cnn_accelE8w1_local_100_load_reg_3718">
<pin_list>
<pin id="3719" dir="0" index="0" bw="32" slack="5"/>
<pin id="3720" dir="1" index="1" bw="32" slack="5"/>
</pin_list>
<bind>
<opset="p_ZZ9cnn_accelE8w1_local_100_load "/>
</bind>
</comp>

<comp id="3723" class="1005" name="p_ZZ9cnn_accelE8w1_local_127_load_reg_3723">
<pin_list>
<pin id="3724" dir="0" index="0" bw="32" slack="5"/>
<pin id="3725" dir="1" index="1" bw="32" slack="5"/>
</pin_list>
<bind>
<opset="p_ZZ9cnn_accelE8w1_local_127_load "/>
</bind>
</comp>

<comp id="3728" class="1005" name="p_ZZ9cnn_accelE8w1_local_154_load_reg_3728">
<pin_list>
<pin id="3729" dir="0" index="0" bw="32" slack="5"/>
<pin id="3730" dir="1" index="1" bw="32" slack="5"/>
</pin_list>
<bind>
<opset="p_ZZ9cnn_accelE8w1_local_154_load "/>
</bind>
</comp>

<comp id="3733" class="1005" name="p_ZZ9cnn_accelE8w1_local_181_load_reg_3733">
<pin_list>
<pin id="3734" dir="0" index="0" bw="32" slack="5"/>
<pin id="3735" dir="1" index="1" bw="32" slack="5"/>
</pin_list>
<bind>
<opset="p_ZZ9cnn_accelE8w1_local_181_load "/>
</bind>
</comp>

<comp id="3738" class="1005" name="p_ZZ9cnn_accelE8w1_local_208_load_reg_3738">
<pin_list>
<pin id="3739" dir="0" index="0" bw="32" slack="5"/>
<pin id="3740" dir="1" index="1" bw="32" slack="5"/>
</pin_list>
<bind>
<opset="p_ZZ9cnn_accelE8w1_local_208_load "/>
</bind>
</comp>

<comp id="3743" class="1005" name="w1_local_2_load_reg_3743">
<pin_list>
<pin id="3744" dir="0" index="0" bw="32" slack="6"/>
<pin id="3745" dir="1" index="1" bw="32" slack="6"/>
</pin_list>
<bind>
<opset="w1_local_2_load "/>
</bind>
</comp>

<comp id="3748" class="1005" name="p_ZZ9cnn_accelE8w1_local_29_load_reg_3748">
<pin_list>
<pin id="3749" dir="0" index="0" bw="32" slack="6"/>
<pin id="3750" dir="1" index="1" bw="32" slack="6"/>
</pin_list>
<bind>
<opset="p_ZZ9cnn_accelE8w1_local_29_load "/>
</bind>
</comp>

<comp id="3753" class="1005" name="p_ZZ9cnn_accelE8w1_local_56_load_reg_3753">
<pin_list>
<pin id="3754" dir="0" index="0" bw="32" slack="6"/>
<pin id="3755" dir="1" index="1" bw="32" slack="6"/>
</pin_list>
<bind>
<opset="p_ZZ9cnn_accelE8w1_local_56_load "/>
</bind>
</comp>

<comp id="3758" class="1005" name="cnn_accel_w1_local_192_reg_3758">
<pin_list>
<pin id="3759" dir="0" index="0" bw="32" slack="6"/>
<pin id="3760" dir="1" index="1" bw="32" slack="6"/>
</pin_list>
<bind>
<opset="cnn_accel_w1_local_192 "/>
</bind>
</comp>

<comp id="3763" class="1005" name="p_ZZ9cnn_accelE8w1_local_110_load_reg_3763">
<pin_list>
<pin id="3764" dir="0" index="0" bw="32" slack="6"/>
<pin id="3765" dir="1" index="1" bw="32" slack="6"/>
</pin_list>
<bind>
<opset="p_ZZ9cnn_accelE8w1_local_110_load "/>
</bind>
</comp>

<comp id="3768" class="1005" name="p_ZZ9cnn_accelE8w1_local_137_load_reg_3768">
<pin_list>
<pin id="3769" dir="0" index="0" bw="32" slack="6"/>
<pin id="3770" dir="1" index="1" bw="32" slack="6"/>
</pin_list>
<bind>
<opset="p_ZZ9cnn_accelE8w1_local_137_load "/>
</bind>
</comp>

<comp id="3773" class="1005" name="p_ZZ9cnn_accelE8w1_local_164_load_reg_3773">
<pin_list>
<pin id="3774" dir="0" index="0" bw="32" slack="6"/>
<pin id="3775" dir="1" index="1" bw="32" slack="6"/>
</pin_list>
<bind>
<opset="p_ZZ9cnn_accelE8w1_local_164_load "/>
</bind>
</comp>

<comp id="3778" class="1005" name="p_ZZ9cnn_accelE8w1_local_191_load_reg_3778">
<pin_list>
<pin id="3779" dir="0" index="0" bw="32" slack="6"/>
<pin id="3780" dir="1" index="1" bw="32" slack="6"/>
</pin_list>
<bind>
<opset="p_ZZ9cnn_accelE8w1_local_191_load "/>
</bind>
</comp>

<comp id="3783" class="1005" name="cnn_accel_w1_local_193_reg_3783">
<pin_list>
<pin id="3784" dir="0" index="0" bw="32" slack="6"/>
<pin id="3785" dir="1" index="1" bw="32" slack="6"/>
</pin_list>
<bind>
<opset="cnn_accel_w1_local_193 "/>
</bind>
</comp>

<comp id="3788" class="1005" name="p_ZZ9cnn_accelE8w1_local_38_load_reg_3788">
<pin_list>
<pin id="3789" dir="0" index="0" bw="32" slack="6"/>
<pin id="3790" dir="1" index="1" bw="32" slack="6"/>
</pin_list>
<bind>
<opset="p_ZZ9cnn_accelE8w1_local_38_load "/>
</bind>
</comp>

<comp id="3793" class="1005" name="cnn_accel_w1_local_194_reg_3793">
<pin_list>
<pin id="3794" dir="0" index="0" bw="32" slack="6"/>
<pin id="3795" dir="1" index="1" bw="32" slack="6"/>
</pin_list>
<bind>
<opset="cnn_accel_w1_local_194 "/>
</bind>
</comp>

<comp id="3798" class="1005" name="cnn_accel_w1_local_195_reg_3798">
<pin_list>
<pin id="3799" dir="0" index="0" bw="32" slack="6"/>
<pin id="3800" dir="1" index="1" bw="32" slack="6"/>
</pin_list>
<bind>
<opset="cnn_accel_w1_local_195 "/>
</bind>
</comp>

<comp id="3803" class="1005" name="p_ZZ9cnn_accelE8w1_local_119_load_reg_3803">
<pin_list>
<pin id="3804" dir="0" index="0" bw="32" slack="6"/>
<pin id="3805" dir="1" index="1" bw="32" slack="6"/>
</pin_list>
<bind>
<opset="p_ZZ9cnn_accelE8w1_local_119_load "/>
</bind>
</comp>

<comp id="3808" class="1005" name="p_ZZ9cnn_accelE8w1_local_146_load_reg_3808">
<pin_list>
<pin id="3809" dir="0" index="0" bw="32" slack="6"/>
<pin id="3810" dir="1" index="1" bw="32" slack="6"/>
</pin_list>
<bind>
<opset="p_ZZ9cnn_accelE8w1_local_146_load "/>
</bind>
</comp>

<comp id="3813" class="1005" name="p_ZZ9cnn_accelE8w1_local_173_load_reg_3813">
<pin_list>
<pin id="3814" dir="0" index="0" bw="32" slack="6"/>
<pin id="3815" dir="1" index="1" bw="32" slack="6"/>
</pin_list>
<bind>
<opset="p_ZZ9cnn_accelE8w1_local_173_load "/>
</bind>
</comp>

<comp id="3818" class="1005" name="p_ZZ9cnn_accelE8w1_local_200_load_reg_3818">
<pin_list>
<pin id="3819" dir="0" index="0" bw="32" slack="6"/>
<pin id="3820" dir="1" index="1" bw="32" slack="6"/>
</pin_list>
<bind>
<opset="p_ZZ9cnn_accelE8w1_local_200_load "/>
</bind>
</comp>

<comp id="3823" class="1005" name="p_ZZ9cnn_accelE8w1_local_20_load_reg_3823">
<pin_list>
<pin id="3824" dir="0" index="0" bw="32" slack="6"/>
<pin id="3825" dir="1" index="1" bw="32" slack="6"/>
</pin_list>
<bind>
<opset="p_ZZ9cnn_accelE8w1_local_20_load "/>
</bind>
</comp>

<comp id="3828" class="1005" name="p_ZZ9cnn_accelE8w1_local_47_load_reg_3828">
<pin_list>
<pin id="3829" dir="0" index="0" bw="32" slack="6"/>
<pin id="3830" dir="1" index="1" bw="32" slack="6"/>
</pin_list>
<bind>
<opset="p_ZZ9cnn_accelE8w1_local_47_load "/>
</bind>
</comp>

<comp id="3833" class="1005" name="cnn_accel_w1_local_196_reg_3833">
<pin_list>
<pin id="3834" dir="0" index="0" bw="32" slack="6"/>
<pin id="3835" dir="1" index="1" bw="32" slack="6"/>
</pin_list>
<bind>
<opset="cnn_accel_w1_local_196 "/>
</bind>
</comp>

<comp id="3838" class="1005" name="p_ZZ9cnn_accelE8w1_local_101_load_reg_3838">
<pin_list>
<pin id="3839" dir="0" index="0" bw="32" slack="6"/>
<pin id="3840" dir="1" index="1" bw="32" slack="6"/>
</pin_list>
<bind>
<opset="p_ZZ9cnn_accelE8w1_local_101_load "/>
</bind>
</comp>

<comp id="3843" class="1005" name="p_ZZ9cnn_accelE8w1_local_128_load_reg_3843">
<pin_list>
<pin id="3844" dir="0" index="0" bw="32" slack="6"/>
<pin id="3845" dir="1" index="1" bw="32" slack="6"/>
</pin_list>
<bind>
<opset="p_ZZ9cnn_accelE8w1_local_128_load "/>
</bind>
</comp>

<comp id="3848" class="1005" name="p_ZZ9cnn_accelE8w1_local_155_load_reg_3848">
<pin_list>
<pin id="3849" dir="0" index="0" bw="32" slack="6"/>
<pin id="3850" dir="1" index="1" bw="32" slack="6"/>
</pin_list>
<bind>
<opset="p_ZZ9cnn_accelE8w1_local_155_load "/>
</bind>
</comp>

<comp id="3853" class="1005" name="p_ZZ9cnn_accelE8w1_local_182_load_reg_3853">
<pin_list>
<pin id="3854" dir="0" index="0" bw="32" slack="6"/>
<pin id="3855" dir="1" index="1" bw="32" slack="6"/>
</pin_list>
<bind>
<opset="p_ZZ9cnn_accelE8w1_local_182_load "/>
</bind>
</comp>

<comp id="3858" class="1005" name="p_ZZ9cnn_accelE8w1_local_209_load_reg_3858">
<pin_list>
<pin id="3859" dir="0" index="0" bw="32" slack="6"/>
<pin id="3860" dir="1" index="1" bw="32" slack="6"/>
</pin_list>
<bind>
<opset="p_ZZ9cnn_accelE8w1_local_209_load "/>
</bind>
</comp>

<comp id="3863" class="1005" name="w1_local_3_load_reg_3863">
<pin_list>
<pin id="3864" dir="0" index="0" bw="32" slack="7"/>
<pin id="3865" dir="1" index="1" bw="32" slack="7"/>
</pin_list>
<bind>
<opset="w1_local_3_load "/>
</bind>
</comp>

<comp id="3868" class="1005" name="p_ZZ9cnn_accelE8w1_local_30_load_reg_3868">
<pin_list>
<pin id="3869" dir="0" index="0" bw="32" slack="7"/>
<pin id="3870" dir="1" index="1" bw="32" slack="7"/>
</pin_list>
<bind>
<opset="p_ZZ9cnn_accelE8w1_local_30_load "/>
</bind>
</comp>

<comp id="3873" class="1005" name="p_ZZ9cnn_accelE8w1_local_57_load_reg_3873">
<pin_list>
<pin id="3874" dir="0" index="0" bw="32" slack="7"/>
<pin id="3875" dir="1" index="1" bw="32" slack="7"/>
</pin_list>
<bind>
<opset="p_ZZ9cnn_accelE8w1_local_57_load "/>
</bind>
</comp>

<comp id="3878" class="1005" name="cnn_accel_w1_local_197_reg_3878">
<pin_list>
<pin id="3879" dir="0" index="0" bw="32" slack="7"/>
<pin id="3880" dir="1" index="1" bw="32" slack="7"/>
</pin_list>
<bind>
<opset="cnn_accel_w1_local_197 "/>
</bind>
</comp>

<comp id="3883" class="1005" name="p_ZZ9cnn_accelE8w1_local_111_load_reg_3883">
<pin_list>
<pin id="3884" dir="0" index="0" bw="32" slack="7"/>
<pin id="3885" dir="1" index="1" bw="32" slack="7"/>
</pin_list>
<bind>
<opset="p_ZZ9cnn_accelE8w1_local_111_load "/>
</bind>
</comp>

<comp id="3888" class="1005" name="p_ZZ9cnn_accelE8w1_local_138_load_reg_3888">
<pin_list>
<pin id="3889" dir="0" index="0" bw="32" slack="7"/>
<pin id="3890" dir="1" index="1" bw="32" slack="7"/>
</pin_list>
<bind>
<opset="p_ZZ9cnn_accelE8w1_local_138_load "/>
</bind>
</comp>

<comp id="3893" class="1005" name="p_ZZ9cnn_accelE8w1_local_165_load_reg_3893">
<pin_list>
<pin id="3894" dir="0" index="0" bw="32" slack="7"/>
<pin id="3895" dir="1" index="1" bw="32" slack="7"/>
</pin_list>
<bind>
<opset="p_ZZ9cnn_accelE8w1_local_165_load "/>
</bind>
</comp>

<comp id="3898" class="1005" name="p_ZZ9cnn_accelE8w1_local_192_load_reg_3898">
<pin_list>
<pin id="3899" dir="0" index="0" bw="32" slack="7"/>
<pin id="3900" dir="1" index="1" bw="32" slack="7"/>
</pin_list>
<bind>
<opset="p_ZZ9cnn_accelE8w1_local_192_load "/>
</bind>
</comp>

<comp id="3903" class="1005" name="cnn_accel_w1_local_198_reg_3903">
<pin_list>
<pin id="3904" dir="0" index="0" bw="32" slack="7"/>
<pin id="3905" dir="1" index="1" bw="32" slack="7"/>
</pin_list>
<bind>
<opset="cnn_accel_w1_local_198 "/>
</bind>
</comp>

<comp id="3908" class="1005" name="p_ZZ9cnn_accelE8w1_local_39_load_reg_3908">
<pin_list>
<pin id="3909" dir="0" index="0" bw="32" slack="7"/>
<pin id="3910" dir="1" index="1" bw="32" slack="7"/>
</pin_list>
<bind>
<opset="p_ZZ9cnn_accelE8w1_local_39_load "/>
</bind>
</comp>

<comp id="3913" class="1005" name="p_ZZ9cnn_accelE8w1_local_66_load_reg_3913">
<pin_list>
<pin id="3914" dir="0" index="0" bw="32" slack="7"/>
<pin id="3915" dir="1" index="1" bw="32" slack="7"/>
</pin_list>
<bind>
<opset="p_ZZ9cnn_accelE8w1_local_66_load "/>
</bind>
</comp>

<comp id="3918" class="1005" name="cnn_accel_w1_local_199_reg_3918">
<pin_list>
<pin id="3919" dir="0" index="0" bw="32" slack="7"/>
<pin id="3920" dir="1" index="1" bw="32" slack="7"/>
</pin_list>
<bind>
<opset="cnn_accel_w1_local_199 "/>
</bind>
</comp>

<comp id="3923" class="1005" name="p_ZZ9cnn_accelE8w1_local_120_load_reg_3923">
<pin_list>
<pin id="3924" dir="0" index="0" bw="32" slack="7"/>
<pin id="3925" dir="1" index="1" bw="32" slack="7"/>
</pin_list>
<bind>
<opset="p_ZZ9cnn_accelE8w1_local_120_load "/>
</bind>
</comp>

<comp id="3928" class="1005" name="p_ZZ9cnn_accelE8w1_local_147_load_reg_3928">
<pin_list>
<pin id="3929" dir="0" index="0" bw="32" slack="7"/>
<pin id="3930" dir="1" index="1" bw="32" slack="7"/>
</pin_list>
<bind>
<opset="p_ZZ9cnn_accelE8w1_local_147_load "/>
</bind>
</comp>

<comp id="3933" class="1005" name="p_ZZ9cnn_accelE8w1_local_174_load_reg_3933">
<pin_list>
<pin id="3934" dir="0" index="0" bw="32" slack="7"/>
<pin id="3935" dir="1" index="1" bw="32" slack="7"/>
</pin_list>
<bind>
<opset="p_ZZ9cnn_accelE8w1_local_174_load "/>
</bind>
</comp>

<comp id="3938" class="1005" name="p_ZZ9cnn_accelE8w1_local_201_load_reg_3938">
<pin_list>
<pin id="3939" dir="0" index="0" bw="32" slack="7"/>
<pin id="3940" dir="1" index="1" bw="32" slack="7"/>
</pin_list>
<bind>
<opset="p_ZZ9cnn_accelE8w1_local_201_load "/>
</bind>
</comp>

<comp id="3943" class="1005" name="cnn_accel_w1_local_200_reg_3943">
<pin_list>
<pin id="3944" dir="0" index="0" bw="32" slack="7"/>
<pin id="3945" dir="1" index="1" bw="32" slack="7"/>
</pin_list>
<bind>
<opset="cnn_accel_w1_local_200 "/>
</bind>
</comp>

<comp id="3948" class="1005" name="p_ZZ9cnn_accelE8w1_local_48_load_reg_3948">
<pin_list>
<pin id="3949" dir="0" index="0" bw="32" slack="7"/>
<pin id="3950" dir="1" index="1" bw="32" slack="7"/>
</pin_list>
<bind>
<opset="p_ZZ9cnn_accelE8w1_local_48_load "/>
</bind>
</comp>

<comp id="3953" class="1005" name="cnn_accel_w1_local_201_reg_3953">
<pin_list>
<pin id="3954" dir="0" index="0" bw="32" slack="7"/>
<pin id="3955" dir="1" index="1" bw="32" slack="7"/>
</pin_list>
<bind>
<opset="cnn_accel_w1_local_201 "/>
</bind>
</comp>

<comp id="3958" class="1005" name="p_ZZ9cnn_accelE8w1_local_102_load_reg_3958">
<pin_list>
<pin id="3959" dir="0" index="0" bw="32" slack="7"/>
<pin id="3960" dir="1" index="1" bw="32" slack="7"/>
</pin_list>
<bind>
<opset="p_ZZ9cnn_accelE8w1_local_102_load "/>
</bind>
</comp>

<comp id="3963" class="1005" name="p_ZZ9cnn_accelE8w1_local_129_load_reg_3963">
<pin_list>
<pin id="3964" dir="0" index="0" bw="32" slack="7"/>
<pin id="3965" dir="1" index="1" bw="32" slack="7"/>
</pin_list>
<bind>
<opset="p_ZZ9cnn_accelE8w1_local_129_load "/>
</bind>
</comp>

<comp id="3968" class="1005" name="p_ZZ9cnn_accelE8w1_local_156_load_reg_3968">
<pin_list>
<pin id="3969" dir="0" index="0" bw="32" slack="7"/>
<pin id="3970" dir="1" index="1" bw="32" slack="7"/>
</pin_list>
<bind>
<opset="p_ZZ9cnn_accelE8w1_local_156_load "/>
</bind>
</comp>

<comp id="3973" class="1005" name="p_ZZ9cnn_accelE8w1_local_183_load_reg_3973">
<pin_list>
<pin id="3974" dir="0" index="0" bw="32" slack="7"/>
<pin id="3975" dir="1" index="1" bw="32" slack="7"/>
</pin_list>
<bind>
<opset="p_ZZ9cnn_accelE8w1_local_183_load "/>
</bind>
</comp>

<comp id="3978" class="1005" name="p_ZZ9cnn_accelE8w1_local_210_load_reg_3978">
<pin_list>
<pin id="3979" dir="0" index="0" bw="32" slack="7"/>
<pin id="3980" dir="1" index="1" bw="32" slack="7"/>
</pin_list>
<bind>
<opset="p_ZZ9cnn_accelE8w1_local_210_load "/>
</bind>
</comp>

<comp id="3983" class="1005" name="w1_local_4_load_reg_3983">
<pin_list>
<pin id="3984" dir="0" index="0" bw="32" slack="8"/>
<pin id="3985" dir="1" index="1" bw="32" slack="8"/>
</pin_list>
<bind>
<opset="w1_local_4_load "/>
</bind>
</comp>

<comp id="3988" class="1005" name="cnn_accel_w1_local_202_reg_3988">
<pin_list>
<pin id="3989" dir="0" index="0" bw="32" slack="8"/>
<pin id="3990" dir="1" index="1" bw="32" slack="8"/>
</pin_list>
<bind>
<opset="cnn_accel_w1_local_202 "/>
</bind>
</comp>

<comp id="3993" class="1005" name="p_ZZ9cnn_accelE8w1_local_58_load_reg_3993">
<pin_list>
<pin id="3994" dir="0" index="0" bw="32" slack="8"/>
<pin id="3995" dir="1" index="1" bw="32" slack="8"/>
</pin_list>
<bind>
<opset="p_ZZ9cnn_accelE8w1_local_58_load "/>
</bind>
</comp>

<comp id="3998" class="1005" name="cnn_accel_w1_local_203_reg_3998">
<pin_list>
<pin id="3999" dir="0" index="0" bw="32" slack="8"/>
<pin id="4000" dir="1" index="1" bw="32" slack="8"/>
</pin_list>
<bind>
<opset="cnn_accel_w1_local_203 "/>
</bind>
</comp>

<comp id="4003" class="1005" name="p_ZZ9cnn_accelE8w1_local_112_load_reg_4003">
<pin_list>
<pin id="4004" dir="0" index="0" bw="32" slack="8"/>
<pin id="4005" dir="1" index="1" bw="32" slack="8"/>
</pin_list>
<bind>
<opset="p_ZZ9cnn_accelE8w1_local_112_load "/>
</bind>
</comp>

<comp id="4008" class="1005" name="p_ZZ9cnn_accelE8w1_local_139_load_reg_4008">
<pin_list>
<pin id="4009" dir="0" index="0" bw="32" slack="8"/>
<pin id="4010" dir="1" index="1" bw="32" slack="8"/>
</pin_list>
<bind>
<opset="p_ZZ9cnn_accelE8w1_local_139_load "/>
</bind>
</comp>

<comp id="4013" class="1005" name="p_ZZ9cnn_accelE8w1_local_166_load_reg_4013">
<pin_list>
<pin id="4014" dir="0" index="0" bw="32" slack="8"/>
<pin id="4015" dir="1" index="1" bw="32" slack="8"/>
</pin_list>
<bind>
<opset="p_ZZ9cnn_accelE8w1_local_166_load "/>
</bind>
</comp>

<comp id="4018" class="1005" name="p_ZZ9cnn_accelE8w1_local_193_load_reg_4018">
<pin_list>
<pin id="4019" dir="0" index="0" bw="32" slack="8"/>
<pin id="4020" dir="1" index="1" bw="32" slack="8"/>
</pin_list>
<bind>
<opset="p_ZZ9cnn_accelE8w1_local_193_load "/>
</bind>
</comp>

<comp id="4023" class="1005" name="cnn_accel_w1_local_204_reg_4023">
<pin_list>
<pin id="4024" dir="0" index="0" bw="32" slack="8"/>
<pin id="4025" dir="1" index="1" bw="32" slack="8"/>
</pin_list>
<bind>
<opset="cnn_accel_w1_local_204 "/>
</bind>
</comp>

<comp id="4028" class="1005" name="p_ZZ9cnn_accelE8w1_local_40_load_reg_4028">
<pin_list>
<pin id="4029" dir="0" index="0" bw="32" slack="8"/>
<pin id="4030" dir="1" index="1" bw="32" slack="8"/>
</pin_list>
<bind>
<opset="p_ZZ9cnn_accelE8w1_local_40_load "/>
</bind>
</comp>

<comp id="4033" class="1005" name="p_ZZ9cnn_accelE8w1_local_67_load_reg_4033">
<pin_list>
<pin id="4034" dir="0" index="0" bw="32" slack="8"/>
<pin id="4035" dir="1" index="1" bw="32" slack="8"/>
</pin_list>
<bind>
<opset="p_ZZ9cnn_accelE8w1_local_67_load "/>
</bind>
</comp>

<comp id="4038" class="1005" name="cnn_accel_w1_local_205_reg_4038">
<pin_list>
<pin id="4039" dir="0" index="0" bw="32" slack="8"/>
<pin id="4040" dir="1" index="1" bw="32" slack="8"/>
</pin_list>
<bind>
<opset="cnn_accel_w1_local_205 "/>
</bind>
</comp>

<comp id="4043" class="1005" name="p_ZZ9cnn_accelE8w1_local_121_load_reg_4043">
<pin_list>
<pin id="4044" dir="0" index="0" bw="32" slack="8"/>
<pin id="4045" dir="1" index="1" bw="32" slack="8"/>
</pin_list>
<bind>
<opset="p_ZZ9cnn_accelE8w1_local_121_load "/>
</bind>
</comp>

<comp id="4048" class="1005" name="p_ZZ9cnn_accelE8w1_local_148_load_reg_4048">
<pin_list>
<pin id="4049" dir="0" index="0" bw="32" slack="8"/>
<pin id="4050" dir="1" index="1" bw="32" slack="8"/>
</pin_list>
<bind>
<opset="p_ZZ9cnn_accelE8w1_local_148_load "/>
</bind>
</comp>

<comp id="4053" class="1005" name="p_ZZ9cnn_accelE8w1_local_175_load_reg_4053">
<pin_list>
<pin id="4054" dir="0" index="0" bw="32" slack="8"/>
<pin id="4055" dir="1" index="1" bw="32" slack="8"/>
</pin_list>
<bind>
<opset="p_ZZ9cnn_accelE8w1_local_175_load "/>
</bind>
</comp>

<comp id="4058" class="1005" name="p_ZZ9cnn_accelE8w1_local_202_load_reg_4058">
<pin_list>
<pin id="4059" dir="0" index="0" bw="32" slack="8"/>
<pin id="4060" dir="1" index="1" bw="32" slack="8"/>
</pin_list>
<bind>
<opset="p_ZZ9cnn_accelE8w1_local_202_load "/>
</bind>
</comp>

<comp id="4063" class="1005" name="cnn_accel_w1_local_206_reg_4063">
<pin_list>
<pin id="4064" dir="0" index="0" bw="32" slack="8"/>
<pin id="4065" dir="1" index="1" bw="32" slack="8"/>
</pin_list>
<bind>
<opset="cnn_accel_w1_local_206 "/>
</bind>
</comp>

<comp id="4068" class="1005" name="p_ZZ9cnn_accelE8w1_local_49_load_reg_4068">
<pin_list>
<pin id="4069" dir="0" index="0" bw="32" slack="8"/>
<pin id="4070" dir="1" index="1" bw="32" slack="8"/>
</pin_list>
<bind>
<opset="p_ZZ9cnn_accelE8w1_local_49_load "/>
</bind>
</comp>

<comp id="4073" class="1005" name="p_ZZ9cnn_accelE8w1_local_76_load_reg_4073">
<pin_list>
<pin id="4074" dir="0" index="0" bw="32" slack="8"/>
<pin id="4075" dir="1" index="1" bw="32" slack="8"/>
</pin_list>
<bind>
<opset="p_ZZ9cnn_accelE8w1_local_76_load "/>
</bind>
</comp>

<comp id="4078" class="1005" name="p_ZZ9cnn_accelE8w1_local_103_load_reg_4078">
<pin_list>
<pin id="4079" dir="0" index="0" bw="32" slack="8"/>
<pin id="4080" dir="1" index="1" bw="32" slack="8"/>
</pin_list>
<bind>
<opset="p_ZZ9cnn_accelE8w1_local_103_load "/>
</bind>
</comp>

<comp id="4083" class="1005" name="p_ZZ9cnn_accelE8w1_local_130_load_reg_4083">
<pin_list>
<pin id="4084" dir="0" index="0" bw="32" slack="8"/>
<pin id="4085" dir="1" index="1" bw="32" slack="8"/>
</pin_list>
<bind>
<opset="p_ZZ9cnn_accelE8w1_local_130_load "/>
</bind>
</comp>

<comp id="4088" class="1005" name="p_ZZ9cnn_accelE8w1_local_157_load_reg_4088">
<pin_list>
<pin id="4089" dir="0" index="0" bw="32" slack="8"/>
<pin id="4090" dir="1" index="1" bw="32" slack="8"/>
</pin_list>
<bind>
<opset="p_ZZ9cnn_accelE8w1_local_157_load "/>
</bind>
</comp>

<comp id="4093" class="1005" name="p_ZZ9cnn_accelE8w1_local_184_load_reg_4093">
<pin_list>
<pin id="4094" dir="0" index="0" bw="32" slack="8"/>
<pin id="4095" dir="1" index="1" bw="32" slack="8"/>
</pin_list>
<bind>
<opset="p_ZZ9cnn_accelE8w1_local_184_load "/>
</bind>
</comp>

<comp id="4098" class="1005" name="p_ZZ9cnn_accelE8w1_local_211_load_reg_4098">
<pin_list>
<pin id="4099" dir="0" index="0" bw="32" slack="8"/>
<pin id="4100" dir="1" index="1" bw="32" slack="8"/>
</pin_list>
<bind>
<opset="p_ZZ9cnn_accelE8w1_local_211_load "/>
</bind>
</comp>

<comp id="4103" class="1005" name="w1_local_5_load_reg_4103">
<pin_list>
<pin id="4104" dir="0" index="0" bw="32" slack="9"/>
<pin id="4105" dir="1" index="1" bw="32" slack="9"/>
</pin_list>
<bind>
<opset="w1_local_5_load "/>
</bind>
</comp>

<comp id="4108" class="1005" name="cnn_accel_w1_local_207_reg_4108">
<pin_list>
<pin id="4109" dir="0" index="0" bw="32" slack="9"/>
<pin id="4110" dir="1" index="1" bw="32" slack="9"/>
</pin_list>
<bind>
<opset="cnn_accel_w1_local_207 "/>
</bind>
</comp>

<comp id="4113" class="1005" name="p_ZZ9cnn_accelE8w1_local_59_load_reg_4113">
<pin_list>
<pin id="4114" dir="0" index="0" bw="32" slack="9"/>
<pin id="4115" dir="1" index="1" bw="32" slack="9"/>
</pin_list>
<bind>
<opset="p_ZZ9cnn_accelE8w1_local_59_load "/>
</bind>
</comp>

<comp id="4118" class="1005" name="p_ZZ9cnn_accelE8w1_local_86_load_reg_4118">
<pin_list>
<pin id="4119" dir="0" index="0" bw="32" slack="9"/>
<pin id="4120" dir="1" index="1" bw="32" slack="9"/>
</pin_list>
<bind>
<opset="p_ZZ9cnn_accelE8w1_local_86_load "/>
</bind>
</comp>

<comp id="4123" class="1005" name="p_ZZ9cnn_accelE8w1_local_113_load_reg_4123">
<pin_list>
<pin id="4124" dir="0" index="0" bw="32" slack="9"/>
<pin id="4125" dir="1" index="1" bw="32" slack="9"/>
</pin_list>
<bind>
<opset="p_ZZ9cnn_accelE8w1_local_113_load "/>
</bind>
</comp>

<comp id="4128" class="1005" name="p_ZZ9cnn_accelE8w1_local_140_load_reg_4128">
<pin_list>
<pin id="4129" dir="0" index="0" bw="32" slack="9"/>
<pin id="4130" dir="1" index="1" bw="32" slack="9"/>
</pin_list>
<bind>
<opset="p_ZZ9cnn_accelE8w1_local_140_load "/>
</bind>
</comp>

<comp id="4133" class="1005" name="p_ZZ9cnn_accelE8w1_local_167_load_reg_4133">
<pin_list>
<pin id="4134" dir="0" index="0" bw="32" slack="9"/>
<pin id="4135" dir="1" index="1" bw="32" slack="9"/>
</pin_list>
<bind>
<opset="p_ZZ9cnn_accelE8w1_local_167_load "/>
</bind>
</comp>

<comp id="4138" class="1005" name="p_ZZ9cnn_accelE8w1_local_194_load_reg_4138">
<pin_list>
<pin id="4139" dir="0" index="0" bw="32" slack="9"/>
<pin id="4140" dir="1" index="1" bw="32" slack="9"/>
</pin_list>
<bind>
<opset="p_ZZ9cnn_accelE8w1_local_194_load "/>
</bind>
</comp>

<comp id="4143" class="1005" name="cnn_accel_w1_local_208_reg_4143">
<pin_list>
<pin id="4144" dir="0" index="0" bw="32" slack="9"/>
<pin id="4145" dir="1" index="1" bw="32" slack="9"/>
</pin_list>
<bind>
<opset="cnn_accel_w1_local_208 "/>
</bind>
</comp>

<comp id="4148" class="1005" name="cnn_accel_w1_local_209_reg_4148">
<pin_list>
<pin id="4149" dir="0" index="0" bw="32" slack="9"/>
<pin id="4150" dir="1" index="1" bw="32" slack="9"/>
</pin_list>
<bind>
<opset="cnn_accel_w1_local_209 "/>
</bind>
</comp>

<comp id="4153" class="1005" name="p_ZZ9cnn_accelE8w1_local_68_load_reg_4153">
<pin_list>
<pin id="4154" dir="0" index="0" bw="32" slack="9"/>
<pin id="4155" dir="1" index="1" bw="32" slack="9"/>
</pin_list>
<bind>
<opset="p_ZZ9cnn_accelE8w1_local_68_load "/>
</bind>
</comp>

<comp id="4158" class="1005" name="cnn_accel_w1_local_210_reg_4158">
<pin_list>
<pin id="4159" dir="0" index="0" bw="32" slack="9"/>
<pin id="4160" dir="1" index="1" bw="32" slack="9"/>
</pin_list>
<bind>
<opset="cnn_accel_w1_local_210 "/>
</bind>
</comp>

<comp id="4163" class="1005" name="p_ZZ9cnn_accelE8w1_local_122_load_reg_4163">
<pin_list>
<pin id="4164" dir="0" index="0" bw="32" slack="9"/>
<pin id="4165" dir="1" index="1" bw="32" slack="9"/>
</pin_list>
<bind>
<opset="p_ZZ9cnn_accelE8w1_local_122_load "/>
</bind>
</comp>

<comp id="4168" class="1005" name="p_ZZ9cnn_accelE8w1_local_149_load_reg_4168">
<pin_list>
<pin id="4169" dir="0" index="0" bw="32" slack="9"/>
<pin id="4170" dir="1" index="1" bw="32" slack="9"/>
</pin_list>
<bind>
<opset="p_ZZ9cnn_accelE8w1_local_149_load "/>
</bind>
</comp>

<comp id="4173" class="1005" name="p_ZZ9cnn_accelE8w1_local_176_load_reg_4173">
<pin_list>
<pin id="4174" dir="0" index="0" bw="32" slack="9"/>
<pin id="4175" dir="1" index="1" bw="32" slack="9"/>
</pin_list>
<bind>
<opset="p_ZZ9cnn_accelE8w1_local_176_load "/>
</bind>
</comp>

<comp id="4178" class="1005" name="p_ZZ9cnn_accelE8w1_local_203_load_reg_4178">
<pin_list>
<pin id="4179" dir="0" index="0" bw="32" slack="9"/>
<pin id="4180" dir="1" index="1" bw="32" slack="9"/>
</pin_list>
<bind>
<opset="p_ZZ9cnn_accelE8w1_local_203_load "/>
</bind>
</comp>

<comp id="4183" class="1005" name="cnn_accel_w1_local_211_reg_4183">
<pin_list>
<pin id="4184" dir="0" index="0" bw="32" slack="9"/>
<pin id="4185" dir="1" index="1" bw="32" slack="9"/>
</pin_list>
<bind>
<opset="cnn_accel_w1_local_211 "/>
</bind>
</comp>

<comp id="4188" class="1005" name="p_ZZ9cnn_accelE8w1_local_50_load_reg_4188">
<pin_list>
<pin id="4189" dir="0" index="0" bw="32" slack="9"/>
<pin id="4190" dir="1" index="1" bw="32" slack="9"/>
</pin_list>
<bind>
<opset="p_ZZ9cnn_accelE8w1_local_50_load "/>
</bind>
</comp>

<comp id="4193" class="1005" name="p_ZZ9cnn_accelE8w1_local_77_load_reg_4193">
<pin_list>
<pin id="4194" dir="0" index="0" bw="32" slack="9"/>
<pin id="4195" dir="1" index="1" bw="32" slack="9"/>
</pin_list>
<bind>
<opset="p_ZZ9cnn_accelE8w1_local_77_load "/>
</bind>
</comp>

<comp id="4198" class="1005" name="p_ZZ9cnn_accelE8w1_local_104_load_reg_4198">
<pin_list>
<pin id="4199" dir="0" index="0" bw="32" slack="9"/>
<pin id="4200" dir="1" index="1" bw="32" slack="9"/>
</pin_list>
<bind>
<opset="p_ZZ9cnn_accelE8w1_local_104_load "/>
</bind>
</comp>

<comp id="4203" class="1005" name="p_ZZ9cnn_accelE8w1_local_131_load_reg_4203">
<pin_list>
<pin id="4204" dir="0" index="0" bw="32" slack="9"/>
<pin id="4205" dir="1" index="1" bw="32" slack="9"/>
</pin_list>
<bind>
<opset="p_ZZ9cnn_accelE8w1_local_131_load "/>
</bind>
</comp>

<comp id="4208" class="1005" name="p_ZZ9cnn_accelE8w1_local_158_load_reg_4208">
<pin_list>
<pin id="4209" dir="0" index="0" bw="32" slack="9"/>
<pin id="4210" dir="1" index="1" bw="32" slack="9"/>
</pin_list>
<bind>
<opset="p_ZZ9cnn_accelE8w1_local_158_load "/>
</bind>
</comp>

<comp id="4213" class="1005" name="p_ZZ9cnn_accelE8w1_local_185_load_reg_4213">
<pin_list>
<pin id="4214" dir="0" index="0" bw="32" slack="9"/>
<pin id="4215" dir="1" index="1" bw="32" slack="9"/>
</pin_list>
<bind>
<opset="p_ZZ9cnn_accelE8w1_local_185_load "/>
</bind>
</comp>

<comp id="4218" class="1005" name="p_ZZ9cnn_accelE8w1_local_212_load_reg_4218">
<pin_list>
<pin id="4219" dir="0" index="0" bw="32" slack="9"/>
<pin id="4220" dir="1" index="1" bw="32" slack="9"/>
</pin_list>
<bind>
<opset="p_ZZ9cnn_accelE8w1_local_212_load "/>
</bind>
</comp>

<comp id="4223" class="1005" name="w1_local_6_load_reg_4223">
<pin_list>
<pin id="4224" dir="0" index="0" bw="32" slack="10"/>
<pin id="4225" dir="1" index="1" bw="32" slack="10"/>
</pin_list>
<bind>
<opset="w1_local_6_load "/>
</bind>
</comp>

<comp id="4228" class="1005" name="cnn_accel_w1_local_212_reg_4228">
<pin_list>
<pin id="4229" dir="0" index="0" bw="32" slack="10"/>
<pin id="4230" dir="1" index="1" bw="32" slack="10"/>
</pin_list>
<bind>
<opset="cnn_accel_w1_local_212 "/>
</bind>
</comp>

<comp id="4233" class="1005" name="p_ZZ9cnn_accelE8w1_local_60_load_reg_4233">
<pin_list>
<pin id="4234" dir="0" index="0" bw="32" slack="10"/>
<pin id="4235" dir="1" index="1" bw="32" slack="10"/>
</pin_list>
<bind>
<opset="p_ZZ9cnn_accelE8w1_local_60_load "/>
</bind>
</comp>

<comp id="4238" class="1005" name="p_ZZ9cnn_accelE8w1_local_87_load_reg_4238">
<pin_list>
<pin id="4239" dir="0" index="0" bw="32" slack="10"/>
<pin id="4240" dir="1" index="1" bw="32" slack="10"/>
</pin_list>
<bind>
<opset="p_ZZ9cnn_accelE8w1_local_87_load "/>
</bind>
</comp>

<comp id="4243" class="1005" name="p_ZZ9cnn_accelE8w1_local_114_load_reg_4243">
<pin_list>
<pin id="4244" dir="0" index="0" bw="32" slack="10"/>
<pin id="4245" dir="1" index="1" bw="32" slack="10"/>
</pin_list>
<bind>
<opset="p_ZZ9cnn_accelE8w1_local_114_load "/>
</bind>
</comp>

<comp id="4248" class="1005" name="p_ZZ9cnn_accelE8w1_local_141_load_reg_4248">
<pin_list>
<pin id="4249" dir="0" index="0" bw="32" slack="10"/>
<pin id="4250" dir="1" index="1" bw="32" slack="10"/>
</pin_list>
<bind>
<opset="p_ZZ9cnn_accelE8w1_local_141_load "/>
</bind>
</comp>

<comp id="4253" class="1005" name="p_ZZ9cnn_accelE8w1_local_168_load_reg_4253">
<pin_list>
<pin id="4254" dir="0" index="0" bw="32" slack="10"/>
<pin id="4255" dir="1" index="1" bw="32" slack="10"/>
</pin_list>
<bind>
<opset="p_ZZ9cnn_accelE8w1_local_168_load "/>
</bind>
</comp>

<comp id="4258" class="1005" name="p_ZZ9cnn_accelE8w1_local_195_load_reg_4258">
<pin_list>
<pin id="4259" dir="0" index="0" bw="32" slack="10"/>
<pin id="4260" dir="1" index="1" bw="32" slack="10"/>
</pin_list>
<bind>
<opset="p_ZZ9cnn_accelE8w1_local_195_load "/>
</bind>
</comp>

<comp id="4263" class="1005" name="cnn_accel_w1_local_213_reg_4263">
<pin_list>
<pin id="4264" dir="0" index="0" bw="32" slack="10"/>
<pin id="4265" dir="1" index="1" bw="32" slack="10"/>
</pin_list>
<bind>
<opset="cnn_accel_w1_local_213 "/>
</bind>
</comp>

<comp id="4268" class="1005" name="cnn_accel_w1_local_214_reg_4268">
<pin_list>
<pin id="4269" dir="0" index="0" bw="32" slack="10"/>
<pin id="4270" dir="1" index="1" bw="32" slack="10"/>
</pin_list>
<bind>
<opset="cnn_accel_w1_local_214 "/>
</bind>
</comp>

<comp id="4273" class="1005" name="p_ZZ9cnn_accelE8w1_local_69_load_reg_4273">
<pin_list>
<pin id="4274" dir="0" index="0" bw="32" slack="10"/>
<pin id="4275" dir="1" index="1" bw="32" slack="10"/>
</pin_list>
<bind>
<opset="p_ZZ9cnn_accelE8w1_local_69_load "/>
</bind>
</comp>

<comp id="4278" class="1005" name="p_ZZ9cnn_accelE8w1_local_96_load_reg_4278">
<pin_list>
<pin id="4279" dir="0" index="0" bw="32" slack="10"/>
<pin id="4280" dir="1" index="1" bw="32" slack="10"/>
</pin_list>
<bind>
<opset="p_ZZ9cnn_accelE8w1_local_96_load "/>
</bind>
</comp>

<comp id="4283" class="1005" name="p_ZZ9cnn_accelE8w1_local_123_load_reg_4283">
<pin_list>
<pin id="4284" dir="0" index="0" bw="32" slack="10"/>
<pin id="4285" dir="1" index="1" bw="32" slack="10"/>
</pin_list>
<bind>
<opset="p_ZZ9cnn_accelE8w1_local_123_load "/>
</bind>
</comp>

<comp id="4288" class="1005" name="p_ZZ9cnn_accelE8w1_local_150_load_reg_4288">
<pin_list>
<pin id="4289" dir="0" index="0" bw="32" slack="10"/>
<pin id="4290" dir="1" index="1" bw="32" slack="10"/>
</pin_list>
<bind>
<opset="p_ZZ9cnn_accelE8w1_local_150_load "/>
</bind>
</comp>

<comp id="4293" class="1005" name="p_ZZ9cnn_accelE8w1_local_177_load_reg_4293">
<pin_list>
<pin id="4294" dir="0" index="0" bw="32" slack="10"/>
<pin id="4295" dir="1" index="1" bw="32" slack="10"/>
</pin_list>
<bind>
<opset="p_ZZ9cnn_accelE8w1_local_177_load "/>
</bind>
</comp>

<comp id="4298" class="1005" name="p_ZZ9cnn_accelE8w1_local_204_load_reg_4298">
<pin_list>
<pin id="4299" dir="0" index="0" bw="32" slack="10"/>
<pin id="4300" dir="1" index="1" bw="32" slack="10"/>
</pin_list>
<bind>
<opset="p_ZZ9cnn_accelE8w1_local_204_load "/>
</bind>
</comp>

<comp id="4303" class="1005" name="cnn_accel_w1_local_215_reg_4303">
<pin_list>
<pin id="4304" dir="0" index="0" bw="32" slack="10"/>
<pin id="4305" dir="1" index="1" bw="32" slack="10"/>
</pin_list>
<bind>
<opset="cnn_accel_w1_local_215 "/>
</bind>
</comp>

<comp id="4308" class="1005" name="cnn_accel_w1_local_216_reg_4308">
<pin_list>
<pin id="4309" dir="0" index="0" bw="32" slack="10"/>
<pin id="4310" dir="1" index="1" bw="32" slack="10"/>
</pin_list>
<bind>
<opset="cnn_accel_w1_local_216 "/>
</bind>
</comp>

<comp id="4313" class="1005" name="p_ZZ9cnn_accelE8w1_local_78_load_reg_4313">
<pin_list>
<pin id="4314" dir="0" index="0" bw="32" slack="10"/>
<pin id="4315" dir="1" index="1" bw="32" slack="10"/>
</pin_list>
<bind>
<opset="p_ZZ9cnn_accelE8w1_local_78_load "/>
</bind>
</comp>

<comp id="4318" class="1005" name="p_ZZ9cnn_accelE8w1_local_105_load_reg_4318">
<pin_list>
<pin id="4319" dir="0" index="0" bw="32" slack="10"/>
<pin id="4320" dir="1" index="1" bw="32" slack="10"/>
</pin_list>
<bind>
<opset="p_ZZ9cnn_accelE8w1_local_105_load "/>
</bind>
</comp>

<comp id="4323" class="1005" name="p_ZZ9cnn_accelE8w1_local_132_load_reg_4323">
<pin_list>
<pin id="4324" dir="0" index="0" bw="32" slack="10"/>
<pin id="4325" dir="1" index="1" bw="32" slack="10"/>
</pin_list>
<bind>
<opset="p_ZZ9cnn_accelE8w1_local_132_load "/>
</bind>
</comp>

<comp id="4328" class="1005" name="p_ZZ9cnn_accelE8w1_local_159_load_reg_4328">
<pin_list>
<pin id="4329" dir="0" index="0" bw="32" slack="10"/>
<pin id="4330" dir="1" index="1" bw="32" slack="10"/>
</pin_list>
<bind>
<opset="p_ZZ9cnn_accelE8w1_local_159_load "/>
</bind>
</comp>

<comp id="4333" class="1005" name="p_ZZ9cnn_accelE8w1_local_186_load_reg_4333">
<pin_list>
<pin id="4334" dir="0" index="0" bw="32" slack="10"/>
<pin id="4335" dir="1" index="1" bw="32" slack="10"/>
</pin_list>
<bind>
<opset="p_ZZ9cnn_accelE8w1_local_186_load "/>
</bind>
</comp>

<comp id="4338" class="1005" name="p_ZZ9cnn_accelE8w1_local_213_load_reg_4338">
<pin_list>
<pin id="4339" dir="0" index="0" bw="32" slack="10"/>
<pin id="4340" dir="1" index="1" bw="32" slack="10"/>
</pin_list>
<bind>
<opset="p_ZZ9cnn_accelE8w1_local_213_load "/>
</bind>
</comp>

<comp id="4343" class="1005" name="w1_local_7_load_reg_4343">
<pin_list>
<pin id="4344" dir="0" index="0" bw="32" slack="11"/>
<pin id="4345" dir="1" index="1" bw="32" slack="11"/>
</pin_list>
<bind>
<opset="w1_local_7_load "/>
</bind>
</comp>

<comp id="4348" class="1005" name="cnn_accel_w1_local_217_reg_4348">
<pin_list>
<pin id="4349" dir="0" index="0" bw="32" slack="11"/>
<pin id="4350" dir="1" index="1" bw="32" slack="11"/>
</pin_list>
<bind>
<opset="cnn_accel_w1_local_217 "/>
</bind>
</comp>

<comp id="4353" class="1005" name="cnn_accel_w1_local_218_reg_4353">
<pin_list>
<pin id="4354" dir="0" index="0" bw="32" slack="11"/>
<pin id="4355" dir="1" index="1" bw="32" slack="11"/>
</pin_list>
<bind>
<opset="cnn_accel_w1_local_218 "/>
</bind>
</comp>

<comp id="4358" class="1005" name="p_ZZ9cnn_accelE8w1_local_88_load_reg_4358">
<pin_list>
<pin id="4359" dir="0" index="0" bw="32" slack="11"/>
<pin id="4360" dir="1" index="1" bw="32" slack="11"/>
</pin_list>
<bind>
<opset="p_ZZ9cnn_accelE8w1_local_88_load "/>
</bind>
</comp>

<comp id="4363" class="1005" name="p_ZZ9cnn_accelE8w1_local_115_load_reg_4363">
<pin_list>
<pin id="4364" dir="0" index="0" bw="32" slack="11"/>
<pin id="4365" dir="1" index="1" bw="32" slack="11"/>
</pin_list>
<bind>
<opset="p_ZZ9cnn_accelE8w1_local_115_load "/>
</bind>
</comp>

<comp id="4368" class="1005" name="p_ZZ9cnn_accelE8w1_local_142_load_reg_4368">
<pin_list>
<pin id="4369" dir="0" index="0" bw="32" slack="11"/>
<pin id="4370" dir="1" index="1" bw="32" slack="11"/>
</pin_list>
<bind>
<opset="p_ZZ9cnn_accelE8w1_local_142_load "/>
</bind>
</comp>

<comp id="4373" class="1005" name="p_ZZ9cnn_accelE8w1_local_169_load_reg_4373">
<pin_list>
<pin id="4374" dir="0" index="0" bw="32" slack="11"/>
<pin id="4375" dir="1" index="1" bw="32" slack="11"/>
</pin_list>
<bind>
<opset="p_ZZ9cnn_accelE8w1_local_169_load "/>
</bind>
</comp>

<comp id="4378" class="1005" name="p_ZZ9cnn_accelE8w1_local_196_load_reg_4378">
<pin_list>
<pin id="4379" dir="0" index="0" bw="32" slack="11"/>
<pin id="4380" dir="1" index="1" bw="32" slack="11"/>
</pin_list>
<bind>
<opset="p_ZZ9cnn_accelE8w1_local_196_load "/>
</bind>
</comp>

<comp id="4383" class="1005" name="p_ZZ9cnn_accelE8w1_local_16_load_reg_4383">
<pin_list>
<pin id="4384" dir="0" index="0" bw="32" slack="11"/>
<pin id="4385" dir="1" index="1" bw="32" slack="11"/>
</pin_list>
<bind>
<opset="p_ZZ9cnn_accelE8w1_local_16_load "/>
</bind>
</comp>

<comp id="4388" class="1005" name="cnn_accel_w1_local_219_reg_4388">
<pin_list>
<pin id="4389" dir="0" index="0" bw="32" slack="11"/>
<pin id="4390" dir="1" index="1" bw="32" slack="11"/>
</pin_list>
<bind>
<opset="cnn_accel_w1_local_219 "/>
</bind>
</comp>

<comp id="4393" class="1005" name="p_ZZ9cnn_accelE8w1_local_70_load_reg_4393">
<pin_list>
<pin id="4394" dir="0" index="0" bw="32" slack="11"/>
<pin id="4395" dir="1" index="1" bw="32" slack="11"/>
</pin_list>
<bind>
<opset="p_ZZ9cnn_accelE8w1_local_70_load "/>
</bind>
</comp>

<comp id="4398" class="1005" name="p_ZZ9cnn_accelE8w1_local_97_load_reg_4398">
<pin_list>
<pin id="4399" dir="0" index="0" bw="32" slack="11"/>
<pin id="4400" dir="1" index="1" bw="32" slack="11"/>
</pin_list>
<bind>
<opset="p_ZZ9cnn_accelE8w1_local_97_load "/>
</bind>
</comp>

<comp id="4403" class="1005" name="p_ZZ9cnn_accelE8w1_local_124_load_reg_4403">
<pin_list>
<pin id="4404" dir="0" index="0" bw="32" slack="11"/>
<pin id="4405" dir="1" index="1" bw="32" slack="11"/>
</pin_list>
<bind>
<opset="p_ZZ9cnn_accelE8w1_local_124_load "/>
</bind>
</comp>

<comp id="4408" class="1005" name="p_ZZ9cnn_accelE8w1_local_151_load_reg_4408">
<pin_list>
<pin id="4409" dir="0" index="0" bw="32" slack="11"/>
<pin id="4410" dir="1" index="1" bw="32" slack="11"/>
</pin_list>
<bind>
<opset="p_ZZ9cnn_accelE8w1_local_151_load "/>
</bind>
</comp>

<comp id="4413" class="1005" name="p_ZZ9cnn_accelE8w1_local_178_load_reg_4413">
<pin_list>
<pin id="4414" dir="0" index="0" bw="32" slack="11"/>
<pin id="4415" dir="1" index="1" bw="32" slack="11"/>
</pin_list>
<bind>
<opset="p_ZZ9cnn_accelE8w1_local_178_load "/>
</bind>
</comp>

<comp id="4418" class="1005" name="p_ZZ9cnn_accelE8w1_local_205_load_reg_4418">
<pin_list>
<pin id="4419" dir="0" index="0" bw="32" slack="11"/>
<pin id="4420" dir="1" index="1" bw="32" slack="11"/>
</pin_list>
<bind>
<opset="p_ZZ9cnn_accelE8w1_local_205_load "/>
</bind>
</comp>

<comp id="4423" class="1005" name="cnn_accel_w1_local_220_reg_4423">
<pin_list>
<pin id="4424" dir="0" index="0" bw="32" slack="11"/>
<pin id="4425" dir="1" index="1" bw="32" slack="11"/>
</pin_list>
<bind>
<opset="cnn_accel_w1_local_220 "/>
</bind>
</comp>

<comp id="4428" class="1005" name="cnn_accel_w1_local_221_reg_4428">
<pin_list>
<pin id="4429" dir="0" index="0" bw="32" slack="11"/>
<pin id="4430" dir="1" index="1" bw="32" slack="11"/>
</pin_list>
<bind>
<opset="cnn_accel_w1_local_221 "/>
</bind>
</comp>

<comp id="4433" class="1005" name="p_ZZ9cnn_accelE8w1_local_79_load_reg_4433">
<pin_list>
<pin id="4434" dir="0" index="0" bw="32" slack="11"/>
<pin id="4435" dir="1" index="1" bw="32" slack="11"/>
</pin_list>
<bind>
<opset="p_ZZ9cnn_accelE8w1_local_79_load "/>
</bind>
</comp>

<comp id="4438" class="1005" name="p_ZZ9cnn_accelE8w1_local_106_load_reg_4438">
<pin_list>
<pin id="4439" dir="0" index="0" bw="32" slack="11"/>
<pin id="4440" dir="1" index="1" bw="32" slack="11"/>
</pin_list>
<bind>
<opset="p_ZZ9cnn_accelE8w1_local_106_load "/>
</bind>
</comp>

<comp id="4443" class="1005" name="p_ZZ9cnn_accelE8w1_local_133_load_reg_4443">
<pin_list>
<pin id="4444" dir="0" index="0" bw="32" slack="11"/>
<pin id="4445" dir="1" index="1" bw="32" slack="11"/>
</pin_list>
<bind>
<opset="p_ZZ9cnn_accelE8w1_local_133_load "/>
</bind>
</comp>

<comp id="4448" class="1005" name="p_ZZ9cnn_accelE8w1_local_160_load_reg_4448">
<pin_list>
<pin id="4449" dir="0" index="0" bw="32" slack="11"/>
<pin id="4450" dir="1" index="1" bw="32" slack="11"/>
</pin_list>
<bind>
<opset="p_ZZ9cnn_accelE8w1_local_160_load "/>
</bind>
</comp>

<comp id="4453" class="1005" name="p_ZZ9cnn_accelE8w1_local_187_load_reg_4453">
<pin_list>
<pin id="4454" dir="0" index="0" bw="32" slack="11"/>
<pin id="4455" dir="1" index="1" bw="32" slack="11"/>
</pin_list>
<bind>
<opset="p_ZZ9cnn_accelE8w1_local_187_load "/>
</bind>
</comp>

<comp id="4458" class="1005" name="p_ZZ9cnn_accelE8w1_local_214_load_reg_4458">
<pin_list>
<pin id="4459" dir="0" index="0" bw="32" slack="11"/>
<pin id="4460" dir="1" index="1" bw="32" slack="11"/>
</pin_list>
<bind>
<opset="p_ZZ9cnn_accelE8w1_local_214_load "/>
</bind>
</comp>

<comp id="4463" class="1005" name="w1_local_8_load_reg_4463">
<pin_list>
<pin id="4464" dir="0" index="0" bw="32" slack="12"/>
<pin id="4465" dir="1" index="1" bw="32" slack="12"/>
</pin_list>
<bind>
<opset="w1_local_8_load "/>
</bind>
</comp>

<comp id="4468" class="1005" name="cnn_accel_w1_local_222_reg_4468">
<pin_list>
<pin id="4469" dir="0" index="0" bw="32" slack="12"/>
<pin id="4470" dir="1" index="1" bw="32" slack="12"/>
</pin_list>
<bind>
<opset="cnn_accel_w1_local_222 "/>
</bind>
</comp>

<comp id="4473" class="1005" name="cnn_accel_w1_local_223_reg_4473">
<pin_list>
<pin id="4474" dir="0" index="0" bw="32" slack="12"/>
<pin id="4475" dir="1" index="1" bw="32" slack="12"/>
</pin_list>
<bind>
<opset="cnn_accel_w1_local_223 "/>
</bind>
</comp>

<comp id="4478" class="1005" name="p_ZZ9cnn_accelE8w1_local_89_load_reg_4478">
<pin_list>
<pin id="4479" dir="0" index="0" bw="32" slack="12"/>
<pin id="4480" dir="1" index="1" bw="32" slack="12"/>
</pin_list>
<bind>
<opset="p_ZZ9cnn_accelE8w1_local_89_load "/>
</bind>
</comp>

<comp id="4483" class="1005" name="p_ZZ9cnn_accelE8w1_local_116_load_reg_4483">
<pin_list>
<pin id="4484" dir="0" index="0" bw="32" slack="12"/>
<pin id="4485" dir="1" index="1" bw="32" slack="12"/>
</pin_list>
<bind>
<opset="p_ZZ9cnn_accelE8w1_local_116_load "/>
</bind>
</comp>

<comp id="4488" class="1005" name="p_ZZ9cnn_accelE8w1_local_143_load_reg_4488">
<pin_list>
<pin id="4489" dir="0" index="0" bw="32" slack="12"/>
<pin id="4490" dir="1" index="1" bw="32" slack="12"/>
</pin_list>
<bind>
<opset="p_ZZ9cnn_accelE8w1_local_143_load "/>
</bind>
</comp>

<comp id="4493" class="1005" name="p_ZZ9cnn_accelE8w1_local_170_load_reg_4493">
<pin_list>
<pin id="4494" dir="0" index="0" bw="32" slack="12"/>
<pin id="4495" dir="1" index="1" bw="32" slack="12"/>
</pin_list>
<bind>
<opset="p_ZZ9cnn_accelE8w1_local_170_load "/>
</bind>
</comp>

<comp id="4498" class="1005" name="p_ZZ9cnn_accelE8w1_local_197_load_reg_4498">
<pin_list>
<pin id="4499" dir="0" index="0" bw="32" slack="12"/>
<pin id="4500" dir="1" index="1" bw="32" slack="12"/>
</pin_list>
<bind>
<opset="p_ZZ9cnn_accelE8w1_local_197_load "/>
</bind>
</comp>

<comp id="4503" class="1005" name="p_ZZ9cnn_accelE8w1_local_17_load_reg_4503">
<pin_list>
<pin id="4504" dir="0" index="0" bw="32" slack="12"/>
<pin id="4505" dir="1" index="1" bw="32" slack="12"/>
</pin_list>
<bind>
<opset="p_ZZ9cnn_accelE8w1_local_17_load "/>
</bind>
</comp>

<comp id="4508" class="1005" name="cnn_accel_w1_local_224_reg_4508">
<pin_list>
<pin id="4509" dir="0" index="0" bw="32" slack="12"/>
<pin id="4510" dir="1" index="1" bw="32" slack="12"/>
</pin_list>
<bind>
<opset="cnn_accel_w1_local_224 "/>
</bind>
</comp>

<comp id="4513" class="1005" name="cnn_accel_w1_local_225_reg_4513">
<pin_list>
<pin id="4514" dir="0" index="0" bw="32" slack="12"/>
<pin id="4515" dir="1" index="1" bw="32" slack="12"/>
</pin_list>
<bind>
<opset="cnn_accel_w1_local_225 "/>
</bind>
</comp>

<comp id="4518" class="1005" name="p_ZZ9cnn_accelE8w1_local_98_load_reg_4518">
<pin_list>
<pin id="4519" dir="0" index="0" bw="32" slack="12"/>
<pin id="4520" dir="1" index="1" bw="32" slack="12"/>
</pin_list>
<bind>
<opset="p_ZZ9cnn_accelE8w1_local_98_load "/>
</bind>
</comp>

<comp id="4523" class="1005" name="p_ZZ9cnn_accelE8w1_local_125_load_reg_4523">
<pin_list>
<pin id="4524" dir="0" index="0" bw="32" slack="12"/>
<pin id="4525" dir="1" index="1" bw="32" slack="12"/>
</pin_list>
<bind>
<opset="p_ZZ9cnn_accelE8w1_local_125_load "/>
</bind>
</comp>

<comp id="4528" class="1005" name="p_ZZ9cnn_accelE8w1_local_152_load_reg_4528">
<pin_list>
<pin id="4529" dir="0" index="0" bw="32" slack="12"/>
<pin id="4530" dir="1" index="1" bw="32" slack="12"/>
</pin_list>
<bind>
<opset="p_ZZ9cnn_accelE8w1_local_152_load "/>
</bind>
</comp>

<comp id="4533" class="1005" name="p_ZZ9cnn_accelE8w1_local_179_load_reg_4533">
<pin_list>
<pin id="4534" dir="0" index="0" bw="32" slack="12"/>
<pin id="4535" dir="1" index="1" bw="32" slack="12"/>
</pin_list>
<bind>
<opset="p_ZZ9cnn_accelE8w1_local_179_load "/>
</bind>
</comp>

<comp id="4538" class="1005" name="p_ZZ9cnn_accelE8w1_local_206_load_reg_4538">
<pin_list>
<pin id="4539" dir="0" index="0" bw="32" slack="12"/>
<pin id="4540" dir="1" index="1" bw="32" slack="12"/>
</pin_list>
<bind>
<opset="p_ZZ9cnn_accelE8w1_local_206_load "/>
</bind>
</comp>

<comp id="4543" class="1005" name="p_ZZ9cnn_accelE8w1_local_26_load_reg_4543">
<pin_list>
<pin id="4544" dir="0" index="0" bw="32" slack="12"/>
<pin id="4545" dir="1" index="1" bw="32" slack="12"/>
</pin_list>
<bind>
<opset="p_ZZ9cnn_accelE8w1_local_26_load "/>
</bind>
</comp>

<comp id="4548" class="1005" name="cnn_accel_w1_local_226_reg_4548">
<pin_list>
<pin id="4549" dir="0" index="0" bw="32" slack="12"/>
<pin id="4550" dir="1" index="1" bw="32" slack="12"/>
</pin_list>
<bind>
<opset="cnn_accel_w1_local_226 "/>
</bind>
</comp>

<comp id="4553" class="1005" name="p_ZZ9cnn_accelE8w1_local_80_load_reg_4553">
<pin_list>
<pin id="4554" dir="0" index="0" bw="32" slack="12"/>
<pin id="4555" dir="1" index="1" bw="32" slack="12"/>
</pin_list>
<bind>
<opset="p_ZZ9cnn_accelE8w1_local_80_load "/>
</bind>
</comp>

<comp id="4558" class="1005" name="p_ZZ9cnn_accelE8w1_local_107_load_reg_4558">
<pin_list>
<pin id="4559" dir="0" index="0" bw="32" slack="12"/>
<pin id="4560" dir="1" index="1" bw="32" slack="12"/>
</pin_list>
<bind>
<opset="p_ZZ9cnn_accelE8w1_local_107_load "/>
</bind>
</comp>

<comp id="4563" class="1005" name="p_ZZ9cnn_accelE8w1_local_134_load_reg_4563">
<pin_list>
<pin id="4564" dir="0" index="0" bw="32" slack="12"/>
<pin id="4565" dir="1" index="1" bw="32" slack="12"/>
</pin_list>
<bind>
<opset="p_ZZ9cnn_accelE8w1_local_134_load "/>
</bind>
</comp>

<comp id="4568" class="1005" name="p_ZZ9cnn_accelE8w1_local_161_load_reg_4568">
<pin_list>
<pin id="4569" dir="0" index="0" bw="32" slack="12"/>
<pin id="4570" dir="1" index="1" bw="32" slack="12"/>
</pin_list>
<bind>
<opset="p_ZZ9cnn_accelE8w1_local_161_load "/>
</bind>
</comp>

<comp id="4573" class="1005" name="p_ZZ9cnn_accelE8w1_local_188_load_reg_4573">
<pin_list>
<pin id="4574" dir="0" index="0" bw="32" slack="12"/>
<pin id="4575" dir="1" index="1" bw="32" slack="12"/>
</pin_list>
<bind>
<opset="p_ZZ9cnn_accelE8w1_local_188_load "/>
</bind>
</comp>

<comp id="4578" class="1005" name="p_ZZ9cnn_accelE8w1_local_215_load_reg_4578">
<pin_list>
<pin id="4579" dir="0" index="0" bw="32" slack="12"/>
<pin id="4580" dir="1" index="1" bw="32" slack="12"/>
</pin_list>
<bind>
<opset="p_ZZ9cnn_accelE8w1_local_215_load "/>
</bind>
</comp>

<comp id="4583" class="1005" name="icmp_ln213_reg_4583">
<pin_list>
<pin id="4584" dir="0" index="0" bw="1" slack="1"/>
<pin id="4585" dir="1" index="1" bw="1" slack="2147483647"/>
</pin_list>
<bind>
<opset="icmp_ln213 "/>
</bind>
</comp>

<comp id="4587" class="1005" name="select_ln213_1_reg_4587">
<pin_list>
<pin id="4588" dir="0" index="0" bw="8" slack="2"/>
<pin id="4589" dir="1" index="1" bw="8" slack="2"/>
</pin_list>
<bind>
<opset="select_ln213_1 "/>
</bind>
</comp>

<comp id="4593" class="1005" name="select_ln213_3_reg_4593">
<pin_list>
<pin id="4594" dir="0" index="0" bw="8" slack="1"/>
<pin id="4595" dir="1" index="1" bw="8" slack="1"/>
</pin_list>
<bind>
<opset="select_ln213_3 "/>
</bind>
</comp>

<comp id="4601" class="1005" name="indvars_iv_next138_i_mid2_reg_4601">
<pin_list>
<pin id="4602" dir="0" index="0" bw="9" slack="1"/>
<pin id="4603" dir="1" index="1" bw="9" slack="1"/>
</pin_list>
<bind>
<opset="indvars_iv_next138_i_mid2 "/>
</bind>
</comp>

<comp id="4606" class="1005" name="select_ln214_reg_4606">
<pin_list>
<pin id="4607" dir="0" index="0" bw="9" slack="1"/>
<pin id="4608" dir="1" index="1" bw="9" slack="1"/>
</pin_list>
<bind>
<opset="select_ln214 "/>
</bind>
</comp>

<comp id="4612" class="1005" name="trunc_ln215_reg_4612">
<pin_list>
<pin id="4613" dir="0" index="0" bw="3" slack="3"/>
<pin id="4614" dir="1" index="1" bw="3" slack="3"/>
</pin_list>
<bind>
<opset="trunc_ln215 "/>
</bind>
</comp>

<comp id="4644" class="1005" name="trunc_ln215_1_reg_4644">
<pin_list>
<pin id="4645" dir="0" index="0" bw="1" slack="144"/>
<pin id="4646" dir="1" index="1" bw="1" slack="144"/>
</pin_list>
<bind>
<opset="trunc_ln215_1 "/>
</bind>
</comp>

<comp id="4649" class="1005" name="trunc_ln215_3_reg_4649">
<pin_list>
<pin id="4650" dir="0" index="0" bw="2" slack="144"/>
<pin id="4651" dir="1" index="1" bw="2" slack="2147483647"/>
</pin_list>
<bind>
<opset="trunc_ln215_3 "/>
</bind>
</comp>

<comp id="4653" class="1005" name="empty_227_reg_4653">
<pin_list>
<pin id="4654" dir="0" index="0" bw="17" slack="1"/>
<pin id="4655" dir="1" index="1" bw="17" slack="1"/>
</pin_list>
<bind>
<opset="empty_227 "/>
</bind>
</comp>

<comp id="4658" class="1005" name="zext_ln228_reg_4658">
<pin_list>
<pin id="4659" dir="0" index="0" bw="17" slack="1"/>
<pin id="4660" dir="1" index="1" bw="17" slack="1"/>
</pin_list>
<bind>
<opset="zext_ln228 "/>
</bind>
</comp>

<comp id="4665" class="1005" name="local_img_addr_reg_4665">
<pin_list>
<pin id="4666" dir="0" index="0" bw="18" slack="1"/>
<pin id="4667" dir="1" index="1" bw="18" slack="1"/>
</pin_list>
<bind>
<opset="local_img_addr "/>
</bind>
</comp>

<comp id="4670" class="1005" name="local_img_addr_1_reg_4670">
<pin_list>
<pin id="4671" dir="0" index="0" bw="18" slack="1"/>
<pin id="4672" dir="1" index="1" bw="18" slack="1"/>
</pin_list>
<bind>
<opset="local_img_addr_1 "/>
</bind>
</comp>

<comp id="4675" class="1005" name="local_img_60_addr_reg_4675">
<pin_list>
<pin id="4676" dir="0" index="0" bw="18" slack="1"/>
<pin id="4677" dir="1" index="1" bw="18" slack="1"/>
</pin_list>
<bind>
<opset="local_img_60_addr "/>
</bind>
</comp>

<comp id="4680" class="1005" name="indvars_iv_next138_i_mid2_cast_reg_4680">
<pin_list>
<pin id="4681" dir="0" index="0" bw="17" slack="2"/>
<pin id="4682" dir="1" index="1" bw="17" slack="2"/>
</pin_list>
<bind>
<opset="indvars_iv_next138_i_mid2_cast "/>
</bind>
</comp>

<comp id="4686" class="1005" name="empty_234_reg_4686">
<pin_list>
<pin id="4687" dir="0" index="0" bw="17" slack="1"/>
<pin id="4688" dir="1" index="1" bw="17" slack="1"/>
</pin_list>
<bind>
<opset="empty_234 "/>
</bind>
</comp>

<comp id="4691" class="1005" name="p_cast212_reg_4691">
<pin_list>
<pin id="4692" dir="0" index="0" bw="64" slack="1"/>
<pin id="4693" dir="1" index="1" bw="64" slack="1"/>
</pin_list>
<bind>
<opset="p_cast212 "/>
</bind>
</comp>

<comp id="4696" class="1005" name="local_img_60_addr_1_reg_4696">
<pin_list>
<pin id="4697" dir="0" index="0" bw="18" slack="1"/>
<pin id="4698" dir="1" index="1" bw="18" slack="1"/>
</pin_list>
<bind>
<opset="local_img_60_addr_1 "/>
</bind>
</comp>

<comp id="4701" class="1005" name="empty_228_reg_4701">
<pin_list>
<pin id="4702" dir="0" index="0" bw="17" slack="1"/>
<pin id="4703" dir="1" index="1" bw="17" slack="1"/>
</pin_list>
<bind>
<opset="empty_228 "/>
</bind>
</comp>

<comp id="4707" class="1005" name="empty_232_reg_4707">
<pin_list>
<pin id="4708" dir="0" index="0" bw="17" slack="2"/>
<pin id="4709" dir="1" index="1" bw="17" slack="2"/>
</pin_list>
<bind>
<opset="empty_232 "/>
</bind>
</comp>

<comp id="4712" class="1005" name="p_cast210_reg_4712">
<pin_list>
<pin id="4713" dir="0" index="0" bw="64" slack="2"/>
<pin id="4714" dir="1" index="1" bw="64" slack="2"/>
</pin_list>
<bind>
<opset="p_cast210 "/>
</bind>
</comp>

<comp id="4717" class="1005" name="local_img_60_addr_3_reg_4717">
<pin_list>
<pin id="4718" dir="0" index="0" bw="18" slack="1"/>
<pin id="4719" dir="1" index="1" bw="18" slack="1"/>
</pin_list>
<bind>
<opset="local_img_60_addr_3 "/>
</bind>
</comp>

<comp id="4722" class="1005" name="local_img_addr_2_reg_4722">
<pin_list>
<pin id="4723" dir="0" index="0" bw="18" slack="1"/>
<pin id="4724" dir="1" index="1" bw="18" slack="1"/>
</pin_list>
<bind>
<opset="local_img_addr_2 "/>
</bind>
</comp>

<comp id="4727" class="1005" name="local_img_addr_3_reg_4727">
<pin_list>
<pin id="4728" dir="0" index="0" bw="18" slack="1"/>
<pin id="4729" dir="1" index="1" bw="18" slack="1"/>
</pin_list>
<bind>
<opset="local_img_addr_3 "/>
</bind>
</comp>

<comp id="4732" class="1005" name="local_img_60_load_reg_4732">
<pin_list>
<pin id="4733" dir="0" index="0" bw="32" slack="1"/>
<pin id="4734" dir="1" index="1" bw="32" slack="1"/>
</pin_list>
<bind>
<opset="local_img_60_load "/>
</bind>
</comp>

<comp id="4737" class="1005" name="local_img_60_load_1_reg_4737">
<pin_list>
<pin id="4738" dir="0" index="0" bw="32" slack="2"/>
<pin id="4739" dir="1" index="1" bw="32" slack="2"/>
</pin_list>
<bind>
<opset="local_img_60_load_1 "/>
</bind>
</comp>

<comp id="4742" class="1005" name="p_cast203_reg_4742">
<pin_list>
<pin id="4743" dir="0" index="0" bw="17" slack="1"/>
<pin id="4744" dir="1" index="1" bw="17" slack="1"/>
</pin_list>
<bind>
<opset="p_cast203 "/>
</bind>
</comp>

<comp id="4748" class="1005" name="empty_238_reg_4748">
<pin_list>
<pin id="4749" dir="0" index="0" bw="17" slack="1"/>
<pin id="4750" dir="1" index="1" bw="17" slack="1"/>
</pin_list>
<bind>
<opset="empty_238 "/>
</bind>
</comp>

<comp id="4753" class="1005" name="p_cast215_reg_4753">
<pin_list>
<pin id="4754" dir="0" index="0" bw="64" slack="1"/>
<pin id="4755" dir="1" index="1" bw="64" slack="1"/>
</pin_list>
<bind>
<opset="p_cast215 "/>
</bind>
</comp>

<comp id="4758" class="1005" name="local_img_60_addr_2_reg_4758">
<pin_list>
<pin id="4759" dir="0" index="0" bw="18" slack="1"/>
<pin id="4760" dir="1" index="1" bw="18" slack="1"/>
</pin_list>
<bind>
<opset="local_img_60_addr_2 "/>
</bind>
</comp>

<comp id="4763" class="1005" name="select_ln213_3_cast195_reg_4763">
<pin_list>
<pin id="4764" dir="0" index="0" bw="17" slack="1"/>
<pin id="4765" dir="1" index="1" bw="17" slack="1"/>
</pin_list>
<bind>
<opset="select_ln213_3_cast195 "/>
</bind>
</comp>

<comp id="4768" class="1005" name="empty_229_reg_4768">
<pin_list>
<pin id="4769" dir="0" index="0" bw="8" slack="1"/>
<pin id="4770" dir="1" index="1" bw="8" slack="1"/>
</pin_list>
<bind>
<opset="empty_229 "/>
</bind>
</comp>

<comp id="4774" class="1005" name="empty_235_reg_4774">
<pin_list>
<pin id="4775" dir="0" index="0" bw="17" slack="2"/>
<pin id="4776" dir="1" index="1" bw="17" slack="2"/>
</pin_list>
<bind>
<opset="empty_235 "/>
</bind>
</comp>

<comp id="4779" class="1005" name="p_cast213_reg_4779">
<pin_list>
<pin id="4780" dir="0" index="0" bw="64" slack="2"/>
<pin id="4781" dir="1" index="1" bw="64" slack="2"/>
</pin_list>
<bind>
<opset="p_cast213 "/>
</bind>
</comp>

<comp id="4784" class="1005" name="local_img_60_addr_4_reg_4784">
<pin_list>
<pin id="4785" dir="0" index="0" bw="18" slack="1"/>
<pin id="4786" dir="1" index="1" bw="18" slack="1"/>
</pin_list>
<bind>
<opset="local_img_60_addr_4 "/>
</bind>
</comp>

<comp id="4789" class="1005" name="local_img_addr_4_reg_4789">
<pin_list>
<pin id="4790" dir="0" index="0" bw="18" slack="1"/>
<pin id="4791" dir="1" index="1" bw="18" slack="1"/>
</pin_list>
<bind>
<opset="local_img_addr_4 "/>
</bind>
</comp>

<comp id="4794" class="1005" name="local_img_addr_5_reg_4794">
<pin_list>
<pin id="4795" dir="0" index="0" bw="18" slack="1"/>
<pin id="4796" dir="1" index="1" bw="18" slack="1"/>
</pin_list>
<bind>
<opset="local_img_addr_5 "/>
</bind>
</comp>

<comp id="4799" class="1005" name="empty_239_reg_4799">
<pin_list>
<pin id="4800" dir="0" index="0" bw="17" slack="3"/>
<pin id="4801" dir="1" index="1" bw="17" slack="3"/>
</pin_list>
<bind>
<opset="empty_239 "/>
</bind>
</comp>

<comp id="4804" class="1005" name="p_cast216_reg_4804">
<pin_list>
<pin id="4805" dir="0" index="0" bw="64" slack="3"/>
<pin id="4806" dir="1" index="1" bw="64" slack="3"/>
</pin_list>
<bind>
<opset="p_cast216 "/>
</bind>
</comp>

<comp id="4809" class="1005" name="local_img_60_addr_5_reg_4809">
<pin_list>
<pin id="4810" dir="0" index="0" bw="18" slack="1"/>
<pin id="4811" dir="1" index="1" bw="18" slack="1"/>
</pin_list>
<bind>
<opset="local_img_60_addr_5 "/>
</bind>
</comp>

<comp id="4814" class="1005" name="local_img_60_load_2_reg_4814">
<pin_list>
<pin id="4815" dir="0" index="0" bw="32" slack="2"/>
<pin id="4816" dir="1" index="1" bw="32" slack="2"/>
</pin_list>
<bind>
<opset="local_img_60_load_2 "/>
</bind>
</comp>

<comp id="4819" class="1005" name="local_img_60_load_3_reg_4819">
<pin_list>
<pin id="4820" dir="0" index="0" bw="32" slack="3"/>
<pin id="4821" dir="1" index="1" bw="32" slack="3"/>
</pin_list>
<bind>
<opset="local_img_60_load_3 "/>
</bind>
</comp>

<comp id="4824" class="1005" name="tmp_i_reg_4824">
<pin_list>
<pin id="4825" dir="0" index="0" bw="32" slack="1"/>
<pin id="4826" dir="1" index="1" bw="32" slack="1"/>
</pin_list>
<bind>
<opset="tmp_i "/>
</bind>
</comp>

<comp id="4829" class="1005" name="tmp_i_241_reg_4829">
<pin_list>
<pin id="4830" dir="0" index="0" bw="32" slack="1"/>
<pin id="4831" dir="1" index="1" bw="32" slack="1"/>
</pin_list>
<bind>
<opset="tmp_i_241 "/>
</bind>
</comp>

<comp id="4834" class="1005" name="tmp_71_i_reg_4834">
<pin_list>
<pin id="4835" dir="0" index="0" bw="32" slack="1"/>
<pin id="4836" dir="1" index="1" bw="32" slack="1"/>
</pin_list>
<bind>
<opset="tmp_71_i "/>
</bind>
</comp>

<comp id="4839" class="1005" name="local_img_addr_6_reg_4839">
<pin_list>
<pin id="4840" dir="0" index="0" bw="18" slack="1"/>
<pin id="4841" dir="1" index="1" bw="18" slack="1"/>
</pin_list>
<bind>
<opset="local_img_addr_6 "/>
</bind>
</comp>

<comp id="4844" class="1005" name="local_img_addr_7_reg_4844">
<pin_list>
<pin id="4845" dir="0" index="0" bw="18" slack="1"/>
<pin id="4846" dir="1" index="1" bw="18" slack="1"/>
</pin_list>
<bind>
<opset="local_img_addr_7 "/>
</bind>
</comp>

<comp id="4849" class="1005" name="empty_233_reg_4849">
<pin_list>
<pin id="4850" dir="0" index="0" bw="17" slack="3"/>
<pin id="4851" dir="1" index="1" bw="17" slack="3"/>
</pin_list>
<bind>
<opset="empty_233 "/>
</bind>
</comp>

<comp id="4854" class="1005" name="p_cast211_reg_4854">
<pin_list>
<pin id="4855" dir="0" index="0" bw="64" slack="3"/>
<pin id="4856" dir="1" index="1" bw="64" slack="3"/>
</pin_list>
<bind>
<opset="p_cast211 "/>
</bind>
</comp>

<comp id="4859" class="1005" name="local_img_60_addr_6_reg_4859">
<pin_list>
<pin id="4860" dir="0" index="0" bw="18" slack="1"/>
<pin id="4861" dir="1" index="1" bw="18" slack="1"/>
</pin_list>
<bind>
<opset="local_img_60_addr_6 "/>
</bind>
</comp>

<comp id="4864" class="1005" name="empty_236_reg_4864">
<pin_list>
<pin id="4865" dir="0" index="0" bw="17" slack="4"/>
<pin id="4866" dir="1" index="1" bw="17" slack="4"/>
</pin_list>
<bind>
<opset="empty_236 "/>
</bind>
</comp>

<comp id="4869" class="1005" name="p_cast214_reg_4869">
<pin_list>
<pin id="4870" dir="0" index="0" bw="64" slack="4"/>
<pin id="4871" dir="1" index="1" bw="64" slack="4"/>
</pin_list>
<bind>
<opset="p_cast214 "/>
</bind>
</comp>

<comp id="4874" class="1005" name="local_img_60_addr_7_reg_4874">
<pin_list>
<pin id="4875" dir="0" index="0" bw="18" slack="1"/>
<pin id="4876" dir="1" index="1" bw="18" slack="1"/>
</pin_list>
<bind>
<opset="local_img_60_addr_7 "/>
</bind>
</comp>

<comp id="4879" class="1005" name="empty_240_reg_4879">
<pin_list>
<pin id="4880" dir="0" index="0" bw="17" slack="1"/>
<pin id="4881" dir="1" index="1" bw="17" slack="1"/>
</pin_list>
<bind>
<opset="empty_240 "/>
</bind>
</comp>

<comp id="4885" class="1005" name="local_img_60_load_4_reg_4885">
<pin_list>
<pin id="4886" dir="0" index="0" bw="32" slack="3"/>
<pin id="4887" dir="1" index="1" bw="32" slack="3"/>
</pin_list>
<bind>
<opset="local_img_60_load_4 "/>
</bind>
</comp>

<comp id="4890" class="1005" name="local_img_60_load_5_reg_4890">
<pin_list>
<pin id="4891" dir="0" index="0" bw="32" slack="4"/>
<pin id="4892" dir="1" index="1" bw="32" slack="4"/>
</pin_list>
<bind>
<opset="local_img_60_load_5 "/>
</bind>
</comp>

<comp id="4895" class="1005" name="tmp_72_i_reg_4895">
<pin_list>
<pin id="4896" dir="0" index="0" bw="32" slack="1"/>
<pin id="4897" dir="1" index="1" bw="32" slack="1"/>
</pin_list>
<bind>
<opset="tmp_72_i "/>
</bind>
</comp>

<comp id="4900" class="1005" name="tmp_73_i_reg_4900">
<pin_list>
<pin id="4901" dir="0" index="0" bw="32" slack="1"/>
<pin id="4902" dir="1" index="1" bw="32" slack="1"/>
</pin_list>
<bind>
<opset="tmp_73_i "/>
</bind>
</comp>

<comp id="4905" class="1005" name="tmp_74_i_reg_4905">
<pin_list>
<pin id="4906" dir="0" index="0" bw="32" slack="1"/>
<pin id="4907" dir="1" index="1" bw="32" slack="1"/>
</pin_list>
<bind>
<opset="tmp_74_i "/>
</bind>
</comp>

<comp id="4910" class="1005" name="local_img_addr_8_reg_4910">
<pin_list>
<pin id="4911" dir="0" index="0" bw="18" slack="1"/>
<pin id="4912" dir="1" index="1" bw="18" slack="1"/>
</pin_list>
<bind>
<opset="local_img_addr_8 "/>
</bind>
</comp>

<comp id="4915" class="1005" name="local_img_addr_9_reg_4915">
<pin_list>
<pin id="4916" dir="0" index="0" bw="18" slack="1"/>
<pin id="4917" dir="1" index="1" bw="18" slack="1"/>
</pin_list>
<bind>
<opset="local_img_addr_9 "/>
</bind>
</comp>

<comp id="4920" class="1005" name="p_cast217_reg_4920">
<pin_list>
<pin id="4921" dir="0" index="0" bw="64" slack="4"/>
<pin id="4922" dir="1" index="1" bw="64" slack="4"/>
</pin_list>
<bind>
<opset="p_cast217 "/>
</bind>
</comp>

<comp id="4925" class="1005" name="local_img_60_addr_8_reg_4925">
<pin_list>
<pin id="4926" dir="0" index="0" bw="18" slack="1"/>
<pin id="4927" dir="1" index="1" bw="18" slack="1"/>
</pin_list>
<bind>
<opset="local_img_60_addr_8 "/>
</bind>
</comp>

<comp id="4930" class="1005" name="local_img_60_load_6_reg_4930">
<pin_list>
<pin id="4931" dir="0" index="0" bw="32" slack="4"/>
<pin id="4932" dir="1" index="1" bw="32" slack="4"/>
</pin_list>
<bind>
<opset="local_img_60_load_6 "/>
</bind>
</comp>

<comp id="4935" class="1005" name="local_img_60_load_7_reg_4935">
<pin_list>
<pin id="4936" dir="0" index="0" bw="32" slack="5"/>
<pin id="4937" dir="1" index="1" bw="32" slack="5"/>
</pin_list>
<bind>
<opset="local_img_60_load_7 "/>
</bind>
</comp>

<comp id="4940" class="1005" name="tmp_75_i_reg_4940">
<pin_list>
<pin id="4941" dir="0" index="0" bw="32" slack="1"/>
<pin id="4942" dir="1" index="1" bw="32" slack="1"/>
</pin_list>
<bind>
<opset="tmp_75_i "/>
</bind>
</comp>

<comp id="4945" class="1005" name="tmp_76_i_reg_4945">
<pin_list>
<pin id="4946" dir="0" index="0" bw="32" slack="1"/>
<pin id="4947" dir="1" index="1" bw="32" slack="1"/>
</pin_list>
<bind>
<opset="tmp_76_i "/>
</bind>
</comp>

<comp id="4950" class="1005" name="tmp_77_i_reg_4950">
<pin_list>
<pin id="4951" dir="0" index="0" bw="32" slack="1"/>
<pin id="4952" dir="1" index="1" bw="32" slack="1"/>
</pin_list>
<bind>
<opset="tmp_77_i "/>
</bind>
</comp>

<comp id="4955" class="1005" name="add_ln228_reg_4955">
<pin_list>
<pin id="4956" dir="0" index="0" bw="17" slack="138"/>
<pin id="4957" dir="1" index="1" bw="17" slack="138"/>
</pin_list>
<bind>
<opset="add_ln228 "/>
</bind>
</comp>

<comp id="4960" class="1005" name="local_img_addr_10_reg_4960">
<pin_list>
<pin id="4961" dir="0" index="0" bw="18" slack="1"/>
<pin id="4962" dir="1" index="1" bw="18" slack="1"/>
</pin_list>
<bind>
<opset="local_img_addr_10 "/>
</bind>
</comp>

<comp id="4965" class="1005" name="local_img_addr_11_reg_4965">
<pin_list>
<pin id="4966" dir="0" index="0" bw="18" slack="1"/>
<pin id="4967" dir="1" index="1" bw="18" slack="1"/>
</pin_list>
<bind>
<opset="local_img_addr_11 "/>
</bind>
</comp>

<comp id="4970" class="1005" name="local_img_60_load_8_reg_4970">
<pin_list>
<pin id="4971" dir="0" index="0" bw="32" slack="5"/>
<pin id="4972" dir="1" index="1" bw="32" slack="5"/>
</pin_list>
<bind>
<opset="local_img_60_load_8 "/>
</bind>
</comp>

<comp id="4975" class="1005" name="acc_reg_4975">
<pin_list>
<pin id="4976" dir="0" index="0" bw="32" slack="1"/>
<pin id="4977" dir="1" index="1" bw="32" slack="1"/>
</pin_list>
<bind>
<opset="acc "/>
</bind>
</comp>

<comp id="4980" class="1005" name="mul_i_reg_4980">
<pin_list>
<pin id="4981" dir="0" index="0" bw="32" slack="1"/>
<pin id="4982" dir="1" index="1" bw="32" slack="1"/>
</pin_list>
<bind>
<opset="mul_i "/>
</bind>
</comp>

<comp id="4985" class="1005" name="mul35_i_reg_4985">
<pin_list>
<pin id="4986" dir="0" index="0" bw="32" slack="6"/>
<pin id="4987" dir="1" index="1" bw="32" slack="6"/>
</pin_list>
<bind>
<opset="mul35_i "/>
</bind>
</comp>

<comp id="4990" class="1005" name="mul35_11_i_reg_4990">
<pin_list>
<pin id="4991" dir="0" index="0" bw="32" slack="11"/>
<pin id="4992" dir="1" index="1" bw="32" slack="11"/>
</pin_list>
<bind>
<opset="mul35_11_i "/>
</bind>
</comp>

<comp id="4995" class="1005" name="tmp_78_i_reg_4995">
<pin_list>
<pin id="4996" dir="0" index="0" bw="32" slack="1"/>
<pin id="4997" dir="1" index="1" bw="32" slack="1"/>
</pin_list>
<bind>
<opset="tmp_78_i "/>
</bind>
</comp>

<comp id="5000" class="1005" name="tmp_79_i_reg_5000">
<pin_list>
<pin id="5001" dir="0" index="0" bw="32" slack="1"/>
<pin id="5002" dir="1" index="1" bw="32" slack="1"/>
</pin_list>
<bind>
<opset="tmp_79_i "/>
</bind>
</comp>

<comp id="5005" class="1005" name="tmp_80_i_reg_5005">
<pin_list>
<pin id="5006" dir="0" index="0" bw="32" slack="1"/>
<pin id="5007" dir="1" index="1" bw="32" slack="1"/>
</pin_list>
<bind>
<opset="tmp_80_i "/>
</bind>
</comp>

<comp id="5010" class="1005" name="local_img_addr_12_reg_5010">
<pin_list>
<pin id="5011" dir="0" index="0" bw="18" slack="1"/>
<pin id="5012" dir="1" index="1" bw="18" slack="1"/>
</pin_list>
<bind>
<opset="local_img_addr_12 "/>
</bind>
</comp>

<comp id="5015" class="1005" name="local_img_addr_13_reg_5015">
<pin_list>
<pin id="5016" dir="0" index="0" bw="18" slack="1"/>
<pin id="5017" dir="1" index="1" bw="18" slack="1"/>
</pin_list>
<bind>
<opset="local_img_addr_13 "/>
</bind>
</comp>

<comp id="5020" class="1005" name="mul35_12_i_reg_5020">
<pin_list>
<pin id="5021" dir="0" index="0" bw="32" slack="15"/>
<pin id="5022" dir="1" index="1" bw="32" slack="15"/>
</pin_list>
<bind>
<opset="mul35_12_i "/>
</bind>
</comp>

<comp id="5025" class="1005" name="mul35_161_1_i_reg_5025">
<pin_list>
<pin id="5026" dir="0" index="0" bw="32" slack="20"/>
<pin id="5027" dir="1" index="1" bw="32" slack="20"/>
</pin_list>
<bind>
<opset="mul35_161_1_i "/>
</bind>
</comp>

<comp id="5030" class="1005" name="mul35_161_2_i_reg_5030">
<pin_list>
<pin id="5031" dir="0" index="0" bw="32" slack="25"/>
<pin id="5032" dir="1" index="1" bw="32" slack="25"/>
</pin_list>
<bind>
<opset="mul35_161_2_i "/>
</bind>
</comp>

<comp id="5035" class="1005" name="tmp_81_i_reg_5035">
<pin_list>
<pin id="5036" dir="0" index="0" bw="32" slack="1"/>
<pin id="5037" dir="1" index="1" bw="32" slack="1"/>
</pin_list>
<bind>
<opset="tmp_81_i "/>
</bind>
</comp>

<comp id="5040" class="1005" name="tmp_82_i_reg_5040">
<pin_list>
<pin id="5041" dir="0" index="0" bw="32" slack="1"/>
<pin id="5042" dir="1" index="1" bw="32" slack="1"/>
</pin_list>
<bind>
<opset="tmp_82_i "/>
</bind>
</comp>

<comp id="5045" class="1005" name="tmp_83_i_reg_5045">
<pin_list>
<pin id="5046" dir="0" index="0" bw="32" slack="1"/>
<pin id="5047" dir="1" index="1" bw="32" slack="1"/>
</pin_list>
<bind>
<opset="tmp_83_i "/>
</bind>
</comp>

<comp id="5050" class="1005" name="local_img_addr_14_reg_5050">
<pin_list>
<pin id="5051" dir="0" index="0" bw="18" slack="1"/>
<pin id="5052" dir="1" index="1" bw="18" slack="1"/>
</pin_list>
<bind>
<opset="local_img_addr_14 "/>
</bind>
</comp>

<comp id="5055" class="1005" name="local_img_addr_15_reg_5055">
<pin_list>
<pin id="5056" dir="0" index="0" bw="18" slack="1"/>
<pin id="5057" dir="1" index="1" bw="18" slack="1"/>
</pin_list>
<bind>
<opset="local_img_addr_15 "/>
</bind>
</comp>

<comp id="5060" class="1005" name="mul35_13_i_reg_5060">
<pin_list>
<pin id="5061" dir="0" index="0" bw="32" slack="29"/>
<pin id="5062" dir="1" index="1" bw="32" slack="29"/>
</pin_list>
<bind>
<opset="mul35_13_i "/>
</bind>
</comp>

<comp id="5065" class="1005" name="mul35_271_1_i_reg_5065">
<pin_list>
<pin id="5066" dir="0" index="0" bw="32" slack="34"/>
<pin id="5067" dir="1" index="1" bw="32" slack="34"/>
</pin_list>
<bind>
<opset="mul35_271_1_i "/>
</bind>
</comp>

<comp id="5070" class="1005" name="mul35_271_2_i_reg_5070">
<pin_list>
<pin id="5071" dir="0" index="0" bw="32" slack="39"/>
<pin id="5072" dir="1" index="1" bw="32" slack="39"/>
</pin_list>
<bind>
<opset="mul35_271_2_i "/>
</bind>
</comp>

<comp id="5075" class="1005" name="tmp_84_i_reg_5075">
<pin_list>
<pin id="5076" dir="0" index="0" bw="32" slack="1"/>
<pin id="5077" dir="1" index="1" bw="32" slack="1"/>
</pin_list>
<bind>
<opset="tmp_84_i "/>
</bind>
</comp>

<comp id="5080" class="1005" name="tmp_85_i_reg_5080">
<pin_list>
<pin id="5081" dir="0" index="0" bw="32" slack="1"/>
<pin id="5082" dir="1" index="1" bw="32" slack="1"/>
</pin_list>
<bind>
<opset="tmp_85_i "/>
</bind>
</comp>

<comp id="5085" class="1005" name="tmp_86_i_reg_5085">
<pin_list>
<pin id="5086" dir="0" index="0" bw="32" slack="1"/>
<pin id="5087" dir="1" index="1" bw="32" slack="1"/>
</pin_list>
<bind>
<opset="tmp_86_i "/>
</bind>
</comp>

<comp id="5090" class="1005" name="local_img_addr_16_reg_5090">
<pin_list>
<pin id="5091" dir="0" index="0" bw="18" slack="1"/>
<pin id="5092" dir="1" index="1" bw="18" slack="1"/>
</pin_list>
<bind>
<opset="local_img_addr_16 "/>
</bind>
</comp>

<comp id="5095" class="1005" name="local_img_addr_17_reg_5095">
<pin_list>
<pin id="5096" dir="0" index="0" bw="18" slack="1"/>
<pin id="5097" dir="1" index="1" bw="18" slack="1"/>
</pin_list>
<bind>
<opset="local_img_addr_17 "/>
</bind>
</comp>

<comp id="5100" class="1005" name="mul35_1_i_reg_5100">
<pin_list>
<pin id="5101" dir="0" index="0" bw="32" slack="43"/>
<pin id="5102" dir="1" index="1" bw="32" slack="43"/>
</pin_list>
<bind>
<opset="mul35_1_i "/>
</bind>
</comp>

<comp id="5105" class="1005" name="mul35_1_i_242_reg_5105">
<pin_list>
<pin id="5106" dir="0" index="0" bw="32" slack="48"/>
<pin id="5107" dir="1" index="1" bw="32" slack="48"/>
</pin_list>
<bind>
<opset="mul35_1_i_242 "/>
</bind>
</comp>

<comp id="5110" class="1005" name="mul35_1_9_i_reg_5110">
<pin_list>
<pin id="5111" dir="0" index="0" bw="32" slack="53"/>
<pin id="5112" dir="1" index="1" bw="32" slack="53"/>
</pin_list>
<bind>
<opset="mul35_1_9_i "/>
</bind>
</comp>

<comp id="5115" class="1005" name="tmp_87_i_reg_5115">
<pin_list>
<pin id="5116" dir="0" index="0" bw="32" slack="1"/>
<pin id="5117" dir="1" index="1" bw="32" slack="1"/>
</pin_list>
<bind>
<opset="tmp_87_i "/>
</bind>
</comp>

<comp id="5120" class="1005" name="tmp_88_i_reg_5120">
<pin_list>
<pin id="5121" dir="0" index="0" bw="32" slack="1"/>
<pin id="5122" dir="1" index="1" bw="32" slack="1"/>
</pin_list>
<bind>
<opset="tmp_88_i "/>
</bind>
</comp>

<comp id="5125" class="1005" name="tmp_89_i_reg_5125">
<pin_list>
<pin id="5126" dir="0" index="0" bw="32" slack="1"/>
<pin id="5127" dir="1" index="1" bw="32" slack="1"/>
</pin_list>
<bind>
<opset="tmp_89_i "/>
</bind>
</comp>

<comp id="5130" class="1005" name="local_img_load_16_reg_5130">
<pin_list>
<pin id="5131" dir="0" index="0" bw="32" slack="1"/>
<pin id="5132" dir="1" index="1" bw="32" slack="1"/>
</pin_list>
<bind>
<opset="local_img_load_16 "/>
</bind>
</comp>

<comp id="5135" class="1005" name="local_img_load_17_reg_5135">
<pin_list>
<pin id="5136" dir="0" index="0" bw="32" slack="1"/>
<pin id="5137" dir="1" index="1" bw="32" slack="1"/>
</pin_list>
<bind>
<opset="local_img_load_17 "/>
</bind>
</comp>

<comp id="5140" class="1005" name="mul35_1_1_i_reg_5140">
<pin_list>
<pin id="5141" dir="0" index="0" bw="32" slack="57"/>
<pin id="5142" dir="1" index="1" bw="32" slack="57"/>
</pin_list>
<bind>
<opset="mul35_1_1_i "/>
</bind>
</comp>

<comp id="5145" class="1005" name="mul35_1_1_1_i_reg_5145">
<pin_list>
<pin id="5146" dir="0" index="0" bw="32" slack="62"/>
<pin id="5147" dir="1" index="1" bw="32" slack="62"/>
</pin_list>
<bind>
<opset="mul35_1_1_1_i "/>
</bind>
</comp>

<comp id="5150" class="1005" name="mul35_1_1_2_i_reg_5150">
<pin_list>
<pin id="5151" dir="0" index="0" bw="32" slack="67"/>
<pin id="5152" dir="1" index="1" bw="32" slack="67"/>
</pin_list>
<bind>
<opset="mul35_1_1_2_i "/>
</bind>
</comp>

<comp id="5155" class="1005" name="tmp_90_i_reg_5155">
<pin_list>
<pin id="5156" dir="0" index="0" bw="32" slack="1"/>
<pin id="5157" dir="1" index="1" bw="32" slack="1"/>
</pin_list>
<bind>
<opset="tmp_90_i "/>
</bind>
</comp>

<comp id="5160" class="1005" name="tmp_91_i_reg_5160">
<pin_list>
<pin id="5161" dir="0" index="0" bw="32" slack="1"/>
<pin id="5162" dir="1" index="1" bw="32" slack="1"/>
</pin_list>
<bind>
<opset="tmp_91_i "/>
</bind>
</comp>

<comp id="5165" class="1005" name="tmp_92_i_reg_5165">
<pin_list>
<pin id="5166" dir="0" index="0" bw="32" slack="1"/>
<pin id="5167" dir="1" index="1" bw="32" slack="1"/>
</pin_list>
<bind>
<opset="tmp_92_i "/>
</bind>
</comp>

<comp id="5170" class="1005" name="acc_75_reg_5170">
<pin_list>
<pin id="5171" dir="0" index="0" bw="32" slack="1"/>
<pin id="5172" dir="1" index="1" bw="32" slack="1"/>
</pin_list>
<bind>
<opset="acc_75 "/>
</bind>
</comp>

<comp id="5175" class="1005" name="mul35_1_2_i_reg_5175">
<pin_list>
<pin id="5176" dir="0" index="0" bw="32" slack="71"/>
<pin id="5177" dir="1" index="1" bw="32" slack="71"/>
</pin_list>
<bind>
<opset="mul35_1_2_i "/>
</bind>
</comp>

<comp id="5180" class="1005" name="mul35_1_2_1_i_reg_5180">
<pin_list>
<pin id="5181" dir="0" index="0" bw="32" slack="76"/>
<pin id="5182" dir="1" index="1" bw="32" slack="76"/>
</pin_list>
<bind>
<opset="mul35_1_2_1_i "/>
</bind>
</comp>

<comp id="5185" class="1005" name="mul35_1_2_2_i_reg_5185">
<pin_list>
<pin id="5186" dir="0" index="0" bw="32" slack="81"/>
<pin id="5187" dir="1" index="1" bw="32" slack="81"/>
</pin_list>
<bind>
<opset="mul35_1_2_2_i "/>
</bind>
</comp>

<comp id="5190" class="1005" name="tmp_93_i_reg_5190">
<pin_list>
<pin id="5191" dir="0" index="0" bw="32" slack="1"/>
<pin id="5192" dir="1" index="1" bw="32" slack="1"/>
</pin_list>
<bind>
<opset="tmp_93_i "/>
</bind>
</comp>

<comp id="5195" class="1005" name="tmp_94_i_reg_5195">
<pin_list>
<pin id="5196" dir="0" index="0" bw="32" slack="1"/>
<pin id="5197" dir="1" index="1" bw="32" slack="1"/>
</pin_list>
<bind>
<opset="tmp_94_i "/>
</bind>
</comp>

<comp id="5200" class="1005" name="tmp_95_i_reg_5200">
<pin_list>
<pin id="5201" dir="0" index="0" bw="32" slack="1"/>
<pin id="5202" dir="1" index="1" bw="32" slack="1"/>
</pin_list>
<bind>
<opset="tmp_95_i "/>
</bind>
</comp>

<comp id="5205" class="1005" name="mul35_2_i_reg_5205">
<pin_list>
<pin id="5206" dir="0" index="0" bw="32" slack="85"/>
<pin id="5207" dir="1" index="1" bw="32" slack="85"/>
</pin_list>
<bind>
<opset="mul35_2_i "/>
</bind>
</comp>

<comp id="5210" class="1005" name="mul35_2_i_243_reg_5210">
<pin_list>
<pin id="5211" dir="0" index="0" bw="32" slack="90"/>
<pin id="5212" dir="1" index="1" bw="32" slack="90"/>
</pin_list>
<bind>
<opset="mul35_2_i_243 "/>
</bind>
</comp>

<comp id="5215" class="1005" name="mul35_2_9_i_reg_5215">
<pin_list>
<pin id="5216" dir="0" index="0" bw="32" slack="95"/>
<pin id="5217" dir="1" index="1" bw="32" slack="95"/>
</pin_list>
<bind>
<opset="mul35_2_9_i "/>
</bind>
</comp>

<comp id="5220" class="1005" name="mul35_2_1_i_reg_5220">
<pin_list>
<pin id="5221" dir="0" index="0" bw="32" slack="99"/>
<pin id="5222" dir="1" index="1" bw="32" slack="99"/>
</pin_list>
<bind>
<opset="mul35_2_1_i "/>
</bind>
</comp>

<comp id="5225" class="1005" name="mul35_2_1_1_i_reg_5225">
<pin_list>
<pin id="5226" dir="0" index="0" bw="32" slack="104"/>
<pin id="5227" dir="1" index="1" bw="32" slack="104"/>
</pin_list>
<bind>
<opset="mul35_2_1_1_i "/>
</bind>
</comp>

<comp id="5230" class="1005" name="mul35_2_1_2_i_reg_5230">
<pin_list>
<pin id="5231" dir="0" index="0" bw="32" slack="109"/>
<pin id="5232" dir="1" index="1" bw="32" slack="109"/>
</pin_list>
<bind>
<opset="mul35_2_1_2_i "/>
</bind>
</comp>

<comp id="5235" class="1005" name="mul35_2_2_i_reg_5235">
<pin_list>
<pin id="5236" dir="0" index="0" bw="32" slack="113"/>
<pin id="5237" dir="1" index="1" bw="32" slack="113"/>
</pin_list>
<bind>
<opset="mul35_2_2_i "/>
</bind>
</comp>

<comp id="5240" class="1005" name="mul35_2_2_1_i_reg_5240">
<pin_list>
<pin id="5241" dir="0" index="0" bw="32" slack="118"/>
<pin id="5242" dir="1" index="1" bw="32" slack="118"/>
</pin_list>
<bind>
<opset="mul35_2_2_1_i "/>
</bind>
</comp>

<comp id="5245" class="1005" name="mul35_2_2_2_i_reg_5245">
<pin_list>
<pin id="5246" dir="0" index="0" bw="32" slack="123"/>
<pin id="5247" dir="1" index="1" bw="32" slack="123"/>
</pin_list>
<bind>
<opset="mul35_2_2_2_i "/>
</bind>
</comp>

<comp id="5250" class="1005" name="acc_76_reg_5250">
<pin_list>
<pin id="5251" dir="0" index="0" bw="32" slack="1"/>
<pin id="5252" dir="1" index="1" bw="32" slack="1"/>
</pin_list>
<bind>
<opset="acc_76 "/>
</bind>
</comp>

<comp id="5255" class="1005" name="acc_77_reg_5255">
<pin_list>
<pin id="5256" dir="0" index="0" bw="32" slack="1"/>
<pin id="5257" dir="1" index="1" bw="32" slack="1"/>
</pin_list>
<bind>
<opset="acc_77 "/>
</bind>
</comp>

<comp id="5260" class="1005" name="acc_78_reg_5260">
<pin_list>
<pin id="5261" dir="0" index="0" bw="32" slack="1"/>
<pin id="5262" dir="1" index="1" bw="32" slack="1"/>
</pin_list>
<bind>
<opset="acc_78 "/>
</bind>
</comp>

<comp id="5265" class="1005" name="acc_79_reg_5265">
<pin_list>
<pin id="5266" dir="0" index="0" bw="32" slack="1"/>
<pin id="5267" dir="1" index="1" bw="32" slack="1"/>
</pin_list>
<bind>
<opset="acc_79 "/>
</bind>
</comp>

<comp id="5270" class="1005" name="acc_80_reg_5270">
<pin_list>
<pin id="5271" dir="0" index="0" bw="32" slack="1"/>
<pin id="5272" dir="1" index="1" bw="32" slack="1"/>
</pin_list>
<bind>
<opset="acc_80 "/>
</bind>
</comp>

<comp id="5275" class="1005" name="acc_81_reg_5275">
<pin_list>
<pin id="5276" dir="0" index="0" bw="32" slack="1"/>
<pin id="5277" dir="1" index="1" bw="32" slack="1"/>
</pin_list>
<bind>
<opset="acc_81 "/>
</bind>
</comp>

<comp id="5280" class="1005" name="acc_82_reg_5280">
<pin_list>
<pin id="5281" dir="0" index="0" bw="32" slack="1"/>
<pin id="5282" dir="1" index="1" bw="32" slack="1"/>
</pin_list>
<bind>
<opset="acc_82 "/>
</bind>
</comp>

<comp id="5285" class="1005" name="acc_83_reg_5285">
<pin_list>
<pin id="5286" dir="0" index="0" bw="32" slack="1"/>
<pin id="5287" dir="1" index="1" bw="32" slack="1"/>
</pin_list>
<bind>
<opset="acc_83 "/>
</bind>
</comp>

<comp id="5290" class="1005" name="acc_84_reg_5290">
<pin_list>
<pin id="5291" dir="0" index="0" bw="32" slack="1"/>
<pin id="5292" dir="1" index="1" bw="32" slack="1"/>
</pin_list>
<bind>
<opset="acc_84 "/>
</bind>
</comp>

<comp id="5295" class="1005" name="acc_85_reg_5295">
<pin_list>
<pin id="5296" dir="0" index="0" bw="32" slack="1"/>
<pin id="5297" dir="1" index="1" bw="32" slack="1"/>
</pin_list>
<bind>
<opset="acc_85 "/>
</bind>
</comp>

<comp id="5300" class="1005" name="acc_86_reg_5300">
<pin_list>
<pin id="5301" dir="0" index="0" bw="32" slack="1"/>
<pin id="5302" dir="1" index="1" bw="32" slack="1"/>
</pin_list>
<bind>
<opset="acc_86 "/>
</bind>
</comp>

<comp id="5305" class="1005" name="acc_87_reg_5305">
<pin_list>
<pin id="5306" dir="0" index="0" bw="32" slack="1"/>
<pin id="5307" dir="1" index="1" bw="32" slack="1"/>
</pin_list>
<bind>
<opset="acc_87 "/>
</bind>
</comp>

<comp id="5310" class="1005" name="acc_88_reg_5310">
<pin_list>
<pin id="5311" dir="0" index="0" bw="32" slack="1"/>
<pin id="5312" dir="1" index="1" bw="32" slack="1"/>
</pin_list>
<bind>
<opset="acc_88 "/>
</bind>
</comp>

<comp id="5315" class="1005" name="acc_89_reg_5315">
<pin_list>
<pin id="5316" dir="0" index="0" bw="32" slack="1"/>
<pin id="5317" dir="1" index="1" bw="32" slack="1"/>
</pin_list>
<bind>
<opset="acc_89 "/>
</bind>
</comp>

<comp id="5320" class="1005" name="acc_90_reg_5320">
<pin_list>
<pin id="5321" dir="0" index="0" bw="32" slack="1"/>
<pin id="5322" dir="1" index="1" bw="32" slack="1"/>
</pin_list>
<bind>
<opset="acc_90 "/>
</bind>
</comp>

<comp id="5325" class="1005" name="acc_91_reg_5325">
<pin_list>
<pin id="5326" dir="0" index="0" bw="32" slack="1"/>
<pin id="5327" dir="1" index="1" bw="32" slack="1"/>
</pin_list>
<bind>
<opset="acc_91 "/>
</bind>
</comp>

<comp id="5330" class="1005" name="acc_92_reg_5330">
<pin_list>
<pin id="5331" dir="0" index="0" bw="32" slack="1"/>
<pin id="5332" dir="1" index="1" bw="32" slack="1"/>
</pin_list>
<bind>
<opset="acc_92 "/>
</bind>
</comp>

<comp id="5335" class="1005" name="acc_93_reg_5335">
<pin_list>
<pin id="5336" dir="0" index="0" bw="32" slack="1"/>
<pin id="5337" dir="1" index="1" bw="32" slack="1"/>
</pin_list>
<bind>
<opset="acc_93 "/>
</bind>
</comp>

<comp id="5340" class="1005" name="acc_94_reg_5340">
<pin_list>
<pin id="5341" dir="0" index="0" bw="32" slack="1"/>
<pin id="5342" dir="1" index="1" bw="32" slack="1"/>
</pin_list>
<bind>
<opset="acc_94 "/>
</bind>
</comp>

<comp id="5345" class="1005" name="acc_95_reg_5345">
<pin_list>
<pin id="5346" dir="0" index="0" bw="32" slack="1"/>
<pin id="5347" dir="1" index="1" bw="32" slack="1"/>
</pin_list>
<bind>
<opset="acc_95 "/>
</bind>
</comp>

<comp id="5350" class="1005" name="acc_97_reg_5350">
<pin_list>
<pin id="5351" dir="0" index="0" bw="32" slack="1"/>
<pin id="5352" dir="1" index="1" bw="32" slack="1"/>
</pin_list>
<bind>
<opset="acc_97 "/>
</bind>
</comp>

<comp id="5355" class="1005" name="acc_98_reg_5355">
<pin_list>
<pin id="5356" dir="0" index="0" bw="32" slack="1"/>
<pin id="5357" dir="1" index="1" bw="32" slack="1"/>
</pin_list>
<bind>
<opset="acc_98 "/>
</bind>
</comp>

<comp id="5360" class="1005" name="acc_99_reg_5360">
<pin_list>
<pin id="5361" dir="0" index="0" bw="32" slack="1"/>
<pin id="5362" dir="1" index="1" bw="32" slack="1"/>
</pin_list>
<bind>
<opset="acc_99 "/>
</bind>
</comp>

<comp id="5365" class="1005" name="acc_100_reg_5365">
<pin_list>
<pin id="5366" dir="0" index="0" bw="32" slack="1"/>
<pin id="5367" dir="1" index="1" bw="32" slack="1"/>
</pin_list>
<bind>
<opset="acc_100 "/>
</bind>
</comp>

<comp id="5370" class="1005" name="select_ln228_reg_5370">
<pin_list>
<pin id="5371" dir="0" index="0" bw="32" slack="1"/>
<pin id="5372" dir="1" index="1" bw="32" slack="1"/>
</pin_list>
<bind>
<opset="select_ln228 "/>
</bind>
</comp>

</comp_list>

<net_list>
<net id="569"><net_src comp="460" pin="0"/><net_sink comp="566" pin=0"/></net>

<net id="573"><net_src comp="460" pin="0"/><net_sink comp="570" pin=0"/></net>

<net id="577"><net_src comp="460" pin="0"/><net_sink comp="574" pin=0"/></net>

<net id="581"><net_src comp="460" pin="0"/><net_sink comp="578" pin=0"/></net>

<net id="585"><net_src comp="460" pin="0"/><net_sink comp="582" pin=0"/></net>

<net id="591"><net_src comp="8" pin="0"/><net_sink comp="586" pin=0"/></net>

<net id="592"><net_src comp="514" pin="0"/><net_sink comp="586" pin=1"/></net>

<net id="598"><net_src comp="8" pin="0"/><net_sink comp="593" pin=0"/></net>

<net id="599"><net_src comp="514" pin="0"/><net_sink comp="593" pin=1"/></net>

<net id="605"><net_src comp="10" pin="0"/><net_sink comp="600" pin=0"/></net>

<net id="606"><net_src comp="514" pin="0"/><net_sink comp="600" pin=1"/></net>

<net id="612"><net_src comp="10" pin="0"/><net_sink comp="607" pin=0"/></net>

<net id="613"><net_src comp="514" pin="0"/><net_sink comp="607" pin=1"/></net>

<net id="623"><net_src comp="586" pin="3"/><net_sink comp="614" pin=2"/></net>

<net id="624"><net_src comp="593" pin="3"/><net_sink comp="614" pin=0"/></net>

<net id="634"><net_src comp="600" pin="3"/><net_sink comp="625" pin=2"/></net>

<net id="635"><net_src comp="607" pin="3"/><net_sink comp="625" pin=0"/></net>

<net id="641"><net_src comp="10" pin="0"/><net_sink comp="636" pin=0"/></net>

<net id="642"><net_src comp="514" pin="0"/><net_sink comp="636" pin=1"/></net>

<net id="648"><net_src comp="8" pin="0"/><net_sink comp="643" pin=0"/></net>

<net id="649"><net_src comp="514" pin="0"/><net_sink comp="643" pin=1"/></net>

<net id="655"><net_src comp="8" pin="0"/><net_sink comp="650" pin=0"/></net>

<net id="656"><net_src comp="514" pin="0"/><net_sink comp="650" pin=1"/></net>

<net id="657"><net_src comp="643" pin="3"/><net_sink comp="614" pin=2"/></net>

<net id="658"><net_src comp="650" pin="3"/><net_sink comp="614" pin=0"/></net>

<net id="664"><net_src comp="10" pin="0"/><net_sink comp="659" pin=0"/></net>

<net id="665"><net_src comp="514" pin="0"/><net_sink comp="659" pin=1"/></net>

<net id="666"><net_src comp="659" pin="3"/><net_sink comp="625" pin=2"/></net>

<net id="667"><net_src comp="636" pin="3"/><net_sink comp="625" pin=0"/></net>

<net id="673"><net_src comp="10" pin="0"/><net_sink comp="668" pin=0"/></net>

<net id="674"><net_src comp="514" pin="0"/><net_sink comp="668" pin=1"/></net>

<net id="680"><net_src comp="8" pin="0"/><net_sink comp="675" pin=0"/></net>

<net id="681"><net_src comp="514" pin="0"/><net_sink comp="675" pin=1"/></net>

<net id="687"><net_src comp="8" pin="0"/><net_sink comp="682" pin=0"/></net>

<net id="688"><net_src comp="514" pin="0"/><net_sink comp="682" pin=1"/></net>

<net id="694"><net_src comp="10" pin="0"/><net_sink comp="689" pin=0"/></net>

<net id="695"><net_src comp="514" pin="0"/><net_sink comp="689" pin=1"/></net>

<net id="696"><net_src comp="675" pin="3"/><net_sink comp="614" pin=2"/></net>

<net id="697"><net_src comp="682" pin="3"/><net_sink comp="614" pin=0"/></net>

<net id="698"><net_src comp="668" pin="3"/><net_sink comp="625" pin=2"/></net>

<net id="699"><net_src comp="689" pin="3"/><net_sink comp="625" pin=0"/></net>

<net id="705"><net_src comp="8" pin="0"/><net_sink comp="700" pin=0"/></net>

<net id="706"><net_src comp="514" pin="0"/><net_sink comp="700" pin=1"/></net>

<net id="712"><net_src comp="8" pin="0"/><net_sink comp="707" pin=0"/></net>

<net id="713"><net_src comp="514" pin="0"/><net_sink comp="707" pin=1"/></net>

<net id="719"><net_src comp="10" pin="0"/><net_sink comp="714" pin=0"/></net>

<net id="720"><net_src comp="514" pin="0"/><net_sink comp="714" pin=1"/></net>

<net id="726"><net_src comp="10" pin="0"/><net_sink comp="721" pin=0"/></net>

<net id="727"><net_src comp="514" pin="0"/><net_sink comp="721" pin=1"/></net>

<net id="728"><net_src comp="700" pin="3"/><net_sink comp="614" pin=2"/></net>

<net id="729"><net_src comp="707" pin="3"/><net_sink comp="614" pin=0"/></net>

<net id="730"><net_src comp="714" pin="3"/><net_sink comp="625" pin=2"/></net>

<net id="731"><net_src comp="721" pin="3"/><net_sink comp="625" pin=0"/></net>

<net id="737"><net_src comp="8" pin="0"/><net_sink comp="732" pin=0"/></net>

<net id="738"><net_src comp="514" pin="0"/><net_sink comp="732" pin=1"/></net>

<net id="744"><net_src comp="8" pin="0"/><net_sink comp="739" pin=0"/></net>

<net id="745"><net_src comp="514" pin="0"/><net_sink comp="739" pin=1"/></net>

<net id="751"><net_src comp="10" pin="0"/><net_sink comp="746" pin=0"/></net>

<net id="752"><net_src comp="514" pin="0"/><net_sink comp="746" pin=1"/></net>

<net id="753"><net_src comp="732" pin="3"/><net_sink comp="614" pin=2"/></net>

<net id="754"><net_src comp="739" pin="3"/><net_sink comp="614" pin=0"/></net>

<net id="755"><net_src comp="746" pin="3"/><net_sink comp="625" pin=0"/></net>

<net id="761"><net_src comp="8" pin="0"/><net_sink comp="756" pin=0"/></net>

<net id="762"><net_src comp="514" pin="0"/><net_sink comp="756" pin=1"/></net>

<net id="768"><net_src comp="8" pin="0"/><net_sink comp="763" pin=0"/></net>

<net id="769"><net_src comp="514" pin="0"/><net_sink comp="763" pin=1"/></net>

<net id="770"><net_src comp="756" pin="3"/><net_sink comp="614" pin=2"/></net>

<net id="771"><net_src comp="763" pin="3"/><net_sink comp="614" pin=0"/></net>

<net id="777"><net_src comp="8" pin="0"/><net_sink comp="772" pin=0"/></net>

<net id="778"><net_src comp="514" pin="0"/><net_sink comp="772" pin=1"/></net>

<net id="784"><net_src comp="8" pin="0"/><net_sink comp="779" pin=0"/></net>

<net id="785"><net_src comp="514" pin="0"/><net_sink comp="779" pin=1"/></net>

<net id="786"><net_src comp="772" pin="3"/><net_sink comp="614" pin=2"/></net>

<net id="787"><net_src comp="779" pin="3"/><net_sink comp="614" pin=0"/></net>

<net id="793"><net_src comp="8" pin="0"/><net_sink comp="788" pin=0"/></net>

<net id="794"><net_src comp="514" pin="0"/><net_sink comp="788" pin=1"/></net>

<net id="800"><net_src comp="8" pin="0"/><net_sink comp="795" pin=0"/></net>

<net id="801"><net_src comp="514" pin="0"/><net_sink comp="795" pin=1"/></net>

<net id="802"><net_src comp="788" pin="3"/><net_sink comp="614" pin=2"/></net>

<net id="803"><net_src comp="795" pin="3"/><net_sink comp="614" pin=0"/></net>

<net id="809"><net_src comp="8" pin="0"/><net_sink comp="804" pin=0"/></net>

<net id="810"><net_src comp="514" pin="0"/><net_sink comp="804" pin=1"/></net>

<net id="816"><net_src comp="8" pin="0"/><net_sink comp="811" pin=0"/></net>

<net id="817"><net_src comp="514" pin="0"/><net_sink comp="811" pin=1"/></net>

<net id="818"><net_src comp="804" pin="3"/><net_sink comp="614" pin=2"/></net>

<net id="819"><net_src comp="811" pin="3"/><net_sink comp="614" pin=0"/></net>

<net id="825"><net_src comp="0" pin="0"/><net_sink comp="820" pin=0"/></net>

<net id="826"><net_src comp="514" pin="0"/><net_sink comp="820" pin=1"/></net>

<net id="832"><net_src comp="2" pin="0"/><net_sink comp="827" pin=0"/></net>

<net id="833"><net_src comp="514" pin="0"/><net_sink comp="827" pin=1"/></net>

<net id="839"><net_src comp="4" pin="0"/><net_sink comp="834" pin=0"/></net>

<net id="840"><net_src comp="514" pin="0"/><net_sink comp="834" pin=1"/></net>

<net id="846"><net_src comp="6" pin="0"/><net_sink comp="841" pin=0"/></net>

<net id="847"><net_src comp="514" pin="0"/><net_sink comp="841" pin=1"/></net>

<net id="853"><net_src comp="834" pin="3"/><net_sink comp="848" pin=0"/></net>

<net id="859"><net_src comp="827" pin="3"/><net_sink comp="854" pin=0"/></net>

<net id="865"><net_src comp="820" pin="3"/><net_sink comp="860" pin=0"/></net>

<net id="871"><net_src comp="841" pin="3"/><net_sink comp="866" pin=0"/></net>

<net id="900"><net_src comp="538" pin="0"/><net_sink comp="896" pin=1"/></net>

<net id="904"><net_src comp="614" pin="7"/><net_sink comp="901" pin=0"/></net>

<net id="905"><net_src comp="901" pin="1"/><net_sink comp="884" pin=0"/></net>

<net id="909"><net_src comp="614" pin="3"/><net_sink comp="906" pin=0"/></net>

<net id="910"><net_src comp="906" pin="1"/><net_sink comp="888" pin=0"/></net>

<net id="914"><net_src comp="614" pin="7"/><net_sink comp="911" pin=0"/></net>

<net id="915"><net_src comp="911" pin="1"/><net_sink comp="884" pin=0"/></net>

<net id="919"><net_src comp="614" pin="3"/><net_sink comp="916" pin=0"/></net>

<net id="920"><net_src comp="916" pin="1"/><net_sink comp="888" pin=0"/></net>

<net id="924"><net_src comp="614" pin="7"/><net_sink comp="921" pin=0"/></net>

<net id="925"><net_src comp="921" pin="1"/><net_sink comp="884" pin=0"/></net>

<net id="929"><net_src comp="614" pin="3"/><net_sink comp="926" pin=0"/></net>

<net id="930"><net_src comp="926" pin="1"/><net_sink comp="888" pin=0"/></net>

<net id="934"><net_src comp="614" pin="7"/><net_sink comp="931" pin=0"/></net>

<net id="935"><net_src comp="931" pin="1"/><net_sink comp="884" pin=0"/></net>

<net id="939"><net_src comp="614" pin="3"/><net_sink comp="936" pin=0"/></net>

<net id="940"><net_src comp="936" pin="1"/><net_sink comp="888" pin=0"/></net>

<net id="944"><net_src comp="880" pin="2"/><net_sink comp="941" pin=0"/></net>

<net id="945"><net_src comp="941" pin="1"/><net_sink comp="880" pin=0"/></net>

<net id="946"><net_src comp="941" pin="1"/><net_sink comp="896" pin=0"/></net>

<net id="950"><net_src comp="12" pin="0"/><net_sink comp="947" pin=0"/></net>

<net id="954"><net_src comp="14" pin="0"/><net_sink comp="951" pin=0"/></net>

<net id="958"><net_src comp="16" pin="0"/><net_sink comp="955" pin=0"/></net>

<net id="962"><net_src comp="18" pin="0"/><net_sink comp="959" pin=0"/></net>

<net id="966"><net_src comp="20" pin="0"/><net_sink comp="963" pin=0"/></net>

<net id="970"><net_src comp="22" pin="0"/><net_sink comp="967" pin=0"/></net>

<net id="974"><net_src comp="24" pin="0"/><net_sink comp="971" pin=0"/></net>

<net id="978"><net_src comp="26" pin="0"/><net_sink comp="975" pin=0"/></net>

<net id="982"><net_src comp="28" pin="0"/><net_sink comp="979" pin=0"/></net>

<net id="986"><net_src comp="30" pin="0"/><net_sink comp="983" pin=0"/></net>

<net id="990"><net_src comp="32" pin="0"/><net_sink comp="987" pin=0"/></net>

<net id="994"><net_src comp="34" pin="0"/><net_sink comp="991" pin=0"/></net>

<net id="998"><net_src comp="36" pin="0"/><net_sink comp="995" pin=0"/></net>

<net id="1002"><net_src comp="38" pin="0"/><net_sink comp="999" pin=0"/></net>

<net id="1006"><net_src comp="40" pin="0"/><net_sink comp="1003" pin=0"/></net>

<net id="1010"><net_src comp="42" pin="0"/><net_sink comp="1007" pin=0"/></net>

<net id="1014"><net_src comp="44" pin="0"/><net_sink comp="1011" pin=0"/></net>

<net id="1018"><net_src comp="46" pin="0"/><net_sink comp="1015" pin=0"/></net>

<net id="1022"><net_src comp="48" pin="0"/><net_sink comp="1019" pin=0"/></net>

<net id="1026"><net_src comp="50" pin="0"/><net_sink comp="1023" pin=0"/></net>

<net id="1030"><net_src comp="52" pin="0"/><net_sink comp="1027" pin=0"/></net>

<net id="1034"><net_src comp="54" pin="0"/><net_sink comp="1031" pin=0"/></net>

<net id="1038"><net_src comp="56" pin="0"/><net_sink comp="1035" pin=0"/></net>

<net id="1042"><net_src comp="58" pin="0"/><net_sink comp="1039" pin=0"/></net>

<net id="1046"><net_src comp="60" pin="0"/><net_sink comp="1043" pin=0"/></net>

<net id="1050"><net_src comp="62" pin="0"/><net_sink comp="1047" pin=0"/></net>

<net id="1054"><net_src comp="64" pin="0"/><net_sink comp="1051" pin=0"/></net>

<net id="1058"><net_src comp="66" pin="0"/><net_sink comp="1055" pin=0"/></net>

<net id="1062"><net_src comp="68" pin="0"/><net_sink comp="1059" pin=0"/></net>

<net id="1066"><net_src comp="70" pin="0"/><net_sink comp="1063" pin=0"/></net>

<net id="1070"><net_src comp="72" pin="0"/><net_sink comp="1067" pin=0"/></net>

<net id="1074"><net_src comp="74" pin="0"/><net_sink comp="1071" pin=0"/></net>

<net id="1078"><net_src comp="76" pin="0"/><net_sink comp="1075" pin=0"/></net>

<net id="1082"><net_src comp="78" pin="0"/><net_sink comp="1079" pin=0"/></net>

<net id="1086"><net_src comp="80" pin="0"/><net_sink comp="1083" pin=0"/></net>

<net id="1090"><net_src comp="82" pin="0"/><net_sink comp="1087" pin=0"/></net>

<net id="1094"><net_src comp="84" pin="0"/><net_sink comp="1091" pin=0"/></net>

<net id="1098"><net_src comp="86" pin="0"/><net_sink comp="1095" pin=0"/></net>

<net id="1102"><net_src comp="88" pin="0"/><net_sink comp="1099" pin=0"/></net>

<net id="1106"><net_src comp="90" pin="0"/><net_sink comp="1103" pin=0"/></net>

<net id="1110"><net_src comp="92" pin="0"/><net_sink comp="1107" pin=0"/></net>

<net id="1114"><net_src comp="94" pin="0"/><net_sink comp="1111" pin=0"/></net>

<net id="1118"><net_src comp="96" pin="0"/><net_sink comp="1115" pin=0"/></net>

<net id="1122"><net_src comp="98" pin="0"/><net_sink comp="1119" pin=0"/></net>

<net id="1126"><net_src comp="100" pin="0"/><net_sink comp="1123" pin=0"/></net>

<net id="1130"><net_src comp="102" pin="0"/><net_sink comp="1127" pin=0"/></net>

<net id="1134"><net_src comp="104" pin="0"/><net_sink comp="1131" pin=0"/></net>

<net id="1138"><net_src comp="106" pin="0"/><net_sink comp="1135" pin=0"/></net>

<net id="1142"><net_src comp="108" pin="0"/><net_sink comp="1139" pin=0"/></net>

<net id="1146"><net_src comp="110" pin="0"/><net_sink comp="1143" pin=0"/></net>

<net id="1150"><net_src comp="112" pin="0"/><net_sink comp="1147" pin=0"/></net>

<net id="1154"><net_src comp="114" pin="0"/><net_sink comp="1151" pin=0"/></net>

<net id="1158"><net_src comp="116" pin="0"/><net_sink comp="1155" pin=0"/></net>

<net id="1162"><net_src comp="118" pin="0"/><net_sink comp="1159" pin=0"/></net>

<net id="1166"><net_src comp="120" pin="0"/><net_sink comp="1163" pin=0"/></net>

<net id="1170"><net_src comp="122" pin="0"/><net_sink comp="1167" pin=0"/></net>

<net id="1174"><net_src comp="124" pin="0"/><net_sink comp="1171" pin=0"/></net>

<net id="1178"><net_src comp="126" pin="0"/><net_sink comp="1175" pin=0"/></net>

<net id="1182"><net_src comp="128" pin="0"/><net_sink comp="1179" pin=0"/></net>

<net id="1186"><net_src comp="130" pin="0"/><net_sink comp="1183" pin=0"/></net>

<net id="1190"><net_src comp="132" pin="0"/><net_sink comp="1187" pin=0"/></net>

<net id="1194"><net_src comp="134" pin="0"/><net_sink comp="1191" pin=0"/></net>

<net id="1198"><net_src comp="136" pin="0"/><net_sink comp="1195" pin=0"/></net>

<net id="1202"><net_src comp="138" pin="0"/><net_sink comp="1199" pin=0"/></net>

<net id="1206"><net_src comp="140" pin="0"/><net_sink comp="1203" pin=0"/></net>

<net id="1210"><net_src comp="142" pin="0"/><net_sink comp="1207" pin=0"/></net>

<net id="1214"><net_src comp="144" pin="0"/><net_sink comp="1211" pin=0"/></net>

<net id="1218"><net_src comp="146" pin="0"/><net_sink comp="1215" pin=0"/></net>

<net id="1222"><net_src comp="148" pin="0"/><net_sink comp="1219" pin=0"/></net>

<net id="1226"><net_src comp="150" pin="0"/><net_sink comp="1223" pin=0"/></net>

<net id="1230"><net_src comp="152" pin="0"/><net_sink comp="1227" pin=0"/></net>

<net id="1234"><net_src comp="154" pin="0"/><net_sink comp="1231" pin=0"/></net>

<net id="1238"><net_src comp="156" pin="0"/><net_sink comp="1235" pin=0"/></net>

<net id="1242"><net_src comp="158" pin="0"/><net_sink comp="1239" pin=0"/></net>

<net id="1246"><net_src comp="160" pin="0"/><net_sink comp="1243" pin=0"/></net>

<net id="1250"><net_src comp="162" pin="0"/><net_sink comp="1247" pin=0"/></net>

<net id="1254"><net_src comp="164" pin="0"/><net_sink comp="1251" pin=0"/></net>

<net id="1258"><net_src comp="166" pin="0"/><net_sink comp="1255" pin=0"/></net>

<net id="1262"><net_src comp="168" pin="0"/><net_sink comp="1259" pin=0"/></net>

<net id="1266"><net_src comp="170" pin="0"/><net_sink comp="1263" pin=0"/></net>

<net id="1270"><net_src comp="172" pin="0"/><net_sink comp="1267" pin=0"/></net>

<net id="1274"><net_src comp="174" pin="0"/><net_sink comp="1271" pin=0"/></net>

<net id="1278"><net_src comp="176" pin="0"/><net_sink comp="1275" pin=0"/></net>

<net id="1282"><net_src comp="178" pin="0"/><net_sink comp="1279" pin=0"/></net>

<net id="1286"><net_src comp="180" pin="0"/><net_sink comp="1283" pin=0"/></net>

<net id="1290"><net_src comp="182" pin="0"/><net_sink comp="1287" pin=0"/></net>

<net id="1294"><net_src comp="184" pin="0"/><net_sink comp="1291" pin=0"/></net>

<net id="1298"><net_src comp="186" pin="0"/><net_sink comp="1295" pin=0"/></net>

<net id="1302"><net_src comp="188" pin="0"/><net_sink comp="1299" pin=0"/></net>

<net id="1306"><net_src comp="190" pin="0"/><net_sink comp="1303" pin=0"/></net>

<net id="1310"><net_src comp="192" pin="0"/><net_sink comp="1307" pin=0"/></net>

<net id="1314"><net_src comp="194" pin="0"/><net_sink comp="1311" pin=0"/></net>

<net id="1318"><net_src comp="196" pin="0"/><net_sink comp="1315" pin=0"/></net>

<net id="1322"><net_src comp="198" pin="0"/><net_sink comp="1319" pin=0"/></net>

<net id="1326"><net_src comp="200" pin="0"/><net_sink comp="1323" pin=0"/></net>

<net id="1330"><net_src comp="202" pin="0"/><net_sink comp="1327" pin=0"/></net>

<net id="1334"><net_src comp="204" pin="0"/><net_sink comp="1331" pin=0"/></net>

<net id="1338"><net_src comp="206" pin="0"/><net_sink comp="1335" pin=0"/></net>

<net id="1342"><net_src comp="208" pin="0"/><net_sink comp="1339" pin=0"/></net>

<net id="1346"><net_src comp="210" pin="0"/><net_sink comp="1343" pin=0"/></net>

<net id="1350"><net_src comp="212" pin="0"/><net_sink comp="1347" pin=0"/></net>

<net id="1354"><net_src comp="214" pin="0"/><net_sink comp="1351" pin=0"/></net>

<net id="1358"><net_src comp="216" pin="0"/><net_sink comp="1355" pin=0"/></net>

<net id="1362"><net_src comp="218" pin="0"/><net_sink comp="1359" pin=0"/></net>

<net id="1366"><net_src comp="220" pin="0"/><net_sink comp="1363" pin=0"/></net>

<net id="1370"><net_src comp="222" pin="0"/><net_sink comp="1367" pin=0"/></net>

<net id="1374"><net_src comp="224" pin="0"/><net_sink comp="1371" pin=0"/></net>

<net id="1378"><net_src comp="226" pin="0"/><net_sink comp="1375" pin=0"/></net>

<net id="1382"><net_src comp="228" pin="0"/><net_sink comp="1379" pin=0"/></net>

<net id="1386"><net_src comp="230" pin="0"/><net_sink comp="1383" pin=0"/></net>

<net id="1390"><net_src comp="232" pin="0"/><net_sink comp="1387" pin=0"/></net>

<net id="1394"><net_src comp="234" pin="0"/><net_sink comp="1391" pin=0"/></net>

<net id="1398"><net_src comp="236" pin="0"/><net_sink comp="1395" pin=0"/></net>

<net id="1402"><net_src comp="238" pin="0"/><net_sink comp="1399" pin=0"/></net>

<net id="1406"><net_src comp="240" pin="0"/><net_sink comp="1403" pin=0"/></net>

<net id="1410"><net_src comp="242" pin="0"/><net_sink comp="1407" pin=0"/></net>

<net id="1414"><net_src comp="244" pin="0"/><net_sink comp="1411" pin=0"/></net>

<net id="1418"><net_src comp="246" pin="0"/><net_sink comp="1415" pin=0"/></net>

<net id="1422"><net_src comp="248" pin="0"/><net_sink comp="1419" pin=0"/></net>

<net id="1426"><net_src comp="250" pin="0"/><net_sink comp="1423" pin=0"/></net>

<net id="1430"><net_src comp="252" pin="0"/><net_sink comp="1427" pin=0"/></net>

<net id="1434"><net_src comp="254" pin="0"/><net_sink comp="1431" pin=0"/></net>

<net id="1438"><net_src comp="256" pin="0"/><net_sink comp="1435" pin=0"/></net>

<net id="1442"><net_src comp="258" pin="0"/><net_sink comp="1439" pin=0"/></net>

<net id="1446"><net_src comp="260" pin="0"/><net_sink comp="1443" pin=0"/></net>

<net id="1450"><net_src comp="262" pin="0"/><net_sink comp="1447" pin=0"/></net>

<net id="1454"><net_src comp="264" pin="0"/><net_sink comp="1451" pin=0"/></net>

<net id="1458"><net_src comp="266" pin="0"/><net_sink comp="1455" pin=0"/></net>

<net id="1462"><net_src comp="268" pin="0"/><net_sink comp="1459" pin=0"/></net>

<net id="1466"><net_src comp="270" pin="0"/><net_sink comp="1463" pin=0"/></net>

<net id="1470"><net_src comp="272" pin="0"/><net_sink comp="1467" pin=0"/></net>

<net id="1474"><net_src comp="274" pin="0"/><net_sink comp="1471" pin=0"/></net>

<net id="1478"><net_src comp="276" pin="0"/><net_sink comp="1475" pin=0"/></net>

<net id="1482"><net_src comp="278" pin="0"/><net_sink comp="1479" pin=0"/></net>

<net id="1486"><net_src comp="280" pin="0"/><net_sink comp="1483" pin=0"/></net>

<net id="1490"><net_src comp="282" pin="0"/><net_sink comp="1487" pin=0"/></net>

<net id="1494"><net_src comp="284" pin="0"/><net_sink comp="1491" pin=0"/></net>

<net id="1498"><net_src comp="286" pin="0"/><net_sink comp="1495" pin=0"/></net>

<net id="1502"><net_src comp="288" pin="0"/><net_sink comp="1499" pin=0"/></net>

<net id="1506"><net_src comp="290" pin="0"/><net_sink comp="1503" pin=0"/></net>

<net id="1510"><net_src comp="292" pin="0"/><net_sink comp="1507" pin=0"/></net>

<net id="1514"><net_src comp="294" pin="0"/><net_sink comp="1511" pin=0"/></net>

<net id="1518"><net_src comp="296" pin="0"/><net_sink comp="1515" pin=0"/></net>

<net id="1522"><net_src comp="298" pin="0"/><net_sink comp="1519" pin=0"/></net>

<net id="1526"><net_src comp="300" pin="0"/><net_sink comp="1523" pin=0"/></net>

<net id="1530"><net_src comp="302" pin="0"/><net_sink comp="1527" pin=0"/></net>

<net id="1534"><net_src comp="304" pin="0"/><net_sink comp="1531" pin=0"/></net>

<net id="1538"><net_src comp="306" pin="0"/><net_sink comp="1535" pin=0"/></net>

<net id="1542"><net_src comp="308" pin="0"/><net_sink comp="1539" pin=0"/></net>

<net id="1546"><net_src comp="310" pin="0"/><net_sink comp="1543" pin=0"/></net>

<net id="1550"><net_src comp="312" pin="0"/><net_sink comp="1547" pin=0"/></net>

<net id="1554"><net_src comp="314" pin="0"/><net_sink comp="1551" pin=0"/></net>

<net id="1558"><net_src comp="316" pin="0"/><net_sink comp="1555" pin=0"/></net>

<net id="1562"><net_src comp="318" pin="0"/><net_sink comp="1559" pin=0"/></net>

<net id="1566"><net_src comp="320" pin="0"/><net_sink comp="1563" pin=0"/></net>

<net id="1570"><net_src comp="322" pin="0"/><net_sink comp="1567" pin=0"/></net>

<net id="1574"><net_src comp="324" pin="0"/><net_sink comp="1571" pin=0"/></net>

<net id="1578"><net_src comp="326" pin="0"/><net_sink comp="1575" pin=0"/></net>

<net id="1582"><net_src comp="328" pin="0"/><net_sink comp="1579" pin=0"/></net>

<net id="1586"><net_src comp="330" pin="0"/><net_sink comp="1583" pin=0"/></net>

<net id="1590"><net_src comp="332" pin="0"/><net_sink comp="1587" pin=0"/></net>

<net id="1594"><net_src comp="334" pin="0"/><net_sink comp="1591" pin=0"/></net>

<net id="1598"><net_src comp="336" pin="0"/><net_sink comp="1595" pin=0"/></net>

<net id="1602"><net_src comp="338" pin="0"/><net_sink comp="1599" pin=0"/></net>

<net id="1606"><net_src comp="340" pin="0"/><net_sink comp="1603" pin=0"/></net>

<net id="1610"><net_src comp="342" pin="0"/><net_sink comp="1607" pin=0"/></net>

<net id="1614"><net_src comp="344" pin="0"/><net_sink comp="1611" pin=0"/></net>

<net id="1618"><net_src comp="346" pin="0"/><net_sink comp="1615" pin=0"/></net>

<net id="1622"><net_src comp="348" pin="0"/><net_sink comp="1619" pin=0"/></net>

<net id="1626"><net_src comp="350" pin="0"/><net_sink comp="1623" pin=0"/></net>

<net id="1630"><net_src comp="352" pin="0"/><net_sink comp="1627" pin=0"/></net>

<net id="1634"><net_src comp="354" pin="0"/><net_sink comp="1631" pin=0"/></net>

<net id="1638"><net_src comp="356" pin="0"/><net_sink comp="1635" pin=0"/></net>

<net id="1642"><net_src comp="358" pin="0"/><net_sink comp="1639" pin=0"/></net>

<net id="1646"><net_src comp="360" pin="0"/><net_sink comp="1643" pin=0"/></net>

<net id="1650"><net_src comp="362" pin="0"/><net_sink comp="1647" pin=0"/></net>

<net id="1654"><net_src comp="364" pin="0"/><net_sink comp="1651" pin=0"/></net>

<net id="1658"><net_src comp="366" pin="0"/><net_sink comp="1655" pin=0"/></net>

<net id="1662"><net_src comp="368" pin="0"/><net_sink comp="1659" pin=0"/></net>

<net id="1666"><net_src comp="370" pin="0"/><net_sink comp="1663" pin=0"/></net>

<net id="1670"><net_src comp="372" pin="0"/><net_sink comp="1667" pin=0"/></net>

<net id="1674"><net_src comp="374" pin="0"/><net_sink comp="1671" pin=0"/></net>

<net id="1678"><net_src comp="376" pin="0"/><net_sink comp="1675" pin=0"/></net>

<net id="1682"><net_src comp="378" pin="0"/><net_sink comp="1679" pin=0"/></net>

<net id="1686"><net_src comp="380" pin="0"/><net_sink comp="1683" pin=0"/></net>

<net id="1690"><net_src comp="382" pin="0"/><net_sink comp="1687" pin=0"/></net>

<net id="1694"><net_src comp="384" pin="0"/><net_sink comp="1691" pin=0"/></net>

<net id="1698"><net_src comp="386" pin="0"/><net_sink comp="1695" pin=0"/></net>

<net id="1702"><net_src comp="388" pin="0"/><net_sink comp="1699" pin=0"/></net>

<net id="1706"><net_src comp="390" pin="0"/><net_sink comp="1703" pin=0"/></net>

<net id="1710"><net_src comp="392" pin="0"/><net_sink comp="1707" pin=0"/></net>

<net id="1714"><net_src comp="394" pin="0"/><net_sink comp="1711" pin=0"/></net>

<net id="1718"><net_src comp="396" pin="0"/><net_sink comp="1715" pin=0"/></net>

<net id="1722"><net_src comp="398" pin="0"/><net_sink comp="1719" pin=0"/></net>

<net id="1726"><net_src comp="400" pin="0"/><net_sink comp="1723" pin=0"/></net>

<net id="1730"><net_src comp="402" pin="0"/><net_sink comp="1727" pin=0"/></net>

<net id="1734"><net_src comp="404" pin="0"/><net_sink comp="1731" pin=0"/></net>

<net id="1738"><net_src comp="406" pin="0"/><net_sink comp="1735" pin=0"/></net>

<net id="1742"><net_src comp="408" pin="0"/><net_sink comp="1739" pin=0"/></net>

<net id="1746"><net_src comp="410" pin="0"/><net_sink comp="1743" pin=0"/></net>

<net id="1750"><net_src comp="412" pin="0"/><net_sink comp="1747" pin=0"/></net>

<net id="1754"><net_src comp="414" pin="0"/><net_sink comp="1751" pin=0"/></net>

<net id="1758"><net_src comp="416" pin="0"/><net_sink comp="1755" pin=0"/></net>

<net id="1762"><net_src comp="418" pin="0"/><net_sink comp="1759" pin=0"/></net>

<net id="1766"><net_src comp="420" pin="0"/><net_sink comp="1763" pin=0"/></net>

<net id="1770"><net_src comp="422" pin="0"/><net_sink comp="1767" pin=0"/></net>

<net id="1774"><net_src comp="424" pin="0"/><net_sink comp="1771" pin=0"/></net>

<net id="1778"><net_src comp="426" pin="0"/><net_sink comp="1775" pin=0"/></net>

<net id="1782"><net_src comp="428" pin="0"/><net_sink comp="1779" pin=0"/></net>

<net id="1786"><net_src comp="430" pin="0"/><net_sink comp="1783" pin=0"/></net>

<net id="1790"><net_src comp="432" pin="0"/><net_sink comp="1787" pin=0"/></net>

<net id="1794"><net_src comp="434" pin="0"/><net_sink comp="1791" pin=0"/></net>

<net id="1798"><net_src comp="436" pin="0"/><net_sink comp="1795" pin=0"/></net>

<net id="1802"><net_src comp="438" pin="0"/><net_sink comp="1799" pin=0"/></net>

<net id="1806"><net_src comp="440" pin="0"/><net_sink comp="1803" pin=0"/></net>

<net id="1810"><net_src comp="442" pin="0"/><net_sink comp="1807" pin=0"/></net>

<net id="1814"><net_src comp="444" pin="0"/><net_sink comp="1811" pin=0"/></net>

<net id="1818"><net_src comp="446" pin="0"/><net_sink comp="1815" pin=0"/></net>

<net id="1822"><net_src comp="448" pin="0"/><net_sink comp="1819" pin=0"/></net>

<net id="1826"><net_src comp="450" pin="0"/><net_sink comp="1823" pin=0"/></net>

<net id="1830"><net_src comp="452" pin="0"/><net_sink comp="1827" pin=0"/></net>

<net id="1834"><net_src comp="454" pin="0"/><net_sink comp="1831" pin=0"/></net>

<net id="1838"><net_src comp="456" pin="0"/><net_sink comp="1835" pin=0"/></net>

<net id="1842"><net_src comp="458" pin="0"/><net_sink comp="1839" pin=0"/></net>

<net id="1847"><net_src comp="462" pin="0"/><net_sink comp="1843" pin=0"/></net>

<net id="1852"><net_src comp="464" pin="0"/><net_sink comp="1848" pin=0"/></net>

<net id="1857"><net_src comp="466" pin="0"/><net_sink comp="1853" pin=0"/></net>

<net id="1862"><net_src comp="468" pin="0"/><net_sink comp="1858" pin=0"/></net>

<net id="1867"><net_src comp="470" pin="0"/><net_sink comp="1863" pin=0"/></net>

<net id="1878"><net_src comp="1871" pin="1"/><net_sink comp="1874" pin=0"/></net>

<net id="1879"><net_src comp="472" pin="0"/><net_sink comp="1874" pin=1"/></net>

<net id="1884"><net_src comp="1871" pin="1"/><net_sink comp="1880" pin=0"/></net>

<net id="1885"><net_src comp="474" pin="0"/><net_sink comp="1880" pin=1"/></net>

<net id="1899"><net_src comp="1868" pin="1"/><net_sink comp="1895" pin=0"/></net>

<net id="1900"><net_src comp="476" pin="0"/><net_sink comp="1895" pin=1"/></net>

<net id="1906"><net_src comp="1895" pin="2"/><net_sink comp="1901" pin=0"/></net>

<net id="1907"><net_src comp="468" pin="0"/><net_sink comp="1901" pin=1"/></net>

<net id="1908"><net_src comp="1889" pin="1"/><net_sink comp="1901" pin=2"/></net>

<net id="1913"><net_src comp="1892" pin="1"/><net_sink comp="1909" pin=0"/></net>

<net id="1914"><net_src comp="478" pin="0"/><net_sink comp="1909" pin=1"/></net>

<net id="1919"><net_src comp="1892" pin="1"/><net_sink comp="1915" pin=0"/></net>

<net id="1920"><net_src comp="480" pin="0"/><net_sink comp="1915" pin=1"/></net>

<net id="1926"><net_src comp="1895" pin="2"/><net_sink comp="1921" pin=0"/></net>

<net id="1927"><net_src comp="1909" pin="2"/><net_sink comp="1921" pin=1"/></net>

<net id="1928"><net_src comp="1915" pin="2"/><net_sink comp="1921" pin=2"/></net>

<net id="1933"><net_src comp="1889" pin="1"/><net_sink comp="1929" pin=0"/></net>

<net id="1934"><net_src comp="482" pin="0"/><net_sink comp="1929" pin=1"/></net>

<net id="1940"><net_src comp="1895" pin="2"/><net_sink comp="1935" pin=0"/></net>

<net id="1941"><net_src comp="482" pin="0"/><net_sink comp="1935" pin=1"/></net>

<net id="1942"><net_src comp="1929" pin="2"/><net_sink comp="1935" pin=2"/></net>

<net id="1947"><net_src comp="1895" pin="2"/><net_sink comp="1943" pin=0"/></net>

<net id="1948"><net_src comp="484" pin="0"/><net_sink comp="1943" pin=1"/></net>

<net id="1953"><net_src comp="1886" pin="1"/><net_sink comp="1949" pin=0"/></net>

<net id="1954"><net_src comp="486" pin="0"/><net_sink comp="1949" pin=1"/></net>

<net id="1959"><net_src comp="1949" pin="2"/><net_sink comp="1955" pin=0"/></net>

<net id="1960"><net_src comp="1943" pin="2"/><net_sink comp="1955" pin=1"/></net>

<net id="1966"><net_src comp="1895" pin="2"/><net_sink comp="1961" pin=0"/></net>

<net id="1967"><net_src comp="1915" pin="2"/><net_sink comp="1961" pin=1"/></net>

<net id="1968"><net_src comp="1892" pin="1"/><net_sink comp="1961" pin=2"/></net>

<net id="1973"><net_src comp="1901" pin="3"/><net_sink comp="1969" pin=0"/></net>

<net id="1974"><net_src comp="482" pin="0"/><net_sink comp="1969" pin=1"/></net>

<net id="1979"><net_src comp="1955" pin="2"/><net_sink comp="1975" pin=0"/></net>

<net id="1980"><net_src comp="1895" pin="2"/><net_sink comp="1975" pin=1"/></net>

<net id="1986"><net_src comp="1975" pin="2"/><net_sink comp="1981" pin=0"/></net>

<net id="1987"><net_src comp="470" pin="0"/><net_sink comp="1981" pin=1"/></net>

<net id="1988"><net_src comp="1886" pin="1"/><net_sink comp="1981" pin=2"/></net>

<net id="1993"><net_src comp="1901" pin="3"/><net_sink comp="1989" pin=0"/></net>

<net id="1994"><net_src comp="488" pin="0"/><net_sink comp="1989" pin=1"/></net>

<net id="2000"><net_src comp="1955" pin="2"/><net_sink comp="1995" pin=0"/></net>

<net id="2001"><net_src comp="1989" pin="2"/><net_sink comp="1995" pin=1"/></net>

<net id="2002"><net_src comp="1935" pin="3"/><net_sink comp="1995" pin=2"/></net>

<net id="2008"><net_src comp="1955" pin="2"/><net_sink comp="2003" pin=0"/></net>

<net id="2009"><net_src comp="1969" pin="2"/><net_sink comp="2003" pin=1"/></net>

<net id="2010"><net_src comp="1901" pin="3"/><net_sink comp="2003" pin=2"/></net>

<net id="2014"><net_src comp="1981" pin="3"/><net_sink comp="2011" pin=0"/></net>

<net id="2018"><net_src comp="1981" pin="3"/><net_sink comp="2015" pin=0"/></net>

<net id="2025"><net_src comp="490" pin="0"/><net_sink comp="2019" pin=0"/></net>

<net id="2026"><net_src comp="1981" pin="3"/><net_sink comp="2019" pin=1"/></net>

<net id="2027"><net_src comp="460" pin="0"/><net_sink comp="2019" pin=2"/></net>

<net id="2028"><net_src comp="492" pin="0"/><net_sink comp="2019" pin=3"/></net>

<net id="2035"><net_src comp="2019" pin="4"/><net_sink comp="2029" pin=0"/></net>

<net id="2036"><net_src comp="494" pin="0"/><net_sink comp="2029" pin=1"/></net>

<net id="2037"><net_src comp="496" pin="0"/><net_sink comp="2029" pin=2"/></net>

<net id="2038"><net_src comp="498" pin="0"/><net_sink comp="2029" pin=3"/></net>

<net id="2043"><net_src comp="1981" pin="3"/><net_sink comp="2039" pin=0"/></net>

<net id="2044"><net_src comp="500" pin="0"/><net_sink comp="2039" pin=1"/></net>

<net id="2049"><net_src comp="1868" pin="1"/><net_sink comp="2045" pin=0"/></net>

<net id="2050"><net_src comp="502" pin="0"/><net_sink comp="2045" pin=1"/></net>

<net id="2056"><net_src comp="1895" pin="2"/><net_sink comp="2051" pin=0"/></net>

<net id="2057"><net_src comp="502" pin="0"/><net_sink comp="2051" pin=1"/></net>

<net id="2058"><net_src comp="2045" pin="2"/><net_sink comp="2051" pin=2"/></net>

<net id="2063"><net_src comp="1880" pin="2"/><net_sink comp="2059" pin=0"/></net>

<net id="2068"><net_src comp="1961" pin="3"/><net_sink comp="2064" pin=0"/></net>

<net id="2073"><net_src comp="2051" pin="3"/><net_sink comp="2069" pin=0"/></net>

<net id="2078"><net_src comp="2003" pin="3"/><net_sink comp="2074" pin=0"/></net>

<net id="2083"><net_src comp="2039" pin="2"/><net_sink comp="2079" pin=0"/></net>

<net id="2089"><net_src comp="504" pin="0"/><net_sink comp="2084" pin=0"/></net>

<net id="2090"><net_src comp="464" pin="0"/><net_sink comp="2084" pin=2"/></net>

<net id="2094"><net_src comp="2084" pin="3"/><net_sink comp="2091" pin=0"/></net>

<net id="2100"><net_src comp="506" pin="0"/><net_sink comp="2095" pin=0"/></net>

<net id="2101"><net_src comp="508" pin="0"/><net_sink comp="2095" pin=2"/></net>

<net id="2105"><net_src comp="2095" pin="3"/><net_sink comp="2102" pin=0"/></net>

<net id="2110"><net_src comp="2091" pin="1"/><net_sink comp="2106" pin=0"/></net>

<net id="2111"><net_src comp="2102" pin="1"/><net_sink comp="2106" pin=1"/></net>

<net id="2119"><net_src comp="2106" pin="2"/><net_sink comp="2115" pin=0"/></net>

<net id="2120"><net_src comp="2112" pin="1"/><net_sink comp="2115" pin=1"/></net>

<net id="2126"><net_src comp="510" pin="0"/><net_sink comp="2121" pin=0"/></net>

<net id="2127"><net_src comp="2115" pin="2"/><net_sink comp="2121" pin=1"/></net>

<net id="2128"><net_src comp="512" pin="0"/><net_sink comp="2121" pin=2"/></net>

<net id="2132"><net_src comp="2121" pin="3"/><net_sink comp="2129" pin=0"/></net>

<net id="2133"><net_src comp="2129" pin="1"/><net_sink comp="586" pin=2"/></net>

<net id="2134"><net_src comp="2129" pin="1"/><net_sink comp="600" pin=2"/></net>

<net id="2140"><net_src comp="510" pin="0"/><net_sink comp="2135" pin=0"/></net>

<net id="2141"><net_src comp="2115" pin="2"/><net_sink comp="2135" pin=1"/></net>

<net id="2142"><net_src comp="484" pin="0"/><net_sink comp="2135" pin=2"/></net>

<net id="2146"><net_src comp="2135" pin="3"/><net_sink comp="2143" pin=0"/></net>

<net id="2147"><net_src comp="2143" pin="1"/><net_sink comp="593" pin=2"/></net>

<net id="2155"><net_src comp="2106" pin="2"/><net_sink comp="2151" pin=0"/></net>

<net id="2156"><net_src comp="2148" pin="1"/><net_sink comp="2151" pin=1"/></net>

<net id="2162"><net_src comp="510" pin="0"/><net_sink comp="2157" pin=0"/></net>

<net id="2163"><net_src comp="2151" pin="2"/><net_sink comp="2157" pin=1"/></net>

<net id="2164"><net_src comp="512" pin="0"/><net_sink comp="2157" pin=2"/></net>

<net id="2168"><net_src comp="2157" pin="3"/><net_sink comp="2165" pin=0"/></net>

<net id="2169"><net_src comp="2165" pin="1"/><net_sink comp="607" pin=2"/></net>

<net id="2175"><net_src comp="504" pin="0"/><net_sink comp="2170" pin=0"/></net>

<net id="2176"><net_src comp="464" pin="0"/><net_sink comp="2170" pin=2"/></net>

<net id="2180"><net_src comp="2170" pin="3"/><net_sink comp="2177" pin=0"/></net>

<net id="2186"><net_src comp="506" pin="0"/><net_sink comp="2181" pin=0"/></net>

<net id="2187"><net_src comp="508" pin="0"/><net_sink comp="2181" pin=2"/></net>

<net id="2191"><net_src comp="2181" pin="3"/><net_sink comp="2188" pin=0"/></net>

<net id="2196"><net_src comp="2177" pin="1"/><net_sink comp="2192" pin=0"/></net>

<net id="2197"><net_src comp="2188" pin="1"/><net_sink comp="2192" pin=1"/></net>

<net id="2202"><net_src comp="2192" pin="2"/><net_sink comp="2198" pin=0"/></net>

<net id="2208"><net_src comp="510" pin="0"/><net_sink comp="2203" pin=0"/></net>

<net id="2209"><net_src comp="2198" pin="2"/><net_sink comp="2203" pin=1"/></net>

<net id="2210"><net_src comp="512" pin="0"/><net_sink comp="2203" pin=2"/></net>

<net id="2214"><net_src comp="2203" pin="3"/><net_sink comp="2211" pin=0"/></net>

<net id="2215"><net_src comp="2211" pin="1"/><net_sink comp="636" pin=2"/></net>

<net id="2221"><net_src comp="510" pin="0"/><net_sink comp="2216" pin=0"/></net>

<net id="2222"><net_src comp="484" pin="0"/><net_sink comp="2216" pin=2"/></net>

<net id="2226"><net_src comp="2216" pin="3"/><net_sink comp="2223" pin=0"/></net>

<net id="2227"><net_src comp="2223" pin="1"/><net_sink comp="650" pin=2"/></net>

<net id="2232"><net_src comp="488" pin="0"/><net_sink comp="2228" pin=1"/></net>

<net id="2236"><net_src comp="2228" pin="2"/><net_sink comp="2233" pin=0"/></net>

<net id="2241"><net_src comp="2233" pin="1"/><net_sink comp="2237" pin=1"/></net>

<net id="2247"><net_src comp="510" pin="0"/><net_sink comp="2242" pin=0"/></net>

<net id="2248"><net_src comp="2237" pin="2"/><net_sink comp="2242" pin=1"/></net>

<net id="2249"><net_src comp="512" pin="0"/><net_sink comp="2242" pin=2"/></net>

<net id="2253"><net_src comp="2242" pin="3"/><net_sink comp="2250" pin=0"/></net>

<net id="2254"><net_src comp="2250" pin="1"/><net_sink comp="659" pin=2"/></net>

<net id="2262"><net_src comp="478" pin="0"/><net_sink comp="2258" pin=1"/></net>

<net id="2272"><net_src comp="510" pin="0"/><net_sink comp="2267" pin=0"/></net>

<net id="2273"><net_src comp="2263" pin="2"/><net_sink comp="2267" pin=1"/></net>

<net id="2274"><net_src comp="512" pin="0"/><net_sink comp="2267" pin=2"/></net>

<net id="2278"><net_src comp="2267" pin="3"/><net_sink comp="2275" pin=0"/></net>

<net id="2279"><net_src comp="2275" pin="1"/><net_sink comp="668" pin=2"/></net>

<net id="2285"><net_src comp="510" pin="0"/><net_sink comp="2280" pin=0"/></net>

<net id="2286"><net_src comp="484" pin="0"/><net_sink comp="2280" pin=2"/></net>

<net id="2290"><net_src comp="2280" pin="3"/><net_sink comp="2287" pin=0"/></net>

<net id="2291"><net_src comp="2287" pin="1"/><net_sink comp="682" pin=2"/></net>

<net id="2301"><net_src comp="510" pin="0"/><net_sink comp="2296" pin=0"/></net>

<net id="2302"><net_src comp="2292" pin="2"/><net_sink comp="2296" pin=1"/></net>

<net id="2303"><net_src comp="512" pin="0"/><net_sink comp="2296" pin=2"/></net>

<net id="2307"><net_src comp="2296" pin="3"/><net_sink comp="2304" pin=0"/></net>

<net id="2308"><net_src comp="2304" pin="1"/><net_sink comp="689" pin=2"/></net>

<net id="2330"><net_src comp="518" pin="0"/><net_sink comp="2309" pin=0"/></net>

<net id="2331"><net_src comp="520" pin="0"/><net_sink comp="2309" pin=1"/></net>

<net id="2332"><net_src comp="522" pin="0"/><net_sink comp="2309" pin=3"/></net>

<net id="2333"><net_src comp="524" pin="0"/><net_sink comp="2309" pin=5"/></net>

<net id="2334"><net_src comp="526" pin="0"/><net_sink comp="2309" pin=7"/></net>

<net id="2335"><net_src comp="528" pin="0"/><net_sink comp="2309" pin=9"/></net>

<net id="2336"><net_src comp="530" pin="0"/><net_sink comp="2309" pin=11"/></net>

<net id="2337"><net_src comp="532" pin="0"/><net_sink comp="2309" pin=13"/></net>

<net id="2338"><net_src comp="534" pin="0"/><net_sink comp="2309" pin=15"/></net>

<net id="2339"><net_src comp="536" pin="0"/><net_sink comp="2309" pin=17"/></net>

<net id="2340"><net_src comp="2309" pin="19"/><net_sink comp="884" pin=1"/></net>

<net id="2362"><net_src comp="518" pin="0"/><net_sink comp="2341" pin=0"/></net>

<net id="2363"><net_src comp="520" pin="0"/><net_sink comp="2341" pin=1"/></net>

<net id="2364"><net_src comp="522" pin="0"/><net_sink comp="2341" pin=3"/></net>

<net id="2365"><net_src comp="524" pin="0"/><net_sink comp="2341" pin=5"/></net>

<net id="2366"><net_src comp="526" pin="0"/><net_sink comp="2341" pin=7"/></net>

<net id="2367"><net_src comp="528" pin="0"/><net_sink comp="2341" pin=9"/></net>

<net id="2368"><net_src comp="530" pin="0"/><net_sink comp="2341" pin=11"/></net>

<net id="2369"><net_src comp="532" pin="0"/><net_sink comp="2341" pin=13"/></net>

<net id="2370"><net_src comp="534" pin="0"/><net_sink comp="2341" pin=15"/></net>

<net id="2371"><net_src comp="536" pin="0"/><net_sink comp="2341" pin=17"/></net>

<net id="2372"><net_src comp="2341" pin="19"/><net_sink comp="888" pin=1"/></net>

<net id="2394"><net_src comp="518" pin="0"/><net_sink comp="2373" pin=0"/></net>

<net id="2395"><net_src comp="520" pin="0"/><net_sink comp="2373" pin=1"/></net>

<net id="2396"><net_src comp="522" pin="0"/><net_sink comp="2373" pin=3"/></net>

<net id="2397"><net_src comp="524" pin="0"/><net_sink comp="2373" pin=5"/></net>

<net id="2398"><net_src comp="526" pin="0"/><net_sink comp="2373" pin=7"/></net>

<net id="2399"><net_src comp="528" pin="0"/><net_sink comp="2373" pin=9"/></net>

<net id="2400"><net_src comp="530" pin="0"/><net_sink comp="2373" pin=11"/></net>

<net id="2401"><net_src comp="532" pin="0"/><net_sink comp="2373" pin=13"/></net>

<net id="2402"><net_src comp="534" pin="0"/><net_sink comp="2373" pin=15"/></net>

<net id="2403"><net_src comp="536" pin="0"/><net_sink comp="2373" pin=17"/></net>

<net id="2404"><net_src comp="2373" pin="19"/><net_sink comp="892" pin=1"/></net>

<net id="2410"><net_src comp="504" pin="0"/><net_sink comp="2405" pin=0"/></net>

<net id="2411"><net_src comp="464" pin="0"/><net_sink comp="2405" pin=2"/></net>

<net id="2415"><net_src comp="2405" pin="3"/><net_sink comp="2412" pin=0"/></net>

<net id="2421"><net_src comp="506" pin="0"/><net_sink comp="2416" pin=0"/></net>

<net id="2422"><net_src comp="508" pin="0"/><net_sink comp="2416" pin=2"/></net>

<net id="2426"><net_src comp="2416" pin="3"/><net_sink comp="2423" pin=0"/></net>

<net id="2431"><net_src comp="2412" pin="1"/><net_sink comp="2427" pin=0"/></net>

<net id="2432"><net_src comp="2423" pin="1"/><net_sink comp="2427" pin=1"/></net>

<net id="2438"><net_src comp="510" pin="0"/><net_sink comp="2433" pin=0"/></net>

<net id="2439"><net_src comp="484" pin="0"/><net_sink comp="2433" pin=2"/></net>

<net id="2443"><net_src comp="2433" pin="3"/><net_sink comp="2440" pin=0"/></net>

<net id="2444"><net_src comp="2440" pin="1"/><net_sink comp="707" pin=2"/></net>

<net id="2449"><net_src comp="2427" pin="2"/><net_sink comp="2445" pin=0"/></net>

<net id="2455"><net_src comp="510" pin="0"/><net_sink comp="2450" pin=0"/></net>

<net id="2456"><net_src comp="2445" pin="2"/><net_sink comp="2450" pin=1"/></net>

<net id="2457"><net_src comp="512" pin="0"/><net_sink comp="2450" pin=2"/></net>

<net id="2461"><net_src comp="2450" pin="3"/><net_sink comp="2458" pin=0"/></net>

<net id="2462"><net_src comp="2458" pin="1"/><net_sink comp="714" pin=2"/></net>

<net id="2467"><net_src comp="2427" pin="2"/><net_sink comp="2463" pin=0"/></net>

<net id="2473"><net_src comp="510" pin="0"/><net_sink comp="2468" pin=0"/></net>

<net id="2474"><net_src comp="2463" pin="2"/><net_sink comp="2468" pin=1"/></net>

<net id="2475"><net_src comp="512" pin="0"/><net_sink comp="2468" pin=2"/></net>

<net id="2479"><net_src comp="2468" pin="3"/><net_sink comp="2476" pin=0"/></net>

<net id="2480"><net_src comp="2476" pin="1"/><net_sink comp="721" pin=2"/></net>

<net id="2485"><net_src comp="2427" pin="2"/><net_sink comp="2481" pin=0"/></net>

<net id="2507"><net_src comp="518" pin="0"/><net_sink comp="2486" pin=0"/></net>

<net id="2508"><net_src comp="520" pin="0"/><net_sink comp="2486" pin=1"/></net>

<net id="2509"><net_src comp="522" pin="0"/><net_sink comp="2486" pin=3"/></net>

<net id="2510"><net_src comp="524" pin="0"/><net_sink comp="2486" pin=5"/></net>

<net id="2511"><net_src comp="526" pin="0"/><net_sink comp="2486" pin=7"/></net>

<net id="2512"><net_src comp="528" pin="0"/><net_sink comp="2486" pin=9"/></net>

<net id="2513"><net_src comp="530" pin="0"/><net_sink comp="2486" pin=11"/></net>

<net id="2514"><net_src comp="532" pin="0"/><net_sink comp="2486" pin=13"/></net>

<net id="2515"><net_src comp="534" pin="0"/><net_sink comp="2486" pin=15"/></net>

<net id="2516"><net_src comp="536" pin="0"/><net_sink comp="2486" pin=17"/></net>

<net id="2517"><net_src comp="2486" pin="19"/><net_sink comp="884" pin=1"/></net>

<net id="2539"><net_src comp="518" pin="0"/><net_sink comp="2518" pin=0"/></net>

<net id="2540"><net_src comp="520" pin="0"/><net_sink comp="2518" pin=1"/></net>

<net id="2541"><net_src comp="522" pin="0"/><net_sink comp="2518" pin=3"/></net>

<net id="2542"><net_src comp="524" pin="0"/><net_sink comp="2518" pin=5"/></net>

<net id="2543"><net_src comp="526" pin="0"/><net_sink comp="2518" pin=7"/></net>

<net id="2544"><net_src comp="528" pin="0"/><net_sink comp="2518" pin=9"/></net>

<net id="2545"><net_src comp="530" pin="0"/><net_sink comp="2518" pin=11"/></net>

<net id="2546"><net_src comp="532" pin="0"/><net_sink comp="2518" pin=13"/></net>

<net id="2547"><net_src comp="534" pin="0"/><net_sink comp="2518" pin=15"/></net>

<net id="2548"><net_src comp="536" pin="0"/><net_sink comp="2518" pin=17"/></net>

<net id="2549"><net_src comp="2518" pin="19"/><net_sink comp="888" pin=1"/></net>

<net id="2571"><net_src comp="518" pin="0"/><net_sink comp="2550" pin=0"/></net>

<net id="2572"><net_src comp="520" pin="0"/><net_sink comp="2550" pin=1"/></net>

<net id="2573"><net_src comp="522" pin="0"/><net_sink comp="2550" pin=3"/></net>

<net id="2574"><net_src comp="524" pin="0"/><net_sink comp="2550" pin=5"/></net>

<net id="2575"><net_src comp="526" pin="0"/><net_sink comp="2550" pin=7"/></net>

<net id="2576"><net_src comp="528" pin="0"/><net_sink comp="2550" pin=9"/></net>

<net id="2577"><net_src comp="530" pin="0"/><net_sink comp="2550" pin=11"/></net>

<net id="2578"><net_src comp="532" pin="0"/><net_sink comp="2550" pin=13"/></net>

<net id="2579"><net_src comp="534" pin="0"/><net_sink comp="2550" pin=15"/></net>

<net id="2580"><net_src comp="536" pin="0"/><net_sink comp="2550" pin=17"/></net>

<net id="2581"><net_src comp="2550" pin="19"/><net_sink comp="892" pin=1"/></net>

<net id="2587"><net_src comp="510" pin="0"/><net_sink comp="2582" pin=0"/></net>

<net id="2588"><net_src comp="484" pin="0"/><net_sink comp="2582" pin=2"/></net>

<net id="2592"><net_src comp="2582" pin="3"/><net_sink comp="2589" pin=0"/></net>

<net id="2593"><net_src comp="2589" pin="1"/><net_sink comp="739" pin=2"/></net>

<net id="2599"><net_src comp="510" pin="0"/><net_sink comp="2594" pin=0"/></net>

<net id="2600"><net_src comp="512" pin="0"/><net_sink comp="2594" pin=2"/></net>

<net id="2604"><net_src comp="2594" pin="3"/><net_sink comp="2601" pin=0"/></net>

<net id="2605"><net_src comp="2601" pin="1"/><net_sink comp="746" pin=2"/></net>

<net id="2627"><net_src comp="518" pin="0"/><net_sink comp="2606" pin=0"/></net>

<net id="2628"><net_src comp="520" pin="0"/><net_sink comp="2606" pin=1"/></net>

<net id="2629"><net_src comp="522" pin="0"/><net_sink comp="2606" pin=3"/></net>

<net id="2630"><net_src comp="524" pin="0"/><net_sink comp="2606" pin=5"/></net>

<net id="2631"><net_src comp="526" pin="0"/><net_sink comp="2606" pin=7"/></net>

<net id="2632"><net_src comp="528" pin="0"/><net_sink comp="2606" pin=9"/></net>

<net id="2633"><net_src comp="530" pin="0"/><net_sink comp="2606" pin=11"/></net>

<net id="2634"><net_src comp="532" pin="0"/><net_sink comp="2606" pin=13"/></net>

<net id="2635"><net_src comp="534" pin="0"/><net_sink comp="2606" pin=15"/></net>

<net id="2636"><net_src comp="536" pin="0"/><net_sink comp="2606" pin=17"/></net>

<net id="2637"><net_src comp="2606" pin="19"/><net_sink comp="884" pin=1"/></net>

<net id="2659"><net_src comp="518" pin="0"/><net_sink comp="2638" pin=0"/></net>

<net id="2660"><net_src comp="520" pin="0"/><net_sink comp="2638" pin=1"/></net>

<net id="2661"><net_src comp="522" pin="0"/><net_sink comp="2638" pin=3"/></net>

<net id="2662"><net_src comp="524" pin="0"/><net_sink comp="2638" pin=5"/></net>

<net id="2663"><net_src comp="526" pin="0"/><net_sink comp="2638" pin=7"/></net>

<net id="2664"><net_src comp="528" pin="0"/><net_sink comp="2638" pin=9"/></net>

<net id="2665"><net_src comp="530" pin="0"/><net_sink comp="2638" pin=11"/></net>

<net id="2666"><net_src comp="532" pin="0"/><net_sink comp="2638" pin=13"/></net>

<net id="2667"><net_src comp="534" pin="0"/><net_sink comp="2638" pin=15"/></net>

<net id="2668"><net_src comp="536" pin="0"/><net_sink comp="2638" pin=17"/></net>

<net id="2669"><net_src comp="2638" pin="19"/><net_sink comp="888" pin=1"/></net>

<net id="2691"><net_src comp="518" pin="0"/><net_sink comp="2670" pin=0"/></net>

<net id="2692"><net_src comp="520" pin="0"/><net_sink comp="2670" pin=1"/></net>

<net id="2693"><net_src comp="522" pin="0"/><net_sink comp="2670" pin=3"/></net>

<net id="2694"><net_src comp="524" pin="0"/><net_sink comp="2670" pin=5"/></net>

<net id="2695"><net_src comp="526" pin="0"/><net_sink comp="2670" pin=7"/></net>

<net id="2696"><net_src comp="528" pin="0"/><net_sink comp="2670" pin=9"/></net>

<net id="2697"><net_src comp="530" pin="0"/><net_sink comp="2670" pin=11"/></net>

<net id="2698"><net_src comp="532" pin="0"/><net_sink comp="2670" pin=13"/></net>

<net id="2699"><net_src comp="534" pin="0"/><net_sink comp="2670" pin=15"/></net>

<net id="2700"><net_src comp="536" pin="0"/><net_sink comp="2670" pin=17"/></net>

<net id="2701"><net_src comp="2670" pin="19"/><net_sink comp="892" pin=1"/></net>

<net id="2707"><net_src comp="510" pin="0"/><net_sink comp="2702" pin=0"/></net>

<net id="2708"><net_src comp="484" pin="0"/><net_sink comp="2702" pin=2"/></net>

<net id="2712"><net_src comp="2702" pin="3"/><net_sink comp="2709" pin=0"/></net>

<net id="2713"><net_src comp="2709" pin="1"/><net_sink comp="763" pin=2"/></net>

<net id="2735"><net_src comp="518" pin="0"/><net_sink comp="2714" pin=0"/></net>

<net id="2736"><net_src comp="520" pin="0"/><net_sink comp="2714" pin=1"/></net>

<net id="2737"><net_src comp="522" pin="0"/><net_sink comp="2714" pin=3"/></net>

<net id="2738"><net_src comp="524" pin="0"/><net_sink comp="2714" pin=5"/></net>

<net id="2739"><net_src comp="526" pin="0"/><net_sink comp="2714" pin=7"/></net>

<net id="2740"><net_src comp="528" pin="0"/><net_sink comp="2714" pin=9"/></net>

<net id="2741"><net_src comp="530" pin="0"/><net_sink comp="2714" pin=11"/></net>

<net id="2742"><net_src comp="532" pin="0"/><net_sink comp="2714" pin=13"/></net>

<net id="2743"><net_src comp="534" pin="0"/><net_sink comp="2714" pin=15"/></net>

<net id="2744"><net_src comp="536" pin="0"/><net_sink comp="2714" pin=17"/></net>

<net id="2766"><net_src comp="518" pin="0"/><net_sink comp="2745" pin=0"/></net>

<net id="2767"><net_src comp="520" pin="0"/><net_sink comp="2745" pin=1"/></net>

<net id="2768"><net_src comp="522" pin="0"/><net_sink comp="2745" pin=3"/></net>

<net id="2769"><net_src comp="524" pin="0"/><net_sink comp="2745" pin=5"/></net>

<net id="2770"><net_src comp="526" pin="0"/><net_sink comp="2745" pin=7"/></net>

<net id="2771"><net_src comp="528" pin="0"/><net_sink comp="2745" pin=9"/></net>

<net id="2772"><net_src comp="530" pin="0"/><net_sink comp="2745" pin=11"/></net>

<net id="2773"><net_src comp="532" pin="0"/><net_sink comp="2745" pin=13"/></net>

<net id="2774"><net_src comp="534" pin="0"/><net_sink comp="2745" pin=15"/></net>

<net id="2775"><net_src comp="536" pin="0"/><net_sink comp="2745" pin=17"/></net>

<net id="2776"><net_src comp="2745" pin="19"/><net_sink comp="884" pin=1"/></net>

<net id="2798"><net_src comp="518" pin="0"/><net_sink comp="2777" pin=0"/></net>

<net id="2799"><net_src comp="520" pin="0"/><net_sink comp="2777" pin=1"/></net>

<net id="2800"><net_src comp="522" pin="0"/><net_sink comp="2777" pin=3"/></net>

<net id="2801"><net_src comp="524" pin="0"/><net_sink comp="2777" pin=5"/></net>

<net id="2802"><net_src comp="526" pin="0"/><net_sink comp="2777" pin=7"/></net>

<net id="2803"><net_src comp="528" pin="0"/><net_sink comp="2777" pin=9"/></net>

<net id="2804"><net_src comp="530" pin="0"/><net_sink comp="2777" pin=11"/></net>

<net id="2805"><net_src comp="532" pin="0"/><net_sink comp="2777" pin=13"/></net>

<net id="2806"><net_src comp="534" pin="0"/><net_sink comp="2777" pin=15"/></net>

<net id="2807"><net_src comp="536" pin="0"/><net_sink comp="2777" pin=17"/></net>

<net id="2808"><net_src comp="2777" pin="19"/><net_sink comp="888" pin=1"/></net>

<net id="2830"><net_src comp="518" pin="0"/><net_sink comp="2809" pin=0"/></net>

<net id="2831"><net_src comp="520" pin="0"/><net_sink comp="2809" pin=1"/></net>

<net id="2832"><net_src comp="522" pin="0"/><net_sink comp="2809" pin=3"/></net>

<net id="2833"><net_src comp="524" pin="0"/><net_sink comp="2809" pin=5"/></net>

<net id="2834"><net_src comp="526" pin="0"/><net_sink comp="2809" pin=7"/></net>

<net id="2835"><net_src comp="528" pin="0"/><net_sink comp="2809" pin=9"/></net>

<net id="2836"><net_src comp="530" pin="0"/><net_sink comp="2809" pin=11"/></net>

<net id="2837"><net_src comp="532" pin="0"/><net_sink comp="2809" pin=13"/></net>

<net id="2838"><net_src comp="534" pin="0"/><net_sink comp="2809" pin=15"/></net>

<net id="2839"><net_src comp="536" pin="0"/><net_sink comp="2809" pin=17"/></net>

<net id="2840"><net_src comp="2809" pin="19"/><net_sink comp="892" pin=1"/></net>

<net id="2846"><net_src comp="510" pin="0"/><net_sink comp="2841" pin=0"/></net>

<net id="2847"><net_src comp="484" pin="0"/><net_sink comp="2841" pin=2"/></net>

<net id="2851"><net_src comp="2841" pin="3"/><net_sink comp="2848" pin=0"/></net>

<net id="2852"><net_src comp="2848" pin="1"/><net_sink comp="779" pin=2"/></net>

<net id="2874"><net_src comp="518" pin="0"/><net_sink comp="2853" pin=0"/></net>

<net id="2875"><net_src comp="520" pin="0"/><net_sink comp="2853" pin=1"/></net>

<net id="2876"><net_src comp="522" pin="0"/><net_sink comp="2853" pin=3"/></net>

<net id="2877"><net_src comp="524" pin="0"/><net_sink comp="2853" pin=5"/></net>

<net id="2878"><net_src comp="526" pin="0"/><net_sink comp="2853" pin=7"/></net>

<net id="2879"><net_src comp="528" pin="0"/><net_sink comp="2853" pin=9"/></net>

<net id="2880"><net_src comp="530" pin="0"/><net_sink comp="2853" pin=11"/></net>

<net id="2881"><net_src comp="532" pin="0"/><net_sink comp="2853" pin=13"/></net>

<net id="2882"><net_src comp="534" pin="0"/><net_sink comp="2853" pin=15"/></net>

<net id="2883"><net_src comp="536" pin="0"/><net_sink comp="2853" pin=17"/></net>

<net id="2884"><net_src comp="2853" pin="19"/><net_sink comp="884" pin=1"/></net>

<net id="2906"><net_src comp="518" pin="0"/><net_sink comp="2885" pin=0"/></net>

<net id="2907"><net_src comp="520" pin="0"/><net_sink comp="2885" pin=1"/></net>

<net id="2908"><net_src comp="522" pin="0"/><net_sink comp="2885" pin=3"/></net>

<net id="2909"><net_src comp="524" pin="0"/><net_sink comp="2885" pin=5"/></net>

<net id="2910"><net_src comp="526" pin="0"/><net_sink comp="2885" pin=7"/></net>

<net id="2911"><net_src comp="528" pin="0"/><net_sink comp="2885" pin=9"/></net>

<net id="2912"><net_src comp="530" pin="0"/><net_sink comp="2885" pin=11"/></net>

<net id="2913"><net_src comp="532" pin="0"/><net_sink comp="2885" pin=13"/></net>

<net id="2914"><net_src comp="534" pin="0"/><net_sink comp="2885" pin=15"/></net>

<net id="2915"><net_src comp="536" pin="0"/><net_sink comp="2885" pin=17"/></net>

<net id="2916"><net_src comp="2885" pin="19"/><net_sink comp="888" pin=1"/></net>

<net id="2938"><net_src comp="518" pin="0"/><net_sink comp="2917" pin=0"/></net>

<net id="2939"><net_src comp="520" pin="0"/><net_sink comp="2917" pin=1"/></net>

<net id="2940"><net_src comp="522" pin="0"/><net_sink comp="2917" pin=3"/></net>

<net id="2941"><net_src comp="524" pin="0"/><net_sink comp="2917" pin=5"/></net>

<net id="2942"><net_src comp="526" pin="0"/><net_sink comp="2917" pin=7"/></net>

<net id="2943"><net_src comp="528" pin="0"/><net_sink comp="2917" pin=9"/></net>

<net id="2944"><net_src comp="530" pin="0"/><net_sink comp="2917" pin=11"/></net>

<net id="2945"><net_src comp="532" pin="0"/><net_sink comp="2917" pin=13"/></net>

<net id="2946"><net_src comp="534" pin="0"/><net_sink comp="2917" pin=15"/></net>

<net id="2947"><net_src comp="536" pin="0"/><net_sink comp="2917" pin=17"/></net>

<net id="2948"><net_src comp="2917" pin="19"/><net_sink comp="892" pin=1"/></net>

<net id="2954"><net_src comp="510" pin="0"/><net_sink comp="2949" pin=0"/></net>

<net id="2955"><net_src comp="484" pin="0"/><net_sink comp="2949" pin=2"/></net>

<net id="2959"><net_src comp="2949" pin="3"/><net_sink comp="2956" pin=0"/></net>

<net id="2960"><net_src comp="2956" pin="1"/><net_sink comp="795" pin=2"/></net>

<net id="2982"><net_src comp="518" pin="0"/><net_sink comp="2961" pin=0"/></net>

<net id="2983"><net_src comp="520" pin="0"/><net_sink comp="2961" pin=1"/></net>

<net id="2984"><net_src comp="522" pin="0"/><net_sink comp="2961" pin=3"/></net>

<net id="2985"><net_src comp="524" pin="0"/><net_sink comp="2961" pin=5"/></net>

<net id="2986"><net_src comp="526" pin="0"/><net_sink comp="2961" pin=7"/></net>

<net id="2987"><net_src comp="528" pin="0"/><net_sink comp="2961" pin=9"/></net>

<net id="2988"><net_src comp="530" pin="0"/><net_sink comp="2961" pin=11"/></net>

<net id="2989"><net_src comp="532" pin="0"/><net_sink comp="2961" pin=13"/></net>

<net id="2990"><net_src comp="534" pin="0"/><net_sink comp="2961" pin=15"/></net>

<net id="2991"><net_src comp="536" pin="0"/><net_sink comp="2961" pin=17"/></net>

<net id="2992"><net_src comp="2961" pin="19"/><net_sink comp="884" pin=1"/></net>

<net id="3014"><net_src comp="518" pin="0"/><net_sink comp="2993" pin=0"/></net>

<net id="3015"><net_src comp="520" pin="0"/><net_sink comp="2993" pin=1"/></net>

<net id="3016"><net_src comp="522" pin="0"/><net_sink comp="2993" pin=3"/></net>

<net id="3017"><net_src comp="524" pin="0"/><net_sink comp="2993" pin=5"/></net>

<net id="3018"><net_src comp="526" pin="0"/><net_sink comp="2993" pin=7"/></net>

<net id="3019"><net_src comp="528" pin="0"/><net_sink comp="2993" pin=9"/></net>

<net id="3020"><net_src comp="530" pin="0"/><net_sink comp="2993" pin=11"/></net>

<net id="3021"><net_src comp="532" pin="0"/><net_sink comp="2993" pin=13"/></net>

<net id="3022"><net_src comp="534" pin="0"/><net_sink comp="2993" pin=15"/></net>

<net id="3023"><net_src comp="536" pin="0"/><net_sink comp="2993" pin=17"/></net>

<net id="3024"><net_src comp="2993" pin="19"/><net_sink comp="888" pin=1"/></net>

<net id="3046"><net_src comp="518" pin="0"/><net_sink comp="3025" pin=0"/></net>

<net id="3047"><net_src comp="520" pin="0"/><net_sink comp="3025" pin=1"/></net>

<net id="3048"><net_src comp="522" pin="0"/><net_sink comp="3025" pin=3"/></net>

<net id="3049"><net_src comp="524" pin="0"/><net_sink comp="3025" pin=5"/></net>

<net id="3050"><net_src comp="526" pin="0"/><net_sink comp="3025" pin=7"/></net>

<net id="3051"><net_src comp="528" pin="0"/><net_sink comp="3025" pin=9"/></net>

<net id="3052"><net_src comp="530" pin="0"/><net_sink comp="3025" pin=11"/></net>

<net id="3053"><net_src comp="532" pin="0"/><net_sink comp="3025" pin=13"/></net>

<net id="3054"><net_src comp="534" pin="0"/><net_sink comp="3025" pin=15"/></net>

<net id="3055"><net_src comp="536" pin="0"/><net_sink comp="3025" pin=17"/></net>

<net id="3056"><net_src comp="3025" pin="19"/><net_sink comp="892" pin=1"/></net>

<net id="3062"><net_src comp="510" pin="0"/><net_sink comp="3057" pin=0"/></net>

<net id="3063"><net_src comp="484" pin="0"/><net_sink comp="3057" pin=2"/></net>

<net id="3067"><net_src comp="3057" pin="3"/><net_sink comp="3064" pin=0"/></net>

<net id="3068"><net_src comp="3064" pin="1"/><net_sink comp="811" pin=2"/></net>

<net id="3090"><net_src comp="518" pin="0"/><net_sink comp="3069" pin=0"/></net>

<net id="3091"><net_src comp="520" pin="0"/><net_sink comp="3069" pin=1"/></net>

<net id="3092"><net_src comp="522" pin="0"/><net_sink comp="3069" pin=3"/></net>

<net id="3093"><net_src comp="524" pin="0"/><net_sink comp="3069" pin=5"/></net>

<net id="3094"><net_src comp="526" pin="0"/><net_sink comp="3069" pin=7"/></net>

<net id="3095"><net_src comp="528" pin="0"/><net_sink comp="3069" pin=9"/></net>

<net id="3096"><net_src comp="530" pin="0"/><net_sink comp="3069" pin=11"/></net>

<net id="3097"><net_src comp="532" pin="0"/><net_sink comp="3069" pin=13"/></net>

<net id="3098"><net_src comp="534" pin="0"/><net_sink comp="3069" pin=15"/></net>

<net id="3099"><net_src comp="536" pin="0"/><net_sink comp="3069" pin=17"/></net>

<net id="3100"><net_src comp="3069" pin="19"/><net_sink comp="884" pin=1"/></net>

<net id="3122"><net_src comp="518" pin="0"/><net_sink comp="3101" pin=0"/></net>

<net id="3123"><net_src comp="520" pin="0"/><net_sink comp="3101" pin=1"/></net>

<net id="3124"><net_src comp="522" pin="0"/><net_sink comp="3101" pin=3"/></net>

<net id="3125"><net_src comp="524" pin="0"/><net_sink comp="3101" pin=5"/></net>

<net id="3126"><net_src comp="526" pin="0"/><net_sink comp="3101" pin=7"/></net>

<net id="3127"><net_src comp="528" pin="0"/><net_sink comp="3101" pin=9"/></net>

<net id="3128"><net_src comp="530" pin="0"/><net_sink comp="3101" pin=11"/></net>

<net id="3129"><net_src comp="532" pin="0"/><net_sink comp="3101" pin=13"/></net>

<net id="3130"><net_src comp="534" pin="0"/><net_sink comp="3101" pin=15"/></net>

<net id="3131"><net_src comp="536" pin="0"/><net_sink comp="3101" pin=17"/></net>

<net id="3132"><net_src comp="3101" pin="19"/><net_sink comp="888" pin=1"/></net>

<net id="3154"><net_src comp="518" pin="0"/><net_sink comp="3133" pin=0"/></net>

<net id="3155"><net_src comp="520" pin="0"/><net_sink comp="3133" pin=1"/></net>

<net id="3156"><net_src comp="522" pin="0"/><net_sink comp="3133" pin=3"/></net>

<net id="3157"><net_src comp="524" pin="0"/><net_sink comp="3133" pin=5"/></net>

<net id="3158"><net_src comp="526" pin="0"/><net_sink comp="3133" pin=7"/></net>

<net id="3159"><net_src comp="528" pin="0"/><net_sink comp="3133" pin=9"/></net>

<net id="3160"><net_src comp="530" pin="0"/><net_sink comp="3133" pin=11"/></net>

<net id="3161"><net_src comp="532" pin="0"/><net_sink comp="3133" pin=13"/></net>

<net id="3162"><net_src comp="534" pin="0"/><net_sink comp="3133" pin=15"/></net>

<net id="3163"><net_src comp="536" pin="0"/><net_sink comp="3133" pin=17"/></net>

<net id="3164"><net_src comp="3133" pin="19"/><net_sink comp="892" pin=1"/></net>

<net id="3186"><net_src comp="518" pin="0"/><net_sink comp="3165" pin=0"/></net>

<net id="3187"><net_src comp="520" pin="0"/><net_sink comp="3165" pin=1"/></net>

<net id="3188"><net_src comp="522" pin="0"/><net_sink comp="3165" pin=3"/></net>

<net id="3189"><net_src comp="524" pin="0"/><net_sink comp="3165" pin=5"/></net>

<net id="3190"><net_src comp="526" pin="0"/><net_sink comp="3165" pin=7"/></net>

<net id="3191"><net_src comp="528" pin="0"/><net_sink comp="3165" pin=9"/></net>

<net id="3192"><net_src comp="530" pin="0"/><net_sink comp="3165" pin=11"/></net>

<net id="3193"><net_src comp="532" pin="0"/><net_sink comp="3165" pin=13"/></net>

<net id="3194"><net_src comp="534" pin="0"/><net_sink comp="3165" pin=15"/></net>

<net id="3195"><net_src comp="536" pin="0"/><net_sink comp="3165" pin=17"/></net>

<net id="3196"><net_src comp="3165" pin="19"/><net_sink comp="884" pin=1"/></net>

<net id="3218"><net_src comp="518" pin="0"/><net_sink comp="3197" pin=0"/></net>

<net id="3219"><net_src comp="520" pin="0"/><net_sink comp="3197" pin=1"/></net>

<net id="3220"><net_src comp="522" pin="0"/><net_sink comp="3197" pin=3"/></net>

<net id="3221"><net_src comp="524" pin="0"/><net_sink comp="3197" pin=5"/></net>

<net id="3222"><net_src comp="526" pin="0"/><net_sink comp="3197" pin=7"/></net>

<net id="3223"><net_src comp="528" pin="0"/><net_sink comp="3197" pin=9"/></net>

<net id="3224"><net_src comp="530" pin="0"/><net_sink comp="3197" pin=11"/></net>

<net id="3225"><net_src comp="532" pin="0"/><net_sink comp="3197" pin=13"/></net>

<net id="3226"><net_src comp="534" pin="0"/><net_sink comp="3197" pin=15"/></net>

<net id="3227"><net_src comp="536" pin="0"/><net_sink comp="3197" pin=17"/></net>

<net id="3228"><net_src comp="3197" pin="19"/><net_sink comp="888" pin=1"/></net>

<net id="3250"><net_src comp="518" pin="0"/><net_sink comp="3229" pin=0"/></net>

<net id="3251"><net_src comp="520" pin="0"/><net_sink comp="3229" pin=1"/></net>

<net id="3252"><net_src comp="522" pin="0"/><net_sink comp="3229" pin=3"/></net>

<net id="3253"><net_src comp="524" pin="0"/><net_sink comp="3229" pin=5"/></net>

<net id="3254"><net_src comp="526" pin="0"/><net_sink comp="3229" pin=7"/></net>

<net id="3255"><net_src comp="528" pin="0"/><net_sink comp="3229" pin=9"/></net>

<net id="3256"><net_src comp="530" pin="0"/><net_sink comp="3229" pin=11"/></net>

<net id="3257"><net_src comp="532" pin="0"/><net_sink comp="3229" pin=13"/></net>

<net id="3258"><net_src comp="534" pin="0"/><net_sink comp="3229" pin=15"/></net>

<net id="3259"><net_src comp="536" pin="0"/><net_sink comp="3229" pin=17"/></net>

<net id="3260"><net_src comp="3229" pin="19"/><net_sink comp="892" pin=1"/></net>

<net id="3282"><net_src comp="518" pin="0"/><net_sink comp="3261" pin=0"/></net>

<net id="3283"><net_src comp="520" pin="0"/><net_sink comp="3261" pin=1"/></net>

<net id="3284"><net_src comp="522" pin="0"/><net_sink comp="3261" pin=3"/></net>

<net id="3285"><net_src comp="524" pin="0"/><net_sink comp="3261" pin=5"/></net>

<net id="3286"><net_src comp="526" pin="0"/><net_sink comp="3261" pin=7"/></net>

<net id="3287"><net_src comp="528" pin="0"/><net_sink comp="3261" pin=9"/></net>

<net id="3288"><net_src comp="530" pin="0"/><net_sink comp="3261" pin=11"/></net>

<net id="3289"><net_src comp="532" pin="0"/><net_sink comp="3261" pin=13"/></net>

<net id="3290"><net_src comp="534" pin="0"/><net_sink comp="3261" pin=15"/></net>

<net id="3291"><net_src comp="536" pin="0"/><net_sink comp="3261" pin=17"/></net>

<net id="3292"><net_src comp="3261" pin="19"/><net_sink comp="884" pin=1"/></net>

<net id="3314"><net_src comp="518" pin="0"/><net_sink comp="3293" pin=0"/></net>

<net id="3315"><net_src comp="520" pin="0"/><net_sink comp="3293" pin=1"/></net>

<net id="3316"><net_src comp="522" pin="0"/><net_sink comp="3293" pin=3"/></net>

<net id="3317"><net_src comp="524" pin="0"/><net_sink comp="3293" pin=5"/></net>

<net id="3318"><net_src comp="526" pin="0"/><net_sink comp="3293" pin=7"/></net>

<net id="3319"><net_src comp="528" pin="0"/><net_sink comp="3293" pin=9"/></net>

<net id="3320"><net_src comp="530" pin="0"/><net_sink comp="3293" pin=11"/></net>

<net id="3321"><net_src comp="532" pin="0"/><net_sink comp="3293" pin=13"/></net>

<net id="3322"><net_src comp="534" pin="0"/><net_sink comp="3293" pin=15"/></net>

<net id="3323"><net_src comp="536" pin="0"/><net_sink comp="3293" pin=17"/></net>

<net id="3324"><net_src comp="3293" pin="19"/><net_sink comp="888" pin=1"/></net>

<net id="3346"><net_src comp="518" pin="0"/><net_sink comp="3325" pin=0"/></net>

<net id="3347"><net_src comp="520" pin="0"/><net_sink comp="3325" pin=1"/></net>

<net id="3348"><net_src comp="522" pin="0"/><net_sink comp="3325" pin=3"/></net>

<net id="3349"><net_src comp="524" pin="0"/><net_sink comp="3325" pin=5"/></net>

<net id="3350"><net_src comp="526" pin="0"/><net_sink comp="3325" pin=7"/></net>

<net id="3351"><net_src comp="528" pin="0"/><net_sink comp="3325" pin=9"/></net>

<net id="3352"><net_src comp="530" pin="0"/><net_sink comp="3325" pin=11"/></net>

<net id="3353"><net_src comp="532" pin="0"/><net_sink comp="3325" pin=13"/></net>

<net id="3354"><net_src comp="534" pin="0"/><net_sink comp="3325" pin=15"/></net>

<net id="3355"><net_src comp="536" pin="0"/><net_sink comp="3325" pin=17"/></net>

<net id="3356"><net_src comp="3325" pin="19"/><net_sink comp="892" pin=1"/></net>

<net id="3360"><net_src comp="941" pin="1"/><net_sink comp="3357" pin=0"/></net>

<net id="3367"><net_src comp="540" pin="0"/><net_sink comp="3361" pin=0"/></net>

<net id="3368"><net_src comp="3357" pin="1"/><net_sink comp="3361" pin=1"/></net>

<net id="3369"><net_src comp="542" pin="0"/><net_sink comp="3361" pin=2"/></net>

<net id="3370"><net_src comp="544" pin="0"/><net_sink comp="3361" pin=3"/></net>

<net id="3374"><net_src comp="3357" pin="1"/><net_sink comp="3371" pin=0"/></net>

<net id="3379"><net_src comp="3361" pin="4"/><net_sink comp="3375" pin=0"/></net>

<net id="3380"><net_src comp="546" pin="0"/><net_sink comp="3375" pin=1"/></net>

<net id="3385"><net_src comp="3371" pin="1"/><net_sink comp="3381" pin=0"/></net>

<net id="3386"><net_src comp="548" pin="0"/><net_sink comp="3381" pin=1"/></net>

<net id="3391"><net_src comp="3381" pin="2"/><net_sink comp="3387" pin=0"/></net>

<net id="3392"><net_src comp="3375" pin="2"/><net_sink comp="3387" pin=1"/></net>

<net id="3397"><net_src comp="3387" pin="2"/><net_sink comp="3393" pin=0"/></net>

<net id="3398"><net_src comp="896" pin="2"/><net_sink comp="3393" pin=1"/></net>

<net id="3404"><net_src comp="3393" pin="2"/><net_sink comp="3399" pin=0"/></net>

<net id="3405"><net_src comp="941" pin="1"/><net_sink comp="3399" pin=1"/></net>

<net id="3406"><net_src comp="538" pin="0"/><net_sink comp="3399" pin=2"/></net>

<net id="3412"><net_src comp="510" pin="0"/><net_sink comp="3407" pin=0"/></net>

<net id="3416"><net_src comp="3407" pin="3"/><net_sink comp="3413" pin=0"/></net>

<net id="3417"><net_src comp="3413" pin="1"/><net_sink comp="820" pin=2"/></net>

<net id="3418"><net_src comp="3413" pin="1"/><net_sink comp="827" pin=2"/></net>

<net id="3419"><net_src comp="3413" pin="1"/><net_sink comp="834" pin=2"/></net>

<net id="3420"><net_src comp="3413" pin="1"/><net_sink comp="841" pin=2"/></net>

<net id="3426"><net_src comp="2255" pin="1"/><net_sink comp="3421" pin=0"/></net>

<net id="3427"><net_src comp="516" pin="0"/><net_sink comp="3421" pin=1"/></net>

<net id="3431"><net_src comp="566" pin="1"/><net_sink comp="3428" pin=0"/></net>

<net id="3432"><net_src comp="3428" pin="1"/><net_sink comp="1863" pin=1"/></net>

<net id="3433"><net_src comp="3428" pin="1"/><net_sink comp="1886" pin=0"/></net>

<net id="3434"><net_src comp="3428" pin="1"/><net_sink comp="2079" pin=1"/></net>

<net id="3438"><net_src comp="570" pin="1"/><net_sink comp="3435" pin=0"/></net>

<net id="3439"><net_src comp="3435" pin="1"/><net_sink comp="1858" pin=1"/></net>

<net id="3440"><net_src comp="3435" pin="1"/><net_sink comp="1889" pin=0"/></net>

<net id="3441"><net_src comp="3435" pin="1"/><net_sink comp="2074" pin=1"/></net>

<net id="3445"><net_src comp="574" pin="1"/><net_sink comp="3442" pin=0"/></net>

<net id="3446"><net_src comp="3442" pin="1"/><net_sink comp="1853" pin=1"/></net>

<net id="3447"><net_src comp="3442" pin="1"/><net_sink comp="1868" pin=0"/></net>

<net id="3448"><net_src comp="3442" pin="1"/><net_sink comp="2069" pin=1"/></net>

<net id="3452"><net_src comp="578" pin="1"/><net_sink comp="3449" pin=0"/></net>

<net id="3453"><net_src comp="3449" pin="1"/><net_sink comp="1848" pin=1"/></net>

<net id="3454"><net_src comp="3449" pin="1"/><net_sink comp="1892" pin=0"/></net>

<net id="3455"><net_src comp="3449" pin="1"/><net_sink comp="2064" pin=1"/></net>

<net id="3459"><net_src comp="582" pin="1"/><net_sink comp="3456" pin=0"/></net>

<net id="3460"><net_src comp="3456" pin="1"/><net_sink comp="1843" pin=1"/></net>

<net id="3461"><net_src comp="3456" pin="1"/><net_sink comp="1871" pin=0"/></net>

<net id="3462"><net_src comp="3456" pin="1"/><net_sink comp="2059" pin=1"/></net>

<net id="3466"><net_src comp="947" pin="1"/><net_sink comp="3463" pin=0"/></net>

<net id="3467"><net_src comp="3463" pin="1"/><net_sink comp="2714" pin=2"/></net>

<net id="3471"><net_src comp="951" pin="1"/><net_sink comp="3468" pin=0"/></net>

<net id="3472"><net_src comp="3468" pin="1"/><net_sink comp="2714" pin=4"/></net>

<net id="3476"><net_src comp="955" pin="1"/><net_sink comp="3473" pin=0"/></net>

<net id="3477"><net_src comp="3473" pin="1"/><net_sink comp="2714" pin=6"/></net>

<net id="3481"><net_src comp="959" pin="1"/><net_sink comp="3478" pin=0"/></net>

<net id="3482"><net_src comp="3478" pin="1"/><net_sink comp="2714" pin=8"/></net>

<net id="3486"><net_src comp="963" pin="1"/><net_sink comp="3483" pin=0"/></net>

<net id="3487"><net_src comp="3483" pin="1"/><net_sink comp="2714" pin=10"/></net>

<net id="3491"><net_src comp="967" pin="1"/><net_sink comp="3488" pin=0"/></net>

<net id="3492"><net_src comp="3488" pin="1"/><net_sink comp="2714" pin=12"/></net>

<net id="3496"><net_src comp="971" pin="1"/><net_sink comp="3493" pin=0"/></net>

<net id="3497"><net_src comp="3493" pin="1"/><net_sink comp="2714" pin=14"/></net>

<net id="3501"><net_src comp="975" pin="1"/><net_sink comp="3498" pin=0"/></net>

<net id="3502"><net_src comp="3498" pin="1"/><net_sink comp="2714" pin=16"/></net>

<net id="3506"><net_src comp="979" pin="1"/><net_sink comp="3503" pin=0"/></net>

<net id="3507"><net_src comp="3503" pin="1"/><net_sink comp="2309" pin=2"/></net>

<net id="3511"><net_src comp="983" pin="1"/><net_sink comp="3508" pin=0"/></net>

<net id="3512"><net_src comp="3508" pin="1"/><net_sink comp="2309" pin=4"/></net>

<net id="3516"><net_src comp="987" pin="1"/><net_sink comp="3513" pin=0"/></net>

<net id="3517"><net_src comp="3513" pin="1"/><net_sink comp="2309" pin=6"/></net>

<net id="3521"><net_src comp="991" pin="1"/><net_sink comp="3518" pin=0"/></net>

<net id="3522"><net_src comp="3518" pin="1"/><net_sink comp="2309" pin=8"/></net>

<net id="3526"><net_src comp="995" pin="1"/><net_sink comp="3523" pin=0"/></net>

<net id="3527"><net_src comp="3523" pin="1"/><net_sink comp="2309" pin=10"/></net>

<net id="3531"><net_src comp="999" pin="1"/><net_sink comp="3528" pin=0"/></net>

<net id="3532"><net_src comp="3528" pin="1"/><net_sink comp="2309" pin=12"/></net>

<net id="3536"><net_src comp="1003" pin="1"/><net_sink comp="3533" pin=0"/></net>

<net id="3537"><net_src comp="3533" pin="1"/><net_sink comp="2309" pin=14"/></net>

<net id="3541"><net_src comp="1007" pin="1"/><net_sink comp="3538" pin=0"/></net>

<net id="3542"><net_src comp="3538" pin="1"/><net_sink comp="2309" pin=16"/></net>

<net id="3546"><net_src comp="1011" pin="1"/><net_sink comp="3543" pin=0"/></net>

<net id="3547"><net_src comp="3543" pin="1"/><net_sink comp="2341" pin=2"/></net>

<net id="3551"><net_src comp="1015" pin="1"/><net_sink comp="3548" pin=0"/></net>

<net id="3552"><net_src comp="3548" pin="1"/><net_sink comp="2341" pin=4"/></net>

<net id="3556"><net_src comp="1019" pin="1"/><net_sink comp="3553" pin=0"/></net>

<net id="3557"><net_src comp="3553" pin="1"/><net_sink comp="2341" pin=6"/></net>

<net id="3561"><net_src comp="1023" pin="1"/><net_sink comp="3558" pin=0"/></net>

<net id="3562"><net_src comp="3558" pin="1"/><net_sink comp="2341" pin=8"/></net>

<net id="3566"><net_src comp="1027" pin="1"/><net_sink comp="3563" pin=0"/></net>

<net id="3567"><net_src comp="3563" pin="1"/><net_sink comp="2341" pin=10"/></net>

<net id="3571"><net_src comp="1031" pin="1"/><net_sink comp="3568" pin=0"/></net>

<net id="3572"><net_src comp="3568" pin="1"/><net_sink comp="2341" pin=12"/></net>

<net id="3576"><net_src comp="1035" pin="1"/><net_sink comp="3573" pin=0"/></net>

<net id="3577"><net_src comp="3573" pin="1"/><net_sink comp="2341" pin=14"/></net>

<net id="3581"><net_src comp="1039" pin="1"/><net_sink comp="3578" pin=0"/></net>

<net id="3582"><net_src comp="3578" pin="1"/><net_sink comp="2341" pin=16"/></net>

<net id="3586"><net_src comp="1043" pin="1"/><net_sink comp="3583" pin=0"/></net>

<net id="3587"><net_src comp="3583" pin="1"/><net_sink comp="2373" pin=2"/></net>

<net id="3591"><net_src comp="1047" pin="1"/><net_sink comp="3588" pin=0"/></net>

<net id="3592"><net_src comp="3588" pin="1"/><net_sink comp="2373" pin=4"/></net>

<net id="3596"><net_src comp="1051" pin="1"/><net_sink comp="3593" pin=0"/></net>

<net id="3597"><net_src comp="3593" pin="1"/><net_sink comp="2373" pin=6"/></net>

<net id="3601"><net_src comp="1055" pin="1"/><net_sink comp="3598" pin=0"/></net>

<net id="3602"><net_src comp="3598" pin="1"/><net_sink comp="2373" pin=8"/></net>

<net id="3606"><net_src comp="1059" pin="1"/><net_sink comp="3603" pin=0"/></net>

<net id="3607"><net_src comp="3603" pin="1"/><net_sink comp="2373" pin=10"/></net>

<net id="3611"><net_src comp="1063" pin="1"/><net_sink comp="3608" pin=0"/></net>

<net id="3612"><net_src comp="3608" pin="1"/><net_sink comp="2373" pin=12"/></net>

<net id="3616"><net_src comp="1067" pin="1"/><net_sink comp="3613" pin=0"/></net>

<net id="3617"><net_src comp="3613" pin="1"/><net_sink comp="2373" pin=14"/></net>

<net id="3621"><net_src comp="1071" pin="1"/><net_sink comp="3618" pin=0"/></net>

<net id="3622"><net_src comp="3618" pin="1"/><net_sink comp="2373" pin=16"/></net>

<net id="3626"><net_src comp="1075" pin="1"/><net_sink comp="3623" pin=0"/></net>

<net id="3627"><net_src comp="3623" pin="1"/><net_sink comp="2486" pin=2"/></net>

<net id="3631"><net_src comp="1079" pin="1"/><net_sink comp="3628" pin=0"/></net>

<net id="3632"><net_src comp="3628" pin="1"/><net_sink comp="2486" pin=4"/></net>

<net id="3636"><net_src comp="1083" pin="1"/><net_sink comp="3633" pin=0"/></net>

<net id="3637"><net_src comp="3633" pin="1"/><net_sink comp="2486" pin=6"/></net>

<net id="3641"><net_src comp="1087" pin="1"/><net_sink comp="3638" pin=0"/></net>

<net id="3642"><net_src comp="3638" pin="1"/><net_sink comp="2486" pin=8"/></net>

<net id="3646"><net_src comp="1091" pin="1"/><net_sink comp="3643" pin=0"/></net>

<net id="3647"><net_src comp="3643" pin="1"/><net_sink comp="2486" pin=10"/></net>

<net id="3651"><net_src comp="1095" pin="1"/><net_sink comp="3648" pin=0"/></net>

<net id="3652"><net_src comp="3648" pin="1"/><net_sink comp="2486" pin=12"/></net>

<net id="3656"><net_src comp="1099" pin="1"/><net_sink comp="3653" pin=0"/></net>

<net id="3657"><net_src comp="3653" pin="1"/><net_sink comp="2486" pin=14"/></net>

<net id="3661"><net_src comp="1103" pin="1"/><net_sink comp="3658" pin=0"/></net>

<net id="3662"><net_src comp="3658" pin="1"/><net_sink comp="2486" pin=16"/></net>

<net id="3666"><net_src comp="1107" pin="1"/><net_sink comp="3663" pin=0"/></net>

<net id="3667"><net_src comp="3663" pin="1"/><net_sink comp="2518" pin=2"/></net>

<net id="3671"><net_src comp="1111" pin="1"/><net_sink comp="3668" pin=0"/></net>

<net id="3672"><net_src comp="3668" pin="1"/><net_sink comp="2518" pin=4"/></net>

<net id="3676"><net_src comp="1115" pin="1"/><net_sink comp="3673" pin=0"/></net>

<net id="3677"><net_src comp="3673" pin="1"/><net_sink comp="2518" pin=6"/></net>

<net id="3681"><net_src comp="1119" pin="1"/><net_sink comp="3678" pin=0"/></net>

<net id="3682"><net_src comp="3678" pin="1"/><net_sink comp="2518" pin=8"/></net>

<net id="3686"><net_src comp="1123" pin="1"/><net_sink comp="3683" pin=0"/></net>

<net id="3687"><net_src comp="3683" pin="1"/><net_sink comp="2518" pin=10"/></net>

<net id="3691"><net_src comp="1127" pin="1"/><net_sink comp="3688" pin=0"/></net>

<net id="3692"><net_src comp="3688" pin="1"/><net_sink comp="2518" pin=12"/></net>

<net id="3696"><net_src comp="1131" pin="1"/><net_sink comp="3693" pin=0"/></net>

<net id="3697"><net_src comp="3693" pin="1"/><net_sink comp="2518" pin=14"/></net>

<net id="3701"><net_src comp="1135" pin="1"/><net_sink comp="3698" pin=0"/></net>

<net id="3702"><net_src comp="3698" pin="1"/><net_sink comp="2518" pin=16"/></net>

<net id="3706"><net_src comp="1139" pin="1"/><net_sink comp="3703" pin=0"/></net>

<net id="3707"><net_src comp="3703" pin="1"/><net_sink comp="2550" pin=2"/></net>

<net id="3711"><net_src comp="1143" pin="1"/><net_sink comp="3708" pin=0"/></net>

<net id="3712"><net_src comp="3708" pin="1"/><net_sink comp="2550" pin=4"/></net>

<net id="3716"><net_src comp="1147" pin="1"/><net_sink comp="3713" pin=0"/></net>

<net id="3717"><net_src comp="3713" pin="1"/><net_sink comp="2550" pin=6"/></net>

<net id="3721"><net_src comp="1151" pin="1"/><net_sink comp="3718" pin=0"/></net>

<net id="3722"><net_src comp="3718" pin="1"/><net_sink comp="2550" pin=8"/></net>

<net id="3726"><net_src comp="1155" pin="1"/><net_sink comp="3723" pin=0"/></net>

<net id="3727"><net_src comp="3723" pin="1"/><net_sink comp="2550" pin=10"/></net>

<net id="3731"><net_src comp="1159" pin="1"/><net_sink comp="3728" pin=0"/></net>

<net id="3732"><net_src comp="3728" pin="1"/><net_sink comp="2550" pin=12"/></net>

<net id="3736"><net_src comp="1163" pin="1"/><net_sink comp="3733" pin=0"/></net>

<net id="3737"><net_src comp="3733" pin="1"/><net_sink comp="2550" pin=14"/></net>

<net id="3741"><net_src comp="1167" pin="1"/><net_sink comp="3738" pin=0"/></net>

<net id="3742"><net_src comp="3738" pin="1"/><net_sink comp="2550" pin=16"/></net>

<net id="3746"><net_src comp="1171" pin="1"/><net_sink comp="3743" pin=0"/></net>

<net id="3747"><net_src comp="3743" pin="1"/><net_sink comp="2606" pin=2"/></net>

<net id="3751"><net_src comp="1175" pin="1"/><net_sink comp="3748" pin=0"/></net>

<net id="3752"><net_src comp="3748" pin="1"/><net_sink comp="2606" pin=4"/></net>

<net id="3756"><net_src comp="1179" pin="1"/><net_sink comp="3753" pin=0"/></net>

<net id="3757"><net_src comp="3753" pin="1"/><net_sink comp="2606" pin=6"/></net>

<net id="3761"><net_src comp="1183" pin="1"/><net_sink comp="3758" pin=0"/></net>

<net id="3762"><net_src comp="3758" pin="1"/><net_sink comp="2606" pin=8"/></net>

<net id="3766"><net_src comp="1187" pin="1"/><net_sink comp="3763" pin=0"/></net>

<net id="3767"><net_src comp="3763" pin="1"/><net_sink comp="2606" pin=10"/></net>

<net id="3771"><net_src comp="1191" pin="1"/><net_sink comp="3768" pin=0"/></net>

<net id="3772"><net_src comp="3768" pin="1"/><net_sink comp="2606" pin=12"/></net>

<net id="3776"><net_src comp="1195" pin="1"/><net_sink comp="3773" pin=0"/></net>

<net id="3777"><net_src comp="3773" pin="1"/><net_sink comp="2606" pin=14"/></net>

<net id="3781"><net_src comp="1199" pin="1"/><net_sink comp="3778" pin=0"/></net>

<net id="3782"><net_src comp="3778" pin="1"/><net_sink comp="2606" pin=16"/></net>

<net id="3786"><net_src comp="1203" pin="1"/><net_sink comp="3783" pin=0"/></net>

<net id="3787"><net_src comp="3783" pin="1"/><net_sink comp="2638" pin=2"/></net>

<net id="3791"><net_src comp="1207" pin="1"/><net_sink comp="3788" pin=0"/></net>

<net id="3792"><net_src comp="3788" pin="1"/><net_sink comp="2638" pin=4"/></net>

<net id="3796"><net_src comp="1211" pin="1"/><net_sink comp="3793" pin=0"/></net>

<net id="3797"><net_src comp="3793" pin="1"/><net_sink comp="2638" pin=6"/></net>

<net id="3801"><net_src comp="1215" pin="1"/><net_sink comp="3798" pin=0"/></net>

<net id="3802"><net_src comp="3798" pin="1"/><net_sink comp="2638" pin=8"/></net>

<net id="3806"><net_src comp="1219" pin="1"/><net_sink comp="3803" pin=0"/></net>

<net id="3807"><net_src comp="3803" pin="1"/><net_sink comp="2638" pin=10"/></net>

<net id="3811"><net_src comp="1223" pin="1"/><net_sink comp="3808" pin=0"/></net>

<net id="3812"><net_src comp="3808" pin="1"/><net_sink comp="2638" pin=12"/></net>

<net id="3816"><net_src comp="1227" pin="1"/><net_sink comp="3813" pin=0"/></net>

<net id="3817"><net_src comp="3813" pin="1"/><net_sink comp="2638" pin=14"/></net>

<net id="3821"><net_src comp="1231" pin="1"/><net_sink comp="3818" pin=0"/></net>

<net id="3822"><net_src comp="3818" pin="1"/><net_sink comp="2638" pin=16"/></net>

<net id="3826"><net_src comp="1235" pin="1"/><net_sink comp="3823" pin=0"/></net>

<net id="3827"><net_src comp="3823" pin="1"/><net_sink comp="2670" pin=2"/></net>

<net id="3831"><net_src comp="1239" pin="1"/><net_sink comp="3828" pin=0"/></net>

<net id="3832"><net_src comp="3828" pin="1"/><net_sink comp="2670" pin=4"/></net>

<net id="3836"><net_src comp="1243" pin="1"/><net_sink comp="3833" pin=0"/></net>

<net id="3837"><net_src comp="3833" pin="1"/><net_sink comp="2670" pin=6"/></net>

<net id="3841"><net_src comp="1247" pin="1"/><net_sink comp="3838" pin=0"/></net>

<net id="3842"><net_src comp="3838" pin="1"/><net_sink comp="2670" pin=8"/></net>

<net id="3846"><net_src comp="1251" pin="1"/><net_sink comp="3843" pin=0"/></net>

<net id="3847"><net_src comp="3843" pin="1"/><net_sink comp="2670" pin=10"/></net>

<net id="3851"><net_src comp="1255" pin="1"/><net_sink comp="3848" pin=0"/></net>

<net id="3852"><net_src comp="3848" pin="1"/><net_sink comp="2670" pin=12"/></net>

<net id="3856"><net_src comp="1259" pin="1"/><net_sink comp="3853" pin=0"/></net>

<net id="3857"><net_src comp="3853" pin="1"/><net_sink comp="2670" pin=14"/></net>

<net id="3861"><net_src comp="1263" pin="1"/><net_sink comp="3858" pin=0"/></net>

<net id="3862"><net_src comp="3858" pin="1"/><net_sink comp="2670" pin=16"/></net>

<net id="3866"><net_src comp="1267" pin="1"/><net_sink comp="3863" pin=0"/></net>

<net id="3867"><net_src comp="3863" pin="1"/><net_sink comp="2745" pin=2"/></net>

<net id="3871"><net_src comp="1271" pin="1"/><net_sink comp="3868" pin=0"/></net>

<net id="3872"><net_src comp="3868" pin="1"/><net_sink comp="2745" pin=4"/></net>

<net id="3876"><net_src comp="1275" pin="1"/><net_sink comp="3873" pin=0"/></net>

<net id="3877"><net_src comp="3873" pin="1"/><net_sink comp="2745" pin=6"/></net>

<net id="3881"><net_src comp="1279" pin="1"/><net_sink comp="3878" pin=0"/></net>

<net id="3882"><net_src comp="3878" pin="1"/><net_sink comp="2745" pin=8"/></net>

<net id="3886"><net_src comp="1283" pin="1"/><net_sink comp="3883" pin=0"/></net>

<net id="3887"><net_src comp="3883" pin="1"/><net_sink comp="2745" pin=10"/></net>

<net id="3891"><net_src comp="1287" pin="1"/><net_sink comp="3888" pin=0"/></net>

<net id="3892"><net_src comp="3888" pin="1"/><net_sink comp="2745" pin=12"/></net>

<net id="3896"><net_src comp="1291" pin="1"/><net_sink comp="3893" pin=0"/></net>

<net id="3897"><net_src comp="3893" pin="1"/><net_sink comp="2745" pin=14"/></net>

<net id="3901"><net_src comp="1295" pin="1"/><net_sink comp="3898" pin=0"/></net>

<net id="3902"><net_src comp="3898" pin="1"/><net_sink comp="2745" pin=16"/></net>

<net id="3906"><net_src comp="1299" pin="1"/><net_sink comp="3903" pin=0"/></net>

<net id="3907"><net_src comp="3903" pin="1"/><net_sink comp="2777" pin=2"/></net>

<net id="3911"><net_src comp="1303" pin="1"/><net_sink comp="3908" pin=0"/></net>

<net id="3912"><net_src comp="3908" pin="1"/><net_sink comp="2777" pin=4"/></net>

<net id="3916"><net_src comp="1307" pin="1"/><net_sink comp="3913" pin=0"/></net>

<net id="3917"><net_src comp="3913" pin="1"/><net_sink comp="2777" pin=6"/></net>

<net id="3921"><net_src comp="1311" pin="1"/><net_sink comp="3918" pin=0"/></net>

<net id="3922"><net_src comp="3918" pin="1"/><net_sink comp="2777" pin=8"/></net>

<net id="3926"><net_src comp="1315" pin="1"/><net_sink comp="3923" pin=0"/></net>

<net id="3927"><net_src comp="3923" pin="1"/><net_sink comp="2777" pin=10"/></net>

<net id="3931"><net_src comp="1319" pin="1"/><net_sink comp="3928" pin=0"/></net>

<net id="3932"><net_src comp="3928" pin="1"/><net_sink comp="2777" pin=12"/></net>

<net id="3936"><net_src comp="1323" pin="1"/><net_sink comp="3933" pin=0"/></net>

<net id="3937"><net_src comp="3933" pin="1"/><net_sink comp="2777" pin=14"/></net>

<net id="3941"><net_src comp="1327" pin="1"/><net_sink comp="3938" pin=0"/></net>

<net id="3942"><net_src comp="3938" pin="1"/><net_sink comp="2777" pin=16"/></net>

<net id="3946"><net_src comp="1331" pin="1"/><net_sink comp="3943" pin=0"/></net>

<net id="3947"><net_src comp="3943" pin="1"/><net_sink comp="2809" pin=2"/></net>

<net id="3951"><net_src comp="1335" pin="1"/><net_sink comp="3948" pin=0"/></net>

<net id="3952"><net_src comp="3948" pin="1"/><net_sink comp="2809" pin=4"/></net>

<net id="3956"><net_src comp="1339" pin="1"/><net_sink comp="3953" pin=0"/></net>

<net id="3957"><net_src comp="3953" pin="1"/><net_sink comp="2809" pin=6"/></net>

<net id="3961"><net_src comp="1343" pin="1"/><net_sink comp="3958" pin=0"/></net>

<net id="3962"><net_src comp="3958" pin="1"/><net_sink comp="2809" pin=8"/></net>

<net id="3966"><net_src comp="1347" pin="1"/><net_sink comp="3963" pin=0"/></net>

<net id="3967"><net_src comp="3963" pin="1"/><net_sink comp="2809" pin=10"/></net>

<net id="3971"><net_src comp="1351" pin="1"/><net_sink comp="3968" pin=0"/></net>

<net id="3972"><net_src comp="3968" pin="1"/><net_sink comp="2809" pin=12"/></net>

<net id="3976"><net_src comp="1355" pin="1"/><net_sink comp="3973" pin=0"/></net>

<net id="3977"><net_src comp="3973" pin="1"/><net_sink comp="2809" pin=14"/></net>

<net id="3981"><net_src comp="1359" pin="1"/><net_sink comp="3978" pin=0"/></net>

<net id="3982"><net_src comp="3978" pin="1"/><net_sink comp="2809" pin=16"/></net>

<net id="3986"><net_src comp="1363" pin="1"/><net_sink comp="3983" pin=0"/></net>

<net id="3987"><net_src comp="3983" pin="1"/><net_sink comp="2853" pin=2"/></net>

<net id="3991"><net_src comp="1367" pin="1"/><net_sink comp="3988" pin=0"/></net>

<net id="3992"><net_src comp="3988" pin="1"/><net_sink comp="2853" pin=4"/></net>

<net id="3996"><net_src comp="1371" pin="1"/><net_sink comp="3993" pin=0"/></net>

<net id="3997"><net_src comp="3993" pin="1"/><net_sink comp="2853" pin=6"/></net>

<net id="4001"><net_src comp="1375" pin="1"/><net_sink comp="3998" pin=0"/></net>

<net id="4002"><net_src comp="3998" pin="1"/><net_sink comp="2853" pin=8"/></net>

<net id="4006"><net_src comp="1379" pin="1"/><net_sink comp="4003" pin=0"/></net>

<net id="4007"><net_src comp="4003" pin="1"/><net_sink comp="2853" pin=10"/></net>

<net id="4011"><net_src comp="1383" pin="1"/><net_sink comp="4008" pin=0"/></net>

<net id="4012"><net_src comp="4008" pin="1"/><net_sink comp="2853" pin=12"/></net>

<net id="4016"><net_src comp="1387" pin="1"/><net_sink comp="4013" pin=0"/></net>

<net id="4017"><net_src comp="4013" pin="1"/><net_sink comp="2853" pin=14"/></net>

<net id="4021"><net_src comp="1391" pin="1"/><net_sink comp="4018" pin=0"/></net>

<net id="4022"><net_src comp="4018" pin="1"/><net_sink comp="2853" pin=16"/></net>

<net id="4026"><net_src comp="1395" pin="1"/><net_sink comp="4023" pin=0"/></net>

<net id="4027"><net_src comp="4023" pin="1"/><net_sink comp="2885" pin=2"/></net>

<net id="4031"><net_src comp="1399" pin="1"/><net_sink comp="4028" pin=0"/></net>

<net id="4032"><net_src comp="4028" pin="1"/><net_sink comp="2885" pin=4"/></net>

<net id="4036"><net_src comp="1403" pin="1"/><net_sink comp="4033" pin=0"/></net>

<net id="4037"><net_src comp="4033" pin="1"/><net_sink comp="2885" pin=6"/></net>

<net id="4041"><net_src comp="1407" pin="1"/><net_sink comp="4038" pin=0"/></net>

<net id="4042"><net_src comp="4038" pin="1"/><net_sink comp="2885" pin=8"/></net>

<net id="4046"><net_src comp="1411" pin="1"/><net_sink comp="4043" pin=0"/></net>

<net id="4047"><net_src comp="4043" pin="1"/><net_sink comp="2885" pin=10"/></net>

<net id="4051"><net_src comp="1415" pin="1"/><net_sink comp="4048" pin=0"/></net>

<net id="4052"><net_src comp="4048" pin="1"/><net_sink comp="2885" pin=12"/></net>

<net id="4056"><net_src comp="1419" pin="1"/><net_sink comp="4053" pin=0"/></net>

<net id="4057"><net_src comp="4053" pin="1"/><net_sink comp="2885" pin=14"/></net>

<net id="4061"><net_src comp="1423" pin="1"/><net_sink comp="4058" pin=0"/></net>

<net id="4062"><net_src comp="4058" pin="1"/><net_sink comp="2885" pin=16"/></net>

<net id="4066"><net_src comp="1427" pin="1"/><net_sink comp="4063" pin=0"/></net>

<net id="4067"><net_src comp="4063" pin="1"/><net_sink comp="2917" pin=2"/></net>

<net id="4071"><net_src comp="1431" pin="1"/><net_sink comp="4068" pin=0"/></net>

<net id="4072"><net_src comp="4068" pin="1"/><net_sink comp="2917" pin=4"/></net>

<net id="4076"><net_src comp="1435" pin="1"/><net_sink comp="4073" pin=0"/></net>

<net id="4077"><net_src comp="4073" pin="1"/><net_sink comp="2917" pin=6"/></net>

<net id="4081"><net_src comp="1439" pin="1"/><net_sink comp="4078" pin=0"/></net>

<net id="4082"><net_src comp="4078" pin="1"/><net_sink comp="2917" pin=8"/></net>

<net id="4086"><net_src comp="1443" pin="1"/><net_sink comp="4083" pin=0"/></net>

<net id="4087"><net_src comp="4083" pin="1"/><net_sink comp="2917" pin=10"/></net>

<net id="4091"><net_src comp="1447" pin="1"/><net_sink comp="4088" pin=0"/></net>

<net id="4092"><net_src comp="4088" pin="1"/><net_sink comp="2917" pin=12"/></net>

<net id="4096"><net_src comp="1451" pin="1"/><net_sink comp="4093" pin=0"/></net>

<net id="4097"><net_src comp="4093" pin="1"/><net_sink comp="2917" pin=14"/></net>

<net id="4101"><net_src comp="1455" pin="1"/><net_sink comp="4098" pin=0"/></net>

<net id="4102"><net_src comp="4098" pin="1"/><net_sink comp="2917" pin=16"/></net>

<net id="4106"><net_src comp="1459" pin="1"/><net_sink comp="4103" pin=0"/></net>

<net id="4107"><net_src comp="4103" pin="1"/><net_sink comp="2961" pin=2"/></net>

<net id="4111"><net_src comp="1463" pin="1"/><net_sink comp="4108" pin=0"/></net>

<net id="4112"><net_src comp="4108" pin="1"/><net_sink comp="2961" pin=4"/></net>

<net id="4116"><net_src comp="1467" pin="1"/><net_sink comp="4113" pin=0"/></net>

<net id="4117"><net_src comp="4113" pin="1"/><net_sink comp="2961" pin=6"/></net>

<net id="4121"><net_src comp="1471" pin="1"/><net_sink comp="4118" pin=0"/></net>

<net id="4122"><net_src comp="4118" pin="1"/><net_sink comp="2961" pin=8"/></net>

<net id="4126"><net_src comp="1475" pin="1"/><net_sink comp="4123" pin=0"/></net>

<net id="4127"><net_src comp="4123" pin="1"/><net_sink comp="2961" pin=10"/></net>

<net id="4131"><net_src comp="1479" pin="1"/><net_sink comp="4128" pin=0"/></net>

<net id="4132"><net_src comp="4128" pin="1"/><net_sink comp="2961" pin=12"/></net>

<net id="4136"><net_src comp="1483" pin="1"/><net_sink comp="4133" pin=0"/></net>

<net id="4137"><net_src comp="4133" pin="1"/><net_sink comp="2961" pin=14"/></net>

<net id="4141"><net_src comp="1487" pin="1"/><net_sink comp="4138" pin=0"/></net>

<net id="4142"><net_src comp="4138" pin="1"/><net_sink comp="2961" pin=16"/></net>

<net id="4146"><net_src comp="1491" pin="1"/><net_sink comp="4143" pin=0"/></net>

<net id="4147"><net_src comp="4143" pin="1"/><net_sink comp="2993" pin=2"/></net>

<net id="4151"><net_src comp="1495" pin="1"/><net_sink comp="4148" pin=0"/></net>

<net id="4152"><net_src comp="4148" pin="1"/><net_sink comp="2993" pin=4"/></net>

<net id="4156"><net_src comp="1499" pin="1"/><net_sink comp="4153" pin=0"/></net>

<net id="4157"><net_src comp="4153" pin="1"/><net_sink comp="2993" pin=6"/></net>

<net id="4161"><net_src comp="1503" pin="1"/><net_sink comp="4158" pin=0"/></net>

<net id="4162"><net_src comp="4158" pin="1"/><net_sink comp="2993" pin=8"/></net>

<net id="4166"><net_src comp="1507" pin="1"/><net_sink comp="4163" pin=0"/></net>

<net id="4167"><net_src comp="4163" pin="1"/><net_sink comp="2993" pin=10"/></net>

<net id="4171"><net_src comp="1511" pin="1"/><net_sink comp="4168" pin=0"/></net>

<net id="4172"><net_src comp="4168" pin="1"/><net_sink comp="2993" pin=12"/></net>

<net id="4176"><net_src comp="1515" pin="1"/><net_sink comp="4173" pin=0"/></net>

<net id="4177"><net_src comp="4173" pin="1"/><net_sink comp="2993" pin=14"/></net>

<net id="4181"><net_src comp="1519" pin="1"/><net_sink comp="4178" pin=0"/></net>

<net id="4182"><net_src comp="4178" pin="1"/><net_sink comp="2993" pin=16"/></net>

<net id="4186"><net_src comp="1523" pin="1"/><net_sink comp="4183" pin=0"/></net>

<net id="4187"><net_src comp="4183" pin="1"/><net_sink comp="3025" pin=2"/></net>

<net id="4191"><net_src comp="1527" pin="1"/><net_sink comp="4188" pin=0"/></net>

<net id="4192"><net_src comp="4188" pin="1"/><net_sink comp="3025" pin=4"/></net>

<net id="4196"><net_src comp="1531" pin="1"/><net_sink comp="4193" pin=0"/></net>

<net id="4197"><net_src comp="4193" pin="1"/><net_sink comp="3025" pin=6"/></net>

<net id="4201"><net_src comp="1535" pin="1"/><net_sink comp="4198" pin=0"/></net>

<net id="4202"><net_src comp="4198" pin="1"/><net_sink comp="3025" pin=8"/></net>

<net id="4206"><net_src comp="1539" pin="1"/><net_sink comp="4203" pin=0"/></net>

<net id="4207"><net_src comp="4203" pin="1"/><net_sink comp="3025" pin=10"/></net>

<net id="4211"><net_src comp="1543" pin="1"/><net_sink comp="4208" pin=0"/></net>

<net id="4212"><net_src comp="4208" pin="1"/><net_sink comp="3025" pin=12"/></net>

<net id="4216"><net_src comp="1547" pin="1"/><net_sink comp="4213" pin=0"/></net>

<net id="4217"><net_src comp="4213" pin="1"/><net_sink comp="3025" pin=14"/></net>

<net id="4221"><net_src comp="1551" pin="1"/><net_sink comp="4218" pin=0"/></net>

<net id="4222"><net_src comp="4218" pin="1"/><net_sink comp="3025" pin=16"/></net>

<net id="4226"><net_src comp="1555" pin="1"/><net_sink comp="4223" pin=0"/></net>

<net id="4227"><net_src comp="4223" pin="1"/><net_sink comp="3069" pin=2"/></net>

<net id="4231"><net_src comp="1559" pin="1"/><net_sink comp="4228" pin=0"/></net>

<net id="4232"><net_src comp="4228" pin="1"/><net_sink comp="3069" pin=4"/></net>

<net id="4236"><net_src comp="1563" pin="1"/><net_sink comp="4233" pin=0"/></net>

<net id="4237"><net_src comp="4233" pin="1"/><net_sink comp="3069" pin=6"/></net>

<net id="4241"><net_src comp="1567" pin="1"/><net_sink comp="4238" pin=0"/></net>

<net id="4242"><net_src comp="4238" pin="1"/><net_sink comp="3069" pin=8"/></net>

<net id="4246"><net_src comp="1571" pin="1"/><net_sink comp="4243" pin=0"/></net>

<net id="4247"><net_src comp="4243" pin="1"/><net_sink comp="3069" pin=10"/></net>

<net id="4251"><net_src comp="1575" pin="1"/><net_sink comp="4248" pin=0"/></net>

<net id="4252"><net_src comp="4248" pin="1"/><net_sink comp="3069" pin=12"/></net>

<net id="4256"><net_src comp="1579" pin="1"/><net_sink comp="4253" pin=0"/></net>

<net id="4257"><net_src comp="4253" pin="1"/><net_sink comp="3069" pin=14"/></net>

<net id="4261"><net_src comp="1583" pin="1"/><net_sink comp="4258" pin=0"/></net>

<net id="4262"><net_src comp="4258" pin="1"/><net_sink comp="3069" pin=16"/></net>

<net id="4266"><net_src comp="1587" pin="1"/><net_sink comp="4263" pin=0"/></net>

<net id="4267"><net_src comp="4263" pin="1"/><net_sink comp="3101" pin=2"/></net>

<net id="4271"><net_src comp="1591" pin="1"/><net_sink comp="4268" pin=0"/></net>

<net id="4272"><net_src comp="4268" pin="1"/><net_sink comp="3101" pin=4"/></net>

<net id="4276"><net_src comp="1595" pin="1"/><net_sink comp="4273" pin=0"/></net>

<net id="4277"><net_src comp="4273" pin="1"/><net_sink comp="3101" pin=6"/></net>

<net id="4281"><net_src comp="1599" pin="1"/><net_sink comp="4278" pin=0"/></net>

<net id="4282"><net_src comp="4278" pin="1"/><net_sink comp="3101" pin=8"/></net>

<net id="4286"><net_src comp="1603" pin="1"/><net_sink comp="4283" pin=0"/></net>

<net id="4287"><net_src comp="4283" pin="1"/><net_sink comp="3101" pin=10"/></net>

<net id="4291"><net_src comp="1607" pin="1"/><net_sink comp="4288" pin=0"/></net>

<net id="4292"><net_src comp="4288" pin="1"/><net_sink comp="3101" pin=12"/></net>

<net id="4296"><net_src comp="1611" pin="1"/><net_sink comp="4293" pin=0"/></net>

<net id="4297"><net_src comp="4293" pin="1"/><net_sink comp="3101" pin=14"/></net>

<net id="4301"><net_src comp="1615" pin="1"/><net_sink comp="4298" pin=0"/></net>

<net id="4302"><net_src comp="4298" pin="1"/><net_sink comp="3101" pin=16"/></net>

<net id="4306"><net_src comp="1619" pin="1"/><net_sink comp="4303" pin=0"/></net>

<net id="4307"><net_src comp="4303" pin="1"/><net_sink comp="3133" pin=2"/></net>

<net id="4311"><net_src comp="1623" pin="1"/><net_sink comp="4308" pin=0"/></net>

<net id="4312"><net_src comp="4308" pin="1"/><net_sink comp="3133" pin=4"/></net>

<net id="4316"><net_src comp="1627" pin="1"/><net_sink comp="4313" pin=0"/></net>

<net id="4317"><net_src comp="4313" pin="1"/><net_sink comp="3133" pin=6"/></net>

<net id="4321"><net_src comp="1631" pin="1"/><net_sink comp="4318" pin=0"/></net>

<net id="4322"><net_src comp="4318" pin="1"/><net_sink comp="3133" pin=8"/></net>

<net id="4326"><net_src comp="1635" pin="1"/><net_sink comp="4323" pin=0"/></net>

<net id="4327"><net_src comp="4323" pin="1"/><net_sink comp="3133" pin=10"/></net>

<net id="4331"><net_src comp="1639" pin="1"/><net_sink comp="4328" pin=0"/></net>

<net id="4332"><net_src comp="4328" pin="1"/><net_sink comp="3133" pin=12"/></net>

<net id="4336"><net_src comp="1643" pin="1"/><net_sink comp="4333" pin=0"/></net>

<net id="4337"><net_src comp="4333" pin="1"/><net_sink comp="3133" pin=14"/></net>

<net id="4341"><net_src comp="1647" pin="1"/><net_sink comp="4338" pin=0"/></net>

<net id="4342"><net_src comp="4338" pin="1"/><net_sink comp="3133" pin=16"/></net>

<net id="4346"><net_src comp="1651" pin="1"/><net_sink comp="4343" pin=0"/></net>

<net id="4347"><net_src comp="4343" pin="1"/><net_sink comp="3165" pin=2"/></net>

<net id="4351"><net_src comp="1655" pin="1"/><net_sink comp="4348" pin=0"/></net>

<net id="4352"><net_src comp="4348" pin="1"/><net_sink comp="3165" pin=4"/></net>

<net id="4356"><net_src comp="1659" pin="1"/><net_sink comp="4353" pin=0"/></net>

<net id="4357"><net_src comp="4353" pin="1"/><net_sink comp="3165" pin=6"/></net>

<net id="4361"><net_src comp="1663" pin="1"/><net_sink comp="4358" pin=0"/></net>

<net id="4362"><net_src comp="4358" pin="1"/><net_sink comp="3165" pin=8"/></net>

<net id="4366"><net_src comp="1667" pin="1"/><net_sink comp="4363" pin=0"/></net>

<net id="4367"><net_src comp="4363" pin="1"/><net_sink comp="3165" pin=10"/></net>

<net id="4371"><net_src comp="1671" pin="1"/><net_sink comp="4368" pin=0"/></net>

<net id="4372"><net_src comp="4368" pin="1"/><net_sink comp="3165" pin=12"/></net>

<net id="4376"><net_src comp="1675" pin="1"/><net_sink comp="4373" pin=0"/></net>

<net id="4377"><net_src comp="4373" pin="1"/><net_sink comp="3165" pin=14"/></net>

<net id="4381"><net_src comp="1679" pin="1"/><net_sink comp="4378" pin=0"/></net>

<net id="4382"><net_src comp="4378" pin="1"/><net_sink comp="3165" pin=16"/></net>

<net id="4386"><net_src comp="1683" pin="1"/><net_sink comp="4383" pin=0"/></net>

<net id="4387"><net_src comp="4383" pin="1"/><net_sink comp="3197" pin=2"/></net>

<net id="4391"><net_src comp="1687" pin="1"/><net_sink comp="4388" pin=0"/></net>

<net id="4392"><net_src comp="4388" pin="1"/><net_sink comp="3197" pin=4"/></net>

<net id="4396"><net_src comp="1691" pin="1"/><net_sink comp="4393" pin=0"/></net>

<net id="4397"><net_src comp="4393" pin="1"/><net_sink comp="3197" pin=6"/></net>

<net id="4401"><net_src comp="1695" pin="1"/><net_sink comp="4398" pin=0"/></net>

<net id="4402"><net_src comp="4398" pin="1"/><net_sink comp="3197" pin=8"/></net>

<net id="4406"><net_src comp="1699" pin="1"/><net_sink comp="4403" pin=0"/></net>

<net id="4407"><net_src comp="4403" pin="1"/><net_sink comp="3197" pin=10"/></net>

<net id="4411"><net_src comp="1703" pin="1"/><net_sink comp="4408" pin=0"/></net>

<net id="4412"><net_src comp="4408" pin="1"/><net_sink comp="3197" pin=12"/></net>

<net id="4416"><net_src comp="1707" pin="1"/><net_sink comp="4413" pin=0"/></net>

<net id="4417"><net_src comp="4413" pin="1"/><net_sink comp="3197" pin=14"/></net>

<net id="4421"><net_src comp="1711" pin="1"/><net_sink comp="4418" pin=0"/></net>

<net id="4422"><net_src comp="4418" pin="1"/><net_sink comp="3197" pin=16"/></net>

<net id="4426"><net_src comp="1715" pin="1"/><net_sink comp="4423" pin=0"/></net>

<net id="4427"><net_src comp="4423" pin="1"/><net_sink comp="3229" pin=2"/></net>

<net id="4431"><net_src comp="1719" pin="1"/><net_sink comp="4428" pin=0"/></net>

<net id="4432"><net_src comp="4428" pin="1"/><net_sink comp="3229" pin=4"/></net>

<net id="4436"><net_src comp="1723" pin="1"/><net_sink comp="4433" pin=0"/></net>

<net id="4437"><net_src comp="4433" pin="1"/><net_sink comp="3229" pin=6"/></net>

<net id="4441"><net_src comp="1727" pin="1"/><net_sink comp="4438" pin=0"/></net>

<net id="4442"><net_src comp="4438" pin="1"/><net_sink comp="3229" pin=8"/></net>

<net id="4446"><net_src comp="1731" pin="1"/><net_sink comp="4443" pin=0"/></net>

<net id="4447"><net_src comp="4443" pin="1"/><net_sink comp="3229" pin=10"/></net>

<net id="4451"><net_src comp="1735" pin="1"/><net_sink comp="4448" pin=0"/></net>

<net id="4452"><net_src comp="4448" pin="1"/><net_sink comp="3229" pin=12"/></net>

<net id="4456"><net_src comp="1739" pin="1"/><net_sink comp="4453" pin=0"/></net>

<net id="4457"><net_src comp="4453" pin="1"/><net_sink comp="3229" pin=14"/></net>

<net id="4461"><net_src comp="1743" pin="1"/><net_sink comp="4458" pin=0"/></net>

<net id="4462"><net_src comp="4458" pin="1"/><net_sink comp="3229" pin=16"/></net>

<net id="4466"><net_src comp="1747" pin="1"/><net_sink comp="4463" pin=0"/></net>

<net id="4467"><net_src comp="4463" pin="1"/><net_sink comp="3261" pin=2"/></net>

<net id="4471"><net_src comp="1751" pin="1"/><net_sink comp="4468" pin=0"/></net>

<net id="4472"><net_src comp="4468" pin="1"/><net_sink comp="3261" pin=4"/></net>

<net id="4476"><net_src comp="1755" pin="1"/><net_sink comp="4473" pin=0"/></net>

<net id="4477"><net_src comp="4473" pin="1"/><net_sink comp="3261" pin=6"/></net>

<net id="4481"><net_src comp="1759" pin="1"/><net_sink comp="4478" pin=0"/></net>

<net id="4482"><net_src comp="4478" pin="1"/><net_sink comp="3261" pin=8"/></net>

<net id="4486"><net_src comp="1763" pin="1"/><net_sink comp="4483" pin=0"/></net>

<net id="4487"><net_src comp="4483" pin="1"/><net_sink comp="3261" pin=10"/></net>

<net id="4491"><net_src comp="1767" pin="1"/><net_sink comp="4488" pin=0"/></net>

<net id="4492"><net_src comp="4488" pin="1"/><net_sink comp="3261" pin=12"/></net>

<net id="4496"><net_src comp="1771" pin="1"/><net_sink comp="4493" pin=0"/></net>

<net id="4497"><net_src comp="4493" pin="1"/><net_sink comp="3261" pin=14"/></net>

<net id="4501"><net_src comp="1775" pin="1"/><net_sink comp="4498" pin=0"/></net>

<net id="4502"><net_src comp="4498" pin="1"/><net_sink comp="3261" pin=16"/></net>

<net id="4506"><net_src comp="1779" pin="1"/><net_sink comp="4503" pin=0"/></net>

<net id="4507"><net_src comp="4503" pin="1"/><net_sink comp="3293" pin=2"/></net>

<net id="4511"><net_src comp="1783" pin="1"/><net_sink comp="4508" pin=0"/></net>

<net id="4512"><net_src comp="4508" pin="1"/><net_sink comp="3293" pin=4"/></net>

<net id="4516"><net_src comp="1787" pin="1"/><net_sink comp="4513" pin=0"/></net>

<net id="4517"><net_src comp="4513" pin="1"/><net_sink comp="3293" pin=6"/></net>

<net id="4521"><net_src comp="1791" pin="1"/><net_sink comp="4518" pin=0"/></net>

<net id="4522"><net_src comp="4518" pin="1"/><net_sink comp="3293" pin=8"/></net>

<net id="4526"><net_src comp="1795" pin="1"/><net_sink comp="4523" pin=0"/></net>

<net id="4527"><net_src comp="4523" pin="1"/><net_sink comp="3293" pin=10"/></net>

<net id="4531"><net_src comp="1799" pin="1"/><net_sink comp="4528" pin=0"/></net>

<net id="4532"><net_src comp="4528" pin="1"/><net_sink comp="3293" pin=12"/></net>

<net id="4536"><net_src comp="1803" pin="1"/><net_sink comp="4533" pin=0"/></net>

<net id="4537"><net_src comp="4533" pin="1"/><net_sink comp="3293" pin=14"/></net>

<net id="4541"><net_src comp="1807" pin="1"/><net_sink comp="4538" pin=0"/></net>

<net id="4542"><net_src comp="4538" pin="1"/><net_sink comp="3293" pin=16"/></net>

<net id="4546"><net_src comp="1811" pin="1"/><net_sink comp="4543" pin=0"/></net>

<net id="4547"><net_src comp="4543" pin="1"/><net_sink comp="3325" pin=2"/></net>

<net id="4551"><net_src comp="1815" pin="1"/><net_sink comp="4548" pin=0"/></net>

<net id="4552"><net_src comp="4548" pin="1"/><net_sink comp="3325" pin=4"/></net>

<net id="4556"><net_src comp="1819" pin="1"/><net_sink comp="4553" pin=0"/></net>

<net id="4557"><net_src comp="4553" pin="1"/><net_sink comp="3325" pin=6"/></net>

<net id="4561"><net_src comp="1823" pin="1"/><net_sink comp="4558" pin=0"/></net>

<net id="4562"><net_src comp="4558" pin="1"/><net_sink comp="3325" pin=8"/></net>

<net id="4566"><net_src comp="1827" pin="1"/><net_sink comp="4563" pin=0"/></net>

<net id="4567"><net_src comp="4563" pin="1"/><net_sink comp="3325" pin=10"/></net>

<net id="4571"><net_src comp="1831" pin="1"/><net_sink comp="4568" pin=0"/></net>

<net id="4572"><net_src comp="4568" pin="1"/><net_sink comp="3325" pin=12"/></net>

<net id="4576"><net_src comp="1835" pin="1"/><net_sink comp="4573" pin=0"/></net>

<net id="4577"><net_src comp="4573" pin="1"/><net_sink comp="3325" pin=14"/></net>

<net id="4581"><net_src comp="1839" pin="1"/><net_sink comp="4578" pin=0"/></net>

<net id="4582"><net_src comp="4578" pin="1"/><net_sink comp="3325" pin=16"/></net>

<net id="4586"><net_src comp="1874" pin="2"/><net_sink comp="4583" pin=0"/></net>

<net id="4590"><net_src comp="1921" pin="3"/><net_sink comp="4587" pin=0"/></net>

<net id="4591"><net_src comp="4587" pin="1"/><net_sink comp="2170" pin=1"/></net>

<net id="4592"><net_src comp="4587" pin="1"/><net_sink comp="2181" pin=1"/></net>

<net id="4596"><net_src comp="1961" pin="3"/><net_sink comp="4593" pin=0"/></net>

<net id="4597"><net_src comp="4593" pin="1"/><net_sink comp="2084" pin=1"/></net>

<net id="4598"><net_src comp="4593" pin="1"/><net_sink comp="2095" pin=1"/></net>

<net id="4599"><net_src comp="4593" pin="1"/><net_sink comp="2255" pin=0"/></net>

<net id="4600"><net_src comp="4593" pin="1"/><net_sink comp="2258" pin=0"/></net>

<net id="4604"><net_src comp="1995" pin="3"/><net_sink comp="4601" pin=0"/></net>

<net id="4605"><net_src comp="4601" pin="1"/><net_sink comp="2148" pin=0"/></net>

<net id="4609"><net_src comp="2003" pin="3"/><net_sink comp="4606" pin=0"/></net>

<net id="4610"><net_src comp="4606" pin="1"/><net_sink comp="2112" pin=0"/></net>

<net id="4611"><net_src comp="4606" pin="1"/><net_sink comp="2228" pin=0"/></net>

<net id="4615"><net_src comp="2011" pin="1"/><net_sink comp="4612" pin=0"/></net>

<net id="4616"><net_src comp="4612" pin="1"/><net_sink comp="2309" pin=18"/></net>

<net id="4617"><net_src comp="4612" pin="1"/><net_sink comp="2341" pin=18"/></net>

<net id="4618"><net_src comp="4612" pin="1"/><net_sink comp="2373" pin=18"/></net>

<net id="4619"><net_src comp="4612" pin="1"/><net_sink comp="2486" pin=18"/></net>

<net id="4620"><net_src comp="4612" pin="1"/><net_sink comp="2518" pin=18"/></net>

<net id="4621"><net_src comp="4612" pin="1"/><net_sink comp="2550" pin=18"/></net>

<net id="4622"><net_src comp="4612" pin="1"/><net_sink comp="2606" pin=18"/></net>

<net id="4623"><net_src comp="4612" pin="1"/><net_sink comp="2638" pin=18"/></net>

<net id="4624"><net_src comp="4612" pin="1"/><net_sink comp="2670" pin=18"/></net>

<net id="4625"><net_src comp="4612" pin="1"/><net_sink comp="2714" pin=18"/></net>

<net id="4626"><net_src comp="4612" pin="1"/><net_sink comp="2745" pin=18"/></net>

<net id="4627"><net_src comp="4612" pin="1"/><net_sink comp="2777" pin=18"/></net>

<net id="4628"><net_src comp="4612" pin="1"/><net_sink comp="2809" pin=18"/></net>

<net id="4629"><net_src comp="4612" pin="1"/><net_sink comp="2853" pin=18"/></net>

<net id="4630"><net_src comp="4612" pin="1"/><net_sink comp="2885" pin=18"/></net>

<net id="4631"><net_src comp="4612" pin="1"/><net_sink comp="2917" pin=18"/></net>

<net id="4632"><net_src comp="4612" pin="1"/><net_sink comp="2961" pin=18"/></net>

<net id="4633"><net_src comp="4612" pin="1"/><net_sink comp="2993" pin=18"/></net>

<net id="4634"><net_src comp="4612" pin="1"/><net_sink comp="3025" pin=18"/></net>

<net id="4635"><net_src comp="4612" pin="1"/><net_sink comp="3069" pin=18"/></net>

<net id="4636"><net_src comp="4612" pin="1"/><net_sink comp="3101" pin=18"/></net>

<net id="4637"><net_src comp="4612" pin="1"/><net_sink comp="3133" pin=18"/></net>

<net id="4638"><net_src comp="4612" pin="1"/><net_sink comp="3165" pin=18"/></net>

<net id="4639"><net_src comp="4612" pin="1"/><net_sink comp="3197" pin=18"/></net>

<net id="4640"><net_src comp="4612" pin="1"/><net_sink comp="3229" pin=18"/></net>

<net id="4641"><net_src comp="4612" pin="1"/><net_sink comp="3261" pin=18"/></net>

<net id="4642"><net_src comp="4612" pin="1"/><net_sink comp="3293" pin=18"/></net>

<net id="4643"><net_src comp="4612" pin="1"/><net_sink comp="3325" pin=18"/></net>

<net id="4647"><net_src comp="2015" pin="1"/><net_sink comp="4644" pin=0"/></net>

<net id="4648"><net_src comp="4644" pin="1"/><net_sink comp="3407" pin=2"/></net>

<net id="4652"><net_src comp="2019" pin="4"/><net_sink comp="4649" pin=0"/></net>

<net id="4656"><net_src comp="2106" pin="2"/><net_sink comp="4653" pin=0"/></net>

<net id="4657"><net_src comp="4653" pin="1"/><net_sink comp="2237" pin=0"/></net>

<net id="4661"><net_src comp="2112" pin="1"/><net_sink comp="4658" pin=0"/></net>

<net id="4662"><net_src comp="4658" pin="1"/><net_sink comp="2198" pin=1"/></net>

<net id="4663"><net_src comp="4658" pin="1"/><net_sink comp="2445" pin=1"/></net>

<net id="4664"><net_src comp="4658" pin="1"/><net_sink comp="3421" pin=1"/></net>

<net id="4668"><net_src comp="586" pin="3"/><net_sink comp="4665" pin=0"/></net>

<net id="4669"><net_src comp="4665" pin="1"/><net_sink comp="614" pin=2"/></net>

<net id="4673"><net_src comp="593" pin="3"/><net_sink comp="4670" pin=0"/></net>

<net id="4674"><net_src comp="4670" pin="1"/><net_sink comp="614" pin=0"/></net>

<net id="4678"><net_src comp="600" pin="3"/><net_sink comp="4675" pin=0"/></net>

<net id="4679"><net_src comp="4675" pin="1"/><net_sink comp="625" pin=2"/></net>

<net id="4683"><net_src comp="2148" pin="1"/><net_sink comp="4680" pin=0"/></net>

<net id="4684"><net_src comp="4680" pin="1"/><net_sink comp="2263" pin=1"/></net>

<net id="4685"><net_src comp="4680" pin="1"/><net_sink comp="2463" pin=1"/></net>

<net id="4689"><net_src comp="2151" pin="2"/><net_sink comp="4686" pin=0"/></net>

<net id="4690"><net_src comp="4686" pin="1"/><net_sink comp="2216" pin=1"/></net>

<net id="4694"><net_src comp="2165" pin="1"/><net_sink comp="4691" pin=0"/></net>

<net id="4695"><net_src comp="4691" pin="1"/><net_sink comp="643" pin=2"/></net>

<net id="4699"><net_src comp="607" pin="3"/><net_sink comp="4696" pin=0"/></net>

<net id="4700"><net_src comp="4696" pin="1"/><net_sink comp="625" pin=0"/></net>

<net id="4704"><net_src comp="2192" pin="2"/><net_sink comp="4701" pin=0"/></net>

<net id="4705"><net_src comp="4701" pin="1"/><net_sink comp="2263" pin=0"/></net>

<net id="4706"><net_src comp="4701" pin="1"/><net_sink comp="2292" pin=0"/></net>

<net id="4710"><net_src comp="2198" pin="2"/><net_sink comp="4707" pin=0"/></net>

<net id="4711"><net_src comp="4707" pin="1"/><net_sink comp="2433" pin=1"/></net>

<net id="4715"><net_src comp="2211" pin="1"/><net_sink comp="4712" pin=0"/></net>

<net id="4716"><net_src comp="4712" pin="1"/><net_sink comp="700" pin=2"/></net>

<net id="4720"><net_src comp="636" pin="3"/><net_sink comp="4717" pin=0"/></net>

<net id="4721"><net_src comp="4717" pin="1"/><net_sink comp="625" pin=0"/></net>

<net id="4725"><net_src comp="643" pin="3"/><net_sink comp="4722" pin=0"/></net>

<net id="4726"><net_src comp="4722" pin="1"/><net_sink comp="614" pin=2"/></net>

<net id="4730"><net_src comp="650" pin="3"/><net_sink comp="4727" pin=0"/></net>

<net id="4731"><net_src comp="4727" pin="1"/><net_sink comp="614" pin=0"/></net>

<net id="4735"><net_src comp="625" pin="7"/><net_sink comp="4732" pin=0"/></net>

<net id="4736"><net_src comp="4732" pin="1"/><net_sink comp="892" pin=0"/></net>

<net id="4740"><net_src comp="625" pin="3"/><net_sink comp="4737" pin=0"/></net>

<net id="4741"><net_src comp="4737" pin="1"/><net_sink comp="892" pin=0"/></net>

<net id="4745"><net_src comp="2233" pin="1"/><net_sink comp="4742" pin=0"/></net>

<net id="4746"><net_src comp="4742" pin="1"/><net_sink comp="2292" pin=1"/></net>

<net id="4747"><net_src comp="4742" pin="1"/><net_sink comp="2481" pin=1"/></net>

<net id="4751"><net_src comp="2237" pin="2"/><net_sink comp="4748" pin=0"/></net>

<net id="4752"><net_src comp="4748" pin="1"/><net_sink comp="2280" pin=1"/></net>

<net id="4756"><net_src comp="2250" pin="1"/><net_sink comp="4753" pin=0"/></net>

<net id="4757"><net_src comp="4753" pin="1"/><net_sink comp="675" pin=2"/></net>

<net id="4761"><net_src comp="659" pin="3"/><net_sink comp="4758" pin=0"/></net>

<net id="4762"><net_src comp="4758" pin="1"/><net_sink comp="625" pin=2"/></net>

<net id="4766"><net_src comp="2255" pin="1"/><net_sink comp="4763" pin=0"/></net>

<net id="4767"><net_src comp="4763" pin="1"/><net_sink comp="3421" pin=0"/></net>

<net id="4771"><net_src comp="2258" pin="2"/><net_sink comp="4768" pin=0"/></net>

<net id="4772"><net_src comp="4768" pin="1"/><net_sink comp="2405" pin=1"/></net>

<net id="4773"><net_src comp="4768" pin="1"/><net_sink comp="2416" pin=1"/></net>

<net id="4777"><net_src comp="2263" pin="2"/><net_sink comp="4774" pin=0"/></net>

<net id="4778"><net_src comp="4774" pin="1"/><net_sink comp="2582" pin=1"/></net>

<net id="4782"><net_src comp="2275" pin="1"/><net_sink comp="4779" pin=0"/></net>

<net id="4783"><net_src comp="4779" pin="1"/><net_sink comp="732" pin=2"/></net>

<net id="4787"><net_src comp="668" pin="3"/><net_sink comp="4784" pin=0"/></net>

<net id="4788"><net_src comp="4784" pin="1"/><net_sink comp="625" pin=2"/></net>

<net id="4792"><net_src comp="675" pin="3"/><net_sink comp="4789" pin=0"/></net>

<net id="4793"><net_src comp="4789" pin="1"/><net_sink comp="614" pin=2"/></net>

<net id="4797"><net_src comp="682" pin="3"/><net_sink comp="4794" pin=0"/></net>

<net id="4798"><net_src comp="4794" pin="1"/><net_sink comp="614" pin=0"/></net>

<net id="4802"><net_src comp="2292" pin="2"/><net_sink comp="4799" pin=0"/></net>

<net id="4803"><net_src comp="4799" pin="1"/><net_sink comp="2702" pin=1"/></net>

<net id="4807"><net_src comp="2304" pin="1"/><net_sink comp="4804" pin=0"/></net>

<net id="4808"><net_src comp="4804" pin="1"/><net_sink comp="756" pin=2"/></net>

<net id="4812"><net_src comp="689" pin="3"/><net_sink comp="4809" pin=0"/></net>

<net id="4813"><net_src comp="4809" pin="1"/><net_sink comp="625" pin=0"/></net>

<net id="4817"><net_src comp="625" pin="7"/><net_sink comp="4814" pin=0"/></net>

<net id="4818"><net_src comp="4814" pin="1"/><net_sink comp="892" pin=0"/></net>

<net id="4822"><net_src comp="625" pin="3"/><net_sink comp="4819" pin=0"/></net>

<net id="4823"><net_src comp="4819" pin="1"/><net_sink comp="892" pin=0"/></net>

<net id="4827"><net_src comp="2309" pin="19"/><net_sink comp="4824" pin=0"/></net>

<net id="4828"><net_src comp="4824" pin="1"/><net_sink comp="884" pin=1"/></net>

<net id="4832"><net_src comp="2341" pin="19"/><net_sink comp="4829" pin=0"/></net>

<net id="4833"><net_src comp="4829" pin="1"/><net_sink comp="888" pin=1"/></net>

<net id="4837"><net_src comp="2373" pin="19"/><net_sink comp="4834" pin=0"/></net>

<net id="4838"><net_src comp="4834" pin="1"/><net_sink comp="892" pin=1"/></net>

<net id="4842"><net_src comp="700" pin="3"/><net_sink comp="4839" pin=0"/></net>

<net id="4843"><net_src comp="4839" pin="1"/><net_sink comp="614" pin=2"/></net>

<net id="4847"><net_src comp="707" pin="3"/><net_sink comp="4844" pin=0"/></net>

<net id="4848"><net_src comp="4844" pin="1"/><net_sink comp="614" pin=0"/></net>

<net id="4852"><net_src comp="2445" pin="2"/><net_sink comp="4849" pin=0"/></net>

<net id="4853"><net_src comp="4849" pin="1"/><net_sink comp="2841" pin=1"/></net>

<net id="4857"><net_src comp="2458" pin="1"/><net_sink comp="4854" pin=0"/></net>

<net id="4858"><net_src comp="4854" pin="1"/><net_sink comp="772" pin=2"/></net>

<net id="4862"><net_src comp="714" pin="3"/><net_sink comp="4859" pin=0"/></net>

<net id="4863"><net_src comp="4859" pin="1"/><net_sink comp="625" pin=2"/></net>

<net id="4867"><net_src comp="2463" pin="2"/><net_sink comp="4864" pin=0"/></net>

<net id="4868"><net_src comp="4864" pin="1"/><net_sink comp="2949" pin=1"/></net>

<net id="4872"><net_src comp="2476" pin="1"/><net_sink comp="4869" pin=0"/></net>

<net id="4873"><net_src comp="4869" pin="1"/><net_sink comp="788" pin=2"/></net>

<net id="4877"><net_src comp="721" pin="3"/><net_sink comp="4874" pin=0"/></net>

<net id="4878"><net_src comp="4874" pin="1"/><net_sink comp="625" pin=0"/></net>

<net id="4882"><net_src comp="2481" pin="2"/><net_sink comp="4879" pin=0"/></net>

<net id="4883"><net_src comp="4879" pin="1"/><net_sink comp="2594" pin=1"/></net>

<net id="4884"><net_src comp="4879" pin="1"/><net_sink comp="3057" pin=1"/></net>

<net id="4888"><net_src comp="625" pin="7"/><net_sink comp="4885" pin=0"/></net>

<net id="4889"><net_src comp="4885" pin="1"/><net_sink comp="892" pin=0"/></net>

<net id="4893"><net_src comp="625" pin="3"/><net_sink comp="4890" pin=0"/></net>

<net id="4894"><net_src comp="4890" pin="1"/><net_sink comp="892" pin=0"/></net>

<net id="4898"><net_src comp="2486" pin="19"/><net_sink comp="4895" pin=0"/></net>

<net id="4899"><net_src comp="4895" pin="1"/><net_sink comp="884" pin=1"/></net>

<net id="4903"><net_src comp="2518" pin="19"/><net_sink comp="4900" pin=0"/></net>

<net id="4904"><net_src comp="4900" pin="1"/><net_sink comp="888" pin=1"/></net>

<net id="4908"><net_src comp="2550" pin="19"/><net_sink comp="4905" pin=0"/></net>

<net id="4909"><net_src comp="4905" pin="1"/><net_sink comp="892" pin=1"/></net>

<net id="4913"><net_src comp="732" pin="3"/><net_sink comp="4910" pin=0"/></net>

<net id="4914"><net_src comp="4910" pin="1"/><net_sink comp="614" pin=2"/></net>

<net id="4918"><net_src comp="739" pin="3"/><net_sink comp="4915" pin=0"/></net>

<net id="4919"><net_src comp="4915" pin="1"/><net_sink comp="614" pin=0"/></net>

<net id="4923"><net_src comp="2601" pin="1"/><net_sink comp="4920" pin=0"/></net>

<net id="4924"><net_src comp="4920" pin="1"/><net_sink comp="804" pin=2"/></net>

<net id="4928"><net_src comp="746" pin="3"/><net_sink comp="4925" pin=0"/></net>

<net id="4929"><net_src comp="4925" pin="1"/><net_sink comp="625" pin=0"/></net>

<net id="4933"><net_src comp="625" pin="7"/><net_sink comp="4930" pin=0"/></net>

<net id="4934"><net_src comp="4930" pin="1"/><net_sink comp="892" pin=0"/></net>

<net id="4938"><net_src comp="625" pin="3"/><net_sink comp="4935" pin=0"/></net>

<net id="4939"><net_src comp="4935" pin="1"/><net_sink comp="892" pin=0"/></net>

<net id="4943"><net_src comp="2606" pin="19"/><net_sink comp="4940" pin=0"/></net>

<net id="4944"><net_src comp="4940" pin="1"/><net_sink comp="884" pin=1"/></net>

<net id="4948"><net_src comp="2638" pin="19"/><net_sink comp="4945" pin=0"/></net>

<net id="4949"><net_src comp="4945" pin="1"/><net_sink comp="888" pin=1"/></net>

<net id="4953"><net_src comp="2670" pin="19"/><net_sink comp="4950" pin=0"/></net>

<net id="4954"><net_src comp="4950" pin="1"/><net_sink comp="892" pin=1"/></net>

<net id="4958"><net_src comp="3421" pin="3"/><net_sink comp="4955" pin=0"/></net>

<net id="4959"><net_src comp="4955" pin="1"/><net_sink comp="3407" pin=1"/></net>

<net id="4963"><net_src comp="756" pin="3"/><net_sink comp="4960" pin=0"/></net>

<net id="4964"><net_src comp="4960" pin="1"/><net_sink comp="614" pin=2"/></net>

<net id="4968"><net_src comp="763" pin="3"/><net_sink comp="4965" pin=0"/></net>

<net id="4969"><net_src comp="4965" pin="1"/><net_sink comp="614" pin=0"/></net>

<net id="4973"><net_src comp="625" pin="3"/><net_sink comp="4970" pin=0"/></net>

<net id="4974"><net_src comp="4970" pin="1"/><net_sink comp="892" pin=0"/></net>

<net id="4978"><net_src comp="2714" pin="19"/><net_sink comp="4975" pin=0"/></net>

<net id="4979"><net_src comp="4975" pin="1"/><net_sink comp="872" pin=0"/></net>

<net id="4983"><net_src comp="884" pin="2"/><net_sink comp="4980" pin=0"/></net>

<net id="4984"><net_src comp="4980" pin="1"/><net_sink comp="872" pin=1"/></net>

<net id="4988"><net_src comp="888" pin="2"/><net_sink comp="4985" pin=0"/></net>

<net id="4989"><net_src comp="4985" pin="1"/><net_sink comp="872" pin=1"/></net>

<net id="4993"><net_src comp="892" pin="2"/><net_sink comp="4990" pin=0"/></net>

<net id="4994"><net_src comp="4990" pin="1"/><net_sink comp="872" pin=1"/></net>

<net id="4998"><net_src comp="2745" pin="19"/><net_sink comp="4995" pin=0"/></net>

<net id="4999"><net_src comp="4995" pin="1"/><net_sink comp="884" pin=1"/></net>

<net id="5003"><net_src comp="2777" pin="19"/><net_sink comp="5000" pin=0"/></net>

<net id="5004"><net_src comp="5000" pin="1"/><net_sink comp="888" pin=1"/></net>

<net id="5008"><net_src comp="2809" pin="19"/><net_sink comp="5005" pin=0"/></net>

<net id="5009"><net_src comp="5005" pin="1"/><net_sink comp="892" pin=1"/></net>

<net id="5013"><net_src comp="772" pin="3"/><net_sink comp="5010" pin=0"/></net>

<net id="5014"><net_src comp="5010" pin="1"/><net_sink comp="614" pin=2"/></net>

<net id="5018"><net_src comp="779" pin="3"/><net_sink comp="5015" pin=0"/></net>

<net id="5019"><net_src comp="5015" pin="1"/><net_sink comp="614" pin=0"/></net>

<net id="5023"><net_src comp="884" pin="2"/><net_sink comp="5020" pin=0"/></net>

<net id="5024"><net_src comp="5020" pin="1"/><net_sink comp="872" pin=1"/></net>

<net id="5028"><net_src comp="888" pin="2"/><net_sink comp="5025" pin=0"/></net>

<net id="5029"><net_src comp="5025" pin="1"/><net_sink comp="872" pin=1"/></net>

<net id="5033"><net_src comp="892" pin="2"/><net_sink comp="5030" pin=0"/></net>

<net id="5034"><net_src comp="5030" pin="1"/><net_sink comp="872" pin=1"/></net>

<net id="5038"><net_src comp="2853" pin="19"/><net_sink comp="5035" pin=0"/></net>

<net id="5039"><net_src comp="5035" pin="1"/><net_sink comp="884" pin=1"/></net>

<net id="5043"><net_src comp="2885" pin="19"/><net_sink comp="5040" pin=0"/></net>

<net id="5044"><net_src comp="5040" pin="1"/><net_sink comp="888" pin=1"/></net>

<net id="5048"><net_src comp="2917" pin="19"/><net_sink comp="5045" pin=0"/></net>

<net id="5049"><net_src comp="5045" pin="1"/><net_sink comp="892" pin=1"/></net>

<net id="5053"><net_src comp="788" pin="3"/><net_sink comp="5050" pin=0"/></net>

<net id="5054"><net_src comp="5050" pin="1"/><net_sink comp="614" pin=2"/></net>

<net id="5058"><net_src comp="795" pin="3"/><net_sink comp="5055" pin=0"/></net>

<net id="5059"><net_src comp="5055" pin="1"/><net_sink comp="614" pin=0"/></net>

<net id="5063"><net_src comp="884" pin="2"/><net_sink comp="5060" pin=0"/></net>

<net id="5064"><net_src comp="5060" pin="1"/><net_sink comp="872" pin=1"/></net>

<net id="5068"><net_src comp="888" pin="2"/><net_sink comp="5065" pin=0"/></net>

<net id="5069"><net_src comp="5065" pin="1"/><net_sink comp="872" pin=1"/></net>

<net id="5073"><net_src comp="892" pin="2"/><net_sink comp="5070" pin=0"/></net>

<net id="5074"><net_src comp="5070" pin="1"/><net_sink comp="872" pin=1"/></net>

<net id="5078"><net_src comp="2961" pin="19"/><net_sink comp="5075" pin=0"/></net>

<net id="5079"><net_src comp="5075" pin="1"/><net_sink comp="884" pin=1"/></net>

<net id="5083"><net_src comp="2993" pin="19"/><net_sink comp="5080" pin=0"/></net>

<net id="5084"><net_src comp="5080" pin="1"/><net_sink comp="888" pin=1"/></net>

<net id="5088"><net_src comp="3025" pin="19"/><net_sink comp="5085" pin=0"/></net>

<net id="5089"><net_src comp="5085" pin="1"/><net_sink comp="892" pin=1"/></net>

<net id="5093"><net_src comp="804" pin="3"/><net_sink comp="5090" pin=0"/></net>

<net id="5094"><net_src comp="5090" pin="1"/><net_sink comp="614" pin=2"/></net>

<net id="5098"><net_src comp="811" pin="3"/><net_sink comp="5095" pin=0"/></net>

<net id="5099"><net_src comp="5095" pin="1"/><net_sink comp="614" pin=0"/></net>

<net id="5103"><net_src comp="884" pin="2"/><net_sink comp="5100" pin=0"/></net>

<net id="5104"><net_src comp="5100" pin="1"/><net_sink comp="876" pin=1"/></net>

<net id="5108"><net_src comp="888" pin="2"/><net_sink comp="5105" pin=0"/></net>

<net id="5109"><net_src comp="5105" pin="1"/><net_sink comp="876" pin=1"/></net>

<net id="5113"><net_src comp="892" pin="2"/><net_sink comp="5110" pin=0"/></net>

<net id="5114"><net_src comp="5110" pin="1"/><net_sink comp="876" pin=1"/></net>

<net id="5118"><net_src comp="3069" pin="19"/><net_sink comp="5115" pin=0"/></net>

<net id="5119"><net_src comp="5115" pin="1"/><net_sink comp="884" pin=1"/></net>

<net id="5123"><net_src comp="3101" pin="19"/><net_sink comp="5120" pin=0"/></net>

<net id="5124"><net_src comp="5120" pin="1"/><net_sink comp="888" pin=1"/></net>

<net id="5128"><net_src comp="3133" pin="19"/><net_sink comp="5125" pin=0"/></net>

<net id="5129"><net_src comp="5125" pin="1"/><net_sink comp="892" pin=1"/></net>

<net id="5133"><net_src comp="614" pin="7"/><net_sink comp="5130" pin=0"/></net>

<net id="5134"><net_src comp="5130" pin="1"/><net_sink comp="884" pin=0"/></net>

<net id="5138"><net_src comp="614" pin="3"/><net_sink comp="5135" pin=0"/></net>

<net id="5139"><net_src comp="5135" pin="1"/><net_sink comp="888" pin=0"/></net>

<net id="5143"><net_src comp="884" pin="2"/><net_sink comp="5140" pin=0"/></net>

<net id="5144"><net_src comp="5140" pin="1"/><net_sink comp="876" pin=1"/></net>

<net id="5148"><net_src comp="888" pin="2"/><net_sink comp="5145" pin=0"/></net>

<net id="5149"><net_src comp="5145" pin="1"/><net_sink comp="876" pin=1"/></net>

<net id="5153"><net_src comp="892" pin="2"/><net_sink comp="5150" pin=0"/></net>

<net id="5154"><net_src comp="5150" pin="1"/><net_sink comp="876" pin=1"/></net>

<net id="5158"><net_src comp="3165" pin="19"/><net_sink comp="5155" pin=0"/></net>

<net id="5159"><net_src comp="5155" pin="1"/><net_sink comp="884" pin=1"/></net>

<net id="5163"><net_src comp="3197" pin="19"/><net_sink comp="5160" pin=0"/></net>

<net id="5164"><net_src comp="5160" pin="1"/><net_sink comp="888" pin=1"/></net>

<net id="5168"><net_src comp="3229" pin="19"/><net_sink comp="5165" pin=0"/></net>

<net id="5169"><net_src comp="5165" pin="1"/><net_sink comp="892" pin=1"/></net>

<net id="5173"><net_src comp="872" pin="2"/><net_sink comp="5170" pin=0"/></net>

<net id="5174"><net_src comp="5170" pin="1"/><net_sink comp="872" pin=0"/></net>

<net id="5178"><net_src comp="884" pin="2"/><net_sink comp="5175" pin=0"/></net>

<net id="5179"><net_src comp="5175" pin="1"/><net_sink comp="876" pin=1"/></net>

<net id="5183"><net_src comp="888" pin="2"/><net_sink comp="5180" pin=0"/></net>

<net id="5184"><net_src comp="5180" pin="1"/><net_sink comp="876" pin=1"/></net>

<net id="5188"><net_src comp="892" pin="2"/><net_sink comp="5185" pin=0"/></net>

<net id="5189"><net_src comp="5185" pin="1"/><net_sink comp="876" pin=1"/></net>

<net id="5193"><net_src comp="3261" pin="19"/><net_sink comp="5190" pin=0"/></net>

<net id="5194"><net_src comp="5190" pin="1"/><net_sink comp="884" pin=1"/></net>

<net id="5198"><net_src comp="3293" pin="19"/><net_sink comp="5195" pin=0"/></net>

<net id="5199"><net_src comp="5195" pin="1"/><net_sink comp="888" pin=1"/></net>

<net id="5203"><net_src comp="3325" pin="19"/><net_sink comp="5200" pin=0"/></net>

<net id="5204"><net_src comp="5200" pin="1"/><net_sink comp="892" pin=1"/></net>

<net id="5208"><net_src comp="884" pin="2"/><net_sink comp="5205" pin=0"/></net>

<net id="5209"><net_src comp="5205" pin="1"/><net_sink comp="880" pin=1"/></net>

<net id="5213"><net_src comp="888" pin="2"/><net_sink comp="5210" pin=0"/></net>

<net id="5214"><net_src comp="5210" pin="1"/><net_sink comp="880" pin=1"/></net>

<net id="5218"><net_src comp="892" pin="2"/><net_sink comp="5215" pin=0"/></net>

<net id="5219"><net_src comp="5215" pin="1"/><net_sink comp="880" pin=1"/></net>

<net id="5223"><net_src comp="884" pin="2"/><net_sink comp="5220" pin=0"/></net>

<net id="5224"><net_src comp="5220" pin="1"/><net_sink comp="880" pin=1"/></net>

<net id="5228"><net_src comp="888" pin="2"/><net_sink comp="5225" pin=0"/></net>

<net id="5229"><net_src comp="5225" pin="1"/><net_sink comp="880" pin=1"/></net>

<net id="5233"><net_src comp="892" pin="2"/><net_sink comp="5230" pin=0"/></net>

<net id="5234"><net_src comp="5230" pin="1"/><net_sink comp="880" pin=1"/></net>

<net id="5238"><net_src comp="884" pin="2"/><net_sink comp="5235" pin=0"/></net>

<net id="5239"><net_src comp="5235" pin="1"/><net_sink comp="880" pin=1"/></net>

<net id="5243"><net_src comp="888" pin="2"/><net_sink comp="5240" pin=0"/></net>

<net id="5244"><net_src comp="5240" pin="1"/><net_sink comp="880" pin=1"/></net>

<net id="5248"><net_src comp="892" pin="2"/><net_sink comp="5245" pin=0"/></net>

<net id="5249"><net_src comp="5245" pin="1"/><net_sink comp="880" pin=1"/></net>

<net id="5253"><net_src comp="872" pin="2"/><net_sink comp="5250" pin=0"/></net>

<net id="5254"><net_src comp="5250" pin="1"/><net_sink comp="872" pin=0"/></net>

<net id="5258"><net_src comp="872" pin="2"/><net_sink comp="5255" pin=0"/></net>

<net id="5259"><net_src comp="5255" pin="1"/><net_sink comp="872" pin=0"/></net>

<net id="5263"><net_src comp="872" pin="2"/><net_sink comp="5260" pin=0"/></net>

<net id="5264"><net_src comp="5260" pin="1"/><net_sink comp="872" pin=0"/></net>

<net id="5268"><net_src comp="872" pin="2"/><net_sink comp="5265" pin=0"/></net>

<net id="5269"><net_src comp="5265" pin="1"/><net_sink comp="872" pin=0"/></net>

<net id="5273"><net_src comp="872" pin="2"/><net_sink comp="5270" pin=0"/></net>

<net id="5274"><net_src comp="5270" pin="1"/><net_sink comp="872" pin=0"/></net>

<net id="5278"><net_src comp="872" pin="2"/><net_sink comp="5275" pin=0"/></net>

<net id="5279"><net_src comp="5275" pin="1"/><net_sink comp="872" pin=0"/></net>

<net id="5283"><net_src comp="872" pin="2"/><net_sink comp="5280" pin=0"/></net>

<net id="5284"><net_src comp="5280" pin="1"/><net_sink comp="872" pin=0"/></net>

<net id="5288"><net_src comp="872" pin="2"/><net_sink comp="5285" pin=0"/></net>

<net id="5289"><net_src comp="5285" pin="1"/><net_sink comp="876" pin=0"/></net>

<net id="5293"><net_src comp="876" pin="2"/><net_sink comp="5290" pin=0"/></net>

<net id="5294"><net_src comp="5290" pin="1"/><net_sink comp="876" pin=0"/></net>

<net id="5298"><net_src comp="876" pin="2"/><net_sink comp="5295" pin=0"/></net>

<net id="5299"><net_src comp="5295" pin="1"/><net_sink comp="876" pin=0"/></net>

<net id="5303"><net_src comp="876" pin="2"/><net_sink comp="5300" pin=0"/></net>

<net id="5304"><net_src comp="5300" pin="1"/><net_sink comp="876" pin=0"/></net>

<net id="5308"><net_src comp="876" pin="2"/><net_sink comp="5305" pin=0"/></net>

<net id="5309"><net_src comp="5305" pin="1"/><net_sink comp="876" pin=0"/></net>

<net id="5313"><net_src comp="876" pin="2"/><net_sink comp="5310" pin=0"/></net>

<net id="5314"><net_src comp="5310" pin="1"/><net_sink comp="876" pin=0"/></net>

<net id="5318"><net_src comp="876" pin="2"/><net_sink comp="5315" pin=0"/></net>

<net id="5319"><net_src comp="5315" pin="1"/><net_sink comp="876" pin=0"/></net>

<net id="5323"><net_src comp="876" pin="2"/><net_sink comp="5320" pin=0"/></net>

<net id="5324"><net_src comp="5320" pin="1"/><net_sink comp="876" pin=0"/></net>

<net id="5328"><net_src comp="876" pin="2"/><net_sink comp="5325" pin=0"/></net>

<net id="5329"><net_src comp="5325" pin="1"/><net_sink comp="876" pin=0"/></net>

<net id="5333"><net_src comp="876" pin="2"/><net_sink comp="5330" pin=0"/></net>

<net id="5334"><net_src comp="5330" pin="1"/><net_sink comp="880" pin=0"/></net>

<net id="5338"><net_src comp="880" pin="2"/><net_sink comp="5335" pin=0"/></net>

<net id="5339"><net_src comp="5335" pin="1"/><net_sink comp="880" pin=0"/></net>

<net id="5343"><net_src comp="880" pin="2"/><net_sink comp="5340" pin=0"/></net>

<net id="5344"><net_src comp="5340" pin="1"/><net_sink comp="880" pin=0"/></net>

<net id="5348"><net_src comp="880" pin="2"/><net_sink comp="5345" pin=0"/></net>

<net id="5349"><net_src comp="5345" pin="1"/><net_sink comp="880" pin=0"/></net>

<net id="5353"><net_src comp="880" pin="2"/><net_sink comp="5350" pin=0"/></net>

<net id="5354"><net_src comp="5350" pin="1"/><net_sink comp="880" pin=0"/></net>

<net id="5358"><net_src comp="880" pin="2"/><net_sink comp="5355" pin=0"/></net>

<net id="5359"><net_src comp="5355" pin="1"/><net_sink comp="880" pin=0"/></net>

<net id="5363"><net_src comp="880" pin="2"/><net_sink comp="5360" pin=0"/></net>

<net id="5364"><net_src comp="5360" pin="1"/><net_sink comp="880" pin=0"/></net>

<net id="5368"><net_src comp="880" pin="2"/><net_sink comp="5365" pin=0"/></net>

<net id="5369"><net_src comp="5365" pin="1"/><net_sink comp="880" pin=0"/></net>

<net id="5373"><net_src comp="3399" pin="3"/><net_sink comp="5370" pin=0"/></net>

<net id="5374"><net_src comp="5370" pin="1"/><net_sink comp="848" pin=1"/></net>

<net id="5375"><net_src comp="5370" pin="1"/><net_sink comp="854" pin=1"/></net>

<net id="5376"><net_src comp="5370" pin="1"/><net_sink comp="860" pin=1"/></net>

<net id="5377"><net_src comp="5370" pin="1"/><net_sink comp="866" pin=1"/></net>

</net_list>

</model> 
---------------- Datapath Model END ------------------

* FSMD analyzer results:
  - Output states:
	Port: feat1 | {146 }
	Port: feat1_61 | {146 }
	Port: feat1_62 | {146 }
	Port: feat1_63 | {146 }
 - Input state : 
	Port: conv1 : local_img | {3 4 5 6 7 8 9 10 11 12 }
	Port: conv1 : local_img_60 | {3 4 5 6 7 8 }
	Port: conv1 : b1_local | {1 }
	Port: conv1 : b1_local_10 | {1 }
	Port: conv1 : b1_local_11 | {1 }
	Port: conv1 : b1_local_12 | {1 }
	Port: conv1 : b1_local_13 | {1 }
	Port: conv1 : b1_local_14 | {1 }
	Port: conv1 : b1_local_15 | {1 }
	Port: conv1 : b1_local_16 | {1 }
	Port: conv1 : w1_local | {1 }
	Port: conv1 : p_ZZ9cnn_accelE8w1_local_27 | {1 }
	Port: conv1 : p_ZZ9cnn_accelE8w1_local_54 | {1 }
	Port: conv1 : p_ZZ9cnn_accelE8w1_local_81 | {1 }
	Port: conv1 : p_ZZ9cnn_accelE8w1_local_108 | {1 }
	Port: conv1 : p_ZZ9cnn_accelE8w1_local_135 | {1 }
	Port: conv1 : p_ZZ9cnn_accelE8w1_local_162 | {1 }
	Port: conv1 : p_ZZ9cnn_accelE8w1_local_189 | {1 }
	Port: conv1 : w1_local_9 | {1 }
	Port: conv1 : p_ZZ9cnn_accelE8w1_local_36 | {1 }
	Port: conv1 : p_ZZ9cnn_accelE8w1_local_63 | {1 }
	Port: conv1 : p_ZZ9cnn_accelE8w1_local_90 | {1 }
	Port: conv1 : p_ZZ9cnn_accelE8w1_local_117 | {1 }
	Port: conv1 : p_ZZ9cnn_accelE8w1_local_144 | {1 }
	Port: conv1 : p_ZZ9cnn_accelE8w1_local_171 | {1 }
	Port: conv1 : p_ZZ9cnn_accelE8w1_local_198 | {1 }
	Port: conv1 : p_ZZ9cnn_accelE8w1_local_18 | {1 }
	Port: conv1 : p_ZZ9cnn_accelE8w1_local_45 | {1 }
	Port: conv1 : p_ZZ9cnn_accelE8w1_local_72 | {1 }
	Port: conv1 : p_ZZ9cnn_accelE8w1_local_99 | {1 }
	Port: conv1 : p_ZZ9cnn_accelE8w1_local_126 | {1 }
	Port: conv1 : p_ZZ9cnn_accelE8w1_local_153 | {1 }
	Port: conv1 : p_ZZ9cnn_accelE8w1_local_180 | {1 }
	Port: conv1 : p_ZZ9cnn_accelE8w1_local_207 | {1 }
	Port: conv1 : w1_local_1 | {1 }
	Port: conv1 : p_ZZ9cnn_accelE8w1_local_28 | {1 }
	Port: conv1 : p_ZZ9cnn_accelE8w1_local_55 | {1 }
	Port: conv1 : p_ZZ9cnn_accelE8w1_local_82 | {1 }
	Port: conv1 : p_ZZ9cnn_accelE8w1_local_109 | {1 }
	Port: conv1 : p_ZZ9cnn_accelE8w1_local_136 | {1 }
	Port: conv1 : p_ZZ9cnn_accelE8w1_local_163 | {1 }
	Port: conv1 : p_ZZ9cnn_accelE8w1_local_190 | {1 }
	Port: conv1 : p_ZZ9cnn_accelE8w1_local_10 | {1 }
	Port: conv1 : p_ZZ9cnn_accelE8w1_local_37 | {1 }
	Port: conv1 : p_ZZ9cnn_accelE8w1_local_64 | {1 }
	Port: conv1 : p_ZZ9cnn_accelE8w1_local_91 | {1 }
	Port: conv1 : p_ZZ9cnn_accelE8w1_local_118 | {1 }
	Port: conv1 : p_ZZ9cnn_accelE8w1_local_145 | {1 }
	Port: conv1 : p_ZZ9cnn_accelE8w1_local_172 | {1 }
	Port: conv1 : p_ZZ9cnn_accelE8w1_local_199 | {1 }
	Port: conv1 : p_ZZ9cnn_accelE8w1_local_19 | {1 }
	Port: conv1 : p_ZZ9cnn_accelE8w1_local_46 | {1 }
	Port: conv1 : p_ZZ9cnn_accelE8w1_local_73 | {1 }
	Port: conv1 : p_ZZ9cnn_accelE8w1_local_100 | {1 }
	Port: conv1 : p_ZZ9cnn_accelE8w1_local_127 | {1 }
	Port: conv1 : p_ZZ9cnn_accelE8w1_local_154 | {1 }
	Port: conv1 : p_ZZ9cnn_accelE8w1_local_181 | {1 }
	Port: conv1 : p_ZZ9cnn_accelE8w1_local_208 | {1 }
	Port: conv1 : w1_local_2 | {1 }
	Port: conv1 : p_ZZ9cnn_accelE8w1_local_29 | {1 }
	Port: conv1 : p_ZZ9cnn_accelE8w1_local_56 | {1 }
	Port: conv1 : p_ZZ9cnn_accelE8w1_local_83 | {1 }
	Port: conv1 : p_ZZ9cnn_accelE8w1_local_110 | {1 }
	Port: conv1 : p_ZZ9cnn_accelE8w1_local_137 | {1 }
	Port: conv1 : p_ZZ9cnn_accelE8w1_local_164 | {1 }
	Port: conv1 : p_ZZ9cnn_accelE8w1_local_191 | {1 }
	Port: conv1 : p_ZZ9cnn_accelE8w1_local_11 | {1 }
	Port: conv1 : p_ZZ9cnn_accelE8w1_local_38 | {1 }
	Port: conv1 : p_ZZ9cnn_accelE8w1_local_65 | {1 }
	Port: conv1 : p_ZZ9cnn_accelE8w1_local_92 | {1 }
	Port: conv1 : p_ZZ9cnn_accelE8w1_local_119 | {1 }
	Port: conv1 : p_ZZ9cnn_accelE8w1_local_146 | {1 }
	Port: conv1 : p_ZZ9cnn_accelE8w1_local_173 | {1 }
	Port: conv1 : p_ZZ9cnn_accelE8w1_local_200 | {1 }
	Port: conv1 : p_ZZ9cnn_accelE8w1_local_20 | {1 }
	Port: conv1 : p_ZZ9cnn_accelE8w1_local_47 | {1 }
	Port: conv1 : p_ZZ9cnn_accelE8w1_local_74 | {1 }
	Port: conv1 : p_ZZ9cnn_accelE8w1_local_101 | {1 }
	Port: conv1 : p_ZZ9cnn_accelE8w1_local_128 | {1 }
	Port: conv1 : p_ZZ9cnn_accelE8w1_local_155 | {1 }
	Port: conv1 : p_ZZ9cnn_accelE8w1_local_182 | {1 }
	Port: conv1 : p_ZZ9cnn_accelE8w1_local_209 | {1 }
	Port: conv1 : w1_local_3 | {1 }
	Port: conv1 : p_ZZ9cnn_accelE8w1_local_30 | {1 }
	Port: conv1 : p_ZZ9cnn_accelE8w1_local_57 | {1 }
	Port: conv1 : p_ZZ9cnn_accelE8w1_local_84 | {1 }
	Port: conv1 : p_ZZ9cnn_accelE8w1_local_111 | {1 }
	Port: conv1 : p_ZZ9cnn_accelE8w1_local_138 | {1 }
	Port: conv1 : p_ZZ9cnn_accelE8w1_local_165 | {1 }
	Port: conv1 : p_ZZ9cnn_accelE8w1_local_192 | {1 }
	Port: conv1 : p_ZZ9cnn_accelE8w1_local_12 | {1 }
	Port: conv1 : p_ZZ9cnn_accelE8w1_local_39 | {1 }
	Port: conv1 : p_ZZ9cnn_accelE8w1_local_66 | {1 }
	Port: conv1 : p_ZZ9cnn_accelE8w1_local_93 | {1 }
	Port: conv1 : p_ZZ9cnn_accelE8w1_local_120 | {1 }
	Port: conv1 : p_ZZ9cnn_accelE8w1_local_147 | {1 }
	Port: conv1 : p_ZZ9cnn_accelE8w1_local_174 | {1 }
	Port: conv1 : p_ZZ9cnn_accelE8w1_local_201 | {1 }
	Port: conv1 : p_ZZ9cnn_accelE8w1_local_21 | {1 }
	Port: conv1 : p_ZZ9cnn_accelE8w1_local_48 | {1 }
	Port: conv1 : p_ZZ9cnn_accelE8w1_local_75 | {1 }
	Port: conv1 : p_ZZ9cnn_accelE8w1_local_102 | {1 }
	Port: conv1 : p_ZZ9cnn_accelE8w1_local_129 | {1 }
	Port: conv1 : p_ZZ9cnn_accelE8w1_local_156 | {1 }
	Port: conv1 : p_ZZ9cnn_accelE8w1_local_183 | {1 }
	Port: conv1 : p_ZZ9cnn_accelE8w1_local_210 | {1 }
	Port: conv1 : w1_local_4 | {1 }
	Port: conv1 : p_ZZ9cnn_accelE8w1_local_31 | {1 }
	Port: conv1 : p_ZZ9cnn_accelE8w1_local_58 | {1 }
	Port: conv1 : p_ZZ9cnn_accelE8w1_local_85 | {1 }
	Port: conv1 : p_ZZ9cnn_accelE8w1_local_112 | {1 }
	Port: conv1 : p_ZZ9cnn_accelE8w1_local_139 | {1 }
	Port: conv1 : p_ZZ9cnn_accelE8w1_local_166 | {1 }
	Port: conv1 : p_ZZ9cnn_accelE8w1_local_193 | {1 }
	Port: conv1 : p_ZZ9cnn_accelE8w1_local_13 | {1 }
	Port: conv1 : p_ZZ9cnn_accelE8w1_local_40 | {1 }
	Port: conv1 : p_ZZ9cnn_accelE8w1_local_67 | {1 }
	Port: conv1 : p_ZZ9cnn_accelE8w1_local_94 | {1 }
	Port: conv1 : p_ZZ9cnn_accelE8w1_local_121 | {1 }
	Port: conv1 : p_ZZ9cnn_accelE8w1_local_148 | {1 }
	Port: conv1 : p_ZZ9cnn_accelE8w1_local_175 | {1 }
	Port: conv1 : p_ZZ9cnn_accelE8w1_local_202 | {1 }
	Port: conv1 : p_ZZ9cnn_accelE8w1_local_22 | {1 }
	Port: conv1 : p_ZZ9cnn_accelE8w1_local_49 | {1 }
	Port: conv1 : p_ZZ9cnn_accelE8w1_local_76 | {1 }
	Port: conv1 : p_ZZ9cnn_accelE8w1_local_103 | {1 }
	Port: conv1 : p_ZZ9cnn_accelE8w1_local_130 | {1 }
	Port: conv1 : p_ZZ9cnn_accelE8w1_local_157 | {1 }
	Port: conv1 : p_ZZ9cnn_accelE8w1_local_184 | {1 }
	Port: conv1 : p_ZZ9cnn_accelE8w1_local_211 | {1 }
	Port: conv1 : w1_local_5 | {1 }
	Port: conv1 : p_ZZ9cnn_accelE8w1_local_32 | {1 }
	Port: conv1 : p_ZZ9cnn_accelE8w1_local_59 | {1 }
	Port: conv1 : p_ZZ9cnn_accelE8w1_local_86 | {1 }
	Port: conv1 : p_ZZ9cnn_accelE8w1_local_113 | {1 }
	Port: conv1 : p_ZZ9cnn_accelE8w1_local_140 | {1 }
	Port: conv1 : p_ZZ9cnn_accelE8w1_local_167 | {1 }
	Port: conv1 : p_ZZ9cnn_accelE8w1_local_194 | {1 }
	Port: conv1 : p_ZZ9cnn_accelE8w1_local_14 | {1 }
	Port: conv1 : p_ZZ9cnn_accelE8w1_local_41 | {1 }
	Port: conv1 : p_ZZ9cnn_accelE8w1_local_68 | {1 }
	Port: conv1 : p_ZZ9cnn_accelE8w1_local_95 | {1 }
	Port: conv1 : p_ZZ9cnn_accelE8w1_local_122 | {1 }
	Port: conv1 : p_ZZ9cnn_accelE8w1_local_149 | {1 }
	Port: conv1 : p_ZZ9cnn_accelE8w1_local_176 | {1 }
	Port: conv1 : p_ZZ9cnn_accelE8w1_local_203 | {1 }
	Port: conv1 : p_ZZ9cnn_accelE8w1_local_23 | {1 }
	Port: conv1 : p_ZZ9cnn_accelE8w1_local_50 | {1 }
	Port: conv1 : p_ZZ9cnn_accelE8w1_local_77 | {1 }
	Port: conv1 : p_ZZ9cnn_accelE8w1_local_104 | {1 }
	Port: conv1 : p_ZZ9cnn_accelE8w1_local_131 | {1 }
	Port: conv1 : p_ZZ9cnn_accelE8w1_local_158 | {1 }
	Port: conv1 : p_ZZ9cnn_accelE8w1_local_185 | {1 }
	Port: conv1 : p_ZZ9cnn_accelE8w1_local_212 | {1 }
	Port: conv1 : w1_local_6 | {1 }
	Port: conv1 : p_ZZ9cnn_accelE8w1_local_33 | {1 }
	Port: conv1 : p_ZZ9cnn_accelE8w1_local_60 | {1 }
	Port: conv1 : p_ZZ9cnn_accelE8w1_local_87 | {1 }
	Port: conv1 : p_ZZ9cnn_accelE8w1_local_114 | {1 }
	Port: conv1 : p_ZZ9cnn_accelE8w1_local_141 | {1 }
	Port: conv1 : p_ZZ9cnn_accelE8w1_local_168 | {1 }
	Port: conv1 : p_ZZ9cnn_accelE8w1_local_195 | {1 }
	Port: conv1 : p_ZZ9cnn_accelE8w1_local_15 | {1 }
	Port: conv1 : p_ZZ9cnn_accelE8w1_local_42 | {1 }
	Port: conv1 : p_ZZ9cnn_accelE8w1_local_69 | {1 }
	Port: conv1 : p_ZZ9cnn_accelE8w1_local_96 | {1 }
	Port: conv1 : p_ZZ9cnn_accelE8w1_local_123 | {1 }
	Port: conv1 : p_ZZ9cnn_accelE8w1_local_150 | {1 }
	Port: conv1 : p_ZZ9cnn_accelE8w1_local_177 | {1 }
	Port: conv1 : p_ZZ9cnn_accelE8w1_local_204 | {1 }
	Port: conv1 : p_ZZ9cnn_accelE8w1_local_24 | {1 }
	Port: conv1 : p_ZZ9cnn_accelE8w1_local_51 | {1 }
	Port: conv1 : p_ZZ9cnn_accelE8w1_local_78 | {1 }
	Port: conv1 : p_ZZ9cnn_accelE8w1_local_105 | {1 }
	Port: conv1 : p_ZZ9cnn_accelE8w1_local_132 | {1 }
	Port: conv1 : p_ZZ9cnn_accelE8w1_local_159 | {1 }
	Port: conv1 : p_ZZ9cnn_accelE8w1_local_186 | {1 }
	Port: conv1 : p_ZZ9cnn_accelE8w1_local_213 | {1 }
	Port: conv1 : w1_local_7 | {1 }
	Port: conv1 : p_ZZ9cnn_accelE8w1_local_34 | {1 }
	Port: conv1 : p_ZZ9cnn_accelE8w1_local_61 | {1 }
	Port: conv1 : p_ZZ9cnn_accelE8w1_local_88 | {1 }
	Port: conv1 : p_ZZ9cnn_accelE8w1_local_115 | {1 }
	Port: conv1 : p_ZZ9cnn_accelE8w1_local_142 | {1 }
	Port: conv1 : p_ZZ9cnn_accelE8w1_local_169 | {1 }
	Port: conv1 : p_ZZ9cnn_accelE8w1_local_196 | {1 }
	Port: conv1 : p_ZZ9cnn_accelE8w1_local_16 | {1 }
	Port: conv1 : p_ZZ9cnn_accelE8w1_local_43 | {1 }
	Port: conv1 : p_ZZ9cnn_accelE8w1_local_70 | {1 }
	Port: conv1 : p_ZZ9cnn_accelE8w1_local_97 | {1 }
	Port: conv1 : p_ZZ9cnn_accelE8w1_local_124 | {1 }
	Port: conv1 : p_ZZ9cnn_accelE8w1_local_151 | {1 }
	Port: conv1 : p_ZZ9cnn_accelE8w1_local_178 | {1 }
	Port: conv1 : p_ZZ9cnn_accelE8w1_local_205 | {1 }
	Port: conv1 : p_ZZ9cnn_accelE8w1_local_25 | {1 }
	Port: conv1 : p_ZZ9cnn_accelE8w1_local_52 | {1 }
	Port: conv1 : p_ZZ9cnn_accelE8w1_local_79 | {1 }
	Port: conv1 : p_ZZ9cnn_accelE8w1_local_106 | {1 }
	Port: conv1 : p_ZZ9cnn_accelE8w1_local_133 | {1 }
	Port: conv1 : p_ZZ9cnn_accelE8w1_local_160 | {1 }
	Port: conv1 : p_ZZ9cnn_accelE8w1_local_187 | {1 }
	Port: conv1 : p_ZZ9cnn_accelE8w1_local_214 | {1 }
	Port: conv1 : w1_local_8 | {1 }
	Port: conv1 : p_ZZ9cnn_accelE8w1_local_35 | {1 }
	Port: conv1 : p_ZZ9cnn_accelE8w1_local_62 | {1 }
	Port: conv1 : p_ZZ9cnn_accelE8w1_local_89 | {1 }
	Port: conv1 : p_ZZ9cnn_accelE8w1_local_116 | {1 }
	Port: conv1 : p_ZZ9cnn_accelE8w1_local_143 | {1 }
	Port: conv1 : p_ZZ9cnn_accelE8w1_local_170 | {1 }
	Port: conv1 : p_ZZ9cnn_accelE8w1_local_197 | {1 }
	Port: conv1 : p_ZZ9cnn_accelE8w1_local_17 | {1 }
	Port: conv1 : p_ZZ9cnn_accelE8w1_local_44 | {1 }
	Port: conv1 : p_ZZ9cnn_accelE8w1_local_71 | {1 }
	Port: conv1 : p_ZZ9cnn_accelE8w1_local_98 | {1 }
	Port: conv1 : p_ZZ9cnn_accelE8w1_local_125 | {1 }
	Port: conv1 : p_ZZ9cnn_accelE8w1_local_152 | {1 }
	Port: conv1 : p_ZZ9cnn_accelE8w1_local_179 | {1 }
	Port: conv1 : p_ZZ9cnn_accelE8w1_local_206 | {1 }
	Port: conv1 : p_ZZ9cnn_accelE8w1_local_26 | {1 }
	Port: conv1 : p_ZZ9cnn_accelE8w1_local_53 | {1 }
	Port: conv1 : p_ZZ9cnn_accelE8w1_local_80 | {1 }
	Port: conv1 : p_ZZ9cnn_accelE8w1_local_107 | {1 }
	Port: conv1 : p_ZZ9cnn_accelE8w1_local_134 | {1 }
	Port: conv1 : p_ZZ9cnn_accelE8w1_local_161 | {1 }
	Port: conv1 : p_ZZ9cnn_accelE8w1_local_188 | {1 }
	Port: conv1 : p_ZZ9cnn_accelE8w1_local_215 | {1 }
  - Chain level:
	State 1
		store_ln0 : 1
		store_ln213 : 1
		store_ln0 : 1
		store_ln214 : 1
		store_ln215 : 1
	State 2
		icmp_ln213 : 1
		add_ln213 : 1
		br_ln213 : 2
		icmp_ln214 : 1
		select_ln213 : 2
		indvars_iv_next142_i_mid1 : 1
		indvars_iv_next142_i184 : 1
		select_ln213_1 : 2
		indvars_iv_next138_i192 : 1
		select_ln213_2 : 2
		xor_ln213 : 2
		icmp_ln215 : 1
		and_ln213 : 2
		select_ln213_3 : 2
		indvars_iv_next138_i_dup : 3
		empty : 2
		m_mid2 : 2
		indvars_iv_next138_i_mid1 : 3
		indvars_iv_next138_i_mid2 : 2
		select_ln214 : 2
		trunc_ln215 : 3
		trunc_ln215_1 : 3
		trunc_ln215_3 : 3
		switch_ln228 : 4
		add_ln215 : 3
		add_ln214 : 1
		select_ln214_1 : 2
		store_ln213 : 2
		store_ln213 : 3
		store_ln214 : 3
		store_ln214 : 3
		store_ln215 : 4
	State 3
		p_shl261 : 1
		p_shl262 : 1
		empty_227 : 2
		empty_231 : 3
		tmp_56 : 4
		p_cast209 : 5
		local_img_addr : 6
		tmp_49 : 4
		tmp_77_cast : 5
		local_img_addr_1 : 6
		local_img_60_addr : 6
		empty_234 : 3
		tmp_61 : 4
		p_cast212 : 5
		local_img_60_addr_1 : 6
		local_img_load : 7
		local_img_load_1 : 7
		local_img_60_load : 7
		local_img_60_load_1 : 7
	State 4
		p_shl259 : 1
		p_shl260 : 1
		empty_228 : 2
		empty_232 : 3
		tmp_57 : 4
		p_cast210 : 5
		local_img_60_addr_3 : 6
		tmp_86_cast : 1
		local_img_addr_3 : 2
		local_img_load_2 : 1
		local_img_load_3 : 3
		p_cast203 : 1
		empty_238 : 2
		tmp_67 : 3
		p_cast215 : 4
		local_img_60_addr_2 : 5
		local_img_60_load_2 : 6
		local_img_60_load_3 : 7
	State 5
		mul_ln228 : 1
		tmp_63 : 1
		p_cast213 : 2
		local_img_60_addr_4 : 3
		tmp_95_cast : 1
		local_img_addr_5 : 2
		tmp_69 : 1
		p_cast216 : 2
		local_img_60_addr_5 : 3
		local_img_load_4 : 1
		local_img_load_5 : 3
		local_img_60_load_4 : 4
		local_img_60_load_5 : 4
		mul_i : 1
		mul35_i : 1
		mul35_11_i : 1
	State 6
		p_shl : 1
		p_shl258 : 1
		empty_230 : 2
		tmp_80_cast : 1
		local_img_addr_7 : 2
		empty_233 : 3
		tmp_59 : 4
		p_cast211 : 5
		local_img_60_addr_6 : 6
		empty_236 : 3
		tmp_65 : 4
		p_cast214 : 5
		local_img_60_addr_7 : 6
		empty_240 : 3
		local_img_load_6 : 1
		local_img_load_7 : 3
		local_img_60_load_6 : 7
		local_img_60_load_7 : 7
		mul35_12_i : 1
		mul35_161_1_i : 1
		mul35_161_2_i : 1
	State 7
		add_ln228 : 1
		tmp_89_cast : 1
		local_img_addr_9 : 2
		p_cast217 : 1
		local_img_60_addr_8 : 2
		local_img_load_8 : 1
		local_img_load_9 : 3
		local_img_60_load_8 : 3
		mul35_13_i : 1
		mul35_271_1_i : 1
		mul35_271_2_i : 1
	State 8
		tmp_98_cast : 1
		local_img_addr_11 : 2
		local_img_load_10 : 1
		local_img_load_11 : 3
		mul35_1_i : 1
		mul35_1_i_242 : 1
		mul35_1_9_i : 1
	State 9
		tmp_83_cast : 1
		local_img_addr_13 : 2
		local_img_load_12 : 1
		local_img_load_13 : 3
		mul35_1_1_i : 1
		mul35_1_1_1_i : 1
		mul35_1_1_2_i : 1
	State 10
		tmp_92_cast : 1
		local_img_addr_15 : 2
		local_img_load_14 : 1
		local_img_load_15 : 3
		mul35_1_2_i : 1
		mul35_1_2_1_i : 1
		mul35_1_2_2_i : 1
	State 11
		tmp_101_cast : 1
		local_img_addr_17 : 2
		local_img_load_16 : 1
		local_img_load_17 : 3
		mul35_2_i : 1
		mul35_2_i_243 : 1
		mul35_2_9_i : 1
	State 12
		mul35_2_1_i : 1
		mul35_2_1_1_i : 1
		mul35_2_1_2_i : 1
	State 13
		mul35_2_2_i : 1
		mul35_2_2_1_i : 1
		mul35_2_2_2_i : 1
	State 14
	State 15
	State 16
	State 17
	State 18
	State 19
	State 20
	State 21
	State 22
	State 23
	State 24
	State 25
	State 26
	State 27
	State 28
	State 29
	State 30
	State 31
	State 32
	State 33
	State 34
	State 35
	State 36
	State 37
	State 38
	State 39
	State 40
	State 41
	State 42
	State 43
	State 44
	State 45
	State 46
	State 47
	State 48
	State 49
	State 50
	State 51
	State 52
	State 53
	State 54
	State 55
	State 56
	State 57
	State 58
	State 59
	State 60
	State 61
	State 62
	State 63
	State 64
	State 65
	State 66
	State 67
	State 68
	State 69
	State 70
	State 71
	State 72
	State 73
	State 74
	State 75
	State 76
	State 77
	State 78
	State 79
	State 80
	State 81
	State 82
	State 83
	State 84
	State 85
	State 86
	State 87
	State 88
	State 89
	State 90
	State 91
	State 92
	State 93
	State 94
	State 95
	State 96
	State 97
	State 98
	State 99
	State 100
	State 101
	State 102
	State 103
	State 104
	State 105
	State 106
	State 107
	State 108
	State 109
	State 110
	State 111
	State 112
	State 113
	State 114
	State 115
	State 116
	State 117
	State 118
	State 119
	State 120
	State 121
	State 122
	State 123
	State 124
	State 125
	State 126
	State 127
	State 128
	State 129
	State 130
	State 131
	State 132
	State 133
	State 134
	State 135
	State 136
	State 137
	State 138
	State 139
	State 140
	State 141
	State 142
	State 143
	State 144
	State 145
		tmp : 1
		trunc_ln228 : 1
		icmp_ln228 : 2
		icmp_ln228_1 : 2
		or_ln228 : 3
		and_ln228 : 3
		select_ln228 : 3
	State 146
		zext_ln228_1 : 1
		feat1_addr : 2
		feat1_61_addr : 2
		feat1_62_addr : 2
		feat1_63_addr : 2
		store_ln228 : 3
		store_ln228 : 3
		store_ln228 : 3
		store_ln228 : 3
	State 147


============================================================
+ Verbose Summary: Datapath Resource usage 
============================================================

* Functional unit list:
|----------|----------------------------------------|---------|---------|---------|
| Operation|             Functional Unit            |   DSP   |    FF   |   LUT   |
|----------|----------------------------------------|---------|---------|---------|
|          |               grp_fu_872               |    2    |   205   |   203   |
|   fadd   |               grp_fu_876               |    2    |   205   |   203   |
|          |               grp_fu_880               |    2    |   205   |   203   |
|----------|----------------------------------------|---------|---------|---------|
|          |              tmp_i_fu_2309             |    0    |    0    |    33   |
|          |            tmp_i_241_fu_2341           |    0    |    0    |    33   |
|          |            tmp_71_i_fu_2373            |    0    |    0    |    33   |
|          |            tmp_72_i_fu_2486            |    0    |    0    |    33   |
|          |            tmp_73_i_fu_2518            |    0    |    0    |    33   |
|          |            tmp_74_i_fu_2550            |    0    |    0    |    33   |
|          |            tmp_75_i_fu_2606            |    0    |    0    |    33   |
|          |            tmp_76_i_fu_2638            |    0    |    0    |    33   |
|          |            tmp_77_i_fu_2670            |    0    |    0    |    33   |
|          |               acc_fu_2714              |    0    |    0    |    33   |
|          |            tmp_78_i_fu_2745            |    0    |    0    |    33   |
|          |            tmp_79_i_fu_2777            |    0    |    0    |    33   |
|          |            tmp_80_i_fu_2809            |    0    |    0    |    33   |
| sparsemux|            tmp_81_i_fu_2853            |    0    |    0    |    33   |
|          |            tmp_82_i_fu_2885            |    0    |    0    |    33   |
|          |            tmp_83_i_fu_2917            |    0    |    0    |    33   |
|          |            tmp_84_i_fu_2961            |    0    |    0    |    33   |
|          |            tmp_85_i_fu_2993            |    0    |    0    |    33   |
|          |            tmp_86_i_fu_3025            |    0    |    0    |    33   |
|          |            tmp_87_i_fu_3069            |    0    |    0    |    33   |
|          |            tmp_88_i_fu_3101            |    0    |    0    |    33   |
|          |            tmp_89_i_fu_3133            |    0    |    0    |    33   |
|          |            tmp_90_i_fu_3165            |    0    |    0    |    33   |
|          |            tmp_91_i_fu_3197            |    0    |    0    |    33   |
|          |            tmp_92_i_fu_3229            |    0    |    0    |    33   |
|          |            tmp_93_i_fu_3261            |    0    |    0    |    33   |
|          |            tmp_94_i_fu_3293            |    0    |    0    |    33   |
|          |            tmp_95_i_fu_3325            |    0    |    0    |    33   |
|----------|----------------------------------------|---------|---------|---------|
|          |               grp_fu_884               |    3    |   143   |   134   |
|   fmul   |               grp_fu_888               |    3    |   143   |   134   |
|          |               grp_fu_892               |    3    |   143   |   134   |
|----------|----------------------------------------|---------|---------|---------|
|          |            add_ln213_fu_1880           |    0    |    0    |    27   |
|          |    indvars_iv_next142_i_mid1_fu_1909   |    0    |    0    |    15   |
|          |     indvars_iv_next142_i184_fu_1915    |    0    |    0    |    15   |
|          |     indvars_iv_next138_i192_fu_1929    |    0    |    0    |    16   |
|          |    indvars_iv_next138_i_dup_fu_1969    |    0    |    0    |    16   |
|          |    indvars_iv_next138_i_mid1_fu_1989   |    0    |    0    |    16   |
|          |            add_ln215_fu_2039           |    0    |    0    |    13   |
|          |            add_ln214_fu_2045           |    0    |    0    |    20   |
|          |            empty_227_fu_2106           |    0    |    0    |    23   |
|          |            empty_231_fu_2115           |    0    |    0    |    24   |
|    add   |            empty_234_fu_2151           |    0    |    0    |    24   |
|          |            empty_228_fu_2192           |    0    |    0    |    23   |
|          |            empty_232_fu_2198           |    0    |    0    |    24   |
|          |            empty_237_fu_2228           |    0    |    0    |    16   |
|          |            empty_238_fu_2237           |    0    |    0    |    24   |
|          |            empty_229_fu_2258           |    0    |    0    |    15   |
|          |            empty_235_fu_2263           |    0    |    0    |    24   |
|          |            empty_239_fu_2292           |    0    |    0    |    24   |
|          |            empty_230_fu_2427           |    0    |    0    |    23   |
|          |            empty_233_fu_2445           |    0    |    0    |    24   |
|          |            empty_236_fu_2463           |    0    |    0    |    24   |
|          |            empty_240_fu_2481           |    0    |    0    |    24   |
|----------|----------------------------------------|---------|---------|---------|
|          |           icmp_ln213_fu_1874           |    0    |    0    |    27   |
|          |           icmp_ln214_fu_1895           |    0    |    0    |    20   |
|   icmp   |           icmp_ln215_fu_1949           |    0    |    0    |    13   |
|          |           icmp_ln228_fu_3375           |    0    |    0    |    15   |
|          |          icmp_ln228_1_fu_3381          |    0    |    0    |    30   |
|----------|----------------------------------------|---------|---------|---------|
|          |          select_ln213_fu_1901          |    0    |    0    |    9    |
|          |         select_ln213_1_fu_1921         |    0    |    0    |    8    |
|          |         select_ln213_2_fu_1935         |    0    |    0    |    9    |
|          |         select_ln213_3_fu_1961         |    0    |    0    |    8    |
|  select  |             m_mid2_fu_1981             |    0    |    0    |    4    |
|          |    indvars_iv_next138_i_mid2_fu_1995   |    0    |    0    |    9    |
|          |          select_ln214_fu_2003          |    0    |    0    |    9    |
|          |         select_ln214_1_fu_2051         |    0    |    0    |    13   |
|          |          select_ln228_fu_3399          |    0    |    0    |    32   |
|----------|----------------------------------------|---------|---------|---------|
|    and   |            and_ln213_fu_1955           |    0    |    0    |    2    |
|          |            and_ln228_fu_3393           |    0    |    0    |    2    |
|----------|----------------------------------------|---------|---------|---------|
|    or    |              empty_fu_1975             |    0    |    0    |    2    |
|          |            or_ln228_fu_3387            |    0    |    0    |    2    |
|----------|----------------------------------------|---------|---------|---------|
|    xor   |            xor_ln213_fu_1943           |    0    |    0    |    2    |
|----------|----------------------------------------|---------|---------|---------|
|  muladd  |               grp_fu_3421              |    1    |    0    |    0    |
|----------|----------------------------------------|---------|---------|---------|
|   fcmp   |               grp_fu_896               |    0    |    0    |    0    |
|----------|----------------------------------------|---------|---------|---------|
|          |           trunc_ln215_fu_2011          |    0    |    0    |    0    |
|   trunc  |          trunc_ln215_1_fu_2015         |    0    |    0    |    0    |
|          |           trunc_ln228_fu_3371          |    0    |    0    |    0    |
|----------|----------------------------------------|---------|---------|---------|
|partselect|          trunc_ln215_3_fu_2019         |    0    |    0    |    0    |
|          |               tmp_fu_3361              |    0    |    0    |    0    |
|----------|----------------------------------------|---------|---------|---------|
|  switch  |          switch_ln228_fu_2029          |    0    |    0    |    0    |
|----------|----------------------------------------|---------|---------|---------|
|          |             tmp_50_fu_2084             |    0    |    0    |    0    |
|          |             tmp_51_fu_2095             |    0    |    0    |    0    |
|          |             tmp_56_fu_2121             |    0    |    0    |    0    |
|          |             tmp_49_fu_2135             |    0    |    0    |    0    |
|          |             tmp_61_fu_2157             |    0    |    0    |    0    |
|          |             tmp_52_fu_2170             |    0    |    0    |    0    |
|          |             tmp_53_fu_2181             |    0    |    0    |    0    |
|          |             tmp_57_fu_2203             |    0    |    0    |    0    |
|          |             tmp_62_fu_2216             |    0    |    0    |    0    |
|          |             tmp_67_fu_2242             |    0    |    0    |    0    |
|          |             tmp_63_fu_2267             |    0    |    0    |    0    |
|          |             tmp_68_fu_2280             |    0    |    0    |    0    |
|bitconcatenate|             tmp_69_fu_2296             |    0    |    0    |    0    |
|          |             tmp_54_fu_2405             |    0    |    0    |    0    |
|          |             tmp_55_fu_2416             |    0    |    0    |    0    |
|          |             tmp_58_fu_2433             |    0    |    0    |    0    |
|          |             tmp_59_fu_2450             |    0    |    0    |    0    |
|          |             tmp_65_fu_2468             |    0    |    0    |    0    |
|          |             tmp_64_fu_2582             |    0    |    0    |    0    |
|          |             tmp_71_fu_2594             |    0    |    0    |    0    |
|          |             tmp_70_fu_2702             |    0    |    0    |    0    |
|          |             tmp_60_fu_2841             |    0    |    0    |    0    |
|          |             tmp_66_fu_2949             |    0    |    0    |    0    |
|          |             tmp_72_fu_3057             |    0    |    0    |    0    |
|          |             tmp_73_fu_3407             |    0    |    0    |    0    |
|----------|----------------------------------------|---------|---------|---------|
|          |            p_shl261_fu_2091            |    0    |    0    |    0    |
|          |            p_shl262_fu_2102            |    0    |    0    |    0    |
|          |           zext_ln228_fu_2112           |    0    |    0    |    0    |
|          |            p_cast209_fu_2129           |    0    |    0    |    0    |
|          |           tmp_77_cast_fu_2143          |    0    |    0    |    0    |
|          | indvars_iv_next138_i_mid2_cast_fu_2148 |    0    |    0    |    0    |
|          |            p_cast212_fu_2165           |    0    |    0    |    0    |
|          |            p_shl259_fu_2177            |    0    |    0    |    0    |
|          |            p_shl260_fu_2188            |    0    |    0    |    0    |
|          |            p_cast210_fu_2211           |    0    |    0    |    0    |
|          |           tmp_86_cast_fu_2223          |    0    |    0    |    0    |
|          |            p_cast203_fu_2233           |    0    |    0    |    0    |
|          |            p_cast215_fu_2250           |    0    |    0    |    0    |
|          |     select_ln213_3_cast195_fu_2255     |    0    |    0    |    0    |
|   zext   |            p_cast213_fu_2275           |    0    |    0    |    0    |
|          |           tmp_95_cast_fu_2287          |    0    |    0    |    0    |
|          |            p_cast216_fu_2304           |    0    |    0    |    0    |
|          |              p_shl_fu_2412             |    0    |    0    |    0    |
|          |            p_shl258_fu_2423            |    0    |    0    |    0    |
|          |           tmp_80_cast_fu_2440          |    0    |    0    |    0    |
|          |            p_cast211_fu_2458           |    0    |    0    |    0    |
|          |            p_cast214_fu_2476           |    0    |    0    |    0    |
|          |           tmp_89_cast_fu_2589          |    0    |    0    |    0    |
|          |            p_cast217_fu_2601           |    0    |    0    |    0    |
|          |           tmp_98_cast_fu_2709          |    0    |    0    |    0    |
|          |           tmp_83_cast_fu_2848          |    0    |    0    |    0    |
|          |           tmp_92_cast_fu_2956          |    0    |    0    |    0    |
|          |          tmp_101_cast_fu_3064          |    0    |    0    |    0    |
|          |          zext_ln228_1_fu_3413          |    0    |    0    |    0    |
|----------|----------------------------------------|---------|---------|---------|
|   Total  |                                        |    16   |   1044  |   2605  |
|----------|----------------------------------------|---------|---------|---------|

Memories:
N/A

* Register list:
+------------------------------------------+--------+
|                                          |   FF   |
+------------------------------------------+--------+
|             acc_100_reg_5365             |   32   |
|              acc_75_reg_5170             |   32   |
|              acc_76_reg_5250             |   32   |
|              acc_77_reg_5255             |   32   |
|              acc_78_reg_5260             |   32   |
|              acc_79_reg_5265             |   32   |
|              acc_80_reg_5270             |   32   |
|              acc_81_reg_5275             |   32   |
|              acc_82_reg_5280             |   32   |
|              acc_83_reg_5285             |   32   |
|              acc_84_reg_5290             |   32   |
|              acc_85_reg_5295             |   32   |
|              acc_86_reg_5300             |   32   |
|              acc_87_reg_5305             |   32   |
|              acc_88_reg_5310             |   32   |
|              acc_89_reg_5315             |   32   |
|              acc_90_reg_5320             |   32   |
|              acc_91_reg_5325             |   32   |
|              acc_92_reg_5330             |   32   |
|              acc_93_reg_5335             |   32   |
|              acc_94_reg_5340             |   32   |
|              acc_95_reg_5345             |   32   |
|              acc_97_reg_5350             |   32   |
|              acc_98_reg_5355             |   32   |
|              acc_99_reg_5360             |   32   |
|               acc_reg_4975               |   32   |
|            add_ln228_reg_4955            |   17   |
|         b1_local_10_load_reg_3468        |   32   |
|         b1_local_11_load_reg_3473        |   32   |
|         b1_local_12_load_reg_3478        |   32   |
|         b1_local_13_load_reg_3483        |   32   |
|         b1_local_14_load_reg_3488        |   32   |
|         b1_local_15_load_reg_3493        |   32   |
|         b1_local_16_load_reg_3498        |   32   |
|          b1_local_load_reg_3463          |   32   |
|      cnn_accel_w1_local_183_reg_3518     |   32   |
|      cnn_accel_w1_local_184_reg_3553     |   32   |
|      cnn_accel_w1_local_185_reg_3588     |   32   |
|      cnn_accel_w1_local_186_reg_3593     |   32   |
|      cnn_accel_w1_local_187_reg_3633     |   32   |
|      cnn_accel_w1_local_188_reg_3638     |   32   |
|      cnn_accel_w1_local_189_reg_3673     |   32   |
|      cnn_accel_w1_local_190_reg_3678     |   32   |
|      cnn_accel_w1_local_191_reg_3713     |   32   |
|      cnn_accel_w1_local_192_reg_3758     |   32   |
|      cnn_accel_w1_local_193_reg_3783     |   32   |
|      cnn_accel_w1_local_194_reg_3793     |   32   |
|      cnn_accel_w1_local_195_reg_3798     |   32   |
|      cnn_accel_w1_local_196_reg_3833     |   32   |
|      cnn_accel_w1_local_197_reg_3878     |   32   |
|      cnn_accel_w1_local_198_reg_3903     |   32   |
|      cnn_accel_w1_local_199_reg_3918     |   32   |
|      cnn_accel_w1_local_200_reg_3943     |   32   |
|      cnn_accel_w1_local_201_reg_3953     |   32   |
|      cnn_accel_w1_local_202_reg_3988     |   32   |
|      cnn_accel_w1_local_203_reg_3998     |   32   |
|      cnn_accel_w1_local_204_reg_4023     |   32   |
|      cnn_accel_w1_local_205_reg_4038     |   32   |
|      cnn_accel_w1_local_206_reg_4063     |   32   |
|      cnn_accel_w1_local_207_reg_4108     |   32   |
|      cnn_accel_w1_local_208_reg_4143     |   32   |
|      cnn_accel_w1_local_209_reg_4148     |   32   |
|      cnn_accel_w1_local_210_reg_4158     |   32   |
|      cnn_accel_w1_local_211_reg_4183     |   32   |
|      cnn_accel_w1_local_212_reg_4228     |   32   |
|      cnn_accel_w1_local_213_reg_4263     |   32   |
|      cnn_accel_w1_local_214_reg_4268     |   32   |
|      cnn_accel_w1_local_215_reg_4303     |   32   |
|      cnn_accel_w1_local_216_reg_4308     |   32   |
|      cnn_accel_w1_local_217_reg_4348     |   32   |
|      cnn_accel_w1_local_218_reg_4353     |   32   |
|      cnn_accel_w1_local_219_reg_4388     |   32   |
|      cnn_accel_w1_local_220_reg_4423     |   32   |
|      cnn_accel_w1_local_221_reg_4428     |   32   |
|      cnn_accel_w1_local_222_reg_4468     |   32   |
|      cnn_accel_w1_local_223_reg_4473     |   32   |
|      cnn_accel_w1_local_224_reg_4508     |   32   |
|      cnn_accel_w1_local_225_reg_4513     |   32   |
|      cnn_accel_w1_local_226_reg_4548     |   32   |
|        cnn_accel_w1_local_reg_3513       |   32   |
|            empty_227_reg_4653            |   17   |
|            empty_228_reg_4701            |   17   |
|            empty_229_reg_4768            |    8   |
|            empty_232_reg_4707            |   17   |
|            empty_233_reg_4849            |   17   |
|            empty_234_reg_4686            |   17   |
|            empty_235_reg_4774            |   17   |
|            empty_236_reg_4864            |   17   |
|            empty_238_reg_4748            |   17   |
|            empty_239_reg_4799            |   17   |
|            empty_240_reg_4879            |   17   |
|                i_reg_3449                |    8   |
|            icmp_ln213_reg_4583           |    1   |
|         indvar_flatten14_reg_3456        |   20   |
|          indvar_flatten_reg_3442         |   13   |
|  indvars_iv_next138_i_mid2_cast_reg_4680 |   17   |
|    indvars_iv_next138_i_mid2_reg_4601    |    9   |
|                j_reg_3435                |    9   |
|       local_img_60_addr_1_reg_4696       |   18   |
|       local_img_60_addr_2_reg_4758       |   18   |
|       local_img_60_addr_3_reg_4717       |   18   |
|       local_img_60_addr_4_reg_4784       |   18   |
|       local_img_60_addr_5_reg_4809       |   18   |
|       local_img_60_addr_6_reg_4859       |   18   |
|       local_img_60_addr_7_reg_4874       |   18   |
|       local_img_60_addr_8_reg_4925       |   18   |
|        local_img_60_addr_reg_4675        |   18   |
|       local_img_60_load_1_reg_4737       |   32   |
|       local_img_60_load_2_reg_4814       |   32   |
|       local_img_60_load_3_reg_4819       |   32   |
|       local_img_60_load_4_reg_4885       |   32   |
|       local_img_60_load_5_reg_4890       |   32   |
|       local_img_60_load_6_reg_4930       |   32   |
|       local_img_60_load_7_reg_4935       |   32   |
|       local_img_60_load_8_reg_4970       |   32   |
|        local_img_60_load_reg_4732        |   32   |
|        local_img_addr_10_reg_4960        |   18   |
|        local_img_addr_11_reg_4965        |   18   |
|        local_img_addr_12_reg_5010        |   18   |
|        local_img_addr_13_reg_5015        |   18   |
|        local_img_addr_14_reg_5050        |   18   |
|        local_img_addr_15_reg_5055        |   18   |
|        local_img_addr_16_reg_5090        |   18   |
|        local_img_addr_17_reg_5095        |   18   |
|         local_img_addr_1_reg_4670        |   18   |
|         local_img_addr_2_reg_4722        |   18   |
|         local_img_addr_3_reg_4727        |   18   |
|         local_img_addr_4_reg_4789        |   18   |
|         local_img_addr_5_reg_4794        |   18   |
|         local_img_addr_6_reg_4839        |   18   |
|         local_img_addr_7_reg_4844        |   18   |
|         local_img_addr_8_reg_4910        |   18   |
|         local_img_addr_9_reg_4915        |   18   |
|          local_img_addr_reg_4665         |   18   |
|        local_img_load_16_reg_5130        |   32   |
|        local_img_load_17_reg_5135        |   32   |
|                m_reg_3428                |    4   |
|            mul35_11_i_reg_4990           |   32   |
|            mul35_12_i_reg_5020           |   32   |
|            mul35_13_i_reg_5060           |   32   |
|          mul35_161_1_i_reg_5025          |   32   |
|          mul35_161_2_i_reg_5030          |   32   |
|          mul35_1_1_1_i_reg_5145          |   32   |
|          mul35_1_1_2_i_reg_5150          |   32   |
|           mul35_1_1_i_reg_5140           |   32   |
|          mul35_1_2_1_i_reg_5180          |   32   |
|          mul35_1_2_2_i_reg_5185          |   32   |
|           mul35_1_2_i_reg_5175           |   32   |
|           mul35_1_9_i_reg_5110           |   32   |
|          mul35_1_i_242_reg_5105          |   32   |
|            mul35_1_i_reg_5100            |   32   |
|          mul35_271_1_i_reg_5065          |   32   |
|          mul35_271_2_i_reg_5070          |   32   |
|          mul35_2_1_1_i_reg_5225          |   32   |
|          mul35_2_1_2_i_reg_5230          |   32   |
|           mul35_2_1_i_reg_5220           |   32   |
|          mul35_2_2_1_i_reg_5240          |   32   |
|          mul35_2_2_2_i_reg_5245          |   32   |
|           mul35_2_2_i_reg_5235           |   32   |
|           mul35_2_9_i_reg_5215           |   32   |
|          mul35_2_i_243_reg_5210          |   32   |
|            mul35_2_i_reg_5205            |   32   |
|             mul35_i_reg_4985             |   32   |
|              mul_i_reg_4980              |   32   |
|p_ZZ9cnn_accelE8w1_local_100_load_reg_3718|   32   |
|p_ZZ9cnn_accelE8w1_local_101_load_reg_3838|   32   |
|p_ZZ9cnn_accelE8w1_local_102_load_reg_3958|   32   |
|p_ZZ9cnn_accelE8w1_local_103_load_reg_4078|   32   |
|p_ZZ9cnn_accelE8w1_local_104_load_reg_4198|   32   |
|p_ZZ9cnn_accelE8w1_local_105_load_reg_4318|   32   |
|p_ZZ9cnn_accelE8w1_local_106_load_reg_4438|   32   |
|p_ZZ9cnn_accelE8w1_local_107_load_reg_4558|   32   |
|p_ZZ9cnn_accelE8w1_local_108_load_reg_3523|   32   |
|p_ZZ9cnn_accelE8w1_local_109_load_reg_3643|   32   |
| p_ZZ9cnn_accelE8w1_local_10_load_reg_3663|   32   |
|p_ZZ9cnn_accelE8w1_local_110_load_reg_3763|   32   |
|p_ZZ9cnn_accelE8w1_local_111_load_reg_3883|   32   |
|p_ZZ9cnn_accelE8w1_local_112_load_reg_4003|   32   |
|p_ZZ9cnn_accelE8w1_local_113_load_reg_4123|   32   |
|p_ZZ9cnn_accelE8w1_local_114_load_reg_4243|   32   |
|p_ZZ9cnn_accelE8w1_local_115_load_reg_4363|   32   |
|p_ZZ9cnn_accelE8w1_local_116_load_reg_4483|   32   |
|p_ZZ9cnn_accelE8w1_local_117_load_reg_3563|   32   |
|p_ZZ9cnn_accelE8w1_local_118_load_reg_3683|   32   |
|p_ZZ9cnn_accelE8w1_local_119_load_reg_3803|   32   |
|p_ZZ9cnn_accelE8w1_local_120_load_reg_3923|   32   |
|p_ZZ9cnn_accelE8w1_local_121_load_reg_4043|   32   |
|p_ZZ9cnn_accelE8w1_local_122_load_reg_4163|   32   |
|p_ZZ9cnn_accelE8w1_local_123_load_reg_4283|   32   |
|p_ZZ9cnn_accelE8w1_local_124_load_reg_4403|   32   |
|p_ZZ9cnn_accelE8w1_local_125_load_reg_4523|   32   |
|p_ZZ9cnn_accelE8w1_local_126_load_reg_3603|   32   |
|p_ZZ9cnn_accelE8w1_local_127_load_reg_3723|   32   |
|p_ZZ9cnn_accelE8w1_local_128_load_reg_3843|   32   |
|p_ZZ9cnn_accelE8w1_local_129_load_reg_3963|   32   |
|p_ZZ9cnn_accelE8w1_local_130_load_reg_4083|   32   |
|p_ZZ9cnn_accelE8w1_local_131_load_reg_4203|   32   |
|p_ZZ9cnn_accelE8w1_local_132_load_reg_4323|   32   |
|p_ZZ9cnn_accelE8w1_local_133_load_reg_4443|   32   |
|p_ZZ9cnn_accelE8w1_local_134_load_reg_4563|   32   |
|p_ZZ9cnn_accelE8w1_local_135_load_reg_3528|   32   |
|p_ZZ9cnn_accelE8w1_local_136_load_reg_3648|   32   |
|p_ZZ9cnn_accelE8w1_local_137_load_reg_3768|   32   |
|p_ZZ9cnn_accelE8w1_local_138_load_reg_3888|   32   |
|p_ZZ9cnn_accelE8w1_local_139_load_reg_4008|   32   |
|p_ZZ9cnn_accelE8w1_local_140_load_reg_4128|   32   |
|p_ZZ9cnn_accelE8w1_local_141_load_reg_4248|   32   |
|p_ZZ9cnn_accelE8w1_local_142_load_reg_4368|   32   |
|p_ZZ9cnn_accelE8w1_local_143_load_reg_4488|   32   |
|p_ZZ9cnn_accelE8w1_local_144_load_reg_3568|   32   |
|p_ZZ9cnn_accelE8w1_local_145_load_reg_3688|   32   |
|p_ZZ9cnn_accelE8w1_local_146_load_reg_3808|   32   |
|p_ZZ9cnn_accelE8w1_local_147_load_reg_3928|   32   |
|p_ZZ9cnn_accelE8w1_local_148_load_reg_4048|   32   |
|p_ZZ9cnn_accelE8w1_local_149_load_reg_4168|   32   |
|p_ZZ9cnn_accelE8w1_local_150_load_reg_4288|   32   |
|p_ZZ9cnn_accelE8w1_local_151_load_reg_4408|   32   |
|p_ZZ9cnn_accelE8w1_local_152_load_reg_4528|   32   |
|p_ZZ9cnn_accelE8w1_local_153_load_reg_3608|   32   |
|p_ZZ9cnn_accelE8w1_local_154_load_reg_3728|   32   |
|p_ZZ9cnn_accelE8w1_local_155_load_reg_3848|   32   |
|p_ZZ9cnn_accelE8w1_local_156_load_reg_3968|   32   |
|p_ZZ9cnn_accelE8w1_local_157_load_reg_4088|   32   |
|p_ZZ9cnn_accelE8w1_local_158_load_reg_4208|   32   |
|p_ZZ9cnn_accelE8w1_local_159_load_reg_4328|   32   |
|p_ZZ9cnn_accelE8w1_local_160_load_reg_4448|   32   |
|p_ZZ9cnn_accelE8w1_local_161_load_reg_4568|   32   |
|p_ZZ9cnn_accelE8w1_local_162_load_reg_3533|   32   |
|p_ZZ9cnn_accelE8w1_local_163_load_reg_3653|   32   |
|p_ZZ9cnn_accelE8w1_local_164_load_reg_3773|   32   |
|p_ZZ9cnn_accelE8w1_local_165_load_reg_3893|   32   |
|p_ZZ9cnn_accelE8w1_local_166_load_reg_4013|   32   |
|p_ZZ9cnn_accelE8w1_local_167_load_reg_4133|   32   |
|p_ZZ9cnn_accelE8w1_local_168_load_reg_4253|   32   |
|p_ZZ9cnn_accelE8w1_local_169_load_reg_4373|   32   |
| p_ZZ9cnn_accelE8w1_local_16_load_reg_4383|   32   |
|p_ZZ9cnn_accelE8w1_local_170_load_reg_4493|   32   |
|p_ZZ9cnn_accelE8w1_local_171_load_reg_3573|   32   |
|p_ZZ9cnn_accelE8w1_local_172_load_reg_3693|   32   |
|p_ZZ9cnn_accelE8w1_local_173_load_reg_3813|   32   |
|p_ZZ9cnn_accelE8w1_local_174_load_reg_3933|   32   |
|p_ZZ9cnn_accelE8w1_local_175_load_reg_4053|   32   |
|p_ZZ9cnn_accelE8w1_local_176_load_reg_4173|   32   |
|p_ZZ9cnn_accelE8w1_local_177_load_reg_4293|   32   |
|p_ZZ9cnn_accelE8w1_local_178_load_reg_4413|   32   |
|p_ZZ9cnn_accelE8w1_local_179_load_reg_4533|   32   |
| p_ZZ9cnn_accelE8w1_local_17_load_reg_4503|   32   |
|p_ZZ9cnn_accelE8w1_local_180_load_reg_3613|   32   |
|p_ZZ9cnn_accelE8w1_local_181_load_reg_3733|   32   |
|p_ZZ9cnn_accelE8w1_local_182_load_reg_3853|   32   |
|p_ZZ9cnn_accelE8w1_local_183_load_reg_3973|   32   |
|p_ZZ9cnn_accelE8w1_local_184_load_reg_4093|   32   |
|p_ZZ9cnn_accelE8w1_local_185_load_reg_4213|   32   |
|p_ZZ9cnn_accelE8w1_local_186_load_reg_4333|   32   |
|p_ZZ9cnn_accelE8w1_local_187_load_reg_4453|   32   |
|p_ZZ9cnn_accelE8w1_local_188_load_reg_4573|   32   |
|p_ZZ9cnn_accelE8w1_local_189_load_reg_3538|   32   |
| p_ZZ9cnn_accelE8w1_local_18_load_reg_3583|   32   |
|p_ZZ9cnn_accelE8w1_local_190_load_reg_3658|   32   |
|p_ZZ9cnn_accelE8w1_local_191_load_reg_3778|   32   |
|p_ZZ9cnn_accelE8w1_local_192_load_reg_3898|   32   |
|p_ZZ9cnn_accelE8w1_local_193_load_reg_4018|   32   |
|p_ZZ9cnn_accelE8w1_local_194_load_reg_4138|   32   |
|p_ZZ9cnn_accelE8w1_local_195_load_reg_4258|   32   |
|p_ZZ9cnn_accelE8w1_local_196_load_reg_4378|   32   |
|p_ZZ9cnn_accelE8w1_local_197_load_reg_4498|   32   |
|p_ZZ9cnn_accelE8w1_local_198_load_reg_3578|   32   |
|p_ZZ9cnn_accelE8w1_local_199_load_reg_3698|   32   |
| p_ZZ9cnn_accelE8w1_local_19_load_reg_3703|   32   |
|p_ZZ9cnn_accelE8w1_local_200_load_reg_3818|   32   |
|p_ZZ9cnn_accelE8w1_local_201_load_reg_3938|   32   |
|p_ZZ9cnn_accelE8w1_local_202_load_reg_4058|   32   |
|p_ZZ9cnn_accelE8w1_local_203_load_reg_4178|   32   |
|p_ZZ9cnn_accelE8w1_local_204_load_reg_4298|   32   |
|p_ZZ9cnn_accelE8w1_local_205_load_reg_4418|   32   |
|p_ZZ9cnn_accelE8w1_local_206_load_reg_4538|   32   |
|p_ZZ9cnn_accelE8w1_local_207_load_reg_3618|   32   |
|p_ZZ9cnn_accelE8w1_local_208_load_reg_3738|   32   |
|p_ZZ9cnn_accelE8w1_local_209_load_reg_3858|   32   |
| p_ZZ9cnn_accelE8w1_local_20_load_reg_3823|   32   |
|p_ZZ9cnn_accelE8w1_local_210_load_reg_3978|   32   |
|p_ZZ9cnn_accelE8w1_local_211_load_reg_4098|   32   |
|p_ZZ9cnn_accelE8w1_local_212_load_reg_4218|   32   |
|p_ZZ9cnn_accelE8w1_local_213_load_reg_4338|   32   |
|p_ZZ9cnn_accelE8w1_local_214_load_reg_4458|   32   |
|p_ZZ9cnn_accelE8w1_local_215_load_reg_4578|   32   |
| p_ZZ9cnn_accelE8w1_local_26_load_reg_4543|   32   |
| p_ZZ9cnn_accelE8w1_local_27_load_reg_3508|   32   |
| p_ZZ9cnn_accelE8w1_local_28_load_reg_3628|   32   |
| p_ZZ9cnn_accelE8w1_local_29_load_reg_3748|   32   |
| p_ZZ9cnn_accelE8w1_local_30_load_reg_3868|   32   |
| p_ZZ9cnn_accelE8w1_local_36_load_reg_3548|   32   |
| p_ZZ9cnn_accelE8w1_local_37_load_reg_3668|   32   |
| p_ZZ9cnn_accelE8w1_local_38_load_reg_3788|   32   |
| p_ZZ9cnn_accelE8w1_local_39_load_reg_3908|   32   |
| p_ZZ9cnn_accelE8w1_local_40_load_reg_4028|   32   |
| p_ZZ9cnn_accelE8w1_local_46_load_reg_3708|   32   |
| p_ZZ9cnn_accelE8w1_local_47_load_reg_3828|   32   |
| p_ZZ9cnn_accelE8w1_local_48_load_reg_3948|   32   |
| p_ZZ9cnn_accelE8w1_local_49_load_reg_4068|   32   |
| p_ZZ9cnn_accelE8w1_local_50_load_reg_4188|   32   |
| p_ZZ9cnn_accelE8w1_local_56_load_reg_3753|   32   |
| p_ZZ9cnn_accelE8w1_local_57_load_reg_3873|   32   |
| p_ZZ9cnn_accelE8w1_local_58_load_reg_3993|   32   |
| p_ZZ9cnn_accelE8w1_local_59_load_reg_4113|   32   |
| p_ZZ9cnn_accelE8w1_local_60_load_reg_4233|   32   |
| p_ZZ9cnn_accelE8w1_local_66_load_reg_3913|   32   |
| p_ZZ9cnn_accelE8w1_local_67_load_reg_4033|   32   |
| p_ZZ9cnn_accelE8w1_local_68_load_reg_4153|   32   |
| p_ZZ9cnn_accelE8w1_local_69_load_reg_4273|   32   |
| p_ZZ9cnn_accelE8w1_local_70_load_reg_4393|   32   |
| p_ZZ9cnn_accelE8w1_local_76_load_reg_4073|   32   |
| p_ZZ9cnn_accelE8w1_local_77_load_reg_4193|   32   |
| p_ZZ9cnn_accelE8w1_local_78_load_reg_4313|   32   |
| p_ZZ9cnn_accelE8w1_local_79_load_reg_4433|   32   |
| p_ZZ9cnn_accelE8w1_local_80_load_reg_4553|   32   |
| p_ZZ9cnn_accelE8w1_local_86_load_reg_4118|   32   |
| p_ZZ9cnn_accelE8w1_local_87_load_reg_4238|   32   |
| p_ZZ9cnn_accelE8w1_local_88_load_reg_4358|   32   |
| p_ZZ9cnn_accelE8w1_local_89_load_reg_4478|   32   |
| p_ZZ9cnn_accelE8w1_local_90_load_reg_3558|   32   |
| p_ZZ9cnn_accelE8w1_local_96_load_reg_4278|   32   |
| p_ZZ9cnn_accelE8w1_local_97_load_reg_4398|   32   |
| p_ZZ9cnn_accelE8w1_local_98_load_reg_4518|   32   |
| p_ZZ9cnn_accelE8w1_local_99_load_reg_3598|   32   |
|            p_cast203_reg_4742            |   17   |
|            p_cast210_reg_4712            |   64   |
|            p_cast211_reg_4854            |   64   |
|            p_cast212_reg_4691            |   64   |
|            p_cast213_reg_4779            |   64   |
|            p_cast214_reg_4869            |   64   |
|            p_cast215_reg_4753            |   64   |
|            p_cast216_reg_4804            |   64   |
|            p_cast217_reg_4920            |   64   |
|                  reg_901                 |   32   |
|                  reg_906                 |   32   |
|                  reg_911                 |   32   |
|                  reg_916                 |   32   |
|                  reg_921                 |   32   |
|                  reg_926                 |   32   |
|                  reg_931                 |   32   |
|                  reg_936                 |   32   |
|                  reg_941                 |   32   |
|          select_ln213_1_reg_4587         |    8   |
|      select_ln213_3_cast195_reg_4763     |   17   |
|          select_ln213_3_reg_4593         |    8   |
|           select_ln214_reg_4606          |    9   |
|           select_ln228_reg_5370          |   32   |
|             tmp_71_i_reg_4834            |   32   |
|             tmp_72_i_reg_4895            |   32   |
|             tmp_73_i_reg_4900            |   32   |
|             tmp_74_i_reg_4905            |   32   |
|             tmp_75_i_reg_4940            |   32   |
|             tmp_76_i_reg_4945            |   32   |
|             tmp_77_i_reg_4950            |   32   |
|             tmp_78_i_reg_4995            |   32   |
|             tmp_79_i_reg_5000            |   32   |
|             tmp_80_i_reg_5005            |   32   |
|             tmp_81_i_reg_5035            |   32   |
|             tmp_82_i_reg_5040            |   32   |
|             tmp_83_i_reg_5045            |   32   |
|             tmp_84_i_reg_5075            |   32   |
|             tmp_85_i_reg_5080            |   32   |
|             tmp_86_i_reg_5085            |   32   |
|             tmp_87_i_reg_5115            |   32   |
|             tmp_88_i_reg_5120            |   32   |
|             tmp_89_i_reg_5125            |   32   |
|             tmp_90_i_reg_5155            |   32   |
|             tmp_91_i_reg_5160            |   32   |
|             tmp_92_i_reg_5165            |   32   |
|             tmp_93_i_reg_5190            |   32   |
|             tmp_94_i_reg_5195            |   32   |
|             tmp_95_i_reg_5200            |   32   |
|            tmp_i_241_reg_4829            |   32   |
|              tmp_i_reg_4824              |   32   |
|          trunc_ln215_1_reg_4644          |    1   |
|          trunc_ln215_3_reg_4649          |    2   |
|           trunc_ln215_reg_4612           |    3   |
|         w1_local_1_load_reg_3623         |   32   |
|         w1_local_2_load_reg_3743         |   32   |
|         w1_local_3_load_reg_3863         |   32   |
|         w1_local_4_load_reg_3983         |   32   |
|         w1_local_5_load_reg_4103         |   32   |
|         w1_local_6_load_reg_4223         |   32   |
|         w1_local_7_load_reg_4343         |   32   |
|         w1_local_8_load_reg_4463         |   32   |
|         w1_local_9_load_reg_3543         |   32   |
|          w1_local_load_reg_3503          |   32   |
|            zext_ln228_reg_4658           |   17   |
+------------------------------------------+--------+
|                   Total                  |  11756 |
+------------------------------------------+--------+

* Multiplexer (MUX) list: 
|-------------------|------|------|------|--------||---------||---------||---------|
|        Comp       |  Pin | Size |  BW  | S x BW ||  Delay  ||    FF   ||   LUT   |
|-------------------|------|------|------|--------||---------||---------||---------|
| grp_access_fu_614 |  p0  |  18  |  18  |   324  ||    0    ||    86   |
| grp_access_fu_614 |  p2  |  18  |   0  |    0   ||    0    ||    86   |
| grp_access_fu_625 |  p0  |  10  |  18  |   180  ||    0    ||    41   |
| grp_access_fu_625 |  p2  |   8  |   0  |    0   ||    0    ||    33   |
|     grp_fu_872    |  p0  |   9  |  32  |   288  ||    0    ||    37   |
|     grp_fu_872    |  p1  |   9  |  32  |   288  ||    0    ||    37   |
|     grp_fu_876    |  p0  |   9  |  32  |   288  ||    0    ||    37   |
|     grp_fu_876    |  p1  |   9  |  32  |   288  ||    0    ||    37   |
|     grp_fu_880    |  p0  |   9  |  32  |   288  ||    0    ||    37   |
|     grp_fu_880    |  p1  |   9  |  32  |   288  ||    0    ||    37   |
|     grp_fu_884    |  p0  |   5  |  32  |   160  ||    0    ||    21   |
|     grp_fu_884    |  p1  |  18  |  32  |   576  ||    0    ||    86   |
|     grp_fu_888    |  p0  |   5  |  32  |   160  ||    0    ||    21   |
|     grp_fu_888    |  p1  |  18  |  32  |   576  ||    0    ||    86   |
|     grp_fu_892    |  p0  |   9  |  32  |   288  ||    0    ||    37   |
|     grp_fu_892    |  p1  |  18  |  32  |   576  ||    0    ||    86   |
|    grp_fu_3421    |  p0  |   2  |   9  |   18   ||    0    ||    9    |
|    grp_fu_3421    |  p1  |   2  |   8  |   16   ||    0    ||    9    |
|-------------------|------|------|------|--------||---------||---------||---------|
|       Total       |      |      |      |  4602  || 30.2822 ||    0    ||   823   |
|-------------------|------|------|------|--------||---------||---------||---------|



* Summary:
+-----------+--------+--------+--------+--------+
|           |   DSP  |  Delay |   FF   |   LUT  |
+-----------+--------+--------+--------+--------+
|  Function |   16   |    -   |  1044  |  2605  |
|   Memory  |    -   |    -   |    -   |    -   |
|Multiplexer|    -   |   30   |    0   |   823  |
|  Register |    -   |    -   |  11756 |    -   |
+-----------+--------+--------+--------+--------+
|   Total   |   16   |   30   |  12800 |  3428  |
+-----------+--------+--------+--------+--------+
