

================================================================
== Vitis HLS Report for 'exp_generic_double_s'
================================================================
* Date:           Tue Jul  8 02:26:09 2025

* Version:        2025.1 (Build 6135595 on May 21 2025)
* Project:        cnn_accel
* Solution:       hls (Vivado IP Flow Target)
* Product family: artix7
* Target device:  xc7a100t-fgg484-2L


================================================================
== Performance Estimates
================================================================
+ Timing: 
    * Summary: 
    +--------+----------+----------+------------+
    |  Clock |  Target  | Estimated| Uncertainty|
    +--------+----------+----------+------------+
    |ap_clk  |  10.00 ns|  7.171 ns|     2.70 ns|
    +--------+----------+----------+------------+

+ Latency: 
    * Summary: 
    +---------+---------+----------+----------+-----+-----+---------+
    |  Latency (cycles) |  Latency (absolute) |  Interval | Pipeline|
    |   min   |   max   |    min   |    max   | min | max |   Type  |
    +---------+---------+----------+----------+-----+-----+---------+
    |       21|       21|  0.210 us|  0.210 us|    1|    1|      yes|
    +---------+---------+----------+----------+-----+-----+---------+

    + Detail: 
        * Instance: 
        N/A

        * Loop: 
        N/A



================================================================
== Utilization Estimates
================================================================
* Summary: 
+-----------------+---------+-----+--------+-------+-----+
|       Name      | BRAM_18K| DSP |   FF   |  LUT  | URAM|
+-----------------+---------+-----+--------+-------+-----+
|DSP              |        -|    1|       -|      -|    -|
|Expression       |        -|    -|       0|   2231|    -|
|FIFO             |        -|    -|       -|      -|    -|
|Instance         |        -|   28|    1130|    596|    -|
|Memory           |        5|    -|       0|      0|    -|
|Multiplexer      |        -|    -|       0|     13|    -|
|Register         |        -|    -|    2102|    416|    -|
+-----------------+---------+-----+--------+-------+-----+
|Total            |        5|   29|    3232|   3256|    0|
+-----------------+---------+-----+--------+-------+-----+
|Available        |      270|  240|  126800|  63400|    0|
+-----------------+---------+-----+--------+-------+-----+
|Utilization (%)  |        1|   12|       2|      5|    0|
+-----------------+---------+-----+--------+-------+-----+

+ Detail: 
    * Instance: 
    +----------------------------+----------------------+---------+----+-----+-----+-----+
    |          Instance          |        Module        | BRAM_18K| DSP|  FF | LUT | URAM|
    +----------------------------+----------------------+---------+----+-----+-----+-----+
    |mul_13s_71s_71_5_0_U1588    |mul_13s_71s_71_5_0    |        0|   4|  441|  256|    0|
    |mul_43ns_36ns_79_2_0_U1589  |mul_43ns_36ns_79_2_0  |        0|   6|  219|  155|    0|
    |mul_49ns_44ns_93_2_0_U1590  |mul_49ns_44ns_93_2_0  |        0|   9|  233|   85|    0|
    |mul_50ns_50ns_99_2_0_U1591  |mul_50ns_50ns_99_2_0  |        0|   9|  237|   87|    0|
    |sparsemux_9_3_64_1_0_U1592  |sparsemux_9_3_64_1_0  |        0|   0|    0|   13|    0|
    +----------------------------+----------------------+---------+----+-----+-----+-----+
    |Total                       |                      |        0|  28| 1130|  596|    0|
    +----------------------------+----------------------+---------+----+-----+-----+-----+

    * DSP: 
    +--------------------------------------+--------------------------------+--------------+
    |               Instance               |             Module             |  Expression  |
    +--------------------------------------+--------------------------------+--------------+
    |mac_muladd_16s_15ns_19s_31_4_0_U1593  |mac_muladd_16s_15ns_19s_31_4_0  |  i0 * i1 + i2|
    +--------------------------------------+--------------------------------+--------------+

    * Memory: 
    +---------------------------------------------------------------+----------------------------------------------------------------------------------+---------+---+----+-----+------+-----+------+-------------+
    |                             Memory                            |                                      Module                                      | BRAM_18K| FF| LUT| URAM| Words| Bits| Banks| W*Bits*Banks|
    +---------------------------------------------------------------+----------------------------------------------------------------------------------+---------+---+----+-----+------+-----+------+-------------+
    |table_exp_Z1_ap_ufixed_58_1_ap_q_mode_5_ap_o_mode_3_0_array_U  |exp_generic_double_s_table_exp_Z1_ap_ufixed_58_1_ap_q_mode_5_ap_o_mode_3_0_arbkb  |        2|  0|   0|    0|   256|   58|     1|        14848|
    |table_f_Z2_ap_ufixed_59_0_ap_q_mode_5_ap_o_mode_3_0_array_U    |exp_generic_double_s_table_f_Z2_ap_ufixed_59_0_ap_q_mode_5_ap_o_mode_3_0_arradEe  |        2|  0|   0|    0|   256|   42|     1|        10752|
    |table_f_Z3_ap_ufixed_59_0_ap_q_mode_5_ap_o_mode_3_0_array_U    |exp_generic_double_s_table_f_Z3_ap_ufixed_59_0_ap_q_mode_5_ap_o_mode_3_0_arracud  |        1|  0|   0|    0|   256|   26|     1|         6656|
    +---------------------------------------------------------------+----------------------------------------------------------------------------------+---------+---+----+-----+------+-----+------+-------------+
    |Total                                                          |                                                                                  |        5|  0|   0|    0|   768|  126|     3|        32256|
    +---------------------------------------------------------------+----------------------------------------------------------------------------------+---------+---+----+-----+------+-----+------+-------------+

    * FIFO: 
    N/A

    * Expression: 
    +-------------------------+----------+----+---+-----+------------+------------+
    |      Variable Name      | Operation| DSP| FF| LUT | Bitwidth P0| Bitwidth P1|
    +-------------------------+----------+----+---+-----+------------+------------+
    |add_ln126_fu_717_p2      |         +|   0|  0|   44|          44|          44|
    |add_ln145_fu_790_p2      |         +|   0|  0|   52|          52|          52|
    |add_ln243_1_fu_552_p2    |         +|   0|  0|   20|          13|           1|
    |add_ln297_1_fu_845_p2    |         +|   0|  0|  114|         107|         107|
    |add_ln297_fu_830_p2      |         +|   0|  0|   65|          58|           5|
    |exp_Z1P_m_1_l_fu_796_p2  |         +|   0|  0|   52|          52|          52|
    |exp_Z2P_m_1_fu_723_p2    |         +|   0|  0|   44|          44|          44|
    |exp_Z4_m_1_fu_671_p2     |         +|   0|  0|   43|          36|          36|
    |m_exp_fu_338_p2          |         +|   0|  0|   19|          12|          11|
    |out_exp_fu_970_p2        |         +|   0|  0|   18|          11|          10|
    |r_exp_1_fu_859_p2        |         +|   0|  0|   20|          13|           2|
    |e_frac_1_fu_356_p2       |         -|   0|  0|   61|           1|          54|
    |sub_ln229_fu_378_p2      |         -|   0|  0|   18|          10|          11|
    |sub_ln255_fu_595_p2      |         -|   0|  0|   66|          59|          59|
    |and_ln309_1_fu_1000_p2   |       and|   0|  0|    2|           1|           1|
    |and_ln309_2_fu_1017_p2   |       and|   0|  0|    2|           1|           1|
    |and_ln309_3_fu_1029_p2   |       and|   0|  0|    2|           1|           1|
    |and_ln309_4_fu_1050_p2   |       and|   0|  0|    2|           1|           1|
    |and_ln309_5_fu_1056_p2   |       and|   0|  0|    2|           1|           1|
    |and_ln309_fu_990_p2      |       and|   0|  0|    2|           1|           1|
    |x_is_NaN_fu_316_p2       |       and|   0|  0|    2|           1|           1|
    |x_is_inf_fu_328_p2       |       and|   0|  0|    2|           1|           1|
    |x_is_pinf_fu_930_p2      |       and|   0|  0|    2|           1|           1|
    |ashr_ln229_fu_428_p2     |      ashr|   0|  0|  210|          71|          71|
    |ashr_ln230_fu_491_p2     |      ashr|   0|  0|  182|          64|          64|
    |icmp_ln18_1_fu_310_p2    |      icmp|   0|  0|   59|          52|           1|
    |icmp_ln18_2_fu_322_p2    |      icmp|   0|  0|   59|          52|           1|
    |icmp_ln18_fu_304_p2      |      icmp|   0|  0|   18|          11|           2|
    |icmp_ln243_fu_546_p2     |      icmp|   0|  0|   25|          18|           1|
    |icmp_ln309_1_fu_881_p2   |      icmp|   0|  0|   11|           3|           1|
    |icmp_ln309_2_fu_511_p2   |      icmp|   0|  0|   78|          71|          71|
    |icmp_ln309_fu_396_p2     |      icmp|   0|  0|   19|          12|           1|
    |icmp_ln326_fu_887_p2     |      icmp|   0|  0|   20|          13|          11|
    |or_ln185_1_fu_947_p2     |        or|   0|  0|    2|           1|           1|
    |or_ln185_fu_935_p2       |        or|   0|  0|    2|           1|           1|
    |or_ln309_1_fu_1005_p2    |        or|   0|  0|    2|           1|           1|
    |or_ln309_2_fu_1034_p2    |        or|   0|  0|    2|           1|           1|
    |or_ln309_3_fu_1044_p2    |        or|   0|  0|    2|           1|           1|
    |or_ln309_fu_959_p2       |        or|   0|  0|    2|           1|           1|
    |e_frac_2_fu_362_p3       |    select|   0|  0|   54|           1|          54|
    |m_fix_fu_440_p3          |    select|   0|  0|   71|           1|          71|
    |r_exp_2_fu_864_p3        |    select|   0|  0|   13|           1|          13|
    |r_exp_fu_566_p3          |    select|   0|  0|   13|           1|          13|
    |retval_1_fu_1071_p2      |    select|   0|  0|   64|           1|          64|
    |retval_1_fu_1071_p4      |    select|   0|  0|   63|           1|           1|
    |select_ln185_fu_940_p3   |    select|   0|  0|   63|           1|          63|
    |select_ln229_fu_388_p3   |    select|   0|  0|   12|           1|          12|
    |select_ln230_fu_496_p3   |    select|   0|  0|   64|           1|          64|
    |select_ln243_fu_558_p3   |    select|   0|  0|   13|           1|          13|
    |select_ln303_fu_917_p3   |    select|   0|  0|   52|           1|          52|
    |shl_ln229_fu_434_p2      |       shl|   0|  0|  210|          71|          71|
    |shl_ln230_fu_486_p2      |       shl|   0|  0|  182|          64|          64|
    |xor_ln182_fu_925_p2      |       xor|   0|  0|    2|           1|           2|
    |xor_ln185_fu_1011_p2     |       xor|   0|  0|    2|           1|           2|
    |xor_ln309_1_fu_1023_p2   |       xor|   0|  0|    2|           1|           2|
    |xor_ln309_2_fu_1038_p2   |       xor|   0|  0|    2|           1|           2|
    |xor_ln309_fu_995_p2      |       xor|   0|  0|    2|           1|           2|
    +-------------------------+----------+----+---+-----+------------+------------+
    |Total                    |          |   0|  0| 2231|        1045|        1292|
    +-------------------------+----------+----+---+-----+------------+------------+

    * Multiplexer: 
    +-----------+----+-----------+-----+-----------+
    |    Name   | LUT| Input Size| Bits| Total Bits|
    +-----------+----+-----------+-----+-----------+
    |ap_return  |  13|          3|   64|        192|
    +-----------+----+-----------+-----+-----------+
    |Total      |  13|          3|   64|        192|
    +-----------+----+-----------+-----+-----------+

    * Register: 
    +------------------------------------+----+----+-----+-----------+
    |                Name                | FF | LUT| Bits| Const Bits|
    +------------------------------------+----+----+-----+-----------+
    |Z2_reg_1216                         |   8|   0|    8|          0|
    |Z3_reg_1223                         |   8|   0|    8|          0|
    |Z3_reg_1223_pp0_iter11_reg          |   8|   0|    8|          0|
    |Z4_reg_1228                         |  35|   0|   35|          0|
    |add_ln297_reg_1336                  |  58|   0|   58|          0|
    |ap_ce_reg                           |   1|   0|    1|          0|
    |ap_return_int_reg                   |  64|   0|   64|          0|
    |e_frac_2_reg_1124                   |  54|   0|   54|          0|
    |es_sign_reg_1106                    |   1|   0|    1|          0|
    |exp_Z1P_m_1_reg_1316                |  50|   0|   50|          0|
    |exp_Z1_hi_reg_1321                  |  50|   0|   50|          0|
    |exp_Z1_reg_1311                     |  58|   0|   58|          0|
    |exp_Z1_reg_1311_pp0_iter18_reg      |  58|   0|   58|          0|
    |exp_Z2P_m_1_reg_1279                |  44|   0|   44|          0|
    |exp_Z3_m_1_reg_1254                 |  34|   0|   43|          9|
    |exp_Z3_m_1_reg_1254_pp0_iter13_reg  |  34|   0|   43|          9|
    |exp_Z4_m_1_reg_1243                 |  36|   0|   36|          0|
    |f_Z3_reg_1249                       |  26|   0|   26|          0|
    |icmp_ln309_1_reg_1346               |   1|   0|    1|          0|
    |icmp_ln309_2_reg_1184               |   1|   0|    1|          0|
    |icmp_ln309_reg_1140                 |   1|   0|    1|          0|
    |icmp_ln326_reg_1353                 |   1|   0|    1|          0|
    |m_diff_hi_reg_1211                  |   8|   0|    8|          0|
    |m_fix_l_reg_1163                    |  64|   0|   64|          0|
    |mul_ln297_reg_1341                  |  99|   0|   99|          0|
    |r_exp_reg_1194                      |  13|   0|   13|          0|
    |select_ln229_reg_1135               |  12|   0|   12|          0|
    |select_ln303_reg_1363               |  52|   0|   52|          0|
    |sext_ln227_reg_1153                 |  64|   0|   71|          7|
    |sext_ln229_1_reg_1158               |  32|   0|   32|          0|
    |tmp_26_reg_1206                     |  58|   0|   58|          0|
    |tmp_27_reg_1269                     |  20|   0|   20|          0|
    |tmp_28_reg_1285                     |  40|   0|   40|          0|
    |tmp_29_reg_1306                     |  36|   0|   36|          0|
    |tmp_30_reg_1169                     |   1|   0|    1|          0|
    |tmp_30_reg_1169_pp0_iter2_reg       |   1|   0|    1|          0|
    |tmp_34_reg_1148                     |   1|   0|    1|          0|
    |tmp_reg_1129                        |   1|   0|    1|          0|
    |tmp_reg_1129_pp0_iter1_reg          |   1|   0|    1|          0|
    |trunc_ln255_reg_1179                |  59|   0|   59|          0|
    |trunc_ln336_reg_1358                |  11|   0|   11|          0|
    |x_int_reg                           |  64|   0|   64|          0|
    |x_is_NaN_reg_1111                   |   1|   0|    1|          0|
    |x_is_inf_reg_1118                   |   1|   0|    1|          0|
    |Z2_reg_1216                         |  64|  32|    8|          0|
    |es_sign_reg_1106                    |  64|  32|    1|          0|
    |exp_Z2P_m_1_reg_1279                |  64|  32|   44|          0|
    |exp_Z4_m_1_reg_1243                 |  64|  32|   36|          0|
    |icmp_ln309_2_reg_1184               |  64|  32|    1|          0|
    |icmp_ln309_reg_1140                 |  64|  32|    1|          0|
    |m_diff_hi_reg_1211                  |  64|  32|    8|          0|
    |r_exp_reg_1194                      |  64|  32|   13|          0|
    |tmp_28_reg_1285                     |  64|  32|   40|          0|
    |tmp_34_reg_1148                     |  64|  32|    1|          0|
    |trunc_ln255_reg_1179                |  64|  32|   59|          0|
    |x_is_NaN_reg_1111                   |  64|  32|    1|          0|
    |x_is_inf_reg_1118                   |  64|  32|    1|          0|
    +------------------------------------+----+----+-----+-----------+
    |Total                               |2102| 416| 1509|         25|
    +------------------------------------+----+----+-----+-----------+



================================================================
== Interface
================================================================
* Summary: 
+-----------+-----+-----+------------+---------------------+--------------+
| RTL Ports | Dir | Bits|  Protocol  |    Source Object    |    C Type    |
+-----------+-----+-----+------------+---------------------+--------------+
|ap_clk     |   in|    1|  ap_ctrl_hs|  exp_generic<double>|  return value|
|ap_rst     |   in|    1|  ap_ctrl_hs|  exp_generic<double>|  return value|
|ap_return  |  out|   64|  ap_ctrl_hs|  exp_generic<double>|  return value|
|ap_ce      |   in|    1|  ap_ctrl_hs|  exp_generic<double>|  return value|
|x          |   in|   64|     ap_none|                    x|        scalar|
+-----------+-----+-----+------------+---------------------+--------------+

============================================================
+ Verbose Summary: Synthesis Manager
============================================================
InlineROM: 1
ExposeGlobal: 0
============================================================
+ Verbose Summary: CDFG Model
============================================================
IsTopModel: 0
ResetActiveHigh: 1
IsCombinational: 2
IsDatapathOnly: 1
HasWiredReturn: 1
HasMFsm: 2
HasVarLatency: 0
IsPipeline: 1
IsRtlPipelined: 1
IsInstanceOverlapped: 0
IsDontTouch: 0
HasImplIP: 0
IsGatedGlobalClock: 0

+ Individual pipeline summary: 
  * Pipeline-0: initiation interval (II) = 1, depth = 22


============================================================
+ Verbose Summary: Schedule
============================================================
* Number of FSM states : 22
* Pipeline : 1
  Pipeline-0 : II = 1, D = 22, States = { 1 2 3 4 5 6 7 8 9 10 11 12 13 14 15 16 17 18 19 20 21 22 }
* Dataflow Pipeline: 0

* FSM state transitions: 
1 --> 2 
2 --> 3 
3 --> 4 
4 --> 5 
5 --> 6 
6 --> 7 
7 --> 8 
8 --> 9 
9 --> 10 
10 --> 11 
11 --> 12 
12 --> 13 
13 --> 14 
14 --> 15 
15 --> 16 
16 --> 17 
17 --> 18 
18 --> 19 
19 --> 20 
20 --> 21 
21 --> 22 
22 --> 

* FSM state operations: 

State 1 <SV = 0> <Delay = 3.54>
ST_1 : Operation 23 [1/1] (0.00ns)   --->   "%x_read = read i64 @_ssdm_op_Read.ap_auto.double, i64 %x" [C:\scratch\2025.1\hls_product\640\2025.1\src\shared\hls\clib/hlsmath/include/FloatingPoint\hls_exp_.h:156]   --->   Operation 23 'read' 'x_read' <Predicate = true> <Delay = 0.00>
ST_1 : Operation 24 [1/1] (0.00ns)   --->   "%data = bitcast i64 %x_read" [C:\scratch\2025.1\hls_product\640\2025.1\src\shared\hls\clib/src/hls\utils/x_hls_utils.h:459->C:\scratch\2025.1\hls_product\640\2025.1\src\shared\hls\clib/hlsmath/include/FloatingPoint\hls_exp_.h:160]   --->   Operation 24 'bitcast' 'data' <Predicate = true> <Delay = 0.00>
ST_1 : Operation 25 [1/1] (0.00ns)   --->   "%es_sign = bitselect i1 @_ssdm_op_BitSelect.i1.i64.i32, i64 %data, i32 63" [C:\scratch\2025.1\hls_product\640\2025.1\src\shared\hls\clib/src/hls\utils/x_hls_utils.h:460->C:\scratch\2025.1\hls_product\640\2025.1\src\shared\hls\clib/hlsmath/include/FloatingPoint\hls_exp_.h:160]   --->   Operation 25 'bitselect' 'es_sign' <Predicate = true> <Delay = 0.00>
ST_1 : Operation 26 [1/1] (0.00ns)   --->   "%es_exp = partselect i11 @_ssdm_op_PartSelect.i11.i64.i32, i64 %data, i32 52" [C:\scratch\2025.1\hls_product\640\2025.1\src\shared\hls\clib/src/hls\utils/x_hls_utils.h:461->C:\scratch\2025.1\hls_product\640\2025.1\src\shared\hls\clib/hlsmath/include/FloatingPoint\hls_exp_.h:160]   --->   Operation 26 'partselect' 'es_exp' <Predicate = true> <Delay = 0.00>
ST_1 : Operation 27 [1/1] (0.00ns)   --->   "%es_sig = trunc i64 %data" [C:\scratch\2025.1\hls_product\640\2025.1\src\shared\hls\clib/src/hls\utils/x_hls_utils.h:462->C:\scratch\2025.1\hls_product\640\2025.1\src\shared\hls\clib/hlsmath/include/FloatingPoint\hls_exp_.h:160]   --->   Operation 27 'trunc' 'es_sig' <Predicate = true> <Delay = 0.00>
ST_1 : Operation 28 [1/1] (1.76ns)   --->   "%icmp_ln18 = icmp_eq  i11 %es_exp, i11 2047" [C:\scratch\2025.1\hls_product\640\2025.1\src\shared\hls\clib/hlsmath/include/FloatingPoint/hls_isnan.h:18->C:\scratch\2025.1\hls_product\640\2025.1\src\shared\hls\clib/hlsmath/include/FloatingPoint\hls_exp_.h:180]   --->   Operation 28 'icmp' 'icmp_ln18' <Predicate = true> <Delay = 1.76> <CoreInst = "Cmp">   --->   Core 9 'Cmp' <Latency = 0> <II = 1> <Delay = 1.76> <FuncUnit> <Opcode : 'seteq' 'setne' 'setle' 'setge' 'setlt' 'setgt'> <InPorts = 2> <OutPorts = 1>
ST_1 : Operation 29 [1/1] (2.70ns)   --->   "%icmp_ln18_1 = icmp_ne  i52 %es_sig, i52 0" [C:\scratch\2025.1\hls_product\640\2025.1\src\shared\hls\clib/hlsmath/include/FloatingPoint/hls_isnan.h:18->C:\scratch\2025.1\hls_product\640\2025.1\src\shared\hls\clib/hlsmath/include/FloatingPoint\hls_exp_.h:180]   --->   Operation 29 'icmp' 'icmp_ln18_1' <Predicate = true> <Delay = 2.70> <CoreInst = "Cmp">   --->   Core 9 'Cmp' <Latency = 0> <II = 1> <Delay = 2.70> <FuncUnit> <Opcode : 'seteq' 'setne' 'setle' 'setge' 'setlt' 'setgt'> <InPorts = 2> <OutPorts = 1>
ST_1 : Operation 30 [1/1] (0.80ns)   --->   "%x_is_NaN = and i1 %icmp_ln18, i1 %icmp_ln18_1" [C:\scratch\2025.1\hls_product\640\2025.1\src\shared\hls\clib/hlsmath/include/FloatingPoint/hls_isnan.h:18->C:\scratch\2025.1\hls_product\640\2025.1\src\shared\hls\clib/hlsmath/include/FloatingPoint\hls_exp_.h:180]   --->   Operation 30 'and' 'x_is_NaN' <Predicate = true> <Delay = 0.80> <CoreInst = "LogicGate">   --->   Core 74 'LogicGate' <Latency = 0> <II = 1> <Delay = 0.80> <FuncUnit> <Opcode : 'and' 'or' 'xor'> <InPorts = 2> <OutPorts = 1>
ST_1 : Operation 31 [1/1] (2.70ns)   --->   "%icmp_ln18_2 = icmp_eq  i52 %es_sig, i52 0" [C:\scratch\2025.1\hls_product\640\2025.1\src\shared\hls\clib/hlsmath/include/FloatingPoint/hls_isinf.h:18->C:\scratch\2025.1\hls_product\640\2025.1\src\shared\hls\clib/hlsmath/include/FloatingPoint\hls_exp_.h:181]   --->   Operation 31 'icmp' 'icmp_ln18_2' <Predicate = true> <Delay = 2.70> <CoreInst = "Cmp">   --->   Core 9 'Cmp' <Latency = 0> <II = 1> <Delay = 2.70> <FuncUnit> <Opcode : 'seteq' 'setne' 'setle' 'setge' 'setlt' 'setgt'> <InPorts = 2> <OutPorts = 1>
ST_1 : Operation 32 [1/1] (0.80ns)   --->   "%x_is_inf = and i1 %icmp_ln18, i1 %icmp_ln18_2" [C:\scratch\2025.1\hls_product\640\2025.1\src\shared\hls\clib/hlsmath/include/FloatingPoint/hls_isinf.h:18->C:\scratch\2025.1\hls_product\640\2025.1\src\shared\hls\clib/hlsmath/include/FloatingPoint\hls_exp_.h:181]   --->   Operation 32 'and' 'x_is_inf' <Predicate = true> <Delay = 0.80> <CoreInst = "LogicGate">   --->   Core 74 'LogicGate' <Latency = 0> <II = 1> <Delay = 0.80> <FuncUnit> <Opcode : 'and' 'or' 'xor'> <InPorts = 2> <OutPorts = 1>
ST_1 : Operation 33 [1/1] (0.00ns)   --->   "%zext_ln486 = zext i11 %es_exp" [C:\scratch\2025.1\hls_product\640\2025.1\src\shared\hls\clib/src/hls\utils/x_hls_utils.h:486->C:\scratch\2025.1\hls_product\640\2025.1\src\shared\hls\clib/hlsmath/include/FloatingPoint\hls_exp_.h:208]   --->   Operation 33 'zext' 'zext_ln486' <Predicate = true> <Delay = 0.00>
ST_1 : Operation 34 [1/1] (1.76ns)   --->   "%m_exp = add i12 %zext_ln486, i12 3073" [C:\scratch\2025.1\hls_product\640\2025.1\src\shared\hls\clib/src/hls\utils/x_hls_utils.h:486->C:\scratch\2025.1\hls_product\640\2025.1\src\shared\hls\clib/hlsmath/include/FloatingPoint\hls_exp_.h:208]   --->   Operation 34 'add' 'm_exp' <Predicate = true> <Delay = 1.76> <CoreInst = "Adder">   --->   Core 1 'Adder' <Latency = 0> <II = 1> <Delay = 1.77> <FuncUnit> <Opcode : 'add' 'sub'> <InPorts = 2> <OutPorts = 1>
ST_1 : Operation 35 [1/1] (0.00ns)   --->   "%e_frac = bitconcatenate i53 @_ssdm_op_BitConcatenate.i53.i1.i52, i1 1, i52 %es_sig" [C:\scratch\2025.1\hls_product\640\2025.1\src\shared\hls\clib/hlsmath/include/FloatingPoint\hls_exp_.h:221]   --->   Operation 35 'bitconcatenate' 'e_frac' <Predicate = true> <Delay = 0.00>
ST_1 : Operation 36 [1/1] (0.00ns)   --->   "%zext_ln221 = zext i53 %e_frac" [C:\scratch\2025.1\hls_product\640\2025.1\src\shared\hls\clib/hlsmath/include/FloatingPoint\hls_exp_.h:221]   --->   Operation 36 'zext' 'zext_ln221' <Predicate = true> <Delay = 0.00>
ST_1 : Operation 37 [1/1] (2.73ns)   --->   "%e_frac_1 = sub i54 0, i54 %zext_ln221" [C:\scratch\2025.1\hls_product\640\2025.1\src\shared\hls\clib/hlsmath/include/FloatingPoint\hls_exp_.h:224]   --->   Operation 37 'sub' 'e_frac_1' <Predicate = true> <Delay = 2.73> <CoreInst = "Adder">   --->   Core 1 'Adder' <Latency = 0> <II = 1> <Delay = 2.75> <FuncUnit> <Opcode : 'add' 'sub'> <InPorts = 2> <OutPorts = 1>
ST_1 : Operation 38 [1/1] (0.76ns)   --->   "%e_frac_2 = select i1 %es_sign, i54 %e_frac_1, i54 %zext_ln221" [C:\scratch\2025.1\hls_product\640\2025.1\src\shared\hls\clib/hlsmath/include/FloatingPoint\hls_exp_.h:224]   --->   Operation 38 'select' 'e_frac_2' <Predicate = true> <Delay = 0.76> <CoreInst = "Sel">   --->   Core 73 'Sel' <Latency = 0> <II = 1> <Delay = 0.76> <FuncUnit> <Opcode : 'select'> <InPorts = 3> <OutPorts = 1>
ST_1 : Operation 39 [1/1] (0.00ns)   --->   "%tmp = bitselect i1 @_ssdm_op_BitSelect.i1.i12.i32, i12 %m_exp, i32 11" [C:\scratch\2025.1\hls_product\640\2025.1\src\shared\hls\clib/hlsmath/include/FloatingPoint\hls_exp_.h:229]   --->   Operation 39 'bitselect' 'tmp' <Predicate = true> <Delay = 0.00>
ST_1 : Operation 40 [1/1] (1.76ns)   --->   "%sub_ln229 = sub i11 1023, i11 %es_exp" [C:\scratch\2025.1\hls_product\640\2025.1\src\shared\hls\clib/hlsmath/include/FloatingPoint\hls_exp_.h:229]   --->   Operation 40 'sub' 'sub_ln229' <Predicate = true> <Delay = 1.76> <CoreInst = "Adder">   --->   Core 1 'Adder' <Latency = 0> <II = 1> <Delay = 1.76> <FuncUnit> <Opcode : 'add' 'sub'> <InPorts = 2> <OutPorts = 1>
ST_1 : Operation 41 [1/1] (0.00ns)   --->   "%sext_ln229 = sext i11 %sub_ln229" [C:\scratch\2025.1\hls_product\640\2025.1\src\shared\hls\clib/hlsmath/include/FloatingPoint\hls_exp_.h:229]   --->   Operation 41 'sext' 'sext_ln229' <Predicate = true> <Delay = 0.00>
ST_1 : Operation 42 [1/1] (0.59ns)   --->   "%select_ln229 = select i1 %tmp, i12 %sext_ln229, i12 %m_exp" [C:\scratch\2025.1\hls_product\640\2025.1\src\shared\hls\clib/hlsmath/include/FloatingPoint\hls_exp_.h:229]   --->   Operation 42 'select' 'select_ln229' <Predicate = true> <Delay = 0.59> <CoreInst = "Sel">   --->   Core 73 'Sel' <Latency = 0> <II = 1> <Delay = 0.59> <FuncUnit> <Opcode : 'select'> <InPorts = 3> <OutPorts = 1>
ST_1 : Operation 43 [1/1] (1.77ns)   --->   "%icmp_ln309 = icmp_sgt  i12 %m_exp, i12 0" [C:\scratch\2025.1\hls_product\640\2025.1\src\shared\hls\clib/hlsmath/include/FloatingPoint\hls_exp_.h:309]   --->   Operation 43 'icmp' 'icmp_ln309' <Predicate = true> <Delay = 1.77> <CoreInst = "Cmp">   --->   Core 9 'Cmp' <Latency = 0> <II = 1> <Delay = 1.77> <FuncUnit> <Opcode : 'seteq' 'setne' 'setle' 'setge' 'setlt' 'setgt'> <InPorts = 2> <OutPorts = 1>
ST_1 : Operation 44 [1/1] (0.00ns)   --->   "%tmp_34 = bitselect i1 @_ssdm_op_BitSelect.i1.i54.i32, i54 %e_frac_2, i32 53" [C:\scratch\2025.1\hls_product\640\2025.1\src\shared\hls\clib/hlsmath/include/FloatingPoint\hls_exp_.h:310]   --->   Operation 44 'bitselect' 'tmp_34' <Predicate = true> <Delay = 0.00>

State 2 <SV = 1> <Delay = 5.81>
ST_2 : Operation 45 [1/1] (0.00ns)   --->   "%m_frac_l = bitconcatenate i61 @_ssdm_op_BitConcatenate.i61.i54.i7, i54 %e_frac_2, i7 0" [C:\scratch\2025.1\hls_product\640\2025.1\src\shared\hls\clib/hlsmath/include/FloatingPoint\hls_exp_.h:227]   --->   Operation 45 'bitconcatenate' 'm_frac_l' <Predicate = true> <Delay = 0.00>
ST_2 : Operation 46 [1/1] (0.00ns)   --->   "%sext_ln227 = sext i61 %m_frac_l" [C:\scratch\2025.1\hls_product\640\2025.1\src\shared\hls\clib/hlsmath/include/FloatingPoint\hls_exp_.h:227]   --->   Operation 46 'sext' 'sext_ln227' <Predicate = true> <Delay = 0.00>
ST_2 : Operation 47 [1/1] (0.00ns)   --->   "%sext_ln229_1 = sext i12 %select_ln229" [C:\scratch\2025.1\hls_product\640\2025.1\src\shared\hls\clib/hlsmath/include/FloatingPoint\hls_exp_.h:229]   --->   Operation 47 'sext' 'sext_ln229_1' <Predicate = true> <Delay = 0.00>
ST_2 : Operation 48 [1/1] (0.00ns)   --->   "%zext_ln229 = zext i32 %sext_ln229_1" [C:\scratch\2025.1\hls_product\640\2025.1\src\shared\hls\clib/hlsmath/include/FloatingPoint\hls_exp_.h:229]   --->   Operation 48 'zext' 'zext_ln229' <Predicate = true> <Delay = 0.00>
ST_2 : Operation 49 [1/1] (3.47ns)   --->   "%ashr_ln229 = ashr i71 %sext_ln227, i71 %zext_ln229" [C:\scratch\2025.1\hls_product\640\2025.1\src\shared\hls\clib/hlsmath/include/FloatingPoint\hls_exp_.h:229]   --->   Operation 49 'ashr' 'ashr_ln229' <Predicate = (tmp)> <Delay = 3.47> <CoreInst = "Shifter">   --->   Core 75 'Shifter' <Latency = 0> <II = 1> <Delay = 3.47> <FuncUnit> <Opcode : 'shl' 'lshr' 'ashr'> <InPorts = 2> <OutPorts = 1>
ST_2 : Operation 50 [1/1] (3.47ns)   --->   "%shl_ln229 = shl i71 %sext_ln227, i71 %zext_ln229" [C:\scratch\2025.1\hls_product\640\2025.1\src\shared\hls\clib/hlsmath/include/FloatingPoint\hls_exp_.h:229]   --->   Operation 50 'shl' 'shl_ln229' <Predicate = (!tmp)> <Delay = 3.47> <CoreInst = "Shifter">   --->   Core 75 'Shifter' <Latency = 0> <II = 1> <Delay = 3.47> <FuncUnit> <Opcode : 'shl' 'lshr' 'ashr'> <InPorts = 2> <OutPorts = 1>
ST_2 : Operation 51 [1/1] (0.96ns)   --->   "%m_fix = select i1 %tmp, i71 %ashr_ln229, i71 %shl_ln229" [C:\scratch\2025.1\hls_product\640\2025.1\src\shared\hls\clib/hlsmath/include/FloatingPoint\hls_exp_.h:229]   --->   Operation 51 'select' 'm_fix' <Predicate = true> <Delay = 0.96> <CoreInst = "Sel">   --->   Core 73 'Sel' <Latency = 0> <II = 1> <Delay = 0.96> <FuncUnit> <Opcode : 'select'> <InPorts = 3> <OutPorts = 1>
ST_2 : Operation 52 [1/1] (0.00ns)   --->   "%m_fix_l = partselect i64 @_ssdm_op_PartSelect.i64.i71.i32.i32, i71 %m_fix, i32 7, i32 70" [C:\scratch\2025.1\hls_product\640\2025.1\src\shared\hls\clib/hlsmath/include/FloatingPoint\hls_exp_.h:229]   --->   Operation 52 'partselect' 'm_fix_l' <Predicate = true> <Delay = 0.00>
ST_2 : Operation 53 [1/1] (0.00ns)   --->   "%m_fix_hi = partselect i16 @_ssdm_op_PartSelect.i16.i71.i32.i32, i71 %m_fix, i32 55, i32 70" [C:\scratch\2025.1\hls_product\640\2025.1\src\shared\hls\clib/hlsmath/include/FloatingPoint\hls_exp_.h:235]   --->   Operation 53 'partselect' 'm_fix_hi' <Predicate = true> <Delay = 0.00>
ST_2 : Operation 54 [1/1] (0.00ns)   --->   "%tmp_30 = bitselect i1 @_ssdm_op_BitSelect.i1.i71.i32, i71 %m_fix, i32 70" [C:\scratch\2025.1\hls_product\640\2025.1\src\shared\hls\clib/hlsmath/include/FloatingPoint\hls_exp_.h:240]   --->   Operation 54 'bitselect' 'tmp_30' <Predicate = true> <Delay = 0.00>
ST_2 : Operation 55 [1/1] (0.00ns)   --->   "%sext_ln243 = sext i16 %m_fix_hi" [C:\scratch\2025.1\hls_product\640\2025.1\src\shared\hls\clib/hlsmath/include/FloatingPoint\hls_exp_.h:243]   --->   Operation 55 'sext' 'sext_ln243' <Predicate = true> <Delay = 0.00>
ST_2 : Operation 56 [3/3] (1.38ns) (grouped into DSP with root node add_ln243)   --->   "%mul_ln243 = mul i31 %sext_ln243, i31 23637" [C:\scratch\2025.1\hls_product\640\2025.1\src\shared\hls\clib/hlsmath/include/FloatingPoint\hls_exp_.h:243]   --->   Operation 56 'mul' 'mul_ln243' <Predicate = true> <Delay = 1.38> <CoreInst = "DSP48">   --->   Core 116 'DSP48' <Latency = 3> <II = 1> <Delay = 1.82> <IPBlock> <Opcode : 'add' 'sub' 'mul' 'select'> <InPorts = 0> <OutPorts = 1> <Sync> <CReg>
ST_2 : Operation 57 [1/1] (0.00ns)   --->   "%trunc_ln255 = trunc i71 %m_fix" [C:\scratch\2025.1\hls_product\640\2025.1\src\shared\hls\clib/hlsmath/include/FloatingPoint\hls_exp_.h:255]   --->   Operation 57 'trunc' 'trunc_ln255' <Predicate = true> <Delay = 0.00>

State 3 <SV = 2> <Delay = 6.64>
ST_3 : Operation 58 [1/1] (0.00ns)   --->   "%zext_ln230 = zext i32 %sext_ln229_1" [C:\scratch\2025.1\hls_product\640\2025.1\src\shared\hls\clib/hlsmath/include/FloatingPoint\hls_exp_.h:230]   --->   Operation 58 'zext' 'zext_ln230' <Predicate = true> <Delay = 0.00>
ST_3 : Operation 59 [1/1] (3.47ns)   --->   "%shl_ln230 = shl i64 %m_fix_l, i64 %zext_ln230" [C:\scratch\2025.1\hls_product\640\2025.1\src\shared\hls\clib/hlsmath/include/FloatingPoint\hls_exp_.h:230]   --->   Operation 59 'shl' 'shl_ln230' <Predicate = (tmp)> <Delay = 3.47> <CoreInst = "Shifter">   --->   Core 75 'Shifter' <Latency = 0> <II = 1> <Delay = 3.47> <FuncUnit> <Opcode : 'shl' 'lshr' 'ashr'> <InPorts = 2> <OutPorts = 1>
ST_3 : Operation 60 [1/1] (3.47ns)   --->   "%ashr_ln230 = ashr i64 %m_fix_l, i64 %zext_ln230" [C:\scratch\2025.1\hls_product\640\2025.1\src\shared\hls\clib/hlsmath/include/FloatingPoint\hls_exp_.h:230]   --->   Operation 60 'ashr' 'ashr_ln230' <Predicate = (!tmp)> <Delay = 3.47> <CoreInst = "Shifter">   --->   Core 75 'Shifter' <Latency = 0> <II = 1> <Delay = 3.47> <FuncUnit> <Opcode : 'shl' 'lshr' 'ashr'> <InPorts = 2> <OutPorts = 1>
ST_3 : Operation 61 [2/3] (1.38ns) (grouped into DSP with root node add_ln243)   --->   "%mul_ln243 = mul i31 %sext_ln243, i31 23637" [C:\scratch\2025.1\hls_product\640\2025.1\src\shared\hls\clib/hlsmath/include/FloatingPoint\hls_exp_.h:243]   --->   Operation 61 'mul' 'mul_ln243' <Predicate = true> <Delay = 1.38> <CoreInst = "DSP48">   --->   Core 116 'DSP48' <Latency = 3> <II = 1> <Delay = 1.82> <IPBlock> <Opcode : 'add' 'sub' 'mul' 'select'> <InPorts = 0> <OutPorts = 1> <Sync> <CReg>
ST_3 : Operation 62 [1/1] (0.00ns) (grouped into LUT with out node icmp_ln309_2)   --->   "%select_ln230 = select i1 %tmp, i64 %shl_ln230, i64 %ashr_ln230" [C:\scratch\2025.1\hls_product\640\2025.1\src\shared\hls\clib/hlsmath/include/FloatingPoint\hls_exp_.h:230]   --->   Operation 62 'select' 'select_ln230' <Predicate = true> <Delay = 0.00> <CoreInst = "Sel">   --->   Core 73 'Sel' <Latency = 0> <II = 1> <Delay = 0.83> <FuncUnit> <Opcode : 'select'> <InPorts = 3> <OutPorts = 1>
ST_3 : Operation 63 [1/1] (0.00ns) (grouped into LUT with out node icmp_ln309_2)   --->   "%shl_ln2 = bitconcatenate i71 @_ssdm_op_BitConcatenate.i71.i64.i7, i64 %select_ln230, i7 0" [C:\scratch\2025.1\hls_product\640\2025.1\src\shared\hls\clib/hlsmath/include/FloatingPoint\hls_exp_.h:309]   --->   Operation 63 'bitconcatenate' 'shl_ln2' <Predicate = true> <Delay = 0.00>
ST_3 : Operation 64 [1/1] (3.16ns) (out node of the LUT)   --->   "%icmp_ln309_2 = icmp_ne  i71 %shl_ln2, i71 %sext_ln227" [C:\scratch\2025.1\hls_product\640\2025.1\src\shared\hls\clib/hlsmath/include/FloatingPoint\hls_exp_.h:309]   --->   Operation 64 'icmp' 'icmp_ln309_2' <Predicate = true> <Delay = 3.16> <CoreInst = "Cmp">   --->   Core 9 'Cmp' <Latency = 0> <II = 1> <Delay = 3.16> <FuncUnit> <Opcode : 'seteq' 'setne' 'setle' 'setge' 'setlt' 'setgt'> <InPorts = 2> <OutPorts = 1>

State 4 <SV = 3> <Delay = 1.76>
ST_4 : Operation 65 [1/3] (0.00ns) (grouped into DSP with root node add_ln243)   --->   "%mul_ln243 = mul i31 %sext_ln243, i31 23637" [C:\scratch\2025.1\hls_product\640\2025.1\src\shared\hls\clib/hlsmath/include/FloatingPoint\hls_exp_.h:243]   --->   Operation 65 'mul' 'mul_ln243' <Predicate = true> <Delay = 0.00> <CoreInst = "DSP48">   --->   Core 116 'DSP48' <Latency = 3> <II = 1> <Delay = 1.82> <IPBlock> <Opcode : 'add' 'sub' 'mul' 'select'> <InPorts = 0> <OutPorts = 1> <Sync> <CReg>
ST_4 : Operation 66 [1/1] (0.00ns)   --->   "%shl_ln = bitconcatenate i19 @_ssdm_op_BitConcatenate.i19.i1.i18, i1 %tmp_30, i18 131072" [C:\scratch\2025.1\hls_product\640\2025.1\src\shared\hls\clib/hlsmath/include/FloatingPoint\hls_exp_.h:243]   --->   Operation 66 'bitconcatenate' 'shl_ln' <Predicate = true> <Delay = 0.00>
ST_4 : Operation 67 [1/1] (0.00ns)   --->   "%sext_ln243_1 = sext i19 %shl_ln" [C:\scratch\2025.1\hls_product\640\2025.1\src\shared\hls\clib/hlsmath/include/FloatingPoint\hls_exp_.h:243]   --->   Operation 67 'sext' 'sext_ln243_1' <Predicate = true> <Delay = 0.00>
ST_4 : Operation 68 [2/2] (1.76ns) (root node of the DSP)   --->   "%add_ln243 = add i31 %mul_ln243, i31 %sext_ln243_1" [C:\scratch\2025.1\hls_product\640\2025.1\src\shared\hls\clib/hlsmath/include/FloatingPoint\hls_exp_.h:243]   --->   Operation 68 'add' 'add_ln243' <Predicate = true> <Delay = 1.76> <CoreInst = "DSP48">   --->   Core 116 'DSP48' <Latency = 3> <II = 1> <Delay = 1.82> <IPBlock> <Opcode : 'add' 'sub' 'mul' 'select'> <InPorts = 0> <OutPorts = 1> <Sync> <CReg>

State 5 <SV = 4> <Delay = 4.24>
ST_5 : Operation 69 [1/2] (1.76ns) (root node of the DSP)   --->   "%add_ln243 = add i31 %mul_ln243, i31 %sext_ln243_1" [C:\scratch\2025.1\hls_product\640\2025.1\src\shared\hls\clib/hlsmath/include/FloatingPoint\hls_exp_.h:243]   --->   Operation 69 'add' 'add_ln243' <Predicate = true> <Delay = 1.76> <CoreInst = "DSP48">   --->   Core 116 'DSP48' <Latency = 3> <II = 1> <Delay = 1.82> <IPBlock> <Opcode : 'add' 'sub' 'mul' 'select'> <InPorts = 0> <OutPorts = 1> <Sync> <CReg>
ST_5 : Operation 70 [1/1] (0.00ns)   --->   "%trunc_ln = partselect i13 @_ssdm_op_PartSelect.i13.i31.i32.i32, i31 %add_ln243, i32 18, i32 30" [C:\scratch\2025.1\hls_product\640\2025.1\src\shared\hls\clib/hlsmath/include/FloatingPoint\hls_exp_.h:243]   --->   Operation 70 'partselect' 'trunc_ln' <Predicate = true> <Delay = 0.00>
ST_5 : Operation 71 [1/1] (0.00ns) (grouped into LUT with out node r_exp)   --->   "%tmp_31 = bitselect i1 @_ssdm_op_BitSelect.i1.i31.i32, i31 %add_ln243, i32 30" [C:\scratch\2025.1\hls_product\640\2025.1\src\shared\hls\clib/hlsmath/include/FloatingPoint\hls_exp_.h:243]   --->   Operation 71 'bitselect' 'tmp_31' <Predicate = true> <Delay = 0.00>
ST_5 : Operation 72 [1/1] (0.00ns)   --->   "%trunc_ln243 = trunc i31 %add_ln243" [C:\scratch\2025.1\hls_product\640\2025.1\src\shared\hls\clib/hlsmath/include/FloatingPoint\hls_exp_.h:243]   --->   Operation 72 'trunc' 'trunc_ln243' <Predicate = true> <Delay = 0.00>
ST_5 : Operation 73 [1/1] (1.88ns)   --->   "%icmp_ln243 = icmp_ne  i18 %trunc_ln243, i18 0" [C:\scratch\2025.1\hls_product\640\2025.1\src\shared\hls\clib/hlsmath/include/FloatingPoint\hls_exp_.h:243]   --->   Operation 73 'icmp' 'icmp_ln243' <Predicate = true> <Delay = 1.88> <CoreInst = "Cmp">   --->   Core 9 'Cmp' <Latency = 0> <II = 1> <Delay = 1.88> <FuncUnit> <Opcode : 'seteq' 'setne' 'setle' 'setge' 'setlt' 'setgt'> <InPorts = 2> <OutPorts = 1>
ST_5 : Operation 74 [1/1] (1.79ns)   --->   "%add_ln243_1 = add i13 %trunc_ln, i13 1" [C:\scratch\2025.1\hls_product\640\2025.1\src\shared\hls\clib/hlsmath/include/FloatingPoint\hls_exp_.h:243]   --->   Operation 74 'add' 'add_ln243_1' <Predicate = true> <Delay = 1.79> <CoreInst = "Adder">   --->   Core 1 'Adder' <Latency = 0> <II = 1> <Delay = 1.79> <FuncUnit> <Opcode : 'add' 'sub'> <InPorts = 2> <OutPorts = 1>
ST_5 : Operation 75 [1/1] (0.00ns) (grouped into LUT with out node r_exp)   --->   "%select_ln243 = select i1 %icmp_ln243, i13 %add_ln243_1, i13 %trunc_ln" [C:\scratch\2025.1\hls_product\640\2025.1\src\shared\hls\clib/hlsmath/include/FloatingPoint\hls_exp_.h:243]   --->   Operation 75 'select' 'select_ln243' <Predicate = true> <Delay = 0.00> <CoreInst = "Sel">   --->   Core 73 'Sel' <Latency = 0> <II = 1> <Delay = 0.60> <FuncUnit> <Opcode : 'select'> <InPorts = 3> <OutPorts = 1>
ST_5 : Operation 76 [1/1] (0.60ns) (out node of the LUT)   --->   "%r_exp = select i1 %tmp_31, i13 %select_ln243, i13 %trunc_ln" [C:\scratch\2025.1\hls_product\640\2025.1\src\shared\hls\clib/hlsmath/include/FloatingPoint\hls_exp_.h:243]   --->   Operation 76 'select' 'r_exp' <Predicate = true> <Delay = 0.60> <CoreInst = "Sel">   --->   Core 73 'Sel' <Latency = 0> <II = 1> <Delay = 0.60> <FuncUnit> <Opcode : 'select'> <InPorts = 3> <OutPorts = 1>

State 6 <SV = 5> <Delay = 5.71>
ST_6 : Operation 77 [1/1] (0.00ns)   --->   "%sext_ln249 = sext i13 %r_exp" [C:\scratch\2025.1\hls_product\640\2025.1\src\shared\hls\clib/hlsmath/include/FloatingPoint\hls_exp_.h:249]   --->   Operation 77 'sext' 'sext_ln249' <Predicate = true> <Delay = 0.00>
ST_6 : Operation 78 [5/5] (5.71ns)   --->   "%mul_ln249 = mul i71 %sext_ln249, i71 1636647506585939924452" [C:\scratch\2025.1\hls_product\640\2025.1\src\shared\hls\clib/hlsmath/include/FloatingPoint\hls_exp_.h:249]   --->   Operation 78 'mul' 'mul_ln249' <Predicate = true> <Delay = 5.71> <CoreInst = "Multiplier">   --->   Core 3 'Multiplier' <Latency = 4> <II = 1> <Delay = 5.71> <FuncUnit> <Opcode : 'mul'> <InPorts = 2> <OutPorts = 1>

State 7 <SV = 6> <Delay = 5.71>
ST_7 : Operation 79 [4/5] (5.71ns)   --->   "%mul_ln249 = mul i71 %sext_ln249, i71 1636647506585939924452" [C:\scratch\2025.1\hls_product\640\2025.1\src\shared\hls\clib/hlsmath/include/FloatingPoint\hls_exp_.h:249]   --->   Operation 79 'mul' 'mul_ln249' <Predicate = true> <Delay = 5.71> <CoreInst = "Multiplier">   --->   Core 3 'Multiplier' <Latency = 4> <II = 1> <Delay = 5.71> <FuncUnit> <Opcode : 'mul'> <InPorts = 2> <OutPorts = 1>

State 8 <SV = 7> <Delay = 5.71>
ST_8 : Operation 80 [3/5] (5.71ns)   --->   "%mul_ln249 = mul i71 %sext_ln249, i71 1636647506585939924452" [C:\scratch\2025.1\hls_product\640\2025.1\src\shared\hls\clib/hlsmath/include/FloatingPoint\hls_exp_.h:249]   --->   Operation 80 'mul' 'mul_ln249' <Predicate = true> <Delay = 5.71> <CoreInst = "Multiplier">   --->   Core 3 'Multiplier' <Latency = 4> <II = 1> <Delay = 5.71> <FuncUnit> <Opcode : 'mul'> <InPorts = 2> <OutPorts = 1>

State 9 <SV = 8> <Delay = 5.71>
ST_9 : Operation 81 [2/5] (5.71ns)   --->   "%mul_ln249 = mul i71 %sext_ln249, i71 1636647506585939924452" [C:\scratch\2025.1\hls_product\640\2025.1\src\shared\hls\clib/hlsmath/include/FloatingPoint\hls_exp_.h:249]   --->   Operation 81 'mul' 'mul_ln249' <Predicate = true> <Delay = 5.71> <CoreInst = "Multiplier">   --->   Core 3 'Multiplier' <Latency = 4> <II = 1> <Delay = 5.71> <FuncUnit> <Opcode : 'mul'> <InPorts = 2> <OutPorts = 1>

State 10 <SV = 9> <Delay = 5.71>
ST_10 : Operation 82 [1/5] (5.71ns)   --->   "%mul_ln249 = mul i71 %sext_ln249, i71 1636647506585939924452" [C:\scratch\2025.1\hls_product\640\2025.1\src\shared\hls\clib/hlsmath/include/FloatingPoint\hls_exp_.h:249]   --->   Operation 82 'mul' 'mul_ln249' <Predicate = true> <Delay = 5.71> <CoreInst = "Multiplier">   --->   Core 3 'Multiplier' <Latency = 4> <II = 1> <Delay = 5.71> <FuncUnit> <Opcode : 'mul'> <InPorts = 2> <OutPorts = 1>
ST_10 : Operation 83 [1/1] (0.00ns)   --->   "%tmp_26 = partselect i58 @_ssdm_op_PartSelect.i58.i71.i32.i32, i71 %mul_ln249, i32 13, i32 70" [C:\scratch\2025.1\hls_product\640\2025.1\src\shared\hls\clib/hlsmath/include/FloatingPoint\hls_exp_.h:255]   --->   Operation 83 'partselect' 'tmp_26' <Predicate = true> <Delay = 0.00>

State 11 <SV = 10> <Delay = 5.64>
ST_11 : Operation 84 [1/1] (0.00ns)   --->   "%and_ln = bitconcatenate i59 @_ssdm_op_BitConcatenate.i59.i58.i1, i58 %tmp_26, i1 0" [C:\scratch\2025.1\hls_product\640\2025.1\src\shared\hls\clib/hlsmath/include/FloatingPoint\hls_exp_.h:255]   --->   Operation 84 'bitconcatenate' 'and_ln' <Predicate = true> <Delay = 0.00>
ST_11 : Operation 85 [1/1] (2.87ns)   --->   "%sub_ln255 = sub i59 %trunc_ln255, i59 %and_ln" [C:\scratch\2025.1\hls_product\640\2025.1\src\shared\hls\clib/hlsmath/include/FloatingPoint\hls_exp_.h:255]   --->   Operation 85 'sub' 'sub_ln255' <Predicate = true> <Delay = 2.87> <CoreInst = "Adder">   --->   Core 1 'Adder' <Latency = 0> <II = 1> <Delay = 2.87> <FuncUnit> <Opcode : 'add' 'sub'> <InPorts = 2> <OutPorts = 1>
ST_11 : Operation 86 [1/1] (0.00ns)   --->   "%m_diff_hi = partselect i8 @_ssdm_op_PartSelect.i8.i59.i32.i32, i59 %sub_ln255, i32 51, i32 58" [C:\scratch\2025.1\hls_product\640\2025.1\src\shared\hls\clib/hlsmath/include/FloatingPoint\hls_exp_.h:286]   --->   Operation 86 'partselect' 'm_diff_hi' <Predicate = true> <Delay = 0.00>
ST_11 : Operation 87 [1/1] (0.00ns)   --->   "%Z2 = partselect i8 @_ssdm_op_PartSelect.i8.i59.i32.i32, i59 %sub_ln255, i32 43, i32 50" [C:\scratch\2025.1\hls_product\640\2025.1\src\shared\hls\clib/hlsmath/include/FloatingPoint\hls_exp_.h:96->C:\scratch\2025.1\hls_product\640\2025.1\src\shared\hls\clib/hlsmath/include/FloatingPoint\hls_exp_.h:293]   --->   Operation 87 'partselect' 'Z2' <Predicate = true> <Delay = 0.00>
ST_11 : Operation 88 [1/1] (0.00ns)   --->   "%Z3 = partselect i8 @_ssdm_op_PartSelect.i8.i59.i32.i32, i59 %sub_ln255, i32 35, i32 42" [C:\scratch\2025.1\hls_product\640\2025.1\src\shared\hls\clib/hlsmath/include/FloatingPoint\hls_exp_.h:98->C:\scratch\2025.1\hls_product\640\2025.1\src\shared\hls\clib/hlsmath/include/FloatingPoint\hls_exp_.h:293]   --->   Operation 88 'partselect' 'Z3' <Predicate = true> <Delay = 0.00>
ST_11 : Operation 89 [1/1] (0.00ns)   --->   "%Z4 = trunc i59 %sub_ln255" [C:\scratch\2025.1\hls_product\640\2025.1\src\shared\hls\clib/hlsmath/include/FloatingPoint\hls_exp_.h:99->C:\scratch\2025.1\hls_product\640\2025.1\src\shared\hls\clib/hlsmath/include/FloatingPoint\hls_exp_.h:293]   --->   Operation 89 'trunc' 'Z4' <Predicate = true> <Delay = 0.00>
ST_11 : Operation 90 [1/1] (0.00ns)   --->   "%Z4_ind = partselect i8 @_ssdm_op_PartSelect.i8.i59.i32.i32, i59 %sub_ln255, i32 27, i32 34" [C:\scratch\2025.1\hls_product\640\2025.1\src\shared\hls\clib/hlsmath/include/FloatingPoint\hls_exp_.h:113->C:\scratch\2025.1\hls_product\640\2025.1\src\shared\hls\clib/hlsmath/include/FloatingPoint\hls_exp_.h:293]   --->   Operation 90 'partselect' 'Z4_ind' <Predicate = true> <Delay = 0.00>
ST_11 : Operation 91 [1/1] (0.00ns)   --->   "%zext_ln114 = zext i8 %Z4_ind" [C:\scratch\2025.1\hls_product\640\2025.1\src\shared\hls\clib/hlsmath/include/FloatingPoint\hls_exp_.h:114->C:\scratch\2025.1\hls_product\640\2025.1\src\shared\hls\clib/hlsmath/include/FloatingPoint\hls_exp_.h:293]   --->   Operation 91 'zext' 'zext_ln114' <Predicate = true> <Delay = 0.00>
ST_11 : Operation 92 [1/1] (0.00ns)   --->   "%table_f_Z3_ap_ufixed_59_0_ap_q_mode_5_ap_o_mode_3_0_array_addr = getelementptr i26 %table_f_Z3_ap_ufixed_59_0_ap_q_mode_5_ap_o_mode_3_0_array, i64 0, i64 %zext_ln114" [C:\scratch\2025.1\hls_product\640\2025.1\src\shared\hls\clib/hlsmath/include/FloatingPoint\hls_exp_.h:114->C:\scratch\2025.1\hls_product\640\2025.1\src\shared\hls\clib/hlsmath/include/FloatingPoint\hls_exp_.h:293]   --->   Operation 92 'getelementptr' 'table_f_Z3_ap_ufixed_59_0_ap_q_mode_5_ap_o_mode_3_0_array_addr' <Predicate = true> <Delay = 0.00>
ST_11 : Operation 93 [2/2] (2.77ns)   --->   "%table_f_Z3_ap_ufixed_59_0_ap_q_mode_5_ap_o_mode_3_0_array_load = load i8 %table_f_Z3_ap_ufixed_59_0_ap_q_mode_5_ap_o_mode_3_0_array_addr" [C:\scratch\2025.1\hls_product\640\2025.1\src\shared\hls\clib/hlsmath/include/FloatingPoint\hls_exp_.h:114->C:\scratch\2025.1\hls_product\640\2025.1\src\shared\hls\clib/hlsmath/include/FloatingPoint\hls_exp_.h:293]   --->   Operation 93 'load' 'table_f_Z3_ap_ufixed_59_0_ap_q_mode_5_ap_o_mode_3_0_array_load' <Predicate = true> <Delay = 2.77> <CoreInst = "ROM">   --->   Core 94 'ROM' <Latency = 1> <II = 1> <Delay = 2.77> <Storage> <Opcode : 'load'> <Ports = 0> <Width = 26> <Depth = 256> <ROM>
ST_11 : Operation 94 [1/1] (0.00ns)   --->   "%zext_ln119 = zext i8 %Z3" [C:\scratch\2025.1\hls_product\640\2025.1\src\shared\hls\clib/hlsmath/include/FloatingPoint\hls_exp_.h:119->C:\scratch\2025.1\hls_product\640\2025.1\src\shared\hls\clib/hlsmath/include/FloatingPoint\hls_exp_.h:293]   --->   Operation 94 'zext' 'zext_ln119' <Predicate = true> <Delay = 0.00>
ST_11 : Operation 95 [1/1] (0.00ns)   --->   "%table_f_Z3_ap_ufixed_59_0_ap_q_mode_5_ap_o_mode_3_0_array_addr_1 = getelementptr i26 %table_f_Z3_ap_ufixed_59_0_ap_q_mode_5_ap_o_mode_3_0_array, i64 0, i64 %zext_ln119" [C:\scratch\2025.1\hls_product\640\2025.1\src\shared\hls\clib/hlsmath/include/FloatingPoint\hls_exp_.h:119->C:\scratch\2025.1\hls_product\640\2025.1\src\shared\hls\clib/hlsmath/include/FloatingPoint\hls_exp_.h:293]   --->   Operation 95 'getelementptr' 'table_f_Z3_ap_ufixed_59_0_ap_q_mode_5_ap_o_mode_3_0_array_addr_1' <Predicate = true> <Delay = 0.00>
ST_11 : Operation 96 [2/2] (2.77ns)   --->   "%f_Z3 = load i8 %table_f_Z3_ap_ufixed_59_0_ap_q_mode_5_ap_o_mode_3_0_array_addr_1" [C:\scratch\2025.1\hls_product\640\2025.1\src\shared\hls\clib/hlsmath/include/FloatingPoint\hls_exp_.h:119->C:\scratch\2025.1\hls_product\640\2025.1\src\shared\hls\clib/hlsmath/include/FloatingPoint\hls_exp_.h:293]   --->   Operation 96 'load' 'f_Z3' <Predicate = true> <Delay = 2.77> <CoreInst = "ROM">   --->   Core 94 'ROM' <Latency = 1> <II = 1> <Delay = 2.77> <Storage> <Opcode : 'load'> <Ports = 0> <Width = 26> <Depth = 256> <ROM>

State 12 <SV = 11> <Delay = 5.02>
ST_12 : Operation 97 [1/2] ( I:2.77ns O:2.77ns )   --->   "%table_f_Z3_ap_ufixed_59_0_ap_q_mode_5_ap_o_mode_3_0_array_load = load i8 %table_f_Z3_ap_ufixed_59_0_ap_q_mode_5_ap_o_mode_3_0_array_addr" [C:\scratch\2025.1\hls_product\640\2025.1\src\shared\hls\clib/hlsmath/include/FloatingPoint\hls_exp_.h:114->C:\scratch\2025.1\hls_product\640\2025.1\src\shared\hls\clib/hlsmath/include/FloatingPoint\hls_exp_.h:293]   --->   Operation 97 'load' 'table_f_Z3_ap_ufixed_59_0_ap_q_mode_5_ap_o_mode_3_0_array_load' <Predicate = true> <Delay = 2.77> <CoreInst = "ROM">   --->   Core 94 'ROM' <Latency = 1> <II = 1> <Delay = 2.77> <Storage> <Opcode : 'load'> <Ports = 0> <Width = 26> <Depth = 256> <ROM>
ST_12 : Operation 98 [1/1] (0.00ns)   --->   "%f_Z4 = partselect i10 @_ssdm_op_PartSelect.i10.i26.i32.i32, i26 %table_f_Z3_ap_ufixed_59_0_ap_q_mode_5_ap_o_mode_3_0_array_load, i32 16, i32 25" [C:\scratch\2025.1\hls_product\640\2025.1\src\shared\hls\clib/hlsmath/include/FloatingPoint\hls_exp_.h:114->C:\scratch\2025.1\hls_product\640\2025.1\src\shared\hls\clib/hlsmath/include/FloatingPoint\hls_exp_.h:293]   --->   Operation 98 'partselect' 'f_Z4' <Predicate = true> <Delay = 0.00>
ST_12 : Operation 99 [1/1] (0.00ns)   --->   "%zext_ln115 = zext i35 %Z4" [C:\scratch\2025.1\hls_product\640\2025.1\src\shared\hls\clib/hlsmath/include/FloatingPoint\hls_exp_.h:115->C:\scratch\2025.1\hls_product\640\2025.1\src\shared\hls\clib/hlsmath/include/FloatingPoint\hls_exp_.h:293]   --->   Operation 99 'zext' 'zext_ln115' <Predicate = true> <Delay = 0.00>
ST_12 : Operation 100 [1/1] (0.00ns)   --->   "%zext_ln115_1 = zext i10 %f_Z4" [C:\scratch\2025.1\hls_product\640\2025.1\src\shared\hls\clib/hlsmath/include/FloatingPoint\hls_exp_.h:115->C:\scratch\2025.1\hls_product\640\2025.1\src\shared\hls\clib/hlsmath/include/FloatingPoint\hls_exp_.h:293]   --->   Operation 100 'zext' 'zext_ln115_1' <Predicate = true> <Delay = 0.00>
ST_12 : Operation 101 [1/1] (2.25ns)   --->   "%exp_Z4_m_1 = add i36 %zext_ln115, i36 %zext_ln115_1" [C:\scratch\2025.1\hls_product\640\2025.1\src\shared\hls\clib/hlsmath/include/FloatingPoint\hls_exp_.h:115->C:\scratch\2025.1\hls_product\640\2025.1\src\shared\hls\clib/hlsmath/include/FloatingPoint\hls_exp_.h:293]   --->   Operation 101 'add' 'exp_Z4_m_1' <Predicate = true> <Delay = 2.25> <CoreInst = "Adder">   --->   Core 1 'Adder' <Latency = 0> <II = 1> <Delay = 2.28> <FuncUnit> <Opcode : 'add' 'sub'> <InPorts = 2> <OutPorts = 1>
ST_12 : Operation 102 [1/2] ( I:2.77ns O:2.77ns )   --->   "%f_Z3 = load i8 %table_f_Z3_ap_ufixed_59_0_ap_q_mode_5_ap_o_mode_3_0_array_addr_1" [C:\scratch\2025.1\hls_product\640\2025.1\src\shared\hls\clib/hlsmath/include/FloatingPoint\hls_exp_.h:119->C:\scratch\2025.1\hls_product\640\2025.1\src\shared\hls\clib/hlsmath/include/FloatingPoint\hls_exp_.h:293]   --->   Operation 102 'load' 'f_Z3' <Predicate = true> <Delay = 2.77> <CoreInst = "ROM">   --->   Core 94 'ROM' <Latency = 1> <II = 1> <Delay = 2.77> <Storage> <Opcode : 'load'> <Ports = 0> <Width = 26> <Depth = 256> <ROM>

State 13 <SV = 12> <Delay = 6.67>
ST_13 : Operation 103 [1/1] (0.00ns)   --->   "%exp_Z3_m_1 = bitconcatenate i43 @_ssdm_op_BitConcatenate.i43.i8.i9.i26, i8 %Z3, i9 0, i26 %f_Z3" [C:\scratch\2025.1\hls_product\640\2025.1\src\shared\hls\clib/hlsmath/include/FloatingPoint\hls_exp_.h:120->C:\scratch\2025.1\hls_product\640\2025.1\src\shared\hls\clib/hlsmath/include/FloatingPoint\hls_exp_.h:293]   --->   Operation 103 'bitconcatenate' 'exp_Z3_m_1' <Predicate = true> <Delay = 0.00>
ST_13 : Operation 104 [1/1] (0.00ns)   --->   "%zext_ln123 = zext i43 %exp_Z3_m_1" [C:\scratch\2025.1\hls_product\640\2025.1\src\shared\hls\clib/hlsmath/include/FloatingPoint\hls_exp_.h:123->C:\scratch\2025.1\hls_product\640\2025.1\src\shared\hls\clib/hlsmath/include/FloatingPoint\hls_exp_.h:293]   --->   Operation 104 'zext' 'zext_ln123' <Predicate = true> <Delay = 0.00>
ST_13 : Operation 105 [1/1] (0.00ns)   --->   "%zext_ln123_1 = zext i36 %exp_Z4_m_1" [C:\scratch\2025.1\hls_product\640\2025.1\src\shared\hls\clib/hlsmath/include/FloatingPoint\hls_exp_.h:123->C:\scratch\2025.1\hls_product\640\2025.1\src\shared\hls\clib/hlsmath/include/FloatingPoint\hls_exp_.h:293]   --->   Operation 105 'zext' 'zext_ln123_1' <Predicate = true> <Delay = 0.00>
ST_13 : Operation 106 [2/2] (6.67ns)   --->   "%mul_ln123 = mul i79 %zext_ln123, i79 %zext_ln123_1" [C:\scratch\2025.1\hls_product\640\2025.1\src\shared\hls\clib/hlsmath/include/FloatingPoint\hls_exp_.h:123->C:\scratch\2025.1\hls_product\640\2025.1\src\shared\hls\clib/hlsmath/include/FloatingPoint\hls_exp_.h:293]   --->   Operation 106 'mul' 'mul_ln123' <Predicate = true> <Delay = 6.67> <CoreInst = "Multiplier">   --->   Core 3 'Multiplier' <Latency = 1> <II = 1> <Delay = 6.67> <FuncUnit> <Opcode : 'mul'> <InPorts = 2> <OutPorts = 1>

State 14 <SV = 13> <Delay = 6.67>
ST_14 : Operation 107 [1/2] (6.67ns)   --->   "%mul_ln123 = mul i79 %zext_ln123, i79 %zext_ln123_1" [C:\scratch\2025.1\hls_product\640\2025.1\src\shared\hls\clib/hlsmath/include/FloatingPoint\hls_exp_.h:123->C:\scratch\2025.1\hls_product\640\2025.1\src\shared\hls\clib/hlsmath/include/FloatingPoint\hls_exp_.h:293]   --->   Operation 107 'mul' 'mul_ln123' <Predicate = true> <Delay = 6.67> <CoreInst = "Multiplier">   --->   Core 3 'Multiplier' <Latency = 1> <II = 1> <Delay = 6.67> <FuncUnit> <Opcode : 'mul'> <InPorts = 2> <OutPorts = 1>
ST_14 : Operation 108 [1/1] (0.00ns)   --->   "%tmp_27 = partselect i20 @_ssdm_op_PartSelect.i20.i79.i32.i32, i79 %mul_ln123, i32 59, i32 78" [C:\scratch\2025.1\hls_product\640\2025.1\src\shared\hls\clib/hlsmath/include/FloatingPoint\hls_exp_.h:126->C:\scratch\2025.1\hls_product\640\2025.1\src\shared\hls\clib/hlsmath/include/FloatingPoint\hls_exp_.h:293]   --->   Operation 108 'partselect' 'tmp_27' <Predicate = true> <Delay = 0.00>
ST_14 : Operation 109 [1/1] (0.00ns)   --->   "%zext_ln138 = zext i8 %Z2" [C:\scratch\2025.1\hls_product\640\2025.1\src\shared\hls\clib/hlsmath/include/FloatingPoint\hls_exp_.h:138->C:\scratch\2025.1\hls_product\640\2025.1\src\shared\hls\clib/hlsmath/include/FloatingPoint\hls_exp_.h:293]   --->   Operation 109 'zext' 'zext_ln138' <Predicate = true> <Delay = 0.00>
ST_14 : Operation 110 [1/1] (0.00ns)   --->   "%table_f_Z2_ap_ufixed_59_0_ap_q_mode_5_ap_o_mode_3_0_array_addr = getelementptr i42 %table_f_Z2_ap_ufixed_59_0_ap_q_mode_5_ap_o_mode_3_0_array, i64 0, i64 %zext_ln138" [C:\scratch\2025.1\hls_product\640\2025.1\src\shared\hls\clib/hlsmath/include/FloatingPoint\hls_exp_.h:138->C:\scratch\2025.1\hls_product\640\2025.1\src\shared\hls\clib/hlsmath/include/FloatingPoint\hls_exp_.h:293]   --->   Operation 110 'getelementptr' 'table_f_Z2_ap_ufixed_59_0_ap_q_mode_5_ap_o_mode_3_0_array_addr' <Predicate = true> <Delay = 0.00>
ST_14 : Operation 111 [2/2] (2.77ns)   --->   "%f_Z2 = load i8 %table_f_Z2_ap_ufixed_59_0_ap_q_mode_5_ap_o_mode_3_0_array_addr" [C:\scratch\2025.1\hls_product\640\2025.1\src\shared\hls\clib/hlsmath/include/FloatingPoint\hls_exp_.h:138->C:\scratch\2025.1\hls_product\640\2025.1\src\shared\hls\clib/hlsmath/include/FloatingPoint\hls_exp_.h:293]   --->   Operation 111 'load' 'f_Z2' <Predicate = true> <Delay = 2.77> <CoreInst = "ROM">   --->   Core 94 'ROM' <Latency = 1> <II = 1> <Delay = 2.77> <Storage> <Opcode : 'load'> <Ports = 0> <Width = 42> <Depth = 256> <ROM>

State 15 <SV = 14> <Delay = 4.03>
ST_15 : Operation 112 [1/1] (0.00ns)   --->   "%zext_ln120 = zext i43 %exp_Z3_m_1" [C:\scratch\2025.1\hls_product\640\2025.1\src\shared\hls\clib/hlsmath/include/FloatingPoint\hls_exp_.h:120->C:\scratch\2025.1\hls_product\640\2025.1\src\shared\hls\clib/hlsmath/include/FloatingPoint\hls_exp_.h:293]   --->   Operation 112 'zext' 'zext_ln120' <Predicate = true> <Delay = 0.00>
ST_15 : Operation 113 [1/1] (0.00ns)   --->   "%zext_ln126 = zext i36 %exp_Z4_m_1" [C:\scratch\2025.1\hls_product\640\2025.1\src\shared\hls\clib/hlsmath/include/FloatingPoint\hls_exp_.h:126->C:\scratch\2025.1\hls_product\640\2025.1\src\shared\hls\clib/hlsmath/include/FloatingPoint\hls_exp_.h:293]   --->   Operation 113 'zext' 'zext_ln126' <Predicate = true> <Delay = 0.00>
ST_15 : Operation 114 [1/1] (0.00ns)   --->   "%zext_ln126_1 = zext i20 %tmp_27" [C:\scratch\2025.1\hls_product\640\2025.1\src\shared\hls\clib/hlsmath/include/FloatingPoint\hls_exp_.h:126->C:\scratch\2025.1\hls_product\640\2025.1\src\shared\hls\clib/hlsmath/include/FloatingPoint\hls_exp_.h:293]   --->   Operation 114 'zext' 'zext_ln126_1' <Predicate = true> <Delay = 0.00>
ST_15 : Operation 115 [1/1] (0.00ns) (grouped into TernaryAdder)   --->   "%add_ln126 = add i44 %zext_ln120, i44 %zext_ln126" [C:\scratch\2025.1\hls_product\640\2025.1\src\shared\hls\clib/hlsmath/include/FloatingPoint\hls_exp_.h:126->C:\scratch\2025.1\hls_product\640\2025.1\src\shared\hls\clib/hlsmath/include/FloatingPoint\hls_exp_.h:293]   --->   Operation 115 'add' 'add_ln126' <Predicate = true> <Delay = 0.00> <CoreInst = "TAddSub">   --->   Core 10 'TAddSub' <Latency = 0> <II = 1> <Delay = 2.01> <IPBlock> <Opcode : 'add' 'sub'> <InPorts = 3> <OutPorts = 1> <Sync> <CReg>
ST_15 : Operation 116 [1/1] (4.03ns) (root node of TernaryAdder)   --->   "%exp_Z2P_m_1 = add i44 %add_ln126, i44 %zext_ln126_1" [C:\scratch\2025.1\hls_product\640\2025.1\src\shared\hls\clib/hlsmath/include/FloatingPoint\hls_exp_.h:126->C:\scratch\2025.1\hls_product\640\2025.1\src\shared\hls\clib/hlsmath/include/FloatingPoint\hls_exp_.h:293]   --->   Operation 116 'add' 'exp_Z2P_m_1' <Predicate = true> <Delay = 4.03> <CoreInst = "TAddSub">   --->   Core 10 'TAddSub' <Latency = 0> <II = 1> <Delay = 2.01> <IPBlock> <Opcode : 'add' 'sub'> <InPorts = 3> <OutPorts = 1> <Sync> <CReg>
ST_15 : Operation 117 [1/2] ( I:2.77ns O:2.77ns )   --->   "%f_Z2 = load i8 %table_f_Z2_ap_ufixed_59_0_ap_q_mode_5_ap_o_mode_3_0_array_addr" [C:\scratch\2025.1\hls_product\640\2025.1\src\shared\hls\clib/hlsmath/include/FloatingPoint\hls_exp_.h:138->C:\scratch\2025.1\hls_product\640\2025.1\src\shared\hls\clib/hlsmath/include/FloatingPoint\hls_exp_.h:293]   --->   Operation 117 'load' 'f_Z2' <Predicate = true> <Delay = 2.77> <CoreInst = "ROM">   --->   Core 94 'ROM' <Latency = 1> <II = 1> <Delay = 2.77> <Storage> <Opcode : 'load'> <Ports = 0> <Width = 42> <Depth = 256> <ROM>
ST_15 : Operation 118 [1/1] (0.00ns)   --->   "%tmp_28 = partselect i40 @_ssdm_op_PartSelect.i40.i42.i32.i32, i42 %f_Z2, i32 2, i32 41" [C:\scratch\2025.1\hls_product\640\2025.1\src\shared\hls\clib/hlsmath/include/FloatingPoint\hls_exp_.h:139->C:\scratch\2025.1\hls_product\640\2025.1\src\shared\hls\clib/hlsmath/include/FloatingPoint\hls_exp_.h:293]   --->   Operation 118 'partselect' 'tmp_28' <Predicate = true> <Delay = 0.00>

State 16 <SV = 15> <Delay = 7.17>
ST_16 : Operation 119 [1/1] (0.00ns)   --->   "%exp_Z2_m_1 = bitconcatenate i49 @_ssdm_op_BitConcatenate.i49.i8.i1.i40, i8 %Z2, i1 0, i40 %tmp_28" [C:\scratch\2025.1\hls_product\640\2025.1\src\shared\hls\clib/hlsmath/include/FloatingPoint\hls_exp_.h:139->C:\scratch\2025.1\hls_product\640\2025.1\src\shared\hls\clib/hlsmath/include/FloatingPoint\hls_exp_.h:293]   --->   Operation 119 'bitconcatenate' 'exp_Z2_m_1' <Predicate = true> <Delay = 0.00>
ST_16 : Operation 120 [1/1] (0.00ns)   --->   "%zext_ln142 = zext i49 %exp_Z2_m_1" [C:\scratch\2025.1\hls_product\640\2025.1\src\shared\hls\clib/hlsmath/include/FloatingPoint\hls_exp_.h:142->C:\scratch\2025.1\hls_product\640\2025.1\src\shared\hls\clib/hlsmath/include/FloatingPoint\hls_exp_.h:293]   --->   Operation 120 'zext' 'zext_ln142' <Predicate = true> <Delay = 0.00>
ST_16 : Operation 121 [1/1] (0.00ns)   --->   "%zext_ln142_1 = zext i44 %exp_Z2P_m_1" [C:\scratch\2025.1\hls_product\640\2025.1\src\shared\hls\clib/hlsmath/include/FloatingPoint\hls_exp_.h:142->C:\scratch\2025.1\hls_product\640\2025.1\src\shared\hls\clib/hlsmath/include/FloatingPoint\hls_exp_.h:293]   --->   Operation 121 'zext' 'zext_ln142_1' <Predicate = true> <Delay = 0.00>
ST_16 : Operation 122 [2/2] (7.17ns)   --->   "%mul_ln142 = mul i93 %zext_ln142, i93 %zext_ln142_1" [C:\scratch\2025.1\hls_product\640\2025.1\src\shared\hls\clib/hlsmath/include/FloatingPoint\hls_exp_.h:142->C:\scratch\2025.1\hls_product\640\2025.1\src\shared\hls\clib/hlsmath/include/FloatingPoint\hls_exp_.h:293]   --->   Operation 122 'mul' 'mul_ln142' <Predicate = true> <Delay = 7.17> <CoreInst = "Multiplier">   --->   Core 3 'Multiplier' <Latency = 1> <II = 1> <Delay = 7.17> <FuncUnit> <Opcode : 'mul'> <InPorts = 2> <OutPorts = 1>

State 17 <SV = 16> <Delay = 7.17>
ST_17 : Operation 123 [1/1] (0.00ns)   --->   "%zext_ln292 = zext i8 %m_diff_hi" [C:\scratch\2025.1\hls_product\640\2025.1\src\shared\hls\clib/hlsmath/include/FloatingPoint\hls_exp_.h:292]   --->   Operation 123 'zext' 'zext_ln292' <Predicate = true> <Delay = 0.00>
ST_17 : Operation 124 [1/1] (0.00ns)   --->   "%table_exp_Z1_ap_ufixed_58_1_ap_q_mode_5_ap_o_mode_3_0_array_addr = getelementptr i58 %table_exp_Z1_ap_ufixed_58_1_ap_q_mode_5_ap_o_mode_3_0_array, i64 0, i64 %zext_ln292" [C:\scratch\2025.1\hls_product\640\2025.1\src\shared\hls\clib/hlsmath/include/FloatingPoint\hls_exp_.h:292]   --->   Operation 124 'getelementptr' 'table_exp_Z1_ap_ufixed_58_1_ap_q_mode_5_ap_o_mode_3_0_array_addr' <Predicate = true> <Delay = 0.00>
ST_17 : Operation 125 [2/2] (2.77ns)   --->   "%exp_Z1 = load i8 %table_exp_Z1_ap_ufixed_58_1_ap_q_mode_5_ap_o_mode_3_0_array_addr" [C:\scratch\2025.1\hls_product\640\2025.1\src\shared\hls\clib/hlsmath/include/FloatingPoint\hls_exp_.h:292]   --->   Operation 125 'load' 'exp_Z1' <Predicate = true> <Delay = 2.77> <CoreInst = "ROM">   --->   Core 94 'ROM' <Latency = 1> <II = 1> <Delay = 2.77> <Storage> <Opcode : 'load'> <Ports = 0> <Width = 58> <Depth = 256> <ROM>
ST_17 : Operation 126 [1/2] (7.17ns)   --->   "%mul_ln142 = mul i93 %zext_ln142, i93 %zext_ln142_1" [C:\scratch\2025.1\hls_product\640\2025.1\src\shared\hls\clib/hlsmath/include/FloatingPoint\hls_exp_.h:142->C:\scratch\2025.1\hls_product\640\2025.1\src\shared\hls\clib/hlsmath/include/FloatingPoint\hls_exp_.h:293]   --->   Operation 126 'mul' 'mul_ln142' <Predicate = true> <Delay = 7.17> <CoreInst = "Multiplier">   --->   Core 3 'Multiplier' <Latency = 1> <II = 1> <Delay = 7.17> <FuncUnit> <Opcode : 'mul'> <InPorts = 2> <OutPorts = 1>
ST_17 : Operation 127 [1/1] (0.00ns)   --->   "%tmp_29 = partselect i36 @_ssdm_op_PartSelect.i36.i93.i32.i32, i93 %mul_ln142, i32 57, i32 92" [C:\scratch\2025.1\hls_product\640\2025.1\src\shared\hls\clib/hlsmath/include/FloatingPoint\hls_exp_.h:145->C:\scratch\2025.1\hls_product\640\2025.1\src\shared\hls\clib/hlsmath/include/FloatingPoint\hls_exp_.h:293]   --->   Operation 127 'partselect' 'tmp_29' <Predicate = true> <Delay = 0.00>

State 18 <SV = 17> <Delay = 4.25>
ST_18 : Operation 128 [1/2] ( I:2.77ns O:2.77ns )   --->   "%exp_Z1 = load i8 %table_exp_Z1_ap_ufixed_58_1_ap_q_mode_5_ap_o_mode_3_0_array_addr" [C:\scratch\2025.1\hls_product\640\2025.1\src\shared\hls\clib/hlsmath/include/FloatingPoint\hls_exp_.h:292]   --->   Operation 128 'load' 'exp_Z1' <Predicate = true> <Delay = 2.77> <CoreInst = "ROM">   --->   Core 94 'ROM' <Latency = 1> <II = 1> <Delay = 2.77> <Storage> <Opcode : 'load'> <Ports = 0> <Width = 58> <Depth = 256> <ROM>
ST_18 : Operation 129 [1/1] (0.00ns)   --->   "%and_ln1 = bitconcatenate i51 @_ssdm_op_BitConcatenate.i51.i8.i1.i40.i2, i8 %Z2, i1 0, i40 %tmp_28, i2 0" [C:\scratch\2025.1\hls_product\640\2025.1\src\shared\hls\clib/hlsmath/include/FloatingPoint\hls_exp_.h:145->C:\scratch\2025.1\hls_product\640\2025.1\src\shared\hls\clib/hlsmath/include/FloatingPoint\hls_exp_.h:293]   --->   Operation 129 'bitconcatenate' 'and_ln1' <Predicate = true> <Delay = 0.00>
ST_18 : Operation 130 [1/1] (0.00ns)   --->   "%zext_ln145 = zext i51 %and_ln1" [C:\scratch\2025.1\hls_product\640\2025.1\src\shared\hls\clib/hlsmath/include/FloatingPoint\hls_exp_.h:145->C:\scratch\2025.1\hls_product\640\2025.1\src\shared\hls\clib/hlsmath/include/FloatingPoint\hls_exp_.h:293]   --->   Operation 130 'zext' 'zext_ln145' <Predicate = true> <Delay = 0.00>
ST_18 : Operation 131 [1/1] (0.00ns)   --->   "%zext_ln145_1 = zext i44 %exp_Z2P_m_1" [C:\scratch\2025.1\hls_product\640\2025.1\src\shared\hls\clib/hlsmath/include/FloatingPoint\hls_exp_.h:145->C:\scratch\2025.1\hls_product\640\2025.1\src\shared\hls\clib/hlsmath/include/FloatingPoint\hls_exp_.h:293]   --->   Operation 131 'zext' 'zext_ln145_1' <Predicate = true> <Delay = 0.00>
ST_18 : Operation 132 [1/1] (0.00ns)   --->   "%zext_ln145_2 = zext i36 %tmp_29" [C:\scratch\2025.1\hls_product\640\2025.1\src\shared\hls\clib/hlsmath/include/FloatingPoint\hls_exp_.h:145->C:\scratch\2025.1\hls_product\640\2025.1\src\shared\hls\clib/hlsmath/include/FloatingPoint\hls_exp_.h:293]   --->   Operation 132 'zext' 'zext_ln145_2' <Predicate = true> <Delay = 0.00>
ST_18 : Operation 133 [1/1] (0.00ns) (grouped into TernaryAdder)   --->   "%add_ln145 = add i52 %zext_ln145, i52 %zext_ln145_1" [C:\scratch\2025.1\hls_product\640\2025.1\src\shared\hls\clib/hlsmath/include/FloatingPoint\hls_exp_.h:145->C:\scratch\2025.1\hls_product\640\2025.1\src\shared\hls\clib/hlsmath/include/FloatingPoint\hls_exp_.h:293]   --->   Operation 133 'add' 'add_ln145' <Predicate = true> <Delay = 0.00> <CoreInst = "TAddSub">   --->   Core 10 'TAddSub' <Latency = 0> <II = 1> <Delay = 2.01> <IPBlock> <Opcode : 'add' 'sub'> <InPorts = 3> <OutPorts = 1> <Sync> <CReg>
ST_18 : Operation 134 [1/1] (4.25ns) (root node of TernaryAdder)   --->   "%exp_Z1P_m_1_l = add i52 %add_ln145, i52 %zext_ln145_2" [C:\scratch\2025.1\hls_product\640\2025.1\src\shared\hls\clib/hlsmath/include/FloatingPoint\hls_exp_.h:145->C:\scratch\2025.1\hls_product\640\2025.1\src\shared\hls\clib/hlsmath/include/FloatingPoint\hls_exp_.h:293]   --->   Operation 134 'add' 'exp_Z1P_m_1_l' <Predicate = true> <Delay = 4.25> <CoreInst = "TAddSub">   --->   Core 10 'TAddSub' <Latency = 0> <II = 1> <Delay = 2.01> <IPBlock> <Opcode : 'add' 'sub'> <InPorts = 3> <OutPorts = 1> <Sync> <CReg>
ST_18 : Operation 135 [1/1] (0.00ns)   --->   "%exp_Z1P_m_1 = partselect i50 @_ssdm_op_PartSelect.i50.i52.i32.i32, i52 %exp_Z1P_m_1_l, i32 2, i32 51" [C:\scratch\2025.1\hls_product\640\2025.1\src\shared\hls\clib/hlsmath/include/FloatingPoint\hls_exp_.h:149->C:\scratch\2025.1\hls_product\640\2025.1\src\shared\hls\clib/hlsmath/include/FloatingPoint\hls_exp_.h:293]   --->   Operation 135 'partselect' 'exp_Z1P_m_1' <Predicate = true> <Delay = 0.00>
ST_18 : Operation 136 [1/1] (0.00ns)   --->   "%exp_Z1_hi = partselect i50 @_ssdm_op_PartSelect.i50.i58.i32.i32, i58 %exp_Z1, i32 8, i32 57" [C:\scratch\2025.1\hls_product\640\2025.1\src\shared\hls\clib/hlsmath/include/FloatingPoint\hls_exp_.h:294]   --->   Operation 136 'partselect' 'exp_Z1_hi' <Predicate = true> <Delay = 0.00>

State 19 <SV = 18> <Delay = 7.17>
ST_19 : Operation 137 [1/1] (0.00ns)   --->   "%zext_ln297 = zext i50 %exp_Z1_hi" [C:\scratch\2025.1\hls_product\640\2025.1\src\shared\hls\clib/hlsmath/include/FloatingPoint\hls_exp_.h:297]   --->   Operation 137 'zext' 'zext_ln297' <Predicate = true> <Delay = 0.00>
ST_19 : Operation 138 [1/1] (0.00ns)   --->   "%zext_ln297_1 = zext i50 %exp_Z1P_m_1" [C:\scratch\2025.1\hls_product\640\2025.1\src\shared\hls\clib/hlsmath/include/FloatingPoint\hls_exp_.h:297]   --->   Operation 138 'zext' 'zext_ln297_1' <Predicate = true> <Delay = 0.00>
ST_19 : Operation 139 [2/2] (7.17ns)   --->   "%mul_ln297 = mul i99 %zext_ln297, i99 %zext_ln297_1" [C:\scratch\2025.1\hls_product\640\2025.1\src\shared\hls\clib/hlsmath/include/FloatingPoint\hls_exp_.h:297]   --->   Operation 139 'mul' 'mul_ln297' <Predicate = true> <Delay = 7.17> <CoreInst = "Multiplier">   --->   Core 3 'Multiplier' <Latency = 1> <II = 1> <Delay = 7.17> <FuncUnit> <Opcode : 'mul'> <InPorts = 2> <OutPorts = 1>

State 20 <SV = 19> <Delay = 7.17>
ST_20 : Operation 140 [1/1] (2.85ns)   --->   "%add_ln297 = add i58 %exp_Z1, i58 16" [C:\scratch\2025.1\hls_product\640\2025.1\src\shared\hls\clib/hlsmath/include/FloatingPoint\hls_exp_.h:297]   --->   Operation 140 'add' 'add_ln297' <Predicate = true> <Delay = 2.85> <CoreInst = "Adder">   --->   Core 1 'Adder' <Latency = 0> <II = 1> <Delay = 2.85> <FuncUnit> <Opcode : 'add' 'sub'> <InPorts = 2> <OutPorts = 1>
ST_20 : Operation 141 [1/2] (7.17ns)   --->   "%mul_ln297 = mul i99 %zext_ln297, i99 %zext_ln297_1" [C:\scratch\2025.1\hls_product\640\2025.1\src\shared\hls\clib/hlsmath/include/FloatingPoint\hls_exp_.h:297]   --->   Operation 141 'mul' 'mul_ln297' <Predicate = true> <Delay = 7.17> <CoreInst = "Multiplier">   --->   Core 3 'Multiplier' <Latency = 1> <II = 1> <Delay = 7.17> <FuncUnit> <Opcode : 'mul'> <InPorts = 2> <OutPorts = 1>

State 21 <SV = 20> <Delay = 6.45>
ST_21 : Operation 142 [1/1] (0.00ns)   --->   "%shl_ln1 = bitconcatenate i107 @_ssdm_op_BitConcatenate.i107.i58.i49, i58 %add_ln297, i49 0" [C:\scratch\2025.1\hls_product\640\2025.1\src\shared\hls\clib/hlsmath/include/FloatingPoint\hls_exp_.h:297]   --->   Operation 142 'bitconcatenate' 'shl_ln1' <Predicate = true> <Delay = 0.00>
ST_21 : Operation 143 [1/1] (0.00ns)   --->   "%zext_ln297_2 = zext i99 %mul_ln297" [C:\scratch\2025.1\hls_product\640\2025.1\src\shared\hls\clib/hlsmath/include/FloatingPoint\hls_exp_.h:297]   --->   Operation 143 'zext' 'zext_ln297_2' <Predicate = true> <Delay = 0.00>
ST_21 : Operation 144 [1/1] (4.05ns)   --->   "%add_ln297_1 = add i107 %shl_ln1, i107 %zext_ln297_2" [C:\scratch\2025.1\hls_product\640\2025.1\src\shared\hls\clib/hlsmath/include/FloatingPoint\hls_exp_.h:297]   --->   Operation 144 'add' 'add_ln297_1' <Predicate = true> <Delay = 4.05> <CoreInst = "Adder">   --->   Core 1 'Adder' <Latency = 0> <II = 1> <Delay = 4.05> <FuncUnit> <Opcode : 'add' 'sub'> <InPorts = 2> <OutPorts = 1>
ST_21 : Operation 145 [1/1] (0.00ns)   --->   "%tmp_32 = bitselect i1 @_ssdm_op_BitSelect.i1.i107.i32, i107 %add_ln297_1, i32 106" [C:\scratch\2025.1\hls_product\640\2025.1\src\shared\hls\clib/hlsmath/include/FloatingPoint\hls_exp_.h:303]   --->   Operation 145 'bitselect' 'tmp_32' <Predicate = true> <Delay = 0.00>
ST_21 : Operation 146 [1/1] (1.79ns)   --->   "%r_exp_1 = add i13 %r_exp, i13 8191" [C:\scratch\2025.1\hls_product\640\2025.1\src\shared\hls\clib/hlsmath/include/FloatingPoint\hls_exp_.h:305]   --->   Operation 146 'add' 'r_exp_1' <Predicate = true> <Delay = 1.79> <CoreInst = "Adder">   --->   Core 1 'Adder' <Latency = 0> <II = 1> <Delay = 1.79> <FuncUnit> <Opcode : 'add' 'sub'> <InPorts = 2> <OutPorts = 1>
ST_21 : Operation 147 [1/1] (0.60ns)   --->   "%r_exp_2 = select i1 %tmp_32, i13 %r_exp, i13 %r_exp_1" [C:\scratch\2025.1\hls_product\640\2025.1\src\shared\hls\clib/hlsmath/include/FloatingPoint\hls_exp_.h:303]   --->   Operation 147 'select' 'r_exp_2' <Predicate = true> <Delay = 0.60> <CoreInst = "Sel">   --->   Core 73 'Sel' <Latency = 0> <II = 1> <Delay = 0.60> <FuncUnit> <Opcode : 'select'> <InPorts = 3> <OutPorts = 1>
ST_21 : Operation 148 [1/1] (0.00ns)   --->   "%tmp_33 = partselect i3 @_ssdm_op_PartSelect.i3.i13.i32.i32, i13 %r_exp_2, i32 10, i32 12" [C:\scratch\2025.1\hls_product\640\2025.1\src\shared\hls\clib/hlsmath/include/FloatingPoint\hls_exp_.h:309]   --->   Operation 148 'partselect' 'tmp_33' <Predicate = true> <Delay = 0.00>
ST_21 : Operation 149 [1/1] (1.34ns)   --->   "%icmp_ln309_1 = icmp_sgt  i3 %tmp_33, i3 0" [C:\scratch\2025.1\hls_product\640\2025.1\src\shared\hls\clib/hlsmath/include/FloatingPoint\hls_exp_.h:309]   --->   Operation 149 'icmp' 'icmp_ln309_1' <Predicate = true> <Delay = 1.34> <CoreInst = "Cmp">   --->   Core 9 'Cmp' <Latency = 0> <II = 1> <Delay = 1.34> <FuncUnit> <Opcode : 'seteq' 'setne' 'setle' 'setge' 'setlt' 'setgt'> <InPorts = 2> <OutPorts = 1>
ST_21 : Operation 150 [1/1] (1.79ns)   --->   "%icmp_ln326 = icmp_slt  i13 %r_exp_2, i13 7170" [C:\scratch\2025.1\hls_product\640\2025.1\src\shared\hls\clib/hlsmath/include/FloatingPoint\hls_exp_.h:326]   --->   Operation 150 'icmp' 'icmp_ln326' <Predicate = true> <Delay = 1.79> <CoreInst = "Cmp">   --->   Core 9 'Cmp' <Latency = 0> <II = 1> <Delay = 1.79> <FuncUnit> <Opcode : 'seteq' 'setne' 'setle' 'setge' 'setlt' 'setgt'> <InPorts = 2> <OutPorts = 1>
ST_21 : Operation 151 [1/1] (0.00ns)   --->   "%trunc_ln336 = trunc i13 %r_exp_2" [C:\scratch\2025.1\hls_product\640\2025.1\src\shared\hls\clib/hlsmath/include/FloatingPoint\hls_exp_.h:336]   --->   Operation 151 'trunc' 'trunc_ln336' <Predicate = true> <Delay = 0.00>
ST_21 : Operation 152 [1/1] (0.00ns)   --->   "%tmp_s = partselect i52 @_ssdm_op_PartSelect.i52.i107.i32.i32, i107 %add_ln297_1, i32 54, i32 105" [C:\scratch\2025.1\hls_product\640\2025.1\src\shared\hls\clib/src/hls\utils/x_hls_utils.h:479->C:\scratch\2025.1\hls_product\640\2025.1\src\shared\hls\clib/src/hls\utils/x_hls_utils.h:496->C:\scratch\2025.1\hls_product\640\2025.1\src\shared\hls\clib/src/hls\utils/x_hls_utils.h:510->C:\scratch\2025.1\hls_product\640\2025.1\src\shared\hls\clib/hlsmath/include/FloatingPoint\hls_exp_.h:337]   --->   Operation 152 'partselect' 'tmp_s' <Predicate = true> <Delay = 0.00>
ST_21 : Operation 153 [1/1] (0.00ns)   --->   "%tmp_8 = partselect i52 @_ssdm_op_PartSelect.i52.i107.i32.i32, i107 %add_ln297_1, i32 53, i32 104" [C:\scratch\2025.1\hls_product\640\2025.1\src\shared\hls\clib/src/hls\utils/x_hls_utils.h:479->C:\scratch\2025.1\hls_product\640\2025.1\src\shared\hls\clib/src/hls\utils/x_hls_utils.h:496->C:\scratch\2025.1\hls_product\640\2025.1\src\shared\hls\clib/src/hls\utils/x_hls_utils.h:510->C:\scratch\2025.1\hls_product\640\2025.1\src\shared\hls\clib/hlsmath/include/FloatingPoint\hls_exp_.h:337]   --->   Operation 153 'partselect' 'tmp_8' <Predicate = true> <Delay = 0.00>
ST_21 : Operation 154 [1/1] (0.75ns)   --->   "%select_ln303 = select i1 %tmp_32, i52 %tmp_s, i52 %tmp_8" [C:\scratch\2025.1\hls_product\640\2025.1\src\shared\hls\clib/hlsmath/include/FloatingPoint\hls_exp_.h:303]   --->   Operation 154 'select' 'select_ln303' <Predicate = true> <Delay = 0.75> <CoreInst = "Sel">   --->   Core 73 'Sel' <Latency = 0> <II = 1> <Delay = 0.75> <FuncUnit> <Opcode : 'select'> <InPorts = 3> <OutPorts = 1>

State 22 <SV = 21> <Delay = 3.74>
ST_22 : Operation 155 [1/1] (0.00ns)   --->   "%specpipeline_ln158 = specpipeline void @_ssdm_op_SpecPipeline, i32 4294967295, i32 0, i32 0, i32 0, void @empty_38" [C:\scratch\2025.1\hls_product\640\2025.1\src\shared\hls\clib/hlsmath/include/FloatingPoint\hls_exp_.h:158]   --->   Operation 155 'specpipeline' 'specpipeline_ln158' <Predicate = true> <Delay = 0.00>
ST_22 : Operation 156 [1/1] (0.00ns) (grouped into LUT with out node select_ln185_1)   --->   "%xor_ln182 = xor i1 %es_sign, i1 1" [C:\scratch\2025.1\hls_product\640\2025.1\src\shared\hls\clib/hlsmath/include/FloatingPoint\hls_exp_.h:182]   --->   Operation 156 'xor' 'xor_ln182' <Predicate = true> <Delay = 0.00> <CoreInst = "LogicGate">   --->   Core 74 'LogicGate' <Latency = 0> <II = 1> <Delay = 0.80> <FuncUnit> <Opcode : 'and' 'or' 'xor'> <InPorts = 2> <OutPorts = 1>
ST_22 : Operation 157 [1/1] (0.00ns) (grouped into LUT with out node select_ln185_1)   --->   "%x_is_pinf = and i1 %x_is_inf, i1 %xor_ln182" [C:\scratch\2025.1\hls_product\640\2025.1\src\shared\hls\clib/hlsmath/include/FloatingPoint\hls_exp_.h:182]   --->   Operation 157 'and' 'x_is_pinf' <Predicate = true> <Delay = 0.00> <CoreInst = "LogicGate">   --->   Core 74 'LogicGate' <Latency = 0> <II = 1> <Delay = 0.80> <FuncUnit> <Opcode : 'and' 'or' 'xor'> <InPorts = 2> <OutPorts = 1>
ST_22 : Operation 158 [1/1] (0.00ns) (grouped into LUT with out node select_ln185_1)   --->   "%or_ln185 = or i1 %x_is_NaN, i1 %x_is_pinf" [C:\scratch\2025.1\hls_product\640\2025.1\src\shared\hls\clib/hlsmath/include/FloatingPoint\hls_exp_.h:185]   --->   Operation 158 'or' 'or_ln185' <Predicate = true> <Delay = 0.00> <CoreInst = "LogicGate">   --->   Core 74 'LogicGate' <Latency = 0> <II = 1> <Delay = 0.80> <FuncUnit> <Opcode : 'and' 'or' 'xor'> <InPorts = 2> <OutPorts = 1>
ST_22 : Operation 159 [1/1] (0.00ns) (grouped into LUT with out node select_ln185_1)   --->   "%select_ln185 = select i1 %x_is_NaN, i64 nan, i64 inf" [C:\scratch\2025.1\hls_product\640\2025.1\src\shared\hls\clib/hlsmath/include/FloatingPoint\hls_exp_.h:185]   --->   Operation 159 'select' 'select_ln185' <Predicate = true> <Delay = 0.00> <CoreInst = "Sel">   --->   Core 73 'Sel' <Latency = 0> <II = 1> <Delay = 0.82> <FuncUnit> <Opcode : 'select'> <InPorts = 3> <OutPorts = 1>
ST_22 : Operation 160 [1/1] (0.80ns)   --->   "%or_ln185_1 = or i1 %x_is_NaN, i1 %x_is_inf" [C:\scratch\2025.1\hls_product\640\2025.1\src\shared\hls\clib/hlsmath/include/FloatingPoint\hls_exp_.h:185]   --->   Operation 160 'or' 'or_ln185_1' <Predicate = true> <Delay = 0.80> <CoreInst = "LogicGate">   --->   Core 74 'LogicGate' <Latency = 0> <II = 1> <Delay = 0.80> <FuncUnit> <Opcode : 'and' 'or' 'xor'> <InPorts = 2> <OutPorts = 1>
ST_22 : Operation 161 [1/1] (0.83ns) (out node of the LUT)   --->   "%select_ln185_1 = select i1 %or_ln185, i64 %select_ln185, i64 0" [C:\scratch\2025.1\hls_product\640\2025.1\src\shared\hls\clib/hlsmath/include/FloatingPoint\hls_exp_.h:185]   --->   Operation 161 'select' 'select_ln185_1' <Predicate = true> <Delay = 0.83> <CoreInst = "Sel">   --->   Core 73 'Sel' <Latency = 0> <II = 1> <Delay = 0.83> <FuncUnit> <Opcode : 'select'> <InPorts = 3> <OutPorts = 1>
ST_22 : Operation 162 [1/1] (0.80ns)   --->   "%or_ln309 = or i1 %icmp_ln309_2, i1 %icmp_ln309_1" [C:\scratch\2025.1\hls_product\640\2025.1\src\shared\hls\clib/hlsmath/include/FloatingPoint\hls_exp_.h:309]   --->   Operation 162 'or' 'or_ln309' <Predicate = true> <Delay = 0.80> <CoreInst = "LogicGate">   --->   Core 74 'LogicGate' <Latency = 0> <II = 1> <Delay = 0.80> <FuncUnit> <Opcode : 'and' 'or' 'xor'> <InPorts = 2> <OutPorts = 1>
ST_22 : Operation 163 [1/1] (0.83ns)   --->   "%select_ln310 = select i1 %tmp_34, i64 0, i64 inf" [C:\scratch\2025.1\hls_product\640\2025.1\src\shared\hls\clib/hlsmath/include/FloatingPoint\hls_exp_.h:310]   --->   Operation 163 'select' 'select_ln310' <Predicate = true> <Delay = 0.83> <CoreInst = "Sel">   --->   Core 73 'Sel' <Latency = 0> <II = 1> <Delay = 0.82> <FuncUnit> <Opcode : 'select'> <InPorts = 3> <OutPorts = 1>
ST_22 : Operation 164 [1/1] (1.76ns)   --->   "%out_exp = add i11 %trunc_ln336, i11 1023" [C:\scratch\2025.1\hls_product\640\2025.1\src\shared\hls\clib/hlsmath/include/FloatingPoint\hls_exp_.h:336]   --->   Operation 164 'add' 'out_exp' <Predicate = true> <Delay = 1.76> <CoreInst = "Adder">   --->   Core 1 'Adder' <Latency = 0> <II = 1> <Delay = 1.76> <FuncUnit> <Opcode : 'add' 'sub'> <InPorts = 2> <OutPorts = 1>
ST_22 : Operation 165 [1/1] (0.00ns)   --->   "%t = bitconcatenate i63 @_ssdm_op_BitConcatenate.i63.i11.i52, i11 %out_exp, i52 %select_ln303" [C:\scratch\2025.1\hls_product\640\2025.1\src\shared\hls\clib/src/hls\utils/x_hls_utils.h:479->C:\scratch\2025.1\hls_product\640\2025.1\src\shared\hls\clib/src/hls\utils/x_hls_utils.h:496->C:\scratch\2025.1\hls_product\640\2025.1\src\shared\hls\clib/src/hls\utils/x_hls_utils.h:510->C:\scratch\2025.1\hls_product\640\2025.1\src\shared\hls\clib/hlsmath/include/FloatingPoint\hls_exp_.h:337]   --->   Operation 165 'bitconcatenate' 't' <Predicate = true> <Delay = 0.00>
ST_22 : Operation 166 [1/1] (0.00ns)   --->   "%zext_ln479 = zext i63 %t" [C:\scratch\2025.1\hls_product\640\2025.1\src\shared\hls\clib/src/hls\utils/x_hls_utils.h:479->C:\scratch\2025.1\hls_product\640\2025.1\src\shared\hls\clib/src/hls\utils/x_hls_utils.h:496->C:\scratch\2025.1\hls_product\640\2025.1\src\shared\hls\clib/src/hls\utils/x_hls_utils.h:510->C:\scratch\2025.1\hls_product\640\2025.1\src\shared\hls\clib/hlsmath/include/FloatingPoint\hls_exp_.h:337]   --->   Operation 166 'zext' 'zext_ln479' <Predicate = true> <Delay = 0.00>
ST_22 : Operation 167 [1/1] (0.00ns)   --->   "%bitcast_ln497 = bitcast i64 %zext_ln479" [C:\scratch\2025.1\hls_product\640\2025.1\src\shared\hls\clib/src/hls\utils/x_hls_utils.h:497->C:\scratch\2025.1\hls_product\640\2025.1\src\shared\hls\clib/src/hls\utils/x_hls_utils.h:510->C:\scratch\2025.1\hls_product\640\2025.1\src\shared\hls\clib/hlsmath/include/FloatingPoint\hls_exp_.h:337]   --->   Operation 167 'bitcast' 'bitcast_ln497' <Predicate = true> <Delay = 0.00>
ST_22 : Operation 168 [1/1] (0.00ns) (grouped into LUT with out node and_ln309_2)   --->   "%and_ln309 = and i1 %icmp_ln309, i1 %or_ln309" [C:\scratch\2025.1\hls_product\640\2025.1\src\shared\hls\clib/hlsmath/include/FloatingPoint\hls_exp_.h:309]   --->   Operation 168 'and' 'and_ln309' <Predicate = true> <Delay = 0.00> <CoreInst = "LogicGate">   --->   Core 74 'LogicGate' <Latency = 0> <II = 1> <Delay = 0.80> <FuncUnit> <Opcode : 'and' 'or' 'xor'> <InPorts = 2> <OutPorts = 1>
ST_22 : Operation 169 [1/1] (0.00ns) (grouped into LUT with out node and_ln309_2)   --->   "%xor_ln309 = xor i1 %icmp_ln309, i1 1" [C:\scratch\2025.1\hls_product\640\2025.1\src\shared\hls\clib/hlsmath/include/FloatingPoint\hls_exp_.h:309]   --->   Operation 169 'xor' 'xor_ln309' <Predicate = true> <Delay = 0.00> <CoreInst = "LogicGate">   --->   Core 74 'LogicGate' <Latency = 0> <II = 1> <Delay = 0.80> <FuncUnit> <Opcode : 'and' 'or' 'xor'> <InPorts = 2> <OutPorts = 1>
ST_22 : Operation 170 [1/1] (0.00ns) (grouped into LUT with out node and_ln309_2)   --->   "%and_ln309_1 = and i1 %icmp_ln309_1, i1 %xor_ln309" [C:\scratch\2025.1\hls_product\640\2025.1\src\shared\hls\clib/hlsmath/include/FloatingPoint\hls_exp_.h:309]   --->   Operation 170 'and' 'and_ln309_1' <Predicate = true> <Delay = 0.00> <CoreInst = "LogicGate">   --->   Core 74 'LogicGate' <Latency = 0> <II = 1> <Delay = 0.80> <FuncUnit> <Opcode : 'and' 'or' 'xor'> <InPorts = 2> <OutPorts = 1>
ST_22 : Operation 171 [1/1] (0.00ns) (grouped into LUT with out node and_ln309_2)   --->   "%or_ln309_1 = or i1 %and_ln309, i1 %and_ln309_1" [C:\scratch\2025.1\hls_product\640\2025.1\src\shared\hls\clib/hlsmath/include/FloatingPoint\hls_exp_.h:309]   --->   Operation 171 'or' 'or_ln309_1' <Predicate = true> <Delay = 0.00> <CoreInst = "LogicGate">   --->   Core 74 'LogicGate' <Latency = 0> <II = 1> <Delay = 0.80> <FuncUnit> <Opcode : 'and' 'or' 'xor'> <InPorts = 2> <OutPorts = 1>
ST_22 : Operation 172 [1/1] (0.80ns)   --->   "%xor_ln185 = xor i1 %or_ln185_1, i1 1" [C:\scratch\2025.1\hls_product\640\2025.1\src\shared\hls\clib/hlsmath/include/FloatingPoint\hls_exp_.h:185]   --->   Operation 172 'xor' 'xor_ln185' <Predicate = true> <Delay = 0.80> <CoreInst = "LogicGate">   --->   Core 74 'LogicGate' <Latency = 0> <II = 1> <Delay = 0.80> <FuncUnit> <Opcode : 'and' 'or' 'xor'> <InPorts = 2> <OutPorts = 1>
ST_22 : Operation 173 [1/1] (0.80ns) (out node of the LUT)   --->   "%and_ln309_2 = and i1 %or_ln309_1, i1 %xor_ln185" [C:\scratch\2025.1\hls_product\640\2025.1\src\shared\hls\clib/hlsmath/include/FloatingPoint\hls_exp_.h:309]   --->   Operation 173 'and' 'and_ln309_2' <Predicate = true> <Delay = 0.80> <CoreInst = "LogicGate">   --->   Core 74 'LogicGate' <Latency = 0> <II = 1> <Delay = 0.80> <FuncUnit> <Opcode : 'and' 'or' 'xor'> <InPorts = 2> <OutPorts = 1>
ST_22 : Operation 174 [1/1] (0.00ns) (grouped into LUT with out node and_ln309_5)   --->   "%xor_ln309_1 = xor i1 %or_ln309, i1 1" [C:\scratch\2025.1\hls_product\640\2025.1\src\shared\hls\clib/hlsmath/include/FloatingPoint\hls_exp_.h:309]   --->   Operation 174 'xor' 'xor_ln309_1' <Predicate = true> <Delay = 0.00> <CoreInst = "LogicGate">   --->   Core 74 'LogicGate' <Latency = 0> <II = 1> <Delay = 0.80> <FuncUnit> <Opcode : 'and' 'or' 'xor'> <InPorts = 2> <OutPorts = 1>
ST_22 : Operation 175 [1/1] (0.00ns) (grouped into LUT with out node and_ln309_5)   --->   "%and_ln309_3 = and i1 %icmp_ln309, i1 %xor_ln309_1" [C:\scratch\2025.1\hls_product\640\2025.1\src\shared\hls\clib/hlsmath/include/FloatingPoint\hls_exp_.h:309]   --->   Operation 175 'and' 'and_ln309_3' <Predicate = true> <Delay = 0.00> <CoreInst = "LogicGate">   --->   Core 74 'LogicGate' <Latency = 0> <II = 1> <Delay = 0.80> <FuncUnit> <Opcode : 'and' 'or' 'xor'> <InPorts = 2> <OutPorts = 1>
ST_22 : Operation 176 [1/1] (0.00ns) (grouped into LUT with out node and_ln309_5)   --->   "%or_ln309_2 = or i1 %icmp_ln309, i1 %icmp_ln309_1" [C:\scratch\2025.1\hls_product\640\2025.1\src\shared\hls\clib/hlsmath/include/FloatingPoint\hls_exp_.h:309]   --->   Operation 176 'or' 'or_ln309_2' <Predicate = true> <Delay = 0.00> <CoreInst = "LogicGate">   --->   Core 74 'LogicGate' <Latency = 0> <II = 1> <Delay = 0.80> <FuncUnit> <Opcode : 'and' 'or' 'xor'> <InPorts = 2> <OutPorts = 1>
ST_22 : Operation 177 [1/1] (0.00ns) (grouped into LUT with out node and_ln309_5)   --->   "%xor_ln309_2 = xor i1 %or_ln309_2, i1 1" [C:\scratch\2025.1\hls_product\640\2025.1\src\shared\hls\clib/hlsmath/include/FloatingPoint\hls_exp_.h:309]   --->   Operation 177 'xor' 'xor_ln309_2' <Predicate = true> <Delay = 0.00> <CoreInst = "LogicGate">   --->   Core 74 'LogicGate' <Latency = 0> <II = 1> <Delay = 0.80> <FuncUnit> <Opcode : 'and' 'or' 'xor'> <InPorts = 2> <OutPorts = 1>
ST_22 : Operation 178 [1/1] (0.00ns) (grouped into LUT with out node and_ln309_5)   --->   "%or_ln309_3 = or i1 %and_ln309_3, i1 %xor_ln309_2" [C:\scratch\2025.1\hls_product\640\2025.1\src\shared\hls\clib/hlsmath/include/FloatingPoint\hls_exp_.h:309]   --->   Operation 178 'or' 'or_ln309_3' <Predicate = true> <Delay = 0.00> <CoreInst = "LogicGate">   --->   Core 74 'LogicGate' <Latency = 0> <II = 1> <Delay = 0.80> <FuncUnit> <Opcode : 'and' 'or' 'xor'> <InPorts = 2> <OutPorts = 1>
ST_22 : Operation 179 [1/1] (0.00ns) (grouped into LUT with out node and_ln309_5)   --->   "%and_ln309_4 = and i1 %or_ln309_3, i1 %xor_ln185" [C:\scratch\2025.1\hls_product\640\2025.1\src\shared\hls\clib/hlsmath/include/FloatingPoint\hls_exp_.h:309]   --->   Operation 179 'and' 'and_ln309_4' <Predicate = true> <Delay = 0.00> <CoreInst = "LogicGate">   --->   Core 74 'LogicGate' <Latency = 0> <II = 1> <Delay = 0.80> <FuncUnit> <Opcode : 'and' 'or' 'xor'> <InPorts = 2> <OutPorts = 1>
ST_22 : Operation 180 [1/1] (0.80ns) (out node of the LUT)   --->   "%and_ln309_5 = and i1 %and_ln309_4, i1 %icmp_ln326" [C:\scratch\2025.1\hls_product\640\2025.1\src\shared\hls\clib/hlsmath/include/FloatingPoint\hls_exp_.h:309]   --->   Operation 180 'and' 'and_ln309_5' <Predicate = true> <Delay = 0.80> <CoreInst = "LogicGate">   --->   Core 74 'LogicGate' <Latency = 0> <II = 1> <Delay = 0.80> <FuncUnit> <Opcode : 'and' 'or' 'xor'> <InPorts = 2> <OutPorts = 1>
ST_22 : Operation 181 [1/1] (0.00ns)   --->   "%sel_tmp = bitconcatenate i3 @_ssdm_op_BitConcatenate.i3.i1.i1.i1, i1 %or_ln185_1, i1 %and_ln309_2, i1 %and_ln309_5" [C:\scratch\2025.1\hls_product\640\2025.1\src\shared\hls\clib/hlsmath/include/FloatingPoint\hls_exp_.h:185]   --->   Operation 181 'bitconcatenate' 'sel_tmp' <Predicate = true> <Delay = 0.00>
ST_22 : Operation 182 [1/1] (1.34ns)   --->   "%retval_1 = sparsemux i64 @_ssdm_op_SparseMux.ap_auto.4double.double.i3, i3 4, i64 %select_ln185_1, i3 2, i64 %select_ln310, i3 1, i64 0, i3 0, i64 %bitcast_ln497, i64 <undef>, i3 %sel_tmp" [C:\scratch\2025.1\hls_product\640\2025.1\src\shared\hls\clib/hlsmath/include/FloatingPoint\hls_exp_.h:185]   --->   Operation 182 'sparsemux' 'retval_1' <Predicate = true> <Delay = 1.34> <CoreInst = "OneHotSparseMux_HasDef">   --->   Core 140 'OneHotSparseMux_HasDef' <Latency = 0> <II = 1> <Delay = 1.34> <FuncUnit> <Opcode : 'sparsemux'> <InPorts = 2> <OutPorts = 1>
ST_22 : Operation 183 [1/1] (0.00ns)   --->   "%ret_ln339 = ret i64 %retval_1" [C:\scratch\2025.1\hls_product\640\2025.1\src\shared\hls\clib/hlsmath/include/FloatingPoint\hls_exp_.h:339]   --->   Operation 183 'ret' 'ret_ln339' <Predicate = true> <Delay = 0.00>


============================================================
+ Verbose Summary: Binding
============================================================
STG Binding: 
---------------- STG Properties BEGIN ----------------
- Is combinational: 0
- Is one-state seq: 0
- Is datapath-only: 1
- Is pipelined: 1
- Is top level: 0
Port [ Return ] is wired: 1; IO mode=ap_ctrl_hs:ce=0
Port [ x]:  wired=1; compound=0; hidden=0; nouse=0; global=0; static=0; extern=0; dir=0; type=0; pingpong=0; private_global=0; IO mode=ap_none:ce=0
Port [ table_exp_Z1_ap_ufixed_58_1_ap_q_mode_5_ap_o_mode_3_0_array]:  wired=0; compound=1; hidden=1; nouse=0; global=1; static=1; extern=0; dir=0; type=1; pingpong=0; private_global=1; MemPort=[1]; IO mode=ap_memory:ce=0
Port [ table_f_Z3_ap_ufixed_59_0_ap_q_mode_5_ap_o_mode_3_0_array]:  wired=0; compound=1; hidden=1; nouse=0; global=1; static=1; extern=0; dir=0; type=1; pingpong=0; private_global=1; MemPort=[11]; IO mode=ap_memory:ce=0
Port [ table_f_Z2_ap_ufixed_59_0_ap_q_mode_5_ap_o_mode_3_0_array]:  wired=0; compound=1; hidden=1; nouse=0; global=1; static=1; extern=0; dir=0; type=1; pingpong=0; private_global=1; MemPort=[1]; IO mode=ap_memory:ce=0
---------------- STG Properties END ------------------

---------------- Datapath Model BEGIN ----------------

<LifeTime>
<method=bitvector/>
x_read                                                           (read          ) [ 00000000000000000000000]
data                                                             (bitcast       ) [ 00000000000000000000000]
es_sign                                                          (bitselect     ) [ 01111111111111111111111]
es_exp                                                           (partselect    ) [ 00000000000000000000000]
es_sig                                                           (trunc         ) [ 00000000000000000000000]
icmp_ln18                                                        (icmp          ) [ 00000000000000000000000]
icmp_ln18_1                                                      (icmp          ) [ 00000000000000000000000]
x_is_NaN                                                         (and           ) [ 01111111111111111111111]
icmp_ln18_2                                                      (icmp          ) [ 00000000000000000000000]
x_is_inf                                                         (and           ) [ 01111111111111111111111]
zext_ln486                                                       (zext          ) [ 00000000000000000000000]
m_exp                                                            (add           ) [ 00000000000000000000000]
e_frac                                                           (bitconcatenate) [ 00000000000000000000000]
zext_ln221                                                       (zext          ) [ 00000000000000000000000]
e_frac_1                                                         (sub           ) [ 00000000000000000000000]
e_frac_2                                                         (select        ) [ 01100000000000000000000]
tmp                                                              (bitselect     ) [ 01110000000000000000000]
sub_ln229                                                        (sub           ) [ 00000000000000000000000]
sext_ln229                                                       (sext          ) [ 00000000000000000000000]
select_ln229                                                     (select        ) [ 01100000000000000000000]
icmp_ln309                                                       (icmp          ) [ 01111111111111111111111]
tmp_34                                                           (bitselect     ) [ 01111111111111111111111]
m_frac_l                                                         (bitconcatenate) [ 00000000000000000000000]
sext_ln227                                                       (sext          ) [ 01010000000000000000000]
sext_ln229_1                                                     (sext          ) [ 01010000000000000000000]
zext_ln229                                                       (zext          ) [ 00000000000000000000000]
ashr_ln229                                                       (ashr          ) [ 00000000000000000000000]
shl_ln229                                                        (shl           ) [ 00000000000000000000000]
m_fix                                                            (select        ) [ 00000000000000000000000]
m_fix_l                                                          (partselect    ) [ 01010000000000000000000]
m_fix_hi                                                         (partselect    ) [ 00000000000000000000000]
tmp_30                                                           (bitselect     ) [ 01011000000000000000000]
sext_ln243                                                       (sext          ) [ 01011000000000000000000]
trunc_ln255                                                      (trunc         ) [ 01011111111100000000000]
zext_ln230                                                       (zext          ) [ 00000000000000000000000]
shl_ln230                                                        (shl           ) [ 00000000000000000000000]
ashr_ln230                                                       (ashr          ) [ 00000000000000000000000]
select_ln230                                                     (select        ) [ 00000000000000000000000]
shl_ln2                                                          (bitconcatenate) [ 00000000000000000000000]
icmp_ln309_2                                                     (icmp          ) [ 01001111111111111111111]
mul_ln243                                                        (mul           ) [ 01000100000000000000000]
shl_ln                                                           (bitconcatenate) [ 00000000000000000000000]
sext_ln243_1                                                     (sext          ) [ 01000100000000000000000]
add_ln243                                                        (add           ) [ 00000000000000000000000]
trunc_ln                                                         (partselect    ) [ 00000000000000000000000]
tmp_31                                                           (bitselect     ) [ 00000000000000000000000]
trunc_ln243                                                      (trunc         ) [ 00000000000000000000000]
icmp_ln243                                                       (icmp          ) [ 00000000000000000000000]
add_ln243_1                                                      (add           ) [ 00000000000000000000000]
select_ln243                                                     (select        ) [ 00000000000000000000000]
r_exp                                                            (select        ) [ 01000011111111111111110]
sext_ln249                                                       (sext          ) [ 01000001111000000000000]
mul_ln249                                                        (mul           ) [ 00000000000000000000000]
tmp_26                                                           (partselect    ) [ 01000000000100000000000]
and_ln                                                           (bitconcatenate) [ 00000000000000000000000]
sub_ln255                                                        (sub           ) [ 00000000000000000000000]
m_diff_hi                                                        (partselect    ) [ 01000000000011111100000]
Z2                                                               (partselect    ) [ 01000000000011111110000]
Z3                                                               (partselect    ) [ 01000000000011000000000]
Z4                                                               (trunc         ) [ 01000000000010000000000]
Z4_ind                                                           (partselect    ) [ 00000000000000000000000]
zext_ln114                                                       (zext          ) [ 00000000000000000000000]
table_f_Z3_ap_ufixed_59_0_ap_q_mode_5_ap_o_mode_3_0_array_addr   (getelementptr ) [ 01000000000010000000000]
zext_ln119                                                       (zext          ) [ 00000000000000000000000]
table_f_Z3_ap_ufixed_59_0_ap_q_mode_5_ap_o_mode_3_0_array_addr_1 (getelementptr ) [ 01000000000010000000000]
table_f_Z3_ap_ufixed_59_0_ap_q_mode_5_ap_o_mode_3_0_array_load   (load          ) [ 00000000000000000000000]
f_Z4                                                             (partselect    ) [ 00000000000000000000000]
zext_ln115                                                       (zext          ) [ 00000000000000000000000]
zext_ln115_1                                                     (zext          ) [ 00000000000000000000000]
exp_Z4_m_1                                                       (add           ) [ 01000000000001110000000]
f_Z3                                                             (load          ) [ 01000000000001000000000]
exp_Z3_m_1                                                       (bitconcatenate) [ 01000000000000110000000]
zext_ln123                                                       (zext          ) [ 01000000000000100000000]
zext_ln123_1                                                     (zext          ) [ 01000000000000100000000]
mul_ln123                                                        (mul           ) [ 00000000000000000000000]
tmp_27                                                           (partselect    ) [ 01000000000000010000000]
zext_ln138                                                       (zext          ) [ 00000000000000000000000]
table_f_Z2_ap_ufixed_59_0_ap_q_mode_5_ap_o_mode_3_0_array_addr   (getelementptr ) [ 01000000000000010000000]
zext_ln120                                                       (zext          ) [ 00000000000000000000000]
zext_ln126                                                       (zext          ) [ 00000000000000000000000]
zext_ln126_1                                                     (zext          ) [ 00000000000000000000000]
add_ln126                                                        (add           ) [ 00000000000000000000000]
exp_Z2P_m_1                                                      (add           ) [ 01000000000000001110000]
f_Z2                                                             (load          ) [ 00000000000000000000000]
tmp_28                                                           (partselect    ) [ 01000000000000001110000]
exp_Z2_m_1                                                       (bitconcatenate) [ 00000000000000000000000]
zext_ln142                                                       (zext          ) [ 01000000000000000100000]
zext_ln142_1                                                     (zext          ) [ 01000000000000000100000]
zext_ln292                                                       (zext          ) [ 00000000000000000000000]
table_exp_Z1_ap_ufixed_58_1_ap_q_mode_5_ap_o_mode_3_0_array_addr (getelementptr ) [ 01000000000000000010000]
mul_ln142                                                        (mul           ) [ 00000000000000000000000]
tmp_29                                                           (partselect    ) [ 01000000000000000010000]
exp_Z1                                                           (load          ) [ 01000000000000000001100]
and_ln1                                                          (bitconcatenate) [ 00000000000000000000000]
zext_ln145                                                       (zext          ) [ 00000000000000000000000]
zext_ln145_1                                                     (zext          ) [ 00000000000000000000000]
zext_ln145_2                                                     (zext          ) [ 00000000000000000000000]
add_ln145                                                        (add           ) [ 00000000000000000000000]
exp_Z1P_m_1_l                                                    (add           ) [ 00000000000000000000000]
exp_Z1P_m_1                                                      (partselect    ) [ 01000000000000000001000]
exp_Z1_hi                                                        (partselect    ) [ 01000000000000000001000]
zext_ln297                                                       (zext          ) [ 01000000000000000000100]
zext_ln297_1                                                     (zext          ) [ 01000000000000000000100]
add_ln297                                                        (add           ) [ 01000000000000000000010]
mul_ln297                                                        (mul           ) [ 01000000000000000000010]
shl_ln1                                                          (bitconcatenate) [ 00000000000000000000000]
zext_ln297_2                                                     (zext          ) [ 00000000000000000000000]
add_ln297_1                                                      (add           ) [ 00000000000000000000000]
tmp_32                                                           (bitselect     ) [ 00000000000000000000000]
r_exp_1                                                          (add           ) [ 00000000000000000000000]
r_exp_2                                                          (select        ) [ 00000000000000000000000]
tmp_33                                                           (partselect    ) [ 00000000000000000000000]
icmp_ln309_1                                                     (icmp          ) [ 01000000000000000000001]
icmp_ln326                                                       (icmp          ) [ 01000000000000000000001]
trunc_ln336                                                      (trunc         ) [ 01000000000000000000001]
tmp_s                                                            (partselect    ) [ 00000000000000000000000]
tmp_8                                                            (partselect    ) [ 00000000000000000000000]
select_ln303                                                     (select        ) [ 01000000000000000000001]
specpipeline_ln158                                               (specpipeline  ) [ 00000000000000000000000]
xor_ln182                                                        (xor           ) [ 00000000000000000000000]
x_is_pinf                                                        (and           ) [ 00000000000000000000000]
or_ln185                                                         (or            ) [ 00000000000000000000000]
select_ln185                                                     (select        ) [ 00000000000000000000000]
or_ln185_1                                                       (or            ) [ 00000000000000000000000]
select_ln185_1                                                   (select        ) [ 00000000000000000000000]
or_ln309                                                         (or            ) [ 00000000000000000000000]
select_ln310                                                     (select        ) [ 00000000000000000000000]
out_exp                                                          (add           ) [ 00000000000000000000000]
t                                                                (bitconcatenate) [ 00000000000000000000000]
zext_ln479                                                       (zext          ) [ 00000000000000000000000]
bitcast_ln497                                                    (bitcast       ) [ 00000000000000000000000]
and_ln309                                                        (and           ) [ 00000000000000000000000]
xor_ln309                                                        (xor           ) [ 00000000000000000000000]
and_ln309_1                                                      (and           ) [ 00000000000000000000000]
or_ln309_1                                                       (or            ) [ 00000000000000000000000]
xor_ln185                                                        (xor           ) [ 00000000000000000000000]
and_ln309_2                                                      (and           ) [ 00000000000000000000000]
xor_ln309_1                                                      (xor           ) [ 00000000000000000000000]
and_ln309_3                                                      (and           ) [ 00000000000000000000000]
or_ln309_2                                                       (or            ) [ 00000000000000000000000]
xor_ln309_2                                                      (xor           ) [ 00000000000000000000000]
or_ln309_3                                                       (or            ) [ 00000000000000000000000]
and_ln309_4                                                      (and           ) [ 00000000000000000000000]
and_ln309_5                                                      (and           ) [ 00000000000000000000000]
sel_tmp                                                          (bitconcatenate) [ 00000000000000000000000]
retval_1                                                         (sparsemux     ) [ 00000000000000000000000]
ret_ln339                                                        (ret           ) [ 00000000000000000000000]
</LifeTime>

<model>

<comp_list>
<comp id="0" class="1000" name="x">
<pin_list>
<pin id="1" dir="1" index="0" bw="1" slack="0"/>
</pin_list>
<bind>
<StgValue><ssdm name="x"/></StgValue>
</bind>
</comp>

<comp id="2" class="1000" name="table_exp_Z1_ap_ufixed_58_1_ap_q_mode_5_ap_o_mode_3_0_array">
<pin_list>
<pin id="3" dir="1" index="0" bw="1" slack="0"/>
</pin_list>
<bind>
<StgValue><ssdm name="table_exp_Z1_ap_ufixed_58_1_ap_q_mode_5_ap_o_mode_3_0_array"/><MemPortTyVec>1 </MemPortTyVec>
</StgValue>
</bind>
</comp>

<comp id="4" class="1000" name="table_f_Z3_ap_ufixed_59_0_ap_q_mode_5_ap_o_mode_3_0_array">
<pin_list>
<pin id="5" dir="1" index="0" bw="1" slack="0"/>
</pin_list>
<bind>
<StgValue><ssdm name="table_f_Z3_ap_ufixed_59_0_ap_q_mode_5_ap_o_mode_3_0_array"/><MemPortTyVec>1 1 </MemPortTyVec>
</StgValue>
</bind>
</comp>

<comp id="6" class="1000" name="table_f_Z2_ap_ufixed_59_0_ap_q_mode_5_ap_o_mode_3_0_array">
<pin_list>
<pin id="7" dir="1" index="0" bw="1" slack="0"/>
</pin_list>
<bind>
<StgValue><ssdm name="table_f_Z2_ap_ufixed_59_0_ap_q_mode_5_ap_o_mode_3_0_array"/><MemPortTyVec>1 </MemPortTyVec>
</StgValue>
</bind>
</comp>

<comp id="8" class="1001" name="const_8">
<pin_list>
<pin id="9" dir="1" index="0" bw="1" slack="0"/>
</pin_list>
<bind>
<StgValue><ssdm name="_ssdm_op_Read.ap_auto.double"/></StgValue>
</bind>
</comp>

<comp id="10" class="1001" name="const_10">
<pin_list>
<pin id="11" dir="1" index="0" bw="1" slack="0"/>
</pin_list>
<bind>
<StgValue><ssdm name="_ssdm_op_BitSelect.i1.i64.i32"/></StgValue>
</bind>
</comp>

<comp id="12" class="1001" name="const_12">
<pin_list>
<pin id="13" dir="1" index="0" bw="1" slack="0"/>
</pin_list>
<bind>
<StgValue><ssdm name=""/></StgValue>
</bind>
</comp>

<comp id="14" class="1001" name="const_14">
<pin_list>
<pin id="15" dir="1" index="0" bw="1" slack="0"/>
</pin_list>
<bind>
<StgValue><ssdm name="_ssdm_op_PartSelect.i11.i64.i32"/></StgValue>
</bind>
</comp>

<comp id="16" class="1001" name="const_16">
<pin_list>
<pin id="17" dir="1" index="0" bw="1" slack="0"/>
</pin_list>
<bind>
<StgValue><ssdm name=""/></StgValue>
</bind>
</comp>

<comp id="18" class="1001" name="const_18">
<pin_list>
<pin id="19" dir="1" index="0" bw="1" slack="0"/>
</pin_list>
<bind>
<StgValue><ssdm name=""/></StgValue>
</bind>
</comp>

<comp id="20" class="1001" name="const_20">
<pin_list>
<pin id="21" dir="1" index="0" bw="1" slack="0"/>
</pin_list>
<bind>
<StgValue><ssdm name=""/></StgValue>
</bind>
</comp>

<comp id="22" class="1001" name="const_22">
<pin_list>
<pin id="23" dir="1" index="0" bw="1" slack="0"/>
</pin_list>
<bind>
<StgValue><ssdm name=""/></StgValue>
</bind>
</comp>

<comp id="24" class="1001" name="const_24">
<pin_list>
<pin id="25" dir="1" index="0" bw="1" slack="0"/>
</pin_list>
<bind>
<StgValue><ssdm name="_ssdm_op_BitConcatenate.i53.i1.i52"/></StgValue>
</bind>
</comp>

<comp id="26" class="1001" name="const_26">
<pin_list>
<pin id="27" dir="1" index="0" bw="1" slack="0"/>
</pin_list>
<bind>
<StgValue><ssdm name=""/></StgValue>
</bind>
</comp>

<comp id="28" class="1001" name="const_28">
<pin_list>
<pin id="29" dir="1" index="0" bw="1" slack="0"/>
</pin_list>
<bind>
<StgValue><ssdm name=""/></StgValue>
</bind>
</comp>

<comp id="30" class="1001" name="const_30">
<pin_list>
<pin id="31" dir="1" index="0" bw="1" slack="0"/>
</pin_list>
<bind>
<StgValue><ssdm name="_ssdm_op_BitSelect.i1.i12.i32"/></StgValue>
</bind>
</comp>

<comp id="32" class="1001" name="const_32">
<pin_list>
<pin id="33" dir="1" index="0" bw="1" slack="0"/>
</pin_list>
<bind>
<StgValue><ssdm name=""/></StgValue>
</bind>
</comp>

<comp id="34" class="1001" name="const_34">
<pin_list>
<pin id="35" dir="1" index="0" bw="1" slack="0"/>
</pin_list>
<bind>
<StgValue><ssdm name=""/></StgValue>
</bind>
</comp>

<comp id="36" class="1001" name="const_36">
<pin_list>
<pin id="37" dir="1" index="0" bw="1" slack="0"/>
</pin_list>
<bind>
<StgValue><ssdm name=""/></StgValue>
</bind>
</comp>

<comp id="38" class="1001" name="const_38">
<pin_list>
<pin id="39" dir="1" index="0" bw="1" slack="0"/>
</pin_list>
<bind>
<StgValue><ssdm name="_ssdm_op_BitSelect.i1.i54.i32"/></StgValue>
</bind>
</comp>

<comp id="40" class="1001" name="const_40">
<pin_list>
<pin id="41" dir="1" index="0" bw="1" slack="0"/>
</pin_list>
<bind>
<StgValue><ssdm name=""/></StgValue>
</bind>
</comp>

<comp id="42" class="1001" name="const_42">
<pin_list>
<pin id="43" dir="1" index="0" bw="1" slack="0"/>
</pin_list>
<bind>
<StgValue><ssdm name="_ssdm_op_BitConcatenate.i61.i54.i7"/></StgValue>
</bind>
</comp>

<comp id="44" class="1001" name="const_44">
<pin_list>
<pin id="45" dir="1" index="0" bw="1" slack="0"/>
</pin_list>
<bind>
<StgValue><ssdm name=""/></StgValue>
</bind>
</comp>

<comp id="46" class="1001" name="const_46">
<pin_list>
<pin id="47" dir="1" index="0" bw="1" slack="0"/>
</pin_list>
<bind>
<StgValue><ssdm name="_ssdm_op_PartSelect.i64.i71.i32.i32"/></StgValue>
</bind>
</comp>

<comp id="48" class="1001" name="const_48">
<pin_list>
<pin id="49" dir="1" index="0" bw="1" slack="0"/>
</pin_list>
<bind>
<StgValue><ssdm name=""/></StgValue>
</bind>
</comp>

<comp id="50" class="1001" name="const_50">
<pin_list>
<pin id="51" dir="1" index="0" bw="1" slack="0"/>
</pin_list>
<bind>
<StgValue><ssdm name=""/></StgValue>
</bind>
</comp>

<comp id="52" class="1001" name="const_52">
<pin_list>
<pin id="53" dir="1" index="0" bw="1" slack="0"/>
</pin_list>
<bind>
<StgValue><ssdm name="_ssdm_op_PartSelect.i16.i71.i32.i32"/></StgValue>
</bind>
</comp>

<comp id="54" class="1001" name="const_54">
<pin_list>
<pin id="55" dir="1" index="0" bw="1" slack="0"/>
</pin_list>
<bind>
<StgValue><ssdm name=""/></StgValue>
</bind>
</comp>

<comp id="56" class="1001" name="const_56">
<pin_list>
<pin id="57" dir="1" index="0" bw="1" slack="0"/>
</pin_list>
<bind>
<StgValue><ssdm name="_ssdm_op_BitSelect.i1.i71.i32"/></StgValue>
</bind>
</comp>

<comp id="58" class="1001" name="const_58">
<pin_list>
<pin id="59" dir="1" index="0" bw="1" slack="0"/>
</pin_list>
<bind>
<StgValue><ssdm name=""/></StgValue>
</bind>
</comp>

<comp id="60" class="1001" name="const_60">
<pin_list>
<pin id="61" dir="1" index="0" bw="1" slack="0"/>
</pin_list>
<bind>
<StgValue><ssdm name="_ssdm_op_BitConcatenate.i71.i64.i7"/></StgValue>
</bind>
</comp>

<comp id="62" class="1001" name="const_62">
<pin_list>
<pin id="63" dir="1" index="0" bw="1" slack="0"/>
</pin_list>
<bind>
<StgValue><ssdm name="_ssdm_op_BitConcatenate.i19.i1.i18"/></StgValue>
</bind>
</comp>

<comp id="64" class="1001" name="const_64">
<pin_list>
<pin id="65" dir="1" index="0" bw="1" slack="0"/>
</pin_list>
<bind>
<StgValue><ssdm name=""/></StgValue>
</bind>
</comp>

<comp id="66" class="1001" name="const_66">
<pin_list>
<pin id="67" dir="1" index="0" bw="1" slack="0"/>
</pin_list>
<bind>
<StgValue><ssdm name="_ssdm_op_PartSelect.i13.i31.i32.i32"/></StgValue>
</bind>
</comp>

<comp id="68" class="1001" name="const_68">
<pin_list>
<pin id="69" dir="1" index="0" bw="1" slack="0"/>
</pin_list>
<bind>
<StgValue><ssdm name=""/></StgValue>
</bind>
</comp>

<comp id="70" class="1001" name="const_70">
<pin_list>
<pin id="71" dir="1" index="0" bw="1" slack="0"/>
</pin_list>
<bind>
<StgValue><ssdm name=""/></StgValue>
</bind>
</comp>

<comp id="72" class="1001" name="const_72">
<pin_list>
<pin id="73" dir="1" index="0" bw="1" slack="0"/>
</pin_list>
<bind>
<StgValue><ssdm name="_ssdm_op_BitSelect.i1.i31.i32"/></StgValue>
</bind>
</comp>

<comp id="74" class="1001" name="const_74">
<pin_list>
<pin id="75" dir="1" index="0" bw="1" slack="0"/>
</pin_list>
<bind>
<StgValue><ssdm name=""/></StgValue>
</bind>
</comp>

<comp id="76" class="1001" name="const_76">
<pin_list>
<pin id="77" dir="1" index="0" bw="1" slack="0"/>
</pin_list>
<bind>
<StgValue><ssdm name=""/></StgValue>
</bind>
</comp>

<comp id="78" class="1001" name="const_78">
<pin_list>
<pin id="79" dir="1" index="0" bw="1" slack="0"/>
</pin_list>
<bind>
<StgValue><ssdm name=""/></StgValue>
</bind>
</comp>

<comp id="80" class="1001" name="const_80">
<pin_list>
<pin id="81" dir="1" index="0" bw="1" slack="0"/>
</pin_list>
<bind>
<StgValue><ssdm name="_ssdm_op_PartSelect.i58.i71.i32.i32"/></StgValue>
</bind>
</comp>

<comp id="82" class="1001" name="const_82">
<pin_list>
<pin id="83" dir="1" index="0" bw="1" slack="0"/>
</pin_list>
<bind>
<StgValue><ssdm name=""/></StgValue>
</bind>
</comp>

<comp id="84" class="1001" name="const_84">
<pin_list>
<pin id="85" dir="1" index="0" bw="1" slack="0"/>
</pin_list>
<bind>
<StgValue><ssdm name="_ssdm_op_BitConcatenate.i59.i58.i1"/></StgValue>
</bind>
</comp>

<comp id="86" class="1001" name="const_86">
<pin_list>
<pin id="87" dir="1" index="0" bw="1" slack="0"/>
</pin_list>
<bind>
<StgValue><ssdm name=""/></StgValue>
</bind>
</comp>

<comp id="88" class="1001" name="const_88">
<pin_list>
<pin id="89" dir="1" index="0" bw="1" slack="0"/>
</pin_list>
<bind>
<StgValue><ssdm name="_ssdm_op_PartSelect.i8.i59.i32.i32"/></StgValue>
</bind>
</comp>

<comp id="90" class="1001" name="const_90">
<pin_list>
<pin id="91" dir="1" index="0" bw="1" slack="0"/>
</pin_list>
<bind>
<StgValue><ssdm name=""/></StgValue>
</bind>
</comp>

<comp id="92" class="1001" name="const_92">
<pin_list>
<pin id="93" dir="1" index="0" bw="1" slack="0"/>
</pin_list>
<bind>
<StgValue><ssdm name=""/></StgValue>
</bind>
</comp>

<comp id="94" class="1001" name="const_94">
<pin_list>
<pin id="95" dir="1" index="0" bw="1" slack="0"/>
</pin_list>
<bind>
<StgValue><ssdm name=""/></StgValue>
</bind>
</comp>

<comp id="96" class="1001" name="const_96">
<pin_list>
<pin id="97" dir="1" index="0" bw="1" slack="0"/>
</pin_list>
<bind>
<StgValue><ssdm name=""/></StgValue>
</bind>
</comp>

<comp id="98" class="1001" name="const_98">
<pin_list>
<pin id="99" dir="1" index="0" bw="1" slack="0"/>
</pin_list>
<bind>
<StgValue><ssdm name=""/></StgValue>
</bind>
</comp>

<comp id="100" class="1001" name="const_100">
<pin_list>
<pin id="101" dir="1" index="0" bw="1" slack="0"/>
</pin_list>
<bind>
<StgValue><ssdm name=""/></StgValue>
</bind>
</comp>

<comp id="102" class="1001" name="const_102">
<pin_list>
<pin id="103" dir="1" index="0" bw="1" slack="0"/>
</pin_list>
<bind>
<StgValue><ssdm name=""/></StgValue>
</bind>
</comp>

<comp id="104" class="1001" name="const_104">
<pin_list>
<pin id="105" dir="1" index="0" bw="1" slack="0"/>
</pin_list>
<bind>
<StgValue><ssdm name=""/></StgValue>
</bind>
</comp>

<comp id="106" class="1001" name="const_106">
<pin_list>
<pin id="107" dir="1" index="0" bw="1" slack="0"/>
</pin_list>
<bind>
<StgValue><ssdm name=""/></StgValue>
</bind>
</comp>

<comp id="108" class="1001" name="const_108">
<pin_list>
<pin id="109" dir="1" index="0" bw="1" slack="0"/>
</pin_list>
<bind>
<StgValue><ssdm name="_ssdm_op_PartSelect.i10.i26.i32.i32"/></StgValue>
</bind>
</comp>

<comp id="110" class="1001" name="const_110">
<pin_list>
<pin id="111" dir="1" index="0" bw="1" slack="0"/>
</pin_list>
<bind>
<StgValue><ssdm name=""/></StgValue>
</bind>
</comp>

<comp id="112" class="1001" name="const_112">
<pin_list>
<pin id="113" dir="1" index="0" bw="1" slack="0"/>
</pin_list>
<bind>
<StgValue><ssdm name=""/></StgValue>
</bind>
</comp>

<comp id="114" class="1001" name="const_114">
<pin_list>
<pin id="115" dir="1" index="0" bw="1" slack="0"/>
</pin_list>
<bind>
<StgValue><ssdm name="_ssdm_op_BitConcatenate.i43.i8.i9.i26"/></StgValue>
</bind>
</comp>

<comp id="116" class="1001" name="const_116">
<pin_list>
<pin id="117" dir="1" index="0" bw="1" slack="0"/>
</pin_list>
<bind>
<StgValue><ssdm name=""/></StgValue>
</bind>
</comp>

<comp id="118" class="1001" name="const_118">
<pin_list>
<pin id="119" dir="1" index="0" bw="1" slack="0"/>
</pin_list>
<bind>
<StgValue><ssdm name="_ssdm_op_PartSelect.i20.i79.i32.i32"/></StgValue>
</bind>
</comp>

<comp id="120" class="1001" name="const_120">
<pin_list>
<pin id="121" dir="1" index="0" bw="1" slack="0"/>
</pin_list>
<bind>
<StgValue><ssdm name=""/></StgValue>
</bind>
</comp>

<comp id="122" class="1001" name="const_122">
<pin_list>
<pin id="123" dir="1" index="0" bw="1" slack="0"/>
</pin_list>
<bind>
<StgValue><ssdm name=""/></StgValue>
</bind>
</comp>

<comp id="124" class="1001" name="const_124">
<pin_list>
<pin id="125" dir="1" index="0" bw="1" slack="0"/>
</pin_list>
<bind>
<StgValue><ssdm name="_ssdm_op_PartSelect.i40.i42.i32.i32"/></StgValue>
</bind>
</comp>

<comp id="126" class="1001" name="const_126">
<pin_list>
<pin id="127" dir="1" index="0" bw="1" slack="0"/>
</pin_list>
<bind>
<StgValue><ssdm name=""/></StgValue>
</bind>
</comp>

<comp id="128" class="1001" name="const_128">
<pin_list>
<pin id="129" dir="1" index="0" bw="1" slack="0"/>
</pin_list>
<bind>
<StgValue><ssdm name=""/></StgValue>
</bind>
</comp>

<comp id="130" class="1001" name="const_130">
<pin_list>
<pin id="131" dir="1" index="0" bw="1" slack="0"/>
</pin_list>
<bind>
<StgValue><ssdm name="_ssdm_op_BitConcatenate.i49.i8.i1.i40"/></StgValue>
</bind>
</comp>

<comp id="132" class="1001" name="const_132">
<pin_list>
<pin id="133" dir="1" index="0" bw="1" slack="0"/>
</pin_list>
<bind>
<StgValue><ssdm name="_ssdm_op_PartSelect.i36.i93.i32.i32"/></StgValue>
</bind>
</comp>

<comp id="134" class="1001" name="const_134">
<pin_list>
<pin id="135" dir="1" index="0" bw="1" slack="0"/>
</pin_list>
<bind>
<StgValue><ssdm name=""/></StgValue>
</bind>
</comp>

<comp id="136" class="1001" name="const_136">
<pin_list>
<pin id="137" dir="1" index="0" bw="1" slack="0"/>
</pin_list>
<bind>
<StgValue><ssdm name=""/></StgValue>
</bind>
</comp>

<comp id="138" class="1001" name="const_138">
<pin_list>
<pin id="139" dir="1" index="0" bw="1" slack="0"/>
</pin_list>
<bind>
<StgValue><ssdm name="_ssdm_op_BitConcatenate.i51.i8.i1.i40.i2"/></StgValue>
</bind>
</comp>

<comp id="140" class="1001" name="const_140">
<pin_list>
<pin id="141" dir="1" index="0" bw="1" slack="0"/>
</pin_list>
<bind>
<StgValue><ssdm name=""/></StgValue>
</bind>
</comp>

<comp id="142" class="1001" name="const_142">
<pin_list>
<pin id="143" dir="1" index="0" bw="1" slack="0"/>
</pin_list>
<bind>
<StgValue><ssdm name="_ssdm_op_PartSelect.i50.i52.i32.i32"/></StgValue>
</bind>
</comp>

<comp id="144" class="1001" name="const_144">
<pin_list>
<pin id="145" dir="1" index="0" bw="1" slack="0"/>
</pin_list>
<bind>
<StgValue><ssdm name="_ssdm_op_PartSelect.i50.i58.i32.i32"/></StgValue>
</bind>
</comp>

<comp id="146" class="1001" name="const_146">
<pin_list>
<pin id="147" dir="1" index="0" bw="1" slack="0"/>
</pin_list>
<bind>
<StgValue><ssdm name=""/></StgValue>
</bind>
</comp>

<comp id="148" class="1001" name="const_148">
<pin_list>
<pin id="149" dir="1" index="0" bw="1" slack="0"/>
</pin_list>
<bind>
<StgValue><ssdm name=""/></StgValue>
</bind>
</comp>

<comp id="150" class="1001" name="const_150">
<pin_list>
<pin id="151" dir="1" index="0" bw="1" slack="0"/>
</pin_list>
<bind>
<StgValue><ssdm name="_ssdm_op_BitConcatenate.i107.i58.i49"/></StgValue>
</bind>
</comp>

<comp id="152" class="1001" name="const_152">
<pin_list>
<pin id="153" dir="1" index="0" bw="1" slack="0"/>
</pin_list>
<bind>
<StgValue><ssdm name=""/></StgValue>
</bind>
</comp>

<comp id="154" class="1001" name="const_154">
<pin_list>
<pin id="155" dir="1" index="0" bw="1" slack="0"/>
</pin_list>
<bind>
<StgValue><ssdm name="_ssdm_op_BitSelect.i1.i107.i32"/></StgValue>
</bind>
</comp>

<comp id="156" class="1001" name="const_156">
<pin_list>
<pin id="157" dir="1" index="0" bw="1" slack="0"/>
</pin_list>
<bind>
<StgValue><ssdm name=""/></StgValue>
</bind>
</comp>

<comp id="158" class="1001" name="const_158">
<pin_list>
<pin id="159" dir="1" index="0" bw="1" slack="0"/>
</pin_list>
<bind>
<StgValue><ssdm name=""/></StgValue>
</bind>
</comp>

<comp id="160" class="1001" name="const_160">
<pin_list>
<pin id="161" dir="1" index="0" bw="1" slack="0"/>
</pin_list>
<bind>
<StgValue><ssdm name="_ssdm_op_PartSelect.i3.i13.i32.i32"/></StgValue>
</bind>
</comp>

<comp id="162" class="1001" name="const_162">
<pin_list>
<pin id="163" dir="1" index="0" bw="1" slack="0"/>
</pin_list>
<bind>
<StgValue><ssdm name=""/></StgValue>
</bind>
</comp>

<comp id="164" class="1001" name="const_164">
<pin_list>
<pin id="165" dir="1" index="0" bw="1" slack="0"/>
</pin_list>
<bind>
<StgValue><ssdm name=""/></StgValue>
</bind>
</comp>

<comp id="166" class="1001" name="const_166">
<pin_list>
<pin id="167" dir="1" index="0" bw="1" slack="0"/>
</pin_list>
<bind>
<StgValue><ssdm name=""/></StgValue>
</bind>
</comp>

<comp id="168" class="1001" name="const_168">
<pin_list>
<pin id="169" dir="1" index="0" bw="1" slack="0"/>
</pin_list>
<bind>
<StgValue><ssdm name=""/></StgValue>
</bind>
</comp>

<comp id="170" class="1001" name="const_170">
<pin_list>
<pin id="171" dir="1" index="0" bw="1" slack="0"/>
</pin_list>
<bind>
<StgValue><ssdm name="_ssdm_op_PartSelect.i52.i107.i32.i32"/></StgValue>
</bind>
</comp>

<comp id="172" class="1001" name="const_172">
<pin_list>
<pin id="173" dir="1" index="0" bw="1" slack="0"/>
</pin_list>
<bind>
<StgValue><ssdm name=""/></StgValue>
</bind>
</comp>

<comp id="174" class="1001" name="const_174">
<pin_list>
<pin id="175" dir="1" index="0" bw="1" slack="0"/>
</pin_list>
<bind>
<StgValue><ssdm name=""/></StgValue>
</bind>
</comp>

<comp id="176" class="1001" name="const_176">
<pin_list>
<pin id="177" dir="1" index="0" bw="1" slack="0"/>
</pin_list>
<bind>
<StgValue><ssdm name=""/></StgValue>
</bind>
</comp>

<comp id="178" class="1001" name="const_178">
<pin_list>
<pin id="179" dir="1" index="0" bw="1" slack="2147483647"/>
</pin_list>
<bind>
<StgValue><ssdm name="_ssdm_op_SpecPipeline"/></StgValue>
</bind>
</comp>

<comp id="180" class="1001" name="const_180">
<pin_list>
<pin id="181" dir="1" index="0" bw="1" slack="2147483647"/>
</pin_list>
<bind>
<StgValue><ssdm name=""/></StgValue>
</bind>
</comp>

<comp id="182" class="1001" name="const_182">
<pin_list>
<pin id="183" dir="1" index="0" bw="1" slack="2147483647"/>
</pin_list>
<bind>
<StgValue><ssdm name=""/></StgValue>
</bind>
</comp>

<comp id="184" class="1001" name="const_184">
<pin_list>
<pin id="185" dir="1" index="0" bw="1" slack="2147483647"/>
</pin_list>
<bind>
<StgValue><ssdm name="empty_38"/></StgValue>
</bind>
</comp>

<comp id="186" class="1001" name="const_186">
<pin_list>
<pin id="187" dir="1" index="0" bw="1" slack="0"/>
</pin_list>
<bind>
<StgValue><ssdm name=""/></StgValue>
</bind>
</comp>

<comp id="188" class="1001" name="const_188">
<pin_list>
<pin id="189" dir="1" index="0" bw="1" slack="0"/>
</pin_list>
<bind>
<StgValue><ssdm name=""/></StgValue>
</bind>
</comp>

<comp id="190" class="1001" name="const_190">
<pin_list>
<pin id="191" dir="1" index="0" bw="1" slack="0"/>
</pin_list>
<bind>
<StgValue><ssdm name=""/></StgValue>
</bind>
</comp>

<comp id="192" class="1001" name="const_192">
<pin_list>
<pin id="193" dir="1" index="0" bw="1" slack="0"/>
</pin_list>
<bind>
<StgValue><ssdm name="_ssdm_op_BitConcatenate.i63.i11.i52"/></StgValue>
</bind>
</comp>

<comp id="194" class="1001" name="const_194">
<pin_list>
<pin id="195" dir="1" index="0" bw="1" slack="0"/>
</pin_list>
<bind>
<StgValue><ssdm name="_ssdm_op_BitConcatenate.i3.i1.i1.i1"/></StgValue>
</bind>
</comp>

<comp id="196" class="1001" name="const_196">
<pin_list>
<pin id="197" dir="1" index="0" bw="1" slack="0"/>
</pin_list>
<bind>
<StgValue><ssdm name="_ssdm_op_SparseMux.ap_auto.4double.double.i3"/></StgValue>
</bind>
</comp>

<comp id="198" class="1001" name="const_198">
<pin_list>
<pin id="199" dir="1" index="0" bw="1" slack="0"/>
</pin_list>
<bind>
<StgValue><ssdm name=""/></StgValue>
</bind>
</comp>

<comp id="200" class="1001" name="const_200">
<pin_list>
<pin id="201" dir="1" index="0" bw="1" slack="0"/>
</pin_list>
<bind>
<StgValue><ssdm name=""/></StgValue>
</bind>
</comp>

<comp id="202" class="1001" name="const_202">
<pin_list>
<pin id="203" dir="1" index="0" bw="1" slack="0"/>
</pin_list>
<bind>
<StgValue><ssdm name=""/></StgValue>
</bind>
</comp>

<comp id="204" class="1001" name="const_204">
<pin_list>
<pin id="205" dir="1" index="0" bw="1" slack="0"/>
</pin_list>
<bind>
<StgValue><ssdm name=""/></StgValue>
</bind>
</comp>

<comp id="206" class="1004" name="x_read_read_fu_206">
<pin_list>
<pin id="207" dir="0" index="0" bw="64" slack="0"/>
<pin id="208" dir="0" index="1" bw="64" slack="0"/>
<pin id="209" dir="1" index="2" bw="64" slack="0"/>
</pin_list>
<bind>
<opcode="read(1150) " fcode="read"/>
<opset="x_read/1 "/>
</bind>
</comp>

<comp id="212" class="1004" name="table_f_Z3_ap_ufixed_59_0_ap_q_mode_5_ap_o_mode_3_0_array_addr_gep_fu_212">
<pin_list>
<pin id="213" dir="0" index="0" bw="26" slack="0"/>
<pin id="214" dir="0" index="1" bw="1" slack="0"/>
<pin id="215" dir="0" index="2" bw="8" slack="0"/>
<pin id="216" dir="1" index="3" bw="8" slack="0"/>
</pin_list>
<bind>
<opcode="getelementptr(29) " fcode="getelementptr"/>
<opset="table_f_Z3_ap_ufixed_59_0_ap_q_mode_5_ap_o_mode_3_0_array_addr/11 "/>
</bind>
</comp>

<comp id="219" class="1004" name="grp_access_fu_219">
<pin_list>
<pin id="220" dir="0" index="0" bw="8" slack="0"/>
<pin id="221" dir="0" index="1" bw="26" slack="2147483647"/>
<pin id="222" dir="0" index="2" bw="0" slack="0"/>
<pin id="224" dir="0" index="4" bw="8" slack="2147483647"/>
<pin id="225" dir="0" index="5" bw="26" slack="2147483647"/>
<pin id="226" dir="0" index="6" bw="0" slack="2147483647"/>
<pin id="223" dir="1" index="3" bw="26" slack="1"/>
<pin id="227" dir="1" index="7" bw="26" slack="0"/>
</pin_list>
<bind>
<opcode="load(27) " fcode="load"/>
<opset="table_f_Z3_ap_ufixed_59_0_ap_q_mode_5_ap_o_mode_3_0_array_load/11 f_Z3/11 "/>
</bind>
</comp>

<comp id="229" class="1004" name="table_f_Z3_ap_ufixed_59_0_ap_q_mode_5_ap_o_mode_3_0_array_addr_1_gep_fu_229">
<pin_list>
<pin id="230" dir="0" index="0" bw="26" slack="0"/>
<pin id="231" dir="0" index="1" bw="1" slack="0"/>
<pin id="232" dir="0" index="2" bw="8" slack="0"/>
<pin id="233" dir="1" index="3" bw="8" slack="0"/>
</pin_list>
<bind>
<opcode="getelementptr(29) " fcode="getelementptr"/>
<opset="table_f_Z3_ap_ufixed_59_0_ap_q_mode_5_ap_o_mode_3_0_array_addr_1/11 "/>
</bind>
</comp>

<comp id="237" class="1004" name="table_f_Z2_ap_ufixed_59_0_ap_q_mode_5_ap_o_mode_3_0_array_addr_gep_fu_237">
<pin_list>
<pin id="238" dir="0" index="0" bw="42" slack="0"/>
<pin id="239" dir="0" index="1" bw="1" slack="0"/>
<pin id="240" dir="0" index="2" bw="8" slack="0"/>
<pin id="241" dir="1" index="3" bw="8" slack="0"/>
</pin_list>
<bind>
<opcode="getelementptr(29) " fcode="getelementptr"/>
<opset="table_f_Z2_ap_ufixed_59_0_ap_q_mode_5_ap_o_mode_3_0_array_addr/14 "/>
</bind>
</comp>

<comp id="244" class="1004" name="grp_access_fu_244">
<pin_list>
<pin id="245" dir="0" index="0" bw="8" slack="0"/>
<pin id="246" dir="0" index="1" bw="42" slack="2147483647"/>
<pin id="247" dir="0" index="2" bw="0" slack="2147483647"/>
<pin id="248" dir="1" index="3" bw="42" slack="0"/>
</pin_list>
<bind>
<opcode="load(27) " fcode="load"/>
<opset="f_Z2/14 "/>
</bind>
</comp>

<comp id="250" class="1004" name="table_exp_Z1_ap_ufixed_58_1_ap_q_mode_5_ap_o_mode_3_0_array_addr_gep_fu_250">
<pin_list>
<pin id="251" dir="0" index="0" bw="58" slack="0"/>
<pin id="252" dir="0" index="1" bw="1" slack="0"/>
<pin id="253" dir="0" index="2" bw="8" slack="0"/>
<pin id="254" dir="1" index="3" bw="8" slack="0"/>
</pin_list>
<bind>
<opcode="getelementptr(29) " fcode="getelementptr"/>
<opset="table_exp_Z1_ap_ufixed_58_1_ap_q_mode_5_ap_o_mode_3_0_array_addr/17 "/>
</bind>
</comp>

<comp id="257" class="1004" name="grp_access_fu_257">
<pin_list>
<pin id="258" dir="0" index="0" bw="8" slack="0"/>
<pin id="259" dir="0" index="1" bw="58" slack="2147483647"/>
<pin id="260" dir="0" index="2" bw="0" slack="2147483647"/>
<pin id="261" dir="1" index="3" bw="58" slack="0"/>
</pin_list>
<bind>
<opcode="load(27) " fcode="load"/>
<opset="exp_Z1/17 "/>
</bind>
</comp>

<comp id="263" class="1004" name="grp_fu_263">
<pin_list>
<pin id="264" dir="0" index="0" bw="13" slack="0"/>
<pin id="265" dir="0" index="1" bw="71" slack="0"/>
<pin id="266" dir="1" index="2" bw="71" slack="0"/>
</pin_list>
<bind>
<opcode="mul(12) " fcode="mul"/>
<opset="mul_ln249/6 "/>
</bind>
</comp>

<comp id="268" class="1004" name="grp_fu_268">
<pin_list>
<pin id="269" dir="0" index="0" bw="43" slack="0"/>
<pin id="270" dir="0" index="1" bw="36" slack="0"/>
<pin id="271" dir="1" index="2" bw="79" slack="0"/>
</pin_list>
<bind>
<opcode="mul(12) " fcode="mul"/>
<opset="mul_ln123/13 "/>
</bind>
</comp>

<comp id="272" class="1004" name="grp_fu_272">
<pin_list>
<pin id="273" dir="0" index="0" bw="49" slack="0"/>
<pin id="274" dir="0" index="1" bw="44" slack="0"/>
<pin id="275" dir="1" index="2" bw="93" slack="0"/>
</pin_list>
<bind>
<opcode="mul(12) " fcode="mul"/>
<opset="mul_ln142/16 "/>
</bind>
</comp>

<comp id="276" class="1004" name="grp_fu_276">
<pin_list>
<pin id="277" dir="0" index="0" bw="50" slack="0"/>
<pin id="278" dir="0" index="1" bw="50" slack="0"/>
<pin id="279" dir="1" index="2" bw="99" slack="1"/>
</pin_list>
<bind>
<opcode="mul(12) " fcode="mul"/>
<opset="mul_ln297/19 "/>
</bind>
</comp>

<comp id="280" class="1004" name="data_fu_280">
<pin_list>
<pin id="281" dir="0" index="0" bw="64" slack="0"/>
<pin id="282" dir="1" index="1" bw="64" slack="0"/>
</pin_list>
<bind>
<opcode="bitcast(44) " fcode="bitcast"/>
<opset="data/1 "/>
</bind>
</comp>

<comp id="284" class="1004" name="es_sign_fu_284">
<pin_list>
<pin id="285" dir="0" index="0" bw="1" slack="0"/>
<pin id="286" dir="0" index="1" bw="64" slack="0"/>
<pin id="287" dir="0" index="2" bw="7" slack="0"/>
<pin id="288" dir="1" index="3" bw="1" slack="0"/>
</pin_list>
<bind>
<opcode="bitselect(1000) " fcode="bitselect"/>
<opset="es_sign/1 "/>
</bind>
</comp>

<comp id="292" class="1004" name="es_exp_fu_292">
<pin_list>
<pin id="293" dir="0" index="0" bw="11" slack="0"/>
<pin id="294" dir="0" index="1" bw="64" slack="0"/>
<pin id="295" dir="0" index="2" bw="7" slack="0"/>
<pin id="296" dir="1" index="3" bw="11" slack="0"/>
</pin_list>
<bind>
<opcode="partselect(1002) " fcode="partselect"/>
<opset="es_exp/1 "/>
</bind>
</comp>

<comp id="300" class="1004" name="es_sig_fu_300">
<pin_list>
<pin id="301" dir="0" index="0" bw="64" slack="0"/>
<pin id="302" dir="1" index="1" bw="52" slack="0"/>
</pin_list>
<bind>
<opcode="trunc(33) " fcode="trunc"/>
<opset="es_sig/1 "/>
</bind>
</comp>

<comp id="304" class="1004" name="icmp_ln18_fu_304">
<pin_list>
<pin id="305" dir="0" index="0" bw="11" slack="0"/>
<pin id="306" dir="0" index="1" bw="11" slack="0"/>
<pin id="307" dir="1" index="2" bw="1" slack="0"/>
</pin_list>
<bind>
<opcode="icmp(45) " fcode="icmp"/>
<opset="icmp_ln18/1 "/>
</bind>
</comp>

<comp id="310" class="1004" name="icmp_ln18_1_fu_310">
<pin_list>
<pin id="311" dir="0" index="0" bw="52" slack="0"/>
<pin id="312" dir="0" index="1" bw="52" slack="0"/>
<pin id="313" dir="1" index="2" bw="1" slack="0"/>
</pin_list>
<bind>
<opcode="icmp(45) " fcode="icmp"/>
<opset="icmp_ln18_1/1 "/>
</bind>
</comp>

<comp id="316" class="1004" name="x_is_NaN_fu_316">
<pin_list>
<pin id="317" dir="0" index="0" bw="1" slack="0"/>
<pin id="318" dir="0" index="1" bw="1" slack="0"/>
<pin id="319" dir="1" index="2" bw="1" slack="21"/>
</pin_list>
<bind>
<opcode="and(23) " fcode="and"/>
<opset="x_is_NaN/1 "/>
</bind>
</comp>

<comp id="322" class="1004" name="icmp_ln18_2_fu_322">
<pin_list>
<pin id="323" dir="0" index="0" bw="52" slack="0"/>
<pin id="324" dir="0" index="1" bw="52" slack="0"/>
<pin id="325" dir="1" index="2" bw="1" slack="0"/>
</pin_list>
<bind>
<opcode="icmp(45) " fcode="icmp"/>
<opset="icmp_ln18_2/1 "/>
</bind>
</comp>

<comp id="328" class="1004" name="x_is_inf_fu_328">
<pin_list>
<pin id="329" dir="0" index="0" bw="1" slack="0"/>
<pin id="330" dir="0" index="1" bw="1" slack="0"/>
<pin id="331" dir="1" index="2" bw="1" slack="21"/>
</pin_list>
<bind>
<opcode="and(23) " fcode="and"/>
<opset="x_is_inf/1 "/>
</bind>
</comp>

<comp id="334" class="1004" name="zext_ln486_fu_334">
<pin_list>
<pin id="335" dir="0" index="0" bw="11" slack="0"/>
<pin id="336" dir="1" index="1" bw="12" slack="0"/>
</pin_list>
<bind>
<opcode="zext(34) " fcode="zext"/>
<opset="zext_ln486/1 "/>
</bind>
</comp>

<comp id="338" class="1004" name="m_exp_fu_338">
<pin_list>
<pin id="339" dir="0" index="0" bw="11" slack="0"/>
<pin id="340" dir="0" index="1" bw="11" slack="0"/>
<pin id="341" dir="1" index="2" bw="12" slack="0"/>
</pin_list>
<bind>
<opcode="add(8) " fcode="add"/>
<opset="m_exp/1 "/>
</bind>
</comp>

<comp id="344" class="1004" name="e_frac_fu_344">
<pin_list>
<pin id="345" dir="0" index="0" bw="53" slack="0"/>
<pin id="346" dir="0" index="1" bw="1" slack="0"/>
<pin id="347" dir="0" index="2" bw="52" slack="0"/>
<pin id="348" dir="1" index="3" bw="53" slack="0"/>
</pin_list>
<bind>
<opcode="bitconcatenate(1004) " fcode="bitconcatenate"/>
<opset="e_frac/1 "/>
</bind>
</comp>

<comp id="352" class="1004" name="zext_ln221_fu_352">
<pin_list>
<pin id="353" dir="0" index="0" bw="53" slack="0"/>
<pin id="354" dir="1" index="1" bw="54" slack="0"/>
</pin_list>
<bind>
<opcode="zext(34) " fcode="zext"/>
<opset="zext_ln221/1 "/>
</bind>
</comp>

<comp id="356" class="1004" name="e_frac_1_fu_356">
<pin_list>
<pin id="357" dir="0" index="0" bw="1" slack="0"/>
<pin id="358" dir="0" index="1" bw="53" slack="0"/>
<pin id="359" dir="1" index="2" bw="54" slack="0"/>
</pin_list>
<bind>
<opcode="sub(10) " fcode="sub"/>
<opset="e_frac_1/1 "/>
</bind>
</comp>

<comp id="362" class="1004" name="e_frac_2_fu_362">
<pin_list>
<pin id="363" dir="0" index="0" bw="1" slack="0"/>
<pin id="364" dir="0" index="1" bw="54" slack="0"/>
<pin id="365" dir="0" index="2" bw="54" slack="0"/>
<pin id="366" dir="1" index="3" bw="54" slack="0"/>
</pin_list>
<bind>
<opcode="select(49) " fcode="select"/>
<opset="e_frac_2/1 "/>
</bind>
</comp>

<comp id="370" class="1004" name="tmp_fu_370">
<pin_list>
<pin id="371" dir="0" index="0" bw="1" slack="0"/>
<pin id="372" dir="0" index="1" bw="12" slack="0"/>
<pin id="373" dir="0" index="2" bw="5" slack="0"/>
<pin id="374" dir="1" index="3" bw="1" slack="0"/>
</pin_list>
<bind>
<opcode="bitselect(1000) " fcode="bitselect"/>
<opset="tmp/1 "/>
</bind>
</comp>

<comp id="378" class="1004" name="sub_ln229_fu_378">
<pin_list>
<pin id="379" dir="0" index="0" bw="11" slack="0"/>
<pin id="380" dir="0" index="1" bw="11" slack="0"/>
<pin id="381" dir="1" index="2" bw="11" slack="0"/>
</pin_list>
<bind>
<opcode="sub(10) " fcode="sub"/>
<opset="sub_ln229/1 "/>
</bind>
</comp>

<comp id="384" class="1004" name="sext_ln229_fu_384">
<pin_list>
<pin id="385" dir="0" index="0" bw="11" slack="0"/>
<pin id="386" dir="1" index="1" bw="12" slack="0"/>
</pin_list>
<bind>
<opcode="sext(35) " fcode="sext"/>
<opset="sext_ln229/1 "/>
</bind>
</comp>

<comp id="388" class="1004" name="select_ln229_fu_388">
<pin_list>
<pin id="389" dir="0" index="0" bw="1" slack="0"/>
<pin id="390" dir="0" index="1" bw="12" slack="0"/>
<pin id="391" dir="0" index="2" bw="12" slack="0"/>
<pin id="392" dir="1" index="3" bw="12" slack="1"/>
</pin_list>
<bind>
<opcode="select(49) " fcode="select"/>
<opset="select_ln229/1 "/>
</bind>
</comp>

<comp id="396" class="1004" name="icmp_ln309_fu_396">
<pin_list>
<pin id="397" dir="0" index="0" bw="12" slack="0"/>
<pin id="398" dir="0" index="1" bw="12" slack="0"/>
<pin id="399" dir="1" index="2" bw="1" slack="21"/>
</pin_list>
<bind>
<opcode="icmp(45) " fcode="icmp"/>
<opset="icmp_ln309/1 "/>
</bind>
</comp>

<comp id="402" class="1004" name="tmp_34_fu_402">
<pin_list>
<pin id="403" dir="0" index="0" bw="1" slack="0"/>
<pin id="404" dir="0" index="1" bw="54" slack="0"/>
<pin id="405" dir="0" index="2" bw="7" slack="0"/>
<pin id="406" dir="1" index="3" bw="1" slack="21"/>
</pin_list>
<bind>
<opcode="bitselect(1000) " fcode="bitselect"/>
<opset="tmp_34/1 "/>
</bind>
</comp>

<comp id="410" class="1004" name="m_frac_l_fu_410">
<pin_list>
<pin id="411" dir="0" index="0" bw="61" slack="0"/>
<pin id="412" dir="0" index="1" bw="54" slack="1"/>
<pin id="413" dir="0" index="2" bw="1" slack="0"/>
<pin id="414" dir="1" index="3" bw="61" slack="0"/>
</pin_list>
<bind>
<opcode="bitconcatenate(1004) " fcode="bitconcatenate"/>
<opset="m_frac_l/2 "/>
</bind>
</comp>

<comp id="417" class="1004" name="sext_ln227_fu_417">
<pin_list>
<pin id="418" dir="0" index="0" bw="61" slack="0"/>
<pin id="419" dir="1" index="1" bw="71" slack="0"/>
</pin_list>
<bind>
<opcode="sext(35) " fcode="sext"/>
<opset="sext_ln227/2 "/>
</bind>
</comp>

<comp id="421" class="1004" name="sext_ln229_1_fu_421">
<pin_list>
<pin id="422" dir="0" index="0" bw="12" slack="1"/>
<pin id="423" dir="1" index="1" bw="32" slack="0"/>
</pin_list>
<bind>
<opcode="sext(35) " fcode="sext"/>
<opset="sext_ln229_1/2 "/>
</bind>
</comp>

<comp id="424" class="1004" name="zext_ln229_fu_424">
<pin_list>
<pin id="425" dir="0" index="0" bw="12" slack="0"/>
<pin id="426" dir="1" index="1" bw="71" slack="0"/>
</pin_list>
<bind>
<opcode="zext(34) " fcode="zext"/>
<opset="zext_ln229/2 "/>
</bind>
</comp>

<comp id="428" class="1004" name="ashr_ln229_fu_428">
<pin_list>
<pin id="429" dir="0" index="0" bw="61" slack="0"/>
<pin id="430" dir="0" index="1" bw="32" slack="0"/>
<pin id="431" dir="1" index="2" bw="71" slack="0"/>
</pin_list>
<bind>
<opcode="ashr(22) " fcode="ashr"/>
<opset="ashr_ln229/2 "/>
</bind>
</comp>

<comp id="434" class="1004" name="shl_ln229_fu_434">
<pin_list>
<pin id="435" dir="0" index="0" bw="61" slack="0"/>
<pin id="436" dir="0" index="1" bw="32" slack="0"/>
<pin id="437" dir="1" index="2" bw="71" slack="0"/>
</pin_list>
<bind>
<opcode="shl(20) " fcode="shl"/>
<opset="shl_ln229/2 "/>
</bind>
</comp>

<comp id="440" class="1004" name="m_fix_fu_440">
<pin_list>
<pin id="441" dir="0" index="0" bw="1" slack="1"/>
<pin id="442" dir="0" index="1" bw="71" slack="0"/>
<pin id="443" dir="0" index="2" bw="71" slack="0"/>
<pin id="444" dir="1" index="3" bw="71" slack="0"/>
</pin_list>
<bind>
<opcode="select(49) " fcode="select"/>
<opset="m_fix/2 "/>
</bind>
</comp>

<comp id="447" class="1004" name="m_fix_l_fu_447">
<pin_list>
<pin id="448" dir="0" index="0" bw="64" slack="0"/>
<pin id="449" dir="0" index="1" bw="71" slack="0"/>
<pin id="450" dir="0" index="2" bw="4" slack="0"/>
<pin id="451" dir="0" index="3" bw="8" slack="0"/>
<pin id="452" dir="1" index="4" bw="64" slack="1"/>
</pin_list>
<bind>
<opcode="partselect(1002) " fcode="partselect"/>
<opset="m_fix_l/2 "/>
</bind>
</comp>

<comp id="457" class="1004" name="m_fix_hi_fu_457">
<pin_list>
<pin id="458" dir="0" index="0" bw="16" slack="0"/>
<pin id="459" dir="0" index="1" bw="71" slack="0"/>
<pin id="460" dir="0" index="2" bw="7" slack="0"/>
<pin id="461" dir="0" index="3" bw="8" slack="0"/>
<pin id="462" dir="1" index="4" bw="16" slack="0"/>
</pin_list>
<bind>
<opcode="partselect(1002) " fcode="partselect"/>
<opset="m_fix_hi/2 "/>
</bind>
</comp>

<comp id="467" class="1004" name="tmp_30_fu_467">
<pin_list>
<pin id="468" dir="0" index="0" bw="1" slack="0"/>
<pin id="469" dir="0" index="1" bw="71" slack="0"/>
<pin id="470" dir="0" index="2" bw="8" slack="0"/>
<pin id="471" dir="1" index="3" bw="1" slack="2"/>
</pin_list>
<bind>
<opcode="bitselect(1000) " fcode="bitselect"/>
<opset="tmp_30/2 "/>
</bind>
</comp>

<comp id="475" class="1004" name="sext_ln243_fu_475">
<pin_list>
<pin id="476" dir="0" index="0" bw="16" slack="0"/>
<pin id="477" dir="1" index="1" bw="31" slack="0"/>
</pin_list>
<bind>
<opcode="sext(35) " fcode="sext"/>
<opset="sext_ln243/2 "/>
</bind>
</comp>

<comp id="479" class="1004" name="trunc_ln255_fu_479">
<pin_list>
<pin id="480" dir="0" index="0" bw="71" slack="0"/>
<pin id="481" dir="1" index="1" bw="59" slack="9"/>
</pin_list>
<bind>
<opcode="trunc(33) " fcode="trunc"/>
<opset="trunc_ln255/2 "/>
</bind>
</comp>

<comp id="483" class="1004" name="zext_ln230_fu_483">
<pin_list>
<pin id="484" dir="0" index="0" bw="12" slack="1"/>
<pin id="485" dir="1" index="1" bw="64" slack="0"/>
</pin_list>
<bind>
<opcode="zext(34) " fcode="zext"/>
<opset="zext_ln230/3 "/>
</bind>
</comp>

<comp id="486" class="1004" name="shl_ln230_fu_486">
<pin_list>
<pin id="487" dir="0" index="0" bw="64" slack="1"/>
<pin id="488" dir="0" index="1" bw="32" slack="0"/>
<pin id="489" dir="1" index="2" bw="64" slack="0"/>
</pin_list>
<bind>
<opcode="shl(20) " fcode="shl"/>
<opset="shl_ln230/3 "/>
</bind>
</comp>

<comp id="491" class="1004" name="ashr_ln230_fu_491">
<pin_list>
<pin id="492" dir="0" index="0" bw="64" slack="1"/>
<pin id="493" dir="0" index="1" bw="32" slack="0"/>
<pin id="494" dir="1" index="2" bw="64" slack="0"/>
</pin_list>
<bind>
<opcode="ashr(22) " fcode="ashr"/>
<opset="ashr_ln230/3 "/>
</bind>
</comp>

<comp id="496" class="1004" name="select_ln230_fu_496">
<pin_list>
<pin id="497" dir="0" index="0" bw="1" slack="2"/>
<pin id="498" dir="0" index="1" bw="64" slack="0"/>
<pin id="499" dir="0" index="2" bw="64" slack="0"/>
<pin id="500" dir="1" index="3" bw="64" slack="0"/>
</pin_list>
<bind>
<opcode="select(49) " fcode="select"/>
<opset="select_ln230/3 "/>
</bind>
</comp>

<comp id="503" class="1004" name="shl_ln2_fu_503">
<pin_list>
<pin id="504" dir="0" index="0" bw="71" slack="0"/>
<pin id="505" dir="0" index="1" bw="64" slack="0"/>
<pin id="506" dir="0" index="2" bw="1" slack="0"/>
<pin id="507" dir="1" index="3" bw="71" slack="0"/>
</pin_list>
<bind>
<opcode="bitconcatenate(1004) " fcode="bitconcatenate"/>
<opset="shl_ln2/3 "/>
</bind>
</comp>

<comp id="511" class="1004" name="icmp_ln309_2_fu_511">
<pin_list>
<pin id="512" dir="0" index="0" bw="71" slack="0"/>
<pin id="513" dir="0" index="1" bw="71" slack="1"/>
<pin id="514" dir="1" index="2" bw="1" slack="19"/>
</pin_list>
<bind>
<opcode="icmp(45) " fcode="icmp"/>
<opset="icmp_ln309_2/3 "/>
</bind>
</comp>

<comp id="516" class="1004" name="shl_ln_fu_516">
<pin_list>
<pin id="517" dir="0" index="0" bw="19" slack="0"/>
<pin id="518" dir="0" index="1" bw="1" slack="2"/>
<pin id="519" dir="0" index="2" bw="18" slack="0"/>
<pin id="520" dir="1" index="3" bw="19" slack="0"/>
</pin_list>
<bind>
<opcode="bitconcatenate(1004) " fcode="bitconcatenate"/>
<opset="shl_ln/4 "/>
</bind>
</comp>

<comp id="523" class="1004" name="sext_ln243_1_fu_523">
<pin_list>
<pin id="524" dir="0" index="0" bw="19" slack="0"/>
<pin id="525" dir="1" index="1" bw="31" slack="0"/>
</pin_list>
<bind>
<opcode="sext(35) " fcode="sext"/>
<opset="sext_ln243_1/4 "/>
</bind>
</comp>

<comp id="527" class="1004" name="trunc_ln_fu_527">
<pin_list>
<pin id="528" dir="0" index="0" bw="13" slack="0"/>
<pin id="529" dir="0" index="1" bw="31" slack="0"/>
<pin id="530" dir="0" index="2" bw="6" slack="0"/>
<pin id="531" dir="0" index="3" bw="6" slack="0"/>
<pin id="532" dir="1" index="4" bw="13" slack="0"/>
</pin_list>
<bind>
<opcode="partselect(1002) " fcode="partselect"/>
<opset="trunc_ln/5 "/>
</bind>
</comp>

<comp id="536" class="1004" name="tmp_31_fu_536">
<pin_list>
<pin id="537" dir="0" index="0" bw="1" slack="0"/>
<pin id="538" dir="0" index="1" bw="31" slack="0"/>
<pin id="539" dir="0" index="2" bw="6" slack="0"/>
<pin id="540" dir="1" index="3" bw="1" slack="0"/>
</pin_list>
<bind>
<opcode="bitselect(1000) " fcode="bitselect"/>
<opset="tmp_31/5 "/>
</bind>
</comp>

<comp id="543" class="1004" name="trunc_ln243_fu_543">
<pin_list>
<pin id="544" dir="0" index="0" bw="31" slack="0"/>
<pin id="545" dir="1" index="1" bw="18" slack="0"/>
</pin_list>
<bind>
<opcode="trunc(33) " fcode="trunc"/>
<opset="trunc_ln243/5 "/>
</bind>
</comp>

<comp id="546" class="1004" name="icmp_ln243_fu_546">
<pin_list>
<pin id="547" dir="0" index="0" bw="18" slack="0"/>
<pin id="548" dir="0" index="1" bw="18" slack="0"/>
<pin id="549" dir="1" index="2" bw="1" slack="0"/>
</pin_list>
<bind>
<opcode="icmp(45) " fcode="icmp"/>
<opset="icmp_ln243/5 "/>
</bind>
</comp>

<comp id="552" class="1004" name="add_ln243_1_fu_552">
<pin_list>
<pin id="553" dir="0" index="0" bw="13" slack="0"/>
<pin id="554" dir="0" index="1" bw="1" slack="0"/>
<pin id="555" dir="1" index="2" bw="13" slack="0"/>
</pin_list>
<bind>
<opcode="add(8) " fcode="add"/>
<opset="add_ln243_1/5 "/>
</bind>
</comp>

<comp id="558" class="1004" name="select_ln243_fu_558">
<pin_list>
<pin id="559" dir="0" index="0" bw="1" slack="0"/>
<pin id="560" dir="0" index="1" bw="13" slack="0"/>
<pin id="561" dir="0" index="2" bw="13" slack="0"/>
<pin id="562" dir="1" index="3" bw="13" slack="0"/>
</pin_list>
<bind>
<opcode="select(49) " fcode="select"/>
<opset="select_ln243/5 "/>
</bind>
</comp>

<comp id="566" class="1004" name="r_exp_fu_566">
<pin_list>
<pin id="567" dir="0" index="0" bw="1" slack="0"/>
<pin id="568" dir="0" index="1" bw="13" slack="0"/>
<pin id="569" dir="0" index="2" bw="13" slack="0"/>
<pin id="570" dir="1" index="3" bw="13" slack="1"/>
</pin_list>
<bind>
<opcode="select(49) " fcode="select"/>
<opset="r_exp/5 "/>
</bind>
</comp>

<comp id="574" class="1004" name="sext_ln249_fu_574">
<pin_list>
<pin id="575" dir="0" index="0" bw="13" slack="1"/>
<pin id="576" dir="1" index="1" bw="71" slack="0"/>
</pin_list>
<bind>
<opcode="sext(35) " fcode="sext"/>
<opset="sext_ln249/6 "/>
</bind>
</comp>

<comp id="578" class="1004" name="tmp_26_fu_578">
<pin_list>
<pin id="579" dir="0" index="0" bw="58" slack="0"/>
<pin id="580" dir="0" index="1" bw="71" slack="0"/>
<pin id="581" dir="0" index="2" bw="5" slack="0"/>
<pin id="582" dir="0" index="3" bw="8" slack="0"/>
<pin id="583" dir="1" index="4" bw="58" slack="1"/>
</pin_list>
<bind>
<opcode="partselect(1002) " fcode="partselect"/>
<opset="tmp_26/10 "/>
</bind>
</comp>

<comp id="588" class="1004" name="and_ln_fu_588">
<pin_list>
<pin id="589" dir="0" index="0" bw="59" slack="0"/>
<pin id="590" dir="0" index="1" bw="58" slack="1"/>
<pin id="591" dir="0" index="2" bw="1" slack="0"/>
<pin id="592" dir="1" index="3" bw="59" slack="0"/>
</pin_list>
<bind>
<opcode="bitconcatenate(1004) " fcode="bitconcatenate"/>
<opset="and_ln/11 "/>
</bind>
</comp>

<comp id="595" class="1004" name="sub_ln255_fu_595">
<pin_list>
<pin id="596" dir="0" index="0" bw="59" slack="9"/>
<pin id="597" dir="0" index="1" bw="59" slack="0"/>
<pin id="598" dir="1" index="2" bw="59" slack="0"/>
</pin_list>
<bind>
<opcode="sub(10) " fcode="sub"/>
<opset="sub_ln255/11 "/>
</bind>
</comp>

<comp id="600" class="1004" name="m_diff_hi_fu_600">
<pin_list>
<pin id="601" dir="0" index="0" bw="8" slack="0"/>
<pin id="602" dir="0" index="1" bw="59" slack="0"/>
<pin id="603" dir="0" index="2" bw="7" slack="0"/>
<pin id="604" dir="0" index="3" bw="7" slack="0"/>
<pin id="605" dir="1" index="4" bw="8" slack="6"/>
</pin_list>
<bind>
<opcode="partselect(1002) " fcode="partselect"/>
<opset="m_diff_hi/11 "/>
</bind>
</comp>

<comp id="610" class="1004" name="Z2_fu_610">
<pin_list>
<pin id="611" dir="0" index="0" bw="8" slack="0"/>
<pin id="612" dir="0" index="1" bw="59" slack="0"/>
<pin id="613" dir="0" index="2" bw="7" slack="0"/>
<pin id="614" dir="0" index="3" bw="7" slack="0"/>
<pin id="615" dir="1" index="4" bw="8" slack="3"/>
</pin_list>
<bind>
<opcode="partselect(1002) " fcode="partselect"/>
<opset="Z2/11 "/>
</bind>
</comp>

<comp id="620" class="1004" name="Z3_fu_620">
<pin_list>
<pin id="621" dir="0" index="0" bw="8" slack="0"/>
<pin id="622" dir="0" index="1" bw="59" slack="0"/>
<pin id="623" dir="0" index="2" bw="7" slack="0"/>
<pin id="624" dir="0" index="3" bw="7" slack="0"/>
<pin id="625" dir="1" index="4" bw="8" slack="0"/>
</pin_list>
<bind>
<opcode="partselect(1002) " fcode="partselect"/>
<opset="Z3/11 "/>
</bind>
</comp>

<comp id="630" class="1004" name="Z4_fu_630">
<pin_list>
<pin id="631" dir="0" index="0" bw="59" slack="0"/>
<pin id="632" dir="1" index="1" bw="35" slack="1"/>
</pin_list>
<bind>
<opcode="trunc(33) " fcode="trunc"/>
<opset="Z4/11 "/>
</bind>
</comp>

<comp id="634" class="1004" name="Z4_ind_fu_634">
<pin_list>
<pin id="635" dir="0" index="0" bw="8" slack="0"/>
<pin id="636" dir="0" index="1" bw="59" slack="0"/>
<pin id="637" dir="0" index="2" bw="6" slack="0"/>
<pin id="638" dir="0" index="3" bw="7" slack="0"/>
<pin id="639" dir="1" index="4" bw="8" slack="0"/>
</pin_list>
<bind>
<opcode="partselect(1002) " fcode="partselect"/>
<opset="Z4_ind/11 "/>
</bind>
</comp>

<comp id="644" class="1004" name="zext_ln114_fu_644">
<pin_list>
<pin id="645" dir="0" index="0" bw="8" slack="0"/>
<pin id="646" dir="1" index="1" bw="64" slack="0"/>
</pin_list>
<bind>
<opcode="zext(34) " fcode="zext"/>
<opset="zext_ln114/11 "/>
</bind>
</comp>

<comp id="649" class="1004" name="zext_ln119_fu_649">
<pin_list>
<pin id="650" dir="0" index="0" bw="8" slack="0"/>
<pin id="651" dir="1" index="1" bw="64" slack="0"/>
</pin_list>
<bind>
<opcode="zext(34) " fcode="zext"/>
<opset="zext_ln119/11 "/>
</bind>
</comp>

<comp id="654" class="1004" name="f_Z4_fu_654">
<pin_list>
<pin id="655" dir="0" index="0" bw="10" slack="0"/>
<pin id="656" dir="0" index="1" bw="26" slack="0"/>
<pin id="657" dir="0" index="2" bw="6" slack="0"/>
<pin id="658" dir="0" index="3" bw="6" slack="0"/>
<pin id="659" dir="1" index="4" bw="10" slack="0"/>
</pin_list>
<bind>
<opcode="partselect(1002) " fcode="partselect"/>
<opset="f_Z4/12 "/>
</bind>
</comp>

<comp id="664" class="1004" name="zext_ln115_fu_664">
<pin_list>
<pin id="665" dir="0" index="0" bw="35" slack="1"/>
<pin id="666" dir="1" index="1" bw="36" slack="0"/>
</pin_list>
<bind>
<opcode="zext(34) " fcode="zext"/>
<opset="zext_ln115/12 "/>
</bind>
</comp>

<comp id="667" class="1004" name="zext_ln115_1_fu_667">
<pin_list>
<pin id="668" dir="0" index="0" bw="10" slack="0"/>
<pin id="669" dir="1" index="1" bw="36" slack="0"/>
</pin_list>
<bind>
<opcode="zext(34) " fcode="zext"/>
<opset="zext_ln115_1/12 "/>
</bind>
</comp>

<comp id="671" class="1004" name="exp_Z4_m_1_fu_671">
<pin_list>
<pin id="672" dir="0" index="0" bw="35" slack="0"/>
<pin id="673" dir="0" index="1" bw="10" slack="0"/>
<pin id="674" dir="1" index="2" bw="36" slack="1"/>
</pin_list>
<bind>
<opcode="add(8) " fcode="add"/>
<opset="exp_Z4_m_1/12 "/>
</bind>
</comp>

<comp id="677" class="1004" name="exp_Z3_m_1_fu_677">
<pin_list>
<pin id="678" dir="0" index="0" bw="43" slack="0"/>
<pin id="679" dir="0" index="1" bw="8" slack="2"/>
<pin id="680" dir="0" index="2" bw="1" slack="0"/>
<pin id="681" dir="0" index="3" bw="26" slack="1"/>
<pin id="682" dir="1" index="4" bw="43" slack="0"/>
</pin_list>
<bind>
<opcode="bitconcatenate(1004) " fcode="bitconcatenate"/>
<opset="exp_Z3_m_1/13 "/>
</bind>
</comp>

<comp id="685" class="1004" name="zext_ln123_fu_685">
<pin_list>
<pin id="686" dir="0" index="0" bw="43" slack="0"/>
<pin id="687" dir="1" index="1" bw="79" slack="0"/>
</pin_list>
<bind>
<opcode="zext(34) " fcode="zext"/>
<opset="zext_ln123/13 "/>
</bind>
</comp>

<comp id="690" class="1004" name="zext_ln123_1_fu_690">
<pin_list>
<pin id="691" dir="0" index="0" bw="36" slack="1"/>
<pin id="692" dir="1" index="1" bw="79" slack="0"/>
</pin_list>
<bind>
<opcode="zext(34) " fcode="zext"/>
<opset="zext_ln123_1/13 "/>
</bind>
</comp>

<comp id="694" class="1004" name="tmp_27_fu_694">
<pin_list>
<pin id="695" dir="0" index="0" bw="20" slack="0"/>
<pin id="696" dir="0" index="1" bw="79" slack="0"/>
<pin id="697" dir="0" index="2" bw="7" slack="0"/>
<pin id="698" dir="0" index="3" bw="8" slack="0"/>
<pin id="699" dir="1" index="4" bw="20" slack="1"/>
</pin_list>
<bind>
<opcode="partselect(1002) " fcode="partselect"/>
<opset="tmp_27/14 "/>
</bind>
</comp>

<comp id="704" class="1004" name="zext_ln138_fu_704">
<pin_list>
<pin id="705" dir="0" index="0" bw="8" slack="3"/>
<pin id="706" dir="1" index="1" bw="64" slack="0"/>
</pin_list>
<bind>
<opcode="zext(34) " fcode="zext"/>
<opset="zext_ln138/14 "/>
</bind>
</comp>

<comp id="708" class="1004" name="zext_ln120_fu_708">
<pin_list>
<pin id="709" dir="0" index="0" bw="43" slack="2"/>
<pin id="710" dir="1" index="1" bw="44" slack="0"/>
</pin_list>
<bind>
<opcode="zext(34) " fcode="zext"/>
<opset="zext_ln120/15 "/>
</bind>
</comp>

<comp id="711" class="1004" name="zext_ln126_fu_711">
<pin_list>
<pin id="712" dir="0" index="0" bw="36" slack="3"/>
<pin id="713" dir="1" index="1" bw="44" slack="0"/>
</pin_list>
<bind>
<opcode="zext(34) " fcode="zext"/>
<opset="zext_ln126/15 "/>
</bind>
</comp>

<comp id="714" class="1004" name="zext_ln126_1_fu_714">
<pin_list>
<pin id="715" dir="0" index="0" bw="20" slack="1"/>
<pin id="716" dir="1" index="1" bw="44" slack="0"/>
</pin_list>
<bind>
<opcode="zext(34) " fcode="zext"/>
<opset="zext_ln126_1/15 "/>
</bind>
</comp>

<comp id="717" class="1004" name="add_ln126_fu_717">
<pin_list>
<pin id="718" dir="0" index="0" bw="43" slack="0"/>
<pin id="719" dir="0" index="1" bw="36" slack="0"/>
<pin id="720" dir="1" index="2" bw="44" slack="0"/>
</pin_list>
<bind>
<opcode="add(8) " fcode="add"/>
<opset="add_ln126/15 "/>
</bind>
</comp>

<comp id="723" class="1004" name="exp_Z2P_m_1_fu_723">
<pin_list>
<pin id="724" dir="0" index="0" bw="44" slack="0"/>
<pin id="725" dir="0" index="1" bw="20" slack="0"/>
<pin id="726" dir="1" index="2" bw="44" slack="1"/>
</pin_list>
<bind>
<opcode="add(8) " fcode="add"/>
<opset="exp_Z2P_m_1/15 "/>
</bind>
</comp>

<comp id="729" class="1004" name="tmp_28_fu_729">
<pin_list>
<pin id="730" dir="0" index="0" bw="40" slack="0"/>
<pin id="731" dir="0" index="1" bw="42" slack="0"/>
<pin id="732" dir="0" index="2" bw="3" slack="0"/>
<pin id="733" dir="0" index="3" bw="7" slack="0"/>
<pin id="734" dir="1" index="4" bw="40" slack="1"/>
</pin_list>
<bind>
<opcode="partselect(1002) " fcode="partselect"/>
<opset="tmp_28/15 "/>
</bind>
</comp>

<comp id="739" class="1004" name="exp_Z2_m_1_fu_739">
<pin_list>
<pin id="740" dir="0" index="0" bw="49" slack="0"/>
<pin id="741" dir="0" index="1" bw="8" slack="5"/>
<pin id="742" dir="0" index="2" bw="1" slack="0"/>
<pin id="743" dir="0" index="3" bw="40" slack="1"/>
<pin id="744" dir="1" index="4" bw="49" slack="0"/>
</pin_list>
<bind>
<opcode="bitconcatenate(1004) " fcode="bitconcatenate"/>
<opset="exp_Z2_m_1/16 "/>
</bind>
</comp>

<comp id="747" class="1004" name="zext_ln142_fu_747">
<pin_list>
<pin id="748" dir="0" index="0" bw="49" slack="0"/>
<pin id="749" dir="1" index="1" bw="93" slack="0"/>
</pin_list>
<bind>
<opcode="zext(34) " fcode="zext"/>
<opset="zext_ln142/16 "/>
</bind>
</comp>

<comp id="752" class="1004" name="zext_ln142_1_fu_752">
<pin_list>
<pin id="753" dir="0" index="0" bw="44" slack="1"/>
<pin id="754" dir="1" index="1" bw="93" slack="0"/>
</pin_list>
<bind>
<opcode="zext(34) " fcode="zext"/>
<opset="zext_ln142_1/16 "/>
</bind>
</comp>

<comp id="756" class="1004" name="zext_ln292_fu_756">
<pin_list>
<pin id="757" dir="0" index="0" bw="8" slack="6"/>
<pin id="758" dir="1" index="1" bw="64" slack="0"/>
</pin_list>
<bind>
<opcode="zext(34) " fcode="zext"/>
<opset="zext_ln292/17 "/>
</bind>
</comp>

<comp id="760" class="1004" name="tmp_29_fu_760">
<pin_list>
<pin id="761" dir="0" index="0" bw="36" slack="0"/>
<pin id="762" dir="0" index="1" bw="93" slack="0"/>
<pin id="763" dir="0" index="2" bw="7" slack="0"/>
<pin id="764" dir="0" index="3" bw="8" slack="0"/>
<pin id="765" dir="1" index="4" bw="36" slack="1"/>
</pin_list>
<bind>
<opcode="partselect(1002) " fcode="partselect"/>
<opset="tmp_29/17 "/>
</bind>
</comp>

<comp id="770" class="1004" name="and_ln1_fu_770">
<pin_list>
<pin id="771" dir="0" index="0" bw="51" slack="0"/>
<pin id="772" dir="0" index="1" bw="8" slack="7"/>
<pin id="773" dir="0" index="2" bw="1" slack="0"/>
<pin id="774" dir="0" index="3" bw="40" slack="3"/>
<pin id="775" dir="0" index="4" bw="1" slack="0"/>
<pin id="776" dir="1" index="5" bw="51" slack="0"/>
</pin_list>
<bind>
<opcode="bitconcatenate(1004) " fcode="bitconcatenate"/>
<opset="and_ln1/18 "/>
</bind>
</comp>

<comp id="780" class="1004" name="zext_ln145_fu_780">
<pin_list>
<pin id="781" dir="0" index="0" bw="51" slack="0"/>
<pin id="782" dir="1" index="1" bw="52" slack="0"/>
</pin_list>
<bind>
<opcode="zext(34) " fcode="zext"/>
<opset="zext_ln145/18 "/>
</bind>
</comp>

<comp id="784" class="1004" name="zext_ln145_1_fu_784">
<pin_list>
<pin id="785" dir="0" index="0" bw="44" slack="3"/>
<pin id="786" dir="1" index="1" bw="52" slack="0"/>
</pin_list>
<bind>
<opcode="zext(34) " fcode="zext"/>
<opset="zext_ln145_1/18 "/>
</bind>
</comp>

<comp id="787" class="1004" name="zext_ln145_2_fu_787">
<pin_list>
<pin id="788" dir="0" index="0" bw="36" slack="1"/>
<pin id="789" dir="1" index="1" bw="52" slack="0"/>
</pin_list>
<bind>
<opcode="zext(34) " fcode="zext"/>
<opset="zext_ln145_2/18 "/>
</bind>
</comp>

<comp id="790" class="1004" name="add_ln145_fu_790">
<pin_list>
<pin id="791" dir="0" index="0" bw="51" slack="0"/>
<pin id="792" dir="0" index="1" bw="44" slack="0"/>
<pin id="793" dir="1" index="2" bw="52" slack="0"/>
</pin_list>
<bind>
<opcode="add(8) " fcode="add"/>
<opset="add_ln145/18 "/>
</bind>
</comp>

<comp id="796" class="1004" name="exp_Z1P_m_1_l_fu_796">
<pin_list>
<pin id="797" dir="0" index="0" bw="52" slack="0"/>
<pin id="798" dir="0" index="1" bw="36" slack="0"/>
<pin id="799" dir="1" index="2" bw="52" slack="0"/>
</pin_list>
<bind>
<opcode="add(8) " fcode="add"/>
<opset="exp_Z1P_m_1_l/18 "/>
</bind>
</comp>

<comp id="802" class="1004" name="exp_Z1P_m_1_fu_802">
<pin_list>
<pin id="803" dir="0" index="0" bw="50" slack="0"/>
<pin id="804" dir="0" index="1" bw="52" slack="0"/>
<pin id="805" dir="0" index="2" bw="3" slack="0"/>
<pin id="806" dir="0" index="3" bw="7" slack="0"/>
<pin id="807" dir="1" index="4" bw="50" slack="1"/>
</pin_list>
<bind>
<opcode="partselect(1002) " fcode="partselect"/>
<opset="exp_Z1P_m_1/18 "/>
</bind>
</comp>

<comp id="812" class="1004" name="exp_Z1_hi_fu_812">
<pin_list>
<pin id="813" dir="0" index="0" bw="50" slack="0"/>
<pin id="814" dir="0" index="1" bw="58" slack="0"/>
<pin id="815" dir="0" index="2" bw="5" slack="0"/>
<pin id="816" dir="0" index="3" bw="7" slack="0"/>
<pin id="817" dir="1" index="4" bw="50" slack="1"/>
</pin_list>
<bind>
<opcode="partselect(1002) " fcode="partselect"/>
<opset="exp_Z1_hi/18 "/>
</bind>
</comp>

<comp id="822" class="1004" name="zext_ln297_fu_822">
<pin_list>
<pin id="823" dir="0" index="0" bw="50" slack="1"/>
<pin id="824" dir="1" index="1" bw="99" slack="0"/>
</pin_list>
<bind>
<opcode="zext(34) " fcode="zext"/>
<opset="zext_ln297/19 "/>
</bind>
</comp>

<comp id="826" class="1004" name="zext_ln297_1_fu_826">
<pin_list>
<pin id="827" dir="0" index="0" bw="50" slack="1"/>
<pin id="828" dir="1" index="1" bw="99" slack="0"/>
</pin_list>
<bind>
<opcode="zext(34) " fcode="zext"/>
<opset="zext_ln297_1/19 "/>
</bind>
</comp>

<comp id="830" class="1004" name="add_ln297_fu_830">
<pin_list>
<pin id="831" dir="0" index="0" bw="58" slack="2"/>
<pin id="832" dir="0" index="1" bw="6" slack="0"/>
<pin id="833" dir="1" index="2" bw="58" slack="1"/>
</pin_list>
<bind>
<opcode="add(8) " fcode="add"/>
<opset="add_ln297/20 "/>
</bind>
</comp>

<comp id="835" class="1004" name="shl_ln1_fu_835">
<pin_list>
<pin id="836" dir="0" index="0" bw="107" slack="0"/>
<pin id="837" dir="0" index="1" bw="58" slack="1"/>
<pin id="838" dir="0" index="2" bw="1" slack="0"/>
<pin id="839" dir="1" index="3" bw="107" slack="0"/>
</pin_list>
<bind>
<opcode="bitconcatenate(1004) " fcode="bitconcatenate"/>
<opset="shl_ln1/21 "/>
</bind>
</comp>

<comp id="842" class="1004" name="zext_ln297_2_fu_842">
<pin_list>
<pin id="843" dir="0" index="0" bw="99" slack="1"/>
<pin id="844" dir="1" index="1" bw="107" slack="0"/>
</pin_list>
<bind>
<opcode="zext(34) " fcode="zext"/>
<opset="zext_ln297_2/21 "/>
</bind>
</comp>

<comp id="845" class="1004" name="add_ln297_1_fu_845">
<pin_list>
<pin id="846" dir="0" index="0" bw="107" slack="0"/>
<pin id="847" dir="0" index="1" bw="99" slack="0"/>
<pin id="848" dir="1" index="2" bw="107" slack="0"/>
</pin_list>
<bind>
<opcode="add(8) " fcode="add"/>
<opset="add_ln297_1/21 "/>
</bind>
</comp>

<comp id="851" class="1004" name="tmp_32_fu_851">
<pin_list>
<pin id="852" dir="0" index="0" bw="1" slack="0"/>
<pin id="853" dir="0" index="1" bw="107" slack="0"/>
<pin id="854" dir="0" index="2" bw="8" slack="0"/>
<pin id="855" dir="1" index="3" bw="1" slack="0"/>
</pin_list>
<bind>
<opcode="bitselect(1000) " fcode="bitselect"/>
<opset="tmp_32/21 "/>
</bind>
</comp>

<comp id="859" class="1004" name="r_exp_1_fu_859">
<pin_list>
<pin id="860" dir="0" index="0" bw="13" slack="16"/>
<pin id="861" dir="0" index="1" bw="1" slack="0"/>
<pin id="862" dir="1" index="2" bw="13" slack="0"/>
</pin_list>
<bind>
<opcode="add(8) " fcode="add"/>
<opset="r_exp_1/21 "/>
</bind>
</comp>

<comp id="864" class="1004" name="r_exp_2_fu_864">
<pin_list>
<pin id="865" dir="0" index="0" bw="1" slack="0"/>
<pin id="866" dir="0" index="1" bw="13" slack="16"/>
<pin id="867" dir="0" index="2" bw="13" slack="0"/>
<pin id="868" dir="1" index="3" bw="13" slack="0"/>
</pin_list>
<bind>
<opcode="select(49) " fcode="select"/>
<opset="r_exp_2/21 "/>
</bind>
</comp>

<comp id="871" class="1004" name="tmp_33_fu_871">
<pin_list>
<pin id="872" dir="0" index="0" bw="3" slack="0"/>
<pin id="873" dir="0" index="1" bw="13" slack="0"/>
<pin id="874" dir="0" index="2" bw="5" slack="0"/>
<pin id="875" dir="0" index="3" bw="5" slack="0"/>
<pin id="876" dir="1" index="4" bw="3" slack="0"/>
</pin_list>
<bind>
<opcode="partselect(1002) " fcode="partselect"/>
<opset="tmp_33/21 "/>
</bind>
</comp>

<comp id="881" class="1004" name="icmp_ln309_1_fu_881">
<pin_list>
<pin id="882" dir="0" index="0" bw="3" slack="0"/>
<pin id="883" dir="0" index="1" bw="3" slack="0"/>
<pin id="884" dir="1" index="2" bw="1" slack="1"/>
</pin_list>
<bind>
<opcode="icmp(45) " fcode="icmp"/>
<opset="icmp_ln309_1/21 "/>
</bind>
</comp>

<comp id="887" class="1004" name="icmp_ln326_fu_887">
<pin_list>
<pin id="888" dir="0" index="0" bw="13" slack="0"/>
<pin id="889" dir="0" index="1" bw="13" slack="0"/>
<pin id="890" dir="1" index="2" bw="1" slack="1"/>
</pin_list>
<bind>
<opcode="icmp(45) " fcode="icmp"/>
<opset="icmp_ln326/21 "/>
</bind>
</comp>

<comp id="893" class="1004" name="trunc_ln336_fu_893">
<pin_list>
<pin id="894" dir="0" index="0" bw="13" slack="0"/>
<pin id="895" dir="1" index="1" bw="11" slack="1"/>
</pin_list>
<bind>
<opcode="trunc(33) " fcode="trunc"/>
<opset="trunc_ln336/21 "/>
</bind>
</comp>

<comp id="897" class="1004" name="tmp_s_fu_897">
<pin_list>
<pin id="898" dir="0" index="0" bw="52" slack="0"/>
<pin id="899" dir="0" index="1" bw="107" slack="0"/>
<pin id="900" dir="0" index="2" bw="7" slack="0"/>
<pin id="901" dir="0" index="3" bw="8" slack="0"/>
<pin id="902" dir="1" index="4" bw="52" slack="0"/>
</pin_list>
<bind>
<opcode="partselect(1002) " fcode="partselect"/>
<opset="tmp_s/21 "/>
</bind>
</comp>

<comp id="907" class="1004" name="tmp_8_fu_907">
<pin_list>
<pin id="908" dir="0" index="0" bw="52" slack="0"/>
<pin id="909" dir="0" index="1" bw="107" slack="0"/>
<pin id="910" dir="0" index="2" bw="7" slack="0"/>
<pin id="911" dir="0" index="3" bw="8" slack="0"/>
<pin id="912" dir="1" index="4" bw="52" slack="0"/>
</pin_list>
<bind>
<opcode="partselect(1002) " fcode="partselect"/>
<opset="tmp_8/21 "/>
</bind>
</comp>

<comp id="917" class="1004" name="select_ln303_fu_917">
<pin_list>
<pin id="918" dir="0" index="0" bw="1" slack="0"/>
<pin id="919" dir="0" index="1" bw="52" slack="0"/>
<pin id="920" dir="0" index="2" bw="52" slack="0"/>
<pin id="921" dir="1" index="3" bw="52" slack="1"/>
</pin_list>
<bind>
<opcode="select(49) " fcode="select"/>
<opset="select_ln303/21 "/>
</bind>
</comp>

<comp id="925" class="1004" name="xor_ln182_fu_925">
<pin_list>
<pin id="926" dir="0" index="0" bw="1" slack="21"/>
<pin id="927" dir="0" index="1" bw="1" slack="0"/>
<pin id="928" dir="1" index="2" bw="1" slack="0"/>
</pin_list>
<bind>
<opcode="xor(25) " fcode="xor"/>
<opset="xor_ln182/22 "/>
</bind>
</comp>

<comp id="930" class="1004" name="x_is_pinf_fu_930">
<pin_list>
<pin id="931" dir="0" index="0" bw="1" slack="21"/>
<pin id="932" dir="0" index="1" bw="1" slack="0"/>
<pin id="933" dir="1" index="2" bw="1" slack="0"/>
</pin_list>
<bind>
<opcode="and(23) " fcode="and"/>
<opset="x_is_pinf/22 "/>
</bind>
</comp>

<comp id="935" class="1004" name="or_ln185_fu_935">
<pin_list>
<pin id="936" dir="0" index="0" bw="1" slack="21"/>
<pin id="937" dir="0" index="1" bw="1" slack="0"/>
<pin id="938" dir="1" index="2" bw="1" slack="0"/>
</pin_list>
<bind>
<opcode="or(24) " fcode="or"/>
<opset="or_ln185/22 "/>
</bind>
</comp>

<comp id="940" class="1004" name="select_ln185_fu_940">
<pin_list>
<pin id="941" dir="0" index="0" bw="1" slack="21"/>
<pin id="942" dir="0" index="1" bw="64" slack="0"/>
<pin id="943" dir="0" index="2" bw="64" slack="0"/>
<pin id="944" dir="1" index="3" bw="64" slack="0"/>
</pin_list>
<bind>
<opcode="select(49) " fcode="select"/>
<opset="select_ln185/22 "/>
</bind>
</comp>

<comp id="947" class="1004" name="or_ln185_1_fu_947">
<pin_list>
<pin id="948" dir="0" index="0" bw="1" slack="21"/>
<pin id="949" dir="0" index="1" bw="1" slack="21"/>
<pin id="950" dir="1" index="2" bw="1" slack="0"/>
</pin_list>
<bind>
<opcode="or(24) " fcode="or"/>
<opset="or_ln185_1/22 "/>
</bind>
</comp>

<comp id="951" class="1004" name="select_ln185_1_fu_951">
<pin_list>
<pin id="952" dir="0" index="0" bw="1" slack="0"/>
<pin id="953" dir="0" index="1" bw="64" slack="0"/>
<pin id="954" dir="0" index="2" bw="64" slack="0"/>
<pin id="955" dir="1" index="3" bw="64" slack="0"/>
</pin_list>
<bind>
<opcode="select(49) " fcode="select"/>
<opset="select_ln185_1/22 "/>
</bind>
</comp>

<comp id="959" class="1004" name="or_ln309_fu_959">
<pin_list>
<pin id="960" dir="0" index="0" bw="1" slack="19"/>
<pin id="961" dir="0" index="1" bw="1" slack="1"/>
<pin id="962" dir="1" index="2" bw="1" slack="0"/>
</pin_list>
<bind>
<opcode="or(24) " fcode="or"/>
<opset="or_ln309/22 "/>
</bind>
</comp>

<comp id="963" class="1004" name="select_ln310_fu_963">
<pin_list>
<pin id="964" dir="0" index="0" bw="1" slack="21"/>
<pin id="965" dir="0" index="1" bw="64" slack="0"/>
<pin id="966" dir="0" index="2" bw="64" slack="0"/>
<pin id="967" dir="1" index="3" bw="64" slack="0"/>
</pin_list>
<bind>
<opcode="select(49) " fcode="select"/>
<opset="select_ln310/22 "/>
</bind>
</comp>

<comp id="970" class="1004" name="out_exp_fu_970">
<pin_list>
<pin id="971" dir="0" index="0" bw="11" slack="1"/>
<pin id="972" dir="0" index="1" bw="11" slack="0"/>
<pin id="973" dir="1" index="2" bw="11" slack="0"/>
</pin_list>
<bind>
<opcode="add(8) " fcode="add"/>
<opset="out_exp/22 "/>
</bind>
</comp>

<comp id="975" class="1004" name="t_fu_975">
<pin_list>
<pin id="976" dir="0" index="0" bw="63" slack="0"/>
<pin id="977" dir="0" index="1" bw="11" slack="0"/>
<pin id="978" dir="0" index="2" bw="52" slack="1"/>
<pin id="979" dir="1" index="3" bw="63" slack="0"/>
</pin_list>
<bind>
<opcode="bitconcatenate(1004) " fcode="bitconcatenate"/>
<opset="t/22 "/>
</bind>
</comp>

<comp id="982" class="1004" name="zext_ln479_fu_982">
<pin_list>
<pin id="983" dir="0" index="0" bw="63" slack="0"/>
<pin id="984" dir="1" index="1" bw="64" slack="0"/>
</pin_list>
<bind>
<opcode="zext(34) " fcode="zext"/>
<opset="zext_ln479/22 "/>
</bind>
</comp>

<comp id="986" class="1004" name="bitcast_ln497_fu_986">
<pin_list>
<pin id="987" dir="0" index="0" bw="63" slack="0"/>
<pin id="988" dir="1" index="1" bw="64" slack="0"/>
</pin_list>
<bind>
<opcode="bitcast(44) " fcode="bitcast"/>
<opset="bitcast_ln497/22 "/>
</bind>
</comp>

<comp id="990" class="1004" name="and_ln309_fu_990">
<pin_list>
<pin id="991" dir="0" index="0" bw="1" slack="21"/>
<pin id="992" dir="0" index="1" bw="1" slack="0"/>
<pin id="993" dir="1" index="2" bw="1" slack="0"/>
</pin_list>
<bind>
<opcode="and(23) " fcode="and"/>
<opset="and_ln309/22 "/>
</bind>
</comp>

<comp id="995" class="1004" name="xor_ln309_fu_995">
<pin_list>
<pin id="996" dir="0" index="0" bw="1" slack="21"/>
<pin id="997" dir="0" index="1" bw="1" slack="0"/>
<pin id="998" dir="1" index="2" bw="1" slack="0"/>
</pin_list>
<bind>
<opcode="xor(25) " fcode="xor"/>
<opset="xor_ln309/22 "/>
</bind>
</comp>

<comp id="1000" class="1004" name="and_ln309_1_fu_1000">
<pin_list>
<pin id="1001" dir="0" index="0" bw="1" slack="1"/>
<pin id="1002" dir="0" index="1" bw="1" slack="0"/>
<pin id="1003" dir="1" index="2" bw="1" slack="0"/>
</pin_list>
<bind>
<opcode="and(23) " fcode="and"/>
<opset="and_ln309_1/22 "/>
</bind>
</comp>

<comp id="1005" class="1004" name="or_ln309_1_fu_1005">
<pin_list>
<pin id="1006" dir="0" index="0" bw="1" slack="0"/>
<pin id="1007" dir="0" index="1" bw="1" slack="0"/>
<pin id="1008" dir="1" index="2" bw="1" slack="0"/>
</pin_list>
<bind>
<opcode="or(24) " fcode="or"/>
<opset="or_ln309_1/22 "/>
</bind>
</comp>

<comp id="1011" class="1004" name="xor_ln185_fu_1011">
<pin_list>
<pin id="1012" dir="0" index="0" bw="1" slack="0"/>
<pin id="1013" dir="0" index="1" bw="1" slack="0"/>
<pin id="1014" dir="1" index="2" bw="1" slack="0"/>
</pin_list>
<bind>
<opcode="xor(25) " fcode="xor"/>
<opset="xor_ln185/22 "/>
</bind>
</comp>

<comp id="1017" class="1004" name="and_ln309_2_fu_1017">
<pin_list>
<pin id="1018" dir="0" index="0" bw="1" slack="0"/>
<pin id="1019" dir="0" index="1" bw="1" slack="0"/>
<pin id="1020" dir="1" index="2" bw="1" slack="0"/>
</pin_list>
<bind>
<opcode="and(23) " fcode="and"/>
<opset="and_ln309_2/22 "/>
</bind>
</comp>

<comp id="1023" class="1004" name="xor_ln309_1_fu_1023">
<pin_list>
<pin id="1024" dir="0" index="0" bw="1" slack="0"/>
<pin id="1025" dir="0" index="1" bw="1" slack="0"/>
<pin id="1026" dir="1" index="2" bw="1" slack="0"/>
</pin_list>
<bind>
<opcode="xor(25) " fcode="xor"/>
<opset="xor_ln309_1/22 "/>
</bind>
</comp>

<comp id="1029" class="1004" name="and_ln309_3_fu_1029">
<pin_list>
<pin id="1030" dir="0" index="0" bw="1" slack="21"/>
<pin id="1031" dir="0" index="1" bw="1" slack="0"/>
<pin id="1032" dir="1" index="2" bw="1" slack="0"/>
</pin_list>
<bind>
<opcode="and(23) " fcode="and"/>
<opset="and_ln309_3/22 "/>
</bind>
</comp>

<comp id="1034" class="1004" name="or_ln309_2_fu_1034">
<pin_list>
<pin id="1035" dir="0" index="0" bw="1" slack="21"/>
<pin id="1036" dir="0" index="1" bw="1" slack="1"/>
<pin id="1037" dir="1" index="2" bw="1" slack="0"/>
</pin_list>
<bind>
<opcode="or(24) " fcode="or"/>
<opset="or_ln309_2/22 "/>
</bind>
</comp>

<comp id="1038" class="1004" name="xor_ln309_2_fu_1038">
<pin_list>
<pin id="1039" dir="0" index="0" bw="1" slack="0"/>
<pin id="1040" dir="0" index="1" bw="1" slack="0"/>
<pin id="1041" dir="1" index="2" bw="1" slack="0"/>
</pin_list>
<bind>
<opcode="xor(25) " fcode="xor"/>
<opset="xor_ln309_2/22 "/>
</bind>
</comp>

<comp id="1044" class="1004" name="or_ln309_3_fu_1044">
<pin_list>
<pin id="1045" dir="0" index="0" bw="1" slack="0"/>
<pin id="1046" dir="0" index="1" bw="1" slack="0"/>
<pin id="1047" dir="1" index="2" bw="1" slack="0"/>
</pin_list>
<bind>
<opcode="or(24) " fcode="or"/>
<opset="or_ln309_3/22 "/>
</bind>
</comp>

<comp id="1050" class="1004" name="and_ln309_4_fu_1050">
<pin_list>
<pin id="1051" dir="0" index="0" bw="1" slack="0"/>
<pin id="1052" dir="0" index="1" bw="1" slack="0"/>
<pin id="1053" dir="1" index="2" bw="1" slack="0"/>
</pin_list>
<bind>
<opcode="and(23) " fcode="and"/>
<opset="and_ln309_4/22 "/>
</bind>
</comp>

<comp id="1056" class="1004" name="and_ln309_5_fu_1056">
<pin_list>
<pin id="1057" dir="0" index="0" bw="1" slack="0"/>
<pin id="1058" dir="0" index="1" bw="1" slack="1"/>
<pin id="1059" dir="1" index="2" bw="1" slack="0"/>
</pin_list>
<bind>
<opcode="and(23) " fcode="and"/>
<opset="and_ln309_5/22 "/>
</bind>
</comp>

<comp id="1061" class="1004" name="sel_tmp_fu_1061">
<pin_list>
<pin id="1062" dir="0" index="0" bw="3" slack="0"/>
<pin id="1063" dir="0" index="1" bw="1" slack="0"/>
<pin id="1064" dir="0" index="2" bw="1" slack="0"/>
<pin id="1065" dir="0" index="3" bw="1" slack="0"/>
<pin id="1066" dir="1" index="4" bw="3" slack="0"/>
</pin_list>
<bind>
<opcode="bitconcatenate(1004) " fcode="bitconcatenate"/>
<opset="sel_tmp/22 "/>
</bind>
</comp>

<comp id="1071" class="1004" name="retval_1_fu_1071">
<pin_list>
<pin id="1072" dir="0" index="0" bw="64" slack="0"/>
<pin id="1073" dir="0" index="1" bw="3" slack="0"/>
<pin id="1074" dir="0" index="2" bw="64" slack="0"/>
<pin id="1075" dir="0" index="3" bw="3" slack="0"/>
<pin id="1076" dir="0" index="4" bw="64" slack="0"/>
<pin id="1077" dir="0" index="5" bw="3" slack="0"/>
<pin id="1078" dir="0" index="6" bw="64" slack="0"/>
<pin id="1079" dir="0" index="7" bw="3" slack="0"/>
<pin id="1080" dir="0" index="8" bw="64" slack="0"/>
<pin id="1081" dir="0" index="9" bw="64" slack="0"/>
<pin id="1082" dir="0" index="10" bw="3" slack="0"/>
<pin id="1083" dir="1" index="11" bw="64" slack="2147483647"/>
</pin_list>
<bind>
<opcode="sparsemux(1197) " fcode="sparsemux"/>
<opset="retval_1/22 "/>
</bind>
</comp>

<comp id="1095" class="1007" name="grp_fu_1095">
<pin_list>
<pin id="1096" dir="0" index="0" bw="16" slack="0"/>
<pin id="1097" dir="0" index="1" bw="15" slack="0"/>
<pin id="1098" dir="0" index="2" bw="19" slack="0"/>
<pin id="1099" dir="1" index="3" bw="31" slack="0"/>
</pin_list>
<bind>
<opcode="muladd(1172) " fcode="muladd"/>
<opset="mul_ln243/2 add_ln243/4 "/>
</bind>
</comp>

<comp id="1106" class="1005" name="es_sign_reg_1106">
<pin_list>
<pin id="1107" dir="0" index="0" bw="1" slack="21"/>
<pin id="1108" dir="1" index="1" bw="1" slack="21"/>
</pin_list>
<bind>
<opset="es_sign "/>
</bind>
</comp>

<comp id="1111" class="1005" name="x_is_NaN_reg_1111">
<pin_list>
<pin id="1112" dir="0" index="0" bw="1" slack="21"/>
<pin id="1113" dir="1" index="1" bw="1" slack="21"/>
</pin_list>
<bind>
<opset="x_is_NaN "/>
</bind>
</comp>

<comp id="1118" class="1005" name="x_is_inf_reg_1118">
<pin_list>
<pin id="1119" dir="0" index="0" bw="1" slack="21"/>
<pin id="1120" dir="1" index="1" bw="1" slack="21"/>
</pin_list>
<bind>
<opset="x_is_inf "/>
</bind>
</comp>

<comp id="1124" class="1005" name="e_frac_2_reg_1124">
<pin_list>
<pin id="1125" dir="0" index="0" bw="54" slack="1"/>
<pin id="1126" dir="1" index="1" bw="54" slack="1"/>
</pin_list>
<bind>
<opset="e_frac_2 "/>
</bind>
</comp>

<comp id="1129" class="1005" name="tmp_reg_1129">
<pin_list>
<pin id="1130" dir="0" index="0" bw="1" slack="1"/>
<pin id="1131" dir="1" index="1" bw="1" slack="1"/>
</pin_list>
<bind>
<opset="tmp "/>
</bind>
</comp>

<comp id="1135" class="1005" name="select_ln229_reg_1135">
<pin_list>
<pin id="1136" dir="0" index="0" bw="12" slack="1"/>
<pin id="1137" dir="1" index="1" bw="12" slack="1"/>
</pin_list>
<bind>
<opset="select_ln229 "/>
</bind>
</comp>

<comp id="1140" class="1005" name="icmp_ln309_reg_1140">
<pin_list>
<pin id="1141" dir="0" index="0" bw="1" slack="21"/>
<pin id="1142" dir="1" index="1" bw="1" slack="21"/>
</pin_list>
<bind>
<opset="icmp_ln309 "/>
</bind>
</comp>

<comp id="1148" class="1005" name="tmp_34_reg_1148">
<pin_list>
<pin id="1149" dir="0" index="0" bw="1" slack="21"/>
<pin id="1150" dir="1" index="1" bw="1" slack="21"/>
</pin_list>
<bind>
<opset="tmp_34 "/>
</bind>
</comp>

<comp id="1153" class="1005" name="sext_ln227_reg_1153">
<pin_list>
<pin id="1154" dir="0" index="0" bw="71" slack="1"/>
<pin id="1155" dir="1" index="1" bw="71" slack="1"/>
</pin_list>
<bind>
<opset="sext_ln227 "/>
</bind>
</comp>

<comp id="1158" class="1005" name="sext_ln229_1_reg_1158">
<pin_list>
<pin id="1159" dir="0" index="0" bw="32" slack="1"/>
<pin id="1160" dir="1" index="1" bw="32" slack="1"/>
</pin_list>
<bind>
<opset="sext_ln229_1 "/>
</bind>
</comp>

<comp id="1163" class="1005" name="m_fix_l_reg_1163">
<pin_list>
<pin id="1164" dir="0" index="0" bw="64" slack="1"/>
<pin id="1165" dir="1" index="1" bw="64" slack="1"/>
</pin_list>
<bind>
<opset="m_fix_l "/>
</bind>
</comp>

<comp id="1169" class="1005" name="tmp_30_reg_1169">
<pin_list>
<pin id="1170" dir="0" index="0" bw="1" slack="2"/>
<pin id="1171" dir="1" index="1" bw="1" slack="2"/>
</pin_list>
<bind>
<opset="tmp_30 "/>
</bind>
</comp>

<comp id="1174" class="1005" name="sext_ln243_reg_1174">
<pin_list>
<pin id="1175" dir="0" index="0" bw="31" slack="1"/>
<pin id="1176" dir="1" index="1" bw="31" slack="1"/>
</pin_list>
<bind>
<opset="sext_ln243 "/>
</bind>
</comp>

<comp id="1179" class="1005" name="trunc_ln255_reg_1179">
<pin_list>
<pin id="1180" dir="0" index="0" bw="59" slack="9"/>
<pin id="1181" dir="1" index="1" bw="59" slack="9"/>
</pin_list>
<bind>
<opset="trunc_ln255 "/>
</bind>
</comp>

<comp id="1184" class="1005" name="icmp_ln309_2_reg_1184">
<pin_list>
<pin id="1185" dir="0" index="0" bw="1" slack="19"/>
<pin id="1186" dir="1" index="1" bw="1" slack="19"/>
</pin_list>
<bind>
<opset="icmp_ln309_2 "/>
</bind>
</comp>

<comp id="1189" class="1005" name="sext_ln243_1_reg_1189">
<pin_list>
<pin id="1190" dir="0" index="0" bw="31" slack="1"/>
<pin id="1191" dir="1" index="1" bw="31" slack="1"/>
</pin_list>
<bind>
<opset="sext_ln243_1 "/>
</bind>
</comp>

<comp id="1194" class="1005" name="r_exp_reg_1194">
<pin_list>
<pin id="1195" dir="0" index="0" bw="13" slack="1"/>
<pin id="1196" dir="1" index="1" bw="13" slack="1"/>
</pin_list>
<bind>
<opset="r_exp "/>
</bind>
</comp>

<comp id="1201" class="1005" name="sext_ln249_reg_1201">
<pin_list>
<pin id="1202" dir="0" index="0" bw="71" slack="1"/>
<pin id="1203" dir="1" index="1" bw="71" slack="1"/>
</pin_list>
<bind>
<opset="sext_ln249 "/>
</bind>
</comp>

<comp id="1206" class="1005" name="tmp_26_reg_1206">
<pin_list>
<pin id="1207" dir="0" index="0" bw="58" slack="1"/>
<pin id="1208" dir="1" index="1" bw="58" slack="1"/>
</pin_list>
<bind>
<opset="tmp_26 "/>
</bind>
</comp>

<comp id="1211" class="1005" name="m_diff_hi_reg_1211">
<pin_list>
<pin id="1212" dir="0" index="0" bw="8" slack="6"/>
<pin id="1213" dir="1" index="1" bw="8" slack="6"/>
</pin_list>
<bind>
<opset="m_diff_hi "/>
</bind>
</comp>

<comp id="1216" class="1005" name="Z2_reg_1216">
<pin_list>
<pin id="1217" dir="0" index="0" bw="8" slack="3"/>
<pin id="1218" dir="1" index="1" bw="8" slack="3"/>
</pin_list>
<bind>
<opset="Z2 "/>
</bind>
</comp>

<comp id="1223" class="1005" name="Z3_reg_1223">
<pin_list>
<pin id="1224" dir="0" index="0" bw="8" slack="2"/>
<pin id="1225" dir="1" index="1" bw="8" slack="2"/>
</pin_list>
<bind>
<opset="Z3 "/>
</bind>
</comp>

<comp id="1228" class="1005" name="Z4_reg_1228">
<pin_list>
<pin id="1229" dir="0" index="0" bw="35" slack="1"/>
<pin id="1230" dir="1" index="1" bw="35" slack="1"/>
</pin_list>
<bind>
<opset="Z4 "/>
</bind>
</comp>

<comp id="1233" class="1005" name="table_f_Z3_ap_ufixed_59_0_ap_q_mode_5_ap_o_mode_3_0_array_addr_reg_1233">
<pin_list>
<pin id="1234" dir="0" index="0" bw="8" slack="1"/>
<pin id="1235" dir="1" index="1" bw="8" slack="1"/>
</pin_list>
<bind>
<opset="table_f_Z3_ap_ufixed_59_0_ap_q_mode_5_ap_o_mode_3_0_array_addr "/>
</bind>
</comp>

<comp id="1238" class="1005" name="table_f_Z3_ap_ufixed_59_0_ap_q_mode_5_ap_o_mode_3_0_array_addr_1_reg_1238">
<pin_list>
<pin id="1239" dir="0" index="0" bw="8" slack="1"/>
<pin id="1240" dir="1" index="1" bw="8" slack="1"/>
</pin_list>
<bind>
<opset="table_f_Z3_ap_ufixed_59_0_ap_q_mode_5_ap_o_mode_3_0_array_addr_1 "/>
</bind>
</comp>

<comp id="1243" class="1005" name="exp_Z4_m_1_reg_1243">
<pin_list>
<pin id="1244" dir="0" index="0" bw="36" slack="1"/>
<pin id="1245" dir="1" index="1" bw="36" slack="1"/>
</pin_list>
<bind>
<opset="exp_Z4_m_1 "/>
</bind>
</comp>

<comp id="1249" class="1005" name="f_Z3_reg_1249">
<pin_list>
<pin id="1250" dir="0" index="0" bw="26" slack="1"/>
<pin id="1251" dir="1" index="1" bw="26" slack="1"/>
</pin_list>
<bind>
<opset="f_Z3 "/>
</bind>
</comp>

<comp id="1254" class="1005" name="exp_Z3_m_1_reg_1254">
<pin_list>
<pin id="1255" dir="0" index="0" bw="43" slack="2"/>
<pin id="1256" dir="1" index="1" bw="43" slack="2"/>
</pin_list>
<bind>
<opset="exp_Z3_m_1 "/>
</bind>
</comp>

<comp id="1259" class="1005" name="zext_ln123_reg_1259">
<pin_list>
<pin id="1260" dir="0" index="0" bw="79" slack="1"/>
<pin id="1261" dir="1" index="1" bw="79" slack="1"/>
</pin_list>
<bind>
<opset="zext_ln123 "/>
</bind>
</comp>

<comp id="1264" class="1005" name="zext_ln123_1_reg_1264">
<pin_list>
<pin id="1265" dir="0" index="0" bw="79" slack="1"/>
<pin id="1266" dir="1" index="1" bw="79" slack="1"/>
</pin_list>
<bind>
<opset="zext_ln123_1 "/>
</bind>
</comp>

<comp id="1269" class="1005" name="tmp_27_reg_1269">
<pin_list>
<pin id="1270" dir="0" index="0" bw="20" slack="1"/>
<pin id="1271" dir="1" index="1" bw="20" slack="1"/>
</pin_list>
<bind>
<opset="tmp_27 "/>
</bind>
</comp>

<comp id="1274" class="1005" name="table_f_Z2_ap_ufixed_59_0_ap_q_mode_5_ap_o_mode_3_0_array_addr_reg_1274">
<pin_list>
<pin id="1275" dir="0" index="0" bw="8" slack="1"/>
<pin id="1276" dir="1" index="1" bw="8" slack="1"/>
</pin_list>
<bind>
<opset="table_f_Z2_ap_ufixed_59_0_ap_q_mode_5_ap_o_mode_3_0_array_addr "/>
</bind>
</comp>

<comp id="1279" class="1005" name="exp_Z2P_m_1_reg_1279">
<pin_list>
<pin id="1280" dir="0" index="0" bw="44" slack="1"/>
<pin id="1281" dir="1" index="1" bw="44" slack="1"/>
</pin_list>
<bind>
<opset="exp_Z2P_m_1 "/>
</bind>
</comp>

<comp id="1285" class="1005" name="tmp_28_reg_1285">
<pin_list>
<pin id="1286" dir="0" index="0" bw="40" slack="1"/>
<pin id="1287" dir="1" index="1" bw="40" slack="1"/>
</pin_list>
<bind>
<opset="tmp_28 "/>
</bind>
</comp>

<comp id="1291" class="1005" name="zext_ln142_reg_1291">
<pin_list>
<pin id="1292" dir="0" index="0" bw="93" slack="1"/>
<pin id="1293" dir="1" index="1" bw="93" slack="1"/>
</pin_list>
<bind>
<opset="zext_ln142 "/>
</bind>
</comp>

<comp id="1296" class="1005" name="zext_ln142_1_reg_1296">
<pin_list>
<pin id="1297" dir="0" index="0" bw="93" slack="1"/>
<pin id="1298" dir="1" index="1" bw="93" slack="1"/>
</pin_list>
<bind>
<opset="zext_ln142_1 "/>
</bind>
</comp>

<comp id="1301" class="1005" name="table_exp_Z1_ap_ufixed_58_1_ap_q_mode_5_ap_o_mode_3_0_array_addr_reg_1301">
<pin_list>
<pin id="1302" dir="0" index="0" bw="8" slack="1"/>
<pin id="1303" dir="1" index="1" bw="8" slack="1"/>
</pin_list>
<bind>
<opset="table_exp_Z1_ap_ufixed_58_1_ap_q_mode_5_ap_o_mode_3_0_array_addr "/>
</bind>
</comp>

<comp id="1306" class="1005" name="tmp_29_reg_1306">
<pin_list>
<pin id="1307" dir="0" index="0" bw="36" slack="1"/>
<pin id="1308" dir="1" index="1" bw="36" slack="1"/>
</pin_list>
<bind>
<opset="tmp_29 "/>
</bind>
</comp>

<comp id="1311" class="1005" name="exp_Z1_reg_1311">
<pin_list>
<pin id="1312" dir="0" index="0" bw="58" slack="2"/>
<pin id="1313" dir="1" index="1" bw="58" slack="2"/>
</pin_list>
<bind>
<opset="exp_Z1 "/>
</bind>
</comp>

<comp id="1316" class="1005" name="exp_Z1P_m_1_reg_1316">
<pin_list>
<pin id="1317" dir="0" index="0" bw="50" slack="1"/>
<pin id="1318" dir="1" index="1" bw="50" slack="1"/>
</pin_list>
<bind>
<opset="exp_Z1P_m_1 "/>
</bind>
</comp>

<comp id="1321" class="1005" name="exp_Z1_hi_reg_1321">
<pin_list>
<pin id="1322" dir="0" index="0" bw="50" slack="1"/>
<pin id="1323" dir="1" index="1" bw="50" slack="1"/>
</pin_list>
<bind>
<opset="exp_Z1_hi "/>
</bind>
</comp>

<comp id="1326" class="1005" name="zext_ln297_reg_1326">
<pin_list>
<pin id="1327" dir="0" index="0" bw="99" slack="1"/>
<pin id="1328" dir="1" index="1" bw="99" slack="1"/>
</pin_list>
<bind>
<opset="zext_ln297 "/>
</bind>
</comp>

<comp id="1331" class="1005" name="zext_ln297_1_reg_1331">
<pin_list>
<pin id="1332" dir="0" index="0" bw="99" slack="1"/>
<pin id="1333" dir="1" index="1" bw="99" slack="1"/>
</pin_list>
<bind>
<opset="zext_ln297_1 "/>
</bind>
</comp>

<comp id="1336" class="1005" name="add_ln297_reg_1336">
<pin_list>
<pin id="1337" dir="0" index="0" bw="58" slack="1"/>
<pin id="1338" dir="1" index="1" bw="58" slack="1"/>
</pin_list>
<bind>
<opset="add_ln297 "/>
</bind>
</comp>

<comp id="1341" class="1005" name="mul_ln297_reg_1341">
<pin_list>
<pin id="1342" dir="0" index="0" bw="99" slack="1"/>
<pin id="1343" dir="1" index="1" bw="99" slack="1"/>
</pin_list>
<bind>
<opset="mul_ln297 "/>
</bind>
</comp>

<comp id="1346" class="1005" name="icmp_ln309_1_reg_1346">
<pin_list>
<pin id="1347" dir="0" index="0" bw="1" slack="1"/>
<pin id="1348" dir="1" index="1" bw="1" slack="1"/>
</pin_list>
<bind>
<opset="icmp_ln309_1 "/>
</bind>
</comp>

<comp id="1353" class="1005" name="icmp_ln326_reg_1353">
<pin_list>
<pin id="1354" dir="0" index="0" bw="1" slack="1"/>
<pin id="1355" dir="1" index="1" bw="1" slack="1"/>
</pin_list>
<bind>
<opset="icmp_ln326 "/>
</bind>
</comp>

<comp id="1358" class="1005" name="trunc_ln336_reg_1358">
<pin_list>
<pin id="1359" dir="0" index="0" bw="11" slack="1"/>
<pin id="1360" dir="1" index="1" bw="11" slack="1"/>
</pin_list>
<bind>
<opset="trunc_ln336 "/>
</bind>
</comp>

<comp id="1363" class="1005" name="select_ln303_reg_1363">
<pin_list>
<pin id="1364" dir="0" index="0" bw="52" slack="1"/>
<pin id="1365" dir="1" index="1" bw="52" slack="1"/>
</pin_list>
<bind>
<opset="select_ln303 "/>
</bind>
</comp>

</comp_list>

<net_list>
<net id="210"><net_src comp="8" pin="0"/><net_sink comp="206" pin=0"/></net>

<net id="211"><net_src comp="0" pin="0"/><net_sink comp="206" pin=1"/></net>

<net id="217"><net_src comp="4" pin="0"/><net_sink comp="212" pin=0"/></net>

<net id="218"><net_src comp="106" pin="0"/><net_sink comp="212" pin=1"/></net>

<net id="228"><net_src comp="212" pin="3"/><net_sink comp="219" pin=2"/></net>

<net id="234"><net_src comp="4" pin="0"/><net_sink comp="229" pin=0"/></net>

<net id="235"><net_src comp="106" pin="0"/><net_sink comp="229" pin=1"/></net>

<net id="236"><net_src comp="229" pin="3"/><net_sink comp="219" pin=0"/></net>

<net id="242"><net_src comp="6" pin="0"/><net_sink comp="237" pin=0"/></net>

<net id="243"><net_src comp="106" pin="0"/><net_sink comp="237" pin=1"/></net>

<net id="249"><net_src comp="237" pin="3"/><net_sink comp="244" pin=0"/></net>

<net id="255"><net_src comp="2" pin="0"/><net_sink comp="250" pin=0"/></net>

<net id="256"><net_src comp="106" pin="0"/><net_sink comp="250" pin=1"/></net>

<net id="262"><net_src comp="250" pin="3"/><net_sink comp="257" pin=0"/></net>

<net id="267"><net_src comp="78" pin="0"/><net_sink comp="263" pin=1"/></net>

<net id="283"><net_src comp="206" pin="2"/><net_sink comp="280" pin=0"/></net>

<net id="289"><net_src comp="10" pin="0"/><net_sink comp="284" pin=0"/></net>

<net id="290"><net_src comp="280" pin="1"/><net_sink comp="284" pin=1"/></net>

<net id="291"><net_src comp="12" pin="0"/><net_sink comp="284" pin=2"/></net>

<net id="297"><net_src comp="14" pin="0"/><net_sink comp="292" pin=0"/></net>

<net id="298"><net_src comp="280" pin="1"/><net_sink comp="292" pin=1"/></net>

<net id="299"><net_src comp="16" pin="0"/><net_sink comp="292" pin=2"/></net>

<net id="303"><net_src comp="280" pin="1"/><net_sink comp="300" pin=0"/></net>

<net id="308"><net_src comp="292" pin="3"/><net_sink comp="304" pin=0"/></net>

<net id="309"><net_src comp="18" pin="0"/><net_sink comp="304" pin=1"/></net>

<net id="314"><net_src comp="300" pin="1"/><net_sink comp="310" pin=0"/></net>

<net id="315"><net_src comp="20" pin="0"/><net_sink comp="310" pin=1"/></net>

<net id="320"><net_src comp="304" pin="2"/><net_sink comp="316" pin=0"/></net>

<net id="321"><net_src comp="310" pin="2"/><net_sink comp="316" pin=1"/></net>

<net id="326"><net_src comp="300" pin="1"/><net_sink comp="322" pin=0"/></net>

<net id="327"><net_src comp="20" pin="0"/><net_sink comp="322" pin=1"/></net>

<net id="332"><net_src comp="304" pin="2"/><net_sink comp="328" pin=0"/></net>

<net id="333"><net_src comp="322" pin="2"/><net_sink comp="328" pin=1"/></net>

<net id="337"><net_src comp="292" pin="3"/><net_sink comp="334" pin=0"/></net>

<net id="342"><net_src comp="334" pin="1"/><net_sink comp="338" pin=0"/></net>

<net id="343"><net_src comp="22" pin="0"/><net_sink comp="338" pin=1"/></net>

<net id="349"><net_src comp="24" pin="0"/><net_sink comp="344" pin=0"/></net>

<net id="350"><net_src comp="26" pin="0"/><net_sink comp="344" pin=1"/></net>

<net id="351"><net_src comp="300" pin="1"/><net_sink comp="344" pin=2"/></net>

<net id="355"><net_src comp="344" pin="3"/><net_sink comp="352" pin=0"/></net>

<net id="360"><net_src comp="28" pin="0"/><net_sink comp="356" pin=0"/></net>

<net id="361"><net_src comp="352" pin="1"/><net_sink comp="356" pin=1"/></net>

<net id="367"><net_src comp="284" pin="3"/><net_sink comp="362" pin=0"/></net>

<net id="368"><net_src comp="356" pin="2"/><net_sink comp="362" pin=1"/></net>

<net id="369"><net_src comp="352" pin="1"/><net_sink comp="362" pin=2"/></net>

<net id="375"><net_src comp="30" pin="0"/><net_sink comp="370" pin=0"/></net>

<net id="376"><net_src comp="338" pin="2"/><net_sink comp="370" pin=1"/></net>

<net id="377"><net_src comp="32" pin="0"/><net_sink comp="370" pin=2"/></net>

<net id="382"><net_src comp="34" pin="0"/><net_sink comp="378" pin=0"/></net>

<net id="383"><net_src comp="292" pin="3"/><net_sink comp="378" pin=1"/></net>

<net id="387"><net_src comp="378" pin="2"/><net_sink comp="384" pin=0"/></net>

<net id="393"><net_src comp="370" pin="3"/><net_sink comp="388" pin=0"/></net>

<net id="394"><net_src comp="384" pin="1"/><net_sink comp="388" pin=1"/></net>

<net id="395"><net_src comp="338" pin="2"/><net_sink comp="388" pin=2"/></net>

<net id="400"><net_src comp="338" pin="2"/><net_sink comp="396" pin=0"/></net>

<net id="401"><net_src comp="36" pin="0"/><net_sink comp="396" pin=1"/></net>

<net id="407"><net_src comp="38" pin="0"/><net_sink comp="402" pin=0"/></net>

<net id="408"><net_src comp="362" pin="3"/><net_sink comp="402" pin=1"/></net>

<net id="409"><net_src comp="40" pin="0"/><net_sink comp="402" pin=2"/></net>

<net id="415"><net_src comp="42" pin="0"/><net_sink comp="410" pin=0"/></net>

<net id="416"><net_src comp="44" pin="0"/><net_sink comp="410" pin=2"/></net>

<net id="420"><net_src comp="410" pin="3"/><net_sink comp="417" pin=0"/></net>

<net id="427"><net_src comp="421" pin="1"/><net_sink comp="424" pin=0"/></net>

<net id="432"><net_src comp="417" pin="1"/><net_sink comp="428" pin=0"/></net>

<net id="433"><net_src comp="424" pin="1"/><net_sink comp="428" pin=1"/></net>

<net id="438"><net_src comp="417" pin="1"/><net_sink comp="434" pin=0"/></net>

<net id="439"><net_src comp="424" pin="1"/><net_sink comp="434" pin=1"/></net>

<net id="445"><net_src comp="428" pin="2"/><net_sink comp="440" pin=1"/></net>

<net id="446"><net_src comp="434" pin="2"/><net_sink comp="440" pin=2"/></net>

<net id="453"><net_src comp="46" pin="0"/><net_sink comp="447" pin=0"/></net>

<net id="454"><net_src comp="440" pin="3"/><net_sink comp="447" pin=1"/></net>

<net id="455"><net_src comp="48" pin="0"/><net_sink comp="447" pin=2"/></net>

<net id="456"><net_src comp="50" pin="0"/><net_sink comp="447" pin=3"/></net>

<net id="463"><net_src comp="52" pin="0"/><net_sink comp="457" pin=0"/></net>

<net id="464"><net_src comp="440" pin="3"/><net_sink comp="457" pin=1"/></net>

<net id="465"><net_src comp="54" pin="0"/><net_sink comp="457" pin=2"/></net>

<net id="466"><net_src comp="50" pin="0"/><net_sink comp="457" pin=3"/></net>

<net id="472"><net_src comp="56" pin="0"/><net_sink comp="467" pin=0"/></net>

<net id="473"><net_src comp="440" pin="3"/><net_sink comp="467" pin=1"/></net>

<net id="474"><net_src comp="50" pin="0"/><net_sink comp="467" pin=2"/></net>

<net id="478"><net_src comp="457" pin="4"/><net_sink comp="475" pin=0"/></net>

<net id="482"><net_src comp="440" pin="3"/><net_sink comp="479" pin=0"/></net>

<net id="490"><net_src comp="483" pin="1"/><net_sink comp="486" pin=1"/></net>

<net id="495"><net_src comp="483" pin="1"/><net_sink comp="491" pin=1"/></net>

<net id="501"><net_src comp="486" pin="2"/><net_sink comp="496" pin=1"/></net>

<net id="502"><net_src comp="491" pin="2"/><net_sink comp="496" pin=2"/></net>

<net id="508"><net_src comp="60" pin="0"/><net_sink comp="503" pin=0"/></net>

<net id="509"><net_src comp="496" pin="3"/><net_sink comp="503" pin=1"/></net>

<net id="510"><net_src comp="44" pin="0"/><net_sink comp="503" pin=2"/></net>

<net id="515"><net_src comp="503" pin="3"/><net_sink comp="511" pin=0"/></net>

<net id="521"><net_src comp="62" pin="0"/><net_sink comp="516" pin=0"/></net>

<net id="522"><net_src comp="64" pin="0"/><net_sink comp="516" pin=2"/></net>

<net id="526"><net_src comp="516" pin="3"/><net_sink comp="523" pin=0"/></net>

<net id="533"><net_src comp="66" pin="0"/><net_sink comp="527" pin=0"/></net>

<net id="534"><net_src comp="68" pin="0"/><net_sink comp="527" pin=2"/></net>

<net id="535"><net_src comp="70" pin="0"/><net_sink comp="527" pin=3"/></net>

<net id="541"><net_src comp="72" pin="0"/><net_sink comp="536" pin=0"/></net>

<net id="542"><net_src comp="70" pin="0"/><net_sink comp="536" pin=2"/></net>

<net id="550"><net_src comp="543" pin="1"/><net_sink comp="546" pin=0"/></net>

<net id="551"><net_src comp="74" pin="0"/><net_sink comp="546" pin=1"/></net>

<net id="556"><net_src comp="527" pin="4"/><net_sink comp="552" pin=0"/></net>

<net id="557"><net_src comp="76" pin="0"/><net_sink comp="552" pin=1"/></net>

<net id="563"><net_src comp="546" pin="2"/><net_sink comp="558" pin=0"/></net>

<net id="564"><net_src comp="552" pin="2"/><net_sink comp="558" pin=1"/></net>

<net id="565"><net_src comp="527" pin="4"/><net_sink comp="558" pin=2"/></net>

<net id="571"><net_src comp="536" pin="3"/><net_sink comp="566" pin=0"/></net>

<net id="572"><net_src comp="558" pin="3"/><net_sink comp="566" pin=1"/></net>

<net id="573"><net_src comp="527" pin="4"/><net_sink comp="566" pin=2"/></net>

<net id="577"><net_src comp="574" pin="1"/><net_sink comp="263" pin=0"/></net>

<net id="584"><net_src comp="80" pin="0"/><net_sink comp="578" pin=0"/></net>

<net id="585"><net_src comp="263" pin="2"/><net_sink comp="578" pin=1"/></net>

<net id="586"><net_src comp="82" pin="0"/><net_sink comp="578" pin=2"/></net>

<net id="587"><net_src comp="50" pin="0"/><net_sink comp="578" pin=3"/></net>

<net id="593"><net_src comp="84" pin="0"/><net_sink comp="588" pin=0"/></net>

<net id="594"><net_src comp="86" pin="0"/><net_sink comp="588" pin=2"/></net>

<net id="599"><net_src comp="588" pin="3"/><net_sink comp="595" pin=1"/></net>

<net id="606"><net_src comp="88" pin="0"/><net_sink comp="600" pin=0"/></net>

<net id="607"><net_src comp="595" pin="2"/><net_sink comp="600" pin=1"/></net>

<net id="608"><net_src comp="90" pin="0"/><net_sink comp="600" pin=2"/></net>

<net id="609"><net_src comp="92" pin="0"/><net_sink comp="600" pin=3"/></net>

<net id="616"><net_src comp="88" pin="0"/><net_sink comp="610" pin=0"/></net>

<net id="617"><net_src comp="595" pin="2"/><net_sink comp="610" pin=1"/></net>

<net id="618"><net_src comp="94" pin="0"/><net_sink comp="610" pin=2"/></net>

<net id="619"><net_src comp="96" pin="0"/><net_sink comp="610" pin=3"/></net>

<net id="626"><net_src comp="88" pin="0"/><net_sink comp="620" pin=0"/></net>

<net id="627"><net_src comp="595" pin="2"/><net_sink comp="620" pin=1"/></net>

<net id="628"><net_src comp="98" pin="0"/><net_sink comp="620" pin=2"/></net>

<net id="629"><net_src comp="100" pin="0"/><net_sink comp="620" pin=3"/></net>

<net id="633"><net_src comp="595" pin="2"/><net_sink comp="630" pin=0"/></net>

<net id="640"><net_src comp="88" pin="0"/><net_sink comp="634" pin=0"/></net>

<net id="641"><net_src comp="595" pin="2"/><net_sink comp="634" pin=1"/></net>

<net id="642"><net_src comp="102" pin="0"/><net_sink comp="634" pin=2"/></net>

<net id="643"><net_src comp="104" pin="0"/><net_sink comp="634" pin=3"/></net>

<net id="647"><net_src comp="634" pin="4"/><net_sink comp="644" pin=0"/></net>

<net id="648"><net_src comp="644" pin="1"/><net_sink comp="212" pin=2"/></net>

<net id="652"><net_src comp="620" pin="4"/><net_sink comp="649" pin=0"/></net>

<net id="653"><net_src comp="649" pin="1"/><net_sink comp="229" pin=2"/></net>

<net id="660"><net_src comp="108" pin="0"/><net_sink comp="654" pin=0"/></net>

<net id="661"><net_src comp="219" pin="7"/><net_sink comp="654" pin=1"/></net>

<net id="662"><net_src comp="110" pin="0"/><net_sink comp="654" pin=2"/></net>

<net id="663"><net_src comp="112" pin="0"/><net_sink comp="654" pin=3"/></net>

<net id="670"><net_src comp="654" pin="4"/><net_sink comp="667" pin=0"/></net>

<net id="675"><net_src comp="664" pin="1"/><net_sink comp="671" pin=0"/></net>

<net id="676"><net_src comp="667" pin="1"/><net_sink comp="671" pin=1"/></net>

<net id="683"><net_src comp="114" pin="0"/><net_sink comp="677" pin=0"/></net>

<net id="684"><net_src comp="116" pin="0"/><net_sink comp="677" pin=2"/></net>

<net id="688"><net_src comp="677" pin="4"/><net_sink comp="685" pin=0"/></net>

<net id="689"><net_src comp="685" pin="1"/><net_sink comp="268" pin=0"/></net>

<net id="693"><net_src comp="690" pin="1"/><net_sink comp="268" pin=1"/></net>

<net id="700"><net_src comp="118" pin="0"/><net_sink comp="694" pin=0"/></net>

<net id="701"><net_src comp="268" pin="2"/><net_sink comp="694" pin=1"/></net>

<net id="702"><net_src comp="120" pin="0"/><net_sink comp="694" pin=2"/></net>

<net id="703"><net_src comp="122" pin="0"/><net_sink comp="694" pin=3"/></net>

<net id="707"><net_src comp="704" pin="1"/><net_sink comp="237" pin=2"/></net>

<net id="721"><net_src comp="708" pin="1"/><net_sink comp="717" pin=0"/></net>

<net id="722"><net_src comp="711" pin="1"/><net_sink comp="717" pin=1"/></net>

<net id="727"><net_src comp="717" pin="2"/><net_sink comp="723" pin=0"/></net>

<net id="728"><net_src comp="714" pin="1"/><net_sink comp="723" pin=1"/></net>

<net id="735"><net_src comp="124" pin="0"/><net_sink comp="729" pin=0"/></net>

<net id="736"><net_src comp="244" pin="3"/><net_sink comp="729" pin=1"/></net>

<net id="737"><net_src comp="126" pin="0"/><net_sink comp="729" pin=2"/></net>

<net id="738"><net_src comp="128" pin="0"/><net_sink comp="729" pin=3"/></net>

<net id="745"><net_src comp="130" pin="0"/><net_sink comp="739" pin=0"/></net>

<net id="746"><net_src comp="86" pin="0"/><net_sink comp="739" pin=2"/></net>

<net id="750"><net_src comp="739" pin="4"/><net_sink comp="747" pin=0"/></net>

<net id="751"><net_src comp="747" pin="1"/><net_sink comp="272" pin=0"/></net>

<net id="755"><net_src comp="752" pin="1"/><net_sink comp="272" pin=1"/></net>

<net id="759"><net_src comp="756" pin="1"/><net_sink comp="250" pin=2"/></net>

<net id="766"><net_src comp="132" pin="0"/><net_sink comp="760" pin=0"/></net>

<net id="767"><net_src comp="272" pin="2"/><net_sink comp="760" pin=1"/></net>

<net id="768"><net_src comp="134" pin="0"/><net_sink comp="760" pin=2"/></net>

<net id="769"><net_src comp="136" pin="0"/><net_sink comp="760" pin=3"/></net>

<net id="777"><net_src comp="138" pin="0"/><net_sink comp="770" pin=0"/></net>

<net id="778"><net_src comp="86" pin="0"/><net_sink comp="770" pin=2"/></net>

<net id="779"><net_src comp="140" pin="0"/><net_sink comp="770" pin=4"/></net>

<net id="783"><net_src comp="770" pin="5"/><net_sink comp="780" pin=0"/></net>

<net id="794"><net_src comp="780" pin="1"/><net_sink comp="790" pin=0"/></net>

<net id="795"><net_src comp="784" pin="1"/><net_sink comp="790" pin=1"/></net>

<net id="800"><net_src comp="790" pin="2"/><net_sink comp="796" pin=0"/></net>

<net id="801"><net_src comp="787" pin="1"/><net_sink comp="796" pin=1"/></net>

<net id="808"><net_src comp="142" pin="0"/><net_sink comp="802" pin=0"/></net>

<net id="809"><net_src comp="796" pin="2"/><net_sink comp="802" pin=1"/></net>

<net id="810"><net_src comp="126" pin="0"/><net_sink comp="802" pin=2"/></net>

<net id="811"><net_src comp="90" pin="0"/><net_sink comp="802" pin=3"/></net>

<net id="818"><net_src comp="144" pin="0"/><net_sink comp="812" pin=0"/></net>

<net id="819"><net_src comp="257" pin="3"/><net_sink comp="812" pin=1"/></net>

<net id="820"><net_src comp="146" pin="0"/><net_sink comp="812" pin=2"/></net>

<net id="821"><net_src comp="134" pin="0"/><net_sink comp="812" pin=3"/></net>

<net id="825"><net_src comp="822" pin="1"/><net_sink comp="276" pin=0"/></net>

<net id="829"><net_src comp="826" pin="1"/><net_sink comp="276" pin=1"/></net>

<net id="834"><net_src comp="148" pin="0"/><net_sink comp="830" pin=1"/></net>

<net id="840"><net_src comp="150" pin="0"/><net_sink comp="835" pin=0"/></net>

<net id="841"><net_src comp="152" pin="0"/><net_sink comp="835" pin=2"/></net>

<net id="849"><net_src comp="835" pin="3"/><net_sink comp="845" pin=0"/></net>

<net id="850"><net_src comp="842" pin="1"/><net_sink comp="845" pin=1"/></net>

<net id="856"><net_src comp="154" pin="0"/><net_sink comp="851" pin=0"/></net>

<net id="857"><net_src comp="845" pin="2"/><net_sink comp="851" pin=1"/></net>

<net id="858"><net_src comp="156" pin="0"/><net_sink comp="851" pin=2"/></net>

<net id="863"><net_src comp="158" pin="0"/><net_sink comp="859" pin=1"/></net>

<net id="869"><net_src comp="851" pin="3"/><net_sink comp="864" pin=0"/></net>

<net id="870"><net_src comp="859" pin="2"/><net_sink comp="864" pin=2"/></net>

<net id="877"><net_src comp="160" pin="0"/><net_sink comp="871" pin=0"/></net>

<net id="878"><net_src comp="864" pin="3"/><net_sink comp="871" pin=1"/></net>

<net id="879"><net_src comp="162" pin="0"/><net_sink comp="871" pin=2"/></net>

<net id="880"><net_src comp="164" pin="0"/><net_sink comp="871" pin=3"/></net>

<net id="885"><net_src comp="871" pin="4"/><net_sink comp="881" pin=0"/></net>

<net id="886"><net_src comp="166" pin="0"/><net_sink comp="881" pin=1"/></net>

<net id="891"><net_src comp="864" pin="3"/><net_sink comp="887" pin=0"/></net>

<net id="892"><net_src comp="168" pin="0"/><net_sink comp="887" pin=1"/></net>

<net id="896"><net_src comp="864" pin="3"/><net_sink comp="893" pin=0"/></net>

<net id="903"><net_src comp="170" pin="0"/><net_sink comp="897" pin=0"/></net>

<net id="904"><net_src comp="845" pin="2"/><net_sink comp="897" pin=1"/></net>

<net id="905"><net_src comp="172" pin="0"/><net_sink comp="897" pin=2"/></net>

<net id="906"><net_src comp="174" pin="0"/><net_sink comp="897" pin=3"/></net>

<net id="913"><net_src comp="170" pin="0"/><net_sink comp="907" pin=0"/></net>

<net id="914"><net_src comp="845" pin="2"/><net_sink comp="907" pin=1"/></net>

<net id="915"><net_src comp="40" pin="0"/><net_sink comp="907" pin=2"/></net>

<net id="916"><net_src comp="176" pin="0"/><net_sink comp="907" pin=3"/></net>

<net id="922"><net_src comp="851" pin="3"/><net_sink comp="917" pin=0"/></net>

<net id="923"><net_src comp="897" pin="4"/><net_sink comp="917" pin=1"/></net>

<net id="924"><net_src comp="907" pin="4"/><net_sink comp="917" pin=2"/></net>

<net id="929"><net_src comp="26" pin="0"/><net_sink comp="925" pin=1"/></net>

<net id="934"><net_src comp="925" pin="2"/><net_sink comp="930" pin=1"/></net>

<net id="939"><net_src comp="930" pin="2"/><net_sink comp="935" pin=1"/></net>

<net id="945"><net_src comp="186" pin="0"/><net_sink comp="940" pin=1"/></net>

<net id="946"><net_src comp="188" pin="0"/><net_sink comp="940" pin=2"/></net>

<net id="956"><net_src comp="935" pin="2"/><net_sink comp="951" pin=0"/></net>

<net id="957"><net_src comp="940" pin="3"/><net_sink comp="951" pin=1"/></net>

<net id="958"><net_src comp="190" pin="0"/><net_sink comp="951" pin=2"/></net>

<net id="968"><net_src comp="190" pin="0"/><net_sink comp="963" pin=1"/></net>

<net id="969"><net_src comp="188" pin="0"/><net_sink comp="963" pin=2"/></net>

<net id="974"><net_src comp="34" pin="0"/><net_sink comp="970" pin=1"/></net>

<net id="980"><net_src comp="192" pin="0"/><net_sink comp="975" pin=0"/></net>

<net id="981"><net_src comp="970" pin="2"/><net_sink comp="975" pin=1"/></net>

<net id="985"><net_src comp="975" pin="3"/><net_sink comp="982" pin=0"/></net>

<net id="989"><net_src comp="982" pin="1"/><net_sink comp="986" pin=0"/></net>

<net id="994"><net_src comp="959" pin="2"/><net_sink comp="990" pin=1"/></net>

<net id="999"><net_src comp="26" pin="0"/><net_sink comp="995" pin=1"/></net>

<net id="1004"><net_src comp="995" pin="2"/><net_sink comp="1000" pin=1"/></net>

<net id="1009"><net_src comp="990" pin="2"/><net_sink comp="1005" pin=0"/></net>

<net id="1010"><net_src comp="1000" pin="2"/><net_sink comp="1005" pin=1"/></net>

<net id="1015"><net_src comp="947" pin="2"/><net_sink comp="1011" pin=0"/></net>

<net id="1016"><net_src comp="26" pin="0"/><net_sink comp="1011" pin=1"/></net>

<net id="1021"><net_src comp="1005" pin="2"/><net_sink comp="1017" pin=0"/></net>

<net id="1022"><net_src comp="1011" pin="2"/><net_sink comp="1017" pin=1"/></net>

<net id="1027"><net_src comp="959" pin="2"/><net_sink comp="1023" pin=0"/></net>

<net id="1028"><net_src comp="26" pin="0"/><net_sink comp="1023" pin=1"/></net>

<net id="1033"><net_src comp="1023" pin="2"/><net_sink comp="1029" pin=1"/></net>

<net id="1042"><net_src comp="1034" pin="2"/><net_sink comp="1038" pin=0"/></net>

<net id="1043"><net_src comp="26" pin="0"/><net_sink comp="1038" pin=1"/></net>

<net id="1048"><net_src comp="1029" pin="2"/><net_sink comp="1044" pin=0"/></net>

<net id="1049"><net_src comp="1038" pin="2"/><net_sink comp="1044" pin=1"/></net>

<net id="1054"><net_src comp="1044" pin="2"/><net_sink comp="1050" pin=0"/></net>

<net id="1055"><net_src comp="1011" pin="2"/><net_sink comp="1050" pin=1"/></net>

<net id="1060"><net_src comp="1050" pin="2"/><net_sink comp="1056" pin=0"/></net>

<net id="1067"><net_src comp="194" pin="0"/><net_sink comp="1061" pin=0"/></net>

<net id="1068"><net_src comp="947" pin="2"/><net_sink comp="1061" pin=1"/></net>

<net id="1069"><net_src comp="1017" pin="2"/><net_sink comp="1061" pin=2"/></net>

<net id="1070"><net_src comp="1056" pin="2"/><net_sink comp="1061" pin=3"/></net>

<net id="1084"><net_src comp="196" pin="0"/><net_sink comp="1071" pin=0"/></net>

<net id="1085"><net_src comp="198" pin="0"/><net_sink comp="1071" pin=1"/></net>

<net id="1086"><net_src comp="951" pin="3"/><net_sink comp="1071" pin=2"/></net>

<net id="1087"><net_src comp="200" pin="0"/><net_sink comp="1071" pin=3"/></net>

<net id="1088"><net_src comp="963" pin="3"/><net_sink comp="1071" pin=4"/></net>

<net id="1089"><net_src comp="202" pin="0"/><net_sink comp="1071" pin=5"/></net>

<net id="1090"><net_src comp="190" pin="0"/><net_sink comp="1071" pin=6"/></net>

<net id="1091"><net_src comp="166" pin="0"/><net_sink comp="1071" pin=7"/></net>

<net id="1092"><net_src comp="986" pin="1"/><net_sink comp="1071" pin=8"/></net>

<net id="1093"><net_src comp="204" pin="0"/><net_sink comp="1071" pin=9"/></net>

<net id="1094"><net_src comp="1061" pin="4"/><net_sink comp="1071" pin=10"/></net>

<net id="1100"><net_src comp="475" pin="1"/><net_sink comp="1095" pin=0"/></net>

<net id="1101"><net_src comp="58" pin="0"/><net_sink comp="1095" pin=1"/></net>

<net id="1102"><net_src comp="523" pin="1"/><net_sink comp="1095" pin=2"/></net>

<net id="1103"><net_src comp="1095" pin="3"/><net_sink comp="527" pin=1"/></net>

<net id="1104"><net_src comp="1095" pin="3"/><net_sink comp="536" pin=1"/></net>

<net id="1105"><net_src comp="1095" pin="3"/><net_sink comp="543" pin=0"/></net>

<net id="1109"><net_src comp="284" pin="3"/><net_sink comp="1106" pin=0"/></net>

<net id="1110"><net_src comp="1106" pin="1"/><net_sink comp="925" pin=0"/></net>

<net id="1114"><net_src comp="316" pin="2"/><net_sink comp="1111" pin=0"/></net>

<net id="1115"><net_src comp="1111" pin="1"/><net_sink comp="935" pin=0"/></net>

<net id="1116"><net_src comp="1111" pin="1"/><net_sink comp="940" pin=0"/></net>

<net id="1117"><net_src comp="1111" pin="1"/><net_sink comp="947" pin=0"/></net>

<net id="1121"><net_src comp="328" pin="2"/><net_sink comp="1118" pin=0"/></net>

<net id="1122"><net_src comp="1118" pin="1"/><net_sink comp="930" pin=0"/></net>

<net id="1123"><net_src comp="1118" pin="1"/><net_sink comp="947" pin=1"/></net>

<net id="1127"><net_src comp="362" pin="3"/><net_sink comp="1124" pin=0"/></net>

<net id="1128"><net_src comp="1124" pin="1"/><net_sink comp="410" pin=1"/></net>

<net id="1132"><net_src comp="370" pin="3"/><net_sink comp="1129" pin=0"/></net>

<net id="1133"><net_src comp="1129" pin="1"/><net_sink comp="440" pin=0"/></net>

<net id="1134"><net_src comp="1129" pin="1"/><net_sink comp="496" pin=0"/></net>

<net id="1138"><net_src comp="388" pin="3"/><net_sink comp="1135" pin=0"/></net>

<net id="1139"><net_src comp="1135" pin="1"/><net_sink comp="421" pin=0"/></net>

<net id="1143"><net_src comp="396" pin="2"/><net_sink comp="1140" pin=0"/></net>

<net id="1144"><net_src comp="1140" pin="1"/><net_sink comp="990" pin=0"/></net>

<net id="1145"><net_src comp="1140" pin="1"/><net_sink comp="995" pin=0"/></net>

<net id="1146"><net_src comp="1140" pin="1"/><net_sink comp="1029" pin=0"/></net>

<net id="1147"><net_src comp="1140" pin="1"/><net_sink comp="1034" pin=0"/></net>

<net id="1151"><net_src comp="402" pin="3"/><net_sink comp="1148" pin=0"/></net>

<net id="1152"><net_src comp="1148" pin="1"/><net_sink comp="963" pin=0"/></net>

<net id="1156"><net_src comp="417" pin="1"/><net_sink comp="1153" pin=0"/></net>

<net id="1157"><net_src comp="1153" pin="1"/><net_sink comp="511" pin=1"/></net>

<net id="1161"><net_src comp="421" pin="1"/><net_sink comp="1158" pin=0"/></net>

<net id="1162"><net_src comp="1158" pin="1"/><net_sink comp="483" pin=0"/></net>

<net id="1166"><net_src comp="447" pin="4"/><net_sink comp="1163" pin=0"/></net>

<net id="1167"><net_src comp="1163" pin="1"/><net_sink comp="486" pin=0"/></net>

<net id="1168"><net_src comp="1163" pin="1"/><net_sink comp="491" pin=0"/></net>

<net id="1172"><net_src comp="467" pin="3"/><net_sink comp="1169" pin=0"/></net>

<net id="1173"><net_src comp="1169" pin="1"/><net_sink comp="516" pin=1"/></net>

<net id="1177"><net_src comp="475" pin="1"/><net_sink comp="1174" pin=0"/></net>

<net id="1178"><net_src comp="1174" pin="1"/><net_sink comp="1095" pin=0"/></net>

<net id="1182"><net_src comp="479" pin="1"/><net_sink comp="1179" pin=0"/></net>

<net id="1183"><net_src comp="1179" pin="1"/><net_sink comp="595" pin=0"/></net>

<net id="1187"><net_src comp="511" pin="2"/><net_sink comp="1184" pin=0"/></net>

<net id="1188"><net_src comp="1184" pin="1"/><net_sink comp="959" pin=0"/></net>

<net id="1192"><net_src comp="523" pin="1"/><net_sink comp="1189" pin=0"/></net>

<net id="1193"><net_src comp="1189" pin="1"/><net_sink comp="1095" pin=1"/></net>

<net id="1197"><net_src comp="566" pin="3"/><net_sink comp="1194" pin=0"/></net>

<net id="1198"><net_src comp="1194" pin="1"/><net_sink comp="574" pin=0"/></net>

<net id="1199"><net_src comp="1194" pin="1"/><net_sink comp="859" pin=0"/></net>

<net id="1200"><net_src comp="1194" pin="1"/><net_sink comp="864" pin=1"/></net>

<net id="1204"><net_src comp="574" pin="1"/><net_sink comp="1201" pin=0"/></net>

<net id="1205"><net_src comp="1201" pin="1"/><net_sink comp="263" pin=0"/></net>

<net id="1209"><net_src comp="578" pin="4"/><net_sink comp="1206" pin=0"/></net>

<net id="1210"><net_src comp="1206" pin="1"/><net_sink comp="588" pin=1"/></net>

<net id="1214"><net_src comp="600" pin="4"/><net_sink comp="1211" pin=0"/></net>

<net id="1215"><net_src comp="1211" pin="1"/><net_sink comp="756" pin=0"/></net>

<net id="1219"><net_src comp="610" pin="4"/><net_sink comp="1216" pin=0"/></net>

<net id="1220"><net_src comp="1216" pin="1"/><net_sink comp="704" pin=0"/></net>

<net id="1221"><net_src comp="1216" pin="1"/><net_sink comp="739" pin=1"/></net>

<net id="1222"><net_src comp="1216" pin="1"/><net_sink comp="770" pin=1"/></net>

<net id="1226"><net_src comp="620" pin="4"/><net_sink comp="1223" pin=0"/></net>

<net id="1227"><net_src comp="1223" pin="1"/><net_sink comp="677" pin=1"/></net>

<net id="1231"><net_src comp="630" pin="1"/><net_sink comp="1228" pin=0"/></net>

<net id="1232"><net_src comp="1228" pin="1"/><net_sink comp="664" pin=0"/></net>

<net id="1236"><net_src comp="212" pin="3"/><net_sink comp="1233" pin=0"/></net>

<net id="1237"><net_src comp="1233" pin="1"/><net_sink comp="219" pin=2"/></net>

<net id="1241"><net_src comp="229" pin="3"/><net_sink comp="1238" pin=0"/></net>

<net id="1242"><net_src comp="1238" pin="1"/><net_sink comp="219" pin=0"/></net>

<net id="1246"><net_src comp="671" pin="2"/><net_sink comp="1243" pin=0"/></net>

<net id="1247"><net_src comp="1243" pin="1"/><net_sink comp="690" pin=0"/></net>

<net id="1248"><net_src comp="1243" pin="1"/><net_sink comp="711" pin=0"/></net>

<net id="1252"><net_src comp="219" pin="3"/><net_sink comp="1249" pin=0"/></net>

<net id="1253"><net_src comp="1249" pin="1"/><net_sink comp="677" pin=3"/></net>

<net id="1257"><net_src comp="677" pin="4"/><net_sink comp="1254" pin=0"/></net>

<net id="1258"><net_src comp="1254" pin="1"/><net_sink comp="708" pin=0"/></net>

<net id="1262"><net_src comp="685" pin="1"/><net_sink comp="1259" pin=0"/></net>

<net id="1263"><net_src comp="1259" pin="1"/><net_sink comp="268" pin=0"/></net>

<net id="1267"><net_src comp="690" pin="1"/><net_sink comp="1264" pin=0"/></net>

<net id="1268"><net_src comp="1264" pin="1"/><net_sink comp="268" pin=1"/></net>

<net id="1272"><net_src comp="694" pin="4"/><net_sink comp="1269" pin=0"/></net>

<net id="1273"><net_src comp="1269" pin="1"/><net_sink comp="714" pin=0"/></net>

<net id="1277"><net_src comp="237" pin="3"/><net_sink comp="1274" pin=0"/></net>

<net id="1278"><net_src comp="1274" pin="1"/><net_sink comp="244" pin=0"/></net>

<net id="1282"><net_src comp="723" pin="2"/><net_sink comp="1279" pin=0"/></net>

<net id="1283"><net_src comp="1279" pin="1"/><net_sink comp="752" pin=0"/></net>

<net id="1284"><net_src comp="1279" pin="1"/><net_sink comp="784" pin=0"/></net>

<net id="1288"><net_src comp="729" pin="4"/><net_sink comp="1285" pin=0"/></net>

<net id="1289"><net_src comp="1285" pin="1"/><net_sink comp="739" pin=3"/></net>

<net id="1290"><net_src comp="1285" pin="1"/><net_sink comp="770" pin=3"/></net>

<net id="1294"><net_src comp="747" pin="1"/><net_sink comp="1291" pin=0"/></net>

<net id="1295"><net_src comp="1291" pin="1"/><net_sink comp="272" pin=0"/></net>

<net id="1299"><net_src comp="752" pin="1"/><net_sink comp="1296" pin=0"/></net>

<net id="1300"><net_src comp="1296" pin="1"/><net_sink comp="272" pin=1"/></net>

<net id="1304"><net_src comp="250" pin="3"/><net_sink comp="1301" pin=0"/></net>

<net id="1305"><net_src comp="1301" pin="1"/><net_sink comp="257" pin=0"/></net>

<net id="1309"><net_src comp="760" pin="4"/><net_sink comp="1306" pin=0"/></net>

<net id="1310"><net_src comp="1306" pin="1"/><net_sink comp="787" pin=0"/></net>

<net id="1314"><net_src comp="257" pin="3"/><net_sink comp="1311" pin=0"/></net>

<net id="1315"><net_src comp="1311" pin="1"/><net_sink comp="830" pin=0"/></net>

<net id="1319"><net_src comp="802" pin="4"/><net_sink comp="1316" pin=0"/></net>

<net id="1320"><net_src comp="1316" pin="1"/><net_sink comp="826" pin=0"/></net>

<net id="1324"><net_src comp="812" pin="4"/><net_sink comp="1321" pin=0"/></net>

<net id="1325"><net_src comp="1321" pin="1"/><net_sink comp="822" pin=0"/></net>

<net id="1329"><net_src comp="822" pin="1"/><net_sink comp="1326" pin=0"/></net>

<net id="1330"><net_src comp="1326" pin="1"/><net_sink comp="276" pin=0"/></net>

<net id="1334"><net_src comp="826" pin="1"/><net_sink comp="1331" pin=0"/></net>

<net id="1335"><net_src comp="1331" pin="1"/><net_sink comp="276" pin=1"/></net>

<net id="1339"><net_src comp="830" pin="2"/><net_sink comp="1336" pin=0"/></net>

<net id="1340"><net_src comp="1336" pin="1"/><net_sink comp="835" pin=1"/></net>

<net id="1344"><net_src comp="276" pin="2"/><net_sink comp="1341" pin=0"/></net>

<net id="1345"><net_src comp="1341" pin="1"/><net_sink comp="842" pin=0"/></net>

<net id="1349"><net_src comp="881" pin="2"/><net_sink comp="1346" pin=0"/></net>

<net id="1350"><net_src comp="1346" pin="1"/><net_sink comp="959" pin=1"/></net>

<net id="1351"><net_src comp="1346" pin="1"/><net_sink comp="1000" pin=0"/></net>

<net id="1352"><net_src comp="1346" pin="1"/><net_sink comp="1034" pin=1"/></net>

<net id="1356"><net_src comp="887" pin="2"/><net_sink comp="1353" pin=0"/></net>

<net id="1357"><net_src comp="1353" pin="1"/><net_sink comp="1056" pin=1"/></net>

<net id="1361"><net_src comp="893" pin="1"/><net_sink comp="1358" pin=0"/></net>

<net id="1362"><net_src comp="1358" pin="1"/><net_sink comp="970" pin=0"/></net>

<net id="1366"><net_src comp="917" pin="3"/><net_sink comp="1363" pin=0"/></net>

<net id="1367"><net_src comp="1363" pin="1"/><net_sink comp="975" pin=2"/></net>

</net_list>

</model> 
---------------- Datapath Model END ------------------

* FSMD analyzer results:
  - Output states:
	Port: x | {}
	Port: table_exp_Z1_ap_ufixed_58_1_ap_q_mode_5_ap_o_mode_3_0_array | {}
	Port: table_f_Z3_ap_ufixed_59_0_ap_q_mode_5_ap_o_mode_3_0_array | {}
	Port: table_f_Z2_ap_ufixed_59_0_ap_q_mode_5_ap_o_mode_3_0_array | {}
 - Input state : 
	Port: exp_generic<double> : x | {1 }
	Port: exp_generic<double> : table_exp_Z1_ap_ufixed_58_1_ap_q_mode_5_ap_o_mode_3_0_array | {17 18 }
	Port: exp_generic<double> : table_f_Z3_ap_ufixed_59_0_ap_q_mode_5_ap_o_mode_3_0_array | {11 12 }
	Port: exp_generic<double> : table_f_Z2_ap_ufixed_59_0_ap_q_mode_5_ap_o_mode_3_0_array | {14 15 }
  - Chain level:
	State 1
		es_sign : 1
		es_exp : 1
		es_sig : 1
		icmp_ln18 : 2
		icmp_ln18_1 : 2
		x_is_NaN : 3
		icmp_ln18_2 : 2
		x_is_inf : 3
		zext_ln486 : 2
		m_exp : 3
		e_frac : 2
		zext_ln221 : 3
		e_frac_1 : 4
		e_frac_2 : 5
		tmp : 4
		sub_ln229 : 2
		sext_ln229 : 3
		select_ln229 : 5
		icmp_ln309 : 4
		tmp_34 : 6
	State 2
		sext_ln227 : 1
		zext_ln229 : 1
		ashr_ln229 : 2
		shl_ln229 : 2
		m_fix : 3
		m_fix_l : 4
		m_fix_hi : 4
		tmp_30 : 4
		sext_ln243 : 5
		mul_ln243 : 6
		trunc_ln255 : 4
	State 3
		shl_ln230 : 1
		ashr_ln230 : 1
		select_ln230 : 2
		shl_ln2 : 3
		icmp_ln309_2 : 4
	State 4
		sext_ln243_1 : 1
		add_ln243 : 2
	State 5
		trunc_ln : 1
		tmp_31 : 1
		trunc_ln243 : 1
		icmp_ln243 : 2
		add_ln243_1 : 2
		select_ln243 : 3
		r_exp : 4
	State 6
		mul_ln249 : 1
	State 7
	State 8
	State 9
	State 10
		tmp_26 : 1
	State 11
		sub_ln255 : 1
		m_diff_hi : 2
		Z2 : 2
		Z3 : 2
		Z4 : 2
		Z4_ind : 2
		zext_ln114 : 3
		table_f_Z3_ap_ufixed_59_0_ap_q_mode_5_ap_o_mode_3_0_array_addr : 4
		table_f_Z3_ap_ufixed_59_0_ap_q_mode_5_ap_o_mode_3_0_array_load : 5
		zext_ln119 : 3
		table_f_Z3_ap_ufixed_59_0_ap_q_mode_5_ap_o_mode_3_0_array_addr_1 : 4
		f_Z3 : 5
	State 12
		f_Z4 : 1
		zext_ln115_1 : 2
		exp_Z4_m_1 : 3
	State 13
		zext_ln123 : 1
		mul_ln123 : 2
	State 14
		tmp_27 : 1
		table_f_Z2_ap_ufixed_59_0_ap_q_mode_5_ap_o_mode_3_0_array_addr : 1
		f_Z2 : 2
	State 15
		add_ln126 : 1
		exp_Z2P_m_1 : 2
		tmp_28 : 1
	State 16
		zext_ln142 : 1
		mul_ln142 : 2
	State 17
		table_exp_Z1_ap_ufixed_58_1_ap_q_mode_5_ap_o_mode_3_0_array_addr : 1
		exp_Z1 : 2
		tmp_29 : 1
	State 18
		zext_ln145 : 1
		add_ln145 : 2
		exp_Z1P_m_1_l : 3
		exp_Z1P_m_1 : 4
		exp_Z1_hi : 1
	State 19
		mul_ln297 : 1
	State 20
	State 21
		add_ln297_1 : 1
		tmp_32 : 2
		r_exp_2 : 3
		tmp_33 : 4
		icmp_ln309_1 : 5
		icmp_ln326 : 4
		trunc_ln336 : 4
		tmp_s : 2
		tmp_8 : 2
		select_ln303 : 3
	State 22
		t : 1
		zext_ln479 : 2
		bitcast_ln497 : 3
		retval_1 : 1
		ret_ln339 : 2


============================================================
+ Verbose Summary: Datapath Resource usage 
============================================================

* Functional unit list:
|----------|-----------------------|---------|---------|---------|
| Operation|    Functional Unit    |   DSP   |    FF   |   LUT   |
|----------|-----------------------|---------|---------|---------|
|          |       grp_fu_263      |    4    |   441   |   256   |
|    mul   |       grp_fu_268      |    6    |   219   |   155   |
|          |       grp_fu_272      |    9    |   233   |    85   |
|          |       grp_fu_276      |    9    |   237   |    87   |
|----------|-----------------------|---------|---------|---------|
|          |      m_exp_fu_338     |    0    |    0    |    18   |
|          |   add_ln243_1_fu_552  |    0    |    0    |    20   |
|          |   exp_Z4_m_1_fu_671   |    0    |    0    |    42   |
|          |    add_ln126_fu_717   |    0    |    0    |    43   |
|          |   exp_Z2P_m_1_fu_723  |    0    |    0    |    44   |
|    add   |    add_ln145_fu_790   |    0    |    0    |    51   |
|          |  exp_Z1P_m_1_l_fu_796 |    0    |    0    |    52   |
|          |    add_ln297_fu_830   |    0    |    0    |    65   |
|          |   add_ln297_1_fu_845  |    0    |    0    |   114   |
|          |     r_exp_1_fu_859    |    0    |    0    |    20   |
|          |     out_exp_fu_970    |    0    |    0    |    18   |
|----------|-----------------------|---------|---------|---------|
|          |    e_frac_2_fu_362    |    0    |    0    |    54   |
|          |  select_ln229_fu_388  |    0    |    0    |    12   |
|          |      m_fix_fu_440     |    0    |    0    |    71   |
|          |  select_ln230_fu_496  |    0    |    0    |    64   |
|          |  select_ln243_fu_558  |    0    |    0    |    13   |
|  select  |      r_exp_fu_566     |    0    |    0    |    13   |
|          |     r_exp_2_fu_864    |    0    |    0    |    13   |
|          |  select_ln303_fu_917  |    0    |    0    |    52   |
|          |  select_ln185_fu_940  |    0    |    0    |    64   |
|          | select_ln185_1_fu_951 |    0    |    0    |    64   |
|          |  select_ln310_fu_963  |    0    |    0    |    64   |
|----------|-----------------------|---------|---------|---------|
|   ashr   |   ashr_ln229_fu_428   |    0    |    0    |   175   |
|          |   ashr_ln230_fu_491   |    0    |    0    |   182   |
|----------|-----------------------|---------|---------|---------|
|    shl   |    shl_ln229_fu_434   |    0    |    0    |   175   |
|          |    shl_ln230_fu_486   |    0    |    0    |   182   |
|----------|-----------------------|---------|---------|---------|
|          |    icmp_ln18_fu_304   |    0    |    0    |    18   |
|          |   icmp_ln18_1_fu_310  |    0    |    0    |    59   |
|          |   icmp_ln18_2_fu_322  |    0    |    0    |    59   |
|   icmp   |   icmp_ln309_fu_396   |    0    |    0    |    19   |
|          |  icmp_ln309_2_fu_511  |    0    |    0    |    78   |
|          |   icmp_ln243_fu_546   |    0    |    0    |    25   |
|          |  icmp_ln309_1_fu_881  |    0    |    0    |    11   |
|          |   icmp_ln326_fu_887   |    0    |    0    |    20   |
|----------|-----------------------|---------|---------|---------|
|          |    e_frac_1_fu_356    |    0    |    0    |    60   |
|    sub   |    sub_ln229_fu_378   |    0    |    0    |    18   |
|          |    sub_ln255_fu_595   |    0    |    0    |    66   |
|----------|-----------------------|---------|---------|---------|
|          |    x_is_NaN_fu_316    |    0    |    0    |    2    |
|          |    x_is_inf_fu_328    |    0    |    0    |    2    |
|          |    x_is_pinf_fu_930   |    0    |    0    |    2    |
|          |    and_ln309_fu_990   |    0    |    0    |    2    |
|    and   |  and_ln309_1_fu_1000  |    0    |    0    |    2    |
|          |  and_ln309_2_fu_1017  |    0    |    0    |    2    |
|          |  and_ln309_3_fu_1029  |    0    |    0    |    2    |
|          |  and_ln309_4_fu_1050  |    0    |    0    |    2    |
|          |  and_ln309_5_fu_1056  |    0    |    0    |    2    |
|----------|-----------------------|---------|---------|---------|
| sparsemux|    retval_1_fu_1071   |    0    |    0    |    13   |
|----------|-----------------------|---------|---------|---------|
|          |    or_ln185_fu_935    |    0    |    0    |    2    |
|          |   or_ln185_1_fu_947   |    0    |    0    |    2    |
|    or    |    or_ln309_fu_959    |    0    |    0    |    2    |
|          |   or_ln309_1_fu_1005  |    0    |    0    |    2    |
|          |   or_ln309_2_fu_1034  |    0    |    0    |    2    |
|          |   or_ln309_3_fu_1044  |    0    |    0    |    2    |
|----------|-----------------------|---------|---------|---------|
|          |    xor_ln182_fu_925   |    0    |    0    |    2    |
|          |    xor_ln309_fu_995   |    0    |    0    |    2    |
|    xor   |   xor_ln185_fu_1011   |    0    |    0    |    2    |
|          |  xor_ln309_1_fu_1023  |    0    |    0    |    2    |
|          |  xor_ln309_2_fu_1038  |    0    |    0    |    2    |
|----------|-----------------------|---------|---------|---------|
|  muladd  |      grp_fu_1095      |    1    |    0    |    0    |
|----------|-----------------------|---------|---------|---------|
|   read   |   x_read_read_fu_206  |    0    |    0    |    0    |
|----------|-----------------------|---------|---------|---------|
|          |     es_sign_fu_284    |    0    |    0    |    0    |
|          |       tmp_fu_370      |    0    |    0    |    0    |
| bitselect|     tmp_34_fu_402     |    0    |    0    |    0    |
|          |     tmp_30_fu_467     |    0    |    0    |    0    |
|          |     tmp_31_fu_536     |    0    |    0    |    0    |
|          |     tmp_32_fu_851     |    0    |    0    |    0    |
|----------|-----------------------|---------|---------|---------|
|          |     es_exp_fu_292     |    0    |    0    |    0    |
|          |     m_fix_l_fu_447    |    0    |    0    |    0    |
|          |    m_fix_hi_fu_457    |    0    |    0    |    0    |
|          |    trunc_ln_fu_527    |    0    |    0    |    0    |
|          |     tmp_26_fu_578     |    0    |    0    |    0    |
|          |    m_diff_hi_fu_600   |    0    |    0    |    0    |
|          |       Z2_fu_610       |    0    |    0    |    0    |
|          |       Z3_fu_620       |    0    |    0    |    0    |
|partselect|     Z4_ind_fu_634     |    0    |    0    |    0    |
|          |      f_Z4_fu_654      |    0    |    0    |    0    |
|          |     tmp_27_fu_694     |    0    |    0    |    0    |
|          |     tmp_28_fu_729     |    0    |    0    |    0    |
|          |     tmp_29_fu_760     |    0    |    0    |    0    |
|          |   exp_Z1P_m_1_fu_802  |    0    |    0    |    0    |
|          |    exp_Z1_hi_fu_812   |    0    |    0    |    0    |
|          |     tmp_33_fu_871     |    0    |    0    |    0    |
|          |      tmp_s_fu_897     |    0    |    0    |    0    |
|          |      tmp_8_fu_907     |    0    |    0    |    0    |
|----------|-----------------------|---------|---------|---------|
|          |     es_sig_fu_300     |    0    |    0    |    0    |
|          |   trunc_ln255_fu_479  |    0    |    0    |    0    |
|   trunc  |   trunc_ln243_fu_543  |    0    |    0    |    0    |
|          |       Z4_fu_630       |    0    |    0    |    0    |
|          |   trunc_ln336_fu_893  |    0    |    0    |    0    |
|----------|-----------------------|---------|---------|---------|
|          |   zext_ln486_fu_334   |    0    |    0    |    0    |
|          |   zext_ln221_fu_352   |    0    |    0    |    0    |
|          |   zext_ln229_fu_424   |    0    |    0    |    0    |
|          |   zext_ln230_fu_483   |    0    |    0    |    0    |
|          |   zext_ln114_fu_644   |    0    |    0    |    0    |
|          |   zext_ln119_fu_649   |    0    |    0    |    0    |
|          |   zext_ln115_fu_664   |    0    |    0    |    0    |
|          |  zext_ln115_1_fu_667  |    0    |    0    |    0    |
|          |   zext_ln123_fu_685   |    0    |    0    |    0    |
|          |  zext_ln123_1_fu_690  |    0    |    0    |    0    |
|          |   zext_ln138_fu_704   |    0    |    0    |    0    |
|   zext   |   zext_ln120_fu_708   |    0    |    0    |    0    |
|          |   zext_ln126_fu_711   |    0    |    0    |    0    |
|          |  zext_ln126_1_fu_714  |    0    |    0    |    0    |
|          |   zext_ln142_fu_747   |    0    |    0    |    0    |
|          |  zext_ln142_1_fu_752  |    0    |    0    |    0    |
|          |   zext_ln292_fu_756   |    0    |    0    |    0    |
|          |   zext_ln145_fu_780   |    0    |    0    |    0    |
|          |  zext_ln145_1_fu_784  |    0    |    0    |    0    |
|          |  zext_ln145_2_fu_787  |    0    |    0    |    0    |
|          |   zext_ln297_fu_822   |    0    |    0    |    0    |
|          |  zext_ln297_1_fu_826  |    0    |    0    |    0    |
|          |  zext_ln297_2_fu_842  |    0    |    0    |    0    |
|          |   zext_ln479_fu_982   |    0    |    0    |    0    |
|----------|-----------------------|---------|---------|---------|
|          |     e_frac_fu_344     |    0    |    0    |    0    |
|          |    m_frac_l_fu_410    |    0    |    0    |    0    |
|          |     shl_ln2_fu_503    |    0    |    0    |    0    |
|          |     shl_ln_fu_516     |    0    |    0    |    0    |
|          |     and_ln_fu_588     |    0    |    0    |    0    |
|bitconcatenate|   exp_Z3_m_1_fu_677   |    0    |    0    |    0    |
|          |   exp_Z2_m_1_fu_739   |    0    |    0    |    0    |
|          |     and_ln1_fu_770    |    0    |    0    |    0    |
|          |     shl_ln1_fu_835    |    0    |    0    |    0    |
|          |        t_fu_975       |    0    |    0    |    0    |
|          |    sel_tmp_fu_1061    |    0    |    0    |    0    |
|----------|-----------------------|---------|---------|---------|
|          |   sext_ln229_fu_384   |    0    |    0    |    0    |
|          |   sext_ln227_fu_417   |    0    |    0    |    0    |
|   sext   |  sext_ln229_1_fu_421  |    0    |    0    |    0    |
|          |   sext_ln243_fu_475   |    0    |    0    |    0    |
|          |  sext_ln243_1_fu_523  |    0    |    0    |    0    |
|          |   sext_ln249_fu_574   |    0    |    0    |    0    |
|----------|-----------------------|---------|---------|---------|
|   Total  |                       |    29   |   1130  |   2754  |
|----------|-----------------------|---------|---------|---------|

Memories:
N/A

* Register list:
+-------------------------------------------------------------------------+--------+
|                                                                         |   FF   |
+-------------------------------------------------------------------------+--------+
|                               Z2_reg_1216                               |    8   |
|                               Z3_reg_1223                               |    8   |
|                               Z4_reg_1228                               |   35   |
|                            add_ln297_reg_1336                           |   58   |
|                            e_frac_2_reg_1124                            |   54   |
|                             es_sign_reg_1106                            |    1   |
|                           exp_Z1P_m_1_reg_1316                          |   50   |
|                            exp_Z1_hi_reg_1321                           |   50   |
|                             exp_Z1_reg_1311                             |   58   |
|                           exp_Z2P_m_1_reg_1279                          |   44   |
|                           exp_Z3_m_1_reg_1254                           |   43   |
|                           exp_Z4_m_1_reg_1243                           |   36   |
|                              f_Z3_reg_1249                              |   26   |
|                          icmp_ln309_1_reg_1346                          |    1   |
|                          icmp_ln309_2_reg_1184                          |    1   |
|                           icmp_ln309_reg_1140                           |    1   |
|                           icmp_ln326_reg_1353                           |    1   |
|                            m_diff_hi_reg_1211                           |    8   |
|                             m_fix_l_reg_1163                            |   64   |
|                            mul_ln297_reg_1341                           |   99   |
|                              r_exp_reg_1194                             |   13   |
|                          select_ln229_reg_1135                          |   12   |
|                          select_ln303_reg_1363                          |   52   |
|                           sext_ln227_reg_1153                           |   71   |
|                          sext_ln229_1_reg_1158                          |   32   |
|                          sext_ln243_1_reg_1189                          |   31   |
|                           sext_ln243_reg_1174                           |   31   |
|                           sext_ln249_reg_1201                           |   71   |
|table_exp_Z1_ap_ufixed_58_1_ap_q_mode_5_ap_o_mode_3_0_array_addr_reg_1301|    8   |
| table_f_Z2_ap_ufixed_59_0_ap_q_mode_5_ap_o_mode_3_0_array_addr_reg_1274 |    8   |
|table_f_Z3_ap_ufixed_59_0_ap_q_mode_5_ap_o_mode_3_0_array_addr_1_reg_1238|    8   |
| table_f_Z3_ap_ufixed_59_0_ap_q_mode_5_ap_o_mode_3_0_array_addr_reg_1233 |    8   |
|                             tmp_26_reg_1206                             |   58   |
|                             tmp_27_reg_1269                             |   20   |
|                             tmp_28_reg_1285                             |   40   |
|                             tmp_29_reg_1306                             |   36   |
|                             tmp_30_reg_1169                             |    1   |
|                             tmp_34_reg_1148                             |    1   |
|                               tmp_reg_1129                              |    1   |
|                           trunc_ln255_reg_1179                          |   59   |
|                           trunc_ln336_reg_1358                          |   11   |
|                            x_is_NaN_reg_1111                            |    1   |
|                            x_is_inf_reg_1118                            |    1   |
|                          zext_ln123_1_reg_1264                          |   79   |
|                           zext_ln123_reg_1259                           |   79   |
|                          zext_ln142_1_reg_1296                          |   93   |
|                           zext_ln142_reg_1291                           |   93   |
|                          zext_ln297_1_reg_1331                          |   99   |
|                           zext_ln297_reg_1326                           |   99   |
+-------------------------------------------------------------------------+--------+
|                                  Total                                  |  1762  |
+-------------------------------------------------------------------------+--------+

* Multiplexer (MUX) list: 
|-------------------|------|------|------|--------||---------||---------||---------|
|        Comp       |  Pin | Size |  BW  | S x BW ||  Delay  ||    FF   ||   LUT   |
|-------------------|------|------|------|--------||---------||---------||---------|
| grp_access_fu_219 |  p0  |   2  |   8  |   16   ||    0    ||    9    |
| grp_access_fu_219 |  p2  |   2  |   0  |    0   ||    0    ||    9    |
| grp_access_fu_244 |  p0  |   2  |   8  |   16   ||    0    ||    9    |
| grp_access_fu_257 |  p0  |   2  |   8  |   16   ||    0    ||    9    |
|     grp_fu_263    |  p0  |   2  |  13  |   26   ||    0    ||    9    |
|     grp_fu_268    |  p0  |   2  |  43  |   86   ||    0    ||    9    |
|     grp_fu_268    |  p1  |   2  |  36  |   72   ||    0    ||    9    |
|     grp_fu_272    |  p0  |   2  |  49  |   98   ||    0    ||    9    |
|     grp_fu_272    |  p1  |   2  |  44  |   88   ||    0    ||    9    |
|     grp_fu_276    |  p0  |   2  |  50  |   100  ||    0    ||    9    |
|     grp_fu_276    |  p1  |   2  |  50  |   100  ||    0    ||    9    |
|    grp_fu_1095    |  p0  |   2  |  16  |   32   ||    0    ||    9    |
|    grp_fu_1095    |  p1  |   2  |  15  |   30   ||    0    ||    9    |
|-------------------|------|------|------|--------||---------||---------||---------|
|       Total       |      |      |      |   680  ||  17.212 ||    0    ||   117   |
|-------------------|------|------|------|--------||---------||---------||---------|



* Summary:
+-----------+--------+--------+--------+--------+
|           |   DSP  |  Delay |   FF   |   LUT  |
+-----------+--------+--------+--------+--------+
|  Function |   29   |    -   |  1130  |  2754  |
|   Memory  |    -   |    -   |    -   |    -   |
|Multiplexer|    -   |   17   |    0   |   117  |
|  Register |    -   |    -   |  1762  |    -   |
+-----------+--------+--------+--------+--------+
|   Total   |   29   |   17   |  2892  |  2871  |
+-----------+--------+--------+--------+--------+
