

================================================================
== Vitis HLS Report for 'fc1'
================================================================
* Date:           Tue Jul  8 00:40:07 2025

* Version:        2025.1 (Build 6135595 on May 21 2025)
* Project:        cnn_accel
* Solution:       hls (Vivado IP Flow Target)
* Product family: artix7
* Target device:  xc7a100t-fgg484-2L


================================================================
== Performance Estimates
================================================================
+ Timing: 
    * Summary: 
    +--------+----------+----------+------------+
    |  Clock |  Target  | Estimated| Uncertainty|
    +--------+----------+----------+------------+
    |ap_clk  |  10.00 ns|  7.300 ns|     2.70 ns|
    +--------+----------+----------+------------+

+ Latency: 
    * Summary: 
    +----------+----------+-----------+-----------+----------+----------+---------+
    |   Latency (cycles)  |   Latency (absolute)  |       Interval      | Pipeline|
    |    min   |    max   |    min    |    max    |    min   |    max   |   Type  |
    +----------+----------+-----------+-----------+----------+----------+---------+
    |  25481289|  25481289|  0.255 sec|  0.255 sec|  25481289|  25481289|       no|
    +----------+----------+-----------+-----------+----------+----------+---------+

    + Detail: 
        * Instance: 
        +---------------------------------+----------------------+---------+---------+----------+----------+-----+-----+---------+
        |                                 |                      |  Latency (cycles) |  Latency (absolute) |  Interval | Pipeline|
        |             Instance            |        Module        |   min   |   max   |    min   |    max   | min | max |   Type  |
        +---------------------------------+----------------------+---------+---------+----------+----------+-----+-----+---------+
        |grp_generic_tanh_float_s_fu_175  |generic_tanh_float_s  |       61|       61|  0.610 us|  0.610 us|    3|    3|      yes|
        +---------------------------------+----------------------+---------+---------+----------+----------+-----+-----+---------+

        * Loop: 
        +---------------------+----------+----------+----------+-----------+-----------+-------+----------+
        |                     |   Latency (cycles)  | Iteration|  Initiation Interval  |  Trip |          |
        |      Loop Name      |    min   |    max   |  Latency |  achieved |   target  | Count | Pipelined|
        +---------------------+----------+----------+----------+-----------+-----------+-------+----------+
        |- FC1_OUT            |  25481281|  25481281|    796290|          -|          -|     32|        no|
        | + VITIS_LOOP_270_1  |    796224|    796224|        11|          -|          -|  72384|        no|
        +---------------------+----------+----------+----------+-----------+-----------+-------+----------+



================================================================
== Utilization Estimates
================================================================
* Summary: 
+-----------------+---------+-----+--------+-------+-----+
|       Name      | BRAM_18K| DSP |   FF   |  LUT  | URAM|
+-----------------+---------+-----+--------+-------+-----+
|DSP              |        -|    -|       -|      -|    -|
|Expression       |        -|    -|       0|     82|    -|
|FIFO             |        -|    -|       -|      -|    -|
|Instance         |        5|   39|    6326|   5385|    -|
|Memory           |        -|    -|       -|      -|    -|
|Multiplexer      |        -|    -|       0|    564|    -|
|Register         |        -|    -|     299|      -|    -|
+-----------------+---------+-----+--------+-------+-----+
|Total            |        5|   39|    6625|   6031|    0|
+-----------------+---------+-----+--------+-------+-----+
|Available        |      270|  240|  126800|  63400|    0|
+-----------------+---------+-----+--------+-------+-----+
|Utilization (%)  |        1|   16|       5|      9|    0|
+-----------------+---------+-----+--------+-------+-----+

+ Detail: 
    * Instance: 
    +-----------------------------------------+------------------------------------+---------+----+------+------+-----+
    |                 Instance                |               Module               | BRAM_18K| DSP|  FF  |  LUT | URAM|
    +-----------------------------------------+------------------------------------+---------+----+------+------+-----+
    |faddfsub_32ns_32ns_32_5_full_dsp_1_U114  |faddfsub_32ns_32ns_32_5_full_dsp_1  |        0|   2|   205|   203|    0|
    |fmul_32ns_32ns_32_4_max_dsp_1_U115       |fmul_32ns_32ns_32_4_max_dsp_1       |        0|   3|   143|   134|    0|
    |grp_generic_tanh_float_s_fu_175          |generic_tanh_float_s                |        5|  34|  5978|  5048|    0|
    +-----------------------------------------+------------------------------------+---------+----+------+------+-----+
    |Total                                    |                                    |        5|  39|  6326|  5385|    0|
    +-----------------------------------------+------------------------------------+---------+----+------+------+-----+

    * DSP: 
    N/A

    * Memory: 
    N/A

    * FIFO: 
    N/A

    * Expression: 
    +----------------------+----------+----+---+----+------------+------------+
    |     Variable Name    | Operation| DSP| FF| LUT| Bitwidth P0| Bitwidth P1|
    +----------------------+----------+----+---+----+------------+------------+
    |add_ln267_fu_253_p2   |         +|   0|  0|  14|           6|           1|
    |add_ln270_fu_270_p2   |         +|   0|  0|  24|          17|           1|
    |ap_block_state10      |       and|   0|  0|   2|           1|           1|
    |icmp_ln267_fu_247_p2  |      icmp|   0|  0|  14|           6|           7|
    |icmp_ln270_fu_264_p2  |      icmp|   0|  0|  24|          17|          17|
    |ap_block_state1       |        or|   0|  0|   2|           1|           1|
    |ap_block_state1_io    |        or|   0|  0|   2|           1|           1|
    +----------------------+----------+----+---+----+------------+------------+
    |Total                 |          |   0|  0|  82|          49|          29|
    +----------------------+----------+----+---+----+------------+------------+

    * Multiplexer: 
    +-------------------+-----+-----------+-----+-----------+
    |        Name       | LUT | Input Size| Bits| Total Bits|
    +-------------------+-----+-----------+-----+-----------+
    |B3mem_blk_n_AR     |    9|          2|    1|          2|
    |B3mem_blk_n_R      |    9|          2|    1|          2|
    |W3mem_blk_n_AR     |    9|          2|    1|          2|
    |W3mem_blk_n_R      |    9|          2|    1|          2|
    |acc_1_reg_165      |    9|          2|   32|         64|
    |ap_NS_fsm          |  409|         85|    1|         85|
    |ap_done            |    9|          2|    1|          2|
    |grp_fu_188_ce      |    9|          2|    1|          2|
    |grp_fu_188_opcode  |   13|          3|    2|          6|
    |grp_fu_188_p0      |   13|          3|   32|         96|
    |grp_fu_188_p1      |   13|          3|   32|         96|
    |grp_fu_193_ce      |    9|          2|    1|          2|
    |grp_fu_193_p0      |   13|          3|   32|         96|
    |grp_fu_193_p1      |   13|          3|   32|         96|
    |i_reg_154          |    9|          2|   17|         34|
    |o_fu_88            |    9|          2|    6|         12|
    +-------------------+-----+-----------+-----+-----------+
    |Total              |  564|        120|  193|        599|
    +-------------------+-----+-----------+-----+-----------+

    * Register: 
    +----------------------------------------------+----+----+-----+-----------+
    |                     Name                     | FF | LUT| Bits| Const Bits|
    +----------------------------------------------+----+----+-----+-----------+
    |B3mem_addr_read_reg_320                       |  32|   0|   32|          0|
    |W3mem_addr_read_reg_353                       |  32|   0|   32|          0|
    |acc_1_reg_165                                 |  32|   0|   32|          0|
    |add_ln267_reg_315                             |   6|   0|    6|          0|
    |add_ln270_reg_338                             |  17|   0|   17|          0|
    |ap_CS_fsm                                     |  84|   0|   84|          0|
    |ap_done_reg                                   |   1|   0|    1|          0|
    |grp_generic_tanh_float_s_fu_175_ap_start_reg  |   1|   0|    1|          0|
    |i_reg_154                                     |  17|   0|   17|          0|
    |icmp_ln267_reg_311                            |   1|   0|    1|          0|
    |mul9_i_i_reg_363                              |  32|   0|   32|          0|
    |o_fu_88                                       |   6|   0|    6|          0|
    |vec1_load_reg_348                             |  32|   0|   32|          0|
    |zext_ln267_reg_325                            |   6|   0|   64|         58|
    +----------------------------------------------+----+----+-----+-----------+
    |Total                                         | 299|   0|  357|         58|
    +----------------------------------------------+----+----+-----+-----------+



================================================================
== Interface
================================================================
* Summary: 
+------------------------+-----+-----+------------+--------------+--------------+
|        RTL Ports       | Dir | Bits|  Protocol  | Source Object|    C Type    |
+------------------------+-----+-----+------------+--------------+--------------+
|ap_clk                  |   in|    1|  ap_ctrl_hs|           fc1|  return value|
|ap_rst                  |   in|    1|  ap_ctrl_hs|           fc1|  return value|
|ap_start                |   in|    1|  ap_ctrl_hs|           fc1|  return value|
|ap_done                 |  out|    1|  ap_ctrl_hs|           fc1|  return value|
|ap_continue             |   in|    1|  ap_ctrl_hs|           fc1|  return value|
|ap_idle                 |  out|    1|  ap_ctrl_hs|           fc1|  return value|
|ap_ready                |  out|    1|  ap_ctrl_hs|           fc1|  return value|
|m_axi_W3mem_0_AWVALID   |  out|    1|       m_axi|         W3mem|       pointer|
|m_axi_W3mem_0_AWREADY   |   in|    1|       m_axi|         W3mem|       pointer|
|m_axi_W3mem_0_AWADDR    |  out|   64|       m_axi|         W3mem|       pointer|
|m_axi_W3mem_0_AWID      |  out|    1|       m_axi|         W3mem|       pointer|
|m_axi_W3mem_0_AWLEN     |  out|   32|       m_axi|         W3mem|       pointer|
|m_axi_W3mem_0_AWSIZE    |  out|    3|       m_axi|         W3mem|       pointer|
|m_axi_W3mem_0_AWBURST   |  out|    2|       m_axi|         W3mem|       pointer|
|m_axi_W3mem_0_AWLOCK    |  out|    2|       m_axi|         W3mem|       pointer|
|m_axi_W3mem_0_AWCACHE   |  out|    4|       m_axi|         W3mem|       pointer|
|m_axi_W3mem_0_AWPROT    |  out|    3|       m_axi|         W3mem|       pointer|
|m_axi_W3mem_0_AWQOS     |  out|    4|       m_axi|         W3mem|       pointer|
|m_axi_W3mem_0_AWREGION  |  out|    4|       m_axi|         W3mem|       pointer|
|m_axi_W3mem_0_AWUSER    |  out|    1|       m_axi|         W3mem|       pointer|
|m_axi_W3mem_0_WVALID    |  out|    1|       m_axi|         W3mem|       pointer|
|m_axi_W3mem_0_WREADY    |   in|    1|       m_axi|         W3mem|       pointer|
|m_axi_W3mem_0_WDATA     |  out|   32|       m_axi|         W3mem|       pointer|
|m_axi_W3mem_0_WSTRB     |  out|    4|       m_axi|         W3mem|       pointer|
|m_axi_W3mem_0_WLAST     |  out|    1|       m_axi|         W3mem|       pointer|
|m_axi_W3mem_0_WID       |  out|    1|       m_axi|         W3mem|       pointer|
|m_axi_W3mem_0_WUSER     |  out|    1|       m_axi|         W3mem|       pointer|
|m_axi_W3mem_0_ARVALID   |  out|    1|       m_axi|         W3mem|       pointer|
|m_axi_W3mem_0_ARREADY   |   in|    1|       m_axi|         W3mem|       pointer|
|m_axi_W3mem_0_ARADDR    |  out|   64|       m_axi|         W3mem|       pointer|
|m_axi_W3mem_0_ARID      |  out|    1|       m_axi|         W3mem|       pointer|
|m_axi_W3mem_0_ARLEN     |  out|   32|       m_axi|         W3mem|       pointer|
|m_axi_W3mem_0_ARSIZE    |  out|    3|       m_axi|         W3mem|       pointer|
|m_axi_W3mem_0_ARBURST   |  out|    2|       m_axi|         W3mem|       pointer|
|m_axi_W3mem_0_ARLOCK    |  out|    2|       m_axi|         W3mem|       pointer|
|m_axi_W3mem_0_ARCACHE   |  out|    4|       m_axi|         W3mem|       pointer|
|m_axi_W3mem_0_ARPROT    |  out|    3|       m_axi|         W3mem|       pointer|
|m_axi_W3mem_0_ARQOS     |  out|    4|       m_axi|         W3mem|       pointer|
|m_axi_W3mem_0_ARREGION  |  out|    4|       m_axi|         W3mem|       pointer|
|m_axi_W3mem_0_ARUSER    |  out|    1|       m_axi|         W3mem|       pointer|
|m_axi_W3mem_0_RVALID    |   in|    1|       m_axi|         W3mem|       pointer|
|m_axi_W3mem_0_RREADY    |  out|    1|       m_axi|         W3mem|       pointer|
|m_axi_W3mem_0_RDATA     |   in|   32|       m_axi|         W3mem|       pointer|
|m_axi_W3mem_0_RLAST     |   in|    1|       m_axi|         W3mem|       pointer|
|m_axi_W3mem_0_RID       |   in|    1|       m_axi|         W3mem|       pointer|
|m_axi_W3mem_0_RFIFONUM  |   in|    9|       m_axi|         W3mem|       pointer|
|m_axi_W3mem_0_RUSER     |   in|    1|       m_axi|         W3mem|       pointer|
|m_axi_W3mem_0_RRESP     |   in|    2|       m_axi|         W3mem|       pointer|
|m_axi_W3mem_0_BVALID    |   in|    1|       m_axi|         W3mem|       pointer|
|m_axi_W3mem_0_BREADY    |  out|    1|       m_axi|         W3mem|       pointer|
|m_axi_W3mem_0_BRESP     |   in|    2|       m_axi|         W3mem|       pointer|
|m_axi_W3mem_0_BID       |   in|    1|       m_axi|         W3mem|       pointer|
|m_axi_W3mem_0_BUSER     |   in|    1|       m_axi|         W3mem|       pointer|
|FC1_W                   |   in|   64|     ap_none|         FC1_W|        scalar|
|m_axi_B3mem_0_AWVALID   |  out|    1|       m_axi|         B3mem|       pointer|
|m_axi_B3mem_0_AWREADY   |   in|    1|       m_axi|         B3mem|       pointer|
|m_axi_B3mem_0_AWADDR    |  out|   64|       m_axi|         B3mem|       pointer|
|m_axi_B3mem_0_AWID      |  out|    1|       m_axi|         B3mem|       pointer|
|m_axi_B3mem_0_AWLEN     |  out|   32|       m_axi|         B3mem|       pointer|
|m_axi_B3mem_0_AWSIZE    |  out|    3|       m_axi|         B3mem|       pointer|
|m_axi_B3mem_0_AWBURST   |  out|    2|       m_axi|         B3mem|       pointer|
|m_axi_B3mem_0_AWLOCK    |  out|    2|       m_axi|         B3mem|       pointer|
|m_axi_B3mem_0_AWCACHE   |  out|    4|       m_axi|         B3mem|       pointer|
|m_axi_B3mem_0_AWPROT    |  out|    3|       m_axi|         B3mem|       pointer|
|m_axi_B3mem_0_AWQOS     |  out|    4|       m_axi|         B3mem|       pointer|
|m_axi_B3mem_0_AWREGION  |  out|    4|       m_axi|         B3mem|       pointer|
|m_axi_B3mem_0_AWUSER    |  out|    1|       m_axi|         B3mem|       pointer|
|m_axi_B3mem_0_WVALID    |  out|    1|       m_axi|         B3mem|       pointer|
|m_axi_B3mem_0_WREADY    |   in|    1|       m_axi|         B3mem|       pointer|
|m_axi_B3mem_0_WDATA     |  out|   32|       m_axi|         B3mem|       pointer|
|m_axi_B3mem_0_WSTRB     |  out|    4|       m_axi|         B3mem|       pointer|
|m_axi_B3mem_0_WLAST     |  out|    1|       m_axi|         B3mem|       pointer|
|m_axi_B3mem_0_WID       |  out|    1|       m_axi|         B3mem|       pointer|
|m_axi_B3mem_0_WUSER     |  out|    1|       m_axi|         B3mem|       pointer|
|m_axi_B3mem_0_ARVALID   |  out|    1|       m_axi|         B3mem|       pointer|
|m_axi_B3mem_0_ARREADY   |   in|    1|       m_axi|         B3mem|       pointer|
|m_axi_B3mem_0_ARADDR    |  out|   64|       m_axi|         B3mem|       pointer|
|m_axi_B3mem_0_ARID      |  out|    1|       m_axi|         B3mem|       pointer|
|m_axi_B3mem_0_ARLEN     |  out|   32|       m_axi|         B3mem|       pointer|
|m_axi_B3mem_0_ARSIZE    |  out|    3|       m_axi|         B3mem|       pointer|
|m_axi_B3mem_0_ARBURST   |  out|    2|       m_axi|         B3mem|       pointer|
|m_axi_B3mem_0_ARLOCK    |  out|    2|       m_axi|         B3mem|       pointer|
|m_axi_B3mem_0_ARCACHE   |  out|    4|       m_axi|         B3mem|       pointer|
|m_axi_B3mem_0_ARPROT    |  out|    3|       m_axi|         B3mem|       pointer|
|m_axi_B3mem_0_ARQOS     |  out|    4|       m_axi|         B3mem|       pointer|
|m_axi_B3mem_0_ARREGION  |  out|    4|       m_axi|         B3mem|       pointer|
|m_axi_B3mem_0_ARUSER    |  out|    1|       m_axi|         B3mem|       pointer|
|m_axi_B3mem_0_RVALID    |   in|    1|       m_axi|         B3mem|       pointer|
|m_axi_B3mem_0_RREADY    |  out|    1|       m_axi|         B3mem|       pointer|
|m_axi_B3mem_0_RDATA     |   in|   32|       m_axi|         B3mem|       pointer|
|m_axi_B3mem_0_RLAST     |   in|    1|       m_axi|         B3mem|       pointer|
|m_axi_B3mem_0_RID       |   in|    1|       m_axi|         B3mem|       pointer|
|m_axi_B3mem_0_RFIFONUM  |   in|    9|       m_axi|         B3mem|       pointer|
|m_axi_B3mem_0_RUSER     |   in|    1|       m_axi|         B3mem|       pointer|
|m_axi_B3mem_0_RRESP     |   in|    2|       m_axi|         B3mem|       pointer|
|m_axi_B3mem_0_BVALID    |   in|    1|       m_axi|         B3mem|       pointer|
|m_axi_B3mem_0_BREADY    |  out|    1|       m_axi|         B3mem|       pointer|
|m_axi_B3mem_0_BRESP     |   in|    2|       m_axi|         B3mem|       pointer|
|m_axi_B3mem_0_BID       |   in|    1|       m_axi|         B3mem|       pointer|
|m_axi_B3mem_0_BUSER     |   in|    1|       m_axi|         B3mem|       pointer|
|FC1_B                   |   in|   64|     ap_none|         FC1_B|        scalar|
|vec1_address0           |  out|   17|   ap_memory|          vec1|         array|
|vec1_ce0                |  out|    1|   ap_memory|          vec1|         array|
|vec1_q0                 |   in|   32|   ap_memory|          vec1|         array|
|vec2_address0           |  out|    5|   ap_memory|          vec2|         array|
|vec2_ce0                |  out|    1|   ap_memory|          vec2|         array|
|vec2_we0                |  out|    1|   ap_memory|          vec2|         array|
|vec2_d0                 |  out|   32|   ap_memory|          vec2|         array|
+------------------------+-----+-----+------------+--------------+--------------+

============================================================
+ Verbose Summary: Synthesis Manager
============================================================
InlineROM: 1
ExposeGlobal: 0
============================================================
+ Verbose Summary: CDFG Model
============================================================
IsTopModel: 0
ResetActiveHigh: 1
IsCombinational: 2
IsDatapathOnly: 0
HasWiredReturn: 1
HasMFsm: 0
HasVarLatency: 1
IsPipeline: 0
IsRtlPipelined: 0
IsInstanceOverlapped: 0
IsDontTouch: 0
HasImplIP: 0
IsGatedGlobalClock: 0


============================================================
+ Verbose Summary: Schedule
============================================================
* Number of FSM states : 84
* Pipeline : 0
* Dataflow Pipeline: 0

* FSM state transitions: 
1 --> 2 
2 --> 3 
3 --> 4 
4 --> 5 
5 --> 6 
6 --> 7 
7 --> 8 
8 --> 9 
9 --> 10 
10 --> 11 
11 --> 12 
12 --> 13 23 
13 --> 14 
14 --> 15 
15 --> 16 
16 --> 17 
17 --> 18 
18 --> 19 
19 --> 20 
20 --> 21 
21 --> 22 
22 --> 12 
23 --> 24 
24 --> 25 
25 --> 26 
26 --> 27 
27 --> 28 
28 --> 29 
29 --> 30 
30 --> 31 
31 --> 32 
32 --> 33 
33 --> 34 
34 --> 35 
35 --> 36 
36 --> 37 
37 --> 38 
38 --> 39 
39 --> 40 
40 --> 41 
41 --> 42 
42 --> 43 
43 --> 44 
44 --> 45 
45 --> 46 
46 --> 47 
47 --> 48 
48 --> 49 
49 --> 50 
50 --> 51 
51 --> 52 
52 --> 53 
53 --> 54 
54 --> 55 
55 --> 56 
56 --> 57 
57 --> 58 
58 --> 59 
59 --> 60 
60 --> 61 
61 --> 62 
62 --> 63 
63 --> 64 
64 --> 65 
65 --> 66 
66 --> 67 
67 --> 68 
68 --> 69 
69 --> 70 
70 --> 71 
71 --> 72 
72 --> 73 
73 --> 74 
74 --> 75 
75 --> 76 
76 --> 77 
77 --> 78 
78 --> 79 
79 --> 80 
80 --> 81 
81 --> 82 
82 --> 83 
83 --> 84 
84 --> 9 

* FSM state operations: 

State 1 <SV = 0> <Delay = 7.30>
ST_1 : Operation 85 [1/1] (0.00ns)   --->   "%o = alloca i32 1" [../hls_files/conv_pool.cpp:267->../hls_files/conv_pool.cpp:129]   --->   Operation 85 'alloca' 'o' <Predicate = true> <Delay = 0.00>
ST_1 : Operation 86 [1/1] (0.00ns)   --->   "%FC1_B_read = read i64 @_ssdm_op_Read.ap_auto.i64, i64 %FC1_B" [../hls_files/conv_pool.cpp:264->../hls_files/conv_pool.cpp:129]   --->   Operation 86 'read' 'FC1_B_read' <Predicate = true> <Delay = 0.00>
ST_1 : Operation 87 [1/1] (0.00ns)   --->   "%FC1_W_read = read i64 @_ssdm_op_Read.ap_auto.i64, i64 %FC1_W" [../hls_files/conv_pool.cpp:264->../hls_files/conv_pool.cpp:129]   --->   Operation 87 'read' 'FC1_W_read' <Predicate = true> <Delay = 0.00>
ST_1 : Operation 88 [1/1] (0.00ns)   --->   "%trunc_ln = partselect i62 @_ssdm_op_PartSelect.i62.i64.i32.i32, i64 %FC1_W_read, i32 2, i32 63" [../hls_files/conv_pool.cpp:267->../hls_files/conv_pool.cpp:129]   --->   Operation 88 'partselect' 'trunc_ln' <Predicate = true> <Delay = 0.00>
ST_1 : Operation 89 [1/1] (0.00ns)   --->   "%sext_ln267 = sext i62 %trunc_ln" [../hls_files/conv_pool.cpp:267->../hls_files/conv_pool.cpp:129]   --->   Operation 89 'sext' 'sext_ln267' <Predicate = true> <Delay = 0.00>
ST_1 : Operation 90 [1/1] (0.00ns)   --->   "%W3mem_addr = getelementptr i32 %W3mem, i64 %sext_ln267" [../hls_files/conv_pool.cpp:267->../hls_files/conv_pool.cpp:129]   --->   Operation 90 'getelementptr' 'W3mem_addr' <Predicate = true> <Delay = 0.00>
ST_1 : Operation 91 [8/8] (7.30ns)   --->   "%empty = readreq i1 @_ssdm_op_ReadReq.m_axi.p1i32, i64 %W3mem_addr, i64 2316288" [../hls_files/conv_pool.cpp:267->../hls_files/conv_pool.cpp:129]   --->   Operation 91 'readreq' 'empty' <Predicate = true> <Delay = 7.30> <CoreInst = "m_axi">   --->   Core 111 'm_axi' <Latency = 6> <II = 1> <Delay = 1.00> <Adapter> <Opcode : 'read' 'write' 'readreq' 'writereq' 'writeresp'>
ST_1 : Operation 92 [1/1] (0.00ns)   --->   "%trunc_ln267_1 = partselect i62 @_ssdm_op_PartSelect.i62.i64.i32.i32, i64 %FC1_B_read, i32 2, i32 63" [../hls_files/conv_pool.cpp:267->../hls_files/conv_pool.cpp:129]   --->   Operation 92 'partselect' 'trunc_ln267_1' <Predicate = true> <Delay = 0.00>
ST_1 : Operation 93 [1/1] (0.00ns)   --->   "%sext_ln267_1 = sext i62 %trunc_ln267_1" [../hls_files/conv_pool.cpp:267->../hls_files/conv_pool.cpp:129]   --->   Operation 93 'sext' 'sext_ln267_1' <Predicate = true> <Delay = 0.00>
ST_1 : Operation 94 [1/1] (0.00ns)   --->   "%B3mem_addr = getelementptr i32 %B3mem, i64 %sext_ln267_1" [../hls_files/conv_pool.cpp:267->../hls_files/conv_pool.cpp:129]   --->   Operation 94 'getelementptr' 'B3mem_addr' <Predicate = true> <Delay = 0.00>
ST_1 : Operation 95 [8/8] (7.30ns)   --->   "%empty_66 = readreq i1 @_ssdm_op_ReadReq.m_axi.p1i32, i64 %B3mem_addr, i64 32" [../hls_files/conv_pool.cpp:267->../hls_files/conv_pool.cpp:129]   --->   Operation 95 'readreq' 'empty_66' <Predicate = true> <Delay = 7.30> <CoreInst = "m_axi">   --->   Core 111 'm_axi' <Latency = 6> <II = 1> <Delay = 1.00> <Adapter> <Opcode : 'read' 'write' 'readreq' 'writereq' 'writeresp'>
ST_1 : Operation 96 [1/1] (1.32ns)   --->   "%store_ln267 = store i6 0, i6 %o" [../hls_files/conv_pool.cpp:267->../hls_files/conv_pool.cpp:129]   --->   Operation 96 'store' 'store_ln267' <Predicate = true> <Delay = 1.32>

State 2 <SV = 1> <Delay = 7.30>
ST_2 : Operation 97 [7/8] (7.30ns)   --->   "%empty = readreq i1 @_ssdm_op_ReadReq.m_axi.p1i32, i64 %W3mem_addr, i64 2316288" [../hls_files/conv_pool.cpp:267->../hls_files/conv_pool.cpp:129]   --->   Operation 97 'readreq' 'empty' <Predicate = true> <Delay = 7.30> <CoreInst = "m_axi">   --->   Core 111 'm_axi' <Latency = 6> <II = 1> <Delay = 1.00> <Adapter> <Opcode : 'read' 'write' 'readreq' 'writereq' 'writeresp'>
ST_2 : Operation 98 [7/8] (7.30ns)   --->   "%empty_66 = readreq i1 @_ssdm_op_ReadReq.m_axi.p1i32, i64 %B3mem_addr, i64 32" [../hls_files/conv_pool.cpp:267->../hls_files/conv_pool.cpp:129]   --->   Operation 98 'readreq' 'empty_66' <Predicate = true> <Delay = 7.30> <CoreInst = "m_axi">   --->   Core 111 'm_axi' <Latency = 6> <II = 1> <Delay = 1.00> <Adapter> <Opcode : 'read' 'write' 'readreq' 'writereq' 'writeresp'>

State 3 <SV = 2> <Delay = 7.30>
ST_3 : Operation 99 [6/8] (7.30ns)   --->   "%empty = readreq i1 @_ssdm_op_ReadReq.m_axi.p1i32, i64 %W3mem_addr, i64 2316288" [../hls_files/conv_pool.cpp:267->../hls_files/conv_pool.cpp:129]   --->   Operation 99 'readreq' 'empty' <Predicate = true> <Delay = 7.30> <CoreInst = "m_axi">   --->   Core 111 'm_axi' <Latency = 6> <II = 1> <Delay = 1.00> <Adapter> <Opcode : 'read' 'write' 'readreq' 'writereq' 'writeresp'>
ST_3 : Operation 100 [6/8] (7.30ns)   --->   "%empty_66 = readreq i1 @_ssdm_op_ReadReq.m_axi.p1i32, i64 %B3mem_addr, i64 32" [../hls_files/conv_pool.cpp:267->../hls_files/conv_pool.cpp:129]   --->   Operation 100 'readreq' 'empty_66' <Predicate = true> <Delay = 7.30> <CoreInst = "m_axi">   --->   Core 111 'm_axi' <Latency = 6> <II = 1> <Delay = 1.00> <Adapter> <Opcode : 'read' 'write' 'readreq' 'writereq' 'writeresp'>

State 4 <SV = 3> <Delay = 7.30>
ST_4 : Operation 101 [5/8] (7.30ns)   --->   "%empty = readreq i1 @_ssdm_op_ReadReq.m_axi.p1i32, i64 %W3mem_addr, i64 2316288" [../hls_files/conv_pool.cpp:267->../hls_files/conv_pool.cpp:129]   --->   Operation 101 'readreq' 'empty' <Predicate = true> <Delay = 7.30> <CoreInst = "m_axi">   --->   Core 111 'm_axi' <Latency = 6> <II = 1> <Delay = 1.00> <Adapter> <Opcode : 'read' 'write' 'readreq' 'writereq' 'writeresp'>
ST_4 : Operation 102 [5/8] (7.30ns)   --->   "%empty_66 = readreq i1 @_ssdm_op_ReadReq.m_axi.p1i32, i64 %B3mem_addr, i64 32" [../hls_files/conv_pool.cpp:267->../hls_files/conv_pool.cpp:129]   --->   Operation 102 'readreq' 'empty_66' <Predicate = true> <Delay = 7.30> <CoreInst = "m_axi">   --->   Core 111 'm_axi' <Latency = 6> <II = 1> <Delay = 1.00> <Adapter> <Opcode : 'read' 'write' 'readreq' 'writereq' 'writeresp'>

State 5 <SV = 4> <Delay = 7.30>
ST_5 : Operation 103 [4/8] (7.30ns)   --->   "%empty = readreq i1 @_ssdm_op_ReadReq.m_axi.p1i32, i64 %W3mem_addr, i64 2316288" [../hls_files/conv_pool.cpp:267->../hls_files/conv_pool.cpp:129]   --->   Operation 103 'readreq' 'empty' <Predicate = true> <Delay = 7.30> <CoreInst = "m_axi">   --->   Core 111 'm_axi' <Latency = 6> <II = 1> <Delay = 1.00> <Adapter> <Opcode : 'read' 'write' 'readreq' 'writereq' 'writeresp'>
ST_5 : Operation 104 [4/8] (7.30ns)   --->   "%empty_66 = readreq i1 @_ssdm_op_ReadReq.m_axi.p1i32, i64 %B3mem_addr, i64 32" [../hls_files/conv_pool.cpp:267->../hls_files/conv_pool.cpp:129]   --->   Operation 104 'readreq' 'empty_66' <Predicate = true> <Delay = 7.30> <CoreInst = "m_axi">   --->   Core 111 'm_axi' <Latency = 6> <II = 1> <Delay = 1.00> <Adapter> <Opcode : 'read' 'write' 'readreq' 'writereq' 'writeresp'>

State 6 <SV = 5> <Delay = 7.30>
ST_6 : Operation 105 [3/8] (7.30ns)   --->   "%empty = readreq i1 @_ssdm_op_ReadReq.m_axi.p1i32, i64 %W3mem_addr, i64 2316288" [../hls_files/conv_pool.cpp:267->../hls_files/conv_pool.cpp:129]   --->   Operation 105 'readreq' 'empty' <Predicate = true> <Delay = 7.30> <CoreInst = "m_axi">   --->   Core 111 'm_axi' <Latency = 6> <II = 1> <Delay = 1.00> <Adapter> <Opcode : 'read' 'write' 'readreq' 'writereq' 'writeresp'>
ST_6 : Operation 106 [3/8] (7.30ns)   --->   "%empty_66 = readreq i1 @_ssdm_op_ReadReq.m_axi.p1i32, i64 %B3mem_addr, i64 32" [../hls_files/conv_pool.cpp:267->../hls_files/conv_pool.cpp:129]   --->   Operation 106 'readreq' 'empty_66' <Predicate = true> <Delay = 7.30> <CoreInst = "m_axi">   --->   Core 111 'm_axi' <Latency = 6> <II = 1> <Delay = 1.00> <Adapter> <Opcode : 'read' 'write' 'readreq' 'writereq' 'writeresp'>

State 7 <SV = 6> <Delay = 7.30>
ST_7 : Operation 107 [2/8] (7.30ns)   --->   "%empty = readreq i1 @_ssdm_op_ReadReq.m_axi.p1i32, i64 %W3mem_addr, i64 2316288" [../hls_files/conv_pool.cpp:267->../hls_files/conv_pool.cpp:129]   --->   Operation 107 'readreq' 'empty' <Predicate = true> <Delay = 7.30> <CoreInst = "m_axi">   --->   Core 111 'm_axi' <Latency = 6> <II = 1> <Delay = 1.00> <Adapter> <Opcode : 'read' 'write' 'readreq' 'writereq' 'writeresp'>
ST_7 : Operation 108 [2/8] (7.30ns)   --->   "%empty_66 = readreq i1 @_ssdm_op_ReadReq.m_axi.p1i32, i64 %B3mem_addr, i64 32" [../hls_files/conv_pool.cpp:267->../hls_files/conv_pool.cpp:129]   --->   Operation 108 'readreq' 'empty_66' <Predicate = true> <Delay = 7.30> <CoreInst = "m_axi">   --->   Core 111 'm_axi' <Latency = 6> <II = 1> <Delay = 1.00> <Adapter> <Opcode : 'read' 'write' 'readreq' 'writereq' 'writeresp'>

State 8 <SV = 7> <Delay = 7.30>
ST_8 : Operation 109 [1/1] (0.00ns)   --->   "%specinterface_ln0 = specinterface void @_ssdm_op_SpecInterface, i32 %B3mem, void @empty_0, i32 0, i32 0, void @empty_17, i32 0, i32 32, void @empty_15, void @empty_10, void @empty_17, i32 16, i32 16, i32 16, i32 16, void @empty_17, void @empty_17, i32 4294967295, i32 0, i32 0"   --->   Operation 109 'specinterface' 'specinterface_ln0' <Predicate = true> <Delay = 0.00>
ST_8 : Operation 110 [1/1] (0.00ns)   --->   "%specinterface_ln0 = specinterface void @_ssdm_op_SpecInterface, i32 %W3mem, void @empty_0, i32 0, i32 0, void @empty_17, i32 0, i32 2316288, void @empty_14, void @empty_10, void @empty_17, i32 16, i32 16, i32 16, i32 16, void @empty_17, void @empty_17, i32 4294967295, i32 0, i32 0"   --->   Operation 110 'specinterface' 'specinterface_ln0' <Predicate = true> <Delay = 0.00>
ST_8 : Operation 111 [1/8] (7.30ns)   --->   "%empty = readreq i1 @_ssdm_op_ReadReq.m_axi.p1i32, i64 %W3mem_addr, i64 2316288" [../hls_files/conv_pool.cpp:267->../hls_files/conv_pool.cpp:129]   --->   Operation 111 'readreq' 'empty' <Predicate = true> <Delay = 7.30> <CoreInst = "m_axi">   --->   Core 111 'm_axi' <Latency = 6> <II = 1> <Delay = 1.00> <Adapter> <Opcode : 'read' 'write' 'readreq' 'writereq' 'writeresp'>
ST_8 : Operation 112 [1/8] (7.30ns)   --->   "%empty_66 = readreq i1 @_ssdm_op_ReadReq.m_axi.p1i32, i64 %B3mem_addr, i64 32" [../hls_files/conv_pool.cpp:267->../hls_files/conv_pool.cpp:129]   --->   Operation 112 'readreq' 'empty_66' <Predicate = true> <Delay = 7.30> <CoreInst = "m_axi">   --->   Core 111 'm_axi' <Latency = 6> <II = 1> <Delay = 1.00> <Adapter> <Opcode : 'read' 'write' 'readreq' 'writereq' 'writeresp'>
ST_8 : Operation 113 [1/1] (0.00ns)   --->   "%br_ln267 = br void %VITIS_LOOP_270_1.i.i" [../hls_files/conv_pool.cpp:267->../hls_files/conv_pool.cpp:129]   --->   Operation 113 'br' 'br_ln267' <Predicate = true> <Delay = 0.00>

State 9 <SV = 8> <Delay = 1.60>
ST_9 : Operation 114 [1/1] (0.00ns)   --->   "%o_1 = load i6 %o" [../hls_files/conv_pool.cpp:267->../hls_files/conv_pool.cpp:129]   --->   Operation 114 'load' 'o_1' <Predicate = true> <Delay = 0.00>
ST_9 : Operation 115 [1/1] (1.60ns)   --->   "%icmp_ln267 = icmp_eq  i6 %o_1, i6 32" [../hls_files/conv_pool.cpp:267->../hls_files/conv_pool.cpp:129]   --->   Operation 115 'icmp' 'icmp_ln267' <Predicate = true> <Delay = 1.60> <CoreInst = "Cmp">   --->   Core 9 'Cmp' <Latency = 0> <II = 1> <Delay = 1.66> <FuncUnit> <Opcode : 'seteq' 'setne' 'setle' 'setge' 'setlt' 'setgt'> <InPorts = 2> <OutPorts = 1>

State 10 <SV = 9> <Delay = 7.30>
ST_10 : Operation 116 [1/1] (1.60ns)   --->   "%add_ln267 = add i6 %o_1, i6 1" [../hls_files/conv_pool.cpp:267->../hls_files/conv_pool.cpp:129]   --->   Operation 116 'add' 'add_ln267' <Predicate = true> <Delay = 1.60> <CoreInst = "Adder">   --->   Core 1 'Adder' <Latency = 0> <II = 1> <Delay = 1.60> <FuncUnit> <Opcode : 'add' 'sub'> <InPorts = 2> <OutPorts = 1>
ST_10 : Operation 117 [1/1] (0.00ns)   --->   "%br_ln267 = br i1 %icmp_ln267, void %VITIS_LOOP_270_1.split.i.i, void %fc1.exit" [../hls_files/conv_pool.cpp:267->../hls_files/conv_pool.cpp:129]   --->   Operation 117 'br' 'br_ln267' <Predicate = true> <Delay = 0.00>
ST_10 : Operation 118 [1/1] (7.30ns)   --->   "%B3mem_addr_read = read i32 @_ssdm_op_Read.m_axi.p1i32, i64 %B3mem_addr" [../hls_files/conv_pool.cpp:269->../hls_files/conv_pool.cpp:129]   --->   Operation 118 'read' 'B3mem_addr_read' <Predicate = (!icmp_ln267)> <Delay = 7.30> <CoreInst = "m_axi">   --->   Core 111 'm_axi' <Latency = 3> <II = 1> <Delay = 1.00> <Adapter> <Opcode : 'read' 'write' 'readreq' 'writereq' 'writeresp'>
ST_10 : Operation 119 [1/1] (0.00ns)   --->   "%ret_ln0 = ret"   --->   Operation 119 'ret' 'ret_ln0' <Predicate = (icmp_ln267)> <Delay = 0.00>

State 11 <SV = 10> <Delay = 1.32>
ST_11 : Operation 120 [1/1] (0.00ns)   --->   "%zext_ln267 = zext i6 %o_1" [../hls_files/conv_pool.cpp:267->../hls_files/conv_pool.cpp:129]   --->   Operation 120 'zext' 'zext_ln267' <Predicate = true> <Delay = 0.00>
ST_11 : Operation 121 [1/1] (0.00ns)   --->   "%specpipeline_ln268 = specpipeline void @_ssdm_op_SpecPipeline, i32 3, i32 0, i32 0, i32 0, void @empty_17" [../hls_files/conv_pool.cpp:268->../hls_files/conv_pool.cpp:129]   --->   Operation 121 'specpipeline' 'specpipeline_ln268' <Predicate = true> <Delay = 0.00>
ST_11 : Operation 122 [1/1] (0.00ns)   --->   "%speclooptripcount_ln267 = speclooptripcount void @_ssdm_op_SpecLoopTripCount, i64 32, i64 32, i64 32" [../hls_files/conv_pool.cpp:267->../hls_files/conv_pool.cpp:129]   --->   Operation 122 'speclooptripcount' 'speclooptripcount_ln267' <Predicate = true> <Delay = 0.00>
ST_11 : Operation 123 [1/1] (0.00ns)   --->   "%specloopname_ln267 = specloopname void @_ssdm_op_SpecLoopName, void @empty_5" [../hls_files/conv_pool.cpp:267->../hls_files/conv_pool.cpp:129]   --->   Operation 123 'specloopname' 'specloopname_ln267' <Predicate = true> <Delay = 0.00>
ST_11 : Operation 124 [1/1] (0.00ns)   --->   "%acc = bitcast i32 %B3mem_addr_read" [../hls_files/conv_pool.cpp:269->../hls_files/conv_pool.cpp:129]   --->   Operation 124 'bitcast' 'acc' <Predicate = true> <Delay = 0.00>
ST_11 : Operation 125 [1/1] (1.32ns)   --->   "%br_ln270 = br void %for.inc.i.i" [../hls_files/conv_pool.cpp:270->../hls_files/conv_pool.cpp:129]   --->   Operation 125 'br' 'br_ln270' <Predicate = true> <Delay = 1.32>

State 12 <SV = 11> <Delay = 3.18>
ST_12 : Operation 126 [1/1] (0.00ns)   --->   "%i = phi i17 0, void %VITIS_LOOP_270_1.split.i.i, i17 %add_ln270, void %for.inc.split.i.i" [../hls_files/conv_pool.cpp:270->../hls_files/conv_pool.cpp:129]   --->   Operation 126 'phi' 'i' <Predicate = true> <Delay = 0.00>
ST_12 : Operation 127 [1/1] (0.00ns)   --->   "%acc_1 = phi i32 %acc, void %VITIS_LOOP_270_1.split.i.i, i32 %acc_2, void %for.inc.split.i.i"   --->   Operation 127 'phi' 'acc_1' <Predicate = true> <Delay = 0.00>
ST_12 : Operation 128 [1/1] (1.86ns)   --->   "%icmp_ln270 = icmp_eq  i17 %i, i17 72384" [../hls_files/conv_pool.cpp:270->../hls_files/conv_pool.cpp:129]   --->   Operation 128 'icmp' 'icmp_ln270' <Predicate = true> <Delay = 1.86> <CoreInst = "Cmp">   --->   Core 9 'Cmp' <Latency = 0> <II = 1> <Delay = 1.86> <FuncUnit> <Opcode : 'seteq' 'setne' 'setle' 'setge' 'setlt' 'setgt'> <InPorts = 2> <OutPorts = 1>
ST_12 : Operation 129 [1/1] (1.86ns)   --->   "%add_ln270 = add i17 %i, i17 1" [../hls_files/conv_pool.cpp:270->../hls_files/conv_pool.cpp:129]   --->   Operation 129 'add' 'add_ln270' <Predicate = true> <Delay = 1.86> <CoreInst = "Adder">   --->   Core 1 'Adder' <Latency = 0> <II = 1> <Delay = 1.86> <FuncUnit> <Opcode : 'add' 'sub'> <InPorts = 2> <OutPorts = 1>
ST_12 : Operation 130 [1/1] (0.00ns)   --->   "%speclooptripcount_ln0 = speclooptripcount void @_ssdm_op_SpecLoopTripCount, i64 72384, i64 72384, i64 72384"   --->   Operation 130 'speclooptripcount' 'speclooptripcount_ln0' <Predicate = true> <Delay = 0.00>
ST_12 : Operation 131 [1/1] (0.00ns)   --->   "%br_ln270 = br i1 %icmp_ln270, void %for.inc.split.i.i, void %for.inc13.i.i" [../hls_files/conv_pool.cpp:270->../hls_files/conv_pool.cpp:129]   --->   Operation 131 'br' 'br_ln270' <Predicate = true> <Delay = 0.00>
ST_12 : Operation 132 [1/1] (0.00ns)   --->   "%zext_ln270 = zext i17 %i" [../hls_files/conv_pool.cpp:270->../hls_files/conv_pool.cpp:129]   --->   Operation 132 'zext' 'zext_ln270' <Predicate = (!icmp_ln270)> <Delay = 0.00>
ST_12 : Operation 133 [1/1] (0.00ns)   --->   "%vec1_addr = getelementptr i32 %vec1, i64 0, i64 %zext_ln270" [../hls_files/conv_pool.cpp:272->../hls_files/conv_pool.cpp:129]   --->   Operation 133 'getelementptr' 'vec1_addr' <Predicate = (!icmp_ln270)> <Delay = 0.00>
ST_12 : Operation 134 [2/2] (2.77ns)   --->   "%vec1_load = load i17 %vec1_addr" [../hls_files/conv_pool.cpp:272->../hls_files/conv_pool.cpp:129]   --->   Operation 134 'load' 'vec1_load' <Predicate = (!icmp_ln270)> <Delay = 2.77> <CoreInst = "RAM">   --->   Core 81 'RAM' <Latency = 1> <II = 1> <Delay = 2.77> <Storage> <Opcode : 'load' 'store'> <Ports = 2> <Width = 32> <Depth = 72384> <RAM>
ST_12 : Operation 135 [1/1] (1.32ns)   --->   "%store_ln267 = store i6 %add_ln267, i6 %o" [../hls_files/conv_pool.cpp:267->../hls_files/conv_pool.cpp:129]   --->   Operation 135 'store' 'store_ln267' <Predicate = (icmp_ln270)> <Delay = 1.32>

State 13 <SV = 12> <Delay = 7.30>
ST_13 : Operation 136 [1/2] ( I:2.77ns O:2.77ns )   --->   "%vec1_load = load i17 %vec1_addr" [../hls_files/conv_pool.cpp:272->../hls_files/conv_pool.cpp:129]   --->   Operation 136 'load' 'vec1_load' <Predicate = true> <Delay = 2.77> <CoreInst = "RAM">   --->   Core 81 'RAM' <Latency = 1> <II = 1> <Delay = 2.77> <Storage> <Opcode : 'load' 'store'> <Ports = 2> <Width = 32> <Depth = 72384> <RAM>
ST_13 : Operation 137 [1/1] (7.30ns)   --->   "%W3mem_addr_read = read i32 @_ssdm_op_Read.m_axi.p1i32, i64 %W3mem_addr" [../hls_files/conv_pool.cpp:272->../hls_files/conv_pool.cpp:129]   --->   Operation 137 'read' 'W3mem_addr_read' <Predicate = true> <Delay = 7.30> <CoreInst = "m_axi">   --->   Core 111 'm_axi' <Latency = 3> <II = 1> <Delay = 1.00> <Adapter> <Opcode : 'read' 'write' 'readreq' 'writereq' 'writeresp'>

State 14 <SV = 13> <Delay = 5.00>
ST_14 : Operation 138 [1/1] (0.00ns)   --->   "%bitcast_ln272 = bitcast i32 %W3mem_addr_read" [../hls_files/conv_pool.cpp:272->../hls_files/conv_pool.cpp:129]   --->   Operation 138 'bitcast' 'bitcast_ln272' <Predicate = true> <Delay = 0.00>
ST_14 : Operation 139 [4/4] (5.00ns)   --->   "%mul9_i_i = fmul i32 %vec1_load, i32 %bitcast_ln272" [../hls_files/conv_pool.cpp:272->../hls_files/conv_pool.cpp:129]   --->   Operation 139 'fmul' 'mul9_i_i' <Predicate = true> <Delay = 5.00> <CoreInst = "FMul_maxdsp">   --->   Core 30 'FMul_maxdsp' <Latency = 3> <II = 1> <Delay = 5.00> <FuncUnit> <Opcode : 'fmul'> <InPorts = 2> <OutPorts = 1>

State 15 <SV = 14> <Delay = 5.00>
ST_15 : Operation 140 [3/4] (5.00ns)   --->   "%mul9_i_i = fmul i32 %vec1_load, i32 %bitcast_ln272" [../hls_files/conv_pool.cpp:272->../hls_files/conv_pool.cpp:129]   --->   Operation 140 'fmul' 'mul9_i_i' <Predicate = true> <Delay = 5.00> <CoreInst = "FMul_maxdsp">   --->   Core 30 'FMul_maxdsp' <Latency = 3> <II = 1> <Delay = 5.00> <FuncUnit> <Opcode : 'fmul'> <InPorts = 2> <OutPorts = 1>

State 16 <SV = 15> <Delay = 5.00>
ST_16 : Operation 141 [2/4] (5.00ns)   --->   "%mul9_i_i = fmul i32 %vec1_load, i32 %bitcast_ln272" [../hls_files/conv_pool.cpp:272->../hls_files/conv_pool.cpp:129]   --->   Operation 141 'fmul' 'mul9_i_i' <Predicate = true> <Delay = 5.00> <CoreInst = "FMul_maxdsp">   --->   Core 30 'FMul_maxdsp' <Latency = 3> <II = 1> <Delay = 5.00> <FuncUnit> <Opcode : 'fmul'> <InPorts = 2> <OutPorts = 1>

State 17 <SV = 16> <Delay = 5.00>
ST_17 : Operation 142 [1/4] (5.00ns)   --->   "%mul9_i_i = fmul i32 %vec1_load, i32 %bitcast_ln272" [../hls_files/conv_pool.cpp:272->../hls_files/conv_pool.cpp:129]   --->   Operation 142 'fmul' 'mul9_i_i' <Predicate = true> <Delay = 5.00> <CoreInst = "FMul_maxdsp">   --->   Core 30 'FMul_maxdsp' <Latency = 3> <II = 1> <Delay = 5.00> <FuncUnit> <Opcode : 'fmul'> <InPorts = 2> <OutPorts = 1>

State 18 <SV = 17> <Delay = 6.51>
ST_18 : Operation 143 [5/5] (6.51ns)   --->   "%acc_2 = fadd i32 %acc_1, i32 %mul9_i_i" [../hls_files/conv_pool.cpp:272->../hls_files/conv_pool.cpp:129]   --->   Operation 143 'fadd' 'acc_2' <Predicate = true> <Delay = 6.51> <CoreInst = "FAddSub_fulldsp">   --->   Core 18 'FAddSub_fulldsp' <Latency = 4> <II = 1> <Delay = 6.51> <FuncUnit> <Opcode : 'fadd' 'fsub'> <InPorts = 2> <OutPorts = 1>

State 19 <SV = 18> <Delay = 6.51>
ST_19 : Operation 144 [4/5] (6.51ns)   --->   "%acc_2 = fadd i32 %acc_1, i32 %mul9_i_i" [../hls_files/conv_pool.cpp:272->../hls_files/conv_pool.cpp:129]   --->   Operation 144 'fadd' 'acc_2' <Predicate = true> <Delay = 6.51> <CoreInst = "FAddSub_fulldsp">   --->   Core 18 'FAddSub_fulldsp' <Latency = 4> <II = 1> <Delay = 6.51> <FuncUnit> <Opcode : 'fadd' 'fsub'> <InPorts = 2> <OutPorts = 1>

State 20 <SV = 19> <Delay = 6.51>
ST_20 : Operation 145 [3/5] (6.51ns)   --->   "%acc_2 = fadd i32 %acc_1, i32 %mul9_i_i" [../hls_files/conv_pool.cpp:272->../hls_files/conv_pool.cpp:129]   --->   Operation 145 'fadd' 'acc_2' <Predicate = true> <Delay = 6.51> <CoreInst = "FAddSub_fulldsp">   --->   Core 18 'FAddSub_fulldsp' <Latency = 4> <II = 1> <Delay = 6.51> <FuncUnit> <Opcode : 'fadd' 'fsub'> <InPorts = 2> <OutPorts = 1>

State 21 <SV = 20> <Delay = 6.51>
ST_21 : Operation 146 [2/5] (6.51ns)   --->   "%acc_2 = fadd i32 %acc_1, i32 %mul9_i_i" [../hls_files/conv_pool.cpp:272->../hls_files/conv_pool.cpp:129]   --->   Operation 146 'fadd' 'acc_2' <Predicate = true> <Delay = 6.51> <CoreInst = "FAddSub_fulldsp">   --->   Core 18 'FAddSub_fulldsp' <Latency = 4> <II = 1> <Delay = 6.51> <FuncUnit> <Opcode : 'fadd' 'fsub'> <InPorts = 2> <OutPorts = 1>

State 22 <SV = 21> <Delay = 6.51>
ST_22 : Operation 147 [1/1] (0.00ns)   --->   "%specloopname_ln270 = specloopname void @_ssdm_op_SpecLoopName, void @empty_4" [../hls_files/conv_pool.cpp:270->../hls_files/conv_pool.cpp:129]   --->   Operation 147 'specloopname' 'specloopname_ln270' <Predicate = true> <Delay = 0.00>
ST_22 : Operation 148 [1/5] (6.51ns)   --->   "%acc_2 = fadd i32 %acc_1, i32 %mul9_i_i" [../hls_files/conv_pool.cpp:272->../hls_files/conv_pool.cpp:129]   --->   Operation 148 'fadd' 'acc_2' <Predicate = true> <Delay = 6.51> <CoreInst = "FAddSub_fulldsp">   --->   Core 18 'FAddSub_fulldsp' <Latency = 4> <II = 1> <Delay = 6.51> <FuncUnit> <Opcode : 'fadd' 'fsub'> <InPorts = 2> <OutPorts = 1>
ST_22 : Operation 149 [1/1] (0.00ns)   --->   "%br_ln270 = br void %for.inc.i.i" [../hls_files/conv_pool.cpp:270->../hls_files/conv_pool.cpp:129]   --->   Operation 149 'br' 'br_ln270' <Predicate = true> <Delay = 0.00>

State 23 <SV = 12> <Delay = 6.51>
ST_23 : Operation 150 [62/62] (6.51ns)   --->   "%tmp_i = call i32 @generic_tanh<float>, i32 %acc_1, i58 %table_exp_Z1_ap_ufixed_58_1_ap_q_mode_5_ap_o_mode_3_0_array, i26 %table_f_Z3_ap_ufixed_59_0_ap_q_mode_5_ap_o_mode_3_0_array, i42 %table_f_Z2_ap_ufixed_59_0_ap_q_mode_5_ap_o_mode_3_0_array" [C:\scratch\2025.1\hls_product\640\2025.1\src\shared\hls\clib\hlsmath\src\c++\tanhfloat.cpp:7->../hls_files/conv_pool.cpp:275->../hls_files/conv_pool.cpp:129]   --->   Operation 150 'call' 'tmp_i' <Predicate = true> <Delay = 6.51> <CoreType = "Generic">   --->   Generic Core

State 24 <SV = 13> <Delay = 7.28>
ST_24 : Operation 151 [61/62] (7.28ns)   --->   "%tmp_i = call i32 @generic_tanh<float>, i32 %acc_1, i58 %table_exp_Z1_ap_ufixed_58_1_ap_q_mode_5_ap_o_mode_3_0_array, i26 %table_f_Z3_ap_ufixed_59_0_ap_q_mode_5_ap_o_mode_3_0_array, i42 %table_f_Z2_ap_ufixed_59_0_ap_q_mode_5_ap_o_mode_3_0_array" [C:\scratch\2025.1\hls_product\640\2025.1\src\shared\hls\clib\hlsmath\src\c++\tanhfloat.cpp:7->../hls_files/conv_pool.cpp:275->../hls_files/conv_pool.cpp:129]   --->   Operation 151 'call' 'tmp_i' <Predicate = true> <Delay = 7.28> <CoreType = "Generic">   --->   Generic Core

State 25 <SV = 14> <Delay = 7.28>
ST_25 : Operation 152 [60/62] (7.28ns)   --->   "%tmp_i = call i32 @generic_tanh<float>, i32 %acc_1, i58 %table_exp_Z1_ap_ufixed_58_1_ap_q_mode_5_ap_o_mode_3_0_array, i26 %table_f_Z3_ap_ufixed_59_0_ap_q_mode_5_ap_o_mode_3_0_array, i42 %table_f_Z2_ap_ufixed_59_0_ap_q_mode_5_ap_o_mode_3_0_array" [C:\scratch\2025.1\hls_product\640\2025.1\src\shared\hls\clib\hlsmath\src\c++\tanhfloat.cpp:7->../hls_files/conv_pool.cpp:275->../hls_files/conv_pool.cpp:129]   --->   Operation 152 'call' 'tmp_i' <Predicate = true> <Delay = 7.28> <CoreType = "Generic">   --->   Generic Core

State 26 <SV = 15> <Delay = 7.28>
ST_26 : Operation 153 [59/62] (7.28ns)   --->   "%tmp_i = call i32 @generic_tanh<float>, i32 %acc_1, i58 %table_exp_Z1_ap_ufixed_58_1_ap_q_mode_5_ap_o_mode_3_0_array, i26 %table_f_Z3_ap_ufixed_59_0_ap_q_mode_5_ap_o_mode_3_0_array, i42 %table_f_Z2_ap_ufixed_59_0_ap_q_mode_5_ap_o_mode_3_0_array" [C:\scratch\2025.1\hls_product\640\2025.1\src\shared\hls\clib\hlsmath\src\c++\tanhfloat.cpp:7->../hls_files/conv_pool.cpp:275->../hls_files/conv_pool.cpp:129]   --->   Operation 153 'call' 'tmp_i' <Predicate = true> <Delay = 7.28> <CoreType = "Generic">   --->   Generic Core

State 27 <SV = 16> <Delay = 7.28>
ST_27 : Operation 154 [58/62] (7.28ns)   --->   "%tmp_i = call i32 @generic_tanh<float>, i32 %acc_1, i58 %table_exp_Z1_ap_ufixed_58_1_ap_q_mode_5_ap_o_mode_3_0_array, i26 %table_f_Z3_ap_ufixed_59_0_ap_q_mode_5_ap_o_mode_3_0_array, i42 %table_f_Z2_ap_ufixed_59_0_ap_q_mode_5_ap_o_mode_3_0_array" [C:\scratch\2025.1\hls_product\640\2025.1\src\shared\hls\clib\hlsmath\src\c++\tanhfloat.cpp:7->../hls_files/conv_pool.cpp:275->../hls_files/conv_pool.cpp:129]   --->   Operation 154 'call' 'tmp_i' <Predicate = true> <Delay = 7.28> <CoreType = "Generic">   --->   Generic Core

State 28 <SV = 17> <Delay = 7.28>
ST_28 : Operation 155 [57/62] (7.28ns)   --->   "%tmp_i = call i32 @generic_tanh<float>, i32 %acc_1, i58 %table_exp_Z1_ap_ufixed_58_1_ap_q_mode_5_ap_o_mode_3_0_array, i26 %table_f_Z3_ap_ufixed_59_0_ap_q_mode_5_ap_o_mode_3_0_array, i42 %table_f_Z2_ap_ufixed_59_0_ap_q_mode_5_ap_o_mode_3_0_array" [C:\scratch\2025.1\hls_product\640\2025.1\src\shared\hls\clib\hlsmath\src\c++\tanhfloat.cpp:7->../hls_files/conv_pool.cpp:275->../hls_files/conv_pool.cpp:129]   --->   Operation 155 'call' 'tmp_i' <Predicate = true> <Delay = 7.28> <CoreType = "Generic">   --->   Generic Core

State 29 <SV = 18> <Delay = 7.28>
ST_29 : Operation 156 [56/62] (7.28ns)   --->   "%tmp_i = call i32 @generic_tanh<float>, i32 %acc_1, i58 %table_exp_Z1_ap_ufixed_58_1_ap_q_mode_5_ap_o_mode_3_0_array, i26 %table_f_Z3_ap_ufixed_59_0_ap_q_mode_5_ap_o_mode_3_0_array, i42 %table_f_Z2_ap_ufixed_59_0_ap_q_mode_5_ap_o_mode_3_0_array" [C:\scratch\2025.1\hls_product\640\2025.1\src\shared\hls\clib\hlsmath\src\c++\tanhfloat.cpp:7->../hls_files/conv_pool.cpp:275->../hls_files/conv_pool.cpp:129]   --->   Operation 156 'call' 'tmp_i' <Predicate = true> <Delay = 7.28> <CoreType = "Generic">   --->   Generic Core

State 30 <SV = 19> <Delay = 7.28>
ST_30 : Operation 157 [55/62] (7.28ns)   --->   "%tmp_i = call i32 @generic_tanh<float>, i32 %acc_1, i58 %table_exp_Z1_ap_ufixed_58_1_ap_q_mode_5_ap_o_mode_3_0_array, i26 %table_f_Z3_ap_ufixed_59_0_ap_q_mode_5_ap_o_mode_3_0_array, i42 %table_f_Z2_ap_ufixed_59_0_ap_q_mode_5_ap_o_mode_3_0_array" [C:\scratch\2025.1\hls_product\640\2025.1\src\shared\hls\clib\hlsmath\src\c++\tanhfloat.cpp:7->../hls_files/conv_pool.cpp:275->../hls_files/conv_pool.cpp:129]   --->   Operation 157 'call' 'tmp_i' <Predicate = true> <Delay = 7.28> <CoreType = "Generic">   --->   Generic Core

State 31 <SV = 20> <Delay = 7.28>
ST_31 : Operation 158 [54/62] (7.28ns)   --->   "%tmp_i = call i32 @generic_tanh<float>, i32 %acc_1, i58 %table_exp_Z1_ap_ufixed_58_1_ap_q_mode_5_ap_o_mode_3_0_array, i26 %table_f_Z3_ap_ufixed_59_0_ap_q_mode_5_ap_o_mode_3_0_array, i42 %table_f_Z2_ap_ufixed_59_0_ap_q_mode_5_ap_o_mode_3_0_array" [C:\scratch\2025.1\hls_product\640\2025.1\src\shared\hls\clib\hlsmath\src\c++\tanhfloat.cpp:7->../hls_files/conv_pool.cpp:275->../hls_files/conv_pool.cpp:129]   --->   Operation 158 'call' 'tmp_i' <Predicate = true> <Delay = 7.28> <CoreType = "Generic">   --->   Generic Core

State 32 <SV = 21> <Delay = 7.28>
ST_32 : Operation 159 [53/62] (7.28ns)   --->   "%tmp_i = call i32 @generic_tanh<float>, i32 %acc_1, i58 %table_exp_Z1_ap_ufixed_58_1_ap_q_mode_5_ap_o_mode_3_0_array, i26 %table_f_Z3_ap_ufixed_59_0_ap_q_mode_5_ap_o_mode_3_0_array, i42 %table_f_Z2_ap_ufixed_59_0_ap_q_mode_5_ap_o_mode_3_0_array" [C:\scratch\2025.1\hls_product\640\2025.1\src\shared\hls\clib\hlsmath\src\c++\tanhfloat.cpp:7->../hls_files/conv_pool.cpp:275->../hls_files/conv_pool.cpp:129]   --->   Operation 159 'call' 'tmp_i' <Predicate = true> <Delay = 7.28> <CoreType = "Generic">   --->   Generic Core

State 33 <SV = 22> <Delay = 7.28>
ST_33 : Operation 160 [52/62] (7.28ns)   --->   "%tmp_i = call i32 @generic_tanh<float>, i32 %acc_1, i58 %table_exp_Z1_ap_ufixed_58_1_ap_q_mode_5_ap_o_mode_3_0_array, i26 %table_f_Z3_ap_ufixed_59_0_ap_q_mode_5_ap_o_mode_3_0_array, i42 %table_f_Z2_ap_ufixed_59_0_ap_q_mode_5_ap_o_mode_3_0_array" [C:\scratch\2025.1\hls_product\640\2025.1\src\shared\hls\clib\hlsmath\src\c++\tanhfloat.cpp:7->../hls_files/conv_pool.cpp:275->../hls_files/conv_pool.cpp:129]   --->   Operation 160 'call' 'tmp_i' <Predicate = true> <Delay = 7.28> <CoreType = "Generic">   --->   Generic Core

State 34 <SV = 23> <Delay = 7.28>
ST_34 : Operation 161 [51/62] (7.28ns)   --->   "%tmp_i = call i32 @generic_tanh<float>, i32 %acc_1, i58 %table_exp_Z1_ap_ufixed_58_1_ap_q_mode_5_ap_o_mode_3_0_array, i26 %table_f_Z3_ap_ufixed_59_0_ap_q_mode_5_ap_o_mode_3_0_array, i42 %table_f_Z2_ap_ufixed_59_0_ap_q_mode_5_ap_o_mode_3_0_array" [C:\scratch\2025.1\hls_product\640\2025.1\src\shared\hls\clib\hlsmath\src\c++\tanhfloat.cpp:7->../hls_files/conv_pool.cpp:275->../hls_files/conv_pool.cpp:129]   --->   Operation 161 'call' 'tmp_i' <Predicate = true> <Delay = 7.28> <CoreType = "Generic">   --->   Generic Core

State 35 <SV = 24> <Delay = 7.28>
ST_35 : Operation 162 [50/62] (7.28ns)   --->   "%tmp_i = call i32 @generic_tanh<float>, i32 %acc_1, i58 %table_exp_Z1_ap_ufixed_58_1_ap_q_mode_5_ap_o_mode_3_0_array, i26 %table_f_Z3_ap_ufixed_59_0_ap_q_mode_5_ap_o_mode_3_0_array, i42 %table_f_Z2_ap_ufixed_59_0_ap_q_mode_5_ap_o_mode_3_0_array" [C:\scratch\2025.1\hls_product\640\2025.1\src\shared\hls\clib\hlsmath\src\c++\tanhfloat.cpp:7->../hls_files/conv_pool.cpp:275->../hls_files/conv_pool.cpp:129]   --->   Operation 162 'call' 'tmp_i' <Predicate = true> <Delay = 7.28> <CoreType = "Generic">   --->   Generic Core

State 36 <SV = 25> <Delay = 7.28>
ST_36 : Operation 163 [49/62] (7.28ns)   --->   "%tmp_i = call i32 @generic_tanh<float>, i32 %acc_1, i58 %table_exp_Z1_ap_ufixed_58_1_ap_q_mode_5_ap_o_mode_3_0_array, i26 %table_f_Z3_ap_ufixed_59_0_ap_q_mode_5_ap_o_mode_3_0_array, i42 %table_f_Z2_ap_ufixed_59_0_ap_q_mode_5_ap_o_mode_3_0_array" [C:\scratch\2025.1\hls_product\640\2025.1\src\shared\hls\clib\hlsmath\src\c++\tanhfloat.cpp:7->../hls_files/conv_pool.cpp:275->../hls_files/conv_pool.cpp:129]   --->   Operation 163 'call' 'tmp_i' <Predicate = true> <Delay = 7.28> <CoreType = "Generic">   --->   Generic Core

State 37 <SV = 26> <Delay = 7.28>
ST_37 : Operation 164 [48/62] (7.28ns)   --->   "%tmp_i = call i32 @generic_tanh<float>, i32 %acc_1, i58 %table_exp_Z1_ap_ufixed_58_1_ap_q_mode_5_ap_o_mode_3_0_array, i26 %table_f_Z3_ap_ufixed_59_0_ap_q_mode_5_ap_o_mode_3_0_array, i42 %table_f_Z2_ap_ufixed_59_0_ap_q_mode_5_ap_o_mode_3_0_array" [C:\scratch\2025.1\hls_product\640\2025.1\src\shared\hls\clib\hlsmath\src\c++\tanhfloat.cpp:7->../hls_files/conv_pool.cpp:275->../hls_files/conv_pool.cpp:129]   --->   Operation 164 'call' 'tmp_i' <Predicate = true> <Delay = 7.28> <CoreType = "Generic">   --->   Generic Core

State 38 <SV = 27> <Delay = 7.28>
ST_38 : Operation 165 [47/62] (7.28ns)   --->   "%tmp_i = call i32 @generic_tanh<float>, i32 %acc_1, i58 %table_exp_Z1_ap_ufixed_58_1_ap_q_mode_5_ap_o_mode_3_0_array, i26 %table_f_Z3_ap_ufixed_59_0_ap_q_mode_5_ap_o_mode_3_0_array, i42 %table_f_Z2_ap_ufixed_59_0_ap_q_mode_5_ap_o_mode_3_0_array" [C:\scratch\2025.1\hls_product\640\2025.1\src\shared\hls\clib\hlsmath\src\c++\tanhfloat.cpp:7->../hls_files/conv_pool.cpp:275->../hls_files/conv_pool.cpp:129]   --->   Operation 165 'call' 'tmp_i' <Predicate = true> <Delay = 7.28> <CoreType = "Generic">   --->   Generic Core

State 39 <SV = 28> <Delay = 7.28>
ST_39 : Operation 166 [46/62] (7.28ns)   --->   "%tmp_i = call i32 @generic_tanh<float>, i32 %acc_1, i58 %table_exp_Z1_ap_ufixed_58_1_ap_q_mode_5_ap_o_mode_3_0_array, i26 %table_f_Z3_ap_ufixed_59_0_ap_q_mode_5_ap_o_mode_3_0_array, i42 %table_f_Z2_ap_ufixed_59_0_ap_q_mode_5_ap_o_mode_3_0_array" [C:\scratch\2025.1\hls_product\640\2025.1\src\shared\hls\clib\hlsmath\src\c++\tanhfloat.cpp:7->../hls_files/conv_pool.cpp:275->../hls_files/conv_pool.cpp:129]   --->   Operation 166 'call' 'tmp_i' <Predicate = true> <Delay = 7.28> <CoreType = "Generic">   --->   Generic Core

State 40 <SV = 29> <Delay = 7.28>
ST_40 : Operation 167 [45/62] (7.28ns)   --->   "%tmp_i = call i32 @generic_tanh<float>, i32 %acc_1, i58 %table_exp_Z1_ap_ufixed_58_1_ap_q_mode_5_ap_o_mode_3_0_array, i26 %table_f_Z3_ap_ufixed_59_0_ap_q_mode_5_ap_o_mode_3_0_array, i42 %table_f_Z2_ap_ufixed_59_0_ap_q_mode_5_ap_o_mode_3_0_array" [C:\scratch\2025.1\hls_product\640\2025.1\src\shared\hls\clib\hlsmath\src\c++\tanhfloat.cpp:7->../hls_files/conv_pool.cpp:275->../hls_files/conv_pool.cpp:129]   --->   Operation 167 'call' 'tmp_i' <Predicate = true> <Delay = 7.28> <CoreType = "Generic">   --->   Generic Core

State 41 <SV = 30> <Delay = 7.28>
ST_41 : Operation 168 [44/62] (7.28ns)   --->   "%tmp_i = call i32 @generic_tanh<float>, i32 %acc_1, i58 %table_exp_Z1_ap_ufixed_58_1_ap_q_mode_5_ap_o_mode_3_0_array, i26 %table_f_Z3_ap_ufixed_59_0_ap_q_mode_5_ap_o_mode_3_0_array, i42 %table_f_Z2_ap_ufixed_59_0_ap_q_mode_5_ap_o_mode_3_0_array" [C:\scratch\2025.1\hls_product\640\2025.1\src\shared\hls\clib\hlsmath\src\c++\tanhfloat.cpp:7->../hls_files/conv_pool.cpp:275->../hls_files/conv_pool.cpp:129]   --->   Operation 168 'call' 'tmp_i' <Predicate = true> <Delay = 7.28> <CoreType = "Generic">   --->   Generic Core

State 42 <SV = 31> <Delay = 7.28>
ST_42 : Operation 169 [43/62] (7.28ns)   --->   "%tmp_i = call i32 @generic_tanh<float>, i32 %acc_1, i58 %table_exp_Z1_ap_ufixed_58_1_ap_q_mode_5_ap_o_mode_3_0_array, i26 %table_f_Z3_ap_ufixed_59_0_ap_q_mode_5_ap_o_mode_3_0_array, i42 %table_f_Z2_ap_ufixed_59_0_ap_q_mode_5_ap_o_mode_3_0_array" [C:\scratch\2025.1\hls_product\640\2025.1\src\shared\hls\clib\hlsmath\src\c++\tanhfloat.cpp:7->../hls_files/conv_pool.cpp:275->../hls_files/conv_pool.cpp:129]   --->   Operation 169 'call' 'tmp_i' <Predicate = true> <Delay = 7.28> <CoreType = "Generic">   --->   Generic Core

State 43 <SV = 32> <Delay = 7.28>
ST_43 : Operation 170 [42/62] (7.28ns)   --->   "%tmp_i = call i32 @generic_tanh<float>, i32 %acc_1, i58 %table_exp_Z1_ap_ufixed_58_1_ap_q_mode_5_ap_o_mode_3_0_array, i26 %table_f_Z3_ap_ufixed_59_0_ap_q_mode_5_ap_o_mode_3_0_array, i42 %table_f_Z2_ap_ufixed_59_0_ap_q_mode_5_ap_o_mode_3_0_array" [C:\scratch\2025.1\hls_product\640\2025.1\src\shared\hls\clib\hlsmath\src\c++\tanhfloat.cpp:7->../hls_files/conv_pool.cpp:275->../hls_files/conv_pool.cpp:129]   --->   Operation 170 'call' 'tmp_i' <Predicate = true> <Delay = 7.28> <CoreType = "Generic">   --->   Generic Core

State 44 <SV = 33> <Delay = 7.28>
ST_44 : Operation 171 [41/62] (7.28ns)   --->   "%tmp_i = call i32 @generic_tanh<float>, i32 %acc_1, i58 %table_exp_Z1_ap_ufixed_58_1_ap_q_mode_5_ap_o_mode_3_0_array, i26 %table_f_Z3_ap_ufixed_59_0_ap_q_mode_5_ap_o_mode_3_0_array, i42 %table_f_Z2_ap_ufixed_59_0_ap_q_mode_5_ap_o_mode_3_0_array" [C:\scratch\2025.1\hls_product\640\2025.1\src\shared\hls\clib\hlsmath\src\c++\tanhfloat.cpp:7->../hls_files/conv_pool.cpp:275->../hls_files/conv_pool.cpp:129]   --->   Operation 171 'call' 'tmp_i' <Predicate = true> <Delay = 7.28> <CoreType = "Generic">   --->   Generic Core

State 45 <SV = 34> <Delay = 7.28>
ST_45 : Operation 172 [40/62] (7.28ns)   --->   "%tmp_i = call i32 @generic_tanh<float>, i32 %acc_1, i58 %table_exp_Z1_ap_ufixed_58_1_ap_q_mode_5_ap_o_mode_3_0_array, i26 %table_f_Z3_ap_ufixed_59_0_ap_q_mode_5_ap_o_mode_3_0_array, i42 %table_f_Z2_ap_ufixed_59_0_ap_q_mode_5_ap_o_mode_3_0_array" [C:\scratch\2025.1\hls_product\640\2025.1\src\shared\hls\clib\hlsmath\src\c++\tanhfloat.cpp:7->../hls_files/conv_pool.cpp:275->../hls_files/conv_pool.cpp:129]   --->   Operation 172 'call' 'tmp_i' <Predicate = true> <Delay = 7.28> <CoreType = "Generic">   --->   Generic Core

State 46 <SV = 35> <Delay = 7.28>
ST_46 : Operation 173 [39/62] (7.28ns)   --->   "%tmp_i = call i32 @generic_tanh<float>, i32 %acc_1, i58 %table_exp_Z1_ap_ufixed_58_1_ap_q_mode_5_ap_o_mode_3_0_array, i26 %table_f_Z3_ap_ufixed_59_0_ap_q_mode_5_ap_o_mode_3_0_array, i42 %table_f_Z2_ap_ufixed_59_0_ap_q_mode_5_ap_o_mode_3_0_array" [C:\scratch\2025.1\hls_product\640\2025.1\src\shared\hls\clib\hlsmath\src\c++\tanhfloat.cpp:7->../hls_files/conv_pool.cpp:275->../hls_files/conv_pool.cpp:129]   --->   Operation 173 'call' 'tmp_i' <Predicate = true> <Delay = 7.28> <CoreType = "Generic">   --->   Generic Core

State 47 <SV = 36> <Delay = 7.28>
ST_47 : Operation 174 [38/62] (7.28ns)   --->   "%tmp_i = call i32 @generic_tanh<float>, i32 %acc_1, i58 %table_exp_Z1_ap_ufixed_58_1_ap_q_mode_5_ap_o_mode_3_0_array, i26 %table_f_Z3_ap_ufixed_59_0_ap_q_mode_5_ap_o_mode_3_0_array, i42 %table_f_Z2_ap_ufixed_59_0_ap_q_mode_5_ap_o_mode_3_0_array" [C:\scratch\2025.1\hls_product\640\2025.1\src\shared\hls\clib\hlsmath\src\c++\tanhfloat.cpp:7->../hls_files/conv_pool.cpp:275->../hls_files/conv_pool.cpp:129]   --->   Operation 174 'call' 'tmp_i' <Predicate = true> <Delay = 7.28> <CoreType = "Generic">   --->   Generic Core

State 48 <SV = 37> <Delay = 7.28>
ST_48 : Operation 175 [37/62] (7.28ns)   --->   "%tmp_i = call i32 @generic_tanh<float>, i32 %acc_1, i58 %table_exp_Z1_ap_ufixed_58_1_ap_q_mode_5_ap_o_mode_3_0_array, i26 %table_f_Z3_ap_ufixed_59_0_ap_q_mode_5_ap_o_mode_3_0_array, i42 %table_f_Z2_ap_ufixed_59_0_ap_q_mode_5_ap_o_mode_3_0_array" [C:\scratch\2025.1\hls_product\640\2025.1\src\shared\hls\clib\hlsmath\src\c++\tanhfloat.cpp:7->../hls_files/conv_pool.cpp:275->../hls_files/conv_pool.cpp:129]   --->   Operation 175 'call' 'tmp_i' <Predicate = true> <Delay = 7.28> <CoreType = "Generic">   --->   Generic Core

State 49 <SV = 38> <Delay = 7.28>
ST_49 : Operation 176 [36/62] (7.28ns)   --->   "%tmp_i = call i32 @generic_tanh<float>, i32 %acc_1, i58 %table_exp_Z1_ap_ufixed_58_1_ap_q_mode_5_ap_o_mode_3_0_array, i26 %table_f_Z3_ap_ufixed_59_0_ap_q_mode_5_ap_o_mode_3_0_array, i42 %table_f_Z2_ap_ufixed_59_0_ap_q_mode_5_ap_o_mode_3_0_array" [C:\scratch\2025.1\hls_product\640\2025.1\src\shared\hls\clib\hlsmath\src\c++\tanhfloat.cpp:7->../hls_files/conv_pool.cpp:275->../hls_files/conv_pool.cpp:129]   --->   Operation 176 'call' 'tmp_i' <Predicate = true> <Delay = 7.28> <CoreType = "Generic">   --->   Generic Core

State 50 <SV = 39> <Delay = 7.28>
ST_50 : Operation 177 [35/62] (7.28ns)   --->   "%tmp_i = call i32 @generic_tanh<float>, i32 %acc_1, i58 %table_exp_Z1_ap_ufixed_58_1_ap_q_mode_5_ap_o_mode_3_0_array, i26 %table_f_Z3_ap_ufixed_59_0_ap_q_mode_5_ap_o_mode_3_0_array, i42 %table_f_Z2_ap_ufixed_59_0_ap_q_mode_5_ap_o_mode_3_0_array" [C:\scratch\2025.1\hls_product\640\2025.1\src\shared\hls\clib\hlsmath\src\c++\tanhfloat.cpp:7->../hls_files/conv_pool.cpp:275->../hls_files/conv_pool.cpp:129]   --->   Operation 177 'call' 'tmp_i' <Predicate = true> <Delay = 7.28> <CoreType = "Generic">   --->   Generic Core

State 51 <SV = 40> <Delay = 7.28>
ST_51 : Operation 178 [34/62] (7.28ns)   --->   "%tmp_i = call i32 @generic_tanh<float>, i32 %acc_1, i58 %table_exp_Z1_ap_ufixed_58_1_ap_q_mode_5_ap_o_mode_3_0_array, i26 %table_f_Z3_ap_ufixed_59_0_ap_q_mode_5_ap_o_mode_3_0_array, i42 %table_f_Z2_ap_ufixed_59_0_ap_q_mode_5_ap_o_mode_3_0_array" [C:\scratch\2025.1\hls_product\640\2025.1\src\shared\hls\clib\hlsmath\src\c++\tanhfloat.cpp:7->../hls_files/conv_pool.cpp:275->../hls_files/conv_pool.cpp:129]   --->   Operation 178 'call' 'tmp_i' <Predicate = true> <Delay = 7.28> <CoreType = "Generic">   --->   Generic Core

State 52 <SV = 41> <Delay = 7.28>
ST_52 : Operation 179 [33/62] (7.28ns)   --->   "%tmp_i = call i32 @generic_tanh<float>, i32 %acc_1, i58 %table_exp_Z1_ap_ufixed_58_1_ap_q_mode_5_ap_o_mode_3_0_array, i26 %table_f_Z3_ap_ufixed_59_0_ap_q_mode_5_ap_o_mode_3_0_array, i42 %table_f_Z2_ap_ufixed_59_0_ap_q_mode_5_ap_o_mode_3_0_array" [C:\scratch\2025.1\hls_product\640\2025.1\src\shared\hls\clib\hlsmath\src\c++\tanhfloat.cpp:7->../hls_files/conv_pool.cpp:275->../hls_files/conv_pool.cpp:129]   --->   Operation 179 'call' 'tmp_i' <Predicate = true> <Delay = 7.28> <CoreType = "Generic">   --->   Generic Core

State 53 <SV = 42> <Delay = 7.28>
ST_53 : Operation 180 [32/62] (7.28ns)   --->   "%tmp_i = call i32 @generic_tanh<float>, i32 %acc_1, i58 %table_exp_Z1_ap_ufixed_58_1_ap_q_mode_5_ap_o_mode_3_0_array, i26 %table_f_Z3_ap_ufixed_59_0_ap_q_mode_5_ap_o_mode_3_0_array, i42 %table_f_Z2_ap_ufixed_59_0_ap_q_mode_5_ap_o_mode_3_0_array" [C:\scratch\2025.1\hls_product\640\2025.1\src\shared\hls\clib\hlsmath\src\c++\tanhfloat.cpp:7->../hls_files/conv_pool.cpp:275->../hls_files/conv_pool.cpp:129]   --->   Operation 180 'call' 'tmp_i' <Predicate = true> <Delay = 7.28> <CoreType = "Generic">   --->   Generic Core

State 54 <SV = 43> <Delay = 7.28>
ST_54 : Operation 181 [31/62] (7.28ns)   --->   "%tmp_i = call i32 @generic_tanh<float>, i32 %acc_1, i58 %table_exp_Z1_ap_ufixed_58_1_ap_q_mode_5_ap_o_mode_3_0_array, i26 %table_f_Z3_ap_ufixed_59_0_ap_q_mode_5_ap_o_mode_3_0_array, i42 %table_f_Z2_ap_ufixed_59_0_ap_q_mode_5_ap_o_mode_3_0_array" [C:\scratch\2025.1\hls_product\640\2025.1\src\shared\hls\clib\hlsmath\src\c++\tanhfloat.cpp:7->../hls_files/conv_pool.cpp:275->../hls_files/conv_pool.cpp:129]   --->   Operation 181 'call' 'tmp_i' <Predicate = true> <Delay = 7.28> <CoreType = "Generic">   --->   Generic Core

State 55 <SV = 44> <Delay = 7.28>
ST_55 : Operation 182 [30/62] (7.28ns)   --->   "%tmp_i = call i32 @generic_tanh<float>, i32 %acc_1, i58 %table_exp_Z1_ap_ufixed_58_1_ap_q_mode_5_ap_o_mode_3_0_array, i26 %table_f_Z3_ap_ufixed_59_0_ap_q_mode_5_ap_o_mode_3_0_array, i42 %table_f_Z2_ap_ufixed_59_0_ap_q_mode_5_ap_o_mode_3_0_array" [C:\scratch\2025.1\hls_product\640\2025.1\src\shared\hls\clib\hlsmath\src\c++\tanhfloat.cpp:7->../hls_files/conv_pool.cpp:275->../hls_files/conv_pool.cpp:129]   --->   Operation 182 'call' 'tmp_i' <Predicate = true> <Delay = 7.28> <CoreType = "Generic">   --->   Generic Core

State 56 <SV = 45> <Delay = 7.28>
ST_56 : Operation 183 [29/62] (7.28ns)   --->   "%tmp_i = call i32 @generic_tanh<float>, i32 %acc_1, i58 %table_exp_Z1_ap_ufixed_58_1_ap_q_mode_5_ap_o_mode_3_0_array, i26 %table_f_Z3_ap_ufixed_59_0_ap_q_mode_5_ap_o_mode_3_0_array, i42 %table_f_Z2_ap_ufixed_59_0_ap_q_mode_5_ap_o_mode_3_0_array" [C:\scratch\2025.1\hls_product\640\2025.1\src\shared\hls\clib\hlsmath\src\c++\tanhfloat.cpp:7->../hls_files/conv_pool.cpp:275->../hls_files/conv_pool.cpp:129]   --->   Operation 183 'call' 'tmp_i' <Predicate = true> <Delay = 7.28> <CoreType = "Generic">   --->   Generic Core

State 57 <SV = 46> <Delay = 7.28>
ST_57 : Operation 184 [28/62] (7.28ns)   --->   "%tmp_i = call i32 @generic_tanh<float>, i32 %acc_1, i58 %table_exp_Z1_ap_ufixed_58_1_ap_q_mode_5_ap_o_mode_3_0_array, i26 %table_f_Z3_ap_ufixed_59_0_ap_q_mode_5_ap_o_mode_3_0_array, i42 %table_f_Z2_ap_ufixed_59_0_ap_q_mode_5_ap_o_mode_3_0_array" [C:\scratch\2025.1\hls_product\640\2025.1\src\shared\hls\clib\hlsmath\src\c++\tanhfloat.cpp:7->../hls_files/conv_pool.cpp:275->../hls_files/conv_pool.cpp:129]   --->   Operation 184 'call' 'tmp_i' <Predicate = true> <Delay = 7.28> <CoreType = "Generic">   --->   Generic Core

State 58 <SV = 47> <Delay = 7.28>
ST_58 : Operation 185 [27/62] (7.28ns)   --->   "%tmp_i = call i32 @generic_tanh<float>, i32 %acc_1, i58 %table_exp_Z1_ap_ufixed_58_1_ap_q_mode_5_ap_o_mode_3_0_array, i26 %table_f_Z3_ap_ufixed_59_0_ap_q_mode_5_ap_o_mode_3_0_array, i42 %table_f_Z2_ap_ufixed_59_0_ap_q_mode_5_ap_o_mode_3_0_array" [C:\scratch\2025.1\hls_product\640\2025.1\src\shared\hls\clib\hlsmath\src\c++\tanhfloat.cpp:7->../hls_files/conv_pool.cpp:275->../hls_files/conv_pool.cpp:129]   --->   Operation 185 'call' 'tmp_i' <Predicate = true> <Delay = 7.28> <CoreType = "Generic">   --->   Generic Core

State 59 <SV = 48> <Delay = 7.28>
ST_59 : Operation 186 [26/62] (7.28ns)   --->   "%tmp_i = call i32 @generic_tanh<float>, i32 %acc_1, i58 %table_exp_Z1_ap_ufixed_58_1_ap_q_mode_5_ap_o_mode_3_0_array, i26 %table_f_Z3_ap_ufixed_59_0_ap_q_mode_5_ap_o_mode_3_0_array, i42 %table_f_Z2_ap_ufixed_59_0_ap_q_mode_5_ap_o_mode_3_0_array" [C:\scratch\2025.1\hls_product\640\2025.1\src\shared\hls\clib\hlsmath\src\c++\tanhfloat.cpp:7->../hls_files/conv_pool.cpp:275->../hls_files/conv_pool.cpp:129]   --->   Operation 186 'call' 'tmp_i' <Predicate = true> <Delay = 7.28> <CoreType = "Generic">   --->   Generic Core

State 60 <SV = 49> <Delay = 7.28>
ST_60 : Operation 187 [25/62] (7.28ns)   --->   "%tmp_i = call i32 @generic_tanh<float>, i32 %acc_1, i58 %table_exp_Z1_ap_ufixed_58_1_ap_q_mode_5_ap_o_mode_3_0_array, i26 %table_f_Z3_ap_ufixed_59_0_ap_q_mode_5_ap_o_mode_3_0_array, i42 %table_f_Z2_ap_ufixed_59_0_ap_q_mode_5_ap_o_mode_3_0_array" [C:\scratch\2025.1\hls_product\640\2025.1\src\shared\hls\clib\hlsmath\src\c++\tanhfloat.cpp:7->../hls_files/conv_pool.cpp:275->../hls_files/conv_pool.cpp:129]   --->   Operation 187 'call' 'tmp_i' <Predicate = true> <Delay = 7.28> <CoreType = "Generic">   --->   Generic Core

State 61 <SV = 50> <Delay = 7.28>
ST_61 : Operation 188 [24/62] (7.28ns)   --->   "%tmp_i = call i32 @generic_tanh<float>, i32 %acc_1, i58 %table_exp_Z1_ap_ufixed_58_1_ap_q_mode_5_ap_o_mode_3_0_array, i26 %table_f_Z3_ap_ufixed_59_0_ap_q_mode_5_ap_o_mode_3_0_array, i42 %table_f_Z2_ap_ufixed_59_0_ap_q_mode_5_ap_o_mode_3_0_array" [C:\scratch\2025.1\hls_product\640\2025.1\src\shared\hls\clib\hlsmath\src\c++\tanhfloat.cpp:7->../hls_files/conv_pool.cpp:275->../hls_files/conv_pool.cpp:129]   --->   Operation 188 'call' 'tmp_i' <Predicate = true> <Delay = 7.28> <CoreType = "Generic">   --->   Generic Core

State 62 <SV = 51> <Delay = 7.28>
ST_62 : Operation 189 [23/62] (7.28ns)   --->   "%tmp_i = call i32 @generic_tanh<float>, i32 %acc_1, i58 %table_exp_Z1_ap_ufixed_58_1_ap_q_mode_5_ap_o_mode_3_0_array, i26 %table_f_Z3_ap_ufixed_59_0_ap_q_mode_5_ap_o_mode_3_0_array, i42 %table_f_Z2_ap_ufixed_59_0_ap_q_mode_5_ap_o_mode_3_0_array" [C:\scratch\2025.1\hls_product\640\2025.1\src\shared\hls\clib\hlsmath\src\c++\tanhfloat.cpp:7->../hls_files/conv_pool.cpp:275->../hls_files/conv_pool.cpp:129]   --->   Operation 189 'call' 'tmp_i' <Predicate = true> <Delay = 7.28> <CoreType = "Generic">   --->   Generic Core

State 63 <SV = 52> <Delay = 7.28>
ST_63 : Operation 190 [22/62] (7.28ns)   --->   "%tmp_i = call i32 @generic_tanh<float>, i32 %acc_1, i58 %table_exp_Z1_ap_ufixed_58_1_ap_q_mode_5_ap_o_mode_3_0_array, i26 %table_f_Z3_ap_ufixed_59_0_ap_q_mode_5_ap_o_mode_3_0_array, i42 %table_f_Z2_ap_ufixed_59_0_ap_q_mode_5_ap_o_mode_3_0_array" [C:\scratch\2025.1\hls_product\640\2025.1\src\shared\hls\clib\hlsmath\src\c++\tanhfloat.cpp:7->../hls_files/conv_pool.cpp:275->../hls_files/conv_pool.cpp:129]   --->   Operation 190 'call' 'tmp_i' <Predicate = true> <Delay = 7.28> <CoreType = "Generic">   --->   Generic Core

State 64 <SV = 53> <Delay = 7.28>
ST_64 : Operation 191 [21/62] (7.28ns)   --->   "%tmp_i = call i32 @generic_tanh<float>, i32 %acc_1, i58 %table_exp_Z1_ap_ufixed_58_1_ap_q_mode_5_ap_o_mode_3_0_array, i26 %table_f_Z3_ap_ufixed_59_0_ap_q_mode_5_ap_o_mode_3_0_array, i42 %table_f_Z2_ap_ufixed_59_0_ap_q_mode_5_ap_o_mode_3_0_array" [C:\scratch\2025.1\hls_product\640\2025.1\src\shared\hls\clib\hlsmath\src\c++\tanhfloat.cpp:7->../hls_files/conv_pool.cpp:275->../hls_files/conv_pool.cpp:129]   --->   Operation 191 'call' 'tmp_i' <Predicate = true> <Delay = 7.28> <CoreType = "Generic">   --->   Generic Core

State 65 <SV = 54> <Delay = 7.28>
ST_65 : Operation 192 [20/62] (7.28ns)   --->   "%tmp_i = call i32 @generic_tanh<float>, i32 %acc_1, i58 %table_exp_Z1_ap_ufixed_58_1_ap_q_mode_5_ap_o_mode_3_0_array, i26 %table_f_Z3_ap_ufixed_59_0_ap_q_mode_5_ap_o_mode_3_0_array, i42 %table_f_Z2_ap_ufixed_59_0_ap_q_mode_5_ap_o_mode_3_0_array" [C:\scratch\2025.1\hls_product\640\2025.1\src\shared\hls\clib\hlsmath\src\c++\tanhfloat.cpp:7->../hls_files/conv_pool.cpp:275->../hls_files/conv_pool.cpp:129]   --->   Operation 192 'call' 'tmp_i' <Predicate = true> <Delay = 7.28> <CoreType = "Generic">   --->   Generic Core

State 66 <SV = 55> <Delay = 7.28>
ST_66 : Operation 193 [19/62] (7.28ns)   --->   "%tmp_i = call i32 @generic_tanh<float>, i32 %acc_1, i58 %table_exp_Z1_ap_ufixed_58_1_ap_q_mode_5_ap_o_mode_3_0_array, i26 %table_f_Z3_ap_ufixed_59_0_ap_q_mode_5_ap_o_mode_3_0_array, i42 %table_f_Z2_ap_ufixed_59_0_ap_q_mode_5_ap_o_mode_3_0_array" [C:\scratch\2025.1\hls_product\640\2025.1\src\shared\hls\clib\hlsmath\src\c++\tanhfloat.cpp:7->../hls_files/conv_pool.cpp:275->../hls_files/conv_pool.cpp:129]   --->   Operation 193 'call' 'tmp_i' <Predicate = true> <Delay = 7.28> <CoreType = "Generic">   --->   Generic Core

State 67 <SV = 56> <Delay = 7.28>
ST_67 : Operation 194 [18/62] (7.28ns)   --->   "%tmp_i = call i32 @generic_tanh<float>, i32 %acc_1, i58 %table_exp_Z1_ap_ufixed_58_1_ap_q_mode_5_ap_o_mode_3_0_array, i26 %table_f_Z3_ap_ufixed_59_0_ap_q_mode_5_ap_o_mode_3_0_array, i42 %table_f_Z2_ap_ufixed_59_0_ap_q_mode_5_ap_o_mode_3_0_array" [C:\scratch\2025.1\hls_product\640\2025.1\src\shared\hls\clib\hlsmath\src\c++\tanhfloat.cpp:7->../hls_files/conv_pool.cpp:275->../hls_files/conv_pool.cpp:129]   --->   Operation 194 'call' 'tmp_i' <Predicate = true> <Delay = 7.28> <CoreType = "Generic">   --->   Generic Core

State 68 <SV = 57> <Delay = 7.28>
ST_68 : Operation 195 [17/62] (7.28ns)   --->   "%tmp_i = call i32 @generic_tanh<float>, i32 %acc_1, i58 %table_exp_Z1_ap_ufixed_58_1_ap_q_mode_5_ap_o_mode_3_0_array, i26 %table_f_Z3_ap_ufixed_59_0_ap_q_mode_5_ap_o_mode_3_0_array, i42 %table_f_Z2_ap_ufixed_59_0_ap_q_mode_5_ap_o_mode_3_0_array" [C:\scratch\2025.1\hls_product\640\2025.1\src\shared\hls\clib\hlsmath\src\c++\tanhfloat.cpp:7->../hls_files/conv_pool.cpp:275->../hls_files/conv_pool.cpp:129]   --->   Operation 195 'call' 'tmp_i' <Predicate = true> <Delay = 7.28> <CoreType = "Generic">   --->   Generic Core

State 69 <SV = 58> <Delay = 7.28>
ST_69 : Operation 196 [16/62] (7.28ns)   --->   "%tmp_i = call i32 @generic_tanh<float>, i32 %acc_1, i58 %table_exp_Z1_ap_ufixed_58_1_ap_q_mode_5_ap_o_mode_3_0_array, i26 %table_f_Z3_ap_ufixed_59_0_ap_q_mode_5_ap_o_mode_3_0_array, i42 %table_f_Z2_ap_ufixed_59_0_ap_q_mode_5_ap_o_mode_3_0_array" [C:\scratch\2025.1\hls_product\640\2025.1\src\shared\hls\clib\hlsmath\src\c++\tanhfloat.cpp:7->../hls_files/conv_pool.cpp:275->../hls_files/conv_pool.cpp:129]   --->   Operation 196 'call' 'tmp_i' <Predicate = true> <Delay = 7.28> <CoreType = "Generic">   --->   Generic Core

State 70 <SV = 59> <Delay = 7.28>
ST_70 : Operation 197 [15/62] (7.28ns)   --->   "%tmp_i = call i32 @generic_tanh<float>, i32 %acc_1, i58 %table_exp_Z1_ap_ufixed_58_1_ap_q_mode_5_ap_o_mode_3_0_array, i26 %table_f_Z3_ap_ufixed_59_0_ap_q_mode_5_ap_o_mode_3_0_array, i42 %table_f_Z2_ap_ufixed_59_0_ap_q_mode_5_ap_o_mode_3_0_array" [C:\scratch\2025.1\hls_product\640\2025.1\src\shared\hls\clib\hlsmath\src\c++\tanhfloat.cpp:7->../hls_files/conv_pool.cpp:275->../hls_files/conv_pool.cpp:129]   --->   Operation 197 'call' 'tmp_i' <Predicate = true> <Delay = 7.28> <CoreType = "Generic">   --->   Generic Core

State 71 <SV = 60> <Delay = 7.28>
ST_71 : Operation 198 [14/62] (7.28ns)   --->   "%tmp_i = call i32 @generic_tanh<float>, i32 %acc_1, i58 %table_exp_Z1_ap_ufixed_58_1_ap_q_mode_5_ap_o_mode_3_0_array, i26 %table_f_Z3_ap_ufixed_59_0_ap_q_mode_5_ap_o_mode_3_0_array, i42 %table_f_Z2_ap_ufixed_59_0_ap_q_mode_5_ap_o_mode_3_0_array" [C:\scratch\2025.1\hls_product\640\2025.1\src\shared\hls\clib\hlsmath\src\c++\tanhfloat.cpp:7->../hls_files/conv_pool.cpp:275->../hls_files/conv_pool.cpp:129]   --->   Operation 198 'call' 'tmp_i' <Predicate = true> <Delay = 7.28> <CoreType = "Generic">   --->   Generic Core

State 72 <SV = 61> <Delay = 7.28>
ST_72 : Operation 199 [13/62] (7.28ns)   --->   "%tmp_i = call i32 @generic_tanh<float>, i32 %acc_1, i58 %table_exp_Z1_ap_ufixed_58_1_ap_q_mode_5_ap_o_mode_3_0_array, i26 %table_f_Z3_ap_ufixed_59_0_ap_q_mode_5_ap_o_mode_3_0_array, i42 %table_f_Z2_ap_ufixed_59_0_ap_q_mode_5_ap_o_mode_3_0_array" [C:\scratch\2025.1\hls_product\640\2025.1\src\shared\hls\clib\hlsmath\src\c++\tanhfloat.cpp:7->../hls_files/conv_pool.cpp:275->../hls_files/conv_pool.cpp:129]   --->   Operation 199 'call' 'tmp_i' <Predicate = true> <Delay = 7.28> <CoreType = "Generic">   --->   Generic Core

State 73 <SV = 62> <Delay = 7.28>
ST_73 : Operation 200 [12/62] (7.28ns)   --->   "%tmp_i = call i32 @generic_tanh<float>, i32 %acc_1, i58 %table_exp_Z1_ap_ufixed_58_1_ap_q_mode_5_ap_o_mode_3_0_array, i26 %table_f_Z3_ap_ufixed_59_0_ap_q_mode_5_ap_o_mode_3_0_array, i42 %table_f_Z2_ap_ufixed_59_0_ap_q_mode_5_ap_o_mode_3_0_array" [C:\scratch\2025.1\hls_product\640\2025.1\src\shared\hls\clib\hlsmath\src\c++\tanhfloat.cpp:7->../hls_files/conv_pool.cpp:275->../hls_files/conv_pool.cpp:129]   --->   Operation 200 'call' 'tmp_i' <Predicate = true> <Delay = 7.28> <CoreType = "Generic">   --->   Generic Core

State 74 <SV = 63> <Delay = 7.28>
ST_74 : Operation 201 [11/62] (7.28ns)   --->   "%tmp_i = call i32 @generic_tanh<float>, i32 %acc_1, i58 %table_exp_Z1_ap_ufixed_58_1_ap_q_mode_5_ap_o_mode_3_0_array, i26 %table_f_Z3_ap_ufixed_59_0_ap_q_mode_5_ap_o_mode_3_0_array, i42 %table_f_Z2_ap_ufixed_59_0_ap_q_mode_5_ap_o_mode_3_0_array" [C:\scratch\2025.1\hls_product\640\2025.1\src\shared\hls\clib\hlsmath\src\c++\tanhfloat.cpp:7->../hls_files/conv_pool.cpp:275->../hls_files/conv_pool.cpp:129]   --->   Operation 201 'call' 'tmp_i' <Predicate = true> <Delay = 7.28> <CoreType = "Generic">   --->   Generic Core

State 75 <SV = 64> <Delay = 7.28>
ST_75 : Operation 202 [10/62] (7.28ns)   --->   "%tmp_i = call i32 @generic_tanh<float>, i32 %acc_1, i58 %table_exp_Z1_ap_ufixed_58_1_ap_q_mode_5_ap_o_mode_3_0_array, i26 %table_f_Z3_ap_ufixed_59_0_ap_q_mode_5_ap_o_mode_3_0_array, i42 %table_f_Z2_ap_ufixed_59_0_ap_q_mode_5_ap_o_mode_3_0_array" [C:\scratch\2025.1\hls_product\640\2025.1\src\shared\hls\clib\hlsmath\src\c++\tanhfloat.cpp:7->../hls_files/conv_pool.cpp:275->../hls_files/conv_pool.cpp:129]   --->   Operation 202 'call' 'tmp_i' <Predicate = true> <Delay = 7.28> <CoreType = "Generic">   --->   Generic Core

State 76 <SV = 65> <Delay = 7.28>
ST_76 : Operation 203 [9/62] (7.28ns)   --->   "%tmp_i = call i32 @generic_tanh<float>, i32 %acc_1, i58 %table_exp_Z1_ap_ufixed_58_1_ap_q_mode_5_ap_o_mode_3_0_array, i26 %table_f_Z3_ap_ufixed_59_0_ap_q_mode_5_ap_o_mode_3_0_array, i42 %table_f_Z2_ap_ufixed_59_0_ap_q_mode_5_ap_o_mode_3_0_array" [C:\scratch\2025.1\hls_product\640\2025.1\src\shared\hls\clib\hlsmath\src\c++\tanhfloat.cpp:7->../hls_files/conv_pool.cpp:275->../hls_files/conv_pool.cpp:129]   --->   Operation 203 'call' 'tmp_i' <Predicate = true> <Delay = 7.28> <CoreType = "Generic">   --->   Generic Core

State 77 <SV = 66> <Delay = 7.28>
ST_77 : Operation 204 [8/62] (7.28ns)   --->   "%tmp_i = call i32 @generic_tanh<float>, i32 %acc_1, i58 %table_exp_Z1_ap_ufixed_58_1_ap_q_mode_5_ap_o_mode_3_0_array, i26 %table_f_Z3_ap_ufixed_59_0_ap_q_mode_5_ap_o_mode_3_0_array, i42 %table_f_Z2_ap_ufixed_59_0_ap_q_mode_5_ap_o_mode_3_0_array" [C:\scratch\2025.1\hls_product\640\2025.1\src\shared\hls\clib\hlsmath\src\c++\tanhfloat.cpp:7->../hls_files/conv_pool.cpp:275->../hls_files/conv_pool.cpp:129]   --->   Operation 204 'call' 'tmp_i' <Predicate = true> <Delay = 7.28> <CoreType = "Generic">   --->   Generic Core

State 78 <SV = 67> <Delay = 7.28>
ST_78 : Operation 205 [7/62] (7.28ns)   --->   "%tmp_i = call i32 @generic_tanh<float>, i32 %acc_1, i58 %table_exp_Z1_ap_ufixed_58_1_ap_q_mode_5_ap_o_mode_3_0_array, i26 %table_f_Z3_ap_ufixed_59_0_ap_q_mode_5_ap_o_mode_3_0_array, i42 %table_f_Z2_ap_ufixed_59_0_ap_q_mode_5_ap_o_mode_3_0_array" [C:\scratch\2025.1\hls_product\640\2025.1\src\shared\hls\clib\hlsmath\src\c++\tanhfloat.cpp:7->../hls_files/conv_pool.cpp:275->../hls_files/conv_pool.cpp:129]   --->   Operation 205 'call' 'tmp_i' <Predicate = true> <Delay = 7.28> <CoreType = "Generic">   --->   Generic Core

State 79 <SV = 68> <Delay = 7.28>
ST_79 : Operation 206 [6/62] (7.28ns)   --->   "%tmp_i = call i32 @generic_tanh<float>, i32 %acc_1, i58 %table_exp_Z1_ap_ufixed_58_1_ap_q_mode_5_ap_o_mode_3_0_array, i26 %table_f_Z3_ap_ufixed_59_0_ap_q_mode_5_ap_o_mode_3_0_array, i42 %table_f_Z2_ap_ufixed_59_0_ap_q_mode_5_ap_o_mode_3_0_array" [C:\scratch\2025.1\hls_product\640\2025.1\src\shared\hls\clib\hlsmath\src\c++\tanhfloat.cpp:7->../hls_files/conv_pool.cpp:275->../hls_files/conv_pool.cpp:129]   --->   Operation 206 'call' 'tmp_i' <Predicate = true> <Delay = 7.28> <CoreType = "Generic">   --->   Generic Core

State 80 <SV = 69> <Delay = 7.28>
ST_80 : Operation 207 [5/62] (7.28ns)   --->   "%tmp_i = call i32 @generic_tanh<float>, i32 %acc_1, i58 %table_exp_Z1_ap_ufixed_58_1_ap_q_mode_5_ap_o_mode_3_0_array, i26 %table_f_Z3_ap_ufixed_59_0_ap_q_mode_5_ap_o_mode_3_0_array, i42 %table_f_Z2_ap_ufixed_59_0_ap_q_mode_5_ap_o_mode_3_0_array" [C:\scratch\2025.1\hls_product\640\2025.1\src\shared\hls\clib\hlsmath\src\c++\tanhfloat.cpp:7->../hls_files/conv_pool.cpp:275->../hls_files/conv_pool.cpp:129]   --->   Operation 207 'call' 'tmp_i' <Predicate = true> <Delay = 7.28> <CoreType = "Generic">   --->   Generic Core

State 81 <SV = 70> <Delay = 7.28>
ST_81 : Operation 208 [4/62] (7.28ns)   --->   "%tmp_i = call i32 @generic_tanh<float>, i32 %acc_1, i58 %table_exp_Z1_ap_ufixed_58_1_ap_q_mode_5_ap_o_mode_3_0_array, i26 %table_f_Z3_ap_ufixed_59_0_ap_q_mode_5_ap_o_mode_3_0_array, i42 %table_f_Z2_ap_ufixed_59_0_ap_q_mode_5_ap_o_mode_3_0_array" [C:\scratch\2025.1\hls_product\640\2025.1\src\shared\hls\clib\hlsmath\src\c++\tanhfloat.cpp:7->../hls_files/conv_pool.cpp:275->../hls_files/conv_pool.cpp:129]   --->   Operation 208 'call' 'tmp_i' <Predicate = true> <Delay = 7.28> <CoreType = "Generic">   --->   Generic Core

State 82 <SV = 71> <Delay = 7.28>
ST_82 : Operation 209 [3/62] (7.28ns)   --->   "%tmp_i = call i32 @generic_tanh<float>, i32 %acc_1, i58 %table_exp_Z1_ap_ufixed_58_1_ap_q_mode_5_ap_o_mode_3_0_array, i26 %table_f_Z3_ap_ufixed_59_0_ap_q_mode_5_ap_o_mode_3_0_array, i42 %table_f_Z2_ap_ufixed_59_0_ap_q_mode_5_ap_o_mode_3_0_array" [C:\scratch\2025.1\hls_product\640\2025.1\src\shared\hls\clib\hlsmath\src\c++\tanhfloat.cpp:7->../hls_files/conv_pool.cpp:275->../hls_files/conv_pool.cpp:129]   --->   Operation 209 'call' 'tmp_i' <Predicate = true> <Delay = 7.28> <CoreType = "Generic">   --->   Generic Core

State 83 <SV = 72> <Delay = 7.28>
ST_83 : Operation 210 [2/62] (7.28ns)   --->   "%tmp_i = call i32 @generic_tanh<float>, i32 %acc_1, i58 %table_exp_Z1_ap_ufixed_58_1_ap_q_mode_5_ap_o_mode_3_0_array, i26 %table_f_Z3_ap_ufixed_59_0_ap_q_mode_5_ap_o_mode_3_0_array, i42 %table_f_Z2_ap_ufixed_59_0_ap_q_mode_5_ap_o_mode_3_0_array" [C:\scratch\2025.1\hls_product\640\2025.1\src\shared\hls\clib\hlsmath\src\c++\tanhfloat.cpp:7->../hls_files/conv_pool.cpp:275->../hls_files/conv_pool.cpp:129]   --->   Operation 210 'call' 'tmp_i' <Predicate = true> <Delay = 7.28> <CoreType = "Generic">   --->   Generic Core

State 84 <SV = 73> <Delay = 5.74>
ST_84 : Operation 211 [1/62] (2.97ns)   --->   "%tmp_i = call i32 @generic_tanh<float>, i32 %acc_1, i58 %table_exp_Z1_ap_ufixed_58_1_ap_q_mode_5_ap_o_mode_3_0_array, i26 %table_f_Z3_ap_ufixed_59_0_ap_q_mode_5_ap_o_mode_3_0_array, i42 %table_f_Z2_ap_ufixed_59_0_ap_q_mode_5_ap_o_mode_3_0_array" [C:\scratch\2025.1\hls_product\640\2025.1\src\shared\hls\clib\hlsmath\src\c++\tanhfloat.cpp:7->../hls_files/conv_pool.cpp:275->../hls_files/conv_pool.cpp:129]   --->   Operation 211 'call' 'tmp_i' <Predicate = true> <Delay = 2.97> <CoreType = "Generic">   --->   Generic Core
ST_84 : Operation 212 [1/1] (0.00ns)   --->   "%vec2_addr = getelementptr i32 %vec2, i64 0, i64 %zext_ln267" [../hls_files/conv_pool.cpp:275->../hls_files/conv_pool.cpp:129]   --->   Operation 212 'getelementptr' 'vec2_addr' <Predicate = true> <Delay = 0.00>
ST_84 : Operation 213 [1/1] ( I:2.77ns O:2.77ns )   --->   "%store_ln275 = store i32 %tmp_i, i5 %vec2_addr" [../hls_files/conv_pool.cpp:275->../hls_files/conv_pool.cpp:129]   --->   Operation 213 'store' 'store_ln275' <Predicate = true> <Delay = 2.77> <CoreInst = "RAM">   --->   Core 81 'RAM' <Latency = 1> <II = 1> <Delay = 2.77> <Storage> <Opcode : 'load' 'store'> <Ports = 2> <Width = 32> <Depth = 32> <RAM>
ST_84 : Operation 214 [1/1] (0.00ns)   --->   "%br_ln267 = br void %VITIS_LOOP_270_1.i.i" [../hls_files/conv_pool.cpp:267->../hls_files/conv_pool.cpp:129]   --->   Operation 214 'br' 'br_ln267' <Predicate = true> <Delay = 0.00>


============================================================
+ Verbose Summary: Binding
============================================================
STG Binding: 
---------------- STG Properties BEGIN ----------------
- Is combinational: 0
- Is one-state seq: 0
- Is datapath-only: 0
- Is pipelined: 0
- Is top level: 0
Port [ Return ] is wired: 1; IO mode=ap_ctrl_hs:ce=0
Port [ W3mem]:  wired=1; compound=1; hidden=0; nouse=0; global=0; static=0; extern=0; dir=0; type=4; pingpong=0; private_global=0; IO mode=m_axi:ce=0
Port [ FC1_W]:  wired=1; compound=0; hidden=0; nouse=0; global=0; static=0; extern=0; dir=0; type=0; pingpong=0; private_global=0; IO mode=ap_none:ce=0
Port [ B3mem]:  wired=1; compound=1; hidden=0; nouse=0; global=0; static=0; extern=0; dir=0; type=4; pingpong=0; private_global=0; IO mode=m_axi:ce=0
Port [ FC1_B]:  wired=1; compound=0; hidden=0; nouse=0; global=0; static=0; extern=0; dir=0; type=0; pingpong=0; private_global=0; IO mode=ap_none:ce=0
Port [ vec1]:  wired=1; compound=1; hidden=0; nouse=0; global=0; static=0; extern=0; dir=0; type=1; pingpong=1; private_global=0; MemPort=[13]; IO mode=ap_memory:ce=0
Port [ vec2]:  wired=1; compound=1; hidden=0; nouse=0; global=0; static=0; extern=0; dir=1; type=1; pingpong=1; private_global=0; MemPort=[03]; IO mode=ap_memory:ce=0
Port [ table_exp_Z1_ap_ufixed_58_1_ap_q_mode_5_ap_o_mode_3_0_array]:  wired=0; compound=1; hidden=1; nouse=1; global=1; static=1; extern=0; dir=0; type=1; pingpong=0; private_global=0; MemPort=[1]; IO mode=ap_memory:ce=0
Port [ table_f_Z3_ap_ufixed_59_0_ap_q_mode_5_ap_o_mode_3_0_array]:  wired=0; compound=1; hidden=1; nouse=1; global=1; static=1; extern=0; dir=0; type=1; pingpong=0; private_global=0; MemPort=[11]; IO mode=ap_memory:ce=0
Port [ table_f_Z2_ap_ufixed_59_0_ap_q_mode_5_ap_o_mode_3_0_array]:  wired=0; compound=1; hidden=1; nouse=1; global=1; static=1; extern=0; dir=0; type=1; pingpong=0; private_global=0; MemPort=[1]; IO mode=ap_memory:ce=0
---------------- STG Properties END ------------------

---------------- Datapath Model BEGIN ----------------

<LifeTime>
<method=bitvector/>
o                       (alloca           ) [ 0111111111111111111111111111111111111111111111111111111111111111111111111111111111111]
FC1_B_read              (read             ) [ 0000000000000000000000000000000000000000000000000000000000000000000000000000000000000]
FC1_W_read              (read             ) [ 0000000000000000000000000000000000000000000000000000000000000000000000000000000000000]
trunc_ln                (partselect       ) [ 0000000000000000000000000000000000000000000000000000000000000000000000000000000000000]
sext_ln267              (sext             ) [ 0000000000000000000000000000000000000000000000000000000000000000000000000000000000000]
W3mem_addr              (getelementptr    ) [ 0011111111111111111111111111111111111111111111111111111111111111111111111111111111111]
trunc_ln267_1           (partselect       ) [ 0000000000000000000000000000000000000000000000000000000000000000000000000000000000000]
sext_ln267_1            (sext             ) [ 0000000000000000000000000000000000000000000000000000000000000000000000000000000000000]
B3mem_addr              (getelementptr    ) [ 0011111111111111111111111111111111111111111111111111111111111111111111111111111111111]
store_ln267             (store            ) [ 0000000000000000000000000000000000000000000000000000000000000000000000000000000000000]
specinterface_ln0       (specinterface    ) [ 0000000000000000000000000000000000000000000000000000000000000000000000000000000000000]
specinterface_ln0       (specinterface    ) [ 0000000000000000000000000000000000000000000000000000000000000000000000000000000000000]
empty                   (readreq          ) [ 0000000000000000000000000000000000000000000000000000000000000000000000000000000000000]
empty_66                (readreq          ) [ 0000000000000000000000000000000000000000000000000000000000000000000000000000000000000]
br_ln267                (br               ) [ 0000000000000000000000000000000000000000000000000000000000000000000000000000000000000]
o_1                     (load             ) [ 0000000000110000000000000000000000000000000000000000000000000000000000000000000000000]
icmp_ln267              (icmp             ) [ 0000000000100000000000000000000000000000000000000000000000000000000000000000000000000]
add_ln267               (add              ) [ 0000000000011111111111100000000000000000000000000000000000000000000000000000000000000]
br_ln267                (br               ) [ 0000000000000000000000000000000000000000000000000000000000000000000000000000000000000]
B3mem_addr_read         (read             ) [ 0000000000010000000000000000000000000000000000000000000000000000000000000000000000000]
ret_ln0                 (ret              ) [ 0000000000000000000000000000000000000000000000000000000000000000000000000000000000000]
zext_ln267              (zext             ) [ 0000000000001111111111111111111111111111111111111111111111111111111111111111111111111]
specpipeline_ln268      (specpipeline     ) [ 0000000000000000000000000000000000000000000000000000000000000000000000000000000000000]
speclooptripcount_ln267 (speclooptripcount) [ 0000000000000000000000000000000000000000000000000000000000000000000000000000000000000]
specloopname_ln267      (specloopname     ) [ 0000000000000000000000000000000000000000000000000000000000000000000000000000000000000]
acc                     (bitcast          ) [ 0000000001111111111111111111111111111111111111111111111111111111111111111111111111111]
br_ln270                (br               ) [ 0000000001111111111111111111111111111111111111111111111111111111111111111111111111111]
i                       (phi              ) [ 0000000000001000000000000000000000000000000000000000000000000000000000000000000000000]
acc_1                   (phi              ) [ 0000000000001111111111110000000000000000000000000000000000000000000000000000000000000]
icmp_ln270              (icmp             ) [ 0000000001111111111111111111111111111111111111111111111111111111111111111111111111111]
add_ln270               (add              ) [ 0000000001111111111111111111111111111111111111111111111111111111111111111111111111111]
speclooptripcount_ln0   (speclooptripcount) [ 0000000000000000000000000000000000000000000000000000000000000000000000000000000000000]
br_ln270                (br               ) [ 0000000000000000000000000000000000000000000000000000000000000000000000000000000000000]
zext_ln270              (zext             ) [ 0000000000000000000000000000000000000000000000000000000000000000000000000000000000000]
vec1_addr               (getelementptr    ) [ 0000000000000100000000000000000000000000000000000000000000000000000000000000000000000]
store_ln267             (store            ) [ 0000000000000000000000000000000000000000000000000000000000000000000000000000000000000]
vec1_load               (load             ) [ 0000000000000011110000000000000000000000000000000000000000000000000000000000000000000]
W3mem_addr_read         (read             ) [ 0000000000000010000000000000000000000000000000000000000000000000000000000000000000000]
bitcast_ln272           (bitcast          ) [ 0000000000000001110000000000000000000000000000000000000000000000000000000000000000000]
mul9_i_i                (fmul             ) [ 0000000000000000001111100000000000000000000000000000000000000000000000000000000000000]
specloopname_ln270      (specloopname     ) [ 0000000000000000000000000000000000000000000000000000000000000000000000000000000000000]
acc_2                   (fadd             ) [ 0000000001111111111111111111111111111111111111111111111111111111111111111111111111111]
br_ln270                (br               ) [ 0000000001111111111111111111111111111111111111111111111111111111111111111111111111111]
tmp_i                   (call             ) [ 0000000000000000000000000000000000000000000000000000000000000000000000000000000000000]
vec2_addr               (getelementptr    ) [ 0000000000000000000000000000000000000000000000000000000000000000000000000000000000000]
store_ln275             (store            ) [ 0000000000000000000000000000000000000000000000000000000000000000000000000000000000000]
br_ln267                (br               ) [ 0000000000000000000000000000000000000000000000000000000000000000000000000000000000000]
</LifeTime>

<model>

<comp_list>
<comp id="0" class="1000" name="W3mem">
<pin_list>
<pin id="1" dir="1" index="0" bw="1" slack="0"/>
</pin_list>
<bind>
<StgValue><ssdm name="W3mem"/><MemPortTyVec>0 </MemPortTyVec>
</StgValue>
</bind>
</comp>

<comp id="2" class="1000" name="FC1_W">
<pin_list>
<pin id="3" dir="1" index="0" bw="1" slack="0"/>
</pin_list>
<bind>
<StgValue><ssdm name="FC1_W"/></StgValue>
</bind>
</comp>

<comp id="4" class="1000" name="B3mem">
<pin_list>
<pin id="5" dir="1" index="0" bw="1" slack="0"/>
</pin_list>
<bind>
<StgValue><ssdm name="B3mem"/><MemPortTyVec>0 </MemPortTyVec>
</StgValue>
</bind>
</comp>

<comp id="6" class="1000" name="FC1_B">
<pin_list>
<pin id="7" dir="1" index="0" bw="1" slack="0"/>
</pin_list>
<bind>
<StgValue><ssdm name="FC1_B"/></StgValue>
</bind>
</comp>

<comp id="8" class="1000" name="vec1">
<pin_list>
<pin id="9" dir="1" index="0" bw="1" slack="0"/>
</pin_list>
<bind>
<StgValue><ssdm name="vec1"/><MemPortTyVec>1 3 </MemPortTyVec>
</StgValue>
</bind>
</comp>

<comp id="10" class="1000" name="vec2">
<pin_list>
<pin id="11" dir="1" index="0" bw="1" slack="0"/>
</pin_list>
<bind>
<StgValue><ssdm name="vec2"/><MemPortTyVec>0 3 </MemPortTyVec>
</StgValue>
</bind>
</comp>

<comp id="12" class="1000" name="table_exp_Z1_ap_ufixed_58_1_ap_q_mode_5_ap_o_mode_3_0_array">
<pin_list>
<pin id="13" dir="1" index="0" bw="1" slack="0"/>
</pin_list>
<bind>
<StgValue><ssdm name="table_exp_Z1_ap_ufixed_58_1_ap_q_mode_5_ap_o_mode_3_0_array"/><MemPortTyVec>1 </MemPortTyVec>
</StgValue>
</bind>
</comp>

<comp id="14" class="1000" name="table_f_Z3_ap_ufixed_59_0_ap_q_mode_5_ap_o_mode_3_0_array">
<pin_list>
<pin id="15" dir="1" index="0" bw="1" slack="0"/>
</pin_list>
<bind>
<StgValue><ssdm name="table_f_Z3_ap_ufixed_59_0_ap_q_mode_5_ap_o_mode_3_0_array"/><MemPortTyVec>1 1 </MemPortTyVec>
</StgValue>
</bind>
</comp>

<comp id="16" class="1000" name="table_f_Z2_ap_ufixed_59_0_ap_q_mode_5_ap_o_mode_3_0_array">
<pin_list>
<pin id="17" dir="1" index="0" bw="1" slack="0"/>
</pin_list>
<bind>
<StgValue><ssdm name="table_f_Z2_ap_ufixed_59_0_ap_q_mode_5_ap_o_mode_3_0_array"/><MemPortTyVec>1 </MemPortTyVec>
</StgValue>
</bind>
</comp>

<comp id="18" class="1001" name="const_18">
<pin_list>
<pin id="19" dir="1" index="0" bw="1" slack="0"/>
</pin_list>
<bind>
<StgValue><ssdm name=""/></StgValue>
</bind>
</comp>

<comp id="20" class="1001" name="const_20">
<pin_list>
<pin id="21" dir="1" index="0" bw="1" slack="0"/>
</pin_list>
<bind>
<StgValue><ssdm name="_ssdm_op_Read.ap_auto.i64"/></StgValue>
</bind>
</comp>

<comp id="22" class="1001" name="const_22">
<pin_list>
<pin id="23" dir="1" index="0" bw="1" slack="0"/>
</pin_list>
<bind>
<StgValue><ssdm name="_ssdm_op_PartSelect.i62.i64.i32.i32"/></StgValue>
</bind>
</comp>

<comp id="24" class="1001" name="const_24">
<pin_list>
<pin id="25" dir="1" index="0" bw="1" slack="0"/>
</pin_list>
<bind>
<StgValue><ssdm name=""/></StgValue>
</bind>
</comp>

<comp id="26" class="1001" name="const_26">
<pin_list>
<pin id="27" dir="1" index="0" bw="1" slack="0"/>
</pin_list>
<bind>
<StgValue><ssdm name=""/></StgValue>
</bind>
</comp>

<comp id="28" class="1001" name="const_28">
<pin_list>
<pin id="29" dir="1" index="0" bw="1" slack="0"/>
</pin_list>
<bind>
<StgValue><ssdm name="_ssdm_op_ReadReq.m_axi.p1i32"/></StgValue>
</bind>
</comp>

<comp id="30" class="1001" name="const_30">
<pin_list>
<pin id="31" dir="1" index="0" bw="1" slack="0"/>
</pin_list>
<bind>
<StgValue><ssdm name=""/></StgValue>
</bind>
</comp>

<comp id="32" class="1001" name="const_32">
<pin_list>
<pin id="33" dir="1" index="0" bw="1" slack="0"/>
</pin_list>
<bind>
<StgValue><ssdm name=""/></StgValue>
</bind>
</comp>

<comp id="34" class="1001" name="const_34">
<pin_list>
<pin id="35" dir="1" index="0" bw="1" slack="0"/>
</pin_list>
<bind>
<StgValue><ssdm name=""/></StgValue>
</bind>
</comp>

<comp id="36" class="1001" name="const_36">
<pin_list>
<pin id="37" dir="1" index="0" bw="1" slack="2147483647"/>
</pin_list>
<bind>
<StgValue><ssdm name="_ssdm_op_SpecInterface"/></StgValue>
</bind>
</comp>

<comp id="38" class="1001" name="const_38">
<pin_list>
<pin id="39" dir="1" index="0" bw="1" slack="2147483647"/>
</pin_list>
<bind>
<StgValue><ssdm name="empty_0"/></StgValue>
</bind>
</comp>

<comp id="40" class="1001" name="const_40">
<pin_list>
<pin id="41" dir="1" index="0" bw="1" slack="2147483647"/>
</pin_list>
<bind>
<StgValue><ssdm name=""/></StgValue>
</bind>
</comp>

<comp id="42" class="1001" name="const_42">
<pin_list>
<pin id="43" dir="1" index="0" bw="1" slack="2147483647"/>
</pin_list>
<bind>
<StgValue><ssdm name="empty_17"/></StgValue>
</bind>
</comp>

<comp id="44" class="1001" name="const_44">
<pin_list>
<pin id="45" dir="1" index="0" bw="1" slack="2147483647"/>
</pin_list>
<bind>
<StgValue><ssdm name=""/></StgValue>
</bind>
</comp>

<comp id="46" class="1001" name="const_46">
<pin_list>
<pin id="47" dir="1" index="0" bw="1" slack="2147483647"/>
</pin_list>
<bind>
<StgValue><ssdm name="empty_15"/></StgValue>
</bind>
</comp>

<comp id="48" class="1001" name="const_48">
<pin_list>
<pin id="49" dir="1" index="0" bw="1" slack="2147483647"/>
</pin_list>
<bind>
<StgValue><ssdm name="empty_10"/></StgValue>
</bind>
</comp>

<comp id="50" class="1001" name="const_50">
<pin_list>
<pin id="51" dir="1" index="0" bw="1" slack="2147483647"/>
</pin_list>
<bind>
<StgValue><ssdm name=""/></StgValue>
</bind>
</comp>

<comp id="52" class="1001" name="const_52">
<pin_list>
<pin id="53" dir="1" index="0" bw="1" slack="2147483647"/>
</pin_list>
<bind>
<StgValue><ssdm name=""/></StgValue>
</bind>
</comp>

<comp id="54" class="1001" name="const_54">
<pin_list>
<pin id="55" dir="1" index="0" bw="1" slack="2147483647"/>
</pin_list>
<bind>
<StgValue><ssdm name=""/></StgValue>
</bind>
</comp>

<comp id="56" class="1001" name="const_56">
<pin_list>
<pin id="57" dir="1" index="0" bw="1" slack="2147483647"/>
</pin_list>
<bind>
<StgValue><ssdm name="empty_14"/></StgValue>
</bind>
</comp>

<comp id="58" class="1001" name="const_58">
<pin_list>
<pin id="59" dir="1" index="0" bw="1" slack="0"/>
</pin_list>
<bind>
<StgValue><ssdm name=""/></StgValue>
</bind>
</comp>

<comp id="60" class="1001" name="const_60">
<pin_list>
<pin id="61" dir="1" index="0" bw="1" slack="0"/>
</pin_list>
<bind>
<StgValue><ssdm name=""/></StgValue>
</bind>
</comp>

<comp id="62" class="1001" name="const_62">
<pin_list>
<pin id="63" dir="1" index="0" bw="1" slack="0"/>
</pin_list>
<bind>
<StgValue><ssdm name="_ssdm_op_Read.m_axi.p1i32"/></StgValue>
</bind>
</comp>

<comp id="64" class="1001" name="const_64">
<pin_list>
<pin id="65" dir="1" index="0" bw="1" slack="2147483647"/>
</pin_list>
<bind>
<StgValue><ssdm name="_ssdm_op_SpecPipeline"/></StgValue>
</bind>
</comp>

<comp id="66" class="1001" name="const_66">
<pin_list>
<pin id="67" dir="1" index="0" bw="1" slack="2147483647"/>
</pin_list>
<bind>
<StgValue><ssdm name=""/></StgValue>
</bind>
</comp>

<comp id="68" class="1001" name="const_68">
<pin_list>
<pin id="69" dir="1" index="0" bw="1" slack="2147483647"/>
</pin_list>
<bind>
<StgValue><ssdm name="_ssdm_op_SpecLoopTripCount"/></StgValue>
</bind>
</comp>

<comp id="70" class="1001" name="const_70">
<pin_list>
<pin id="71" dir="1" index="0" bw="1" slack="2147483647"/>
</pin_list>
<bind>
<StgValue><ssdm name="_ssdm_op_SpecLoopName"/></StgValue>
</bind>
</comp>

<comp id="72" class="1001" name="const_72">
<pin_list>
<pin id="73" dir="1" index="0" bw="1" slack="2147483647"/>
</pin_list>
<bind>
<StgValue><ssdm name="empty_5"/></StgValue>
</bind>
</comp>

<comp id="74" class="1001" name="const_74">
<pin_list>
<pin id="75" dir="1" index="0" bw="1" slack="1"/>
</pin_list>
<bind>
<StgValue><ssdm name=""/></StgValue>
</bind>
</comp>

<comp id="76" class="1001" name="const_76">
<pin_list>
<pin id="77" dir="1" index="0" bw="1" slack="0"/>
</pin_list>
<bind>
<StgValue><ssdm name=""/></StgValue>
</bind>
</comp>

<comp id="78" class="1001" name="const_78">
<pin_list>
<pin id="79" dir="1" index="0" bw="1" slack="0"/>
</pin_list>
<bind>
<StgValue><ssdm name=""/></StgValue>
</bind>
</comp>

<comp id="80" class="1001" name="const_80">
<pin_list>
<pin id="81" dir="1" index="0" bw="1" slack="2147483647"/>
</pin_list>
<bind>
<StgValue><ssdm name=""/></StgValue>
</bind>
</comp>

<comp id="82" class="1001" name="const_82">
<pin_list>
<pin id="83" dir="1" index="0" bw="1" slack="0"/>
</pin_list>
<bind>
<StgValue><ssdm name=""/></StgValue>
</bind>
</comp>

<comp id="84" class="1001" name="const_84">
<pin_list>
<pin id="85" dir="1" index="0" bw="1" slack="2147483647"/>
</pin_list>
<bind>
<StgValue><ssdm name="empty_4"/></StgValue>
</bind>
</comp>

<comp id="86" class="1001" name="const_86">
<pin_list>
<pin id="87" dir="1" index="0" bw="1" slack="0"/>
</pin_list>
<bind>
<StgValue><ssdm name="generic_tanh<float>"/></StgValue>
</bind>
</comp>

<comp id="88" class="1004" name="o_fu_88">
<pin_list>
<pin id="89" dir="0" index="0" bw="1" slack="0"/>
<pin id="90" dir="1" index="1" bw="6" slack="0"/>
</pin_list>
<bind>
<opcode="alloca(26) " fcode="alloca"/>
<opset="o/1 "/>
</bind>
</comp>

<comp id="92" class="1004" name="FC1_B_read_read_fu_92">
<pin_list>
<pin id="93" dir="0" index="0" bw="64" slack="0"/>
<pin id="94" dir="0" index="1" bw="64" slack="0"/>
<pin id="95" dir="1" index="2" bw="64" slack="0"/>
</pin_list>
<bind>
<opcode="read(1150) " fcode="read"/>
<opset="FC1_B_read/1 "/>
</bind>
</comp>

<comp id="98" class="1004" name="FC1_W_read_read_fu_98">
<pin_list>
<pin id="99" dir="0" index="0" bw="64" slack="0"/>
<pin id="100" dir="0" index="1" bw="64" slack="0"/>
<pin id="101" dir="1" index="2" bw="64" slack="0"/>
</pin_list>
<bind>
<opcode="read(1150) " fcode="read"/>
<opset="FC1_W_read/1 "/>
</bind>
</comp>

<comp id="104" class="1004" name="vec1_addr_gep_fu_104">
<pin_list>
<pin id="105" dir="0" index="0" bw="32" slack="0"/>
<pin id="106" dir="0" index="1" bw="1" slack="0"/>
<pin id="107" dir="0" index="2" bw="17" slack="0"/>
<pin id="108" dir="1" index="3" bw="17" slack="0"/>
</pin_list>
<bind>
<opcode="getelementptr(29) " fcode="getelementptr"/>
<opset="vec1_addr/12 "/>
</bind>
</comp>

<comp id="111" class="1004" name="grp_access_fu_111">
<pin_list>
<pin id="112" dir="0" index="0" bw="17" slack="0"/>
<pin id="113" dir="0" index="1" bw="32" slack="2147483647"/>
<pin id="114" dir="0" index="2" bw="0" slack="2147483647"/>
<pin id="115" dir="1" index="3" bw="32" slack="1"/>
</pin_list>
<bind>
<opcode="load(27) " fcode="load"/>
<opset="vec1_load/12 "/>
</bind>
</comp>

<comp id="117" class="1004" name="vec2_addr_gep_fu_117">
<pin_list>
<pin id="118" dir="0" index="0" bw="32" slack="0"/>
<pin id="119" dir="0" index="1" bw="1" slack="0"/>
<pin id="120" dir="0" index="2" bw="6" slack="63"/>
<pin id="121" dir="1" index="3" bw="5" slack="0"/>
</pin_list>
<bind>
<opcode="getelementptr(29) " fcode="getelementptr"/>
<opset="vec2_addr/84 "/>
</bind>
</comp>

<comp id="124" class="1004" name="store_ln275_access_fu_124">
<pin_list>
<pin id="125" dir="0" index="0" bw="5" slack="0"/>
<pin id="126" dir="0" index="1" bw="32" slack="0"/>
<pin id="127" dir="0" index="2" bw="0" slack="2147483647"/>
<pin id="128" dir="1" index="3" bw="32" slack="2147483647"/>
</pin_list>
<bind>
<opcode="store(28) " fcode="store"/>
<opset="store_ln275/84 "/>
</bind>
</comp>

<comp id="130" class="1004" name="grp_readreq_fu_130">
<pin_list>
<pin id="131" dir="0" index="0" bw="1" slack="0"/>
<pin id="132" dir="0" index="1" bw="32" slack="0"/>
<pin id="133" dir="0" index="2" bw="23" slack="0"/>
<pin id="134" dir="1" index="3" bw="1" slack="2147483647"/>
</pin_list>
<bind>
<opcode="readreq(1154) " fcode="readreq"/>
<opset="empty/1 "/>
</bind>
</comp>

<comp id="137" class="1004" name="grp_readreq_fu_137">
<pin_list>
<pin id="138" dir="0" index="0" bw="1" slack="0"/>
<pin id="139" dir="0" index="1" bw="32" slack="0"/>
<pin id="140" dir="0" index="2" bw="7" slack="0"/>
<pin id="141" dir="1" index="3" bw="1" slack="2147483647"/>
</pin_list>
<bind>
<opcode="readreq(1154) " fcode="readreq"/>
<opset="empty_66/1 "/>
</bind>
</comp>

<comp id="144" class="1004" name="B3mem_addr_read_read_fu_144">
<pin_list>
<pin id="145" dir="0" index="0" bw="32" slack="0"/>
<pin id="146" dir="0" index="1" bw="32" slack="9"/>
<pin id="147" dir="1" index="2" bw="32" slack="1"/>
</pin_list>
<bind>
<opcode="read(1150) " fcode="read"/>
<opset="B3mem_addr_read/10 "/>
</bind>
</comp>

<comp id="149" class="1004" name="W3mem_addr_read_read_fu_149">
<pin_list>
<pin id="150" dir="0" index="0" bw="32" slack="0"/>
<pin id="151" dir="0" index="1" bw="32" slack="12"/>
<pin id="152" dir="1" index="2" bw="32" slack="1"/>
</pin_list>
<bind>
<opcode="read(1150) " fcode="read"/>
<opset="W3mem_addr_read/13 "/>
</bind>
</comp>

<comp id="154" class="1005" name="i_reg_154">
<pin_list>
<pin id="155" dir="0" index="0" bw="17" slack="1"/>
<pin id="156" dir="1" index="1" bw="17" slack="1"/>
</pin_list>
<bind>
<opset="i (phireg) "/>
</bind>
</comp>

<comp id="158" class="1004" name="i_phi_fu_158">
<pin_list>
<pin id="159" dir="0" index="0" bw="1" slack="1"/>
<pin id="160" dir="0" index="1" bw="0" slack="2147483647"/>
<pin id="161" dir="0" index="2" bw="17" slack="0"/>
<pin id="162" dir="0" index="3" bw="0" slack="2147483647"/>
<pin id="163" dir="1" index="4" bw="17" slack="0"/>
</pin_list>
<bind>
<opcode="phi(47) " fcode="phi"/>
<opset="i/12 "/>
</bind>
</comp>

<comp id="165" class="1005" name="acc_1_reg_165">
<pin_list>
<pin id="166" dir="0" index="0" bw="32" slack="1"/>
<pin id="167" dir="1" index="1" bw="32" slack="1"/>
</pin_list>
<bind>
<opset="acc_1 (phireg) "/>
</bind>
</comp>

<comp id="168" class="1004" name="acc_1_phi_fu_168">
<pin_list>
<pin id="169" dir="0" index="0" bw="32" slack="1"/>
<pin id="170" dir="0" index="1" bw="0" slack="2147483647"/>
<pin id="171" dir="0" index="2" bw="32" slack="1"/>
<pin id="172" dir="0" index="3" bw="0" slack="2147483647"/>
<pin id="173" dir="1" index="4" bw="32" slack="1"/>
</pin_list>
<bind>
<opcode="phi(47) " fcode="phi"/>
<opset="acc_1/12 "/>
</bind>
</comp>

<comp id="175" class="1004" name="grp_generic_tanh_float_s_fu_175">
<pin_list>
<pin id="176" dir="0" index="0" bw="32" slack="0"/>
<pin id="177" dir="0" index="1" bw="32" slack="1"/>
<pin id="178" dir="0" index="2" bw="58" slack="0"/>
<pin id="179" dir="0" index="3" bw="26" slack="0"/>
<pin id="180" dir="0" index="4" bw="42" slack="0"/>
<pin id="181" dir="1" index="5" bw="32" slack="0"/>
</pin_list>
<bind>
<opcode="call(48) " fcode="call"/>
<opset="tmp_i/23 "/>
</bind>
</comp>

<comp id="188" class="1004" name="grp_fu_188">
<pin_list>
<pin id="189" dir="0" index="0" bw="32" slack="6"/>
<pin id="190" dir="0" index="1" bw="32" slack="1"/>
<pin id="191" dir="1" index="2" bw="32" slack="1"/>
</pin_list>
<bind>
<opcode="fadd(9) fsub(11) " fcode="fadd"/>
<opset="acc_2/18 add/1 x/2 add2/39 "/>
</bind>
</comp>

<comp id="193" class="1004" name="grp_fu_193">
<pin_list>
<pin id="194" dir="0" index="0" bw="32" slack="1"/>
<pin id="195" dir="0" index="1" bw="32" slack="0"/>
<pin id="196" dir="1" index="2" bw="32" slack="1"/>
</pin_list>
<bind>
<opcode="fmul(13) " fcode="fmul"/>
<opset="mul9_i_i/14 resultf/6 "/>
</bind>
</comp>

<comp id="197" class="1004" name="trunc_ln_fu_197">
<pin_list>
<pin id="198" dir="0" index="0" bw="62" slack="0"/>
<pin id="199" dir="0" index="1" bw="64" slack="0"/>
<pin id="200" dir="0" index="2" bw="3" slack="0"/>
<pin id="201" dir="0" index="3" bw="7" slack="0"/>
<pin id="202" dir="1" index="4" bw="62" slack="0"/>
</pin_list>
<bind>
<opcode="partselect(1002) " fcode="partselect"/>
<opset="trunc_ln/1 "/>
</bind>
</comp>

<comp id="207" class="1004" name="sext_ln267_fu_207">
<pin_list>
<pin id="208" dir="0" index="0" bw="62" slack="0"/>
<pin id="209" dir="1" index="1" bw="64" slack="0"/>
</pin_list>
<bind>
<opcode="sext(35) " fcode="sext"/>
<opset="sext_ln267/1 "/>
</bind>
</comp>

<comp id="211" class="1004" name="W3mem_addr_fu_211">
<pin_list>
<pin id="212" dir="0" index="0" bw="64" slack="0"/>
<pin id="213" dir="0" index="1" bw="64" slack="0"/>
<pin id="214" dir="1" index="2" bw="64" slack="0"/>
</pin_list>
<bind>
<opcode="getelementptr(29) " fcode="getelementptr"/>
<opset="W3mem_addr/1 "/>
</bind>
</comp>

<comp id="218" class="1004" name="trunc_ln267_1_fu_218">
<pin_list>
<pin id="219" dir="0" index="0" bw="62" slack="0"/>
<pin id="220" dir="0" index="1" bw="64" slack="0"/>
<pin id="221" dir="0" index="2" bw="3" slack="0"/>
<pin id="222" dir="0" index="3" bw="7" slack="0"/>
<pin id="223" dir="1" index="4" bw="62" slack="0"/>
</pin_list>
<bind>
<opcode="partselect(1002) " fcode="partselect"/>
<opset="trunc_ln267_1/1 "/>
</bind>
</comp>

<comp id="228" class="1004" name="sext_ln267_1_fu_228">
<pin_list>
<pin id="229" dir="0" index="0" bw="62" slack="0"/>
<pin id="230" dir="1" index="1" bw="64" slack="0"/>
</pin_list>
<bind>
<opcode="sext(35) " fcode="sext"/>
<opset="sext_ln267_1/1 "/>
</bind>
</comp>

<comp id="232" class="1004" name="B3mem_addr_fu_232">
<pin_list>
<pin id="233" dir="0" index="0" bw="64" slack="0"/>
<pin id="234" dir="0" index="1" bw="64" slack="0"/>
<pin id="235" dir="1" index="2" bw="64" slack="0"/>
</pin_list>
<bind>
<opcode="getelementptr(29) " fcode="getelementptr"/>
<opset="B3mem_addr/1 "/>
</bind>
</comp>

<comp id="239" class="1004" name="store_ln267_store_fu_239">
<pin_list>
<pin id="240" dir="0" index="0" bw="1" slack="0"/>
<pin id="241" dir="0" index="1" bw="6" slack="0"/>
<pin id="242" dir="1" index="2" bw="0" slack="2147483647"/>
</pin_list>
<bind>
<opcode="store(28) " fcode="store"/>
<opset="store_ln267/1 "/>
</bind>
</comp>

<comp id="244" class="1004" name="o_1_load_fu_244">
<pin_list>
<pin id="245" dir="0" index="0" bw="6" slack="8"/>
<pin id="246" dir="1" index="1" bw="6" slack="0"/>
</pin_list>
<bind>
<opcode="load(27) " fcode="load"/>
<opset="o_1/9 "/>
</bind>
</comp>

<comp id="247" class="1004" name="icmp_ln267_fu_247">
<pin_list>
<pin id="248" dir="0" index="0" bw="6" slack="0"/>
<pin id="249" dir="0" index="1" bw="6" slack="0"/>
<pin id="250" dir="1" index="2" bw="1" slack="1"/>
</pin_list>
<bind>
<opcode="icmp(45) " fcode="icmp"/>
<opset="icmp_ln267/9 "/>
</bind>
</comp>

<comp id="253" class="1004" name="add_ln267_fu_253">
<pin_list>
<pin id="254" dir="0" index="0" bw="6" slack="2147483647"/>
<pin id="255" dir="0" index="1" bw="1" slack="0"/>
<pin id="256" dir="1" index="2" bw="6" slack="2"/>
</pin_list>
<bind>
<opcode="add(8) " fcode="add"/>
<opset="add_ln267/10 "/>
</bind>
</comp>

<comp id="258" class="1004" name="zext_ln267_fu_258">
<pin_list>
<pin id="259" dir="0" index="0" bw="6" slack="2147483647"/>
<pin id="260" dir="1" index="1" bw="64" slack="63"/>
</pin_list>
<bind>
<opcode="zext(34) " fcode="zext"/>
<opset="zext_ln267/11 "/>
</bind>
</comp>

<comp id="261" class="1004" name="acc_fu_261">
<pin_list>
<pin id="262" dir="0" index="0" bw="32" slack="1"/>
<pin id="263" dir="1" index="1" bw="32" slack="1"/>
</pin_list>
<bind>
<opcode="bitcast(44) " fcode="bitcast"/>
<opset="acc/11 "/>
</bind>
</comp>

<comp id="264" class="1004" name="icmp_ln270_fu_264">
<pin_list>
<pin id="265" dir="0" index="0" bw="17" slack="0"/>
<pin id="266" dir="0" index="1" bw="17" slack="0"/>
<pin id="267" dir="1" index="2" bw="1" slack="2147483647"/>
</pin_list>
<bind>
<opcode="icmp(45) " fcode="icmp"/>
<opset="icmp_ln270/12 "/>
</bind>
</comp>

<comp id="270" class="1004" name="add_ln270_fu_270">
<pin_list>
<pin id="271" dir="0" index="0" bw="17" slack="0"/>
<pin id="272" dir="0" index="1" bw="1" slack="0"/>
<pin id="273" dir="1" index="2" bw="17" slack="0"/>
</pin_list>
<bind>
<opcode="add(8) " fcode="add"/>
<opset="add_ln270/12 "/>
</bind>
</comp>

<comp id="276" class="1004" name="zext_ln270_fu_276">
<pin_list>
<pin id="277" dir="0" index="0" bw="17" slack="0"/>
<pin id="278" dir="1" index="1" bw="64" slack="0"/>
</pin_list>
<bind>
<opcode="zext(34) " fcode="zext"/>
<opset="zext_ln270/12 "/>
</bind>
</comp>

<comp id="281" class="1004" name="store_ln267_store_fu_281">
<pin_list>
<pin id="282" dir="0" index="0" bw="6" slack="2"/>
<pin id="283" dir="0" index="1" bw="6" slack="11"/>
<pin id="284" dir="1" index="2" bw="0" slack="2147483647"/>
</pin_list>
<bind>
<opcode="store(28) " fcode="store"/>
<opset="store_ln267/12 "/>
</bind>
</comp>

<comp id="285" class="1004" name="bitcast_ln272_fu_285">
<pin_list>
<pin id="286" dir="0" index="0" bw="32" slack="1"/>
<pin id="287" dir="1" index="1" bw="32" slack="0"/>
</pin_list>
<bind>
<opcode="bitcast(44) " fcode="bitcast"/>
<opset="bitcast_ln272/14 "/>
</bind>
</comp>

<comp id="289" class="1005" name="o_reg_289">
<pin_list>
<pin id="290" dir="0" index="0" bw="6" slack="0"/>
<pin id="291" dir="1" index="1" bw="6" slack="0"/>
</pin_list>
<bind>
<opset="o "/>
</bind>
</comp>

<comp id="296" class="1005" name="W3mem_addr_reg_296">
<pin_list>
<pin id="297" dir="0" index="0" bw="32" slack="1"/>
<pin id="298" dir="1" index="1" bw="32" slack="1"/>
</pin_list>
<bind>
<opset="W3mem_addr "/>
</bind>
</comp>

<comp id="302" class="1005" name="B3mem_addr_reg_302">
<pin_list>
<pin id="303" dir="0" index="0" bw="32" slack="1"/>
<pin id="304" dir="1" index="1" bw="32" slack="1"/>
</pin_list>
<bind>
<opset="B3mem_addr "/>
</bind>
</comp>

<comp id="311" class="1005" name="icmp_ln267_reg_311">
<pin_list>
<pin id="312" dir="0" index="0" bw="1" slack="1"/>
<pin id="313" dir="1" index="1" bw="1" slack="2147483647"/>
</pin_list>
<bind>
<opset="icmp_ln267 "/>
</bind>
</comp>

<comp id="315" class="1005" name="add_ln267_reg_315">
<pin_list>
<pin id="316" dir="0" index="0" bw="6" slack="2"/>
<pin id="317" dir="1" index="1" bw="6" slack="2"/>
</pin_list>
<bind>
<opset="add_ln267 "/>
</bind>
</comp>

<comp id="320" class="1005" name="B3mem_addr_read_reg_320">
<pin_list>
<pin id="321" dir="0" index="0" bw="32" slack="1"/>
<pin id="322" dir="1" index="1" bw="32" slack="1"/>
</pin_list>
<bind>
<opset="B3mem_addr_read "/>
</bind>
</comp>

<comp id="325" class="1005" name="zext_ln267_reg_325">
<pin_list>
<pin id="326" dir="0" index="0" bw="64" slack="63"/>
<pin id="327" dir="1" index="1" bw="64" slack="63"/>
</pin_list>
<bind>
<opset="zext_ln267 "/>
</bind>
</comp>

<comp id="330" class="1005" name="acc_reg_330">
<pin_list>
<pin id="331" dir="0" index="0" bw="32" slack="1"/>
<pin id="332" dir="1" index="1" bw="32" slack="1"/>
</pin_list>
<bind>
<opset="acc "/>
</bind>
</comp>

<comp id="338" class="1005" name="add_ln270_reg_338">
<pin_list>
<pin id="339" dir="0" index="0" bw="17" slack="0"/>
<pin id="340" dir="1" index="1" bw="17" slack="0"/>
</pin_list>
<bind>
<opset="add_ln270 "/>
</bind>
</comp>

<comp id="343" class="1005" name="vec1_addr_reg_343">
<pin_list>
<pin id="344" dir="0" index="0" bw="17" slack="1"/>
<pin id="345" dir="1" index="1" bw="17" slack="1"/>
</pin_list>
<bind>
<opset="vec1_addr "/>
</bind>
</comp>

<comp id="348" class="1005" name="vec1_load_reg_348">
<pin_list>
<pin id="349" dir="0" index="0" bw="32" slack="1"/>
<pin id="350" dir="1" index="1" bw="32" slack="1"/>
</pin_list>
<bind>
<opset="vec1_load "/>
</bind>
</comp>

<comp id="353" class="1005" name="W3mem_addr_read_reg_353">
<pin_list>
<pin id="354" dir="0" index="0" bw="32" slack="1"/>
<pin id="355" dir="1" index="1" bw="32" slack="1"/>
</pin_list>
<bind>
<opset="W3mem_addr_read "/>
</bind>
</comp>

<comp id="358" class="1005" name="bitcast_ln272_reg_358">
<pin_list>
<pin id="359" dir="0" index="0" bw="32" slack="1"/>
<pin id="360" dir="1" index="1" bw="32" slack="1"/>
</pin_list>
<bind>
<opset="bitcast_ln272 "/>
</bind>
</comp>

<comp id="363" class="1005" name="mul9_i_i_reg_363">
<pin_list>
<pin id="364" dir="0" index="0" bw="32" slack="1"/>
<pin id="365" dir="1" index="1" bw="32" slack="1"/>
</pin_list>
<bind>
<opset="mul9_i_i "/>
</bind>
</comp>

<comp id="368" class="1005" name="acc_2_reg_368">
<pin_list>
<pin id="369" dir="0" index="0" bw="32" slack="1"/>
<pin id="370" dir="1" index="1" bw="32" slack="1"/>
</pin_list>
<bind>
<opset="acc_2 "/>
</bind>
</comp>

</comp_list>

<net_list>
<net id="91"><net_src comp="18" pin="0"/><net_sink comp="88" pin=0"/></net>

<net id="96"><net_src comp="20" pin="0"/><net_sink comp="92" pin=0"/></net>

<net id="97"><net_src comp="6" pin="0"/><net_sink comp="92" pin=1"/></net>

<net id="102"><net_src comp="20" pin="0"/><net_sink comp="98" pin=0"/></net>

<net id="103"><net_src comp="2" pin="0"/><net_sink comp="98" pin=1"/></net>

<net id="109"><net_src comp="8" pin="0"/><net_sink comp="104" pin=0"/></net>

<net id="110"><net_src comp="82" pin="0"/><net_sink comp="104" pin=1"/></net>

<net id="116"><net_src comp="104" pin="3"/><net_sink comp="111" pin=0"/></net>

<net id="122"><net_src comp="10" pin="0"/><net_sink comp="117" pin=0"/></net>

<net id="123"><net_src comp="82" pin="0"/><net_sink comp="117" pin=1"/></net>

<net id="129"><net_src comp="117" pin="3"/><net_sink comp="124" pin=0"/></net>

<net id="135"><net_src comp="28" pin="0"/><net_sink comp="130" pin=0"/></net>

<net id="136"><net_src comp="30" pin="0"/><net_sink comp="130" pin=2"/></net>

<net id="142"><net_src comp="28" pin="0"/><net_sink comp="137" pin=0"/></net>

<net id="143"><net_src comp="32" pin="0"/><net_sink comp="137" pin=2"/></net>

<net id="148"><net_src comp="62" pin="0"/><net_sink comp="144" pin=0"/></net>

<net id="153"><net_src comp="62" pin="0"/><net_sink comp="149" pin=0"/></net>

<net id="157"><net_src comp="74" pin="0"/><net_sink comp="154" pin=0"/></net>

<net id="164"><net_src comp="154" pin="1"/><net_sink comp="158" pin=0"/></net>

<net id="174"><net_src comp="168" pin="4"/><net_sink comp="165" pin=0"/></net>

<net id="182"><net_src comp="175" pin="5"/><net_sink comp="124" pin=1"/></net>

<net id="183"><net_src comp="86" pin="0"/><net_sink comp="175" pin=0"/></net>

<net id="184"><net_src comp="165" pin="1"/><net_sink comp="175" pin=1"/></net>

<net id="185"><net_src comp="12" pin="0"/><net_sink comp="175" pin=2"/></net>

<net id="186"><net_src comp="14" pin="0"/><net_sink comp="175" pin=3"/></net>

<net id="187"><net_src comp="16" pin="0"/><net_sink comp="175" pin=4"/></net>

<net id="192"><net_src comp="165" pin="1"/><net_sink comp="188" pin=0"/></net>

<net id="203"><net_src comp="22" pin="0"/><net_sink comp="197" pin=0"/></net>

<net id="204"><net_src comp="98" pin="2"/><net_sink comp="197" pin=1"/></net>

<net id="205"><net_src comp="24" pin="0"/><net_sink comp="197" pin=2"/></net>

<net id="206"><net_src comp="26" pin="0"/><net_sink comp="197" pin=3"/></net>

<net id="210"><net_src comp="197" pin="4"/><net_sink comp="207" pin=0"/></net>

<net id="215"><net_src comp="0" pin="0"/><net_sink comp="211" pin=0"/></net>

<net id="216"><net_src comp="207" pin="1"/><net_sink comp="211" pin=1"/></net>

<net id="217"><net_src comp="211" pin="2"/><net_sink comp="130" pin=1"/></net>

<net id="224"><net_src comp="22" pin="0"/><net_sink comp="218" pin=0"/></net>

<net id="225"><net_src comp="92" pin="2"/><net_sink comp="218" pin=1"/></net>

<net id="226"><net_src comp="24" pin="0"/><net_sink comp="218" pin=2"/></net>

<net id="227"><net_src comp="26" pin="0"/><net_sink comp="218" pin=3"/></net>

<net id="231"><net_src comp="218" pin="4"/><net_sink comp="228" pin=0"/></net>

<net id="236"><net_src comp="4" pin="0"/><net_sink comp="232" pin=0"/></net>

<net id="237"><net_src comp="228" pin="1"/><net_sink comp="232" pin=1"/></net>

<net id="238"><net_src comp="232" pin="2"/><net_sink comp="137" pin=1"/></net>

<net id="243"><net_src comp="34" pin="0"/><net_sink comp="239" pin=0"/></net>

<net id="251"><net_src comp="244" pin="1"/><net_sink comp="247" pin=0"/></net>

<net id="252"><net_src comp="58" pin="0"/><net_sink comp="247" pin=1"/></net>

<net id="257"><net_src comp="60" pin="0"/><net_sink comp="253" pin=1"/></net>

<net id="268"><net_src comp="158" pin="4"/><net_sink comp="264" pin=0"/></net>

<net id="269"><net_src comp="76" pin="0"/><net_sink comp="264" pin=1"/></net>

<net id="274"><net_src comp="158" pin="4"/><net_sink comp="270" pin=0"/></net>

<net id="275"><net_src comp="78" pin="0"/><net_sink comp="270" pin=1"/></net>

<net id="279"><net_src comp="158" pin="4"/><net_sink comp="276" pin=0"/></net>

<net id="280"><net_src comp="276" pin="1"/><net_sink comp="104" pin=2"/></net>

<net id="288"><net_src comp="285" pin="1"/><net_sink comp="193" pin=1"/></net>

<net id="292"><net_src comp="88" pin="1"/><net_sink comp="289" pin=0"/></net>

<net id="293"><net_src comp="289" pin="1"/><net_sink comp="239" pin=1"/></net>

<net id="294"><net_src comp="289" pin="1"/><net_sink comp="244" pin=0"/></net>

<net id="295"><net_src comp="289" pin="1"/><net_sink comp="281" pin=1"/></net>

<net id="299"><net_src comp="211" pin="2"/><net_sink comp="296" pin=0"/></net>

<net id="300"><net_src comp="296" pin="1"/><net_sink comp="130" pin=1"/></net>

<net id="301"><net_src comp="296" pin="1"/><net_sink comp="149" pin=1"/></net>

<net id="305"><net_src comp="232" pin="2"/><net_sink comp="302" pin=0"/></net>

<net id="306"><net_src comp="302" pin="1"/><net_sink comp="137" pin=1"/></net>

<net id="307"><net_src comp="302" pin="1"/><net_sink comp="144" pin=1"/></net>

<net id="314"><net_src comp="247" pin="2"/><net_sink comp="311" pin=0"/></net>

<net id="318"><net_src comp="253" pin="2"/><net_sink comp="315" pin=0"/></net>

<net id="319"><net_src comp="315" pin="1"/><net_sink comp="281" pin=0"/></net>

<net id="323"><net_src comp="144" pin="2"/><net_sink comp="320" pin=0"/></net>

<net id="324"><net_src comp="320" pin="1"/><net_sink comp="261" pin=0"/></net>

<net id="328"><net_src comp="258" pin="1"/><net_sink comp="325" pin=0"/></net>

<net id="329"><net_src comp="325" pin="1"/><net_sink comp="117" pin=2"/></net>

<net id="333"><net_src comp="261" pin="1"/><net_sink comp="330" pin=0"/></net>

<net id="334"><net_src comp="330" pin="1"/><net_sink comp="168" pin=0"/></net>

<net id="341"><net_src comp="270" pin="2"/><net_sink comp="338" pin=0"/></net>

<net id="342"><net_src comp="338" pin="1"/><net_sink comp="158" pin=2"/></net>

<net id="346"><net_src comp="104" pin="3"/><net_sink comp="343" pin=0"/></net>

<net id="347"><net_src comp="343" pin="1"/><net_sink comp="111" pin=0"/></net>

<net id="351"><net_src comp="111" pin="3"/><net_sink comp="348" pin=0"/></net>

<net id="352"><net_src comp="348" pin="1"/><net_sink comp="193" pin=0"/></net>

<net id="356"><net_src comp="149" pin="2"/><net_sink comp="353" pin=0"/></net>

<net id="357"><net_src comp="353" pin="1"/><net_sink comp="285" pin=0"/></net>

<net id="361"><net_src comp="285" pin="1"/><net_sink comp="358" pin=0"/></net>

<net id="362"><net_src comp="358" pin="1"/><net_sink comp="193" pin=1"/></net>

<net id="366"><net_src comp="193" pin="2"/><net_sink comp="363" pin=0"/></net>

<net id="367"><net_src comp="363" pin="1"/><net_sink comp="188" pin=1"/></net>

<net id="371"><net_src comp="188" pin="2"/><net_sink comp="368" pin=0"/></net>

<net id="372"><net_src comp="368" pin="1"/><net_sink comp="168" pin=2"/></net>

</net_list>

</model> 
---------------- Datapath Model END ------------------

* FSMD analyzer results:
  - Output states:
	Port: W3mem | {}
	Port: B3mem | {}
	Port: vec1 | {}
	Port: vec2 | {84 }
	Port: table_exp_Z1_ap_ufixed_58_1_ap_q_mode_5_ap_o_mode_3_0_array | {}
	Port: table_f_Z3_ap_ufixed_59_0_ap_q_mode_5_ap_o_mode_3_0_array | {}
	Port: table_f_Z2_ap_ufixed_59_0_ap_q_mode_5_ap_o_mode_3_0_array | {}
 - Input state : 
	Port: fc1 : W3mem | {1 2 3 4 5 6 7 8 13 }
	Port: fc1 : FC1_W | {1 }
	Port: fc1 : B3mem | {1 2 3 4 5 6 7 8 10 }
	Port: fc1 : FC1_B | {1 }
	Port: fc1 : vec1 | {12 13 }
	Port: fc1 : vec2 | {}
	Port: fc1 : table_exp_Z1_ap_ufixed_58_1_ap_q_mode_5_ap_o_mode_3_0_array | {47 48 }
	Port: fc1 : table_f_Z3_ap_ufixed_59_0_ap_q_mode_5_ap_o_mode_3_0_array | {41 42 }
	Port: fc1 : table_f_Z2_ap_ufixed_59_0_ap_q_mode_5_ap_o_mode_3_0_array | {44 45 }
  - Chain level:
	State 1
		sext_ln267 : 1
		W3mem_addr : 2
		empty : 3
		sext_ln267_1 : 1
		B3mem_addr : 2
		empty_66 : 3
		store_ln267 : 1
	State 2
	State 3
	State 4
	State 5
	State 6
	State 7
	State 8
	State 9
		icmp_ln267 : 1
	State 10
	State 11
	State 12
		icmp_ln270 : 1
		add_ln270 : 1
		br_ln270 : 2
		zext_ln270 : 1
		vec1_addr : 2
		vec1_load : 3
	State 13
	State 14
		mul9_i_i : 1
	State 15
	State 16
	State 17
	State 18
	State 19
	State 20
	State 21
	State 22
	State 23
	State 24
	State 25
	State 26
	State 27
	State 28
	State 29
	State 30
	State 31
	State 32
	State 33
	State 34
	State 35
	State 36
	State 37
	State 38
	State 39
	State 40
	State 41
	State 42
	State 43
	State 44
	State 45
	State 46
	State 47
	State 48
	State 49
	State 50
	State 51
	State 52
	State 53
	State 54
	State 55
	State 56
	State 57
	State 58
	State 59
	State 60
	State 61
	State 62
	State 63
	State 64
	State 65
	State 66
	State 67
	State 68
	State 69
	State 70
	State 71
	State 72
	State 73
	State 74
	State 75
	State 76
	State 77
	State 78
	State 79
	State 80
	State 81
	State 82
	State 83
	State 84
		store_ln275 : 1


============================================================
+ Verbose Summary: Datapath Resource usage 
============================================================

* Functional unit list:
|----------|---------------------------------|---------|---------|---------|---------|
| Operation|         Functional Unit         |   DSP   |  Delay  |    FF   |   LUT   |
|----------|---------------------------------|---------|---------|---------|---------|
|   call   | grp_generic_tanh_float_s_fu_175 |    39   | 27.9301 |   4516  |   4558  |
|----------|---------------------------------|---------|---------|---------|---------|
|   fadd   |            grp_fu_188           |    2    |    0    |   205   |   203   |
|----------|---------------------------------|---------|---------|---------|---------|
|   fmul   |            grp_fu_193           |    3    |    0    |   143   |   134   |
|----------|---------------------------------|---------|---------|---------|---------|
|   icmp   |        icmp_ln267_fu_247        |    0    |    0    |    0    |    14   |
|          |        icmp_ln270_fu_264        |    0    |    0    |    0    |    24   |
|----------|---------------------------------|---------|---------|---------|---------|
|    add   |         add_ln267_fu_253        |    0    |    0    |    0    |    14   |
|          |         add_ln270_fu_270        |    0    |    0    |    0    |    24   |
|----------|---------------------------------|---------|---------|---------|---------|
|          |      FC1_B_read_read_fu_92      |    0    |    0    |    0    |    0    |
|   read   |      FC1_W_read_read_fu_98      |    0    |    0    |    0    |    0    |
|          |   B3mem_addr_read_read_fu_144   |    0    |    0    |    0    |    0    |
|          |   W3mem_addr_read_read_fu_149   |    0    |    0    |    0    |    0    |
|----------|---------------------------------|---------|---------|---------|---------|
|  readreq |        grp_readreq_fu_130       |    0    |    0    |    0    |    0    |
|          |        grp_readreq_fu_137       |    0    |    0    |    0    |    0    |
|----------|---------------------------------|---------|---------|---------|---------|
|partselect|         trunc_ln_fu_197         |    0    |    0    |    0    |    0    |
|          |       trunc_ln267_1_fu_218      |    0    |    0    |    0    |    0    |
|----------|---------------------------------|---------|---------|---------|---------|
|   sext   |        sext_ln267_fu_207        |    0    |    0    |    0    |    0    |
|          |       sext_ln267_1_fu_228       |    0    |    0    |    0    |    0    |
|----------|---------------------------------|---------|---------|---------|---------|
|   zext   |        zext_ln267_fu_258        |    0    |    0    |    0    |    0    |
|          |        zext_ln270_fu_276        |    0    |    0    |    0    |    0    |
|----------|---------------------------------|---------|---------|---------|---------|
|   Total  |                                 |    44   | 27.9301 |   4864  |   4971  |
|----------|---------------------------------|---------|---------|---------|---------|

Memories:
N/A

* Register list:
+-----------------------+--------+
|                       |   FF   |
+-----------------------+--------+
|B3mem_addr_read_reg_320|   32   |
|   B3mem_addr_reg_302  |   32   |
|W3mem_addr_read_reg_353|   32   |
|   W3mem_addr_reg_296  |   32   |
|     acc_1_reg_165     |   32   |
|     acc_2_reg_368     |   32   |
|      acc_reg_330      |   32   |
|   add_ln267_reg_315   |    6   |
|   add_ln270_reg_338   |   17   |
| bitcast_ln272_reg_358 |   32   |
|       i_reg_154       |   17   |
|   icmp_ln267_reg_311  |    1   |
|    mul9_i_i_reg_363   |   32   |
|       o_reg_289       |    6   |
|   vec1_addr_reg_343   |   17   |
|   vec1_load_reg_348   |   32   |
|   zext_ln267_reg_325  |   64   |
+-----------------------+--------+
|         Total         |   448  |
+-----------------------+--------+

* Multiplexer (MUX) list: 
|--------------------|------|------|------|--------||---------||---------||---------|
|        Comp        |  Pin | Size |  BW  | S x BW ||  Delay  ||    FF   ||   LUT   |
|--------------------|------|------|------|--------||---------||---------||---------|
|  grp_access_fu_111 |  p0  |   2  |  17  |   34   ||    0    ||    9    |
| grp_readreq_fu_130 |  p1  |   2  |  32  |   64   ||    0    ||    9    |
| grp_readreq_fu_137 |  p1  |   2  |  32  |   64   ||    0    ||    9    |
|     grp_fu_193     |  p1  |   2  |  32  |   64   ||    0    ||    9    |
|--------------------|------|------|------|--------||---------||---------||---------|
|        Total       |      |      |      |   226  ||  5.296  ||    0    ||    36   |
|--------------------|------|------|------|--------||---------||---------||---------|



* Summary:
+-----------+--------+--------+--------+--------+
|           |   DSP  |  Delay |   FF   |   LUT  |
+-----------+--------+--------+--------+--------+
|  Function |   44   |   27   |  4864  |  4971  |
|   Memory  |    -   |    -   |    -   |    -   |
|Multiplexer|    -   |    5   |    0   |   36   |
|  Register |    -   |    -   |   448  |    -   |
+-----------+--------+--------+--------+--------+
|   Total   |   44   |   33   |  5312  |  5007  |
+-----------+--------+--------+--------+--------+
