

================================================================
== Vitis HLS Report for 'pool1'
================================================================
* Date:           Tue Jul  8 00:39:51 2025

* Version:        2025.1 (Build 6135595 on May 21 2025)
* Project:        cnn_accel
* Solution:       hls (Vivado IP Flow Target)
* Product family: artix7
* Target device:  xc7a100t-fgg484-2L


================================================================
== Performance Estimates
================================================================
+ Timing: 
    * Summary: 
    +--------+----------+----------+------------+
    |  Clock |  Target  | Estimated| Uncertainty|
    +--------+----------+----------+------------+
    |ap_clk  |  10.00 ns|  6.248 ns|     2.70 ns|
    +--------+----------+----------+------------+

+ Latency: 
    * Summary: 
    +---------+---------+----------+----------+--------+--------+------------------------------------------------+
    |  Latency (cycles) |  Latency (absolute) |     Interval    |                    Pipeline                    |
    |   min   |   max   |    min   |    max   |   min  |   max  |                      Type                      |
    +---------+---------+----------+----------+--------+--------+------------------------------------------------+
    |   454115|   454115|  4.541 ms|  4.541 ms|  454109|  454109|  loop auto-rewind stp (delay=5 clock cycles(s))|
    +---------+---------+----------+----------+--------+--------+------------------------------------------------+

    + Detail: 
        * Instance: 
        N/A

        * Loop: 
        +--------------------------------+---------+---------+----------+-----------+-----------+--------+----------+
        |                                |  Latency (cycles) | Iteration|  Initiation Interval  |  Trip  |          |
        |            Loop Name           |   min   |   max   |  Latency |  achieved |   target  |  Count | Pipelined|
        +--------------------------------+---------+---------+----------+-----------+-----------+--------+----------+
        |- POOL1_ROW_POOL1_COL_POOL1_CH  |   454113|   454113|        13|          3|          3|  151368|       yes|
        +--------------------------------+---------+---------+----------+-----------+-----------+--------+----------+

============================================================
+ Verbose Summary: Synthesis Manager
============================================================
InlineROM: 1
ExposeGlobal: 0
============================================================
+ Verbose Summary: CDFG Model
============================================================
IsTopModel: 0
ResetActiveHigh: 1
IsCombinational: 2
IsDatapathOnly: 0
HasWiredReturn: 1
HasMFsm: 2
HasVarLatency: 1
IsPipeline: 0
IsRtlPipelined: 0
IsInstanceOverlapped: 0
IsDontTouch: 0
HasImplIP: 0
IsGatedGlobalClock: 0

+ Individual pipeline summary: 
  * Pipeline-0: initiation interval (II) = 3, depth = 13


============================================================
+ Verbose Summary: Schedule
============================================================
* Number of FSM states : 13
* Pipeline : 1
  Pipeline-0 : II = 3, D = 13, States = { 1 2 3 4 5 6 7 8 9 10 11 12 13 }
* Dataflow Pipeline: 0

* FSM state transitions: 
1 --> 2 
2 --> 3 
3 --> 4 
4 --> 5 
5 --> 6 
6 --> 7 
7 --> 8 
8 --> 9 
9 --> 10 
10 --> 11 
11 --> 12 
12 --> 13 
13 --> 

* FSM state operations: 

State 1 <SV = 0> <Delay = 2.12>
ST_1 : Operation 16 [1/1] (0.00ns)   --->   "%indvar_flatten12131 = alloca i32 1"   --->   Operation 16 'alloca' 'indvar_flatten12131' <Predicate = true> <Delay = 0.00>
ST_1 : Operation 17 [1/1] (0.00ns)   --->   "%i132 = alloca i32 1"   --->   Operation 17 'alloca' 'i132' <Predicate = true> <Delay = 0.00>
ST_1 : Operation 18 [1/1] (0.00ns)   --->   "%indvar_flatten133 = alloca i32 1"   --->   Operation 18 'alloca' 'indvar_flatten133' <Predicate = true> <Delay = 0.00>
ST_1 : Operation 19 [1/1] (0.00ns)   --->   "%j134 = alloca i32 1"   --->   Operation 19 'alloca' 'j134' <Predicate = true> <Delay = 0.00>
ST_1 : Operation 20 [1/1] (0.00ns)   --->   "%m135 = alloca i32 1"   --->   Operation 20 'alloca' 'm135' <Predicate = true> <Delay = 0.00>
ST_1 : Operation 21 [1/1] (1.32ns)   --->   "%store_ln0 = store i4 0, i4 %m135"   --->   Operation 21 'store' 'store_ln0' <Predicate = true> <Delay = 1.32>
ST_1 : Operation 22 [1/1] (1.32ns)   --->   "%store_ln0 = store i8 0, i8 %j134"   --->   Operation 22 'store' 'store_ln0' <Predicate = true> <Delay = 1.32>
ST_1 : Operation 23 [1/1] (1.32ns)   --->   "%store_ln0 = store i12 0, i12 %indvar_flatten133"   --->   Operation 23 'store' 'store_ln0' <Predicate = true> <Delay = 1.32>
ST_1 : Operation 24 [1/1] (1.32ns)   --->   "%store_ln0 = store i7 0, i7 %i132"   --->   Operation 24 'store' 'store_ln0' <Predicate = true> <Delay = 1.32>
ST_1 : Operation 25 [1/1] (1.32ns)   --->   "%store_ln0 = store i18 0, i18 %indvar_flatten12131"   --->   Operation 25 'store' 'store_ln0' <Predicate = true> <Delay = 1.32>
ST_1 : Operation 26 [1/1] (1.32ns)   --->   "%br_ln0 = br void %for.inc61.i"   --->   Operation 26 'br' 'br_ln0' <Predicate = true> <Delay = 1.32>
ST_1 : Operation 27 [1/1] (0.00ns)   --->   "%icmp_ln183137 = phi i1 0, void %entry, i1 %icmp_ln183, void %arrayidx571015.exit.i" [../hls_files/conv_pool.cpp:183]   --->   Operation 27 'phi' 'icmp_ln183137' <Predicate = true> <Delay = 0.00>
ST_1 : Operation 28 [1/1] (0.00ns)   --->   "%icmp_ln184136 = phi i1 0, void %entry, i1 %icmp_ln184, void %arrayidx571015.exit.i" [../hls_files/conv_pool.cpp:184]   --->   Operation 28 'phi' 'icmp_ln184136' <Predicate = true> <Delay = 0.00>
ST_1 : Operation 29 [1/1] (0.00ns) (grouped into LUT with out node and_ln182)   --->   "%xor_ln182 = xor i1 %icmp_ln183137, i1 1" [../hls_files/conv_pool.cpp:182]   --->   Operation 29 'xor' 'xor_ln182' <Predicate = true> <Delay = 0.00> <CoreInst = "LogicGate">   --->   Core 74 'LogicGate' <Latency = 0> <II = 1> <Delay = 0.80> <FuncUnit> <Opcode : 'and' 'or' 'xor'> <InPorts = 2> <OutPorts = 1>
ST_1 : Operation 30 [1/1] (0.80ns) (out node of the LUT)   --->   "%and_ln182 = and i1 %icmp_ln184136, i1 %xor_ln182" [../hls_files/conv_pool.cpp:182]   --->   Operation 30 'and' 'and_ln182' <Predicate = true> <Delay = 0.80> <CoreInst = "LogicGate">   --->   Core 74 'LogicGate' <Latency = 0> <II = 1> <Delay = 0.80> <FuncUnit> <Opcode : 'and' 'or' 'xor'> <InPorts = 2> <OutPorts = 1>

State 2 <SV = 1> <Delay = 6.24>
ST_2 : Operation 31 [1/1] (0.00ns)   --->   "%i132_load = load i7 %i132" [../hls_files/conv_pool.cpp:182]   --->   Operation 31 'load' 'i132_load' <Predicate = true> <Delay = 0.00>
ST_2 : Operation 32 [1/1] (0.00ns)   --->   "%j134_load = load i8 %j134" [../hls_files/conv_pool.cpp:182]   --->   Operation 32 'load' 'j134_load' <Predicate = true> <Delay = 0.00>
ST_2 : Operation 33 [1/1] (1.66ns)   --->   "%add_ln182 = add i7 %i132_load, i7 1" [../hls_files/conv_pool.cpp:182]   --->   Operation 33 'add' 'add_ln182' <Predicate = true> <Delay = 1.66> <CoreInst = "Adder">   --->   Core 1 'Adder' <Latency = 0> <II = 1> <Delay = 1.66> <FuncUnit> <Opcode : 'add' 'sub'> <InPorts = 2> <OutPorts = 1>
ST_2 : Operation 34 [1/1] (1.07ns)   --->   "%select_ln182 = select i1 %icmp_ln183137, i8 0, i8 %j134_load" [../hls_files/conv_pool.cpp:182]   --->   Operation 34 'select' 'select_ln182' <Predicate = true> <Delay = 1.07> <CoreInst = "Sel">   --->   Core 73 'Sel' <Latency = 0> <II = 1> <Delay = 1.07> <FuncUnit> <Opcode : 'select'> <InPorts = 3> <OutPorts = 1>
ST_2 : Operation 35 [1/1] (0.80ns)   --->   "%i = select i1 %icmp_ln183137, i7 %add_ln182, i7 %i132_load" [../hls_files/conv_pool.cpp:182]   --->   Operation 35 'select' 'i' <Predicate = true> <Delay = 0.80> <CoreInst = "Sel">   --->   Core 73 'Sel' <Latency = 0> <II = 1> <Delay = 0.80> <FuncUnit> <Opcode : 'select'> <InPorts = 3> <OutPorts = 1>
ST_2 : Operation 36 [1/1] (1.71ns)   --->   "%add_ln183 = add i8 %select_ln182, i8 1" [../hls_files/conv_pool.cpp:183]   --->   Operation 36 'add' 'add_ln183' <Predicate = (and_ln182)> <Delay = 1.71> <CoreInst = "Adder">   --->   Core 1 'Adder' <Latency = 0> <II = 1> <Delay = 1.71> <FuncUnit> <Opcode : 'add' 'sub'> <InPorts = 2> <OutPorts = 1>
ST_2 : Operation 37 [1/1] (1.07ns)   --->   "%j = select i1 %and_ln182, i8 %add_ln183, i8 %select_ln182" [../hls_files/conv_pool.cpp:183]   --->   Operation 37 'select' 'j' <Predicate = true> <Delay = 1.07> <CoreInst = "Sel">   --->   Core 73 'Sel' <Latency = 0> <II = 1> <Delay = 1.07> <FuncUnit> <Opcode : 'select'> <InPorts = 3> <OutPorts = 1>
ST_2 : Operation 38 [1/1] (0.00ns)   --->   "%tmp_17 = bitconcatenate i8 @_ssdm_op_BitConcatenate.i8.i7.i1, i7 %i, i1 0" [../hls_files/conv_pool.cpp:182]   --->   Operation 38 'bitconcatenate' 'tmp_17' <Predicate = true> <Delay = 0.00>
ST_2 : Operation 39 [1/1] (0.00ns)   --->   "%zext_ln186 = zext i8 %tmp_17" [../hls_files/conv_pool.cpp:186]   --->   Operation 39 'zext' 'zext_ln186' <Predicate = true> <Delay = 0.00>
ST_2 : Operation 40 [1/1] (3.78ns)   --->   "%mul_ln186 = mul i17 %zext_ln186, i17 318" [../hls_files/conv_pool.cpp:186]   --->   Operation 40 'mul' 'mul_ln186' <Predicate = true> <Delay = 3.78> <CoreInst = "Multiplier">   --->   Core 3 'Multiplier' <Latency = 0> <II = 1> <Delay = 3.78> <FuncUnit> <Opcode : 'mul'> <InPorts = 2> <OutPorts = 1>

State 3 <SV = 2> <Delay = 5.64>
ST_3 : Operation 41 [1/1] (0.00ns)   --->   "%indvar_flatten12131_load = load i18 %indvar_flatten12131" [../hls_files/conv_pool.cpp:182]   --->   Operation 41 'load' 'indvar_flatten12131_load' <Predicate = true> <Delay = 0.00>
ST_3 : Operation 42 [1/1] (0.00ns)   --->   "%indvar_flatten133_load = load i12 %indvar_flatten133" [../hls_files/conv_pool.cpp:183]   --->   Operation 42 'load' 'indvar_flatten133_load' <Predicate = true> <Delay = 0.00>
ST_3 : Operation 43 [1/1] (0.00ns)   --->   "%m135_load = load i4 %m135"   --->   Operation 43 'load' 'm135_load' <Predicate = true> <Delay = 0.00>
ST_3 : Operation 44 [1/1] (0.00ns) (grouped into LUT with out node m_mid2)   --->   "%empty = or i1 %and_ln182, i1 %icmp_ln183137" [../hls_files/conv_pool.cpp:182]   --->   Operation 44 'or' 'empty' <Predicate = true> <Delay = 0.00> <CoreInst = "LogicGate">   --->   Core 74 'LogicGate' <Latency = 0> <II = 1> <Delay = 0.80> <FuncUnit> <Opcode : 'and' 'or' 'xor'> <InPorts = 2> <OutPorts = 1>
ST_3 : Operation 45 [1/1] (0.80ns) (out node of the LUT)   --->   "%m_mid2 = select i1 %empty, i4 0, i4 %m135_load" [../hls_files/conv_pool.cpp:182]   --->   Operation 45 'select' 'm_mid2' <Predicate = true> <Delay = 0.80> <CoreInst = "Sel">   --->   Core 73 'Sel' <Latency = 0> <II = 1> <Delay = 0.80> <FuncUnit> <Opcode : 'select'> <InPorts = 3> <OutPorts = 1>
ST_3 : Operation 46 [1/1] (0.00ns)   --->   "%tmp_18 = bitconcatenate i8 @_ssdm_op_BitConcatenate.i8.i7.i1, i7 %i, i1 1" [../hls_files/conv_pool.cpp:182]   --->   Operation 46 'bitconcatenate' 'tmp_18' <Predicate = true> <Delay = 0.00>
ST_3 : Operation 47 [1/1] (0.00ns)   --->   "%zext_ln187 = zext i8 %tmp_18" [../hls_files/conv_pool.cpp:187]   --->   Operation 47 'zext' 'zext_ln187' <Predicate = true> <Delay = 0.00>
ST_3 : Operation 48 [1/1] (3.78ns)   --->   "%mul_ln187 = mul i17 %zext_ln187, i17 318" [../hls_files/conv_pool.cpp:187]   --->   Operation 48 'mul' 'mul_ln187' <Predicate = true> <Delay = 3.78> <CoreInst = "Multiplier">   --->   Core 3 'Multiplier' <Latency = 0> <II = 1> <Delay = 3.78> <FuncUnit> <Opcode : 'mul'> <InPorts = 2> <OutPorts = 1>
ST_3 : Operation 49 [1/1] (0.00ns)   --->   "%tmp_19 = bitconcatenate i9 @_ssdm_op_BitConcatenate.i9.i8.i1, i8 %j, i1 0" [../hls_files/conv_pool.cpp:183]   --->   Operation 49 'bitconcatenate' 'tmp_19' <Predicate = true> <Delay = 0.00>
ST_3 : Operation 50 [1/1] (0.00ns)   --->   "%zext_ln186_1 = zext i9 %tmp_19" [../hls_files/conv_pool.cpp:186]   --->   Operation 50 'zext' 'zext_ln186_1' <Predicate = true> <Delay = 0.00>
ST_3 : Operation 51 [1/1] (1.86ns)   --->   "%add_ln186 = add i17 %mul_ln186, i17 %zext_ln186_1" [../hls_files/conv_pool.cpp:186]   --->   Operation 51 'add' 'add_ln186' <Predicate = true> <Delay = 1.86> <CoreInst = "Adder">   --->   Core 1 'Adder' <Latency = 0> <II = 1> <Delay = 1.86> <FuncUnit> <Opcode : 'add' 'sub'> <InPorts = 2> <OutPorts = 1>
ST_3 : Operation 52 [1/1] (1.86ns)   --->   "%add_ln187 = add i17 %mul_ln187, i17 %zext_ln186_1" [../hls_files/conv_pool.cpp:187]   --->   Operation 52 'add' 'add_ln187' <Predicate = true> <Delay = 1.86> <CoreInst = "Adder">   --->   Core 1 'Adder' <Latency = 0> <II = 1> <Delay = 1.86> <FuncUnit> <Opcode : 'add' 'sub'> <InPorts = 2> <OutPorts = 1>
ST_3 : Operation 53 [1/1] (0.00ns)   --->   "%tmp_20 = bitconcatenate i9 @_ssdm_op_BitConcatenate.i9.i8.i1, i8 %j, i1 1" [../hls_files/conv_pool.cpp:183]   --->   Operation 53 'bitconcatenate' 'tmp_20' <Predicate = true> <Delay = 0.00>
ST_3 : Operation 54 [1/1] (0.00ns)   --->   "%zext_ln188 = zext i9 %tmp_20" [../hls_files/conv_pool.cpp:188]   --->   Operation 54 'zext' 'zext_ln188' <Predicate = true> <Delay = 0.00>
ST_3 : Operation 55 [1/1] (1.86ns)   --->   "%add_ln188 = add i17 %mul_ln186, i17 %zext_ln188" [../hls_files/conv_pool.cpp:188]   --->   Operation 55 'add' 'add_ln188' <Predicate = true> <Delay = 1.86> <CoreInst = "Adder">   --->   Core 1 'Adder' <Latency = 0> <II = 1> <Delay = 1.86> <FuncUnit> <Opcode : 'add' 'sub'> <InPorts = 2> <OutPorts = 1>
ST_3 : Operation 56 [1/1] (1.86ns)   --->   "%add_ln189 = add i17 %mul_ln187, i17 %zext_ln188" [../hls_files/conv_pool.cpp:189]   --->   Operation 56 'add' 'add_ln189' <Predicate = true> <Delay = 1.86> <CoreInst = "Adder">   --->   Core 1 'Adder' <Latency = 0> <II = 1> <Delay = 1.86> <FuncUnit> <Opcode : 'add' 'sub'> <InPorts = 2> <OutPorts = 1>
ST_3 : Operation 57 [1/1] (0.00ns)   --->   "%trunc_ln184 = trunc i4 %m_mid2" [../hls_files/conv_pool.cpp:184]   --->   Operation 57 'trunc' 'trunc_ln184' <Predicate = true> <Delay = 0.00>
ST_3 : Operation 58 [1/1] (0.00ns)   --->   "%tmp_21 = bitconcatenate i18 @_ssdm_op_BitConcatenate.i18.i17.i1, i17 %add_ln186, i1 %trunc_ln184" [../hls_files/conv_pool.cpp:186]   --->   Operation 58 'bitconcatenate' 'tmp_21' <Predicate = true> <Delay = 0.00>
ST_3 : Operation 59 [1/1] (0.00ns)   --->   "%zext_ln186_2 = zext i18 %tmp_21" [../hls_files/conv_pool.cpp:186]   --->   Operation 59 'zext' 'zext_ln186_2' <Predicate = true> <Delay = 0.00>
ST_3 : Operation 60 [1/1] (0.00ns)   --->   "%feat1_addr = getelementptr i32 %feat1, i64 0, i64 %zext_ln186_2" [../hls_files/conv_pool.cpp:186]   --->   Operation 60 'getelementptr' 'feat1_addr' <Predicate = true> <Delay = 0.00>
ST_3 : Operation 61 [1/1] (0.00ns)   --->   "%tmp_23 = bitconcatenate i18 @_ssdm_op_BitConcatenate.i18.i17.i1, i17 %add_ln188, i1 %trunc_ln184" [../hls_files/conv_pool.cpp:188]   --->   Operation 61 'bitconcatenate' 'tmp_23' <Predicate = true> <Delay = 0.00>
ST_3 : Operation 62 [1/1] (0.00ns)   --->   "%zext_ln188_1 = zext i18 %tmp_23" [../hls_files/conv_pool.cpp:188]   --->   Operation 62 'zext' 'zext_ln188_1' <Predicate = true> <Delay = 0.00>
ST_3 : Operation 63 [1/1] (0.00ns)   --->   "%feat1_addr_2 = getelementptr i32 %feat1, i64 0, i64 %zext_ln188_1" [../hls_files/conv_pool.cpp:188]   --->   Operation 63 'getelementptr' 'feat1_addr_2' <Predicate = true> <Delay = 0.00>
ST_3 : Operation 64 [1/1] (0.00ns)   --->   "%feat1_2_addr = getelementptr i32 %feat1_2, i64 0, i64 %zext_ln186_2" [../hls_files/conv_pool.cpp:186]   --->   Operation 64 'getelementptr' 'feat1_2_addr' <Predicate = true> <Delay = 0.00>
ST_3 : Operation 65 [1/1] (0.00ns)   --->   "%feat1_2_addr_2 = getelementptr i32 %feat1_2, i64 0, i64 %zext_ln188_1" [../hls_files/conv_pool.cpp:188]   --->   Operation 65 'getelementptr' 'feat1_2_addr_2' <Predicate = true> <Delay = 0.00>
ST_3 : Operation 66 [1/1] (0.00ns)   --->   "%feat1_3_addr = getelementptr i32 %feat1_3, i64 0, i64 %zext_ln186_2" [../hls_files/conv_pool.cpp:186]   --->   Operation 66 'getelementptr' 'feat1_3_addr' <Predicate = true> <Delay = 0.00>
ST_3 : Operation 67 [1/1] (0.00ns)   --->   "%feat1_3_addr_2 = getelementptr i32 %feat1_3, i64 0, i64 %zext_ln188_1" [../hls_files/conv_pool.cpp:188]   --->   Operation 67 'getelementptr' 'feat1_3_addr_2' <Predicate = true> <Delay = 0.00>
ST_3 : Operation 68 [1/1] (0.00ns)   --->   "%feat1_4_addr = getelementptr i32 %feat1_4, i64 0, i64 %zext_ln186_2" [../hls_files/conv_pool.cpp:186]   --->   Operation 68 'getelementptr' 'feat1_4_addr' <Predicate = true> <Delay = 0.00>
ST_3 : Operation 69 [1/1] (0.00ns)   --->   "%feat1_4_addr_2 = getelementptr i32 %feat1_4, i64 0, i64 %zext_ln188_1" [../hls_files/conv_pool.cpp:188]   --->   Operation 69 'getelementptr' 'feat1_4_addr_2' <Predicate = true> <Delay = 0.00>
ST_3 : Operation 70 [1/1] (0.00ns)   --->   "%trunc_ln184_3 = partselect i2 @_ssdm_op_PartSelect.i2.i4.i32.i32, i4 %m_mid2, i32 1, i32 2" [../hls_files/conv_pool.cpp:184]   --->   Operation 70 'partselect' 'trunc_ln184_3' <Predicate = true> <Delay = 0.00>
ST_3 : Operation 71 [2/2] (2.77ns)   --->   "%feat1_load = load i18 %feat1_addr" [../hls_files/conv_pool.cpp:186]   --->   Operation 71 'load' 'feat1_load' <Predicate = true> <Delay = 2.77> <CoreInst = "RAM">   --->   Core 81 'RAM' <Latency = 1> <II = 1> <Delay = 2.77> <Storage> <Opcode : 'load' 'store'> <Ports = 2> <Width = 32> <Depth = 151368> <RAM>
ST_3 : Operation 72 [2/2] (2.77ns)   --->   "%feat1_2_load = load i18 %feat1_2_addr" [../hls_files/conv_pool.cpp:186]   --->   Operation 72 'load' 'feat1_2_load' <Predicate = true> <Delay = 2.77> <CoreInst = "RAM">   --->   Core 81 'RAM' <Latency = 1> <II = 1> <Delay = 2.77> <Storage> <Opcode : 'load' 'store'> <Ports = 2> <Width = 32> <Depth = 151368> <RAM>
ST_3 : Operation 73 [2/2] (2.77ns)   --->   "%feat1_3_load = load i18 %feat1_3_addr" [../hls_files/conv_pool.cpp:186]   --->   Operation 73 'load' 'feat1_3_load' <Predicate = true> <Delay = 2.77> <CoreInst = "RAM">   --->   Core 81 'RAM' <Latency = 1> <II = 1> <Delay = 2.77> <Storage> <Opcode : 'load' 'store'> <Ports = 2> <Width = 32> <Depth = 151368> <RAM>
ST_3 : Operation 74 [2/2] (2.77ns)   --->   "%feat1_4_load = load i18 %feat1_4_addr" [../hls_files/conv_pool.cpp:186]   --->   Operation 74 'load' 'feat1_4_load' <Predicate = true> <Delay = 2.77> <CoreInst = "RAM">   --->   Core 81 'RAM' <Latency = 1> <II = 1> <Delay = 2.77> <Storage> <Opcode : 'load' 'store'> <Ports = 2> <Width = 32> <Depth = 151368> <RAM>
ST_3 : Operation 75 [2/2] (2.77ns)   --->   "%feat1_load_2 = load i18 %feat1_addr_2" [../hls_files/conv_pool.cpp:188]   --->   Operation 75 'load' 'feat1_load_2' <Predicate = true> <Delay = 2.77> <CoreInst = "RAM">   --->   Core 81 'RAM' <Latency = 1> <II = 1> <Delay = 2.77> <Storage> <Opcode : 'load' 'store'> <Ports = 2> <Width = 32> <Depth = 151368> <RAM>
ST_3 : Operation 76 [2/2] (2.77ns)   --->   "%feat1_2_load_2 = load i18 %feat1_2_addr_2" [../hls_files/conv_pool.cpp:188]   --->   Operation 76 'load' 'feat1_2_load_2' <Predicate = true> <Delay = 2.77> <CoreInst = "RAM">   --->   Core 81 'RAM' <Latency = 1> <II = 1> <Delay = 2.77> <Storage> <Opcode : 'load' 'store'> <Ports = 2> <Width = 32> <Depth = 151368> <RAM>
ST_3 : Operation 77 [2/2] (2.77ns)   --->   "%feat1_3_load_2 = load i18 %feat1_3_addr_2" [../hls_files/conv_pool.cpp:188]   --->   Operation 77 'load' 'feat1_3_load_2' <Predicate = true> <Delay = 2.77> <CoreInst = "RAM">   --->   Core 81 'RAM' <Latency = 1> <II = 1> <Delay = 2.77> <Storage> <Opcode : 'load' 'store'> <Ports = 2> <Width = 32> <Depth = 151368> <RAM>
ST_3 : Operation 78 [2/2] (2.77ns)   --->   "%feat1_4_load_2 = load i18 %feat1_4_addr_2" [../hls_files/conv_pool.cpp:188]   --->   Operation 78 'load' 'feat1_4_load_2' <Predicate = true> <Delay = 2.77> <CoreInst = "RAM">   --->   Core 81 'RAM' <Latency = 1> <II = 1> <Delay = 2.77> <Storage> <Opcode : 'load' 'store'> <Ports = 2> <Width = 32> <Depth = 151368> <RAM>
ST_3 : Operation 79 [1/1] (1.88ns)   --->   "%add_ln182_1 = add i18 %indvar_flatten12131_load, i18 1" [../hls_files/conv_pool.cpp:182]   --->   Operation 79 'add' 'add_ln182_1' <Predicate = true> <Delay = 1.88> <CoreInst = "Adder">   --->   Core 1 'Adder' <Latency = 0> <II = 1> <Delay = 1.88> <FuncUnit> <Opcode : 'add' 'sub'> <InPorts = 2> <OutPorts = 1>
ST_3 : Operation 80 [1/1] (1.20ns)   --->   "%switch_ln192 = switch i2 %trunc_ln184_3, void %arrayidx571015.case.3.i, i2 0, void %arrayidx571015.case.0.i, i2 1, void %arrayidx571015.case.1.i, i2 2, void %arrayidx571015.case.2.i" [../hls_files/conv_pool.cpp:192]   --->   Operation 80 'switch' 'switch_ln192' <Predicate = true> <Delay = 1.20>
ST_3 : Operation 81 [1/1] (1.49ns)   --->   "%m = add i4 %m_mid2, i4 1" [../hls_files/conv_pool.cpp:184]   --->   Operation 81 'add' 'm' <Predicate = true> <Delay = 1.49> <CoreInst = "Adder">   --->   Core 1 'Adder' <Latency = 0> <II = 1> <Delay = 1.49> <FuncUnit> <Opcode : 'add' 'sub'> <InPorts = 2> <OutPorts = 1>
ST_3 : Operation 82 [1/1] (1.77ns)   --->   "%add_ln183_1 = add i12 %indvar_flatten133_load, i12 1" [../hls_files/conv_pool.cpp:183]   --->   Operation 82 'add' 'add_ln183_1' <Predicate = true> <Delay = 1.77> <CoreInst = "Adder">   --->   Core 1 'Adder' <Latency = 0> <II = 1> <Delay = 1.77> <FuncUnit> <Opcode : 'add' 'sub'> <InPorts = 2> <OutPorts = 1>
ST_3 : Operation 83 [1/1] (0.59ns)   --->   "%select_ln183_1 = select i1 %icmp_ln183137, i12 1, i12 %add_ln183_1" [../hls_files/conv_pool.cpp:183]   --->   Operation 83 'select' 'select_ln183_1' <Predicate = true> <Delay = 0.59> <CoreInst = "Sel">   --->   Core 73 'Sel' <Latency = 0> <II = 1> <Delay = 0.59> <FuncUnit> <Opcode : 'select'> <InPorts = 3> <OutPorts = 1>
ST_3 : Operation 84 [1/1] (1.49ns)   --->   "%icmp_ln184 = icmp_eq  i4 %m, i4 8" [../hls_files/conv_pool.cpp:184]   --->   Operation 84 'icmp' 'icmp_ln184' <Predicate = true> <Delay = 1.49> <CoreInst = "Cmp">   --->   Core 9 'Cmp' <Latency = 0> <II = 1> <Delay = 1.49> <FuncUnit> <Opcode : 'seteq' 'setne' 'setle' 'setge' 'setlt' 'setgt'> <InPorts = 2> <OutPorts = 1>
ST_3 : Operation 85 [1/1] (1.77ns)   --->   "%icmp_ln183 = icmp_eq  i12 %select_ln183_1, i12 1272" [../hls_files/conv_pool.cpp:183]   --->   Operation 85 'icmp' 'icmp_ln183' <Predicate = true> <Delay = 1.77> <CoreInst = "Cmp">   --->   Core 9 'Cmp' <Latency = 0> <II = 1> <Delay = 1.77> <FuncUnit> <Opcode : 'seteq' 'setne' 'setle' 'setge' 'setlt' 'setgt'> <InPorts = 2> <OutPorts = 1>
ST_3 : Operation 86 [1/1] (1.88ns)   --->   "%icmp_ln182 = icmp_eq  i18 %indvar_flatten12131_load, i18 151367" [../hls_files/conv_pool.cpp:182]   --->   Operation 86 'icmp' 'icmp_ln182' <Predicate = true> <Delay = 1.88> <CoreInst = "Cmp">   --->   Core 9 'Cmp' <Latency = 0> <II = 1> <Delay = 1.88> <FuncUnit> <Opcode : 'seteq' 'setne' 'setle' 'setge' 'setlt' 'setgt'> <InPorts = 2> <OutPorts = 1>
ST_3 : Operation 87 [1/1] (1.32ns)   --->   "%store_ln184 = store i4 %m, i4 %m135" [../hls_files/conv_pool.cpp:184]   --->   Operation 87 'store' 'store_ln184' <Predicate = true> <Delay = 1.32>
ST_3 : Operation 88 [1/1] (1.32ns)   --->   "%store_ln183 = store i8 %j, i8 %j134" [../hls_files/conv_pool.cpp:183]   --->   Operation 88 'store' 'store_ln183' <Predicate = true> <Delay = 1.32>
ST_3 : Operation 89 [1/1] (1.32ns)   --->   "%store_ln183 = store i12 %select_ln183_1, i12 %indvar_flatten133" [../hls_files/conv_pool.cpp:183]   --->   Operation 89 'store' 'store_ln183' <Predicate = true> <Delay = 1.32>
ST_3 : Operation 90 [1/1] (1.32ns)   --->   "%store_ln182 = store i7 %i, i7 %i132" [../hls_files/conv_pool.cpp:182]   --->   Operation 90 'store' 'store_ln182' <Predicate = true> <Delay = 1.32>
ST_3 : Operation 91 [1/1] (1.32ns)   --->   "%store_ln182 = store i18 %add_ln182_1, i18 %indvar_flatten12131" [../hls_files/conv_pool.cpp:182]   --->   Operation 91 'store' 'store_ln182' <Predicate = true> <Delay = 1.32>
ST_3 : Operation 92 [1/1] (0.00ns)   --->   "%br_ln182 = br i1 %icmp_ln182, void %for.inc61.i, void %pool1.exit" [../hls_files/conv_pool.cpp:182]   --->   Operation 92 'br' 'br_ln182' <Predicate = true> <Delay = 0.00>

State 4 <SV = 3> <Delay = 4.14>
ST_4 : Operation 93 [1/1] (0.00ns)   --->   "%tmp_22 = bitconcatenate i18 @_ssdm_op_BitConcatenate.i18.i17.i1, i17 %add_ln187, i1 %trunc_ln184" [../hls_files/conv_pool.cpp:187]   --->   Operation 93 'bitconcatenate' 'tmp_22' <Predicate = true> <Delay = 0.00>
ST_4 : Operation 94 [1/1] (0.00ns)   --->   "%zext_ln187_1 = zext i18 %tmp_22" [../hls_files/conv_pool.cpp:187]   --->   Operation 94 'zext' 'zext_ln187_1' <Predicate = true> <Delay = 0.00>
ST_4 : Operation 95 [1/1] (0.00ns)   --->   "%feat1_addr_1 = getelementptr i32 %feat1, i64 0, i64 %zext_ln187_1" [../hls_files/conv_pool.cpp:187]   --->   Operation 95 'getelementptr' 'feat1_addr_1' <Predicate = (trunc_ln184_3 == 0)> <Delay = 0.00>
ST_4 : Operation 96 [1/1] (0.00ns)   --->   "%tmp_24 = bitconcatenate i18 @_ssdm_op_BitConcatenate.i18.i17.i1, i17 %add_ln189, i1 %trunc_ln184" [../hls_files/conv_pool.cpp:189]   --->   Operation 96 'bitconcatenate' 'tmp_24' <Predicate = true> <Delay = 0.00>
ST_4 : Operation 97 [1/1] (0.00ns)   --->   "%zext_ln189 = zext i18 %tmp_24" [../hls_files/conv_pool.cpp:189]   --->   Operation 97 'zext' 'zext_ln189' <Predicate = true> <Delay = 0.00>
ST_4 : Operation 98 [1/1] (0.00ns)   --->   "%feat1_addr_3 = getelementptr i32 %feat1, i64 0, i64 %zext_ln189" [../hls_files/conv_pool.cpp:189]   --->   Operation 98 'getelementptr' 'feat1_addr_3' <Predicate = (trunc_ln184_3 == 0)> <Delay = 0.00>
ST_4 : Operation 99 [1/1] (0.00ns)   --->   "%feat1_2_addr_1 = getelementptr i32 %feat1_2, i64 0, i64 %zext_ln187_1" [../hls_files/conv_pool.cpp:187]   --->   Operation 99 'getelementptr' 'feat1_2_addr_1' <Predicate = (trunc_ln184_3 == 1)> <Delay = 0.00>
ST_4 : Operation 100 [1/1] (0.00ns)   --->   "%feat1_2_addr_3 = getelementptr i32 %feat1_2, i64 0, i64 %zext_ln189" [../hls_files/conv_pool.cpp:189]   --->   Operation 100 'getelementptr' 'feat1_2_addr_3' <Predicate = (trunc_ln184_3 == 1)> <Delay = 0.00>
ST_4 : Operation 101 [1/1] (0.00ns)   --->   "%feat1_3_addr_1 = getelementptr i32 %feat1_3, i64 0, i64 %zext_ln187_1" [../hls_files/conv_pool.cpp:187]   --->   Operation 101 'getelementptr' 'feat1_3_addr_1' <Predicate = (trunc_ln184_3 == 2)> <Delay = 0.00>
ST_4 : Operation 102 [1/1] (0.00ns)   --->   "%feat1_3_addr_3 = getelementptr i32 %feat1_3, i64 0, i64 %zext_ln189" [../hls_files/conv_pool.cpp:189]   --->   Operation 102 'getelementptr' 'feat1_3_addr_3' <Predicate = (trunc_ln184_3 == 2)> <Delay = 0.00>
ST_4 : Operation 103 [1/1] (0.00ns)   --->   "%feat1_4_addr_1 = getelementptr i32 %feat1_4, i64 0, i64 %zext_ln187_1" [../hls_files/conv_pool.cpp:187]   --->   Operation 103 'getelementptr' 'feat1_4_addr_1' <Predicate = (trunc_ln184_3 == 3)> <Delay = 0.00>
ST_4 : Operation 104 [1/1] (0.00ns)   --->   "%feat1_4_addr_3 = getelementptr i32 %feat1_4, i64 0, i64 %zext_ln189" [../hls_files/conv_pool.cpp:189]   --->   Operation 104 'getelementptr' 'feat1_4_addr_3' <Predicate = (trunc_ln184_3 == 3)> <Delay = 0.00>
ST_4 : Operation 105 [1/2] ( I:2.77ns O:2.77ns )   --->   "%feat1_load = load i18 %feat1_addr" [../hls_files/conv_pool.cpp:186]   --->   Operation 105 'load' 'feat1_load' <Predicate = true> <Delay = 2.77> <CoreInst = "RAM">   --->   Core 81 'RAM' <Latency = 1> <II = 1> <Delay = 2.77> <Storage> <Opcode : 'load' 'store'> <Ports = 2> <Width = 32> <Depth = 151368> <RAM>
ST_4 : Operation 106 [1/2] ( I:2.77ns O:2.77ns )   --->   "%feat1_2_load = load i18 %feat1_2_addr" [../hls_files/conv_pool.cpp:186]   --->   Operation 106 'load' 'feat1_2_load' <Predicate = true> <Delay = 2.77> <CoreInst = "RAM">   --->   Core 81 'RAM' <Latency = 1> <II = 1> <Delay = 2.77> <Storage> <Opcode : 'load' 'store'> <Ports = 2> <Width = 32> <Depth = 151368> <RAM>
ST_4 : Operation 107 [1/2] ( I:2.77ns O:2.77ns )   --->   "%feat1_3_load = load i18 %feat1_3_addr" [../hls_files/conv_pool.cpp:186]   --->   Operation 107 'load' 'feat1_3_load' <Predicate = true> <Delay = 2.77> <CoreInst = "RAM">   --->   Core 81 'RAM' <Latency = 1> <II = 1> <Delay = 2.77> <Storage> <Opcode : 'load' 'store'> <Ports = 2> <Width = 32> <Depth = 151368> <RAM>
ST_4 : Operation 108 [1/2] ( I:2.77ns O:2.77ns )   --->   "%feat1_4_load = load i18 %feat1_4_addr" [../hls_files/conv_pool.cpp:186]   --->   Operation 108 'load' 'feat1_4_load' <Predicate = true> <Delay = 2.77> <CoreInst = "RAM">   --->   Core 81 'RAM' <Latency = 1> <II = 1> <Delay = 2.77> <Storage> <Opcode : 'load' 'store'> <Ports = 2> <Width = 32> <Depth = 151368> <RAM>
ST_4 : Operation 109 [1/1] (1.37ns)   --->   "%m0 = sparsemux i32 @_ssdm_op_SparseMux.ap_auto.4float.float.i2, i2 0, i32 %feat1_load, i2 1, i32 %feat1_2_load, i2 2, i32 %feat1_3_load, i2 3, i32 %feat1_4_load, i32 <undef>, i2 %trunc_ln184_3" [../hls_files/conv_pool.cpp:186]   --->   Operation 109 'sparsemux' 'm0' <Predicate = true> <Delay = 1.37> <CoreInst = "BinarySparseMux_DontCare">   --->   Core 137 'BinarySparseMux_DontCare' <Latency = 0> <II = 1> <Delay = 1.37> <FuncUnit> <Opcode : 'sparsemux'> <InPorts = 2> <OutPorts = 1>
ST_4 : Operation 110 [2/2] (2.77ns)   --->   "%feat1_load_1 = load i18 %feat1_addr_1" [../hls_files/conv_pool.cpp:187]   --->   Operation 110 'load' 'feat1_load_1' <Predicate = (trunc_ln184_3 == 0)> <Delay = 2.77> <CoreInst = "RAM">   --->   Core 81 'RAM' <Latency = 1> <II = 1> <Delay = 2.77> <Storage> <Opcode : 'load' 'store'> <Ports = 2> <Width = 32> <Depth = 151368> <RAM>
ST_4 : Operation 111 [2/2] (2.77ns)   --->   "%feat1_2_load_1 = load i18 %feat1_2_addr_1" [../hls_files/conv_pool.cpp:187]   --->   Operation 111 'load' 'feat1_2_load_1' <Predicate = (trunc_ln184_3 == 1)> <Delay = 2.77> <CoreInst = "RAM">   --->   Core 81 'RAM' <Latency = 1> <II = 1> <Delay = 2.77> <Storage> <Opcode : 'load' 'store'> <Ports = 2> <Width = 32> <Depth = 151368> <RAM>
ST_4 : Operation 112 [2/2] (2.77ns)   --->   "%feat1_3_load_1 = load i18 %feat1_3_addr_1" [../hls_files/conv_pool.cpp:187]   --->   Operation 112 'load' 'feat1_3_load_1' <Predicate = (trunc_ln184_3 == 2)> <Delay = 2.77> <CoreInst = "RAM">   --->   Core 81 'RAM' <Latency = 1> <II = 1> <Delay = 2.77> <Storage> <Opcode : 'load' 'store'> <Ports = 2> <Width = 32> <Depth = 151368> <RAM>
ST_4 : Operation 113 [2/2] (2.77ns)   --->   "%feat1_4_load_1 = load i18 %feat1_4_addr_1" [../hls_files/conv_pool.cpp:187]   --->   Operation 113 'load' 'feat1_4_load_1' <Predicate = (trunc_ln184_3 == 3)> <Delay = 2.77> <CoreInst = "RAM">   --->   Core 81 'RAM' <Latency = 1> <II = 1> <Delay = 2.77> <Storage> <Opcode : 'load' 'store'> <Ports = 2> <Width = 32> <Depth = 151368> <RAM>
ST_4 : Operation 114 [1/2] ( I:2.77ns O:2.77ns )   --->   "%feat1_load_2 = load i18 %feat1_addr_2" [../hls_files/conv_pool.cpp:188]   --->   Operation 114 'load' 'feat1_load_2' <Predicate = true> <Delay = 2.77> <CoreInst = "RAM">   --->   Core 81 'RAM' <Latency = 1> <II = 1> <Delay = 2.77> <Storage> <Opcode : 'load' 'store'> <Ports = 2> <Width = 32> <Depth = 151368> <RAM>
ST_4 : Operation 115 [1/2] ( I:2.77ns O:2.77ns )   --->   "%feat1_2_load_2 = load i18 %feat1_2_addr_2" [../hls_files/conv_pool.cpp:188]   --->   Operation 115 'load' 'feat1_2_load_2' <Predicate = true> <Delay = 2.77> <CoreInst = "RAM">   --->   Core 81 'RAM' <Latency = 1> <II = 1> <Delay = 2.77> <Storage> <Opcode : 'load' 'store'> <Ports = 2> <Width = 32> <Depth = 151368> <RAM>
ST_4 : Operation 116 [1/2] ( I:2.77ns O:2.77ns )   --->   "%feat1_3_load_2 = load i18 %feat1_3_addr_2" [../hls_files/conv_pool.cpp:188]   --->   Operation 116 'load' 'feat1_3_load_2' <Predicate = true> <Delay = 2.77> <CoreInst = "RAM">   --->   Core 81 'RAM' <Latency = 1> <II = 1> <Delay = 2.77> <Storage> <Opcode : 'load' 'store'> <Ports = 2> <Width = 32> <Depth = 151368> <RAM>
ST_4 : Operation 117 [1/2] ( I:2.77ns O:2.77ns )   --->   "%feat1_4_load_2 = load i18 %feat1_4_addr_2" [../hls_files/conv_pool.cpp:188]   --->   Operation 117 'load' 'feat1_4_load_2' <Predicate = true> <Delay = 2.77> <CoreInst = "RAM">   --->   Core 81 'RAM' <Latency = 1> <II = 1> <Delay = 2.77> <Storage> <Opcode : 'load' 'store'> <Ports = 2> <Width = 32> <Depth = 151368> <RAM>
ST_4 : Operation 118 [1/1] (1.37ns)   --->   "%m2 = sparsemux i32 @_ssdm_op_SparseMux.ap_auto.4float.float.i2, i2 0, i32 %feat1_load_2, i2 1, i32 %feat1_2_load_2, i2 2, i32 %feat1_3_load_2, i2 3, i32 %feat1_4_load_2, i32 <undef>, i2 %trunc_ln184_3" [../hls_files/conv_pool.cpp:188]   --->   Operation 118 'sparsemux' 'm2' <Predicate = true> <Delay = 1.37> <CoreInst = "BinarySparseMux_DontCare">   --->   Core 137 'BinarySparseMux_DontCare' <Latency = 0> <II = 1> <Delay = 1.37> <FuncUnit> <Opcode : 'sparsemux'> <InPorts = 2> <OutPorts = 1>
ST_4 : Operation 119 [2/2] (2.77ns)   --->   "%feat1_load_3 = load i18 %feat1_addr_3" [../hls_files/conv_pool.cpp:189]   --->   Operation 119 'load' 'feat1_load_3' <Predicate = (trunc_ln184_3 == 0)> <Delay = 2.77> <CoreInst = "RAM">   --->   Core 81 'RAM' <Latency = 1> <II = 1> <Delay = 2.77> <Storage> <Opcode : 'load' 'store'> <Ports = 2> <Width = 32> <Depth = 151368> <RAM>
ST_4 : Operation 120 [2/2] (2.77ns)   --->   "%feat1_2_load_3 = load i18 %feat1_2_addr_3" [../hls_files/conv_pool.cpp:189]   --->   Operation 120 'load' 'feat1_2_load_3' <Predicate = (trunc_ln184_3 == 1)> <Delay = 2.77> <CoreInst = "RAM">   --->   Core 81 'RAM' <Latency = 1> <II = 1> <Delay = 2.77> <Storage> <Opcode : 'load' 'store'> <Ports = 2> <Width = 32> <Depth = 151368> <RAM>
ST_4 : Operation 121 [2/2] (2.77ns)   --->   "%feat1_3_load_3 = load i18 %feat1_3_addr_3" [../hls_files/conv_pool.cpp:189]   --->   Operation 121 'load' 'feat1_3_load_3' <Predicate = (trunc_ln184_3 == 2)> <Delay = 2.77> <CoreInst = "RAM">   --->   Core 81 'RAM' <Latency = 1> <II = 1> <Delay = 2.77> <Storage> <Opcode : 'load' 'store'> <Ports = 2> <Width = 32> <Depth = 151368> <RAM>
ST_4 : Operation 122 [2/2] (2.77ns)   --->   "%feat1_4_load_3 = load i18 %feat1_4_addr_3" [../hls_files/conv_pool.cpp:189]   --->   Operation 122 'load' 'feat1_4_load_3' <Predicate = (trunc_ln184_3 == 3)> <Delay = 2.77> <CoreInst = "RAM">   --->   Core 81 'RAM' <Latency = 1> <II = 1> <Delay = 2.77> <Storage> <Opcode : 'load' 'store'> <Ports = 2> <Width = 32> <Depth = 151368> <RAM>

State 5 <SV = 4> <Delay = 4.14>
ST_5 : Operation 123 [1/2] ( I:2.77ns O:2.77ns )   --->   "%feat1_load_1 = load i18 %feat1_addr_1" [../hls_files/conv_pool.cpp:187]   --->   Operation 123 'load' 'feat1_load_1' <Predicate = (trunc_ln184_3 == 0)> <Delay = 2.77> <CoreInst = "RAM">   --->   Core 81 'RAM' <Latency = 1> <II = 1> <Delay = 2.77> <Storage> <Opcode : 'load' 'store'> <Ports = 2> <Width = 32> <Depth = 151368> <RAM>
ST_5 : Operation 124 [1/2] ( I:2.77ns O:2.77ns )   --->   "%feat1_2_load_1 = load i18 %feat1_2_addr_1" [../hls_files/conv_pool.cpp:187]   --->   Operation 124 'load' 'feat1_2_load_1' <Predicate = (trunc_ln184_3 == 1)> <Delay = 2.77> <CoreInst = "RAM">   --->   Core 81 'RAM' <Latency = 1> <II = 1> <Delay = 2.77> <Storage> <Opcode : 'load' 'store'> <Ports = 2> <Width = 32> <Depth = 151368> <RAM>
ST_5 : Operation 125 [1/2] ( I:2.77ns O:2.77ns )   --->   "%feat1_3_load_1 = load i18 %feat1_3_addr_1" [../hls_files/conv_pool.cpp:187]   --->   Operation 125 'load' 'feat1_3_load_1' <Predicate = (trunc_ln184_3 == 2)> <Delay = 2.77> <CoreInst = "RAM">   --->   Core 81 'RAM' <Latency = 1> <II = 1> <Delay = 2.77> <Storage> <Opcode : 'load' 'store'> <Ports = 2> <Width = 32> <Depth = 151368> <RAM>
ST_5 : Operation 126 [1/2] ( I:2.77ns O:2.77ns )   --->   "%feat1_4_load_1 = load i18 %feat1_4_addr_1" [../hls_files/conv_pool.cpp:187]   --->   Operation 126 'load' 'feat1_4_load_1' <Predicate = (trunc_ln184_3 == 3)> <Delay = 2.77> <CoreInst = "RAM">   --->   Core 81 'RAM' <Latency = 1> <II = 1> <Delay = 2.77> <Storage> <Opcode : 'load' 'store'> <Ports = 2> <Width = 32> <Depth = 151368> <RAM>
ST_5 : Operation 127 [1/1] (1.37ns)   --->   "%m1 = sparsemux i32 @_ssdm_op_SparseMux.ap_auto.4float.float.i2, i2 0, i32 %feat1_load_1, i2 1, i32 %feat1_2_load_1, i2 2, i32 %feat1_3_load_1, i2 3, i32 %feat1_4_load_1, i32 <undef>, i2 %trunc_ln184_3" [../hls_files/conv_pool.cpp:187]   --->   Operation 127 'sparsemux' 'm1' <Predicate = true> <Delay = 1.37> <CoreInst = "BinarySparseMux_DontCare">   --->   Core 137 'BinarySparseMux_DontCare' <Latency = 0> <II = 1> <Delay = 1.37> <FuncUnit> <Opcode : 'sparsemux'> <InPorts = 2> <OutPorts = 1>
ST_5 : Operation 128 [1/2] ( I:2.77ns O:2.77ns )   --->   "%feat1_load_3 = load i18 %feat1_addr_3" [../hls_files/conv_pool.cpp:189]   --->   Operation 128 'load' 'feat1_load_3' <Predicate = (trunc_ln184_3 == 0)> <Delay = 2.77> <CoreInst = "RAM">   --->   Core 81 'RAM' <Latency = 1> <II = 1> <Delay = 2.77> <Storage> <Opcode : 'load' 'store'> <Ports = 2> <Width = 32> <Depth = 151368> <RAM>
ST_5 : Operation 129 [1/2] ( I:2.77ns O:2.77ns )   --->   "%feat1_2_load_3 = load i18 %feat1_2_addr_3" [../hls_files/conv_pool.cpp:189]   --->   Operation 129 'load' 'feat1_2_load_3' <Predicate = (trunc_ln184_3 == 1)> <Delay = 2.77> <CoreInst = "RAM">   --->   Core 81 'RAM' <Latency = 1> <II = 1> <Delay = 2.77> <Storage> <Opcode : 'load' 'store'> <Ports = 2> <Width = 32> <Depth = 151368> <RAM>
ST_5 : Operation 130 [1/2] ( I:2.77ns O:2.77ns )   --->   "%feat1_3_load_3 = load i18 %feat1_3_addr_3" [../hls_files/conv_pool.cpp:189]   --->   Operation 130 'load' 'feat1_3_load_3' <Predicate = (trunc_ln184_3 == 2)> <Delay = 2.77> <CoreInst = "RAM">   --->   Core 81 'RAM' <Latency = 1> <II = 1> <Delay = 2.77> <Storage> <Opcode : 'load' 'store'> <Ports = 2> <Width = 32> <Depth = 151368> <RAM>
ST_5 : Operation 131 [1/2] ( I:2.77ns O:2.77ns )   --->   "%feat1_4_load_3 = load i18 %feat1_4_addr_3" [../hls_files/conv_pool.cpp:189]   --->   Operation 131 'load' 'feat1_4_load_3' <Predicate = (trunc_ln184_3 == 3)> <Delay = 2.77> <CoreInst = "RAM">   --->   Core 81 'RAM' <Latency = 1> <II = 1> <Delay = 2.77> <Storage> <Opcode : 'load' 'store'> <Ports = 2> <Width = 32> <Depth = 151368> <RAM>
ST_5 : Operation 132 [1/1] (1.37ns)   --->   "%m3 = sparsemux i32 @_ssdm_op_SparseMux.ap_auto.4float.float.i2, i2 0, i32 %feat1_load_3, i2 1, i32 %feat1_2_load_3, i2 2, i32 %feat1_3_load_3, i2 3, i32 %feat1_4_load_3, i32 <undef>, i2 %trunc_ln184_3" [../hls_files/conv_pool.cpp:189]   --->   Operation 132 'sparsemux' 'm3' <Predicate = true> <Delay = 1.37> <CoreInst = "BinarySparseMux_DontCare">   --->   Core 137 'BinarySparseMux_DontCare' <Latency = 0> <II = 1> <Delay = 1.37> <FuncUnit> <Opcode : 'sparsemux'> <InPorts = 2> <OutPorts = 1>

State 6 <SV = 5> <Delay = 4.24>
ST_6 : Operation 133 [2/2] (4.24ns)   --->   "%tmp_s = fcmp_ogt  i32 %m0, i32 %m1" [../hls_files/conv_pool.cpp:190]   --->   Operation 133 'fcmp' 'tmp_s' <Predicate = true> <Delay = 4.24> <CoreInst = "FCompare">   --->   Core 19 'FCompare' <Latency = 1> <II = 1> <Delay = 4.24> <FuncUnit> <Opcode : 'fcmp'> <InPorts = 2> <OutPorts = 1>

State 7 <SV = 6> <Delay = 5.82>
ST_7 : Operation 134 [1/1] (0.00ns)   --->   "%bitcast_ln190 = bitcast i32 %m0" [../hls_files/conv_pool.cpp:190]   --->   Operation 134 'bitcast' 'bitcast_ln190' <Predicate = true> <Delay = 0.00>
ST_7 : Operation 135 [1/1] (0.00ns)   --->   "%tmp = partselect i8 @_ssdm_op_PartSelect.i8.i32.i32.i32, i32 %bitcast_ln190, i32 23, i32 30" [../hls_files/conv_pool.cpp:190]   --->   Operation 135 'partselect' 'tmp' <Predicate = true> <Delay = 0.00>
ST_7 : Operation 136 [1/1] (0.00ns)   --->   "%trunc_ln190 = trunc i32 %bitcast_ln190" [../hls_files/conv_pool.cpp:190]   --->   Operation 136 'trunc' 'trunc_ln190' <Predicate = true> <Delay = 0.00>
ST_7 : Operation 137 [1/1] (0.00ns)   --->   "%bitcast_ln190_1 = bitcast i32 %m1" [../hls_files/conv_pool.cpp:190]   --->   Operation 137 'bitcast' 'bitcast_ln190_1' <Predicate = true> <Delay = 0.00>
ST_7 : Operation 138 [1/1] (0.00ns)   --->   "%tmp_9 = partselect i8 @_ssdm_op_PartSelect.i8.i32.i32.i32, i32 %bitcast_ln190_1, i32 23, i32 30" [../hls_files/conv_pool.cpp:190]   --->   Operation 138 'partselect' 'tmp_9' <Predicate = true> <Delay = 0.00>
ST_7 : Operation 139 [1/1] (0.00ns)   --->   "%trunc_ln190_1 = trunc i32 %bitcast_ln190_1" [../hls_files/conv_pool.cpp:190]   --->   Operation 139 'trunc' 'trunc_ln190_1' <Predicate = true> <Delay = 0.00>
ST_7 : Operation 140 [1/1] (1.71ns)   --->   "%icmp_ln190 = icmp_ne  i8 %tmp, i8 255" [../hls_files/conv_pool.cpp:190]   --->   Operation 140 'icmp' 'icmp_ln190' <Predicate = true> <Delay = 1.71> <CoreInst = "Cmp">   --->   Core 9 'Cmp' <Latency = 0> <II = 1> <Delay = 1.71> <FuncUnit> <Opcode : 'seteq' 'setne' 'setle' 'setge' 'setlt' 'setgt'> <InPorts = 2> <OutPorts = 1>
ST_7 : Operation 141 [1/1] (1.98ns)   --->   "%icmp_ln190_1 = icmp_eq  i23 %trunc_ln190, i23 0" [../hls_files/conv_pool.cpp:190]   --->   Operation 141 'icmp' 'icmp_ln190_1' <Predicate = true> <Delay = 1.98> <CoreInst = "Cmp">   --->   Core 9 'Cmp' <Latency = 0> <II = 1> <Delay = 1.98> <FuncUnit> <Opcode : 'seteq' 'setne' 'setle' 'setge' 'setlt' 'setgt'> <InPorts = 2> <OutPorts = 1>
ST_7 : Operation 142 [1/1] (0.00ns) (grouped into LUT with out node and_ln190_1)   --->   "%or_ln190 = or i1 %icmp_ln190_1, i1 %icmp_ln190" [../hls_files/conv_pool.cpp:190]   --->   Operation 142 'or' 'or_ln190' <Predicate = true> <Delay = 0.00> <CoreInst = "LogicGate">   --->   Core 74 'LogicGate' <Latency = 0> <II = 1> <Delay = 0.80> <FuncUnit> <Opcode : 'and' 'or' 'xor'> <InPorts = 2> <OutPorts = 1>
ST_7 : Operation 143 [1/1] (1.71ns)   --->   "%icmp_ln190_2 = icmp_ne  i8 %tmp_9, i8 255" [../hls_files/conv_pool.cpp:190]   --->   Operation 143 'icmp' 'icmp_ln190_2' <Predicate = true> <Delay = 1.71> <CoreInst = "Cmp">   --->   Core 9 'Cmp' <Latency = 0> <II = 1> <Delay = 1.71> <FuncUnit> <Opcode : 'seteq' 'setne' 'setle' 'setge' 'setlt' 'setgt'> <InPorts = 2> <OutPorts = 1>
ST_7 : Operation 144 [1/1] (1.98ns)   --->   "%icmp_ln190_3 = icmp_eq  i23 %trunc_ln190_1, i23 0" [../hls_files/conv_pool.cpp:190]   --->   Operation 144 'icmp' 'icmp_ln190_3' <Predicate = true> <Delay = 1.98> <CoreInst = "Cmp">   --->   Core 9 'Cmp' <Latency = 0> <II = 1> <Delay = 1.98> <FuncUnit> <Opcode : 'seteq' 'setne' 'setle' 'setge' 'setlt' 'setgt'> <InPorts = 2> <OutPorts = 1>
ST_7 : Operation 145 [1/1] (0.00ns) (grouped into LUT with out node and_ln190_1)   --->   "%or_ln190_1 = or i1 %icmp_ln190_3, i1 %icmp_ln190_2" [../hls_files/conv_pool.cpp:190]   --->   Operation 145 'or' 'or_ln190_1' <Predicate = true> <Delay = 0.00> <CoreInst = "LogicGate">   --->   Core 74 'LogicGate' <Latency = 0> <II = 1> <Delay = 0.80> <FuncUnit> <Opcode : 'and' 'or' 'xor'> <InPorts = 2> <OutPorts = 1>
ST_7 : Operation 146 [1/1] (0.00ns) (grouped into LUT with out node and_ln190_1)   --->   "%and_ln190 = and i1 %or_ln190, i1 %or_ln190_1" [../hls_files/conv_pool.cpp:190]   --->   Operation 146 'and' 'and_ln190' <Predicate = true> <Delay = 0.00> <CoreInst = "LogicGate">   --->   Core 74 'LogicGate' <Latency = 0> <II = 1> <Delay = 0.80> <FuncUnit> <Opcode : 'and' 'or' 'xor'> <InPorts = 2> <OutPorts = 1>
ST_7 : Operation 147 [1/2] (4.24ns)   --->   "%tmp_s = fcmp_ogt  i32 %m0, i32 %m1" [../hls_files/conv_pool.cpp:190]   --->   Operation 147 'fcmp' 'tmp_s' <Predicate = true> <Delay = 4.24> <CoreInst = "FCompare">   --->   Core 19 'FCompare' <Latency = 1> <II = 1> <Delay = 4.24> <FuncUnit> <Opcode : 'fcmp'> <InPorts = 2> <OutPorts = 1>
ST_7 : Operation 148 [1/1] (0.80ns) (out node of the LUT)   --->   "%and_ln190_1 = and i1 %and_ln190, i1 %tmp_s" [../hls_files/conv_pool.cpp:190]   --->   Operation 148 'and' 'and_ln190_1' <Predicate = true> <Delay = 0.80> <CoreInst = "LogicGate">   --->   Core 74 'LogicGate' <Latency = 0> <II = 1> <Delay = 0.80> <FuncUnit> <Opcode : 'and' 'or' 'xor'> <InPorts = 2> <OutPorts = 1>
ST_7 : Operation 149 [1/1] (0.77ns) (out node of the LUT)   --->   "%mx = select i1 %and_ln190_1, i32 %m0, i32 %m1" [../hls_files/conv_pool.cpp:190]   --->   Operation 149 'select' 'mx' <Predicate = true> <Delay = 0.77> <CoreInst = "Sel">   --->   Core 73 'Sel' <Latency = 0> <II = 1> <Delay = 0.77> <FuncUnit> <Opcode : 'select'> <InPorts = 3> <OutPorts = 1>
ST_7 : Operation 150 [2/2] (4.24ns)   --->   "%tmp_3 = fcmp_ogt  i32 %m2, i32 %m3" [../hls_files/conv_pool.cpp:191]   --->   Operation 150 'fcmp' 'tmp_3' <Predicate = true> <Delay = 4.24> <CoreInst = "FCompare">   --->   Core 19 'FCompare' <Latency = 1> <II = 1> <Delay = 4.24> <FuncUnit> <Opcode : 'fcmp'> <InPorts = 2> <OutPorts = 1>

State 8 <SV = 7> <Delay = 5.82>
ST_8 : Operation 151 [1/1] (0.00ns)   --->   "%bitcast_ln191 = bitcast i32 %m2" [../hls_files/conv_pool.cpp:191]   --->   Operation 151 'bitcast' 'bitcast_ln191' <Predicate = true> <Delay = 0.00>
ST_8 : Operation 152 [1/1] (0.00ns)   --->   "%tmp_1 = partselect i8 @_ssdm_op_PartSelect.i8.i32.i32.i32, i32 %bitcast_ln191, i32 23, i32 30" [../hls_files/conv_pool.cpp:191]   --->   Operation 152 'partselect' 'tmp_1' <Predicate = true> <Delay = 0.00>
ST_8 : Operation 153 [1/1] (0.00ns)   --->   "%trunc_ln191 = trunc i32 %bitcast_ln191" [../hls_files/conv_pool.cpp:191]   --->   Operation 153 'trunc' 'trunc_ln191' <Predicate = true> <Delay = 0.00>
ST_8 : Operation 154 [1/1] (0.00ns)   --->   "%bitcast_ln191_1 = bitcast i32 %m3" [../hls_files/conv_pool.cpp:191]   --->   Operation 154 'bitcast' 'bitcast_ln191_1' <Predicate = true> <Delay = 0.00>
ST_8 : Operation 155 [1/1] (0.00ns)   --->   "%tmp_2 = partselect i8 @_ssdm_op_PartSelect.i8.i32.i32.i32, i32 %bitcast_ln191_1, i32 23, i32 30" [../hls_files/conv_pool.cpp:191]   --->   Operation 155 'partselect' 'tmp_2' <Predicate = true> <Delay = 0.00>
ST_8 : Operation 156 [1/1] (0.00ns)   --->   "%trunc_ln191_1 = trunc i32 %bitcast_ln191_1" [../hls_files/conv_pool.cpp:191]   --->   Operation 156 'trunc' 'trunc_ln191_1' <Predicate = true> <Delay = 0.00>
ST_8 : Operation 157 [1/1] (1.71ns)   --->   "%icmp_ln191 = icmp_ne  i8 %tmp_1, i8 255" [../hls_files/conv_pool.cpp:191]   --->   Operation 157 'icmp' 'icmp_ln191' <Predicate = true> <Delay = 1.71> <CoreInst = "Cmp">   --->   Core 9 'Cmp' <Latency = 0> <II = 1> <Delay = 1.71> <FuncUnit> <Opcode : 'seteq' 'setne' 'setle' 'setge' 'setlt' 'setgt'> <InPorts = 2> <OutPorts = 1>
ST_8 : Operation 158 [1/1] (1.98ns)   --->   "%icmp_ln191_1 = icmp_eq  i23 %trunc_ln191, i23 0" [../hls_files/conv_pool.cpp:191]   --->   Operation 158 'icmp' 'icmp_ln191_1' <Predicate = true> <Delay = 1.98> <CoreInst = "Cmp">   --->   Core 9 'Cmp' <Latency = 0> <II = 1> <Delay = 1.98> <FuncUnit> <Opcode : 'seteq' 'setne' 'setle' 'setge' 'setlt' 'setgt'> <InPorts = 2> <OutPorts = 1>
ST_8 : Operation 159 [1/1] (0.00ns) (grouped into LUT with out node and_ln191_1)   --->   "%or_ln191 = or i1 %icmp_ln191_1, i1 %icmp_ln191" [../hls_files/conv_pool.cpp:191]   --->   Operation 159 'or' 'or_ln191' <Predicate = true> <Delay = 0.00> <CoreInst = "LogicGate">   --->   Core 74 'LogicGate' <Latency = 0> <II = 1> <Delay = 0.80> <FuncUnit> <Opcode : 'and' 'or' 'xor'> <InPorts = 2> <OutPorts = 1>
ST_8 : Operation 160 [1/1] (1.71ns)   --->   "%icmp_ln191_2 = icmp_ne  i8 %tmp_2, i8 255" [../hls_files/conv_pool.cpp:191]   --->   Operation 160 'icmp' 'icmp_ln191_2' <Predicate = true> <Delay = 1.71> <CoreInst = "Cmp">   --->   Core 9 'Cmp' <Latency = 0> <II = 1> <Delay = 1.71> <FuncUnit> <Opcode : 'seteq' 'setne' 'setle' 'setge' 'setlt' 'setgt'> <InPorts = 2> <OutPorts = 1>
ST_8 : Operation 161 [1/1] (1.98ns)   --->   "%icmp_ln191_3 = icmp_eq  i23 %trunc_ln191_1, i23 0" [../hls_files/conv_pool.cpp:191]   --->   Operation 161 'icmp' 'icmp_ln191_3' <Predicate = true> <Delay = 1.98> <CoreInst = "Cmp">   --->   Core 9 'Cmp' <Latency = 0> <II = 1> <Delay = 1.98> <FuncUnit> <Opcode : 'seteq' 'setne' 'setle' 'setge' 'setlt' 'setgt'> <InPorts = 2> <OutPorts = 1>
ST_8 : Operation 162 [1/1] (0.00ns) (grouped into LUT with out node and_ln191_1)   --->   "%or_ln191_1 = or i1 %icmp_ln191_3, i1 %icmp_ln191_2" [../hls_files/conv_pool.cpp:191]   --->   Operation 162 'or' 'or_ln191_1' <Predicate = true> <Delay = 0.00> <CoreInst = "LogicGate">   --->   Core 74 'LogicGate' <Latency = 0> <II = 1> <Delay = 0.80> <FuncUnit> <Opcode : 'and' 'or' 'xor'> <InPorts = 2> <OutPorts = 1>
ST_8 : Operation 163 [1/1] (0.00ns) (grouped into LUT with out node and_ln191_1)   --->   "%and_ln191 = and i1 %or_ln191, i1 %or_ln191_1" [../hls_files/conv_pool.cpp:191]   --->   Operation 163 'and' 'and_ln191' <Predicate = true> <Delay = 0.00> <CoreInst = "LogicGate">   --->   Core 74 'LogicGate' <Latency = 0> <II = 1> <Delay = 0.80> <FuncUnit> <Opcode : 'and' 'or' 'xor'> <InPorts = 2> <OutPorts = 1>
ST_8 : Operation 164 [1/2] (4.24ns)   --->   "%tmp_3 = fcmp_ogt  i32 %m2, i32 %m3" [../hls_files/conv_pool.cpp:191]   --->   Operation 164 'fcmp' 'tmp_3' <Predicate = true> <Delay = 4.24> <CoreInst = "FCompare">   --->   Core 19 'FCompare' <Latency = 1> <II = 1> <Delay = 4.24> <FuncUnit> <Opcode : 'fcmp'> <InPorts = 2> <OutPorts = 1>
ST_8 : Operation 165 [1/1] (0.80ns) (out node of the LUT)   --->   "%and_ln191_1 = and i1 %and_ln191, i1 %tmp_3" [../hls_files/conv_pool.cpp:191]   --->   Operation 165 'and' 'and_ln191_1' <Predicate = true> <Delay = 0.80> <CoreInst = "LogicGate">   --->   Core 74 'LogicGate' <Latency = 0> <II = 1> <Delay = 0.80> <FuncUnit> <Opcode : 'and' 'or' 'xor'> <InPorts = 2> <OutPorts = 1>
ST_8 : Operation 166 [1/1] (0.77ns) (out node of the LUT)   --->   "%my = select i1 %and_ln191_1, i32 %m2, i32 %m3" [../hls_files/conv_pool.cpp:191]   --->   Operation 166 'select' 'my' <Predicate = true> <Delay = 0.77> <CoreInst = "Sel">   --->   Core 73 'Sel' <Latency = 0> <II = 1> <Delay = 0.77> <FuncUnit> <Opcode : 'select'> <InPorts = 3> <OutPorts = 1>

State 9 <SV = 8> <Delay = 0.00>

State 10 <SV = 9> <Delay = 1.38>
ST_10 : Operation 167 [1/1] (0.00ns)   --->   "%zext_ln192 = zext i7 %i" [../hls_files/conv_pool.cpp:192]   --->   Operation 167 'zext' 'zext_ln192' <Predicate = true> <Delay = 0.00>
ST_10 : Operation 168 [3/3] (1.38ns) (grouped into DSP with root node add_ln192)   --->   "%mul_ln192 = mul i15 %zext_ln192, i15 159" [../hls_files/conv_pool.cpp:192]   --->   Operation 168 'mul' 'mul_ln192' <Predicate = true> <Delay = 1.38> <CoreInst = "DSP48">   --->   Core 116 'DSP48' <Latency = 3> <II = 1> <Delay = 1.82> <IPBlock> <Opcode : 'add' 'sub' 'mul' 'select'> <InPorts = 0> <OutPorts = 1> <Sync> <CReg>

State 11 <SV = 10> <Delay = 4.24>
ST_11 : Operation 169 [2/3] (1.38ns) (grouped into DSP with root node add_ln192)   --->   "%mul_ln192 = mul i15 %zext_ln192, i15 159" [../hls_files/conv_pool.cpp:192]   --->   Operation 169 'mul' 'mul_ln192' <Predicate = true> <Delay = 1.38> <CoreInst = "DSP48">   --->   Core 116 'DSP48' <Latency = 3> <II = 1> <Delay = 1.82> <IPBlock> <Opcode : 'add' 'sub' 'mul' 'select'> <InPorts = 0> <OutPorts = 1> <Sync> <CReg>
ST_11 : Operation 170 [2/2] (4.24ns)   --->   "%tmp_6 = fcmp_ogt  i32 %mx, i32 %my" [../hls_files/conv_pool.cpp:192]   --->   Operation 170 'fcmp' 'tmp_6' <Predicate = true> <Delay = 4.24> <CoreInst = "FCompare">   --->   Core 19 'FCompare' <Latency = 1> <II = 1> <Delay = 4.24> <FuncUnit> <Opcode : 'fcmp'> <InPorts = 2> <OutPorts = 1>

State 12 <SV = 11> <Delay = 5.82>
ST_12 : Operation 171 [1/3] (0.00ns) (grouped into DSP with root node add_ln192)   --->   "%mul_ln192 = mul i15 %zext_ln192, i15 159" [../hls_files/conv_pool.cpp:192]   --->   Operation 171 'mul' 'mul_ln192' <Predicate = true> <Delay = 0.00> <CoreInst = "DSP48">   --->   Core 116 'DSP48' <Latency = 3> <II = 1> <Delay = 1.82> <IPBlock> <Opcode : 'add' 'sub' 'mul' 'select'> <InPorts = 0> <OutPorts = 1> <Sync> <CReg>
ST_12 : Operation 172 [1/1] (0.00ns)   --->   "%zext_ln192_1 = zext i8 %j" [../hls_files/conv_pool.cpp:192]   --->   Operation 172 'zext' 'zext_ln192_1' <Predicate = true> <Delay = 0.00>
ST_12 : Operation 173 [2/2] (1.76ns) (root node of the DSP)   --->   "%add_ln192 = add i15 %mul_ln192, i15 %zext_ln192_1" [../hls_files/conv_pool.cpp:192]   --->   Operation 173 'add' 'add_ln192' <Predicate = true> <Delay = 1.76> <CoreInst = "DSP48">   --->   Core 116 'DSP48' <Latency = 3> <II = 1> <Delay = 1.82> <IPBlock> <Opcode : 'add' 'sub' 'mul' 'select'> <InPorts = 0> <OutPorts = 1> <Sync> <CReg>
ST_12 : Operation 174 [1/1] (0.00ns)   --->   "%bitcast_ln192 = bitcast i32 %mx" [../hls_files/conv_pool.cpp:192]   --->   Operation 174 'bitcast' 'bitcast_ln192' <Predicate = true> <Delay = 0.00>
ST_12 : Operation 175 [1/1] (0.00ns)   --->   "%tmp_4 = partselect i8 @_ssdm_op_PartSelect.i8.i32.i32.i32, i32 %bitcast_ln192, i32 23, i32 30" [../hls_files/conv_pool.cpp:192]   --->   Operation 175 'partselect' 'tmp_4' <Predicate = true> <Delay = 0.00>
ST_12 : Operation 176 [1/1] (0.00ns)   --->   "%trunc_ln192 = trunc i32 %bitcast_ln192" [../hls_files/conv_pool.cpp:192]   --->   Operation 176 'trunc' 'trunc_ln192' <Predicate = true> <Delay = 0.00>
ST_12 : Operation 177 [1/1] (0.00ns)   --->   "%bitcast_ln192_1 = bitcast i32 %my" [../hls_files/conv_pool.cpp:192]   --->   Operation 177 'bitcast' 'bitcast_ln192_1' <Predicate = true> <Delay = 0.00>
ST_12 : Operation 178 [1/1] (0.00ns)   --->   "%tmp_5 = partselect i8 @_ssdm_op_PartSelect.i8.i32.i32.i32, i32 %bitcast_ln192_1, i32 23, i32 30" [../hls_files/conv_pool.cpp:192]   --->   Operation 178 'partselect' 'tmp_5' <Predicate = true> <Delay = 0.00>
ST_12 : Operation 179 [1/1] (0.00ns)   --->   "%trunc_ln192_1 = trunc i32 %bitcast_ln192_1" [../hls_files/conv_pool.cpp:192]   --->   Operation 179 'trunc' 'trunc_ln192_1' <Predicate = true> <Delay = 0.00>
ST_12 : Operation 180 [1/1] (1.71ns)   --->   "%icmp_ln192 = icmp_ne  i8 %tmp_4, i8 255" [../hls_files/conv_pool.cpp:192]   --->   Operation 180 'icmp' 'icmp_ln192' <Predicate = true> <Delay = 1.71> <CoreInst = "Cmp">   --->   Core 9 'Cmp' <Latency = 0> <II = 1> <Delay = 1.71> <FuncUnit> <Opcode : 'seteq' 'setne' 'setle' 'setge' 'setlt' 'setgt'> <InPorts = 2> <OutPorts = 1>
ST_12 : Operation 181 [1/1] (1.98ns)   --->   "%icmp_ln192_1 = icmp_eq  i23 %trunc_ln192, i23 0" [../hls_files/conv_pool.cpp:192]   --->   Operation 181 'icmp' 'icmp_ln192_1' <Predicate = true> <Delay = 1.98> <CoreInst = "Cmp">   --->   Core 9 'Cmp' <Latency = 0> <II = 1> <Delay = 1.98> <FuncUnit> <Opcode : 'seteq' 'setne' 'setle' 'setge' 'setlt' 'setgt'> <InPorts = 2> <OutPorts = 1>
ST_12 : Operation 182 [1/1] (0.00ns) (grouped into LUT with out node and_ln192_1)   --->   "%or_ln192 = or i1 %icmp_ln192_1, i1 %icmp_ln192" [../hls_files/conv_pool.cpp:192]   --->   Operation 182 'or' 'or_ln192' <Predicate = true> <Delay = 0.00> <CoreInst = "LogicGate">   --->   Core 74 'LogicGate' <Latency = 0> <II = 1> <Delay = 0.80> <FuncUnit> <Opcode : 'and' 'or' 'xor'> <InPorts = 2> <OutPorts = 1>
ST_12 : Operation 183 [1/1] (1.71ns)   --->   "%icmp_ln192_2 = icmp_ne  i8 %tmp_5, i8 255" [../hls_files/conv_pool.cpp:192]   --->   Operation 183 'icmp' 'icmp_ln192_2' <Predicate = true> <Delay = 1.71> <CoreInst = "Cmp">   --->   Core 9 'Cmp' <Latency = 0> <II = 1> <Delay = 1.71> <FuncUnit> <Opcode : 'seteq' 'setne' 'setle' 'setge' 'setlt' 'setgt'> <InPorts = 2> <OutPorts = 1>
ST_12 : Operation 184 [1/1] (1.98ns)   --->   "%icmp_ln192_3 = icmp_eq  i23 %trunc_ln192_1, i23 0" [../hls_files/conv_pool.cpp:192]   --->   Operation 184 'icmp' 'icmp_ln192_3' <Predicate = true> <Delay = 1.98> <CoreInst = "Cmp">   --->   Core 9 'Cmp' <Latency = 0> <II = 1> <Delay = 1.98> <FuncUnit> <Opcode : 'seteq' 'setne' 'setle' 'setge' 'setlt' 'setgt'> <InPorts = 2> <OutPorts = 1>
ST_12 : Operation 185 [1/1] (0.00ns) (grouped into LUT with out node and_ln192_1)   --->   "%or_ln192_1 = or i1 %icmp_ln192_3, i1 %icmp_ln192_2" [../hls_files/conv_pool.cpp:192]   --->   Operation 185 'or' 'or_ln192_1' <Predicate = true> <Delay = 0.00> <CoreInst = "LogicGate">   --->   Core 74 'LogicGate' <Latency = 0> <II = 1> <Delay = 0.80> <FuncUnit> <Opcode : 'and' 'or' 'xor'> <InPorts = 2> <OutPorts = 1>
ST_12 : Operation 186 [1/1] (0.00ns) (grouped into LUT with out node and_ln192_1)   --->   "%and_ln192 = and i1 %or_ln192, i1 %or_ln192_1" [../hls_files/conv_pool.cpp:192]   --->   Operation 186 'and' 'and_ln192' <Predicate = true> <Delay = 0.00> <CoreInst = "LogicGate">   --->   Core 74 'LogicGate' <Latency = 0> <II = 1> <Delay = 0.80> <FuncUnit> <Opcode : 'and' 'or' 'xor'> <InPorts = 2> <OutPorts = 1>
ST_12 : Operation 187 [1/2] (4.24ns)   --->   "%tmp_6 = fcmp_ogt  i32 %mx, i32 %my" [../hls_files/conv_pool.cpp:192]   --->   Operation 187 'fcmp' 'tmp_6' <Predicate = true> <Delay = 4.24> <CoreInst = "FCompare">   --->   Core 19 'FCompare' <Latency = 1> <II = 1> <Delay = 4.24> <FuncUnit> <Opcode : 'fcmp'> <InPorts = 2> <OutPorts = 1>
ST_12 : Operation 188 [1/1] (0.80ns) (out node of the LUT)   --->   "%and_ln192_1 = and i1 %and_ln192, i1 %tmp_6" [../hls_files/conv_pool.cpp:192]   --->   Operation 188 'and' 'and_ln192_1' <Predicate = true> <Delay = 0.80> <CoreInst = "LogicGate">   --->   Core 74 'LogicGate' <Latency = 0> <II = 1> <Delay = 0.80> <FuncUnit> <Opcode : 'and' 'or' 'xor'> <InPorts = 2> <OutPorts = 1>
ST_12 : Operation 189 [1/1] (0.77ns) (out node of the LUT)   --->   "%select_ln192 = select i1 %and_ln192_1, i32 %mx, i32 %my" [../hls_files/conv_pool.cpp:192]   --->   Operation 189 'select' 'select_ln192' <Predicate = true> <Delay = 0.77> <CoreInst = "Sel">   --->   Core 73 'Sel' <Latency = 0> <II = 1> <Delay = 0.77> <FuncUnit> <Opcode : 'select'> <InPorts = 3> <OutPorts = 1>

State 13 <SV = 12> <Delay = 4.53>
ST_13 : Operation 190 [1/1] (0.00ns)   --->   "%specloopname_ln0 = specloopname void @_ssdm_op_SpecLoopName, void @POOL1_ROW_POOL1_COL_POOL1_CH_str"   --->   Operation 190 'specloopname' 'specloopname_ln0' <Predicate = true> <Delay = 0.00>
ST_13 : Operation 191 [1/1] (0.00ns)   --->   "%speclooptripcount_ln0 = speclooptripcount void @_ssdm_op_SpecLoopTripCount, i64 151368, i64 151368, i64 151368"   --->   Operation 191 'speclooptripcount' 'speclooptripcount_ln0' <Predicate = true> <Delay = 0.00>
ST_13 : Operation 192 [1/2] (1.76ns) (root node of the DSP)   --->   "%add_ln192 = add i15 %mul_ln192, i15 %zext_ln192_1" [../hls_files/conv_pool.cpp:192]   --->   Operation 192 'add' 'add_ln192' <Predicate = true> <Delay = 1.76> <CoreInst = "DSP48">   --->   Core 116 'DSP48' <Latency = 3> <II = 1> <Delay = 1.82> <IPBlock> <Opcode : 'add' 'sub' 'mul' 'select'> <InPorts = 0> <OutPorts = 1> <Sync> <CReg>
ST_13 : Operation 193 [1/1] (0.00ns)   --->   "%specpipeline_ln185 = specpipeline void @_ssdm_op_SpecPipeline, i32 3, i32 0, i32 0, i32 0, void @empty_17" [../hls_files/conv_pool.cpp:185]   --->   Operation 193 'specpipeline' 'specpipeline_ln185' <Predicate = true> <Delay = 0.00>
ST_13 : Operation 194 [1/1] (0.00ns)   --->   "%tmp_25 = bitconcatenate i16 @_ssdm_op_BitConcatenate.i16.i15.i1, i15 %add_ln192, i1 %trunc_ln184" [../hls_files/conv_pool.cpp:192]   --->   Operation 194 'bitconcatenate' 'tmp_25' <Predicate = true> <Delay = 0.00>
ST_13 : Operation 195 [1/1] (0.00ns)   --->   "%zext_ln192_2 = zext i16 %tmp_25" [../hls_files/conv_pool.cpp:192]   --->   Operation 195 'zext' 'zext_ln192_2' <Predicate = true> <Delay = 0.00>
ST_13 : Operation 196 [1/1] (0.00ns)   --->   "%feat1_p_addr = getelementptr i32 %feat1_p, i64 0, i64 %zext_ln192_2" [../hls_files/conv_pool.cpp:192]   --->   Operation 196 'getelementptr' 'feat1_p_addr' <Predicate = true> <Delay = 0.00>
ST_13 : Operation 197 [1/1] (0.00ns)   --->   "%feat1_p_5_addr = getelementptr i32 %feat1_p_5, i64 0, i64 %zext_ln192_2" [../hls_files/conv_pool.cpp:192]   --->   Operation 197 'getelementptr' 'feat1_p_5_addr' <Predicate = true> <Delay = 0.00>
ST_13 : Operation 198 [1/1] (0.00ns)   --->   "%feat1_p_6_addr = getelementptr i32 %feat1_p_6, i64 0, i64 %zext_ln192_2" [../hls_files/conv_pool.cpp:192]   --->   Operation 198 'getelementptr' 'feat1_p_6_addr' <Predicate = true> <Delay = 0.00>
ST_13 : Operation 199 [1/1] (0.00ns)   --->   "%feat1_p_7_addr = getelementptr i32 %feat1_p_7, i64 0, i64 %zext_ln192_2" [../hls_files/conv_pool.cpp:192]   --->   Operation 199 'getelementptr' 'feat1_p_7_addr' <Predicate = true> <Delay = 0.00>
ST_13 : Operation 200 [1/1] ( I:2.77ns O:2.77ns )   --->   "%store_ln192 = store i32 %select_ln192, i16 %feat1_p_6_addr" [../hls_files/conv_pool.cpp:192]   --->   Operation 200 'store' 'store_ln192' <Predicate = (trunc_ln184_3 == 2)> <Delay = 2.77> <CoreInst = "RAM">   --->   Core 81 'RAM' <Latency = 1> <II = 1> <Delay = 2.77> <Storage> <Opcode : 'load' 'store'> <Ports = 2> <Width = 32> <Depth = 37842> <RAM>
ST_13 : Operation 201 [1/1] (0.00ns)   --->   "%br_ln192 = br void %arrayidx571015.exit.i" [../hls_files/conv_pool.cpp:192]   --->   Operation 201 'br' 'br_ln192' <Predicate = (trunc_ln184_3 == 2)> <Delay = 0.00>
ST_13 : Operation 202 [1/1] ( I:2.77ns O:2.77ns )   --->   "%store_ln192 = store i32 %select_ln192, i16 %feat1_p_5_addr" [../hls_files/conv_pool.cpp:192]   --->   Operation 202 'store' 'store_ln192' <Predicate = (trunc_ln184_3 == 1)> <Delay = 2.77> <CoreInst = "RAM">   --->   Core 81 'RAM' <Latency = 1> <II = 1> <Delay = 2.77> <Storage> <Opcode : 'load' 'store'> <Ports = 2> <Width = 32> <Depth = 37842> <RAM>
ST_13 : Operation 203 [1/1] (0.00ns)   --->   "%br_ln192 = br void %arrayidx571015.exit.i" [../hls_files/conv_pool.cpp:192]   --->   Operation 203 'br' 'br_ln192' <Predicate = (trunc_ln184_3 == 1)> <Delay = 0.00>
ST_13 : Operation 204 [1/1] ( I:2.77ns O:2.77ns )   --->   "%store_ln192 = store i32 %select_ln192, i16 %feat1_p_addr" [../hls_files/conv_pool.cpp:192]   --->   Operation 204 'store' 'store_ln192' <Predicate = (trunc_ln184_3 == 0)> <Delay = 2.77> <CoreInst = "RAM">   --->   Core 81 'RAM' <Latency = 1> <II = 1> <Delay = 2.77> <Storage> <Opcode : 'load' 'store'> <Ports = 2> <Width = 32> <Depth = 37842> <RAM>
ST_13 : Operation 205 [1/1] (0.00ns)   --->   "%br_ln192 = br void %arrayidx571015.exit.i" [../hls_files/conv_pool.cpp:192]   --->   Operation 205 'br' 'br_ln192' <Predicate = (trunc_ln184_3 == 0)> <Delay = 0.00>
ST_13 : Operation 206 [1/1] ( I:2.77ns O:2.77ns )   --->   "%store_ln192 = store i32 %select_ln192, i16 %feat1_p_7_addr" [../hls_files/conv_pool.cpp:192]   --->   Operation 206 'store' 'store_ln192' <Predicate = (trunc_ln184_3 == 3)> <Delay = 2.77> <CoreInst = "RAM">   --->   Core 81 'RAM' <Latency = 1> <II = 1> <Delay = 2.77> <Storage> <Opcode : 'load' 'store'> <Ports = 2> <Width = 32> <Depth = 37842> <RAM>
ST_13 : Operation 207 [1/1] (0.00ns)   --->   "%br_ln192 = br void %arrayidx571015.exit.i" [../hls_files/conv_pool.cpp:192]   --->   Operation 207 'br' 'br_ln192' <Predicate = (trunc_ln184_3 == 3)> <Delay = 0.00>
ST_13 : Operation 208 [1/1] (1.32ns)   --->   "%ret_ln182 = ret" [../hls_files/conv_pool.cpp:182]   --->   Operation 208 'ret' 'ret_ln182' <Predicate = (icmp_ln182)> <Delay = 1.32>


============================================================
+ Verbose Summary: Binding
============================================================
STG Binding: 
---------------- STG Properties BEGIN ----------------
- Is combinational: 0
- Is one-state seq: 0
- Is datapath-only: 0
- Is pipelined: 0
- Is top level: 0
Port [ Return ] is wired: 1; IO mode=ap_ctrl_hs:ce=0
Port [ feat1_p]:  wired=1; compound=1; hidden=0; nouse=0; global=1; static=1; extern=0; dir=1; type=1; pingpong=1; private_global=0; MemPort=[03]; IO mode=ap_memory:ce=0
Port [ feat1_p_5]:  wired=1; compound=1; hidden=0; nouse=0; global=1; static=1; extern=0; dir=1; type=1; pingpong=1; private_global=0; MemPort=[03]; IO mode=ap_memory:ce=0
Port [ feat1_p_6]:  wired=1; compound=1; hidden=0; nouse=0; global=1; static=1; extern=0; dir=1; type=1; pingpong=1; private_global=0; MemPort=[03]; IO mode=ap_memory:ce=0
Port [ feat1_p_7]:  wired=1; compound=1; hidden=0; nouse=0; global=1; static=1; extern=0; dir=1; type=1; pingpong=1; private_global=0; MemPort=[03]; IO mode=ap_memory:ce=0
Port [ feat1]:  wired=1; compound=1; hidden=0; nouse=0; global=1; static=1; extern=0; dir=0; type=1; pingpong=1; private_global=0; MemPort=[11]; IO mode=ap_memory:ce=0
Port [ feat1_2]:  wired=1; compound=1; hidden=0; nouse=0; global=1; static=1; extern=0; dir=0; type=1; pingpong=1; private_global=0; MemPort=[11]; IO mode=ap_memory:ce=0
Port [ feat1_3]:  wired=1; compound=1; hidden=0; nouse=0; global=1; static=1; extern=0; dir=0; type=1; pingpong=1; private_global=0; MemPort=[11]; IO mode=ap_memory:ce=0
Port [ feat1_4]:  wired=1; compound=1; hidden=0; nouse=0; global=1; static=1; extern=0; dir=0; type=1; pingpong=1; private_global=0; MemPort=[11]; IO mode=ap_memory:ce=0
---------------- STG Properties END ------------------

---------------- Datapath Model BEGIN ----------------

<LifeTime>
<method=bitvector/>
indvar_flatten12131      (alloca           ) [ 01110000000000]
i132                     (alloca           ) [ 01110000000000]
indvar_flatten133        (alloca           ) [ 01110000000000]
j134                     (alloca           ) [ 01110000000000]
m135                     (alloca           ) [ 01110000000000]
store_ln0                (store            ) [ 00000000000000]
store_ln0                (store            ) [ 00000000000000]
store_ln0                (store            ) [ 00000000000000]
store_ln0                (store            ) [ 00000000000000]
store_ln0                (store            ) [ 00000000000000]
br_ln0                   (br               ) [ 00000000000000]
icmp_ln183137            (phi              ) [ 01110000000000]
icmp_ln184136            (phi              ) [ 01000000000000]
xor_ln182                (xor              ) [ 00000000000000]
and_ln182                (and              ) [ 00110000000000]
i132_load                (load             ) [ 00000000000000]
j134_load                (load             ) [ 00000000000000]
add_ln182                (add              ) [ 00000000000000]
select_ln182             (select           ) [ 00000000000000]
i                        (select           ) [ 01111111111000]
add_ln183                (add              ) [ 00000000000000]
j                        (select           ) [ 01111111111110]
tmp_17                   (bitconcatenate   ) [ 00000000000000]
zext_ln186               (zext             ) [ 00000000000000]
mul_ln186                (mul              ) [ 00010000000000]
indvar_flatten12131_load (load             ) [ 00000000000000]
indvar_flatten133_load   (load             ) [ 00000000000000]
m135_load                (load             ) [ 00000000000000]
empty                    (or               ) [ 00000000000000]
m_mid2                   (select           ) [ 00000000000000]
tmp_18                   (bitconcatenate   ) [ 00000000000000]
zext_ln187               (zext             ) [ 00000000000000]
mul_ln187                (mul              ) [ 00000000000000]
tmp_19                   (bitconcatenate   ) [ 00000000000000]
zext_ln186_1             (zext             ) [ 00000000000000]
add_ln186                (add              ) [ 00000000000000]
add_ln187                (add              ) [ 01001000000000]
tmp_20                   (bitconcatenate   ) [ 00000000000000]
zext_ln188               (zext             ) [ 00000000000000]
add_ln188                (add              ) [ 00000000000000]
add_ln189                (add              ) [ 01001000000000]
trunc_ln184              (trunc            ) [ 01111111111111]
tmp_21                   (bitconcatenate   ) [ 00000000000000]
zext_ln186_2             (zext             ) [ 00000000000000]
feat1_addr               (getelementptr    ) [ 01001000000000]
tmp_23                   (bitconcatenate   ) [ 00000000000000]
zext_ln188_1             (zext             ) [ 00000000000000]
feat1_addr_2             (getelementptr    ) [ 01001000000000]
feat1_2_addr             (getelementptr    ) [ 01001000000000]
feat1_2_addr_2           (getelementptr    ) [ 01001000000000]
feat1_3_addr             (getelementptr    ) [ 01001000000000]
feat1_3_addr_2           (getelementptr    ) [ 01001000000000]
feat1_4_addr             (getelementptr    ) [ 01001000000000]
feat1_4_addr_2           (getelementptr    ) [ 01001000000000]
trunc_ln184_3            (partselect       ) [ 01111111111111]
add_ln182_1              (add              ) [ 00000000000000]
switch_ln192             (switch           ) [ 00000000000000]
m                        (add              ) [ 00000000000000]
add_ln183_1              (add              ) [ 00000000000000]
select_ln183_1           (select           ) [ 00000000000000]
icmp_ln184               (icmp             ) [ 01010000000000]
icmp_ln183               (icmp             ) [ 01010000000000]
icmp_ln182               (icmp             ) [ 01111111111111]
store_ln184              (store            ) [ 00000000000000]
store_ln183              (store            ) [ 00000000000000]
store_ln183              (store            ) [ 00000000000000]
store_ln182              (store            ) [ 00000000000000]
store_ln182              (store            ) [ 00000000000000]
br_ln182                 (br               ) [ 01010000000000]
tmp_22                   (bitconcatenate   ) [ 00000000000000]
zext_ln187_1             (zext             ) [ 00000000000000]
feat1_addr_1             (getelementptr    ) [ 00100100000000]
tmp_24                   (bitconcatenate   ) [ 00000000000000]
zext_ln189               (zext             ) [ 00000000000000]
feat1_addr_3             (getelementptr    ) [ 00100100000000]
feat1_2_addr_1           (getelementptr    ) [ 00100100000000]
feat1_2_addr_3           (getelementptr    ) [ 00100100000000]
feat1_3_addr_1           (getelementptr    ) [ 00100100000000]
feat1_3_addr_3           (getelementptr    ) [ 00100100000000]
feat1_4_addr_1           (getelementptr    ) [ 00100100000000]
feat1_4_addr_3           (getelementptr    ) [ 00100100000000]
feat1_load               (load             ) [ 00000000000000]
feat1_2_load             (load             ) [ 00000000000000]
feat1_3_load             (load             ) [ 00000000000000]
feat1_4_load             (load             ) [ 00000000000000]
m0                       (sparsemux        ) [ 01110111000000]
feat1_load_2             (load             ) [ 00000000000000]
feat1_2_load_2           (load             ) [ 00000000000000]
feat1_3_load_2           (load             ) [ 00000000000000]
feat1_4_load_2           (load             ) [ 00000000000000]
m2                       (sparsemux        ) [ 01110111100000]
feat1_load_1             (load             ) [ 00000000000000]
feat1_2_load_1           (load             ) [ 00000000000000]
feat1_3_load_1           (load             ) [ 00000000000000]
feat1_4_load_1           (load             ) [ 00000000000000]
m1                       (sparsemux        ) [ 01010011000000]
feat1_load_3             (load             ) [ 00000000000000]
feat1_2_load_3           (load             ) [ 00000000000000]
feat1_3_load_3           (load             ) [ 00000000000000]
feat1_4_load_3           (load             ) [ 00000000000000]
m3                       (sparsemux        ) [ 01110011100000]
bitcast_ln190            (bitcast          ) [ 00000000000000]
tmp                      (partselect       ) [ 00000000000000]
trunc_ln190              (trunc            ) [ 00000000000000]
bitcast_ln190_1          (bitcast          ) [ 00000000000000]
tmp_9                    (partselect       ) [ 00000000000000]
trunc_ln190_1            (trunc            ) [ 00000000000000]
icmp_ln190               (icmp             ) [ 00000000000000]
icmp_ln190_1             (icmp             ) [ 00000000000000]
or_ln190                 (or               ) [ 00000000000000]
icmp_ln190_2             (icmp             ) [ 00000000000000]
icmp_ln190_3             (icmp             ) [ 00000000000000]
or_ln190_1               (or               ) [ 00000000000000]
and_ln190                (and              ) [ 00000000000000]
tmp_s                    (fcmp             ) [ 00000000000000]
and_ln190_1              (and              ) [ 00000000000000]
mx                       (select           ) [ 01110000111110]
bitcast_ln191            (bitcast          ) [ 00000000000000]
tmp_1                    (partselect       ) [ 00000000000000]
trunc_ln191              (trunc            ) [ 00000000000000]
bitcast_ln191_1          (bitcast          ) [ 00000000000000]
tmp_2                    (partselect       ) [ 00000000000000]
trunc_ln191_1            (trunc            ) [ 00000000000000]
icmp_ln191               (icmp             ) [ 00000000000000]
icmp_ln191_1             (icmp             ) [ 00000000000000]
or_ln191                 (or               ) [ 00000000000000]
icmp_ln191_2             (icmp             ) [ 00000000000000]
icmp_ln191_3             (icmp             ) [ 00000000000000]
or_ln191_1               (or               ) [ 00000000000000]
and_ln191                (and              ) [ 00000000000000]
tmp_3                    (fcmp             ) [ 00000000000000]
and_ln191_1              (and              ) [ 00000000000000]
my                       (select           ) [ 01110000011110]
zext_ln192               (zext             ) [ 00110000000110]
mul_ln192                (mul              ) [ 01000000000001]
zext_ln192_1             (zext             ) [ 01000000000001]
bitcast_ln192            (bitcast          ) [ 00000000000000]
tmp_4                    (partselect       ) [ 00000000000000]
trunc_ln192              (trunc            ) [ 00000000000000]
bitcast_ln192_1          (bitcast          ) [ 00000000000000]
tmp_5                    (partselect       ) [ 00000000000000]
trunc_ln192_1            (trunc            ) [ 00000000000000]
icmp_ln192               (icmp             ) [ 00000000000000]
icmp_ln192_1             (icmp             ) [ 00000000000000]
or_ln192                 (or               ) [ 00000000000000]
icmp_ln192_2             (icmp             ) [ 00000000000000]
icmp_ln192_3             (icmp             ) [ 00000000000000]
or_ln192_1               (or               ) [ 00000000000000]
and_ln192                (and              ) [ 00000000000000]
tmp_6                    (fcmp             ) [ 00000000000000]
and_ln192_1              (and              ) [ 00000000000000]
select_ln192             (select           ) [ 01000000000001]
specloopname_ln0         (specloopname     ) [ 00000000000000]
speclooptripcount_ln0    (speclooptripcount) [ 00000000000000]
add_ln192                (add              ) [ 00000000000000]
specpipeline_ln185       (specpipeline     ) [ 00000000000000]
tmp_25                   (bitconcatenate   ) [ 00000000000000]
zext_ln192_2             (zext             ) [ 00000000000000]
feat1_p_addr             (getelementptr    ) [ 00000000000000]
feat1_p_5_addr           (getelementptr    ) [ 00000000000000]
feat1_p_6_addr           (getelementptr    ) [ 00000000000000]
feat1_p_7_addr           (getelementptr    ) [ 00000000000000]
store_ln192              (store            ) [ 00000000000000]
br_ln192                 (br               ) [ 00000000000000]
store_ln192              (store            ) [ 00000000000000]
br_ln192                 (br               ) [ 00000000000000]
store_ln192              (store            ) [ 00000000000000]
br_ln192                 (br               ) [ 00000000000000]
store_ln192              (store            ) [ 00000000000000]
br_ln192                 (br               ) [ 00000000000000]
ret_ln182                (ret              ) [ 00000000000000]
</LifeTime>

<model>

<comp_list>
<comp id="0" class="1000" name="feat1_p">
<pin_list>
<pin id="1" dir="1" index="0" bw="1" slack="0"/>
</pin_list>
<bind>
<StgValue><ssdm name="feat1_p"/><MemPortTyVec>0 3 </MemPortTyVec>
</StgValue>
</bind>
</comp>

<comp id="2" class="1000" name="feat1_p_5">
<pin_list>
<pin id="3" dir="1" index="0" bw="1" slack="0"/>
</pin_list>
<bind>
<StgValue><ssdm name="feat1_p_5"/><MemPortTyVec>0 3 </MemPortTyVec>
</StgValue>
</bind>
</comp>

<comp id="4" class="1000" name="feat1_p_6">
<pin_list>
<pin id="5" dir="1" index="0" bw="1" slack="0"/>
</pin_list>
<bind>
<StgValue><ssdm name="feat1_p_6"/><MemPortTyVec>0 3 </MemPortTyVec>
</StgValue>
</bind>
</comp>

<comp id="6" class="1000" name="feat1_p_7">
<pin_list>
<pin id="7" dir="1" index="0" bw="1" slack="0"/>
</pin_list>
<bind>
<StgValue><ssdm name="feat1_p_7"/><MemPortTyVec>0 3 </MemPortTyVec>
</StgValue>
</bind>
</comp>

<comp id="8" class="1000" name="feat1">
<pin_list>
<pin id="9" dir="1" index="0" bw="1" slack="0"/>
</pin_list>
<bind>
<StgValue><ssdm name="feat1"/><MemPortTyVec>1 1 </MemPortTyVec>
</StgValue>
</bind>
</comp>

<comp id="10" class="1000" name="feat1_2">
<pin_list>
<pin id="11" dir="1" index="0" bw="1" slack="0"/>
</pin_list>
<bind>
<StgValue><ssdm name="feat1_2"/><MemPortTyVec>1 1 </MemPortTyVec>
</StgValue>
</bind>
</comp>

<comp id="12" class="1000" name="feat1_3">
<pin_list>
<pin id="13" dir="1" index="0" bw="1" slack="0"/>
</pin_list>
<bind>
<StgValue><ssdm name="feat1_3"/><MemPortTyVec>1 1 </MemPortTyVec>
</StgValue>
</bind>
</comp>

<comp id="14" class="1000" name="feat1_4">
<pin_list>
<pin id="15" dir="1" index="0" bw="1" slack="0"/>
</pin_list>
<bind>
<StgValue><ssdm name="feat1_4"/><MemPortTyVec>1 1 </MemPortTyVec>
</StgValue>
</bind>
</comp>

<comp id="16" class="1001" name="const_16">
<pin_list>
<pin id="17" dir="1" index="0" bw="1" slack="0"/>
</pin_list>
<bind>
<StgValue><ssdm name=""/></StgValue>
</bind>
</comp>

<comp id="18" class="1001" name="const_18">
<pin_list>
<pin id="19" dir="1" index="0" bw="1" slack="0"/>
</pin_list>
<bind>
<StgValue><ssdm name=""/></StgValue>
</bind>
</comp>

<comp id="20" class="1001" name="const_20">
<pin_list>
<pin id="21" dir="1" index="0" bw="1" slack="0"/>
</pin_list>
<bind>
<StgValue><ssdm name=""/></StgValue>
</bind>
</comp>

<comp id="22" class="1001" name="const_22">
<pin_list>
<pin id="23" dir="1" index="0" bw="1" slack="0"/>
</pin_list>
<bind>
<StgValue><ssdm name=""/></StgValue>
</bind>
</comp>

<comp id="24" class="1001" name="const_24">
<pin_list>
<pin id="25" dir="1" index="0" bw="1" slack="0"/>
</pin_list>
<bind>
<StgValue><ssdm name=""/></StgValue>
</bind>
</comp>

<comp id="26" class="1001" name="const_26">
<pin_list>
<pin id="27" dir="1" index="0" bw="1" slack="0"/>
</pin_list>
<bind>
<StgValue><ssdm name=""/></StgValue>
</bind>
</comp>

<comp id="28" class="1001" name="const_28">
<pin_list>
<pin id="29" dir="1" index="0" bw="1" slack="0"/>
</pin_list>
<bind>
<StgValue><ssdm name=""/></StgValue>
</bind>
</comp>

<comp id="30" class="1001" name="const_30">
<pin_list>
<pin id="31" dir="1" index="0" bw="1" slack="0"/>
</pin_list>
<bind>
<StgValue><ssdm name=""/></StgValue>
</bind>
</comp>

<comp id="32" class="1001" name="const_32">
<pin_list>
<pin id="33" dir="1" index="0" bw="1" slack="0"/>
</pin_list>
<bind>
<StgValue><ssdm name=""/></StgValue>
</bind>
</comp>

<comp id="34" class="1001" name="const_34">
<pin_list>
<pin id="35" dir="1" index="0" bw="1" slack="0"/>
</pin_list>
<bind>
<StgValue><ssdm name=""/></StgValue>
</bind>
</comp>

<comp id="36" class="1001" name="const_36">
<pin_list>
<pin id="37" dir="1" index="0" bw="1" slack="0"/>
</pin_list>
<bind>
<StgValue><ssdm name="_ssdm_op_BitConcatenate.i8.i7.i1"/></StgValue>
</bind>
</comp>

<comp id="38" class="1001" name="const_38">
<pin_list>
<pin id="39" dir="1" index="0" bw="1" slack="0"/>
</pin_list>
<bind>
<StgValue><ssdm name=""/></StgValue>
</bind>
</comp>

<comp id="40" class="1001" name="const_40">
<pin_list>
<pin id="41" dir="1" index="0" bw="1" slack="0"/>
</pin_list>
<bind>
<StgValue><ssdm name="_ssdm_op_BitConcatenate.i9.i8.i1"/></StgValue>
</bind>
</comp>

<comp id="42" class="1001" name="const_42">
<pin_list>
<pin id="43" dir="1" index="0" bw="1" slack="0"/>
</pin_list>
<bind>
<StgValue><ssdm name="_ssdm_op_BitConcatenate.i18.i17.i1"/></StgValue>
</bind>
</comp>

<comp id="44" class="1001" name="const_44">
<pin_list>
<pin id="45" dir="1" index="0" bw="1" slack="0"/>
</pin_list>
<bind>
<StgValue><ssdm name=""/></StgValue>
</bind>
</comp>

<comp id="46" class="1001" name="const_46">
<pin_list>
<pin id="47" dir="1" index="0" bw="1" slack="0"/>
</pin_list>
<bind>
<StgValue><ssdm name="_ssdm_op_PartSelect.i2.i4.i32.i32"/></StgValue>
</bind>
</comp>

<comp id="48" class="1001" name="const_48">
<pin_list>
<pin id="49" dir="1" index="0" bw="1" slack="0"/>
</pin_list>
<bind>
<StgValue><ssdm name=""/></StgValue>
</bind>
</comp>

<comp id="50" class="1001" name="const_50">
<pin_list>
<pin id="51" dir="1" index="0" bw="1" slack="0"/>
</pin_list>
<bind>
<StgValue><ssdm name=""/></StgValue>
</bind>
</comp>

<comp id="52" class="1001" name="const_52">
<pin_list>
<pin id="53" dir="1" index="0" bw="1" slack="0"/>
</pin_list>
<bind>
<StgValue><ssdm name=""/></StgValue>
</bind>
</comp>

<comp id="54" class="1001" name="const_54">
<pin_list>
<pin id="55" dir="1" index="0" bw="1" slack="0"/>
</pin_list>
<bind>
<StgValue><ssdm name=""/></StgValue>
</bind>
</comp>

<comp id="56" class="1001" name="const_56">
<pin_list>
<pin id="57" dir="1" index="0" bw="1" slack="0"/>
</pin_list>
<bind>
<StgValue><ssdm name=""/></StgValue>
</bind>
</comp>

<comp id="58" class="1001" name="const_58">
<pin_list>
<pin id="59" dir="1" index="0" bw="1" slack="0"/>
</pin_list>
<bind>
<StgValue><ssdm name=""/></StgValue>
</bind>
</comp>

<comp id="60" class="1001" name="const_60">
<pin_list>
<pin id="61" dir="1" index="0" bw="1" slack="0"/>
</pin_list>
<bind>
<StgValue><ssdm name=""/></StgValue>
</bind>
</comp>

<comp id="62" class="1001" name="const_62">
<pin_list>
<pin id="63" dir="1" index="0" bw="1" slack="0"/>
</pin_list>
<bind>
<StgValue><ssdm name=""/></StgValue>
</bind>
</comp>

<comp id="64" class="1001" name="const_64">
<pin_list>
<pin id="65" dir="1" index="0" bw="1" slack="0"/>
</pin_list>
<bind>
<StgValue><ssdm name=""/></StgValue>
</bind>
</comp>

<comp id="66" class="1001" name="const_66">
<pin_list>
<pin id="67" dir="1" index="0" bw="1" slack="0"/>
</pin_list>
<bind>
<StgValue><ssdm name=""/></StgValue>
</bind>
</comp>

<comp id="68" class="1001" name="const_68">
<pin_list>
<pin id="69" dir="1" index="0" bw="1" slack="0"/>
</pin_list>
<bind>
<StgValue><ssdm name="_ssdm_op_SparseMux.ap_auto.4float.float.i2"/></StgValue>
</bind>
</comp>

<comp id="70" class="1001" name="const_70">
<pin_list>
<pin id="71" dir="1" index="0" bw="1" slack="0"/>
</pin_list>
<bind>
<StgValue><ssdm name=""/></StgValue>
</bind>
</comp>

<comp id="72" class="1001" name="const_72">
<pin_list>
<pin id="73" dir="1" index="0" bw="1" slack="0"/>
</pin_list>
<bind>
<StgValue><ssdm name=""/></StgValue>
</bind>
</comp>

<comp id="74" class="1001" name="const_74">
<pin_list>
<pin id="75" dir="1" index="0" bw="1" slack="0"/>
</pin_list>
<bind>
<StgValue><ssdm name="_ssdm_op_PartSelect.i8.i32.i32.i32"/></StgValue>
</bind>
</comp>

<comp id="76" class="1001" name="const_76">
<pin_list>
<pin id="77" dir="1" index="0" bw="1" slack="0"/>
</pin_list>
<bind>
<StgValue><ssdm name=""/></StgValue>
</bind>
</comp>

<comp id="78" class="1001" name="const_78">
<pin_list>
<pin id="79" dir="1" index="0" bw="1" slack="0"/>
</pin_list>
<bind>
<StgValue><ssdm name=""/></StgValue>
</bind>
</comp>

<comp id="80" class="1001" name="const_80">
<pin_list>
<pin id="81" dir="1" index="0" bw="1" slack="0"/>
</pin_list>
<bind>
<StgValue><ssdm name=""/></StgValue>
</bind>
</comp>

<comp id="82" class="1001" name="const_82">
<pin_list>
<pin id="83" dir="1" index="0" bw="1" slack="0"/>
</pin_list>
<bind>
<StgValue><ssdm name=""/></StgValue>
</bind>
</comp>

<comp id="84" class="1001" name="const_84">
<pin_list>
<pin id="85" dir="1" index="0" bw="1" slack="0"/>
</pin_list>
<bind>
<StgValue><ssdm name=""/></StgValue>
</bind>
</comp>

<comp id="86" class="1001" name="const_86">
<pin_list>
<pin id="87" dir="1" index="0" bw="1" slack="2147483647"/>
</pin_list>
<bind>
<StgValue><ssdm name="_ssdm_op_SpecLoopName"/></StgValue>
</bind>
</comp>

<comp id="88" class="1001" name="const_88">
<pin_list>
<pin id="89" dir="1" index="0" bw="1" slack="2147483647"/>
</pin_list>
<bind>
<StgValue><ssdm name="POOL1_ROW_POOL1_COL_POOL1_CH_str"/></StgValue>
</bind>
</comp>

<comp id="90" class="1001" name="const_90">
<pin_list>
<pin id="91" dir="1" index="0" bw="1" slack="2147483647"/>
</pin_list>
<bind>
<StgValue><ssdm name="_ssdm_op_SpecLoopTripCount"/></StgValue>
</bind>
</comp>

<comp id="92" class="1001" name="const_92">
<pin_list>
<pin id="93" dir="1" index="0" bw="1" slack="2147483647"/>
</pin_list>
<bind>
<StgValue><ssdm name=""/></StgValue>
</bind>
</comp>

<comp id="94" class="1001" name="const_94">
<pin_list>
<pin id="95" dir="1" index="0" bw="1" slack="2147483647"/>
</pin_list>
<bind>
<StgValue><ssdm name="_ssdm_op_SpecPipeline"/></StgValue>
</bind>
</comp>

<comp id="96" class="1001" name="const_96">
<pin_list>
<pin id="97" dir="1" index="0" bw="1" slack="2147483647"/>
</pin_list>
<bind>
<StgValue><ssdm name=""/></StgValue>
</bind>
</comp>

<comp id="98" class="1001" name="const_98">
<pin_list>
<pin id="99" dir="1" index="0" bw="1" slack="2147483647"/>
</pin_list>
<bind>
<StgValue><ssdm name=""/></StgValue>
</bind>
</comp>

<comp id="100" class="1001" name="const_100">
<pin_list>
<pin id="101" dir="1" index="0" bw="1" slack="2147483647"/>
</pin_list>
<bind>
<StgValue><ssdm name="empty_17"/></StgValue>
</bind>
</comp>

<comp id="102" class="1001" name="const_102">
<pin_list>
<pin id="103" dir="1" index="0" bw="1" slack="0"/>
</pin_list>
<bind>
<StgValue><ssdm name="_ssdm_op_BitConcatenate.i16.i15.i1"/></StgValue>
</bind>
</comp>

<comp id="104" class="1004" name="indvar_flatten12131_fu_104">
<pin_list>
<pin id="105" dir="0" index="0" bw="1" slack="0"/>
<pin id="106" dir="1" index="1" bw="18" slack="0"/>
</pin_list>
<bind>
<opcode="alloca(26) " fcode="alloca"/>
<opset="indvar_flatten12131/1 "/>
</bind>
</comp>

<comp id="108" class="1004" name="i132_fu_108">
<pin_list>
<pin id="109" dir="0" index="0" bw="1" slack="0"/>
<pin id="110" dir="1" index="1" bw="7" slack="0"/>
</pin_list>
<bind>
<opcode="alloca(26) " fcode="alloca"/>
<opset="i132/1 "/>
</bind>
</comp>

<comp id="112" class="1004" name="indvar_flatten133_fu_112">
<pin_list>
<pin id="113" dir="0" index="0" bw="1" slack="0"/>
<pin id="114" dir="1" index="1" bw="12" slack="0"/>
</pin_list>
<bind>
<opcode="alloca(26) " fcode="alloca"/>
<opset="indvar_flatten133/1 "/>
</bind>
</comp>

<comp id="116" class="1004" name="j134_fu_116">
<pin_list>
<pin id="117" dir="0" index="0" bw="1" slack="0"/>
<pin id="118" dir="1" index="1" bw="8" slack="0"/>
</pin_list>
<bind>
<opcode="alloca(26) " fcode="alloca"/>
<opset="j134/1 "/>
</bind>
</comp>

<comp id="120" class="1004" name="m135_fu_120">
<pin_list>
<pin id="121" dir="0" index="0" bw="1" slack="0"/>
<pin id="122" dir="1" index="1" bw="4" slack="0"/>
</pin_list>
<bind>
<opcode="alloca(26) " fcode="alloca"/>
<opset="m135/1 "/>
</bind>
</comp>

<comp id="124" class="1004" name="feat1_addr_gep_fu_124">
<pin_list>
<pin id="125" dir="0" index="0" bw="32" slack="0"/>
<pin id="126" dir="0" index="1" bw="1" slack="0"/>
<pin id="127" dir="0" index="2" bw="18" slack="0"/>
<pin id="128" dir="1" index="3" bw="18" slack="0"/>
</pin_list>
<bind>
<opcode="getelementptr(29) " fcode="getelementptr"/>
<opset="feat1_addr/3 "/>
</bind>
</comp>

<comp id="131" class="1004" name="feat1_addr_2_gep_fu_131">
<pin_list>
<pin id="132" dir="0" index="0" bw="32" slack="0"/>
<pin id="133" dir="0" index="1" bw="1" slack="0"/>
<pin id="134" dir="0" index="2" bw="18" slack="0"/>
<pin id="135" dir="1" index="3" bw="18" slack="0"/>
</pin_list>
<bind>
<opcode="getelementptr(29) " fcode="getelementptr"/>
<opset="feat1_addr_2/3 "/>
</bind>
</comp>

<comp id="138" class="1004" name="feat1_2_addr_gep_fu_138">
<pin_list>
<pin id="139" dir="0" index="0" bw="32" slack="0"/>
<pin id="140" dir="0" index="1" bw="1" slack="0"/>
<pin id="141" dir="0" index="2" bw="18" slack="0"/>
<pin id="142" dir="1" index="3" bw="18" slack="0"/>
</pin_list>
<bind>
<opcode="getelementptr(29) " fcode="getelementptr"/>
<opset="feat1_2_addr/3 "/>
</bind>
</comp>

<comp id="145" class="1004" name="feat1_2_addr_2_gep_fu_145">
<pin_list>
<pin id="146" dir="0" index="0" bw="32" slack="0"/>
<pin id="147" dir="0" index="1" bw="1" slack="0"/>
<pin id="148" dir="0" index="2" bw="18" slack="0"/>
<pin id="149" dir="1" index="3" bw="18" slack="0"/>
</pin_list>
<bind>
<opcode="getelementptr(29) " fcode="getelementptr"/>
<opset="feat1_2_addr_2/3 "/>
</bind>
</comp>

<comp id="152" class="1004" name="feat1_3_addr_gep_fu_152">
<pin_list>
<pin id="153" dir="0" index="0" bw="32" slack="0"/>
<pin id="154" dir="0" index="1" bw="1" slack="0"/>
<pin id="155" dir="0" index="2" bw="18" slack="0"/>
<pin id="156" dir="1" index="3" bw="18" slack="0"/>
</pin_list>
<bind>
<opcode="getelementptr(29) " fcode="getelementptr"/>
<opset="feat1_3_addr/3 "/>
</bind>
</comp>

<comp id="159" class="1004" name="feat1_3_addr_2_gep_fu_159">
<pin_list>
<pin id="160" dir="0" index="0" bw="32" slack="0"/>
<pin id="161" dir="0" index="1" bw="1" slack="0"/>
<pin id="162" dir="0" index="2" bw="18" slack="0"/>
<pin id="163" dir="1" index="3" bw="18" slack="0"/>
</pin_list>
<bind>
<opcode="getelementptr(29) " fcode="getelementptr"/>
<opset="feat1_3_addr_2/3 "/>
</bind>
</comp>

<comp id="166" class="1004" name="feat1_4_addr_gep_fu_166">
<pin_list>
<pin id="167" dir="0" index="0" bw="32" slack="0"/>
<pin id="168" dir="0" index="1" bw="1" slack="0"/>
<pin id="169" dir="0" index="2" bw="18" slack="0"/>
<pin id="170" dir="1" index="3" bw="18" slack="0"/>
</pin_list>
<bind>
<opcode="getelementptr(29) " fcode="getelementptr"/>
<opset="feat1_4_addr/3 "/>
</bind>
</comp>

<comp id="173" class="1004" name="feat1_4_addr_2_gep_fu_173">
<pin_list>
<pin id="174" dir="0" index="0" bw="32" slack="0"/>
<pin id="175" dir="0" index="1" bw="1" slack="0"/>
<pin id="176" dir="0" index="2" bw="18" slack="0"/>
<pin id="177" dir="1" index="3" bw="18" slack="0"/>
</pin_list>
<bind>
<opcode="getelementptr(29) " fcode="getelementptr"/>
<opset="feat1_4_addr_2/3 "/>
</bind>
</comp>

<comp id="180" class="1004" name="grp_access_fu_180">
<pin_list>
<pin id="181" dir="0" index="0" bw="18" slack="0"/>
<pin id="182" dir="0" index="1" bw="32" slack="2147483647"/>
<pin id="183" dir="0" index="2" bw="0" slack="0"/>
<pin id="185" dir="0" index="4" bw="18" slack="2147483647"/>
<pin id="186" dir="0" index="5" bw="32" slack="2147483647"/>
<pin id="187" dir="0" index="6" bw="0" slack="2147483647"/>
<pin id="184" dir="1" index="3" bw="32" slack="0"/>
<pin id="188" dir="1" index="7" bw="32" slack="0"/>
</pin_list>
<bind>
<opcode="load(27) " fcode="load"/>
<opset="feat1_load/3 feat1_load_2/3 feat1_load_1/4 feat1_load_3/4 "/>
</bind>
</comp>

<comp id="190" class="1004" name="grp_access_fu_190">
<pin_list>
<pin id="191" dir="0" index="0" bw="18" slack="0"/>
<pin id="192" dir="0" index="1" bw="32" slack="2147483647"/>
<pin id="193" dir="0" index="2" bw="0" slack="0"/>
<pin id="195" dir="0" index="4" bw="18" slack="2147483647"/>
<pin id="196" dir="0" index="5" bw="32" slack="2147483647"/>
<pin id="197" dir="0" index="6" bw="0" slack="2147483647"/>
<pin id="194" dir="1" index="3" bw="32" slack="0"/>
<pin id="198" dir="1" index="7" bw="32" slack="0"/>
</pin_list>
<bind>
<opcode="load(27) " fcode="load"/>
<opset="feat1_2_load/3 feat1_2_load_2/3 feat1_2_load_1/4 feat1_2_load_3/4 "/>
</bind>
</comp>

<comp id="200" class="1004" name="grp_access_fu_200">
<pin_list>
<pin id="201" dir="0" index="0" bw="18" slack="0"/>
<pin id="202" dir="0" index="1" bw="32" slack="2147483647"/>
<pin id="203" dir="0" index="2" bw="0" slack="0"/>
<pin id="205" dir="0" index="4" bw="18" slack="2147483647"/>
<pin id="206" dir="0" index="5" bw="32" slack="2147483647"/>
<pin id="207" dir="0" index="6" bw="0" slack="2147483647"/>
<pin id="204" dir="1" index="3" bw="32" slack="0"/>
<pin id="208" dir="1" index="7" bw="32" slack="0"/>
</pin_list>
<bind>
<opcode="load(27) " fcode="load"/>
<opset="feat1_3_load/3 feat1_3_load_2/3 feat1_3_load_1/4 feat1_3_load_3/4 "/>
</bind>
</comp>

<comp id="210" class="1004" name="grp_access_fu_210">
<pin_list>
<pin id="211" dir="0" index="0" bw="18" slack="0"/>
<pin id="212" dir="0" index="1" bw="32" slack="2147483647"/>
<pin id="213" dir="0" index="2" bw="0" slack="0"/>
<pin id="215" dir="0" index="4" bw="18" slack="2147483647"/>
<pin id="216" dir="0" index="5" bw="32" slack="2147483647"/>
<pin id="217" dir="0" index="6" bw="0" slack="2147483647"/>
<pin id="214" dir="1" index="3" bw="32" slack="0"/>
<pin id="218" dir="1" index="7" bw="32" slack="0"/>
</pin_list>
<bind>
<opcode="load(27) " fcode="load"/>
<opset="feat1_4_load/3 feat1_4_load_2/3 feat1_4_load_1/4 feat1_4_load_3/4 "/>
</bind>
</comp>

<comp id="224" class="1004" name="feat1_addr_1_gep_fu_224">
<pin_list>
<pin id="225" dir="0" index="0" bw="32" slack="0"/>
<pin id="226" dir="0" index="1" bw="1" slack="0"/>
<pin id="227" dir="0" index="2" bw="18" slack="0"/>
<pin id="228" dir="1" index="3" bw="18" slack="0"/>
</pin_list>
<bind>
<opcode="getelementptr(29) " fcode="getelementptr"/>
<opset="feat1_addr_1/4 "/>
</bind>
</comp>

<comp id="231" class="1004" name="feat1_addr_3_gep_fu_231">
<pin_list>
<pin id="232" dir="0" index="0" bw="32" slack="0"/>
<pin id="233" dir="0" index="1" bw="1" slack="0"/>
<pin id="234" dir="0" index="2" bw="18" slack="0"/>
<pin id="235" dir="1" index="3" bw="18" slack="0"/>
</pin_list>
<bind>
<opcode="getelementptr(29) " fcode="getelementptr"/>
<opset="feat1_addr_3/4 "/>
</bind>
</comp>

<comp id="238" class="1004" name="feat1_2_addr_1_gep_fu_238">
<pin_list>
<pin id="239" dir="0" index="0" bw="32" slack="0"/>
<pin id="240" dir="0" index="1" bw="1" slack="0"/>
<pin id="241" dir="0" index="2" bw="18" slack="0"/>
<pin id="242" dir="1" index="3" bw="18" slack="0"/>
</pin_list>
<bind>
<opcode="getelementptr(29) " fcode="getelementptr"/>
<opset="feat1_2_addr_1/4 "/>
</bind>
</comp>

<comp id="245" class="1004" name="feat1_2_addr_3_gep_fu_245">
<pin_list>
<pin id="246" dir="0" index="0" bw="32" slack="0"/>
<pin id="247" dir="0" index="1" bw="1" slack="0"/>
<pin id="248" dir="0" index="2" bw="18" slack="0"/>
<pin id="249" dir="1" index="3" bw="18" slack="0"/>
</pin_list>
<bind>
<opcode="getelementptr(29) " fcode="getelementptr"/>
<opset="feat1_2_addr_3/4 "/>
</bind>
</comp>

<comp id="252" class="1004" name="feat1_3_addr_1_gep_fu_252">
<pin_list>
<pin id="253" dir="0" index="0" bw="32" slack="0"/>
<pin id="254" dir="0" index="1" bw="1" slack="0"/>
<pin id="255" dir="0" index="2" bw="18" slack="0"/>
<pin id="256" dir="1" index="3" bw="18" slack="0"/>
</pin_list>
<bind>
<opcode="getelementptr(29) " fcode="getelementptr"/>
<opset="feat1_3_addr_1/4 "/>
</bind>
</comp>

<comp id="259" class="1004" name="feat1_3_addr_3_gep_fu_259">
<pin_list>
<pin id="260" dir="0" index="0" bw="32" slack="0"/>
<pin id="261" dir="0" index="1" bw="1" slack="0"/>
<pin id="262" dir="0" index="2" bw="18" slack="0"/>
<pin id="263" dir="1" index="3" bw="18" slack="0"/>
</pin_list>
<bind>
<opcode="getelementptr(29) " fcode="getelementptr"/>
<opset="feat1_3_addr_3/4 "/>
</bind>
</comp>

<comp id="266" class="1004" name="feat1_4_addr_1_gep_fu_266">
<pin_list>
<pin id="267" dir="0" index="0" bw="32" slack="0"/>
<pin id="268" dir="0" index="1" bw="1" slack="0"/>
<pin id="269" dir="0" index="2" bw="18" slack="0"/>
<pin id="270" dir="1" index="3" bw="18" slack="0"/>
</pin_list>
<bind>
<opcode="getelementptr(29) " fcode="getelementptr"/>
<opset="feat1_4_addr_1/4 "/>
</bind>
</comp>

<comp id="273" class="1004" name="feat1_4_addr_3_gep_fu_273">
<pin_list>
<pin id="274" dir="0" index="0" bw="32" slack="0"/>
<pin id="275" dir="0" index="1" bw="1" slack="0"/>
<pin id="276" dir="0" index="2" bw="18" slack="0"/>
<pin id="277" dir="1" index="3" bw="18" slack="0"/>
</pin_list>
<bind>
<opcode="getelementptr(29) " fcode="getelementptr"/>
<opset="feat1_4_addr_3/4 "/>
</bind>
</comp>

<comp id="288" class="1004" name="feat1_p_addr_gep_fu_288">
<pin_list>
<pin id="289" dir="0" index="0" bw="32" slack="0"/>
<pin id="290" dir="0" index="1" bw="1" slack="0"/>
<pin id="291" dir="0" index="2" bw="16" slack="0"/>
<pin id="292" dir="1" index="3" bw="16" slack="0"/>
</pin_list>
<bind>
<opcode="getelementptr(29) " fcode="getelementptr"/>
<opset="feat1_p_addr/13 "/>
</bind>
</comp>

<comp id="295" class="1004" name="feat1_p_5_addr_gep_fu_295">
<pin_list>
<pin id="296" dir="0" index="0" bw="32" slack="0"/>
<pin id="297" dir="0" index="1" bw="1" slack="0"/>
<pin id="298" dir="0" index="2" bw="16" slack="0"/>
<pin id="299" dir="1" index="3" bw="16" slack="0"/>
</pin_list>
<bind>
<opcode="getelementptr(29) " fcode="getelementptr"/>
<opset="feat1_p_5_addr/13 "/>
</bind>
</comp>

<comp id="302" class="1004" name="feat1_p_6_addr_gep_fu_302">
<pin_list>
<pin id="303" dir="0" index="0" bw="32" slack="0"/>
<pin id="304" dir="0" index="1" bw="1" slack="0"/>
<pin id="305" dir="0" index="2" bw="16" slack="0"/>
<pin id="306" dir="1" index="3" bw="16" slack="0"/>
</pin_list>
<bind>
<opcode="getelementptr(29) " fcode="getelementptr"/>
<opset="feat1_p_6_addr/13 "/>
</bind>
</comp>

<comp id="309" class="1004" name="feat1_p_7_addr_gep_fu_309">
<pin_list>
<pin id="310" dir="0" index="0" bw="32" slack="0"/>
<pin id="311" dir="0" index="1" bw="1" slack="0"/>
<pin id="312" dir="0" index="2" bw="16" slack="0"/>
<pin id="313" dir="1" index="3" bw="16" slack="0"/>
</pin_list>
<bind>
<opcode="getelementptr(29) " fcode="getelementptr"/>
<opset="feat1_p_7_addr/13 "/>
</bind>
</comp>

<comp id="316" class="1004" name="store_ln192_access_fu_316">
<pin_list>
<pin id="317" dir="0" index="0" bw="16" slack="0"/>
<pin id="318" dir="0" index="1" bw="32" slack="1"/>
<pin id="319" dir="0" index="2" bw="0" slack="2147483647"/>
<pin id="320" dir="1" index="3" bw="32" slack="2147483647"/>
</pin_list>
<bind>
<opcode="store(28) " fcode="store"/>
<opset="store_ln192/13 "/>
</bind>
</comp>

<comp id="322" class="1004" name="store_ln192_access_fu_322">
<pin_list>
<pin id="323" dir="0" index="0" bw="16" slack="0"/>
<pin id="324" dir="0" index="1" bw="32" slack="1"/>
<pin id="325" dir="0" index="2" bw="0" slack="2147483647"/>
<pin id="326" dir="1" index="3" bw="32" slack="2147483647"/>
</pin_list>
<bind>
<opcode="store(28) " fcode="store"/>
<opset="store_ln192/13 "/>
</bind>
</comp>

<comp id="328" class="1004" name="store_ln192_access_fu_328">
<pin_list>
<pin id="329" dir="0" index="0" bw="16" slack="0"/>
<pin id="330" dir="0" index="1" bw="32" slack="1"/>
<pin id="331" dir="0" index="2" bw="0" slack="2147483647"/>
<pin id="332" dir="1" index="3" bw="32" slack="2147483647"/>
</pin_list>
<bind>
<opcode="store(28) " fcode="store"/>
<opset="store_ln192/13 "/>
</bind>
</comp>

<comp id="334" class="1004" name="store_ln192_access_fu_334">
<pin_list>
<pin id="335" dir="0" index="0" bw="16" slack="0"/>
<pin id="336" dir="0" index="1" bw="32" slack="1"/>
<pin id="337" dir="0" index="2" bw="0" slack="2147483647"/>
<pin id="338" dir="1" index="3" bw="32" slack="2147483647"/>
</pin_list>
<bind>
<opcode="store(28) " fcode="store"/>
<opset="store_ln192/13 "/>
</bind>
</comp>

<comp id="340" class="1005" name="icmp_ln183137_reg_340">
<pin_list>
<pin id="341" dir="0" index="0" bw="1" slack="1"/>
<pin id="342" dir="1" index="1" bw="1" slack="1"/>
</pin_list>
<bind>
<opset="icmp_ln183137 (phireg) "/>
</bind>
</comp>

<comp id="343" class="1004" name="icmp_ln183137_phi_fu_343">
<pin_list>
<pin id="344" dir="0" index="0" bw="1" slack="0"/>
<pin id="345" dir="0" index="1" bw="0" slack="2147483647"/>
<pin id="346" dir="0" index="2" bw="1" slack="1"/>
<pin id="347" dir="0" index="3" bw="0" slack="2147483647"/>
<pin id="348" dir="1" index="4" bw="1" slack="0"/>
</pin_list>
<bind>
<opcode="phi(47) " fcode="phi"/>
<opset="icmp_ln183137/1 "/>
</bind>
</comp>

<comp id="351" class="1005" name="icmp_ln184136_reg_351">
<pin_list>
<pin id="352" dir="0" index="0" bw="1" slack="2147483647"/>
<pin id="353" dir="1" index="1" bw="1" slack="2147483647"/>
</pin_list>
<bind>
<opset="icmp_ln184136 (phireg) "/>
</bind>
</comp>

<comp id="354" class="1004" name="icmp_ln184136_phi_fu_354">
<pin_list>
<pin id="355" dir="0" index="0" bw="1" slack="0"/>
<pin id="356" dir="0" index="1" bw="0" slack="2147483647"/>
<pin id="357" dir="0" index="2" bw="1" slack="1"/>
<pin id="358" dir="0" index="3" bw="0" slack="2147483647"/>
<pin id="359" dir="1" index="4" bw="1" slack="0"/>
</pin_list>
<bind>
<opcode="phi(47) " fcode="phi"/>
<opset="icmp_ln184136/1 "/>
</bind>
</comp>

<comp id="361" class="1004" name="grp_fu_361">
<pin_list>
<pin id="362" dir="0" index="0" bw="32" slack="2"/>
<pin id="363" dir="0" index="1" bw="32" slack="1"/>
<pin id="364" dir="1" index="2" bw="1" slack="0"/>
</pin_list>
<bind>
<opcode="fcmp(46) " fcode="fcmp"/>
<opset="tmp_s/6 tmp_3/7 tmp_6/11 "/>
</bind>
</comp>

<comp id="365" class="1004" name="grp_fu_365">
<pin_list>
<pin id="366" dir="0" index="0" bw="32" slack="0"/>
<pin id="367" dir="0" index="1" bw="2" slack="0"/>
<pin id="368" dir="0" index="2" bw="32" slack="0"/>
<pin id="369" dir="0" index="3" bw="2" slack="0"/>
<pin id="370" dir="0" index="4" bw="32" slack="0"/>
<pin id="371" dir="0" index="5" bw="2" slack="0"/>
<pin id="372" dir="0" index="6" bw="32" slack="0"/>
<pin id="373" dir="0" index="7" bw="2" slack="0"/>
<pin id="374" dir="0" index="8" bw="32" slack="0"/>
<pin id="375" dir="0" index="9" bw="32" slack="0"/>
<pin id="376" dir="0" index="10" bw="2" slack="1"/>
<pin id="377" dir="1" index="11" bw="32" slack="1"/>
</pin_list>
<bind>
<opcode="sparsemux(1197) " fcode="sparsemux"/>
<opset="m0/4 m1/5 "/>
</bind>
</comp>

<comp id="388" class="1004" name="grp_fu_388">
<pin_list>
<pin id="389" dir="0" index="0" bw="32" slack="0"/>
<pin id="390" dir="0" index="1" bw="2" slack="0"/>
<pin id="391" dir="0" index="2" bw="32" slack="0"/>
<pin id="392" dir="0" index="3" bw="2" slack="0"/>
<pin id="393" dir="0" index="4" bw="32" slack="0"/>
<pin id="394" dir="0" index="5" bw="2" slack="0"/>
<pin id="395" dir="0" index="6" bw="32" slack="0"/>
<pin id="396" dir="0" index="7" bw="2" slack="0"/>
<pin id="397" dir="0" index="8" bw="32" slack="0"/>
<pin id="398" dir="0" index="9" bw="32" slack="0"/>
<pin id="399" dir="0" index="10" bw="2" slack="1"/>
<pin id="400" dir="1" index="11" bw="32" slack="2"/>
</pin_list>
<bind>
<opcode="sparsemux(1197) " fcode="sparsemux"/>
<opset="m2/4 m3/5 "/>
</bind>
</comp>

<comp id="411" class="1004" name="store_ln0_store_fu_411">
<pin_list>
<pin id="412" dir="0" index="0" bw="1" slack="0"/>
<pin id="413" dir="0" index="1" bw="4" slack="0"/>
<pin id="414" dir="1" index="2" bw="0" slack="2147483647"/>
</pin_list>
<bind>
<opcode="store(28) " fcode="store"/>
<opset="store_ln0/1 "/>
</bind>
</comp>

<comp id="416" class="1004" name="store_ln0_store_fu_416">
<pin_list>
<pin id="417" dir="0" index="0" bw="1" slack="0"/>
<pin id="418" dir="0" index="1" bw="8" slack="0"/>
<pin id="419" dir="1" index="2" bw="0" slack="2147483647"/>
</pin_list>
<bind>
<opcode="store(28) " fcode="store"/>
<opset="store_ln0/1 "/>
</bind>
</comp>

<comp id="421" class="1004" name="store_ln0_store_fu_421">
<pin_list>
<pin id="422" dir="0" index="0" bw="1" slack="0"/>
<pin id="423" dir="0" index="1" bw="12" slack="0"/>
<pin id="424" dir="1" index="2" bw="0" slack="2147483647"/>
</pin_list>
<bind>
<opcode="store(28) " fcode="store"/>
<opset="store_ln0/1 "/>
</bind>
</comp>

<comp id="426" class="1004" name="store_ln0_store_fu_426">
<pin_list>
<pin id="427" dir="0" index="0" bw="1" slack="0"/>
<pin id="428" dir="0" index="1" bw="7" slack="0"/>
<pin id="429" dir="1" index="2" bw="0" slack="2147483647"/>
</pin_list>
<bind>
<opcode="store(28) " fcode="store"/>
<opset="store_ln0/1 "/>
</bind>
</comp>

<comp id="431" class="1004" name="store_ln0_store_fu_431">
<pin_list>
<pin id="432" dir="0" index="0" bw="1" slack="0"/>
<pin id="433" dir="0" index="1" bw="18" slack="0"/>
<pin id="434" dir="1" index="2" bw="0" slack="2147483647"/>
</pin_list>
<bind>
<opcode="store(28) " fcode="store"/>
<opset="store_ln0/1 "/>
</bind>
</comp>

<comp id="436" class="1004" name="xor_ln182_fu_436">
<pin_list>
<pin id="437" dir="0" index="0" bw="1" slack="0"/>
<pin id="438" dir="0" index="1" bw="1" slack="0"/>
<pin id="439" dir="1" index="2" bw="1" slack="0"/>
</pin_list>
<bind>
<opcode="xor(25) " fcode="xor"/>
<opset="xor_ln182/1 "/>
</bind>
</comp>

<comp id="442" class="1004" name="and_ln182_fu_442">
<pin_list>
<pin id="443" dir="0" index="0" bw="1" slack="0"/>
<pin id="444" dir="0" index="1" bw="1" slack="0"/>
<pin id="445" dir="1" index="2" bw="1" slack="1"/>
</pin_list>
<bind>
<opcode="and(23) " fcode="and"/>
<opset="and_ln182/1 "/>
</bind>
</comp>

<comp id="448" class="1004" name="i132_load_load_fu_448">
<pin_list>
<pin id="449" dir="0" index="0" bw="7" slack="1"/>
<pin id="450" dir="1" index="1" bw="7" slack="0"/>
</pin_list>
<bind>
<opcode="load(27) " fcode="load"/>
<opset="i132_load/2 "/>
</bind>
</comp>

<comp id="451" class="1004" name="j134_load_load_fu_451">
<pin_list>
<pin id="452" dir="0" index="0" bw="8" slack="1"/>
<pin id="453" dir="1" index="1" bw="8" slack="0"/>
</pin_list>
<bind>
<opcode="load(27) " fcode="load"/>
<opset="j134_load/2 "/>
</bind>
</comp>

<comp id="454" class="1004" name="add_ln182_fu_454">
<pin_list>
<pin id="455" dir="0" index="0" bw="7" slack="0"/>
<pin id="456" dir="0" index="1" bw="1" slack="0"/>
<pin id="457" dir="1" index="2" bw="7" slack="0"/>
</pin_list>
<bind>
<opcode="add(8) " fcode="add"/>
<opset="add_ln182/2 "/>
</bind>
</comp>

<comp id="460" class="1004" name="select_ln182_fu_460">
<pin_list>
<pin id="461" dir="0" index="0" bw="1" slack="1"/>
<pin id="462" dir="0" index="1" bw="1" slack="0"/>
<pin id="463" dir="0" index="2" bw="8" slack="0"/>
<pin id="464" dir="1" index="3" bw="8" slack="0"/>
</pin_list>
<bind>
<opcode="select(49) " fcode="select"/>
<opset="select_ln182/2 "/>
</bind>
</comp>

<comp id="468" class="1004" name="i_fu_468">
<pin_list>
<pin id="469" dir="0" index="0" bw="1" slack="1"/>
<pin id="470" dir="0" index="1" bw="7" slack="0"/>
<pin id="471" dir="0" index="2" bw="7" slack="0"/>
<pin id="472" dir="1" index="3" bw="7" slack="0"/>
</pin_list>
<bind>
<opcode="select(49) " fcode="select"/>
<opset="i/2 "/>
</bind>
</comp>

<comp id="476" class="1004" name="add_ln183_fu_476">
<pin_list>
<pin id="477" dir="0" index="0" bw="8" slack="0"/>
<pin id="478" dir="0" index="1" bw="1" slack="0"/>
<pin id="479" dir="1" index="2" bw="8" slack="0"/>
</pin_list>
<bind>
<opcode="add(8) " fcode="add"/>
<opset="add_ln183/2 "/>
</bind>
</comp>

<comp id="482" class="1004" name="j_fu_482">
<pin_list>
<pin id="483" dir="0" index="0" bw="1" slack="1"/>
<pin id="484" dir="0" index="1" bw="8" slack="0"/>
<pin id="485" dir="0" index="2" bw="8" slack="0"/>
<pin id="486" dir="1" index="3" bw="8" slack="1"/>
</pin_list>
<bind>
<opcode="select(49) " fcode="select"/>
<opset="j/2 "/>
</bind>
</comp>

<comp id="489" class="1004" name="tmp_17_fu_489">
<pin_list>
<pin id="490" dir="0" index="0" bw="8" slack="0"/>
<pin id="491" dir="0" index="1" bw="7" slack="0"/>
<pin id="492" dir="0" index="2" bw="1" slack="0"/>
<pin id="493" dir="1" index="3" bw="8" slack="0"/>
</pin_list>
<bind>
<opcode="bitconcatenate(1004) " fcode="bitconcatenate"/>
<opset="tmp_17/2 "/>
</bind>
</comp>

<comp id="497" class="1004" name="zext_ln186_fu_497">
<pin_list>
<pin id="498" dir="0" index="0" bw="8" slack="0"/>
<pin id="499" dir="1" index="1" bw="17" slack="0"/>
</pin_list>
<bind>
<opcode="zext(34) " fcode="zext"/>
<opset="zext_ln186/2 "/>
</bind>
</comp>

<comp id="501" class="1004" name="mul_ln186_fu_501">
<pin_list>
<pin id="502" dir="0" index="0" bw="8" slack="0"/>
<pin id="503" dir="0" index="1" bw="10" slack="0"/>
<pin id="504" dir="1" index="2" bw="17" slack="1"/>
</pin_list>
<bind>
<opcode="mul(12) " fcode="mul"/>
<opset="mul_ln186/2 "/>
</bind>
</comp>

<comp id="507" class="1004" name="indvar_flatten12131_load_load_fu_507">
<pin_list>
<pin id="508" dir="0" index="0" bw="18" slack="2"/>
<pin id="509" dir="1" index="1" bw="18" slack="0"/>
</pin_list>
<bind>
<opcode="load(27) " fcode="load"/>
<opset="indvar_flatten12131_load/3 "/>
</bind>
</comp>

<comp id="510" class="1004" name="indvar_flatten133_load_load_fu_510">
<pin_list>
<pin id="511" dir="0" index="0" bw="12" slack="2"/>
<pin id="512" dir="1" index="1" bw="12" slack="0"/>
</pin_list>
<bind>
<opcode="load(27) " fcode="load"/>
<opset="indvar_flatten133_load/3 "/>
</bind>
</comp>

<comp id="513" class="1004" name="m135_load_load_fu_513">
<pin_list>
<pin id="514" dir="0" index="0" bw="4" slack="2"/>
<pin id="515" dir="1" index="1" bw="4" slack="0"/>
</pin_list>
<bind>
<opcode="load(27) " fcode="load"/>
<opset="m135_load/3 "/>
</bind>
</comp>

<comp id="516" class="1004" name="empty_fu_516">
<pin_list>
<pin id="517" dir="0" index="0" bw="1" slack="2"/>
<pin id="518" dir="0" index="1" bw="1" slack="2"/>
<pin id="519" dir="1" index="2" bw="1" slack="0"/>
</pin_list>
<bind>
<opcode="or(24) " fcode="or"/>
<opset="empty/3 "/>
</bind>
</comp>

<comp id="521" class="1004" name="m_mid2_fu_521">
<pin_list>
<pin id="522" dir="0" index="0" bw="1" slack="0"/>
<pin id="523" dir="0" index="1" bw="1" slack="0"/>
<pin id="524" dir="0" index="2" bw="4" slack="0"/>
<pin id="525" dir="1" index="3" bw="4" slack="0"/>
</pin_list>
<bind>
<opcode="select(49) " fcode="select"/>
<opset="m_mid2/3 "/>
</bind>
</comp>

<comp id="529" class="1004" name="tmp_18_fu_529">
<pin_list>
<pin id="530" dir="0" index="0" bw="8" slack="0"/>
<pin id="531" dir="0" index="1" bw="7" slack="1"/>
<pin id="532" dir="0" index="2" bw="1" slack="0"/>
<pin id="533" dir="1" index="3" bw="8" slack="0"/>
</pin_list>
<bind>
<opcode="bitconcatenate(1004) " fcode="bitconcatenate"/>
<opset="tmp_18/3 "/>
</bind>
</comp>

<comp id="536" class="1004" name="zext_ln187_fu_536">
<pin_list>
<pin id="537" dir="0" index="0" bw="8" slack="0"/>
<pin id="538" dir="1" index="1" bw="17" slack="0"/>
</pin_list>
<bind>
<opcode="zext(34) " fcode="zext"/>
<opset="zext_ln187/3 "/>
</bind>
</comp>

<comp id="540" class="1004" name="mul_ln187_fu_540">
<pin_list>
<pin id="541" dir="0" index="0" bw="8" slack="0"/>
<pin id="542" dir="0" index="1" bw="10" slack="0"/>
<pin id="543" dir="1" index="2" bw="17" slack="0"/>
</pin_list>
<bind>
<opcode="mul(12) " fcode="mul"/>
<opset="mul_ln187/3 "/>
</bind>
</comp>

<comp id="546" class="1004" name="tmp_19_fu_546">
<pin_list>
<pin id="547" dir="0" index="0" bw="9" slack="0"/>
<pin id="548" dir="0" index="1" bw="8" slack="1"/>
<pin id="549" dir="0" index="2" bw="1" slack="0"/>
<pin id="550" dir="1" index="3" bw="9" slack="0"/>
</pin_list>
<bind>
<opcode="bitconcatenate(1004) " fcode="bitconcatenate"/>
<opset="tmp_19/3 "/>
</bind>
</comp>

<comp id="553" class="1004" name="zext_ln186_1_fu_553">
<pin_list>
<pin id="554" dir="0" index="0" bw="9" slack="0"/>
<pin id="555" dir="1" index="1" bw="17" slack="0"/>
</pin_list>
<bind>
<opcode="zext(34) " fcode="zext"/>
<opset="zext_ln186_1/3 "/>
</bind>
</comp>

<comp id="557" class="1004" name="add_ln186_fu_557">
<pin_list>
<pin id="558" dir="0" index="0" bw="17" slack="1"/>
<pin id="559" dir="0" index="1" bw="9" slack="0"/>
<pin id="560" dir="1" index="2" bw="17" slack="0"/>
</pin_list>
<bind>
<opcode="add(8) " fcode="add"/>
<opset="add_ln186/3 "/>
</bind>
</comp>

<comp id="562" class="1004" name="add_ln187_fu_562">
<pin_list>
<pin id="563" dir="0" index="0" bw="17" slack="0"/>
<pin id="564" dir="0" index="1" bw="9" slack="0"/>
<pin id="565" dir="1" index="2" bw="17" slack="1"/>
</pin_list>
<bind>
<opcode="add(8) " fcode="add"/>
<opset="add_ln187/3 "/>
</bind>
</comp>

<comp id="568" class="1004" name="tmp_20_fu_568">
<pin_list>
<pin id="569" dir="0" index="0" bw="9" slack="0"/>
<pin id="570" dir="0" index="1" bw="8" slack="1"/>
<pin id="571" dir="0" index="2" bw="1" slack="0"/>
<pin id="572" dir="1" index="3" bw="9" slack="0"/>
</pin_list>
<bind>
<opcode="bitconcatenate(1004) " fcode="bitconcatenate"/>
<opset="tmp_20/3 "/>
</bind>
</comp>

<comp id="575" class="1004" name="zext_ln188_fu_575">
<pin_list>
<pin id="576" dir="0" index="0" bw="9" slack="0"/>
<pin id="577" dir="1" index="1" bw="17" slack="0"/>
</pin_list>
<bind>
<opcode="zext(34) " fcode="zext"/>
<opset="zext_ln188/3 "/>
</bind>
</comp>

<comp id="579" class="1004" name="add_ln188_fu_579">
<pin_list>
<pin id="580" dir="0" index="0" bw="17" slack="1"/>
<pin id="581" dir="0" index="1" bw="9" slack="0"/>
<pin id="582" dir="1" index="2" bw="17" slack="0"/>
</pin_list>
<bind>
<opcode="add(8) " fcode="add"/>
<opset="add_ln188/3 "/>
</bind>
</comp>

<comp id="584" class="1004" name="add_ln189_fu_584">
<pin_list>
<pin id="585" dir="0" index="0" bw="17" slack="0"/>
<pin id="586" dir="0" index="1" bw="9" slack="0"/>
<pin id="587" dir="1" index="2" bw="17" slack="1"/>
</pin_list>
<bind>
<opcode="add(8) " fcode="add"/>
<opset="add_ln189/3 "/>
</bind>
</comp>

<comp id="590" class="1004" name="trunc_ln184_fu_590">
<pin_list>
<pin id="591" dir="0" index="0" bw="4" slack="0"/>
<pin id="592" dir="1" index="1" bw="1" slack="0"/>
</pin_list>
<bind>
<opcode="trunc(33) " fcode="trunc"/>
<opset="trunc_ln184/3 "/>
</bind>
</comp>

<comp id="594" class="1004" name="tmp_21_fu_594">
<pin_list>
<pin id="595" dir="0" index="0" bw="18" slack="0"/>
<pin id="596" dir="0" index="1" bw="17" slack="0"/>
<pin id="597" dir="0" index="2" bw="1" slack="0"/>
<pin id="598" dir="1" index="3" bw="18" slack="0"/>
</pin_list>
<bind>
<opcode="bitconcatenate(1004) " fcode="bitconcatenate"/>
<opset="tmp_21/3 "/>
</bind>
</comp>

<comp id="602" class="1004" name="zext_ln186_2_fu_602">
<pin_list>
<pin id="603" dir="0" index="0" bw="18" slack="0"/>
<pin id="604" dir="1" index="1" bw="64" slack="0"/>
</pin_list>
<bind>
<opcode="zext(34) " fcode="zext"/>
<opset="zext_ln186_2/3 "/>
</bind>
</comp>

<comp id="610" class="1004" name="tmp_23_fu_610">
<pin_list>
<pin id="611" dir="0" index="0" bw="18" slack="0"/>
<pin id="612" dir="0" index="1" bw="17" slack="0"/>
<pin id="613" dir="0" index="2" bw="1" slack="0"/>
<pin id="614" dir="1" index="3" bw="18" slack="0"/>
</pin_list>
<bind>
<opcode="bitconcatenate(1004) " fcode="bitconcatenate"/>
<opset="tmp_23/3 "/>
</bind>
</comp>

<comp id="618" class="1004" name="zext_ln188_1_fu_618">
<pin_list>
<pin id="619" dir="0" index="0" bw="18" slack="0"/>
<pin id="620" dir="1" index="1" bw="64" slack="0"/>
</pin_list>
<bind>
<opcode="zext(34) " fcode="zext"/>
<opset="zext_ln188_1/3 "/>
</bind>
</comp>

<comp id="626" class="1004" name="trunc_ln184_3_fu_626">
<pin_list>
<pin id="627" dir="0" index="0" bw="2" slack="0"/>
<pin id="628" dir="0" index="1" bw="4" slack="0"/>
<pin id="629" dir="0" index="2" bw="1" slack="0"/>
<pin id="630" dir="0" index="3" bw="3" slack="0"/>
<pin id="631" dir="1" index="4" bw="2" slack="0"/>
</pin_list>
<bind>
<opcode="partselect(1002) " fcode="partselect"/>
<opset="trunc_ln184_3/3 "/>
</bind>
</comp>

<comp id="636" class="1004" name="add_ln182_1_fu_636">
<pin_list>
<pin id="637" dir="0" index="0" bw="18" slack="0"/>
<pin id="638" dir="0" index="1" bw="1" slack="0"/>
<pin id="639" dir="1" index="2" bw="18" slack="0"/>
</pin_list>
<bind>
<opcode="add(8) " fcode="add"/>
<opset="add_ln182_1/3 "/>
</bind>
</comp>

<comp id="642" class="1004" name="switch_ln192_fu_642">
<pin_list>
<pin id="643" dir="0" index="0" bw="2" slack="0"/>
<pin id="644" dir="0" index="1" bw="1" slack="0"/>
<pin id="645" dir="0" index="2" bw="1" slack="0"/>
<pin id="646" dir="0" index="3" bw="2" slack="0"/>
<pin id="647" dir="1" index="4" bw="0" slack="2147483647"/>
</pin_list>
<bind>
<opcode="switch(3) " fcode="switch"/>
<opset="switch_ln192/3 "/>
</bind>
</comp>

<comp id="652" class="1004" name="m_fu_652">
<pin_list>
<pin id="653" dir="0" index="0" bw="4" slack="0"/>
<pin id="654" dir="0" index="1" bw="1" slack="0"/>
<pin id="655" dir="1" index="2" bw="4" slack="0"/>
</pin_list>
<bind>
<opcode="add(8) " fcode="add"/>
<opset="m/3 "/>
</bind>
</comp>

<comp id="658" class="1004" name="add_ln183_1_fu_658">
<pin_list>
<pin id="659" dir="0" index="0" bw="12" slack="0"/>
<pin id="660" dir="0" index="1" bw="1" slack="0"/>
<pin id="661" dir="1" index="2" bw="12" slack="0"/>
</pin_list>
<bind>
<opcode="add(8) " fcode="add"/>
<opset="add_ln183_1/3 "/>
</bind>
</comp>

<comp id="664" class="1004" name="select_ln183_1_fu_664">
<pin_list>
<pin id="665" dir="0" index="0" bw="1" slack="2"/>
<pin id="666" dir="0" index="1" bw="1" slack="0"/>
<pin id="667" dir="0" index="2" bw="12" slack="0"/>
<pin id="668" dir="1" index="3" bw="12" slack="0"/>
</pin_list>
<bind>
<opcode="select(49) " fcode="select"/>
<opset="select_ln183_1/3 "/>
</bind>
</comp>

<comp id="672" class="1004" name="icmp_ln184_fu_672">
<pin_list>
<pin id="673" dir="0" index="0" bw="4" slack="0"/>
<pin id="674" dir="0" index="1" bw="4" slack="0"/>
<pin id="675" dir="1" index="2" bw="1" slack="1"/>
</pin_list>
<bind>
<opcode="icmp(45) " fcode="icmp"/>
<opset="icmp_ln184/3 "/>
</bind>
</comp>

<comp id="678" class="1004" name="icmp_ln183_fu_678">
<pin_list>
<pin id="679" dir="0" index="0" bw="12" slack="0"/>
<pin id="680" dir="0" index="1" bw="12" slack="0"/>
<pin id="681" dir="1" index="2" bw="1" slack="1"/>
</pin_list>
<bind>
<opcode="icmp(45) " fcode="icmp"/>
<opset="icmp_ln183/3 "/>
</bind>
</comp>

<comp id="684" class="1004" name="icmp_ln182_fu_684">
<pin_list>
<pin id="685" dir="0" index="0" bw="18" slack="0"/>
<pin id="686" dir="0" index="1" bw="18" slack="0"/>
<pin id="687" dir="1" index="2" bw="1" slack="1"/>
</pin_list>
<bind>
<opcode="icmp(45) " fcode="icmp"/>
<opset="icmp_ln182/3 "/>
</bind>
</comp>

<comp id="690" class="1004" name="store_ln184_store_fu_690">
<pin_list>
<pin id="691" dir="0" index="0" bw="4" slack="0"/>
<pin id="692" dir="0" index="1" bw="4" slack="2"/>
<pin id="693" dir="1" index="2" bw="0" slack="2147483647"/>
</pin_list>
<bind>
<opcode="store(28) " fcode="store"/>
<opset="store_ln184/3 "/>
</bind>
</comp>

<comp id="695" class="1004" name="store_ln183_store_fu_695">
<pin_list>
<pin id="696" dir="0" index="0" bw="8" slack="1"/>
<pin id="697" dir="0" index="1" bw="8" slack="2"/>
<pin id="698" dir="1" index="2" bw="0" slack="2147483647"/>
</pin_list>
<bind>
<opcode="store(28) " fcode="store"/>
<opset="store_ln183/3 "/>
</bind>
</comp>

<comp id="699" class="1004" name="store_ln183_store_fu_699">
<pin_list>
<pin id="700" dir="0" index="0" bw="12" slack="0"/>
<pin id="701" dir="0" index="1" bw="12" slack="2"/>
<pin id="702" dir="1" index="2" bw="0" slack="2147483647"/>
</pin_list>
<bind>
<opcode="store(28) " fcode="store"/>
<opset="store_ln183/3 "/>
</bind>
</comp>

<comp id="704" class="1004" name="store_ln182_store_fu_704">
<pin_list>
<pin id="705" dir="0" index="0" bw="7" slack="1"/>
<pin id="706" dir="0" index="1" bw="7" slack="2"/>
<pin id="707" dir="1" index="2" bw="0" slack="2147483647"/>
</pin_list>
<bind>
<opcode="store(28) " fcode="store"/>
<opset="store_ln182/3 "/>
</bind>
</comp>

<comp id="708" class="1004" name="store_ln182_store_fu_708">
<pin_list>
<pin id="709" dir="0" index="0" bw="18" slack="0"/>
<pin id="710" dir="0" index="1" bw="18" slack="2"/>
<pin id="711" dir="1" index="2" bw="0" slack="2147483647"/>
</pin_list>
<bind>
<opcode="store(28) " fcode="store"/>
<opset="store_ln182/3 "/>
</bind>
</comp>

<comp id="713" class="1004" name="tmp_22_fu_713">
<pin_list>
<pin id="714" dir="0" index="0" bw="18" slack="0"/>
<pin id="715" dir="0" index="1" bw="17" slack="1"/>
<pin id="716" dir="0" index="2" bw="1" slack="1"/>
<pin id="717" dir="1" index="3" bw="18" slack="0"/>
</pin_list>
<bind>
<opcode="bitconcatenate(1004) " fcode="bitconcatenate"/>
<opset="tmp_22/4 "/>
</bind>
</comp>

<comp id="719" class="1004" name="zext_ln187_1_fu_719">
<pin_list>
<pin id="720" dir="0" index="0" bw="18" slack="0"/>
<pin id="721" dir="1" index="1" bw="64" slack="0"/>
</pin_list>
<bind>
<opcode="zext(34) " fcode="zext"/>
<opset="zext_ln187_1/4 "/>
</bind>
</comp>

<comp id="727" class="1004" name="tmp_24_fu_727">
<pin_list>
<pin id="728" dir="0" index="0" bw="18" slack="0"/>
<pin id="729" dir="0" index="1" bw="17" slack="1"/>
<pin id="730" dir="0" index="2" bw="1" slack="1"/>
<pin id="731" dir="1" index="3" bw="18" slack="0"/>
</pin_list>
<bind>
<opcode="bitconcatenate(1004) " fcode="bitconcatenate"/>
<opset="tmp_24/4 "/>
</bind>
</comp>

<comp id="733" class="1004" name="zext_ln189_fu_733">
<pin_list>
<pin id="734" dir="0" index="0" bw="18" slack="0"/>
<pin id="735" dir="1" index="1" bw="64" slack="0"/>
</pin_list>
<bind>
<opcode="zext(34) " fcode="zext"/>
<opset="zext_ln189/4 "/>
</bind>
</comp>

<comp id="741" class="1004" name="bitcast_ln190_fu_741">
<pin_list>
<pin id="742" dir="0" index="0" bw="32" slack="3"/>
<pin id="743" dir="1" index="1" bw="32" slack="0"/>
</pin_list>
<bind>
<opcode="bitcast(44) " fcode="bitcast"/>
<opset="bitcast_ln190/7 "/>
</bind>
</comp>

<comp id="744" class="1004" name="tmp_fu_744">
<pin_list>
<pin id="745" dir="0" index="0" bw="8" slack="0"/>
<pin id="746" dir="0" index="1" bw="32" slack="0"/>
<pin id="747" dir="0" index="2" bw="6" slack="0"/>
<pin id="748" dir="0" index="3" bw="6" slack="0"/>
<pin id="749" dir="1" index="4" bw="8" slack="0"/>
</pin_list>
<bind>
<opcode="partselect(1002) " fcode="partselect"/>
<opset="tmp/7 "/>
</bind>
</comp>

<comp id="754" class="1004" name="trunc_ln190_fu_754">
<pin_list>
<pin id="755" dir="0" index="0" bw="32" slack="0"/>
<pin id="756" dir="1" index="1" bw="23" slack="0"/>
</pin_list>
<bind>
<opcode="trunc(33) " fcode="trunc"/>
<opset="trunc_ln190/7 "/>
</bind>
</comp>

<comp id="758" class="1004" name="bitcast_ln190_1_fu_758">
<pin_list>
<pin id="759" dir="0" index="0" bw="32" slack="2"/>
<pin id="760" dir="1" index="1" bw="32" slack="0"/>
</pin_list>
<bind>
<opcode="bitcast(44) " fcode="bitcast"/>
<opset="bitcast_ln190_1/7 "/>
</bind>
</comp>

<comp id="761" class="1004" name="tmp_9_fu_761">
<pin_list>
<pin id="762" dir="0" index="0" bw="8" slack="0"/>
<pin id="763" dir="0" index="1" bw="32" slack="0"/>
<pin id="764" dir="0" index="2" bw="6" slack="0"/>
<pin id="765" dir="0" index="3" bw="6" slack="0"/>
<pin id="766" dir="1" index="4" bw="8" slack="0"/>
</pin_list>
<bind>
<opcode="partselect(1002) " fcode="partselect"/>
<opset="tmp_9/7 "/>
</bind>
</comp>

<comp id="771" class="1004" name="trunc_ln190_1_fu_771">
<pin_list>
<pin id="772" dir="0" index="0" bw="32" slack="0"/>
<pin id="773" dir="1" index="1" bw="23" slack="0"/>
</pin_list>
<bind>
<opcode="trunc(33) " fcode="trunc"/>
<opset="trunc_ln190_1/7 "/>
</bind>
</comp>

<comp id="775" class="1004" name="icmp_ln190_fu_775">
<pin_list>
<pin id="776" dir="0" index="0" bw="8" slack="0"/>
<pin id="777" dir="0" index="1" bw="1" slack="0"/>
<pin id="778" dir="1" index="2" bw="1" slack="0"/>
</pin_list>
<bind>
<opcode="icmp(45) " fcode="icmp"/>
<opset="icmp_ln190/7 "/>
</bind>
</comp>

<comp id="781" class="1004" name="icmp_ln190_1_fu_781">
<pin_list>
<pin id="782" dir="0" index="0" bw="23" slack="0"/>
<pin id="783" dir="0" index="1" bw="1" slack="0"/>
<pin id="784" dir="1" index="2" bw="1" slack="0"/>
</pin_list>
<bind>
<opcode="icmp(45) " fcode="icmp"/>
<opset="icmp_ln190_1/7 "/>
</bind>
</comp>

<comp id="787" class="1004" name="or_ln190_fu_787">
<pin_list>
<pin id="788" dir="0" index="0" bw="1" slack="0"/>
<pin id="789" dir="0" index="1" bw="1" slack="0"/>
<pin id="790" dir="1" index="2" bw="1" slack="0"/>
</pin_list>
<bind>
<opcode="or(24) " fcode="or"/>
<opset="or_ln190/7 "/>
</bind>
</comp>

<comp id="793" class="1004" name="icmp_ln190_2_fu_793">
<pin_list>
<pin id="794" dir="0" index="0" bw="8" slack="0"/>
<pin id="795" dir="0" index="1" bw="1" slack="0"/>
<pin id="796" dir="1" index="2" bw="1" slack="0"/>
</pin_list>
<bind>
<opcode="icmp(45) " fcode="icmp"/>
<opset="icmp_ln190_2/7 "/>
</bind>
</comp>

<comp id="799" class="1004" name="icmp_ln190_3_fu_799">
<pin_list>
<pin id="800" dir="0" index="0" bw="23" slack="0"/>
<pin id="801" dir="0" index="1" bw="1" slack="0"/>
<pin id="802" dir="1" index="2" bw="1" slack="0"/>
</pin_list>
<bind>
<opcode="icmp(45) " fcode="icmp"/>
<opset="icmp_ln190_3/7 "/>
</bind>
</comp>

<comp id="805" class="1004" name="or_ln190_1_fu_805">
<pin_list>
<pin id="806" dir="0" index="0" bw="1" slack="0"/>
<pin id="807" dir="0" index="1" bw="1" slack="0"/>
<pin id="808" dir="1" index="2" bw="1" slack="0"/>
</pin_list>
<bind>
<opcode="or(24) " fcode="or"/>
<opset="or_ln190_1/7 "/>
</bind>
</comp>

<comp id="811" class="1004" name="and_ln190_fu_811">
<pin_list>
<pin id="812" dir="0" index="0" bw="1" slack="0"/>
<pin id="813" dir="0" index="1" bw="1" slack="0"/>
<pin id="814" dir="1" index="2" bw="1" slack="0"/>
</pin_list>
<bind>
<opcode="and(23) " fcode="and"/>
<opset="and_ln190/7 "/>
</bind>
</comp>

<comp id="817" class="1004" name="and_ln190_1_fu_817">
<pin_list>
<pin id="818" dir="0" index="0" bw="1" slack="0"/>
<pin id="819" dir="0" index="1" bw="1" slack="0"/>
<pin id="820" dir="1" index="2" bw="1" slack="0"/>
</pin_list>
<bind>
<opcode="and(23) " fcode="and"/>
<opset="and_ln190_1/7 "/>
</bind>
</comp>

<comp id="823" class="1004" name="mx_fu_823">
<pin_list>
<pin id="824" dir="0" index="0" bw="1" slack="0"/>
<pin id="825" dir="0" index="1" bw="32" slack="3"/>
<pin id="826" dir="0" index="2" bw="32" slack="2"/>
<pin id="827" dir="1" index="3" bw="32" slack="4"/>
</pin_list>
<bind>
<opcode="select(49) " fcode="select"/>
<opset="mx/7 "/>
</bind>
</comp>

<comp id="829" class="1004" name="bitcast_ln191_fu_829">
<pin_list>
<pin id="830" dir="0" index="0" bw="32" slack="4"/>
<pin id="831" dir="1" index="1" bw="32" slack="0"/>
</pin_list>
<bind>
<opcode="bitcast(44) " fcode="bitcast"/>
<opset="bitcast_ln191/8 "/>
</bind>
</comp>

<comp id="832" class="1004" name="tmp_1_fu_832">
<pin_list>
<pin id="833" dir="0" index="0" bw="8" slack="0"/>
<pin id="834" dir="0" index="1" bw="32" slack="0"/>
<pin id="835" dir="0" index="2" bw="6" slack="0"/>
<pin id="836" dir="0" index="3" bw="6" slack="0"/>
<pin id="837" dir="1" index="4" bw="8" slack="0"/>
</pin_list>
<bind>
<opcode="partselect(1002) " fcode="partselect"/>
<opset="tmp_1/8 "/>
</bind>
</comp>

<comp id="842" class="1004" name="trunc_ln191_fu_842">
<pin_list>
<pin id="843" dir="0" index="0" bw="32" slack="0"/>
<pin id="844" dir="1" index="1" bw="23" slack="0"/>
</pin_list>
<bind>
<opcode="trunc(33) " fcode="trunc"/>
<opset="trunc_ln191/8 "/>
</bind>
</comp>

<comp id="846" class="1004" name="bitcast_ln191_1_fu_846">
<pin_list>
<pin id="847" dir="0" index="0" bw="32" slack="3"/>
<pin id="848" dir="1" index="1" bw="32" slack="0"/>
</pin_list>
<bind>
<opcode="bitcast(44) " fcode="bitcast"/>
<opset="bitcast_ln191_1/8 "/>
</bind>
</comp>

<comp id="849" class="1004" name="tmp_2_fu_849">
<pin_list>
<pin id="850" dir="0" index="0" bw="8" slack="0"/>
<pin id="851" dir="0" index="1" bw="32" slack="0"/>
<pin id="852" dir="0" index="2" bw="6" slack="0"/>
<pin id="853" dir="0" index="3" bw="6" slack="0"/>
<pin id="854" dir="1" index="4" bw="8" slack="0"/>
</pin_list>
<bind>
<opcode="partselect(1002) " fcode="partselect"/>
<opset="tmp_2/8 "/>
</bind>
</comp>

<comp id="859" class="1004" name="trunc_ln191_1_fu_859">
<pin_list>
<pin id="860" dir="0" index="0" bw="32" slack="0"/>
<pin id="861" dir="1" index="1" bw="23" slack="0"/>
</pin_list>
<bind>
<opcode="trunc(33) " fcode="trunc"/>
<opset="trunc_ln191_1/8 "/>
</bind>
</comp>

<comp id="863" class="1004" name="icmp_ln191_fu_863">
<pin_list>
<pin id="864" dir="0" index="0" bw="8" slack="0"/>
<pin id="865" dir="0" index="1" bw="1" slack="0"/>
<pin id="866" dir="1" index="2" bw="1" slack="0"/>
</pin_list>
<bind>
<opcode="icmp(45) " fcode="icmp"/>
<opset="icmp_ln191/8 "/>
</bind>
</comp>

<comp id="869" class="1004" name="icmp_ln191_1_fu_869">
<pin_list>
<pin id="870" dir="0" index="0" bw="23" slack="0"/>
<pin id="871" dir="0" index="1" bw="1" slack="0"/>
<pin id="872" dir="1" index="2" bw="1" slack="0"/>
</pin_list>
<bind>
<opcode="icmp(45) " fcode="icmp"/>
<opset="icmp_ln191_1/8 "/>
</bind>
</comp>

<comp id="875" class="1004" name="or_ln191_fu_875">
<pin_list>
<pin id="876" dir="0" index="0" bw="1" slack="0"/>
<pin id="877" dir="0" index="1" bw="1" slack="0"/>
<pin id="878" dir="1" index="2" bw="1" slack="0"/>
</pin_list>
<bind>
<opcode="or(24) " fcode="or"/>
<opset="or_ln191/8 "/>
</bind>
</comp>

<comp id="881" class="1004" name="icmp_ln191_2_fu_881">
<pin_list>
<pin id="882" dir="0" index="0" bw="8" slack="0"/>
<pin id="883" dir="0" index="1" bw="1" slack="0"/>
<pin id="884" dir="1" index="2" bw="1" slack="0"/>
</pin_list>
<bind>
<opcode="icmp(45) " fcode="icmp"/>
<opset="icmp_ln191_2/8 "/>
</bind>
</comp>

<comp id="887" class="1004" name="icmp_ln191_3_fu_887">
<pin_list>
<pin id="888" dir="0" index="0" bw="23" slack="0"/>
<pin id="889" dir="0" index="1" bw="1" slack="0"/>
<pin id="890" dir="1" index="2" bw="1" slack="0"/>
</pin_list>
<bind>
<opcode="icmp(45) " fcode="icmp"/>
<opset="icmp_ln191_3/8 "/>
</bind>
</comp>

<comp id="893" class="1004" name="or_ln191_1_fu_893">
<pin_list>
<pin id="894" dir="0" index="0" bw="1" slack="0"/>
<pin id="895" dir="0" index="1" bw="1" slack="0"/>
<pin id="896" dir="1" index="2" bw="1" slack="0"/>
</pin_list>
<bind>
<opcode="or(24) " fcode="or"/>
<opset="or_ln191_1/8 "/>
</bind>
</comp>

<comp id="899" class="1004" name="and_ln191_fu_899">
<pin_list>
<pin id="900" dir="0" index="0" bw="1" slack="0"/>
<pin id="901" dir="0" index="1" bw="1" slack="0"/>
<pin id="902" dir="1" index="2" bw="1" slack="0"/>
</pin_list>
<bind>
<opcode="and(23) " fcode="and"/>
<opset="and_ln191/8 "/>
</bind>
</comp>

<comp id="905" class="1004" name="and_ln191_1_fu_905">
<pin_list>
<pin id="906" dir="0" index="0" bw="1" slack="0"/>
<pin id="907" dir="0" index="1" bw="1" slack="0"/>
<pin id="908" dir="1" index="2" bw="1" slack="0"/>
</pin_list>
<bind>
<opcode="and(23) " fcode="and"/>
<opset="and_ln191_1/8 "/>
</bind>
</comp>

<comp id="911" class="1004" name="my_fu_911">
<pin_list>
<pin id="912" dir="0" index="0" bw="1" slack="0"/>
<pin id="913" dir="0" index="1" bw="32" slack="4"/>
<pin id="914" dir="0" index="2" bw="32" slack="3"/>
<pin id="915" dir="1" index="3" bw="32" slack="3"/>
</pin_list>
<bind>
<opcode="select(49) " fcode="select"/>
<opset="my/8 "/>
</bind>
</comp>

<comp id="917" class="1004" name="zext_ln192_fu_917">
<pin_list>
<pin id="918" dir="0" index="0" bw="7" slack="8"/>
<pin id="919" dir="1" index="1" bw="15" slack="0"/>
</pin_list>
<bind>
<opcode="zext(34) " fcode="zext"/>
<opset="zext_ln192/10 "/>
</bind>
</comp>

<comp id="920" class="1004" name="zext_ln192_1_fu_920">
<pin_list>
<pin id="921" dir="0" index="0" bw="8" slack="10"/>
<pin id="922" dir="1" index="1" bw="15" slack="0"/>
</pin_list>
<bind>
<opcode="zext(34) " fcode="zext"/>
<opset="zext_ln192_1/12 "/>
</bind>
</comp>

<comp id="923" class="1004" name="bitcast_ln192_fu_923">
<pin_list>
<pin id="924" dir="0" index="0" bw="32" slack="5"/>
<pin id="925" dir="1" index="1" bw="32" slack="0"/>
</pin_list>
<bind>
<opcode="bitcast(44) " fcode="bitcast"/>
<opset="bitcast_ln192/12 "/>
</bind>
</comp>

<comp id="926" class="1004" name="tmp_4_fu_926">
<pin_list>
<pin id="927" dir="0" index="0" bw="8" slack="0"/>
<pin id="928" dir="0" index="1" bw="32" slack="0"/>
<pin id="929" dir="0" index="2" bw="6" slack="0"/>
<pin id="930" dir="0" index="3" bw="6" slack="0"/>
<pin id="931" dir="1" index="4" bw="8" slack="0"/>
</pin_list>
<bind>
<opcode="partselect(1002) " fcode="partselect"/>
<opset="tmp_4/12 "/>
</bind>
</comp>

<comp id="936" class="1004" name="trunc_ln192_fu_936">
<pin_list>
<pin id="937" dir="0" index="0" bw="32" slack="0"/>
<pin id="938" dir="1" index="1" bw="23" slack="0"/>
</pin_list>
<bind>
<opcode="trunc(33) " fcode="trunc"/>
<opset="trunc_ln192/12 "/>
</bind>
</comp>

<comp id="940" class="1004" name="bitcast_ln192_1_fu_940">
<pin_list>
<pin id="941" dir="0" index="0" bw="32" slack="4"/>
<pin id="942" dir="1" index="1" bw="32" slack="0"/>
</pin_list>
<bind>
<opcode="bitcast(44) " fcode="bitcast"/>
<opset="bitcast_ln192_1/12 "/>
</bind>
</comp>

<comp id="943" class="1004" name="tmp_5_fu_943">
<pin_list>
<pin id="944" dir="0" index="0" bw="8" slack="0"/>
<pin id="945" dir="0" index="1" bw="32" slack="0"/>
<pin id="946" dir="0" index="2" bw="6" slack="0"/>
<pin id="947" dir="0" index="3" bw="6" slack="0"/>
<pin id="948" dir="1" index="4" bw="8" slack="0"/>
</pin_list>
<bind>
<opcode="partselect(1002) " fcode="partselect"/>
<opset="tmp_5/12 "/>
</bind>
</comp>

<comp id="953" class="1004" name="trunc_ln192_1_fu_953">
<pin_list>
<pin id="954" dir="0" index="0" bw="32" slack="0"/>
<pin id="955" dir="1" index="1" bw="23" slack="0"/>
</pin_list>
<bind>
<opcode="trunc(33) " fcode="trunc"/>
<opset="trunc_ln192_1/12 "/>
</bind>
</comp>

<comp id="957" class="1004" name="icmp_ln192_fu_957">
<pin_list>
<pin id="958" dir="0" index="0" bw="8" slack="0"/>
<pin id="959" dir="0" index="1" bw="1" slack="0"/>
<pin id="960" dir="1" index="2" bw="1" slack="0"/>
</pin_list>
<bind>
<opcode="icmp(45) " fcode="icmp"/>
<opset="icmp_ln192/12 "/>
</bind>
</comp>

<comp id="963" class="1004" name="icmp_ln192_1_fu_963">
<pin_list>
<pin id="964" dir="0" index="0" bw="23" slack="0"/>
<pin id="965" dir="0" index="1" bw="1" slack="0"/>
<pin id="966" dir="1" index="2" bw="1" slack="0"/>
</pin_list>
<bind>
<opcode="icmp(45) " fcode="icmp"/>
<opset="icmp_ln192_1/12 "/>
</bind>
</comp>

<comp id="969" class="1004" name="or_ln192_fu_969">
<pin_list>
<pin id="970" dir="0" index="0" bw="1" slack="0"/>
<pin id="971" dir="0" index="1" bw="1" slack="0"/>
<pin id="972" dir="1" index="2" bw="1" slack="0"/>
</pin_list>
<bind>
<opcode="or(24) " fcode="or"/>
<opset="or_ln192/12 "/>
</bind>
</comp>

<comp id="975" class="1004" name="icmp_ln192_2_fu_975">
<pin_list>
<pin id="976" dir="0" index="0" bw="8" slack="0"/>
<pin id="977" dir="0" index="1" bw="1" slack="0"/>
<pin id="978" dir="1" index="2" bw="1" slack="0"/>
</pin_list>
<bind>
<opcode="icmp(45) " fcode="icmp"/>
<opset="icmp_ln192_2/12 "/>
</bind>
</comp>

<comp id="981" class="1004" name="icmp_ln192_3_fu_981">
<pin_list>
<pin id="982" dir="0" index="0" bw="23" slack="0"/>
<pin id="983" dir="0" index="1" bw="1" slack="0"/>
<pin id="984" dir="1" index="2" bw="1" slack="0"/>
</pin_list>
<bind>
<opcode="icmp(45) " fcode="icmp"/>
<opset="icmp_ln192_3/12 "/>
</bind>
</comp>

<comp id="987" class="1004" name="or_ln192_1_fu_987">
<pin_list>
<pin id="988" dir="0" index="0" bw="1" slack="0"/>
<pin id="989" dir="0" index="1" bw="1" slack="0"/>
<pin id="990" dir="1" index="2" bw="1" slack="0"/>
</pin_list>
<bind>
<opcode="or(24) " fcode="or"/>
<opset="or_ln192_1/12 "/>
</bind>
</comp>

<comp id="993" class="1004" name="and_ln192_fu_993">
<pin_list>
<pin id="994" dir="0" index="0" bw="1" slack="0"/>
<pin id="995" dir="0" index="1" bw="1" slack="0"/>
<pin id="996" dir="1" index="2" bw="1" slack="0"/>
</pin_list>
<bind>
<opcode="and(23) " fcode="and"/>
<opset="and_ln192/12 "/>
</bind>
</comp>

<comp id="999" class="1004" name="and_ln192_1_fu_999">
<pin_list>
<pin id="1000" dir="0" index="0" bw="1" slack="0"/>
<pin id="1001" dir="0" index="1" bw="1" slack="0"/>
<pin id="1002" dir="1" index="2" bw="1" slack="0"/>
</pin_list>
<bind>
<opcode="and(23) " fcode="and"/>
<opset="and_ln192_1/12 "/>
</bind>
</comp>

<comp id="1005" class="1004" name="select_ln192_fu_1005">
<pin_list>
<pin id="1006" dir="0" index="0" bw="1" slack="0"/>
<pin id="1007" dir="0" index="1" bw="32" slack="5"/>
<pin id="1008" dir="0" index="2" bw="32" slack="4"/>
<pin id="1009" dir="1" index="3" bw="32" slack="1"/>
</pin_list>
<bind>
<opcode="select(49) " fcode="select"/>
<opset="select_ln192/12 "/>
</bind>
</comp>

<comp id="1011" class="1004" name="tmp_25_fu_1011">
<pin_list>
<pin id="1012" dir="0" index="0" bw="16" slack="0"/>
<pin id="1013" dir="0" index="1" bw="15" slack="0"/>
<pin id="1014" dir="0" index="2" bw="1" slack="10"/>
<pin id="1015" dir="1" index="3" bw="16" slack="0"/>
</pin_list>
<bind>
<opcode="bitconcatenate(1004) " fcode="bitconcatenate"/>
<opset="tmp_25/13 "/>
</bind>
</comp>

<comp id="1017" class="1004" name="zext_ln192_2_fu_1017">
<pin_list>
<pin id="1018" dir="0" index="0" bw="16" slack="0"/>
<pin id="1019" dir="1" index="1" bw="64" slack="0"/>
</pin_list>
<bind>
<opcode="zext(34) " fcode="zext"/>
<opset="zext_ln192_2/13 "/>
</bind>
</comp>

<comp id="1025" class="1007" name="grp_fu_1025">
<pin_list>
<pin id="1026" dir="0" index="0" bw="8" slack="0"/>
<pin id="1027" dir="0" index="1" bw="7" slack="0"/>
<pin id="1028" dir="0" index="2" bw="8" slack="0"/>
<pin id="1029" dir="1" index="3" bw="15" slack="0"/>
</pin_list>
<bind>
<opcode="muladd(1172) " fcode="muladd"/>
<opset="mul_ln192/10 add_ln192/12 "/>
</bind>
</comp>

<comp id="1034" class="1005" name="indvar_flatten12131_reg_1034">
<pin_list>
<pin id="1035" dir="0" index="0" bw="18" slack="0"/>
<pin id="1036" dir="1" index="1" bw="18" slack="0"/>
</pin_list>
<bind>
<opset="indvar_flatten12131 "/>
</bind>
</comp>

<comp id="1041" class="1005" name="i132_reg_1041">
<pin_list>
<pin id="1042" dir="0" index="0" bw="7" slack="0"/>
<pin id="1043" dir="1" index="1" bw="7" slack="0"/>
</pin_list>
<bind>
<opset="i132 "/>
</bind>
</comp>

<comp id="1048" class="1005" name="indvar_flatten133_reg_1048">
<pin_list>
<pin id="1049" dir="0" index="0" bw="12" slack="0"/>
<pin id="1050" dir="1" index="1" bw="12" slack="0"/>
</pin_list>
<bind>
<opset="indvar_flatten133 "/>
</bind>
</comp>

<comp id="1055" class="1005" name="j134_reg_1055">
<pin_list>
<pin id="1056" dir="0" index="0" bw="8" slack="0"/>
<pin id="1057" dir="1" index="1" bw="8" slack="0"/>
</pin_list>
<bind>
<opset="j134 "/>
</bind>
</comp>

<comp id="1062" class="1005" name="m135_reg_1062">
<pin_list>
<pin id="1063" dir="0" index="0" bw="4" slack="0"/>
<pin id="1064" dir="1" index="1" bw="4" slack="0"/>
</pin_list>
<bind>
<opset="m135 "/>
</bind>
</comp>

<comp id="1069" class="1005" name="and_ln182_reg_1069">
<pin_list>
<pin id="1070" dir="0" index="0" bw="1" slack="1"/>
<pin id="1071" dir="1" index="1" bw="1" slack="1"/>
</pin_list>
<bind>
<opset="and_ln182 "/>
</bind>
</comp>

<comp id="1075" class="1005" name="i_reg_1075">
<pin_list>
<pin id="1076" dir="0" index="0" bw="7" slack="1"/>
<pin id="1077" dir="1" index="1" bw="7" slack="1"/>
</pin_list>
<bind>
<opset="i "/>
</bind>
</comp>

<comp id="1082" class="1005" name="j_reg_1082">
<pin_list>
<pin id="1083" dir="0" index="0" bw="8" slack="1"/>
<pin id="1084" dir="1" index="1" bw="8" slack="1"/>
</pin_list>
<bind>
<opset="j "/>
</bind>
</comp>

<comp id="1090" class="1005" name="mul_ln186_reg_1090">
<pin_list>
<pin id="1091" dir="0" index="0" bw="17" slack="1"/>
<pin id="1092" dir="1" index="1" bw="17" slack="1"/>
</pin_list>
<bind>
<opset="mul_ln186 "/>
</bind>
</comp>

<comp id="1096" class="1005" name="add_ln187_reg_1096">
<pin_list>
<pin id="1097" dir="0" index="0" bw="17" slack="1"/>
<pin id="1098" dir="1" index="1" bw="17" slack="1"/>
</pin_list>
<bind>
<opset="add_ln187 "/>
</bind>
</comp>

<comp id="1101" class="1005" name="add_ln189_reg_1101">
<pin_list>
<pin id="1102" dir="0" index="0" bw="17" slack="1"/>
<pin id="1103" dir="1" index="1" bw="17" slack="1"/>
</pin_list>
<bind>
<opset="add_ln189 "/>
</bind>
</comp>

<comp id="1106" class="1005" name="trunc_ln184_reg_1106">
<pin_list>
<pin id="1107" dir="0" index="0" bw="1" slack="1"/>
<pin id="1108" dir="1" index="1" bw="1" slack="1"/>
</pin_list>
<bind>
<opset="trunc_ln184 "/>
</bind>
</comp>

<comp id="1113" class="1005" name="feat1_addr_reg_1113">
<pin_list>
<pin id="1114" dir="0" index="0" bw="18" slack="1"/>
<pin id="1115" dir="1" index="1" bw="18" slack="1"/>
</pin_list>
<bind>
<opset="feat1_addr "/>
</bind>
</comp>

<comp id="1118" class="1005" name="feat1_addr_2_reg_1118">
<pin_list>
<pin id="1119" dir="0" index="0" bw="18" slack="1"/>
<pin id="1120" dir="1" index="1" bw="18" slack="1"/>
</pin_list>
<bind>
<opset="feat1_addr_2 "/>
</bind>
</comp>

<comp id="1123" class="1005" name="feat1_2_addr_reg_1123">
<pin_list>
<pin id="1124" dir="0" index="0" bw="18" slack="1"/>
<pin id="1125" dir="1" index="1" bw="18" slack="1"/>
</pin_list>
<bind>
<opset="feat1_2_addr "/>
</bind>
</comp>

<comp id="1128" class="1005" name="feat1_2_addr_2_reg_1128">
<pin_list>
<pin id="1129" dir="0" index="0" bw="18" slack="1"/>
<pin id="1130" dir="1" index="1" bw="18" slack="1"/>
</pin_list>
<bind>
<opset="feat1_2_addr_2 "/>
</bind>
</comp>

<comp id="1133" class="1005" name="feat1_3_addr_reg_1133">
<pin_list>
<pin id="1134" dir="0" index="0" bw="18" slack="1"/>
<pin id="1135" dir="1" index="1" bw="18" slack="1"/>
</pin_list>
<bind>
<opset="feat1_3_addr "/>
</bind>
</comp>

<comp id="1138" class="1005" name="feat1_3_addr_2_reg_1138">
<pin_list>
<pin id="1139" dir="0" index="0" bw="18" slack="1"/>
<pin id="1140" dir="1" index="1" bw="18" slack="1"/>
</pin_list>
<bind>
<opset="feat1_3_addr_2 "/>
</bind>
</comp>

<comp id="1143" class="1005" name="feat1_4_addr_reg_1143">
<pin_list>
<pin id="1144" dir="0" index="0" bw="18" slack="1"/>
<pin id="1145" dir="1" index="1" bw="18" slack="1"/>
</pin_list>
<bind>
<opset="feat1_4_addr "/>
</bind>
</comp>

<comp id="1148" class="1005" name="feat1_4_addr_2_reg_1148">
<pin_list>
<pin id="1149" dir="0" index="0" bw="18" slack="1"/>
<pin id="1150" dir="1" index="1" bw="18" slack="1"/>
</pin_list>
<bind>
<opset="feat1_4_addr_2 "/>
</bind>
</comp>

<comp id="1153" class="1005" name="trunc_ln184_3_reg_1153">
<pin_list>
<pin id="1154" dir="0" index="0" bw="2" slack="1"/>
<pin id="1155" dir="1" index="1" bw="2" slack="1"/>
</pin_list>
<bind>
<opset="trunc_ln184_3 "/>
</bind>
</comp>

<comp id="1159" class="1005" name="icmp_ln184_reg_1159">
<pin_list>
<pin id="1160" dir="0" index="0" bw="1" slack="1"/>
<pin id="1161" dir="1" index="1" bw="1" slack="1"/>
</pin_list>
<bind>
<opset="icmp_ln184 "/>
</bind>
</comp>

<comp id="1164" class="1005" name="icmp_ln183_reg_1164">
<pin_list>
<pin id="1165" dir="0" index="0" bw="1" slack="1"/>
<pin id="1166" dir="1" index="1" bw="1" slack="1"/>
</pin_list>
<bind>
<opset="icmp_ln183 "/>
</bind>
</comp>

<comp id="1169" class="1005" name="icmp_ln182_reg_1169">
<pin_list>
<pin id="1170" dir="0" index="0" bw="1" slack="1"/>
<pin id="1171" dir="1" index="1" bw="1" slack="2147483647"/>
</pin_list>
<bind>
<opset="icmp_ln182 "/>
</bind>
</comp>

<comp id="1173" class="1005" name="feat1_addr_1_reg_1173">
<pin_list>
<pin id="1174" dir="0" index="0" bw="18" slack="1"/>
<pin id="1175" dir="1" index="1" bw="18" slack="1"/>
</pin_list>
<bind>
<opset="feat1_addr_1 "/>
</bind>
</comp>

<comp id="1178" class="1005" name="feat1_addr_3_reg_1178">
<pin_list>
<pin id="1179" dir="0" index="0" bw="18" slack="1"/>
<pin id="1180" dir="1" index="1" bw="18" slack="1"/>
</pin_list>
<bind>
<opset="feat1_addr_3 "/>
</bind>
</comp>

<comp id="1183" class="1005" name="feat1_2_addr_1_reg_1183">
<pin_list>
<pin id="1184" dir="0" index="0" bw="18" slack="1"/>
<pin id="1185" dir="1" index="1" bw="18" slack="1"/>
</pin_list>
<bind>
<opset="feat1_2_addr_1 "/>
</bind>
</comp>

<comp id="1188" class="1005" name="feat1_2_addr_3_reg_1188">
<pin_list>
<pin id="1189" dir="0" index="0" bw="18" slack="1"/>
<pin id="1190" dir="1" index="1" bw="18" slack="1"/>
</pin_list>
<bind>
<opset="feat1_2_addr_3 "/>
</bind>
</comp>

<comp id="1193" class="1005" name="feat1_3_addr_1_reg_1193">
<pin_list>
<pin id="1194" dir="0" index="0" bw="18" slack="1"/>
<pin id="1195" dir="1" index="1" bw="18" slack="1"/>
</pin_list>
<bind>
<opset="feat1_3_addr_1 "/>
</bind>
</comp>

<comp id="1198" class="1005" name="feat1_3_addr_3_reg_1198">
<pin_list>
<pin id="1199" dir="0" index="0" bw="18" slack="1"/>
<pin id="1200" dir="1" index="1" bw="18" slack="1"/>
</pin_list>
<bind>
<opset="feat1_3_addr_3 "/>
</bind>
</comp>

<comp id="1203" class="1005" name="feat1_4_addr_1_reg_1203">
<pin_list>
<pin id="1204" dir="0" index="0" bw="18" slack="1"/>
<pin id="1205" dir="1" index="1" bw="18" slack="1"/>
</pin_list>
<bind>
<opset="feat1_4_addr_1 "/>
</bind>
</comp>

<comp id="1208" class="1005" name="feat1_4_addr_3_reg_1208">
<pin_list>
<pin id="1209" dir="0" index="0" bw="18" slack="1"/>
<pin id="1210" dir="1" index="1" bw="18" slack="1"/>
</pin_list>
<bind>
<opset="feat1_4_addr_3 "/>
</bind>
</comp>

<comp id="1213" class="1005" name="m0_reg_1213">
<pin_list>
<pin id="1214" dir="0" index="0" bw="32" slack="2"/>
<pin id="1215" dir="1" index="1" bw="32" slack="2"/>
</pin_list>
<bind>
<opset="m0 "/>
</bind>
</comp>

<comp id="1220" class="1005" name="m2_reg_1220">
<pin_list>
<pin id="1221" dir="0" index="0" bw="32" slack="3"/>
<pin id="1222" dir="1" index="1" bw="32" slack="3"/>
</pin_list>
<bind>
<opset="m2 "/>
</bind>
</comp>

<comp id="1227" class="1005" name="m1_reg_1227">
<pin_list>
<pin id="1228" dir="0" index="0" bw="32" slack="1"/>
<pin id="1229" dir="1" index="1" bw="32" slack="1"/>
</pin_list>
<bind>
<opset="m1 "/>
</bind>
</comp>

<comp id="1234" class="1005" name="m3_reg_1234">
<pin_list>
<pin id="1235" dir="0" index="0" bw="32" slack="2"/>
<pin id="1236" dir="1" index="1" bw="32" slack="2"/>
</pin_list>
<bind>
<opset="m3 "/>
</bind>
</comp>

<comp id="1241" class="1005" name="mx_reg_1241">
<pin_list>
<pin id="1242" dir="0" index="0" bw="32" slack="4"/>
<pin id="1243" dir="1" index="1" bw="32" slack="4"/>
</pin_list>
<bind>
<opset="mx "/>
</bind>
</comp>

<comp id="1248" class="1005" name="my_reg_1248">
<pin_list>
<pin id="1249" dir="0" index="0" bw="32" slack="3"/>
<pin id="1250" dir="1" index="1" bw="32" slack="3"/>
</pin_list>
<bind>
<opset="my "/>
</bind>
</comp>

<comp id="1255" class="1005" name="zext_ln192_reg_1255">
<pin_list>
<pin id="1256" dir="0" index="0" bw="15" slack="1"/>
<pin id="1257" dir="1" index="1" bw="15" slack="1"/>
</pin_list>
<bind>
<opset="zext_ln192 "/>
</bind>
</comp>

<comp id="1260" class="1005" name="zext_ln192_1_reg_1260">
<pin_list>
<pin id="1261" dir="0" index="0" bw="15" slack="1"/>
<pin id="1262" dir="1" index="1" bw="15" slack="1"/>
</pin_list>
<bind>
<opset="zext_ln192_1 "/>
</bind>
</comp>

<comp id="1265" class="1005" name="select_ln192_reg_1265">
<pin_list>
<pin id="1266" dir="0" index="0" bw="32" slack="1"/>
<pin id="1267" dir="1" index="1" bw="32" slack="1"/>
</pin_list>
<bind>
<opset="select_ln192 "/>
</bind>
</comp>

</comp_list>

<net_list>
<net id="107"><net_src comp="16" pin="0"/><net_sink comp="104" pin=0"/></net>

<net id="111"><net_src comp="16" pin="0"/><net_sink comp="108" pin=0"/></net>

<net id="115"><net_src comp="16" pin="0"/><net_sink comp="112" pin=0"/></net>

<net id="119"><net_src comp="16" pin="0"/><net_sink comp="116" pin=0"/></net>

<net id="123"><net_src comp="16" pin="0"/><net_sink comp="120" pin=0"/></net>

<net id="129"><net_src comp="8" pin="0"/><net_sink comp="124" pin=0"/></net>

<net id="130"><net_src comp="44" pin="0"/><net_sink comp="124" pin=1"/></net>

<net id="136"><net_src comp="8" pin="0"/><net_sink comp="131" pin=0"/></net>

<net id="137"><net_src comp="44" pin="0"/><net_sink comp="131" pin=1"/></net>

<net id="143"><net_src comp="10" pin="0"/><net_sink comp="138" pin=0"/></net>

<net id="144"><net_src comp="44" pin="0"/><net_sink comp="138" pin=1"/></net>

<net id="150"><net_src comp="10" pin="0"/><net_sink comp="145" pin=0"/></net>

<net id="151"><net_src comp="44" pin="0"/><net_sink comp="145" pin=1"/></net>

<net id="157"><net_src comp="12" pin="0"/><net_sink comp="152" pin=0"/></net>

<net id="158"><net_src comp="44" pin="0"/><net_sink comp="152" pin=1"/></net>

<net id="164"><net_src comp="12" pin="0"/><net_sink comp="159" pin=0"/></net>

<net id="165"><net_src comp="44" pin="0"/><net_sink comp="159" pin=1"/></net>

<net id="171"><net_src comp="14" pin="0"/><net_sink comp="166" pin=0"/></net>

<net id="172"><net_src comp="44" pin="0"/><net_sink comp="166" pin=1"/></net>

<net id="178"><net_src comp="14" pin="0"/><net_sink comp="173" pin=0"/></net>

<net id="179"><net_src comp="44" pin="0"/><net_sink comp="173" pin=1"/></net>

<net id="189"><net_src comp="124" pin="3"/><net_sink comp="180" pin=2"/></net>

<net id="199"><net_src comp="138" pin="3"/><net_sink comp="190" pin=2"/></net>

<net id="209"><net_src comp="152" pin="3"/><net_sink comp="200" pin=2"/></net>

<net id="219"><net_src comp="166" pin="3"/><net_sink comp="210" pin=2"/></net>

<net id="220"><net_src comp="131" pin="3"/><net_sink comp="180" pin=0"/></net>

<net id="221"><net_src comp="145" pin="3"/><net_sink comp="190" pin=0"/></net>

<net id="222"><net_src comp="159" pin="3"/><net_sink comp="200" pin=0"/></net>

<net id="223"><net_src comp="173" pin="3"/><net_sink comp="210" pin=0"/></net>

<net id="229"><net_src comp="8" pin="0"/><net_sink comp="224" pin=0"/></net>

<net id="230"><net_src comp="44" pin="0"/><net_sink comp="224" pin=1"/></net>

<net id="236"><net_src comp="8" pin="0"/><net_sink comp="231" pin=0"/></net>

<net id="237"><net_src comp="44" pin="0"/><net_sink comp="231" pin=1"/></net>

<net id="243"><net_src comp="10" pin="0"/><net_sink comp="238" pin=0"/></net>

<net id="244"><net_src comp="44" pin="0"/><net_sink comp="238" pin=1"/></net>

<net id="250"><net_src comp="10" pin="0"/><net_sink comp="245" pin=0"/></net>

<net id="251"><net_src comp="44" pin="0"/><net_sink comp="245" pin=1"/></net>

<net id="257"><net_src comp="12" pin="0"/><net_sink comp="252" pin=0"/></net>

<net id="258"><net_src comp="44" pin="0"/><net_sink comp="252" pin=1"/></net>

<net id="264"><net_src comp="12" pin="0"/><net_sink comp="259" pin=0"/></net>

<net id="265"><net_src comp="44" pin="0"/><net_sink comp="259" pin=1"/></net>

<net id="271"><net_src comp="14" pin="0"/><net_sink comp="266" pin=0"/></net>

<net id="272"><net_src comp="44" pin="0"/><net_sink comp="266" pin=1"/></net>

<net id="278"><net_src comp="14" pin="0"/><net_sink comp="273" pin=0"/></net>

<net id="279"><net_src comp="44" pin="0"/><net_sink comp="273" pin=1"/></net>

<net id="280"><net_src comp="224" pin="3"/><net_sink comp="180" pin=2"/></net>

<net id="281"><net_src comp="238" pin="3"/><net_sink comp="190" pin=2"/></net>

<net id="282"><net_src comp="252" pin="3"/><net_sink comp="200" pin=2"/></net>

<net id="283"><net_src comp="266" pin="3"/><net_sink comp="210" pin=2"/></net>

<net id="284"><net_src comp="231" pin="3"/><net_sink comp="180" pin=0"/></net>

<net id="285"><net_src comp="245" pin="3"/><net_sink comp="190" pin=0"/></net>

<net id="286"><net_src comp="259" pin="3"/><net_sink comp="200" pin=0"/></net>

<net id="287"><net_src comp="273" pin="3"/><net_sink comp="210" pin=0"/></net>

<net id="293"><net_src comp="0" pin="0"/><net_sink comp="288" pin=0"/></net>

<net id="294"><net_src comp="44" pin="0"/><net_sink comp="288" pin=1"/></net>

<net id="300"><net_src comp="2" pin="0"/><net_sink comp="295" pin=0"/></net>

<net id="301"><net_src comp="44" pin="0"/><net_sink comp="295" pin=1"/></net>

<net id="307"><net_src comp="4" pin="0"/><net_sink comp="302" pin=0"/></net>

<net id="308"><net_src comp="44" pin="0"/><net_sink comp="302" pin=1"/></net>

<net id="314"><net_src comp="6" pin="0"/><net_sink comp="309" pin=0"/></net>

<net id="315"><net_src comp="44" pin="0"/><net_sink comp="309" pin=1"/></net>

<net id="321"><net_src comp="302" pin="3"/><net_sink comp="316" pin=0"/></net>

<net id="327"><net_src comp="295" pin="3"/><net_sink comp="322" pin=0"/></net>

<net id="333"><net_src comp="288" pin="3"/><net_sink comp="328" pin=0"/></net>

<net id="339"><net_src comp="309" pin="3"/><net_sink comp="334" pin=0"/></net>

<net id="349"><net_src comp="28" pin="0"/><net_sink comp="343" pin=0"/></net>

<net id="350"><net_src comp="343" pin="4"/><net_sink comp="340" pin=0"/></net>

<net id="360"><net_src comp="28" pin="0"/><net_sink comp="354" pin=0"/></net>

<net id="378"><net_src comp="68" pin="0"/><net_sink comp="365" pin=0"/></net>

<net id="379"><net_src comp="52" pin="0"/><net_sink comp="365" pin=1"/></net>

<net id="380"><net_src comp="180" pin="7"/><net_sink comp="365" pin=2"/></net>

<net id="381"><net_src comp="54" pin="0"/><net_sink comp="365" pin=3"/></net>

<net id="382"><net_src comp="190" pin="7"/><net_sink comp="365" pin=4"/></net>

<net id="383"><net_src comp="56" pin="0"/><net_sink comp="365" pin=5"/></net>

<net id="384"><net_src comp="200" pin="7"/><net_sink comp="365" pin=6"/></net>

<net id="385"><net_src comp="70" pin="0"/><net_sink comp="365" pin=7"/></net>

<net id="386"><net_src comp="210" pin="7"/><net_sink comp="365" pin=8"/></net>

<net id="387"><net_src comp="72" pin="0"/><net_sink comp="365" pin=9"/></net>

<net id="401"><net_src comp="68" pin="0"/><net_sink comp="388" pin=0"/></net>

<net id="402"><net_src comp="52" pin="0"/><net_sink comp="388" pin=1"/></net>

<net id="403"><net_src comp="180" pin="3"/><net_sink comp="388" pin=2"/></net>

<net id="404"><net_src comp="54" pin="0"/><net_sink comp="388" pin=3"/></net>

<net id="405"><net_src comp="190" pin="3"/><net_sink comp="388" pin=4"/></net>

<net id="406"><net_src comp="56" pin="0"/><net_sink comp="388" pin=5"/></net>

<net id="407"><net_src comp="200" pin="3"/><net_sink comp="388" pin=6"/></net>

<net id="408"><net_src comp="70" pin="0"/><net_sink comp="388" pin=7"/></net>

<net id="409"><net_src comp="210" pin="3"/><net_sink comp="388" pin=8"/></net>

<net id="410"><net_src comp="72" pin="0"/><net_sink comp="388" pin=9"/></net>

<net id="415"><net_src comp="18" pin="0"/><net_sink comp="411" pin=0"/></net>

<net id="420"><net_src comp="20" pin="0"/><net_sink comp="416" pin=0"/></net>

<net id="425"><net_src comp="22" pin="0"/><net_sink comp="421" pin=0"/></net>

<net id="430"><net_src comp="24" pin="0"/><net_sink comp="426" pin=0"/></net>

<net id="435"><net_src comp="26" pin="0"/><net_sink comp="431" pin=0"/></net>

<net id="440"><net_src comp="343" pin="4"/><net_sink comp="436" pin=0"/></net>

<net id="441"><net_src comp="30" pin="0"/><net_sink comp="436" pin=1"/></net>

<net id="446"><net_src comp="354" pin="4"/><net_sink comp="442" pin=0"/></net>

<net id="447"><net_src comp="436" pin="2"/><net_sink comp="442" pin=1"/></net>

<net id="458"><net_src comp="448" pin="1"/><net_sink comp="454" pin=0"/></net>

<net id="459"><net_src comp="32" pin="0"/><net_sink comp="454" pin=1"/></net>

<net id="465"><net_src comp="340" pin="1"/><net_sink comp="460" pin=0"/></net>

<net id="466"><net_src comp="20" pin="0"/><net_sink comp="460" pin=1"/></net>

<net id="467"><net_src comp="451" pin="1"/><net_sink comp="460" pin=2"/></net>

<net id="473"><net_src comp="340" pin="1"/><net_sink comp="468" pin=0"/></net>

<net id="474"><net_src comp="454" pin="2"/><net_sink comp="468" pin=1"/></net>

<net id="475"><net_src comp="448" pin="1"/><net_sink comp="468" pin=2"/></net>

<net id="480"><net_src comp="460" pin="3"/><net_sink comp="476" pin=0"/></net>

<net id="481"><net_src comp="34" pin="0"/><net_sink comp="476" pin=1"/></net>

<net id="487"><net_src comp="476" pin="2"/><net_sink comp="482" pin=1"/></net>

<net id="488"><net_src comp="460" pin="3"/><net_sink comp="482" pin=2"/></net>

<net id="494"><net_src comp="36" pin="0"/><net_sink comp="489" pin=0"/></net>

<net id="495"><net_src comp="468" pin="3"/><net_sink comp="489" pin=1"/></net>

<net id="496"><net_src comp="28" pin="0"/><net_sink comp="489" pin=2"/></net>

<net id="500"><net_src comp="489" pin="3"/><net_sink comp="497" pin=0"/></net>

<net id="505"><net_src comp="497" pin="1"/><net_sink comp="501" pin=0"/></net>

<net id="506"><net_src comp="38" pin="0"/><net_sink comp="501" pin=1"/></net>

<net id="520"><net_src comp="340" pin="1"/><net_sink comp="516" pin=1"/></net>

<net id="526"><net_src comp="516" pin="2"/><net_sink comp="521" pin=0"/></net>

<net id="527"><net_src comp="18" pin="0"/><net_sink comp="521" pin=1"/></net>

<net id="528"><net_src comp="513" pin="1"/><net_sink comp="521" pin=2"/></net>

<net id="534"><net_src comp="36" pin="0"/><net_sink comp="529" pin=0"/></net>

<net id="535"><net_src comp="30" pin="0"/><net_sink comp="529" pin=2"/></net>

<net id="539"><net_src comp="529" pin="3"/><net_sink comp="536" pin=0"/></net>

<net id="544"><net_src comp="536" pin="1"/><net_sink comp="540" pin=0"/></net>

<net id="545"><net_src comp="38" pin="0"/><net_sink comp="540" pin=1"/></net>

<net id="551"><net_src comp="40" pin="0"/><net_sink comp="546" pin=0"/></net>

<net id="552"><net_src comp="28" pin="0"/><net_sink comp="546" pin=2"/></net>

<net id="556"><net_src comp="546" pin="3"/><net_sink comp="553" pin=0"/></net>

<net id="561"><net_src comp="553" pin="1"/><net_sink comp="557" pin=1"/></net>

<net id="566"><net_src comp="540" pin="2"/><net_sink comp="562" pin=0"/></net>

<net id="567"><net_src comp="553" pin="1"/><net_sink comp="562" pin=1"/></net>

<net id="573"><net_src comp="40" pin="0"/><net_sink comp="568" pin=0"/></net>

<net id="574"><net_src comp="30" pin="0"/><net_sink comp="568" pin=2"/></net>

<net id="578"><net_src comp="568" pin="3"/><net_sink comp="575" pin=0"/></net>

<net id="583"><net_src comp="575" pin="1"/><net_sink comp="579" pin=1"/></net>

<net id="588"><net_src comp="540" pin="2"/><net_sink comp="584" pin=0"/></net>

<net id="589"><net_src comp="575" pin="1"/><net_sink comp="584" pin=1"/></net>

<net id="593"><net_src comp="521" pin="3"/><net_sink comp="590" pin=0"/></net>

<net id="599"><net_src comp="42" pin="0"/><net_sink comp="594" pin=0"/></net>

<net id="600"><net_src comp="557" pin="2"/><net_sink comp="594" pin=1"/></net>

<net id="601"><net_src comp="590" pin="1"/><net_sink comp="594" pin=2"/></net>

<net id="605"><net_src comp="594" pin="3"/><net_sink comp="602" pin=0"/></net>

<net id="606"><net_src comp="602" pin="1"/><net_sink comp="124" pin=2"/></net>

<net id="607"><net_src comp="602" pin="1"/><net_sink comp="138" pin=2"/></net>

<net id="608"><net_src comp="602" pin="1"/><net_sink comp="152" pin=2"/></net>

<net id="609"><net_src comp="602" pin="1"/><net_sink comp="166" pin=2"/></net>

<net id="615"><net_src comp="42" pin="0"/><net_sink comp="610" pin=0"/></net>

<net id="616"><net_src comp="579" pin="2"/><net_sink comp="610" pin=1"/></net>

<net id="617"><net_src comp="590" pin="1"/><net_sink comp="610" pin=2"/></net>

<net id="621"><net_src comp="610" pin="3"/><net_sink comp="618" pin=0"/></net>

<net id="622"><net_src comp="618" pin="1"/><net_sink comp="131" pin=2"/></net>

<net id="623"><net_src comp="618" pin="1"/><net_sink comp="145" pin=2"/></net>

<net id="624"><net_src comp="618" pin="1"/><net_sink comp="159" pin=2"/></net>

<net id="625"><net_src comp="618" pin="1"/><net_sink comp="173" pin=2"/></net>

<net id="632"><net_src comp="46" pin="0"/><net_sink comp="626" pin=0"/></net>

<net id="633"><net_src comp="521" pin="3"/><net_sink comp="626" pin=1"/></net>

<net id="634"><net_src comp="16" pin="0"/><net_sink comp="626" pin=2"/></net>

<net id="635"><net_src comp="48" pin="0"/><net_sink comp="626" pin=3"/></net>

<net id="640"><net_src comp="507" pin="1"/><net_sink comp="636" pin=0"/></net>

<net id="641"><net_src comp="50" pin="0"/><net_sink comp="636" pin=1"/></net>

<net id="648"><net_src comp="626" pin="4"/><net_sink comp="642" pin=0"/></net>

<net id="649"><net_src comp="52" pin="0"/><net_sink comp="642" pin=1"/></net>

<net id="650"><net_src comp="54" pin="0"/><net_sink comp="642" pin=2"/></net>

<net id="651"><net_src comp="56" pin="0"/><net_sink comp="642" pin=3"/></net>

<net id="656"><net_src comp="521" pin="3"/><net_sink comp="652" pin=0"/></net>

<net id="657"><net_src comp="58" pin="0"/><net_sink comp="652" pin=1"/></net>

<net id="662"><net_src comp="510" pin="1"/><net_sink comp="658" pin=0"/></net>

<net id="663"><net_src comp="60" pin="0"/><net_sink comp="658" pin=1"/></net>

<net id="669"><net_src comp="340" pin="1"/><net_sink comp="664" pin=0"/></net>

<net id="670"><net_src comp="60" pin="0"/><net_sink comp="664" pin=1"/></net>

<net id="671"><net_src comp="658" pin="2"/><net_sink comp="664" pin=2"/></net>

<net id="676"><net_src comp="652" pin="2"/><net_sink comp="672" pin=0"/></net>

<net id="677"><net_src comp="62" pin="0"/><net_sink comp="672" pin=1"/></net>

<net id="682"><net_src comp="664" pin="3"/><net_sink comp="678" pin=0"/></net>

<net id="683"><net_src comp="64" pin="0"/><net_sink comp="678" pin=1"/></net>

<net id="688"><net_src comp="507" pin="1"/><net_sink comp="684" pin=0"/></net>

<net id="689"><net_src comp="66" pin="0"/><net_sink comp="684" pin=1"/></net>

<net id="694"><net_src comp="652" pin="2"/><net_sink comp="690" pin=0"/></net>

<net id="703"><net_src comp="664" pin="3"/><net_sink comp="699" pin=0"/></net>

<net id="712"><net_src comp="636" pin="2"/><net_sink comp="708" pin=0"/></net>

<net id="718"><net_src comp="42" pin="0"/><net_sink comp="713" pin=0"/></net>

<net id="722"><net_src comp="713" pin="3"/><net_sink comp="719" pin=0"/></net>

<net id="723"><net_src comp="719" pin="1"/><net_sink comp="224" pin=2"/></net>

<net id="724"><net_src comp="719" pin="1"/><net_sink comp="238" pin=2"/></net>

<net id="725"><net_src comp="719" pin="1"/><net_sink comp="252" pin=2"/></net>

<net id="726"><net_src comp="719" pin="1"/><net_sink comp="266" pin=2"/></net>

<net id="732"><net_src comp="42" pin="0"/><net_sink comp="727" pin=0"/></net>

<net id="736"><net_src comp="727" pin="3"/><net_sink comp="733" pin=0"/></net>

<net id="737"><net_src comp="733" pin="1"/><net_sink comp="231" pin=2"/></net>

<net id="738"><net_src comp="733" pin="1"/><net_sink comp="245" pin=2"/></net>

<net id="739"><net_src comp="733" pin="1"/><net_sink comp="259" pin=2"/></net>

<net id="740"><net_src comp="733" pin="1"/><net_sink comp="273" pin=2"/></net>

<net id="750"><net_src comp="74" pin="0"/><net_sink comp="744" pin=0"/></net>

<net id="751"><net_src comp="741" pin="1"/><net_sink comp="744" pin=1"/></net>

<net id="752"><net_src comp="76" pin="0"/><net_sink comp="744" pin=2"/></net>

<net id="753"><net_src comp="78" pin="0"/><net_sink comp="744" pin=3"/></net>

<net id="757"><net_src comp="741" pin="1"/><net_sink comp="754" pin=0"/></net>

<net id="767"><net_src comp="74" pin="0"/><net_sink comp="761" pin=0"/></net>

<net id="768"><net_src comp="758" pin="1"/><net_sink comp="761" pin=1"/></net>

<net id="769"><net_src comp="76" pin="0"/><net_sink comp="761" pin=2"/></net>

<net id="770"><net_src comp="78" pin="0"/><net_sink comp="761" pin=3"/></net>

<net id="774"><net_src comp="758" pin="1"/><net_sink comp="771" pin=0"/></net>

<net id="779"><net_src comp="744" pin="4"/><net_sink comp="775" pin=0"/></net>

<net id="780"><net_src comp="80" pin="0"/><net_sink comp="775" pin=1"/></net>

<net id="785"><net_src comp="754" pin="1"/><net_sink comp="781" pin=0"/></net>

<net id="786"><net_src comp="82" pin="0"/><net_sink comp="781" pin=1"/></net>

<net id="791"><net_src comp="781" pin="2"/><net_sink comp="787" pin=0"/></net>

<net id="792"><net_src comp="775" pin="2"/><net_sink comp="787" pin=1"/></net>

<net id="797"><net_src comp="761" pin="4"/><net_sink comp="793" pin=0"/></net>

<net id="798"><net_src comp="80" pin="0"/><net_sink comp="793" pin=1"/></net>

<net id="803"><net_src comp="771" pin="1"/><net_sink comp="799" pin=0"/></net>

<net id="804"><net_src comp="82" pin="0"/><net_sink comp="799" pin=1"/></net>

<net id="809"><net_src comp="799" pin="2"/><net_sink comp="805" pin=0"/></net>

<net id="810"><net_src comp="793" pin="2"/><net_sink comp="805" pin=1"/></net>

<net id="815"><net_src comp="787" pin="2"/><net_sink comp="811" pin=0"/></net>

<net id="816"><net_src comp="805" pin="2"/><net_sink comp="811" pin=1"/></net>

<net id="821"><net_src comp="811" pin="2"/><net_sink comp="817" pin=0"/></net>

<net id="822"><net_src comp="361" pin="2"/><net_sink comp="817" pin=1"/></net>

<net id="828"><net_src comp="817" pin="2"/><net_sink comp="823" pin=0"/></net>

<net id="838"><net_src comp="74" pin="0"/><net_sink comp="832" pin=0"/></net>

<net id="839"><net_src comp="829" pin="1"/><net_sink comp="832" pin=1"/></net>

<net id="840"><net_src comp="76" pin="0"/><net_sink comp="832" pin=2"/></net>

<net id="841"><net_src comp="78" pin="0"/><net_sink comp="832" pin=3"/></net>

<net id="845"><net_src comp="829" pin="1"/><net_sink comp="842" pin=0"/></net>

<net id="855"><net_src comp="74" pin="0"/><net_sink comp="849" pin=0"/></net>

<net id="856"><net_src comp="846" pin="1"/><net_sink comp="849" pin=1"/></net>

<net id="857"><net_src comp="76" pin="0"/><net_sink comp="849" pin=2"/></net>

<net id="858"><net_src comp="78" pin="0"/><net_sink comp="849" pin=3"/></net>

<net id="862"><net_src comp="846" pin="1"/><net_sink comp="859" pin=0"/></net>

<net id="867"><net_src comp="832" pin="4"/><net_sink comp="863" pin=0"/></net>

<net id="868"><net_src comp="80" pin="0"/><net_sink comp="863" pin=1"/></net>

<net id="873"><net_src comp="842" pin="1"/><net_sink comp="869" pin=0"/></net>

<net id="874"><net_src comp="82" pin="0"/><net_sink comp="869" pin=1"/></net>

<net id="879"><net_src comp="869" pin="2"/><net_sink comp="875" pin=0"/></net>

<net id="880"><net_src comp="863" pin="2"/><net_sink comp="875" pin=1"/></net>

<net id="885"><net_src comp="849" pin="4"/><net_sink comp="881" pin=0"/></net>

<net id="886"><net_src comp="80" pin="0"/><net_sink comp="881" pin=1"/></net>

<net id="891"><net_src comp="859" pin="1"/><net_sink comp="887" pin=0"/></net>

<net id="892"><net_src comp="82" pin="0"/><net_sink comp="887" pin=1"/></net>

<net id="897"><net_src comp="887" pin="2"/><net_sink comp="893" pin=0"/></net>

<net id="898"><net_src comp="881" pin="2"/><net_sink comp="893" pin=1"/></net>

<net id="903"><net_src comp="875" pin="2"/><net_sink comp="899" pin=0"/></net>

<net id="904"><net_src comp="893" pin="2"/><net_sink comp="899" pin=1"/></net>

<net id="909"><net_src comp="899" pin="2"/><net_sink comp="905" pin=0"/></net>

<net id="910"><net_src comp="361" pin="2"/><net_sink comp="905" pin=1"/></net>

<net id="916"><net_src comp="905" pin="2"/><net_sink comp="911" pin=0"/></net>

<net id="932"><net_src comp="74" pin="0"/><net_sink comp="926" pin=0"/></net>

<net id="933"><net_src comp="923" pin="1"/><net_sink comp="926" pin=1"/></net>

<net id="934"><net_src comp="76" pin="0"/><net_sink comp="926" pin=2"/></net>

<net id="935"><net_src comp="78" pin="0"/><net_sink comp="926" pin=3"/></net>

<net id="939"><net_src comp="923" pin="1"/><net_sink comp="936" pin=0"/></net>

<net id="949"><net_src comp="74" pin="0"/><net_sink comp="943" pin=0"/></net>

<net id="950"><net_src comp="940" pin="1"/><net_sink comp="943" pin=1"/></net>

<net id="951"><net_src comp="76" pin="0"/><net_sink comp="943" pin=2"/></net>

<net id="952"><net_src comp="78" pin="0"/><net_sink comp="943" pin=3"/></net>

<net id="956"><net_src comp="940" pin="1"/><net_sink comp="953" pin=0"/></net>

<net id="961"><net_src comp="926" pin="4"/><net_sink comp="957" pin=0"/></net>

<net id="962"><net_src comp="80" pin="0"/><net_sink comp="957" pin=1"/></net>

<net id="967"><net_src comp="936" pin="1"/><net_sink comp="963" pin=0"/></net>

<net id="968"><net_src comp="82" pin="0"/><net_sink comp="963" pin=1"/></net>

<net id="973"><net_src comp="963" pin="2"/><net_sink comp="969" pin=0"/></net>

<net id="974"><net_src comp="957" pin="2"/><net_sink comp="969" pin=1"/></net>

<net id="979"><net_src comp="943" pin="4"/><net_sink comp="975" pin=0"/></net>

<net id="980"><net_src comp="80" pin="0"/><net_sink comp="975" pin=1"/></net>

<net id="985"><net_src comp="953" pin="1"/><net_sink comp="981" pin=0"/></net>

<net id="986"><net_src comp="82" pin="0"/><net_sink comp="981" pin=1"/></net>

<net id="991"><net_src comp="981" pin="2"/><net_sink comp="987" pin=0"/></net>

<net id="992"><net_src comp="975" pin="2"/><net_sink comp="987" pin=1"/></net>

<net id="997"><net_src comp="969" pin="2"/><net_sink comp="993" pin=0"/></net>

<net id="998"><net_src comp="987" pin="2"/><net_sink comp="993" pin=1"/></net>

<net id="1003"><net_src comp="993" pin="2"/><net_sink comp="999" pin=0"/></net>

<net id="1004"><net_src comp="361" pin="2"/><net_sink comp="999" pin=1"/></net>

<net id="1010"><net_src comp="999" pin="2"/><net_sink comp="1005" pin=0"/></net>

<net id="1016"><net_src comp="102" pin="0"/><net_sink comp="1011" pin=0"/></net>

<net id="1020"><net_src comp="1011" pin="3"/><net_sink comp="1017" pin=0"/></net>

<net id="1021"><net_src comp="1017" pin="1"/><net_sink comp="288" pin=2"/></net>

<net id="1022"><net_src comp="1017" pin="1"/><net_sink comp="295" pin=2"/></net>

<net id="1023"><net_src comp="1017" pin="1"/><net_sink comp="302" pin=2"/></net>

<net id="1024"><net_src comp="1017" pin="1"/><net_sink comp="309" pin=2"/></net>

<net id="1030"><net_src comp="917" pin="1"/><net_sink comp="1025" pin=0"/></net>

<net id="1031"><net_src comp="84" pin="0"/><net_sink comp="1025" pin=1"/></net>

<net id="1032"><net_src comp="920" pin="1"/><net_sink comp="1025" pin=2"/></net>

<net id="1033"><net_src comp="1025" pin="3"/><net_sink comp="1011" pin=1"/></net>

<net id="1037"><net_src comp="104" pin="1"/><net_sink comp="1034" pin=0"/></net>

<net id="1038"><net_src comp="1034" pin="1"/><net_sink comp="431" pin=1"/></net>

<net id="1039"><net_src comp="1034" pin="1"/><net_sink comp="507" pin=0"/></net>

<net id="1040"><net_src comp="1034" pin="1"/><net_sink comp="708" pin=1"/></net>

<net id="1044"><net_src comp="108" pin="1"/><net_sink comp="1041" pin=0"/></net>

<net id="1045"><net_src comp="1041" pin="1"/><net_sink comp="426" pin=1"/></net>

<net id="1046"><net_src comp="1041" pin="1"/><net_sink comp="448" pin=0"/></net>

<net id="1047"><net_src comp="1041" pin="1"/><net_sink comp="704" pin=1"/></net>

<net id="1051"><net_src comp="112" pin="1"/><net_sink comp="1048" pin=0"/></net>

<net id="1052"><net_src comp="1048" pin="1"/><net_sink comp="421" pin=1"/></net>

<net id="1053"><net_src comp="1048" pin="1"/><net_sink comp="510" pin=0"/></net>

<net id="1054"><net_src comp="1048" pin="1"/><net_sink comp="699" pin=1"/></net>

<net id="1058"><net_src comp="116" pin="1"/><net_sink comp="1055" pin=0"/></net>

<net id="1059"><net_src comp="1055" pin="1"/><net_sink comp="416" pin=1"/></net>

<net id="1060"><net_src comp="1055" pin="1"/><net_sink comp="451" pin=0"/></net>

<net id="1061"><net_src comp="1055" pin="1"/><net_sink comp="695" pin=1"/></net>

<net id="1065"><net_src comp="120" pin="1"/><net_sink comp="1062" pin=0"/></net>

<net id="1066"><net_src comp="1062" pin="1"/><net_sink comp="411" pin=1"/></net>

<net id="1067"><net_src comp="1062" pin="1"/><net_sink comp="513" pin=0"/></net>

<net id="1068"><net_src comp="1062" pin="1"/><net_sink comp="690" pin=1"/></net>

<net id="1072"><net_src comp="442" pin="2"/><net_sink comp="1069" pin=0"/></net>

<net id="1073"><net_src comp="1069" pin="1"/><net_sink comp="482" pin=0"/></net>

<net id="1074"><net_src comp="1069" pin="1"/><net_sink comp="516" pin=0"/></net>

<net id="1078"><net_src comp="468" pin="3"/><net_sink comp="1075" pin=0"/></net>

<net id="1079"><net_src comp="1075" pin="1"/><net_sink comp="529" pin=1"/></net>

<net id="1080"><net_src comp="1075" pin="1"/><net_sink comp="704" pin=0"/></net>

<net id="1081"><net_src comp="1075" pin="1"/><net_sink comp="917" pin=0"/></net>

<net id="1085"><net_src comp="482" pin="3"/><net_sink comp="1082" pin=0"/></net>

<net id="1086"><net_src comp="1082" pin="1"/><net_sink comp="546" pin=1"/></net>

<net id="1087"><net_src comp="1082" pin="1"/><net_sink comp="568" pin=1"/></net>

<net id="1088"><net_src comp="1082" pin="1"/><net_sink comp="695" pin=0"/></net>

<net id="1089"><net_src comp="1082" pin="1"/><net_sink comp="920" pin=0"/></net>

<net id="1093"><net_src comp="501" pin="2"/><net_sink comp="1090" pin=0"/></net>

<net id="1094"><net_src comp="1090" pin="1"/><net_sink comp="557" pin=0"/></net>

<net id="1095"><net_src comp="1090" pin="1"/><net_sink comp="579" pin=0"/></net>

<net id="1099"><net_src comp="562" pin="2"/><net_sink comp="1096" pin=0"/></net>

<net id="1100"><net_src comp="1096" pin="1"/><net_sink comp="713" pin=1"/></net>

<net id="1104"><net_src comp="584" pin="2"/><net_sink comp="1101" pin=0"/></net>

<net id="1105"><net_src comp="1101" pin="1"/><net_sink comp="727" pin=1"/></net>

<net id="1109"><net_src comp="590" pin="1"/><net_sink comp="1106" pin=0"/></net>

<net id="1110"><net_src comp="1106" pin="1"/><net_sink comp="713" pin=2"/></net>

<net id="1111"><net_src comp="1106" pin="1"/><net_sink comp="727" pin=2"/></net>

<net id="1112"><net_src comp="1106" pin="1"/><net_sink comp="1011" pin=2"/></net>

<net id="1116"><net_src comp="124" pin="3"/><net_sink comp="1113" pin=0"/></net>

<net id="1117"><net_src comp="1113" pin="1"/><net_sink comp="180" pin=2"/></net>

<net id="1121"><net_src comp="131" pin="3"/><net_sink comp="1118" pin=0"/></net>

<net id="1122"><net_src comp="1118" pin="1"/><net_sink comp="180" pin=0"/></net>

<net id="1126"><net_src comp="138" pin="3"/><net_sink comp="1123" pin=0"/></net>

<net id="1127"><net_src comp="1123" pin="1"/><net_sink comp="190" pin=2"/></net>

<net id="1131"><net_src comp="145" pin="3"/><net_sink comp="1128" pin=0"/></net>

<net id="1132"><net_src comp="1128" pin="1"/><net_sink comp="190" pin=0"/></net>

<net id="1136"><net_src comp="152" pin="3"/><net_sink comp="1133" pin=0"/></net>

<net id="1137"><net_src comp="1133" pin="1"/><net_sink comp="200" pin=2"/></net>

<net id="1141"><net_src comp="159" pin="3"/><net_sink comp="1138" pin=0"/></net>

<net id="1142"><net_src comp="1138" pin="1"/><net_sink comp="200" pin=0"/></net>

<net id="1146"><net_src comp="166" pin="3"/><net_sink comp="1143" pin=0"/></net>

<net id="1147"><net_src comp="1143" pin="1"/><net_sink comp="210" pin=2"/></net>

<net id="1151"><net_src comp="173" pin="3"/><net_sink comp="1148" pin=0"/></net>

<net id="1152"><net_src comp="1148" pin="1"/><net_sink comp="210" pin=0"/></net>

<net id="1156"><net_src comp="626" pin="4"/><net_sink comp="1153" pin=0"/></net>

<net id="1157"><net_src comp="1153" pin="1"/><net_sink comp="365" pin=10"/></net>

<net id="1158"><net_src comp="1153" pin="1"/><net_sink comp="388" pin=10"/></net>

<net id="1162"><net_src comp="672" pin="2"/><net_sink comp="1159" pin=0"/></net>

<net id="1163"><net_src comp="1159" pin="1"/><net_sink comp="354" pin=2"/></net>

<net id="1167"><net_src comp="678" pin="2"/><net_sink comp="1164" pin=0"/></net>

<net id="1168"><net_src comp="1164" pin="1"/><net_sink comp="343" pin=2"/></net>

<net id="1172"><net_src comp="684" pin="2"/><net_sink comp="1169" pin=0"/></net>

<net id="1176"><net_src comp="224" pin="3"/><net_sink comp="1173" pin=0"/></net>

<net id="1177"><net_src comp="1173" pin="1"/><net_sink comp="180" pin=2"/></net>

<net id="1181"><net_src comp="231" pin="3"/><net_sink comp="1178" pin=0"/></net>

<net id="1182"><net_src comp="1178" pin="1"/><net_sink comp="180" pin=0"/></net>

<net id="1186"><net_src comp="238" pin="3"/><net_sink comp="1183" pin=0"/></net>

<net id="1187"><net_src comp="1183" pin="1"/><net_sink comp="190" pin=2"/></net>

<net id="1191"><net_src comp="245" pin="3"/><net_sink comp="1188" pin=0"/></net>

<net id="1192"><net_src comp="1188" pin="1"/><net_sink comp="190" pin=0"/></net>

<net id="1196"><net_src comp="252" pin="3"/><net_sink comp="1193" pin=0"/></net>

<net id="1197"><net_src comp="1193" pin="1"/><net_sink comp="200" pin=2"/></net>

<net id="1201"><net_src comp="259" pin="3"/><net_sink comp="1198" pin=0"/></net>

<net id="1202"><net_src comp="1198" pin="1"/><net_sink comp="200" pin=0"/></net>

<net id="1206"><net_src comp="266" pin="3"/><net_sink comp="1203" pin=0"/></net>

<net id="1207"><net_src comp="1203" pin="1"/><net_sink comp="210" pin=2"/></net>

<net id="1211"><net_src comp="273" pin="3"/><net_sink comp="1208" pin=0"/></net>

<net id="1212"><net_src comp="1208" pin="1"/><net_sink comp="210" pin=0"/></net>

<net id="1216"><net_src comp="365" pin="11"/><net_sink comp="1213" pin=0"/></net>

<net id="1217"><net_src comp="1213" pin="1"/><net_sink comp="361" pin=0"/></net>

<net id="1218"><net_src comp="1213" pin="1"/><net_sink comp="741" pin=0"/></net>

<net id="1219"><net_src comp="1213" pin="1"/><net_sink comp="823" pin=1"/></net>

<net id="1223"><net_src comp="388" pin="11"/><net_sink comp="1220" pin=0"/></net>

<net id="1224"><net_src comp="1220" pin="1"/><net_sink comp="361" pin=0"/></net>

<net id="1225"><net_src comp="1220" pin="1"/><net_sink comp="829" pin=0"/></net>

<net id="1226"><net_src comp="1220" pin="1"/><net_sink comp="911" pin=1"/></net>

<net id="1230"><net_src comp="365" pin="11"/><net_sink comp="1227" pin=0"/></net>

<net id="1231"><net_src comp="1227" pin="1"/><net_sink comp="361" pin=1"/></net>

<net id="1232"><net_src comp="1227" pin="1"/><net_sink comp="758" pin=0"/></net>

<net id="1233"><net_src comp="1227" pin="1"/><net_sink comp="823" pin=2"/></net>

<net id="1237"><net_src comp="388" pin="11"/><net_sink comp="1234" pin=0"/></net>

<net id="1238"><net_src comp="1234" pin="1"/><net_sink comp="361" pin=1"/></net>

<net id="1239"><net_src comp="1234" pin="1"/><net_sink comp="846" pin=0"/></net>

<net id="1240"><net_src comp="1234" pin="1"/><net_sink comp="911" pin=2"/></net>

<net id="1244"><net_src comp="823" pin="3"/><net_sink comp="1241" pin=0"/></net>

<net id="1245"><net_src comp="1241" pin="1"/><net_sink comp="361" pin=0"/></net>

<net id="1246"><net_src comp="1241" pin="1"/><net_sink comp="923" pin=0"/></net>

<net id="1247"><net_src comp="1241" pin="1"/><net_sink comp="1005" pin=1"/></net>

<net id="1251"><net_src comp="911" pin="3"/><net_sink comp="1248" pin=0"/></net>

<net id="1252"><net_src comp="1248" pin="1"/><net_sink comp="361" pin=1"/></net>

<net id="1253"><net_src comp="1248" pin="1"/><net_sink comp="940" pin=0"/></net>

<net id="1254"><net_src comp="1248" pin="1"/><net_sink comp="1005" pin=2"/></net>

<net id="1258"><net_src comp="917" pin="1"/><net_sink comp="1255" pin=0"/></net>

<net id="1259"><net_src comp="1255" pin="1"/><net_sink comp="1025" pin=0"/></net>

<net id="1263"><net_src comp="920" pin="1"/><net_sink comp="1260" pin=0"/></net>

<net id="1264"><net_src comp="1260" pin="1"/><net_sink comp="1025" pin=1"/></net>

<net id="1268"><net_src comp="1005" pin="3"/><net_sink comp="1265" pin=0"/></net>

<net id="1269"><net_src comp="1265" pin="1"/><net_sink comp="316" pin=1"/></net>

<net id="1270"><net_src comp="1265" pin="1"/><net_sink comp="322" pin=1"/></net>

<net id="1271"><net_src comp="1265" pin="1"/><net_sink comp="328" pin=1"/></net>

<net id="1272"><net_src comp="1265" pin="1"/><net_sink comp="334" pin=1"/></net>

</net_list>

</model> 
---------------- Datapath Model END ------------------

* FSMD analyzer results:
  - Output states:
	Port: feat1_p | {13 }
	Port: feat1_p_5 | {13 }
	Port: feat1_p_6 | {13 }
	Port: feat1_p_7 | {13 }
 - Input state : 
	Port: pool1 : feat1 | {3 4 5 }
	Port: pool1 : feat1_2 | {3 4 5 }
	Port: pool1 : feat1_3 | {3 4 5 }
	Port: pool1 : feat1_4 | {3 4 5 }
  - Chain level:
	State 1
		store_ln0 : 1
		store_ln0 : 1
		store_ln0 : 1
		store_ln0 : 1
		store_ln0 : 1
		icmp_ln183137 : 1
		icmp_ln184136 : 1
		xor_ln182 : 2
		and_ln182 : 2
	State 2
		add_ln182 : 1
		select_ln182 : 1
		i : 2
		add_ln183 : 2
		j : 3
		tmp_17 : 3
		zext_ln186 : 4
		mul_ln186 : 5
	State 3
		zext_ln187 : 1
		mul_ln187 : 2
		zext_ln186_1 : 1
		add_ln186 : 2
		add_ln187 : 3
		zext_ln188 : 1
		add_ln188 : 2
		add_ln189 : 3
		trunc_ln184 : 1
		tmp_21 : 3
		zext_ln186_2 : 4
		feat1_addr : 5
		tmp_23 : 3
		zext_ln188_1 : 4
		feat1_addr_2 : 5
		feat1_2_addr : 5
		feat1_2_addr_2 : 5
		feat1_3_addr : 5
		feat1_3_addr_2 : 5
		feat1_4_addr : 5
		feat1_4_addr_2 : 5
		trunc_ln184_3 : 1
		feat1_load : 6
		feat1_2_load : 6
		feat1_3_load : 6
		feat1_4_load : 6
		feat1_load_2 : 6
		feat1_2_load_2 : 6
		feat1_3_load_2 : 6
		feat1_4_load_2 : 6
		add_ln182_1 : 1
		switch_ln192 : 2
		m : 1
		add_ln183_1 : 1
		select_ln183_1 : 2
		icmp_ln184 : 2
		icmp_ln183 : 3
		icmp_ln182 : 1
		store_ln184 : 2
		store_ln183 : 3
		store_ln182 : 2
		br_ln182 : 2
	State 4
		zext_ln187_1 : 1
		feat1_addr_1 : 2
		zext_ln189 : 1
		feat1_addr_3 : 2
		feat1_2_addr_1 : 2
		feat1_2_addr_3 : 2
		feat1_3_addr_1 : 2
		feat1_3_addr_3 : 2
		feat1_4_addr_1 : 2
		feat1_4_addr_3 : 2
		m0 : 1
		feat1_load_1 : 3
		feat1_2_load_1 : 3
		feat1_3_load_1 : 3
		feat1_4_load_1 : 3
		m2 : 1
		feat1_load_3 : 3
		feat1_2_load_3 : 3
		feat1_3_load_3 : 3
		feat1_4_load_3 : 3
	State 5
		m1 : 1
		m3 : 1
	State 6
	State 7
		tmp : 1
		trunc_ln190 : 1
		tmp_9 : 1
		trunc_ln190_1 : 1
		icmp_ln190 : 2
		icmp_ln190_1 : 2
		or_ln190 : 3
		icmp_ln190_2 : 2
		icmp_ln190_3 : 2
		or_ln190_1 : 3
		and_ln190 : 3
		and_ln190_1 : 3
		mx : 3
	State 8
		tmp_1 : 1
		trunc_ln191 : 1
		tmp_2 : 1
		trunc_ln191_1 : 1
		icmp_ln191 : 2
		icmp_ln191_1 : 2
		or_ln191 : 3
		icmp_ln191_2 : 2
		icmp_ln191_3 : 2
		or_ln191_1 : 3
		and_ln191 : 3
		and_ln191_1 : 3
		my : 3
	State 9
	State 10
		mul_ln192 : 1
	State 11
	State 12
		add_ln192 : 1
		tmp_4 : 1
		trunc_ln192 : 1
		tmp_5 : 1
		trunc_ln192_1 : 1
		icmp_ln192 : 2
		icmp_ln192_1 : 2
		or_ln192 : 3
		icmp_ln192_2 : 2
		icmp_ln192_3 : 2
		or_ln192_1 : 3
		and_ln192 : 3
		and_ln192_1 : 3
		select_ln192 : 3
	State 13
		tmp_25 : 1
		zext_ln192_2 : 2
		feat1_p_addr : 3
		feat1_p_5_addr : 3
		feat1_p_6_addr : 3
		feat1_p_7_addr : 3
		store_ln192 : 4
		store_ln192 : 4
		store_ln192 : 4
		store_ln192 : 4


============================================================
+ Verbose Summary: Datapath Resource usage 
============================================================

* Functional unit list:
|----------|-----------------------|---------|---------|---------|
| Operation|    Functional Unit    |   DSP   |    FF   |   LUT   |
|----------|-----------------------|---------|---------|---------|
|          |   icmp_ln184_fu_672   |    0    |    0    |    13   |
|          |   icmp_ln183_fu_678   |    0    |    0    |    19   |
|          |   icmp_ln182_fu_684   |    0    |    0    |    25   |
|          |   icmp_ln190_fu_775   |    0    |    0    |    15   |
|          |  icmp_ln190_1_fu_781  |    0    |    0    |    30   |
|          |  icmp_ln190_2_fu_793  |    0    |    0    |    15   |
|          |  icmp_ln190_3_fu_799  |    0    |    0    |    30   |
|   icmp   |   icmp_ln191_fu_863   |    0    |    0    |    15   |
|          |  icmp_ln191_1_fu_869  |    0    |    0    |    30   |
|          |  icmp_ln191_2_fu_881  |    0    |    0    |    15   |
|          |  icmp_ln191_3_fu_887  |    0    |    0    |    30   |
|          |   icmp_ln192_fu_957   |    0    |    0    |    15   |
|          |  icmp_ln192_1_fu_963  |    0    |    0    |    30   |
|          |  icmp_ln192_2_fu_975  |    0    |    0    |    15   |
|          |  icmp_ln192_3_fu_981  |    0    |    0    |    30   |
|----------|-----------------------|---------|---------|---------|
|          |    add_ln182_fu_454   |    0    |    0    |    14   |
|          |    add_ln183_fu_476   |    0    |    0    |    15   |
|          |    add_ln186_fu_557   |    0    |    0    |    24   |
|          |    add_ln187_fu_562   |    0    |    0    |    24   |
|    add   |    add_ln188_fu_579   |    0    |    0    |    24   |
|          |    add_ln189_fu_584   |    0    |    0    |    24   |
|          |   add_ln182_1_fu_636  |    0    |    0    |    25   |
|          |        m_fu_652       |    0    |    0    |    13   |
|          |   add_ln183_1_fu_658  |    0    |    0    |    19   |
|----------|-----------------------|---------|---------|---------|
|          |  select_ln182_fu_460  |    0    |    0    |    8    |
|          |        i_fu_468       |    0    |    0    |    7    |
|          |        j_fu_482       |    0    |    0    |    8    |
|  select  |     m_mid2_fu_521     |    0    |    0    |    4    |
|          | select_ln183_1_fu_664 |    0    |    0    |    12   |
|          |       mx_fu_823       |    0    |    0    |    32   |
|          |       my_fu_911       |    0    |    0    |    32   |
|          |  select_ln192_fu_1005 |    0    |    0    |    32   |
|----------|-----------------------|---------|---------|---------|
|    mul   |    mul_ln186_fu_501   |    0    |    0    |    63   |
|          |    mul_ln187_fu_540   |    0    |    0    |    63   |
|----------|-----------------------|---------|---------|---------|
| sparsemux|       grp_fu_365      |    0    |    0    |    17   |
|          |       grp_fu_388      |    0    |    0    |    17   |
|----------|-----------------------|---------|---------|---------|
|          |    and_ln182_fu_442   |    0    |    0    |    2    |
|          |    and_ln190_fu_811   |    0    |    0    |    2    |
|          |   and_ln190_1_fu_817  |    0    |    0    |    2    |
|    and   |    and_ln191_fu_899   |    0    |    0    |    2    |
|          |   and_ln191_1_fu_905  |    0    |    0    |    2    |
|          |    and_ln192_fu_993   |    0    |    0    |    2    |
|          |   and_ln192_1_fu_999  |    0    |    0    |    2    |
|----------|-----------------------|---------|---------|---------|
|          |      empty_fu_516     |    0    |    0    |    2    |
|          |    or_ln190_fu_787    |    0    |    0    |    2    |
|          |   or_ln190_1_fu_805   |    0    |    0    |    2    |
|    or    |    or_ln191_fu_875    |    0    |    0    |    2    |
|          |   or_ln191_1_fu_893   |    0    |    0    |    2    |
|          |    or_ln192_fu_969    |    0    |    0    |    2    |
|          |   or_ln192_1_fu_987   |    0    |    0    |    2    |
|----------|-----------------------|---------|---------|---------|
|    xor   |    xor_ln182_fu_436   |    0    |    0    |    2    |
|----------|-----------------------|---------|---------|---------|
|  muladd  |      grp_fu_1025      |    1    |    0    |    0    |
|----------|-----------------------|---------|---------|---------|
|   fcmp   |       grp_fu_361      |    0    |    0    |    0    |
|----------|-----------------------|---------|---------|---------|
|          |     tmp_17_fu_489     |    0    |    0    |    0    |
|          |     tmp_18_fu_529     |    0    |    0    |    0    |
|          |     tmp_19_fu_546     |    0    |    0    |    0    |
|          |     tmp_20_fu_568     |    0    |    0    |    0    |
|bitconcatenate|     tmp_21_fu_594     |    0    |    0    |    0    |
|          |     tmp_23_fu_610     |    0    |    0    |    0    |
|          |     tmp_22_fu_713     |    0    |    0    |    0    |
|          |     tmp_24_fu_727     |    0    |    0    |    0    |
|          |     tmp_25_fu_1011    |    0    |    0    |    0    |
|----------|-----------------------|---------|---------|---------|
|          |   zext_ln186_fu_497   |    0    |    0    |    0    |
|          |   zext_ln187_fu_536   |    0    |    0    |    0    |
|          |  zext_ln186_1_fu_553  |    0    |    0    |    0    |
|          |   zext_ln188_fu_575   |    0    |    0    |    0    |
|          |  zext_ln186_2_fu_602  |    0    |    0    |    0    |
|   zext   |  zext_ln188_1_fu_618  |    0    |    0    |    0    |
|          |  zext_ln187_1_fu_719  |    0    |    0    |    0    |
|          |   zext_ln189_fu_733   |    0    |    0    |    0    |
|          |   zext_ln192_fu_917   |    0    |    0    |    0    |
|          |  zext_ln192_1_fu_920  |    0    |    0    |    0    |
|          |  zext_ln192_2_fu_1017 |    0    |    0    |    0    |
|----------|-----------------------|---------|---------|---------|
|          |   trunc_ln184_fu_590  |    0    |    0    |    0    |
|          |   trunc_ln190_fu_754  |    0    |    0    |    0    |
|          |  trunc_ln190_1_fu_771 |    0    |    0    |    0    |
|   trunc  |   trunc_ln191_fu_842  |    0    |    0    |    0    |
|          |  trunc_ln191_1_fu_859 |    0    |    0    |    0    |
|          |   trunc_ln192_fu_936  |    0    |    0    |    0    |
|          |  trunc_ln192_1_fu_953 |    0    |    0    |    0    |
|----------|-----------------------|---------|---------|---------|
|          |  trunc_ln184_3_fu_626 |    0    |    0    |    0    |
|          |       tmp_fu_744      |    0    |    0    |    0    |
|          |      tmp_9_fu_761     |    0    |    0    |    0    |
|partselect|      tmp_1_fu_832     |    0    |    0    |    0    |
|          |      tmp_2_fu_849     |    0    |    0    |    0    |
|          |      tmp_4_fu_926     |    0    |    0    |    0    |
|          |      tmp_5_fu_943     |    0    |    0    |    0    |
|----------|-----------------------|---------|---------|---------|
|  switch  |  switch_ln192_fu_642  |    0    |    0    |    0    |
|----------|-----------------------|---------|---------|---------|
|   Total  |                       |    1    |    0    |   834   |
|----------|-----------------------|---------|---------|---------|

Memories:
N/A

* Register list:
+----------------------------+--------+
|                            |   FF   |
+----------------------------+--------+
|     add_ln187_reg_1096     |   17   |
|     add_ln189_reg_1101     |   17   |
|     and_ln182_reg_1069     |    1   |
|   feat1_2_addr_1_reg_1183  |   18   |
|   feat1_2_addr_2_reg_1128  |   18   |
|   feat1_2_addr_3_reg_1188  |   18   |
|    feat1_2_addr_reg_1123   |   18   |
|   feat1_3_addr_1_reg_1193  |   18   |
|   feat1_3_addr_2_reg_1138  |   18   |
|   feat1_3_addr_3_reg_1198  |   18   |
|    feat1_3_addr_reg_1133   |   18   |
|   feat1_4_addr_1_reg_1203  |   18   |
|   feat1_4_addr_2_reg_1148  |   18   |
|   feat1_4_addr_3_reg_1208  |   18   |
|    feat1_4_addr_reg_1143   |   18   |
|    feat1_addr_1_reg_1173   |   18   |
|    feat1_addr_2_reg_1118   |   18   |
|    feat1_addr_3_reg_1178   |   18   |
|     feat1_addr_reg_1113    |   18   |
|        i132_reg_1041       |    7   |
|         i_reg_1075         |    7   |
|     icmp_ln182_reg_1169    |    1   |
|    icmp_ln183137_reg_340   |    1   |
|     icmp_ln183_reg_1164    |    1   |
|    icmp_ln184136_reg_351   |    1   |
|     icmp_ln184_reg_1159    |    1   |
|indvar_flatten12131_reg_1034|   18   |
| indvar_flatten133_reg_1048 |   12   |
|        j134_reg_1055       |    8   |
|         j_reg_1082         |    8   |
|         m0_reg_1213        |   32   |
|        m135_reg_1062       |    4   |
|         m1_reg_1227        |   32   |
|         m2_reg_1220        |   32   |
|         m3_reg_1234        |   32   |
|     mul_ln186_reg_1090     |   17   |
|         mx_reg_1241        |   32   |
|         my_reg_1248        |   32   |
|    select_ln192_reg_1265   |   32   |
|   trunc_ln184_3_reg_1153   |    2   |
|    trunc_ln184_reg_1106    |    1   |
|    zext_ln192_1_reg_1260   |   15   |
|     zext_ln192_reg_1255    |   15   |
+----------------------------+--------+
|            Total           |   666  |
+----------------------------+--------+

* Multiplexer (MUX) list: 
|-------------------|------|------|------|--------||---------||---------||---------|
|        Comp       |  Pin | Size |  BW  | S x BW ||  Delay  ||    FF   ||   LUT   |
|-------------------|------|------|------|--------||---------||---------||---------|
| grp_access_fu_180 |  p0  |   4  |  18  |   72   ||    0    ||    17   |
| grp_access_fu_180 |  p2  |   4  |   0  |    0   ||    0    ||    17   |
| grp_access_fu_190 |  p0  |   4  |  18  |   72   ||    0    ||    17   |
| grp_access_fu_190 |  p2  |   4  |   0  |    0   ||    0    ||    17   |
| grp_access_fu_200 |  p0  |   4  |  18  |   72   ||    0    ||    17   |
| grp_access_fu_200 |  p2  |   4  |   0  |    0   ||    0    ||    17   |
| grp_access_fu_210 |  p0  |   4  |  18  |   72   ||    0    ||    17   |
| grp_access_fu_210 |  p2  |   4  |   0  |    0   ||    0    ||    17   |
|     grp_fu_361    |  p0  |   3  |  32  |   96   ||    0    ||    13   |
|     grp_fu_361    |  p1  |   3  |  32  |   96   ||    0    ||    13   |
|    grp_fu_1025    |  p0  |   2  |   8  |   16   ||    0    ||    9    |
|    grp_fu_1025    |  p1  |   2  |   7  |   14   ||    0    ||    9    |
|-------------------|------|------|------|--------||---------||---------||---------|
|       Total       |      |      |      |   510  || 16.3419 ||    0    ||   180   |
|-------------------|------|------|------|--------||---------||---------||---------|



* Summary:
+-----------+--------+--------+--------+--------+
|           |   DSP  |  Delay |   FF   |   LUT  |
+-----------+--------+--------+--------+--------+
|  Function |    1   |    -   |    0   |   834  |
|   Memory  |    -   |    -   |    -   |    -   |
|Multiplexer|    -   |   16   |    0   |   180  |
|  Register |    -   |    -   |   666  |    -   |
+-----------+--------+--------+--------+--------+
|   Total   |    1   |   16   |   666  |  1014  |
+-----------+--------+--------+--------+--------+
