

================================================================
== Synthesis Summary Report of 'cnn_accel'
================================================================
+ General Information: 
    * Date:           Tue Jul  8 00:40:11 2025
    * Version:        2025.1 (Build 6135595 on May 21 2025)
    * Project:        cnn_accel
    * Solution:       hls (Vivado IP Flow Target)
    * Product family: artix7
    * Target device:  xc7a100t-fgg484-2L
    

+ Performance & Resource Estimates: 
    
    PS: '+' for module; 'o' for loop; '*' for dataflow
    +-----------------------------------------------+---------+-------+----------+-----------+----------+----------+--------+----------+---------------+----------+-------------+-------------+-----+
    |                    Modules                    |  Issue  |       |        Latency       | Iteration|          |  Trip  |          |               |          |             |             |     |
    |                    & Loops                    |   Type  | Slack | (cycles) |    (ns)   |  Latency | Interval |  Count | Pipelined|     BRAM      |    DSP   |      FF     |     LUT     | URAM|
    +-----------------------------------------------+---------+-------+----------+-----------+----------+----------+--------+----------+---------------+----------+-------------+-------------+-----+
    |+ cnn_accel*                                   |   Timing|  -0.83|  64570463|  6.457e+08|         -|  25481290|       -|  dataflow|  10265 (3801%)|  66 (27%)|  30599 (24%)|  26959 (42%)|    -|
    | + load_img                                    |        -|   0.00|    691209|  6.912e+06|         -|    691200|       -|    rewind|              -|         -|    251 (~0%)|    465 (~0%)|    -|
    |  o LOAD_IMG_ROWS_LOAD_IMG_COLS_LOAD_IMG_CH    |        -|   7.30|    691207|  6.912e+06|        11|         3|  230400|       yes|              -|         -|            -|            -|    -|
    | + conv1                                       |   Timing|  -0.83|  16347889|  1.635e+08|         -|  16347744|       -|    rewind|              -|    6 (2%)|    4496 (3%)|    2663 (4%)|    -|
    |  o CONV1_ROW_CONV1_COL_CONV1_FIL              |       II|   7.30|  16347887|  1.635e+08|       171|        27|  605472|       yes|              -|         -|            -|            -|    -|
    | + pool1                                       |        -|   1.05|    454115|  4.541e+06|         -|    454104|       -|    rewind|              -|   1 (~0%)|    777 (~0%)|    1301 (2%)|    -|
    |  o POOL1_ROW_POOL1_COL_POOL1_CH               |        -|   7.30|    454113|  4.541e+06|        13|         3|  151368|       yes|              -|         -|            -|            -|    -|
    | + conv2                                       |   Timing|  -0.11|  21161458|  2.116e+08|         -|  21161088|       -|    rewind|              -|    6 (2%)|    8939 (7%)|    4624 (7%)|    -|
    |  o CONV2_ROW_CONV2_COL_CONV2_FIL              |       II|   7.30|  21161456|  2.116e+08|       441|        72|  293904|       yes|              -|         -|            -|            -|    -|
    | + pool2                                       |        -|   0.23|    217162|  2.172e+06|         -|    217152|       -|    rewind|              -|   1 (~0%)|    708 (~0%)|    1240 (1%)|    -|
    |  o POOL2_ROW_POOL2_COL_POOL2_CH               |        -|   7.30|    217160|  2.172e+06|        12|         3|   72384|       yes|              -|         -|            -|            -|    -|
    | + flatten                                     |        -|   0.38|    217155|  2.172e+06|         -|    217152|       -|    rewind|              -|   1 (~0%)|    148 (~0%)|    540 (~0%)|    -|
    |  o FLATTEN_VITIS_LOOP_252_1_VITIS_LOOP_253_2  |        -|   7.30|    217153|  2.172e+06|         5|         3|   72384|       yes|              -|         -|            -|            -|    -|
    | + fc1                                         |        -|   0.00|  25481289|  2.548e+08|         -|  25481289|       -|        no|         5 (1%)|  39 (16%)|    6625 (5%)|    6031 (9%)|    -|
    |  o FC1_OUT                                    |        -|   7.30|  25481281|  2.548e+08|    796290|         -|      32|        no|              -|         -|            -|            -|    -|
    |   + generic_tanh_float_s                      |        -|   0.01|        61|    610.000|         -|         3|       -|       yes|         5 (1%)|  34 (14%)|    5978 (4%)|    5048 (7%)|    -|
    |    + exp_generic_double_s                     |        -|   0.13|        21|    210.000|         -|         1|       -|       yes|         5 (1%)|  29 (12%)|    3232 (2%)|    3256 (5%)|    -|
    |   o VITIS_LOOP_270_1                          |        -|   7.30|    796224|  7.962e+06|        11|         -|   72384|        no|              -|         -|            -|            -|    -|
    | + fc2                                         |   Timing|  -0.54|       179|  1.790e+03|         -|       179|       -|        no|              -|   12 (5%)|   1185 (~0%)|    1897 (2%)|    -|
    |  + fc2_Pipeline_FC2_LOOP                      |   Timing|  -0.54|       135|  1.350e+03|         -|       128|       -|    rewind|              -|    3 (1%)|    320 (~0%)|    307 (~0%)|    -|
    |   o FC2_LOOP                                  |       II|   7.30|       133|  1.330e+03|        10|         4|      32|       yes|              -|         -|            -|            -|    -|
    +-----------------------------------------------+---------+-------+----------+-----------+----------+----------+--------+----------+---------------+----------+-------------+-------------+-----+


================================================================
== HW Interfaces
================================================================
* M_AXI
+---------------+------------+------------+---------------+---------+--------+----------+-----------+--------------+--------------+-------------+-------------+-------------------+
| Interface     | Read/Write | Data Width | Address Width | Latency | Offset | Register | Max Widen | Max Read     | Max Write    | Num Read    | Num Write   | Resource Estimate |
|               |            | (SW->HW)   |               |         |        |          | Bitwidth  | Burst Length | Burst Length | Outstanding | Outstanding |                   |
+---------------+------------+------------+---------------+---------+--------+----------+-----------+--------------+--------------+-------------+-------------+-------------------+
| m_axi_B1mem   | READ_ONLY  | 32 -> 32   | 64            | 0       | slave  | 0        | 0         | 16           | 16           | 16          | 16          | BRAM=2            |
| m_axi_B2mem   | READ_ONLY  | 32 -> 32   | 64            | 0       | slave  | 0        | 0         | 16           | 16           | 16          | 16          | BRAM=2            |
| m_axi_B3mem   | READ_ONLY  | 32 -> 32   | 64            | 0       | slave  | 0        | 0         | 16           | 16           | 16          | 16          | BRAM=2            |
| m_axi_B4mem   | READ_ONLY  | 32 -> 32   | 64            | 0       | slave  | 0        | 0         | 16           | 16           | 16          | 16          | BRAM=2            |
| m_axi_Foutmem | WRITE_ONLY | 8 -> 8     | 64            | 0       | slave  | 0        | 0         | 16           | 16           | 16          | 16          |                   |
| m_axi_IMGmem  | READ_ONLY  | 32 -> 32   | 64            | 0       | slave  | 0        | 0         | 16           | 16           | 16          | 16          | BRAM=2            |
| m_axi_W1mem   | READ_ONLY  | 32 -> 32   | 64            | 0       | slave  | 0        | 0         | 16           | 16           | 16          | 16          | BRAM=2            |
| m_axi_W2mem   | READ_ONLY  | 32 -> 32   | 64            | 0       | slave  | 0        | 0         | 16           | 16           | 16          | 16          | BRAM=2            |
| m_axi_W3mem   | READ_ONLY  | 32 -> 32   | 64            | 0       | slave  | 0        | 0         | 16           | 16           | 16          | 16          | BRAM=2            |
| m_axi_W4mem   | READ_ONLY  | 32 -> 32   | 64            | 0       | slave  | 0        | 0         | 16           | 16           | 16          | 16          | BRAM=2            |
+---------------+------------+------------+---------------+---------+--------+----------+-----------+--------------+--------------+-------------+-------------+-------------------+

* S_AXILITE Interfaces
+---------------+------------+---------------+--------+----------+
| Interface     | Data Width | Address Width | Offset | Register |
+---------------+------------+---------------+--------+----------+
| s_axi_control | 32         | 8             | 16     | 0        |
+---------------+------------+---------------+--------+----------+

* S_AXILITE Registers
+---------------+------------+--------+-------+--------+----------------------------------+----------------------------------------------------------------------+
| Interface     | Register   | Offset | Width | Access | Description                      | Bit Fields                                                           |
+---------------+------------+--------+-------+--------+----------------------------------+----------------------------------------------------------------------+
| s_axi_control | CTRL       | 0x00   | 32    | RW     | Control signals                  | 0=AP_START 1=AP_DONE 2=AP_IDLE 3=AP_READY 7=AUTO_RESTART 9=INTERRUPT |
| s_axi_control | GIER       | 0x04   | 32    | RW     | Global Interrupt Enable Register | 0=Enable                                                             |
| s_axi_control | IP_IER     | 0x08   | 32    | RW     | IP Interrupt Enable Register     | 0=CHAN0_INT_EN 1=CHAN1_INT_EN                                        |
| s_axi_control | IP_ISR     | 0x0c   | 32    | RW     | IP Interrupt Status Register     | 0=CHAN0_INT_ST 1=CHAN1_INT_ST                                        |
| s_axi_control | img_in_1   | 0x10   | 32    | W      | Data signal of img_in            |                                                                      |
| s_axi_control | img_in_2   | 0x14   | 32    | W      | Data signal of img_in            |                                                                      |
| s_axi_control | weights1_1 | 0x1c   | 32    | W      | Data signal of weights1          |                                                                      |
| s_axi_control | weights1_2 | 0x20   | 32    | W      | Data signal of weights1          |                                                                      |
| s_axi_control | bias1_1    | 0x28   | 32    | W      | Data signal of bias1             |                                                                      |
| s_axi_control | bias1_2    | 0x2c   | 32    | W      | Data signal of bias1             |                                                                      |
| s_axi_control | weights2_1 | 0x34   | 32    | W      | Data signal of weights2          |                                                                      |
| s_axi_control | weights2_2 | 0x38   | 32    | W      | Data signal of weights2          |                                                                      |
| s_axi_control | bias2_1    | 0x40   | 32    | W      | Data signal of bias2             |                                                                      |
| s_axi_control | bias2_2    | 0x44   | 32    | W      | Data signal of bias2             |                                                                      |
| s_axi_control | FC1_W_1    | 0x4c   | 32    | W      | Data signal of FC1_W             |                                                                      |
| s_axi_control | FC1_W_2    | 0x50   | 32    | W      | Data signal of FC1_W             |                                                                      |
| s_axi_control | FC1_B_1    | 0x58   | 32    | W      | Data signal of FC1_B             |                                                                      |
| s_axi_control | FC1_B_2    | 0x5c   | 32    | W      | Data signal of FC1_B             |                                                                      |
| s_axi_control | FC2_W_1    | 0x64   | 32    | W      | Data signal of FC2_W             |                                                                      |
| s_axi_control | FC2_W_2    | 0x68   | 32    | W      | Data signal of FC2_W             |                                                                      |
| s_axi_control | FC2_B_1    | 0x70   | 32    | W      | Data signal of FC2_B             |                                                                      |
| s_axi_control | FC2_B_2    | 0x74   | 32    | W      | Data signal of FC2_B             |                                                                      |
| s_axi_control | flag_out_1 | 0x7c   | 32    | W      | Data signal of flag_out          |                                                                      |
| s_axi_control | flag_out_2 | 0x80   | 32    | W      | Data signal of flag_out          |                                                                      |
| s_axi_control | ctrl       | 0x88   | 32    | W      | Data signal of ctrl              |                                                                      |
+---------------+------------+--------+-------+--------+----------------------------------+----------------------------------------------------------------------+

* TOP LEVEL CONTROL
+-----------+------------+-----------+
| Interface | Type       | Ports     |
+-----------+------------+-----------+
| ap_clk    | clock      | ap_clk    |
| ap_rst_n  | reset      | ap_rst_n  |
| interrupt | interrupt  | interrupt |
| ap_ctrl   | ap_ctrl_hs |           |
+-----------+------------+-----------+


================================================================
== SW I/O Information
================================================================
* Top Function Arguments
+----------+-----------+----------------+
| Argument | Direction | Datatype       |
+----------+-----------+----------------+
| img_in   | in        | float const *  |
| weights1 | in        | float const *  |
| bias1    | in        | float const *  |
| weights2 | in        | float const *  |
| bias2    | in        | float const *  |
| FC1_W    | in        | float const *  |
| FC1_B    | in        | float const *  |
| FC2_W    | in        | float const *  |
| FC2_B    | in        | float const *  |
| flag_out | out       | unsigned char* |
| ctrl     | in        | int            |
+----------+-----------+----------------+

* SW-to-HW Mapping
+----------+---------------+-----------+----------+--------------------------------------+
| Argument | HW Interface  | HW Type   | HW Usage | HW Info                              |
+----------+---------------+-----------+----------+--------------------------------------+
| img_in   | m_axi_IMGmem  | interface |          | channel=0                            |
| img_in   | s_axi_control | register  | offset   | name=img_in_1 offset=0x10 range=32   |
| img_in   | s_axi_control | register  | offset   | name=img_in_2 offset=0x14 range=32   |
| weights1 | m_axi_W1mem   | interface |          | channel=0                            |
| weights1 | s_axi_control | register  | offset   | name=weights1_1 offset=0x1c range=32 |
| weights1 | s_axi_control | register  | offset   | name=weights1_2 offset=0x20 range=32 |
| bias1    | m_axi_B1mem   | interface |          | channel=0                            |
| bias1    | s_axi_control | register  | offset   | name=bias1_1 offset=0x28 range=32    |
| bias1    | s_axi_control | register  | offset   | name=bias1_2 offset=0x2c range=32    |
| weights2 | m_axi_W2mem   | interface |          | channel=0                            |
| weights2 | s_axi_control | register  | offset   | name=weights2_1 offset=0x34 range=32 |
| weights2 | s_axi_control | register  | offset   | name=weights2_2 offset=0x38 range=32 |
| bias2    | m_axi_B2mem   | interface |          | channel=0                            |
| bias2    | s_axi_control | register  | offset   | name=bias2_1 offset=0x40 range=32    |
| bias2    | s_axi_control | register  | offset   | name=bias2_2 offset=0x44 range=32    |
| FC1_W    | m_axi_W3mem   | interface |          | channel=0                            |
| FC1_W    | s_axi_control | register  | offset   | name=FC1_W_1 offset=0x4c range=32    |
| FC1_W    | s_axi_control | register  | offset   | name=FC1_W_2 offset=0x50 range=32    |
| FC1_B    | m_axi_B3mem   | interface |          | channel=0                            |
| FC1_B    | s_axi_control | register  | offset   | name=FC1_B_1 offset=0x58 range=32    |
| FC1_B    | s_axi_control | register  | offset   | name=FC1_B_2 offset=0x5c range=32    |
| FC2_W    | m_axi_W4mem   | interface |          | channel=0                            |
| FC2_W    | s_axi_control | register  | offset   | name=FC2_W_1 offset=0x64 range=32    |
| FC2_W    | s_axi_control | register  | offset   | name=FC2_W_2 offset=0x68 range=32    |
| FC2_B    | m_axi_B4mem   | interface |          | channel=0                            |
| FC2_B    | s_axi_control | register  | offset   | name=FC2_B_1 offset=0x70 range=32    |
| FC2_B    | s_axi_control | register  | offset   | name=FC2_B_2 offset=0x74 range=32    |
| flag_out | m_axi_Foutmem | interface |          | channel=0                            |
| flag_out | s_axi_control | register  | offset   | name=flag_out_1 offset=0x7c range=32 |
| flag_out | s_axi_control | register  | offset   | name=flag_out_2 offset=0x80 range=32 |
| ctrl     | s_axi_control | register  |          | name=ctrl offset=0x88 range=32       |
+----------+---------------+-----------+----------+--------------------------------------+


================================================================
== M_AXI Burst Information
================================================================
 Note: All burst requests might be further partitioned into multiple requests during RTL generation based on max_read_burst_length or max_write_burst_length settings.

* Inferred Burst Summary
+--------------+-----------+----------+-------+---------------+-----------------------------------+
| HW Interface | Direction | Length   | Width | Loop          | Loop Location                     |
+--------------+-----------+----------+-------+---------------+-----------------------------------+
| m_axi_B1mem  | read      | 8        | 32    | CONV1_FIL     | ../hls_files/conv_pool.cpp:158:24 |
| m_axi_B2mem  | read      | 16       | 32    | CONV2_FIL     | ../hls_files/conv_pool.cpp:206:24 |
| m_axi_B3mem  | read      | 32       | 32    | FC1_OUT       | ../hls_files/conv_pool.cpp:267:14 |
| m_axi_IMGmem | read      | 230400   | 32    | LOAD_IMG_ROWS | ../hls_files/conv_pool.cpp:139:20 |
| m_axi_W1mem  | read      | 216      | 32    | CONV1_FIL     | ../hls_files/conv_pool.cpp:158:24 |
| m_axi_W2mem  | read      | 1152     | 32    | CONV2_FIL     | ../hls_files/conv_pool.cpp:206:24 |
| m_axi_W3mem  | read      | variable | 32    |               |                                   |
| m_axi_W4mem  | read      | 32       | 32    | FC2_LOOP      | ../hls_files/conv_pool.cpp:286:15 |
+--------------+-----------+----------+-------+---------------+-----------------------------------+

* All M_AXI Variable Accesses
+--------------+----------+-----------------------------------+-----------+--------------+----------+------------------+-----------------------------------+------------+---------------------------------------------------------------------------------------------------------+
| HW Interface | Variable | Access Location                   | Direction | Burst Status | Length   | Loop             | Loop Location                     | Resolution | Problem                                                                                                 |
+--------------+----------+-----------------------------------+-----------+--------------+----------+------------------+-----------------------------------+------------+---------------------------------------------------------------------------------------------------------+
| m_axi_B1mem  | bias1    | ../hls_files/conv_pool.cpp:160:15 | read      | Widen Fail   |          | CONV1_FIL        | ../hls_files/conv_pool.cpp:158:24 | 214-353    | Could not widen since type float size is greater than or equal to the max_widen_bitwidth threshold of 0 |
| m_axi_B1mem  | bias1    | ../hls_files/conv_pool.cpp:160:15 | read      | Fail         |          | CONV1_COL        | ../hls_files/conv_pool.cpp:157:20 | 214-229    | Could not analyze pattern                                                                               |
| m_axi_B1mem  | bias1    | ../hls_files/conv_pool.cpp:160:15 | read      | Inferred     | 8        | CONV1_FIL        | ../hls_files/conv_pool.cpp:158:24 |            |                                                                                                         |
| m_axi_B2mem  | bias2    | ../hls_files/conv_pool.cpp:208:15 | read      | Widen Fail   |          | CONV2_FIL        | ../hls_files/conv_pool.cpp:206:24 | 214-353    | Could not widen since type float size is greater than or equal to the max_widen_bitwidth threshold of 0 |
| m_axi_B2mem  | bias2    | ../hls_files/conv_pool.cpp:208:15 | read      | Fail         |          | CONV2_COL        | ../hls_files/conv_pool.cpp:205:20 | 214-229    | Could not analyze pattern                                                                               |
| m_axi_B2mem  | bias2    | ../hls_files/conv_pool.cpp:208:15 | read      | Inferred     | 16       | CONV2_FIL        | ../hls_files/conv_pool.cpp:206:24 |            |                                                                                                         |
| m_axi_B3mem  | FC1_B    | ../hls_files/conv_pool.cpp:269:15 | read      | Widen Fail   |          | FC1_OUT          | ../hls_files/conv_pool.cpp:267:14 | 214-353    | Could not widen since type float size is greater than or equal to the max_widen_bitwidth threshold of 0 |
| m_axi_B3mem  | FC1_B    | ../hls_files/conv_pool.cpp:269:15 | read      | Inferred     | 32       | FC1_OUT          | ../hls_files/conv_pool.cpp:267:14 |            |                                                                                                         |
| m_axi_IMGmem | img_in   | ../hls_files/conv_pool.cpp:144:38 | read      | Widen Fail   |          | LOAD_IMG_CH      | ../hls_files/conv_pool.cpp:141:26 | 214-353    | Could not widen since type float size is greater than or equal to the max_widen_bitwidth threshold of 0 |
| m_axi_IMGmem | img_in   | ../hls_files/conv_pool.cpp:144:38 | read      | Inferred     | 230400   | LOAD_IMG_ROWS    | ../hls_files/conv_pool.cpp:139:20 |            |                                                                                                         |
| m_axi_W1mem  | weights1 | ../hls_files/conv_pool.cpp:166:61 | read      | Widen Fail   |          | CONV1_FIL        | ../hls_files/conv_pool.cpp:158:24 | 214-353    | Could not widen since type float size is greater than or equal to the max_widen_bitwidth threshold of 0 |
| m_axi_W1mem  | weights1 | ../hls_files/conv_pool.cpp:166:61 | read      | Fail         |          | CONV1_COL        | ../hls_files/conv_pool.cpp:157:20 | 214-229    | Could not analyze pattern                                                                               |
| m_axi_W1mem  | weights1 | ../hls_files/conv_pool.cpp:166:61 | read      | Inferred     | 216      | CONV1_FIL        | ../hls_files/conv_pool.cpp:158:24 |            |                                                                                                         |
| m_axi_W2mem  | weights2 | ../hls_files/conv_pool.cpp:214:59 | read      | Widen Fail   |          | CONV2_FIL        | ../hls_files/conv_pool.cpp:206:24 | 214-353    | Could not widen since type float size is greater than or equal to the max_widen_bitwidth threshold of 0 |
| m_axi_W2mem  | weights2 | ../hls_files/conv_pool.cpp:214:59 | read      | Fail         |          | CONV2_COL        | ../hls_files/conv_pool.cpp:205:20 | 214-229    | Could not analyze pattern                                                                               |
| m_axi_W2mem  | weights2 | ../hls_files/conv_pool.cpp:214:59 | read      | Inferred     | 1152     | CONV2_FIL        | ../hls_files/conv_pool.cpp:206:24 |            |                                                                                                         |
| m_axi_W3mem  | FC1_W    | ../hls_files/conv_pool.cpp:272:19 | read      | Widen Fail   |          | VITIS_LOOP_270_1 | ../hls_files/conv_pool.cpp:270:27 | 214-353    | Could not widen since type float size is greater than or equal to the max_widen_bitwidth threshold of 0 |
| m_axi_W3mem  | FC1_W    | ../hls_files/conv_pool.cpp:272:19 | read      | Inferred     | variable | FC1_OUT          | ../hls_files/conv_pool.cpp:267:14 |            |                                                                                                         |
| m_axi_W4mem  | FC2_W    | ../hls_files/conv_pool.cpp:288:20 | read      | Widen Fail   |          | FC2_LOOP         | ../hls_files/conv_pool.cpp:286:15 | 214-353    | Could not widen since type float size is greater than or equal to the max_widen_bitwidth threshold of 0 |
| m_axi_W4mem  | FC2_W    | ../hls_files/conv_pool.cpp:288:20 | read      | Inferred     | 32       | FC2_LOOP         | ../hls_files/conv_pool.cpp:286:15 |            |                                                                                                         |
+--------------+----------+-----------------------------------+-----------+--------------+----------+------------------+-----------------------------------+------------+---------------------------------------------------------------------------------------------------------+

    * Resolution URL: docs.xilinx.com/access/sources/dita/topic?Doc_Version=2025.1%20English&url=ug1448-hls-guidance&resourceid=XXX-YYY.html (replace XXX-YYY with column value)

================================================================
== Bind Op Report
================================================================
+---------------------------------------------+-----+--------+---------------------------+-----------+--------------------------+---------+
| Name                                        | DSP | Pragma | Variable                  | Op        | Impl                     | Latency |
+---------------------------------------------+-----+--------+---------------------------+-----------+--------------------------+---------+
| + cnn_accel                                 | 66  |        |                           |           |                          |         |
|  + load_img                                 | 0   |        |                           |           |                          |         |
|    add_ln139_fu_286_p2                      |     |        | add_ln139                 | add       | fabric                   | 0       |
|    select_ln139_fu_292_p3                   |     |        | select_ln139              | select    | auto_sel                 | 0       |
|    xor_ln139_fu_262_p2                      |     |        | xor_ln139                 | xor       | auto                     | 0       |
|    and_ln139_fu_268_p2                      |     |        | and_ln139                 | and       | auto                     | 0       |
|    i_fu_300_p3                              |     |        | i                         | select    | auto_sel                 | 0       |
|    add_ln140_fu_308_p2                      |     |        | add_ln140                 | add       | fabric                   | 0       |
|    empty_65_fu_314_p2                       |     |        | empty_65                  | or        | auto                     | 0       |
|    c_mid2_fu_319_p3                         |     |        | c_mid2                    | select    | auto_sel                 | 0       |
|    j_fu_327_p3                              |     |        | j                         | select    | auto_sel                 | 0       |
|    add_ln139_1_fu_251_p2                    |     |        | add_ln139_1               | add       | fabric                   | 0       |
|    c_fu_350_p2                              |     |        | c                         | add       | fabric                   | 0       |
|    add_ln140_1_fu_356_p2                    |     |        | add_ln140_1               | add       | fabric                   | 0       |
|    select_ln140_1_fu_362_p3                 |     |        | select_ln140_1            | select    | auto_sel                 | 0       |
|    icmp_ln141_fu_370_p2                     |     |        | icmp_ln141                | seteq     | auto                     | 0       |
|    icmp_ln140_fu_376_p2                     |     |        | icmp_ln140                | seteq     | auto                     | 0       |
|    icmp_ln139_fu_242_p2                     |     |        | icmp_ln139                | seteq     | auto                     | 0       |
|  + conv1                                    | 6   |        |                           |           |                          |         |
|    select_ln156_fu_763_p3                   |     |        | select_ln156              | select    | auto_sel                 | 0       |
|    indvars_iv_next140_i_mid1_fu_771_p2      |     |        | indvars_iv_next140_i_mid1 | add       | fabric                   | 0       |
|    select_ln156_1_fu_777_p3                 |     |        | select_ln156_1            | select    | auto_sel                 | 0       |
|    select_ln156_2_fu_785_p3                 |     |        | select_ln156_2            | select    | auto_sel                 | 0       |
|    xor_ln156_fu_793_p2                      |     |        | xor_ln156                 | xor       | auto                     | 0       |
|    and_ln156_fu_799_p2                      |     |        | and_ln156                 | and       | auto                     | 0       |
|    i_fu_805_p3                              |     |        | i                         | select    | auto_sel                 | 0       |
|    indvars_iv_next136_i_dup_fu_813_p2       |     |        | indvars_iv_next136_i_dup  | add       | fabric                   | 0       |
|    empty_88_fu_819_p2                       |     |        | empty_88                  | or        | auto                     | 0       |
|    m_mid2_fu_825_p3                         |     |        | m_mid2                    | select    | auto_sel                 | 0       |
|    indvars_iv_next136_i_mid1_fu_833_p2      |     |        | indvars_iv_next136_i_mid1 | add       | fabric                   | 0       |
|    indvars_iv_next136_i_mid2_fu_839_p3      |     |        | indvars_iv_next136_i_mid2 | select    | auto_sel                 | 0       |
|    j_fu_847_p3                              |     |        | j                         | select    | auto_sel                 | 0       |
|    first_iter_0_fu_855_p2                   |     |        | first_iter_0              | seteq     | auto                     | 0       |
|    empty_89_fu_965_p2                       |     |        | empty_89                  | add       | fabric                   | 0       |
|    empty_90_fu_1065_p2                      |     |        | empty_90                  | add       | fabric                   | 0       |
|    empty_91_fu_1150_p2                      |     |        | empty_91                  | add       | fabric                   | 0       |
|    empty_92_fu_1244_p2                      |     |        | empty_92                  | add       | fabric                   | 0       |
|    mac_muladd_9ns_8ns_9ns_17_4_1_U8         | 1   |        | mul_ln171                 | mul       | dsp_slice                | 3       |
|    mac_muladd_9ns_8ns_9ns_17_4_1_U8         | 1   |        | add_ln171                 | add       | dsp_slice                | 3       |
|    empty_93_fu_974_p2                       |     |        | empty_93                  | add       | fabric                   | 0       |
|    empty_94_fu_1071_p2                      |     |        | empty_94                  | add       | fabric                   | 0       |
|    empty_95_fu_1262_p2                      |     |        | empty_95                  | add       | fabric                   | 0       |
|    empty_96_fu_1010_p2                      |     |        | empty_96                  | add       | fabric                   | 0       |
|    empty_97_fu_1155_p2                      |     |        | empty_97                  | add       | fabric                   | 0       |
|    empty_98_fu_1281_p2                      |     |        | empty_98                  | add       | fabric                   | 0       |
|    empty_99_fu_1102_p2                      |     |        | empty_99                  | add       | fabric                   | 0       |
|    empty_100_fu_1111_p2                     |     |        | empty_100                 | add       | fabric                   | 0       |
|    empty_101_fu_1185_p2                     |     |        | empty_101                 | add       | fabric                   | 0       |
|    empty_102_fu_1300_p2                     |     |        | empty_102                 | add       | fabric                   | 0       |
|    add_ln156_fu_1628_p2                     |     |        | add_ln156                 | add       | fabric                   | 0       |
|    fmul_32ns_32ns_32_4_max_dsp_1_U6         | 3   |        | mul_i                     | fmul      | maxdsp                   | 3       |
|    fadd_32ns_32ns_32_5_full_dsp_1_U5        | 2   |        | acc_75                    | fadd      | fulldsp                  | 4       |
|    fmul_32ns_32ns_32_4_max_dsp_1_U6         | 3   |        | mul35_i                   | fmul      | maxdsp                   | 3       |
|    fadd_32ns_32ns_32_5_full_dsp_1_U5        | 2   |        | acc_76                    | fadd      | fulldsp                  | 4       |
|    fmul_32ns_32ns_32_4_max_dsp_1_U6         | 3   |        | mul35_11_i                | fmul      | maxdsp                   | 3       |
|    fadd_32ns_32ns_32_5_full_dsp_1_U5        | 2   |        | acc_77                    | fadd      | fulldsp                  | 4       |
|    fmul_32ns_32ns_32_4_max_dsp_1_U6         | 3   |        | mul35_12_i                | fmul      | maxdsp                   | 3       |
|    fadd_32ns_32ns_32_5_full_dsp_1_U5        | 2   |        | acc_78                    | fadd      | fulldsp                  | 4       |
|    fmul_32ns_32ns_32_4_max_dsp_1_U6         | 3   |        | mul35_159_1_i             | fmul      | maxdsp                   | 3       |
|    fadd_32ns_32ns_32_5_full_dsp_1_U5        | 2   |        | acc_79                    | fadd      | fulldsp                  | 4       |
|    fmul_32ns_32ns_32_4_max_dsp_1_U6         | 3   |        | mul35_159_2_i             | fmul      | maxdsp                   | 3       |
|    fadd_32ns_32ns_32_5_full_dsp_1_U5        | 2   |        | acc_80                    | fadd      | fulldsp                  | 4       |
|    fmul_32ns_32ns_32_4_max_dsp_1_U6         | 3   |        | mul35_13_i                | fmul      | maxdsp                   | 3       |
|    fadd_32ns_32ns_32_5_full_dsp_1_U5        | 2   |        | acc_81                    | fadd      | fulldsp                  | 4       |
|    fmul_32ns_32ns_32_4_max_dsp_1_U6         | 3   |        | mul35_269_1_i             | fmul      | maxdsp                   | 3       |
|    fadd_32ns_32ns_32_5_full_dsp_1_U5        | 2   |        | acc_82                    | fadd      | fulldsp                  | 4       |
|    fmul_32ns_32ns_32_4_max_dsp_1_U6         | 3   |        | mul35_269_2_i             | fmul      | maxdsp                   | 3       |
|    fadd_32ns_32ns_32_5_full_dsp_1_U5        | 2   |        | acc_83                    | fadd      | fulldsp                  | 4       |
|    fmul_32ns_32ns_32_4_max_dsp_1_U6         | 3   |        | mul35_1_i                 | fmul      | maxdsp                   | 3       |
|    fadd_32ns_32ns_32_5_full_dsp_1_U5        | 2   |        | acc_84                    | fadd      | fulldsp                  | 4       |
|    fmul_32ns_32ns_32_4_max_dsp_1_U6         | 3   |        | mul35_1_i_86              | fmul      | maxdsp                   | 3       |
|    fadd_32ns_32ns_32_5_full_dsp_1_U5        | 2   |        | acc_85                    | fadd      | fulldsp                  | 4       |
|    fmul_32ns_32ns_32_4_max_dsp_1_U6         | 3   |        | mul35_1_9_i               | fmul      | maxdsp                   | 3       |
|    fadd_32ns_32ns_32_5_full_dsp_1_U5        | 2   |        | acc_86                    | fadd      | fulldsp                  | 4       |
|    fmul_32ns_32ns_32_4_max_dsp_1_U6         | 3   |        | mul35_1_1_i               | fmul      | maxdsp                   | 3       |
|    fadd_32ns_32ns_32_5_full_dsp_1_U5        | 2   |        | acc_87                    | fadd      | fulldsp                  | 4       |
|    fmul_32ns_32ns_32_4_max_dsp_1_U6         | 3   |        | mul35_1_1_1_i             | fmul      | maxdsp                   | 3       |
|    fadd_32ns_32ns_32_5_full_dsp_1_U5        | 2   |        | acc_88                    | fadd      | fulldsp                  | 4       |
|    fmul_32ns_32ns_32_4_max_dsp_1_U6         | 3   |        | mul35_1_1_2_i             | fmul      | maxdsp                   | 3       |
|    fadd_32ns_32ns_32_5_full_dsp_1_U5        | 2   |        | acc_89                    | fadd      | fulldsp                  | 4       |
|    fmul_32ns_32ns_32_4_max_dsp_1_U6         | 3   |        | mul35_1_2_i               | fmul      | maxdsp                   | 3       |
|    fadd_32ns_32ns_32_5_full_dsp_1_U5        | 2   |        | acc_90                    | fadd      | fulldsp                  | 4       |
|    fmul_32ns_32ns_32_4_max_dsp_1_U6         | 3   |        | mul35_1_2_1_i             | fmul      | maxdsp                   | 3       |
|    fadd_32ns_32ns_32_5_full_dsp_1_U5        | 2   |        | acc_91                    | fadd      | fulldsp                  | 4       |
|    fmul_32ns_32ns_32_4_max_dsp_1_U6         | 3   |        | mul35_1_2_2_i             | fmul      | maxdsp                   | 3       |
|    fadd_32ns_32ns_32_5_full_dsp_1_U5        | 2   |        | acc_92                    | fadd      | fulldsp                  | 4       |
|    fmul_32ns_32ns_32_4_max_dsp_1_U6         | 3   |        | mul35_2_i                 | fmul      | maxdsp                   | 3       |
|    fadd_32ns_32ns_32_5_full_dsp_1_U5        | 2   |        | acc_93                    | fadd      | fulldsp                  | 4       |
|    fmul_32ns_32ns_32_4_max_dsp_1_U6         | 3   |        | mul35_2_i_87              | fmul      | maxdsp                   | 3       |
|    fadd_32ns_32ns_32_5_full_dsp_1_U5        | 2   |        | acc_94                    | fadd      | fulldsp                  | 4       |
|    fmul_32ns_32ns_32_4_max_dsp_1_U6         | 3   |        | mul35_2_9_i               | fmul      | maxdsp                   | 3       |
|    fadd_32ns_32ns_32_5_full_dsp_1_U5        | 2   |        | acc_95                    | fadd      | fulldsp                  | 4       |
|    fmul_32ns_32ns_32_4_max_dsp_1_U6         | 3   |        | mul35_2_1_i               | fmul      | maxdsp                   | 3       |
|    fadd_32ns_32ns_32_5_full_dsp_1_U5        | 2   |        | acc_96                    | fadd      | fulldsp                  | 4       |
|    fmul_32ns_32ns_32_4_max_dsp_1_U6         | 3   |        | mul35_2_1_1_i             | fmul      | maxdsp                   | 3       |
|    fadd_32ns_32ns_32_5_full_dsp_1_U5        | 2   |        | acc_97                    | fadd      | fulldsp                  | 4       |
|    fmul_32ns_32ns_32_4_max_dsp_1_U6         | 3   |        | mul35_2_1_2_i             | fmul      | maxdsp                   | 3       |
|    fadd_32ns_32ns_32_5_full_dsp_1_U5        | 2   |        | acc_98                    | fadd      | fulldsp                  | 4       |
|    fmul_32ns_32ns_32_4_max_dsp_1_U6         | 3   |        | mul35_2_2_i               | fmul      | maxdsp                   | 3       |
|    fadd_32ns_32ns_32_5_full_dsp_1_U5        | 2   |        | acc_99                    | fadd      | fulldsp                  | 4       |
|    fmul_32ns_32ns_32_4_max_dsp_1_U6         | 3   |        | mul35_2_2_1_i             | fmul      | maxdsp                   | 3       |
|    fadd_32ns_32ns_32_5_full_dsp_1_U5        | 2   |        | acc_100                   | fadd      | fulldsp                  | 4       |
|    fmul_32ns_32ns_32_4_max_dsp_1_U6         | 3   |        | mul35_2_2_2_i             | fmul      | maxdsp                   | 3       |
|    fadd_32ns_32ns_32_5_full_dsp_1_U5        | 2   |        | acc_101                   | fadd      | fulldsp                  | 4       |
|    icmp_ln171_fu_1762_p2                    |     |        | icmp_ln171                | setne     | auto                     | 0       |
|    icmp_ln171_1_fu_1768_p2                  |     |        | icmp_ln171_1              | seteq     | auto                     | 0       |
|    or_ln171_fu_1774_p2                      |     |        | or_ln171                  | or        | auto                     | 0       |
|    fcmp_32ns_32ns_1_2_no_dsp_1_U7           |     |        | tmp_s                     | fcmp      | auto                     | 1       |
|    and_ln171_fu_1780_p2                     |     |        | and_ln171                 | and       | auto                     | 0       |
|    select_ln171_fu_1786_p3                  |     |        | select_ln171              | select    | auto_sel                 | 0       |
|    m_fu_885_p2                              |     |        | m                         | add       | fabric                   | 0       |
|    add_ln157_fu_891_p2                      |     |        | add_ln157                 | add       | fabric                   | 0       |
|    select_ln157_1_fu_897_p3                 |     |        | select_ln157_1            | select    | auto_sel                 | 0       |
|    indvars_iv_next140_i_fu_905_p2           |     |        | indvars_iv_next140_i      | add       | fabric                   | 0       |
|    indvars_iv_next136_i_fu_1030_p2          |     |        | indvars_iv_next136_i      | add       | fabric                   | 0       |
|    icmp_ln158_fu_911_p2                     |     |        | icmp_ln158                | seteq     | auto                     | 0       |
|    icmp_ln157_fu_917_p2                     |     |        | icmp_ln157                | seteq     | auto                     | 0       |
|    icmp_ln156_fu_1643_p2                    |     |        | icmp_ln156                | seteq     | auto                     | 0       |
|  + pool1                                    | 1   |        |                           |           |                          |         |
|    add_ln182_fu_454_p2                      |     |        | add_ln182                 | add       | fabric                   | 0       |
|    select_ln182_fu_460_p3                   |     |        | select_ln182              | select    | auto_sel                 | 0       |
|    xor_ln182_fu_436_p2                      |     |        | xor_ln182                 | xor       | auto                     | 0       |
|    and_ln182_fu_442_p2                      |     |        | and_ln182                 | and       | auto                     | 0       |
|    i_fu_468_p3                              |     |        | i                         | select    | auto_sel                 | 0       |
|    add_ln183_fu_476_p2                      |     |        | add_ln183                 | add       | fabric                   | 0       |
|    empty_fu_516_p2                          |     |        | empty                     | or        | auto                     | 0       |
|    m_mid2_fu_521_p3                         |     |        | m_mid2                    | select    | auto_sel                 | 0       |
|    j_fu_482_p3                              |     |        | j                         | select    | auto_sel                 | 0       |
|    mac_muladd_8ns_7ns_8ns_15_4_1_U28        | 1   |        | mul_ln192                 | mul       | dsp_slice                | 3       |
|    mul_8ns_10ns_17_1_1_U26                  |     |        | mul_ln186                 | mul       | auto                     | 0       |
|    mul_8ns_10ns_17_1_1_U27                  |     |        | mul_ln187                 | mul       | auto                     | 0       |
|    mac_muladd_8ns_7ns_8ns_15_4_1_U28        | 1   |        | add_ln192                 | add       | dsp_slice                | 3       |
|    add_ln186_fu_557_p2                      |     |        | add_ln186                 | add       | fabric                   | 0       |
|    add_ln187_fu_562_p2                      |     |        | add_ln187                 | add       | fabric                   | 0       |
|    add_ln188_fu_579_p2                      |     |        | add_ln188                 | add       | fabric                   | 0       |
|    add_ln189_fu_584_p2                      |     |        | add_ln189                 | add       | fabric                   | 0       |
|    sparsemux_9_2_32_1_1_U24                 |     |        | m0                        | sparsemux | compactencoding_dontcare | 0       |
|    sparsemux_9_2_32_1_1_U24                 |     |        | m1                        | sparsemux | compactencoding_dontcare | 0       |
|    sparsemux_9_2_32_1_1_U25                 |     |        | m2                        | sparsemux | compactencoding_dontcare | 0       |
|    sparsemux_9_2_32_1_1_U25                 |     |        | m3                        | sparsemux | compactencoding_dontcare | 0       |
|    icmp_ln190_fu_775_p2                     |     |        | icmp_ln190                | setne     | auto                     | 0       |
|    icmp_ln190_1_fu_781_p2                   |     |        | icmp_ln190_1              | seteq     | auto                     | 0       |
|    or_ln190_fu_787_p2                       |     |        | or_ln190                  | or        | auto                     | 0       |
|    icmp_ln190_2_fu_793_p2                   |     |        | icmp_ln190_2              | setne     | auto                     | 0       |
|    icmp_ln190_3_fu_799_p2                   |     |        | icmp_ln190_3              | seteq     | auto                     | 0       |
|    or_ln190_1_fu_805_p2                     |     |        | or_ln190_1                | or        | auto                     | 0       |
|    and_ln190_fu_811_p2                      |     |        | and_ln190                 | and       | auto                     | 0       |
|    fcmp_32ns_32ns_1_2_no_dsp_1_U23          |     |        | tmp_s                     | fcmp      | auto                     | 1       |
|    and_ln190_1_fu_817_p2                    |     |        | and_ln190_1               | and       | auto                     | 0       |
|    mx_fu_823_p3                             |     |        | mx                        | select    | auto_sel                 | 0       |
|    icmp_ln191_fu_863_p2                     |     |        | icmp_ln191                | setne     | auto                     | 0       |
|    icmp_ln191_1_fu_869_p2                   |     |        | icmp_ln191_1              | seteq     | auto                     | 0       |
|    or_ln191_fu_875_p2                       |     |        | or_ln191                  | or        | auto                     | 0       |
|    icmp_ln191_2_fu_881_p2                   |     |        | icmp_ln191_2              | setne     | auto                     | 0       |
|    icmp_ln191_3_fu_887_p2                   |     |        | icmp_ln191_3              | seteq     | auto                     | 0       |
|    or_ln191_1_fu_893_p2                     |     |        | or_ln191_1                | or        | auto                     | 0       |
|    and_ln191_fu_899_p2                      |     |        | and_ln191                 | and       | auto                     | 0       |
|    fcmp_32ns_32ns_1_2_no_dsp_1_U23          |     |        | tmp_3                     | fcmp      | auto                     | 1       |
|    and_ln191_1_fu_905_p2                    |     |        | and_ln191_1               | and       | auto                     | 0       |
|    my_fu_911_p3                             |     |        | my                        | select    | auto_sel                 | 0       |
|    icmp_ln192_fu_957_p2                     |     |        | icmp_ln192                | setne     | auto                     | 0       |
|    icmp_ln192_1_fu_963_p2                   |     |        | icmp_ln192_1              | seteq     | auto                     | 0       |
|    or_ln192_fu_969_p2                       |     |        | or_ln192                  | or        | auto                     | 0       |
|    icmp_ln192_2_fu_975_p2                   |     |        | icmp_ln192_2              | setne     | auto                     | 0       |
|    icmp_ln192_3_fu_981_p2                   |     |        | icmp_ln192_3              | seteq     | auto                     | 0       |
|    or_ln192_1_fu_987_p2                     |     |        | or_ln192_1                | or        | auto                     | 0       |
|    and_ln192_fu_993_p2                      |     |        | and_ln192                 | and       | auto                     | 0       |
|    fcmp_32ns_32ns_1_2_no_dsp_1_U23          |     |        | tmp_6                     | fcmp      | auto                     | 1       |
|    and_ln192_1_fu_999_p2                    |     |        | and_ln192_1               | and       | auto                     | 0       |
|    select_ln192_fu_1005_p3                  |     |        | select_ln192              | select    | auto_sel                 | 0       |
|    add_ln182_1_fu_636_p2                    |     |        | add_ln182_1               | add       | fabric                   | 0       |
|    m_fu_652_p2                              |     |        | m                         | add       | fabric                   | 0       |
|    add_ln183_1_fu_658_p2                    |     |        | add_ln183_1               | add       | fabric                   | 0       |
|    select_ln183_1_fu_664_p3                 |     |        | select_ln183_1            | select    | auto_sel                 | 0       |
|    icmp_ln184_fu_672_p2                     |     |        | icmp_ln184                | seteq     | auto                     | 0       |
|    icmp_ln183_fu_678_p2                     |     |        | icmp_ln183                | seteq     | auto                     | 0       |
|    icmp_ln182_fu_684_p2                     |     |        | icmp_ln182                | seteq     | auto                     | 0       |
|  + conv2                                    | 6   |        |                           |           |                          |         |
|    select_ln204_fu_1325_p3                  |     |        | select_ln204              | select    | auto_sel                 | 0       |
|    indvars_iv_next215_i_mid1_fu_1333_p2     |     |        | indvars_iv_next215_i_mid1 | add       | fabric                   | 0       |
|    select_ln204_1_fu_1339_p3                |     |        | select_ln204_1            | select    | auto_sel                 | 0       |
|    select_ln204_2_fu_1347_p3                |     |        | select_ln204_2            | select    | auto_sel                 | 0       |
|    xor_ln204_fu_1355_p2                     |     |        | xor_ln204                 | xor       | auto                     | 0       |
|    and_ln204_fu_1361_p2                     |     |        | and_ln204                 | and       | auto                     | 0       |
|    i_fu_1367_p3                             |     |        | i                         | select    | auto_sel                 | 0       |
|    indvars_iv_next211_i_dup_fu_1375_p2      |     |        | indvars_iv_next211_i_dup  | add       | fabric                   | 0       |
|    empty_70_fu_1381_p2                      |     |        | empty_70                  | or        | auto                     | 0       |
|    m_mid2_fu_1387_p3                        |     |        | m_mid2                    | select    | auto_sel                 | 0       |
|    indvars_iv_next211_i_mid1_fu_1395_p2     |     |        | indvars_iv_next211_i_mid1 | add       | fabric                   | 0       |
|    indvars_iv_next211_i_mid2_fu_1401_p3     |     |        | indvars_iv_next211_i_mid2 | select    | auto_sel                 | 0       |
|    j_fu_1409_p3                             |     |        | j                         | select    | auto_sel                 | 0       |
|    first_iter_0_fu_1417_p2                  |     |        | first_iter_0              | seteq     | auto                     | 0       |
|    mul_7ns_9ns_15_1_1_U43                   |     |        | empty_71                  | mul       | auto                     | 0       |
|    mul_7ns_9ns_15_1_1_U44                   |     |        | empty_72                  | mul       | auto                     | 0       |
|    empty_73_fu_1568_p2                      |     |        | empty_73                  | add       | fabric                   | 0       |
|    mul_7ns_9ns_15_1_1_U45                   |     |        | empty_74                  | mul       | auto                     | 0       |
|    empty_75_fu_1521_p2                      |     |        | empty_75                  | add       | fabric                   | 0       |
|    empty_76_fu_1759_p2                      |     |        | empty_76                  | add       | fabric                   | 0       |
|    empty_77_fu_1835_p2                      |     |        | empty_77                  | add       | fabric                   | 0       |
|    mac_muladd_8ns_7ns_8ns_15_4_1_U46        | 1   |        | mul_ln218                 | mul       | dsp_slice                | 3       |
|    mac_muladd_8ns_7ns_8ns_15_4_1_U46        | 1   |        | add_ln218                 | add       | dsp_slice                | 3       |
|    empty_78_fu_1586_p2                      |     |        | empty_78                  | add       | fabric                   | 0       |
|    empty_79_fu_1839_p2                      |     |        | empty_79                  | add       | fabric                   | 0       |
|    empty_80_fu_1875_p2                      |     |        | empty_80                  | add       | fabric                   | 0       |
|    empty_81_fu_1673_p2                      |     |        | empty_81                  | add       | fabric                   | 0       |
|    empty_82_fu_1682_p2                      |     |        | empty_82                  | add       | fabric                   | 0       |
|    empty_83_fu_1879_p2                      |     |        | empty_83                  | add       | fabric                   | 0       |
|    empty_84_fu_1883_p2                      |     |        | empty_84                  | add       | fabric                   | 0       |
|    add_ln204_fu_2803_p2                     |     |        | add_ln204                 | add       | fabric                   | 0       |
|    fmul_32ns_32ns_32_4_max_dsp_1_U41        | 3   |        | mul_i                     | fmul      | maxdsp                   | 3       |
|    fadd_32ns_32ns_32_5_full_dsp_1_U40       | 2   |        | acc_3                     | fadd      | fulldsp                  | 4       |
|    fmul_32ns_32ns_32_4_max_dsp_1_U41        | 3   |        | mul35_i                   | fmul      | maxdsp                   | 3       |
|    fadd_32ns_32ns_32_5_full_dsp_1_U40       | 2   |        | acc_4                     | fadd      | fulldsp                  | 4       |
|    fmul_32ns_32ns_32_4_max_dsp_1_U41        | 3   |        | mul35_8_i                 | fmul      | maxdsp                   | 3       |
|    fadd_32ns_32ns_32_5_full_dsp_1_U40       | 2   |        | acc_5                     | fadd      | fulldsp                  | 4       |
|    fmul_32ns_32ns_32_4_max_dsp_1_U41        | 3   |        | mul35_3_i                 | fmul      | maxdsp                   | 3       |
|    fadd_32ns_32ns_32_5_full_dsp_1_U40       | 2   |        | acc_6                     | fadd      | fulldsp                  | 4       |
|    fmul_32ns_32ns_32_4_max_dsp_1_U41        | 3   |        | mul35_4_i                 | fmul      | maxdsp                   | 3       |
|    fadd_32ns_32ns_32_5_full_dsp_1_U40       | 2   |        | acc_7                     | fadd      | fulldsp                  | 4       |
|    fmul_32ns_32ns_32_4_max_dsp_1_U41        | 3   |        | mul35_5_i                 | fmul      | maxdsp                   | 3       |
|    fadd_32ns_32ns_32_5_full_dsp_1_U40       | 2   |        | acc_8                     | fadd      | fulldsp                  | 4       |
|    fmul_32ns_32ns_32_4_max_dsp_1_U41        | 3   |        | mul35_6_i                 | fmul      | maxdsp                   | 3       |
|    fadd_32ns_32ns_32_5_full_dsp_1_U40       | 2   |        | acc_9                     | fadd      | fulldsp                  | 4       |
|    fmul_32ns_32ns_32_4_max_dsp_1_U41        | 3   |        | mul35_7_i                 | fmul      | maxdsp                   | 3       |
|    fadd_32ns_32ns_32_5_full_dsp_1_U40       | 2   |        | acc_10                    | fadd      | fulldsp                  | 4       |
|    fmul_32ns_32ns_32_4_max_dsp_1_U41        | 3   |        | mul35_9_i                 | fmul      | maxdsp                   | 3       |
|    fadd_32ns_32ns_32_5_full_dsp_1_U40       | 2   |        | acc_11                    | fadd      | fulldsp                  | 4       |
|    fmul_32ns_32ns_32_4_max_dsp_1_U41        | 3   |        | mul35_159_1_i             | fmul      | maxdsp                   | 3       |
|    fadd_32ns_32ns_32_5_full_dsp_1_U40       | 2   |        | acc_12                    | fadd      | fulldsp                  | 4       |
|    fmul_32ns_32ns_32_4_max_dsp_1_U41        | 3   |        | mul35_159_2_i             | fmul      | maxdsp                   | 3       |
|    fadd_32ns_32ns_32_5_full_dsp_1_U40       | 2   |        | acc_13                    | fadd      | fulldsp                  | 4       |
|    fmul_32ns_32ns_32_4_max_dsp_1_U41        | 3   |        | mul35_159_3_i             | fmul      | maxdsp                   | 3       |
|    fadd_32ns_32ns_32_5_full_dsp_1_U40       | 2   |        | acc_14                    | fadd      | fulldsp                  | 4       |
|    fmul_32ns_32ns_32_4_max_dsp_1_U41        | 3   |        | mul35_159_4_i             | fmul      | maxdsp                   | 3       |
|    fadd_32ns_32ns_32_5_full_dsp_1_U40       | 2   |        | acc_15                    | fadd      | fulldsp                  | 4       |
|    fmul_32ns_32ns_32_4_max_dsp_1_U41        | 3   |        | mul35_159_5_i             | fmul      | maxdsp                   | 3       |
|    fadd_32ns_32ns_32_5_full_dsp_1_U40       | 2   |        | acc_16                    | fadd      | fulldsp                  | 4       |
|    fmul_32ns_32ns_32_4_max_dsp_1_U41        | 3   |        | mul35_159_6_i             | fmul      | maxdsp                   | 3       |
|    fadd_32ns_32ns_32_5_full_dsp_1_U40       | 2   |        | acc_17                    | fadd      | fulldsp                  | 4       |
|    fmul_32ns_32ns_32_4_max_dsp_1_U41        | 3   |        | mul35_159_7_i             | fmul      | maxdsp                   | 3       |
|    fadd_32ns_32ns_32_5_full_dsp_1_U40       | 2   |        | acc_18                    | fadd      | fulldsp                  | 4       |
|    fmul_32ns_32ns_32_4_max_dsp_1_U41        | 3   |        | mul35_10_i                | fmul      | maxdsp                   | 3       |
|    fadd_32ns_32ns_32_5_full_dsp_1_U40       | 2   |        | acc_19                    | fadd      | fulldsp                  | 4       |
|    fmul_32ns_32ns_32_4_max_dsp_1_U41        | 3   |        | mul35_269_1_i             | fmul      | maxdsp                   | 3       |
|    fadd_32ns_32ns_32_5_full_dsp_1_U40       | 2   |        | acc_20                    | fadd      | fulldsp                  | 4       |
|    fmul_32ns_32ns_32_4_max_dsp_1_U41        | 3   |        | mul35_269_2_i             | fmul      | maxdsp                   | 3       |
|    fadd_32ns_32ns_32_5_full_dsp_1_U40       | 2   |        | acc_21                    | fadd      | fulldsp                  | 4       |
|    fmul_32ns_32ns_32_4_max_dsp_1_U41        | 3   |        | mul35_269_3_i             | fmul      | maxdsp                   | 3       |
|    fadd_32ns_32ns_32_5_full_dsp_1_U40       | 2   |        | acc_22                    | fadd      | fulldsp                  | 4       |
|    fmul_32ns_32ns_32_4_max_dsp_1_U41        | 3   |        | mul35_269_4_i             | fmul      | maxdsp                   | 3       |
|    fadd_32ns_32ns_32_5_full_dsp_1_U40       | 2   |        | acc_23                    | fadd      | fulldsp                  | 4       |
|    fmul_32ns_32ns_32_4_max_dsp_1_U41        | 3   |        | mul35_269_5_i             | fmul      | maxdsp                   | 3       |
|    fadd_32ns_32ns_32_5_full_dsp_1_U40       | 2   |        | acc_24                    | fadd      | fulldsp                  | 4       |
|    fmul_32ns_32ns_32_4_max_dsp_1_U41        | 3   |        | mul35_269_6_i             | fmul      | maxdsp                   | 3       |
|    fadd_32ns_32ns_32_5_full_dsp_1_U40       | 2   |        | acc_25                    | fadd      | fulldsp                  | 4       |
|    fmul_32ns_32ns_32_4_max_dsp_1_U41        | 3   |        | mul35_269_7_i             | fmul      | maxdsp                   | 3       |
|    fadd_32ns_32ns_32_5_full_dsp_1_U40       | 2   |        | acc_26                    | fadd      | fulldsp                  | 4       |
|    fmul_32ns_32ns_32_4_max_dsp_1_U41        | 3   |        | mul35_1_i                 | fmul      | maxdsp                   | 3       |
|    fadd_32ns_32ns_32_5_full_dsp_1_U40       | 2   |        | acc_27                    | fadd      | fulldsp                  | 4       |
|    fmul_32ns_32ns_32_4_max_dsp_1_U41        | 3   |        | mul35_1_i_68              | fmul      | maxdsp                   | 3       |
|    fadd_32ns_32ns_32_5_full_dsp_1_U40       | 2   |        | acc_28                    | fadd      | fulldsp                  | 4       |
|    fmul_32ns_32ns_32_4_max_dsp_1_U41        | 3   |        | mul35_1_8_i               | fmul      | maxdsp                   | 3       |
|    fadd_32ns_32ns_32_5_full_dsp_1_U40       | 2   |        | acc_29                    | fadd      | fulldsp                  | 4       |
|    fmul_32ns_32ns_32_4_max_dsp_1_U41        | 3   |        | mul35_1_3_i               | fmul      | maxdsp                   | 3       |
|    fadd_32ns_32ns_32_5_full_dsp_1_U40       | 2   |        | acc_30                    | fadd      | fulldsp                  | 4       |
|    fmul_32ns_32ns_32_4_max_dsp_1_U41        | 3   |        | mul35_1_4_i               | fmul      | maxdsp                   | 3       |
|    fadd_32ns_32ns_32_5_full_dsp_1_U40       | 2   |        | acc_31                    | fadd      | fulldsp                  | 4       |
|    fmul_32ns_32ns_32_4_max_dsp_1_U41        | 3   |        | mul35_1_5_i               | fmul      | maxdsp                   | 3       |
|    fadd_32ns_32ns_32_5_full_dsp_1_U40       | 2   |        | acc_32                    | fadd      | fulldsp                  | 4       |
|    fmul_32ns_32ns_32_4_max_dsp_1_U41        | 3   |        | mul35_1_6_i               | fmul      | maxdsp                   | 3       |
|    fadd_32ns_32ns_32_5_full_dsp_1_U40       | 2   |        | acc_33                    | fadd      | fulldsp                  | 4       |
|    fmul_32ns_32ns_32_4_max_dsp_1_U41        | 3   |        | mul35_1_7_i               | fmul      | maxdsp                   | 3       |
|    fadd_32ns_32ns_32_5_full_dsp_1_U40       | 2   |        | acc_34                    | fadd      | fulldsp                  | 4       |
|    fmul_32ns_32ns_32_4_max_dsp_1_U41        | 3   |        | mul35_1_1_i               | fmul      | maxdsp                   | 3       |
|    fadd_32ns_32ns_32_5_full_dsp_1_U40       | 2   |        | acc_35                    | fadd      | fulldsp                  | 4       |
|    fmul_32ns_32ns_32_4_max_dsp_1_U41        | 3   |        | mul35_1_1_1_i             | fmul      | maxdsp                   | 3       |
|    fadd_32ns_32ns_32_5_full_dsp_1_U40       | 2   |        | acc_36                    | fadd      | fulldsp                  | 4       |
|    fmul_32ns_32ns_32_4_max_dsp_1_U41        | 3   |        | mul35_1_1_2_i             | fmul      | maxdsp                   | 3       |
|    fadd_32ns_32ns_32_5_full_dsp_1_U40       | 2   |        | acc_37                    | fadd      | fulldsp                  | 4       |
|    fmul_32ns_32ns_32_4_max_dsp_1_U41        | 3   |        | mul35_1_1_3_i             | fmul      | maxdsp                   | 3       |
|    fadd_32ns_32ns_32_5_full_dsp_1_U40       | 2   |        | acc_38                    | fadd      | fulldsp                  | 4       |
|    fmul_32ns_32ns_32_4_max_dsp_1_U41        | 3   |        | mul35_1_1_4_i             | fmul      | maxdsp                   | 3       |
|    fadd_32ns_32ns_32_5_full_dsp_1_U40       | 2   |        | acc_39                    | fadd      | fulldsp                  | 4       |
|    fmul_32ns_32ns_32_4_max_dsp_1_U41        | 3   |        | mul35_1_1_5_i             | fmul      | maxdsp                   | 3       |
|    fadd_32ns_32ns_32_5_full_dsp_1_U40       | 2   |        | acc_40                    | fadd      | fulldsp                  | 4       |
|    fmul_32ns_32ns_32_4_max_dsp_1_U41        | 3   |        | mul35_1_1_6_i             | fmul      | maxdsp                   | 3       |
|    fadd_32ns_32ns_32_5_full_dsp_1_U40       | 2   |        | acc_41                    | fadd      | fulldsp                  | 4       |
|    fmul_32ns_32ns_32_4_max_dsp_1_U41        | 3   |        | mul35_1_1_7_i             | fmul      | maxdsp                   | 3       |
|    fadd_32ns_32ns_32_5_full_dsp_1_U40       | 2   |        | acc_42                    | fadd      | fulldsp                  | 4       |
|    fmul_32ns_32ns_32_4_max_dsp_1_U41        | 3   |        | mul35_1_2_i               | fmul      | maxdsp                   | 3       |
|    fadd_32ns_32ns_32_5_full_dsp_1_U40       | 2   |        | acc_43                    | fadd      | fulldsp                  | 4       |
|    fmul_32ns_32ns_32_4_max_dsp_1_U41        | 3   |        | mul35_1_2_1_i             | fmul      | maxdsp                   | 3       |
|    fadd_32ns_32ns_32_5_full_dsp_1_U40       | 2   |        | acc_44                    | fadd      | fulldsp                  | 4       |
|    fmul_32ns_32ns_32_4_max_dsp_1_U41        | 3   |        | mul35_1_2_2_i             | fmul      | maxdsp                   | 3       |
|    fadd_32ns_32ns_32_5_full_dsp_1_U40       | 2   |        | acc_45                    | fadd      | fulldsp                  | 4       |
|    fmul_32ns_32ns_32_4_max_dsp_1_U41        | 3   |        | mul35_1_2_3_i             | fmul      | maxdsp                   | 3       |
|    fadd_32ns_32ns_32_5_full_dsp_1_U40       | 2   |        | acc_46                    | fadd      | fulldsp                  | 4       |
|    fmul_32ns_32ns_32_4_max_dsp_1_U41        | 3   |        | mul35_1_2_4_i             | fmul      | maxdsp                   | 3       |
|    fadd_32ns_32ns_32_5_full_dsp_1_U40       | 2   |        | acc_47                    | fadd      | fulldsp                  | 4       |
|    fmul_32ns_32ns_32_4_max_dsp_1_U41        | 3   |        | mul35_1_2_5_i             | fmul      | maxdsp                   | 3       |
|    fadd_32ns_32ns_32_5_full_dsp_1_U40       | 2   |        | acc_48                    | fadd      | fulldsp                  | 4       |
|    fmul_32ns_32ns_32_4_max_dsp_1_U41        | 3   |        | mul35_1_2_6_i             | fmul      | maxdsp                   | 3       |
|    fadd_32ns_32ns_32_5_full_dsp_1_U40       | 2   |        | acc_49                    | fadd      | fulldsp                  | 4       |
|    fmul_32ns_32ns_32_4_max_dsp_1_U41        | 3   |        | mul35_1_2_7_i             | fmul      | maxdsp                   | 3       |
|    fadd_32ns_32ns_32_5_full_dsp_1_U40       | 2   |        | acc_50                    | fadd      | fulldsp                  | 4       |
|    fmul_32ns_32ns_32_4_max_dsp_1_U41        | 3   |        | mul35_2_i                 | fmul      | maxdsp                   | 3       |
|    fadd_32ns_32ns_32_5_full_dsp_1_U40       | 2   |        | acc_51                    | fadd      | fulldsp                  | 4       |
|    fmul_32ns_32ns_32_4_max_dsp_1_U41        | 3   |        | mul35_2_i_69              | fmul      | maxdsp                   | 3       |
|    fadd_32ns_32ns_32_5_full_dsp_1_U40       | 2   |        | acc_52                    | fadd      | fulldsp                  | 4       |
|    fmul_32ns_32ns_32_4_max_dsp_1_U41        | 3   |        | mul35_2_8_i               | fmul      | maxdsp                   | 3       |
|    fadd_32ns_32ns_32_5_full_dsp_1_U40       | 2   |        | acc_53                    | fadd      | fulldsp                  | 4       |
|    fmul_32ns_32ns_32_4_max_dsp_1_U41        | 3   |        | mul35_2_3_i               | fmul      | maxdsp                   | 3       |
|    fadd_32ns_32ns_32_5_full_dsp_1_U40       | 2   |        | acc_54                    | fadd      | fulldsp                  | 4       |
|    fmul_32ns_32ns_32_4_max_dsp_1_U41        | 3   |        | mul35_2_4_i               | fmul      | maxdsp                   | 3       |
|    fadd_32ns_32ns_32_5_full_dsp_1_U40       | 2   |        | acc_55                    | fadd      | fulldsp                  | 4       |
|    fmul_32ns_32ns_32_4_max_dsp_1_U41        | 3   |        | mul35_2_5_i               | fmul      | maxdsp                   | 3       |
|    fadd_32ns_32ns_32_5_full_dsp_1_U40       | 2   |        | acc_56                    | fadd      | fulldsp                  | 4       |
|    fmul_32ns_32ns_32_4_max_dsp_1_U41        | 3   |        | mul35_2_6_i               | fmul      | maxdsp                   | 3       |
|    fadd_32ns_32ns_32_5_full_dsp_1_U40       | 2   |        | acc_57                    | fadd      | fulldsp                  | 4       |
|    fmul_32ns_32ns_32_4_max_dsp_1_U41        | 3   |        | mul35_2_7_i               | fmul      | maxdsp                   | 3       |
|    fadd_32ns_32ns_32_5_full_dsp_1_U40       | 2   |        | acc_58                    | fadd      | fulldsp                  | 4       |
|    fmul_32ns_32ns_32_4_max_dsp_1_U41        | 3   |        | mul35_2_1_i               | fmul      | maxdsp                   | 3       |
|    fadd_32ns_32ns_32_5_full_dsp_1_U40       | 2   |        | acc_59                    | fadd      | fulldsp                  | 4       |
|    fmul_32ns_32ns_32_4_max_dsp_1_U41        | 3   |        | mul35_2_1_1_i             | fmul      | maxdsp                   | 3       |
|    fadd_32ns_32ns_32_5_full_dsp_1_U40       | 2   |        | acc_60                    | fadd      | fulldsp                  | 4       |
|    fmul_32ns_32ns_32_4_max_dsp_1_U41        | 3   |        | mul35_2_1_2_i             | fmul      | maxdsp                   | 3       |
|    fadd_32ns_32ns_32_5_full_dsp_1_U40       | 2   |        | acc_61                    | fadd      | fulldsp                  | 4       |
|    fmul_32ns_32ns_32_4_max_dsp_1_U41        | 3   |        | mul35_2_1_3_i             | fmul      | maxdsp                   | 3       |
|    fadd_32ns_32ns_32_5_full_dsp_1_U40       | 2   |        | acc_62                    | fadd      | fulldsp                  | 4       |
|    fmul_32ns_32ns_32_4_max_dsp_1_U41        | 3   |        | mul35_2_1_4_i             | fmul      | maxdsp                   | 3       |
|    fadd_32ns_32ns_32_5_full_dsp_1_U40       | 2   |        | acc_63                    | fadd      | fulldsp                  | 4       |
|    fmul_32ns_32ns_32_4_max_dsp_1_U41        | 3   |        | mul35_2_1_5_i             | fmul      | maxdsp                   | 3       |
|    fadd_32ns_32ns_32_5_full_dsp_1_U40       | 2   |        | acc_64                    | fadd      | fulldsp                  | 4       |
|    fmul_32ns_32ns_32_4_max_dsp_1_U41        | 3   |        | mul35_2_1_6_i             | fmul      | maxdsp                   | 3       |
|    fadd_32ns_32ns_32_5_full_dsp_1_U40       | 2   |        | acc_65                    | fadd      | fulldsp                  | 4       |
|    fmul_32ns_32ns_32_4_max_dsp_1_U41        | 3   |        | mul35_2_1_7_i             | fmul      | maxdsp                   | 3       |
|    fadd_32ns_32ns_32_5_full_dsp_1_U40       | 2   |        | acc_66                    | fadd      | fulldsp                  | 4       |
|    fmul_32ns_32ns_32_4_max_dsp_1_U41        | 3   |        | mul35_2_2_i               | fmul      | maxdsp                   | 3       |
|    fadd_32ns_32ns_32_5_full_dsp_1_U40       | 2   |        | acc_67                    | fadd      | fulldsp                  | 4       |
|    fmul_32ns_32ns_32_4_max_dsp_1_U41        | 3   |        | mul35_2_2_1_i             | fmul      | maxdsp                   | 3       |
|    fadd_32ns_32ns_32_5_full_dsp_1_U40       | 2   |        | acc_68                    | fadd      | fulldsp                  | 4       |
|    fmul_32ns_32ns_32_4_max_dsp_1_U41        | 3   |        | mul35_2_2_2_i             | fmul      | maxdsp                   | 3       |
|    fadd_32ns_32ns_32_5_full_dsp_1_U40       | 2   |        | acc_69                    | fadd      | fulldsp                  | 4       |
|    fmul_32ns_32ns_32_4_max_dsp_1_U41        | 3   |        | mul35_2_2_3_i             | fmul      | maxdsp                   | 3       |
|    fadd_32ns_32ns_32_5_full_dsp_1_U40       | 2   |        | acc_70                    | fadd      | fulldsp                  | 4       |
|    fmul_32ns_32ns_32_4_max_dsp_1_U41        | 3   |        | mul35_2_2_4_i             | fmul      | maxdsp                   | 3       |
|    fadd_32ns_32ns_32_5_full_dsp_1_U40       | 2   |        | acc_71                    | fadd      | fulldsp                  | 4       |
|    fmul_32ns_32ns_32_4_max_dsp_1_U41        | 3   |        | mul35_2_2_5_i             | fmul      | maxdsp                   | 3       |
|    fadd_32ns_32ns_32_5_full_dsp_1_U40       | 2   |        | acc_72                    | fadd      | fulldsp                  | 4       |
|    fmul_32ns_32ns_32_4_max_dsp_1_U41        | 3   |        | mul35_2_2_6_i             | fmul      | maxdsp                   | 3       |
|    fadd_32ns_32ns_32_5_full_dsp_1_U40       | 2   |        | acc_73                    | fadd      | fulldsp                  | 4       |
|    fmul_32ns_32ns_32_4_max_dsp_1_U41        | 3   |        | mul35_2_2_7_i             | fmul      | maxdsp                   | 3       |
|    fadd_32ns_32ns_32_5_full_dsp_1_U40       | 2   |        | acc_74                    | fadd      | fulldsp                  | 4       |
|    icmp_ln218_fu_2937_p2                    |     |        | icmp_ln218                | setne     | auto                     | 0       |
|    icmp_ln218_1_fu_2943_p2                  |     |        | icmp_ln218_1              | seteq     | auto                     | 0       |
|    or_ln218_fu_2949_p2                      |     |        | or_ln218                  | or        | auto                     | 0       |
|    fcmp_32ns_32ns_1_2_no_dsp_1_U42          |     |        | tmp_s                     | fcmp      | auto                     | 1       |
|    and_ln218_fu_2955_p2                     |     |        | and_ln218                 | and       | auto                     | 0       |
|    select_ln218_fu_2961_p3                  |     |        | select_ln218              | select    | auto_sel                 | 0       |
|    m_fu_1457_p2                             |     |        | m                         | add       | fabric                   | 0       |
|    add_ln205_fu_1463_p2                     |     |        | add_ln205                 | add       | fabric                   | 0       |
|    select_ln205_1_fu_1469_p3                |     |        | select_ln205_1            | select    | auto_sel                 | 0       |
|    indvars_iv_next215_i_fu_1663_p2          |     |        | indvars_iv_next215_i      | add       | fabric                   | 0       |
|    indvars_iv_next211_i_fu_1558_p2          |     |        | indvars_iv_next211_i      | add       | fabric                   | 0       |
|    icmp_ln206_fu_1477_p2                    |     |        | icmp_ln206                | seteq     | auto                     | 0       |
|    icmp_ln205_fu_1483_p2                    |     |        | icmp_ln205                | seteq     | auto                     | 0       |
|    icmp_ln204_fu_2818_p2                    |     |        | icmp_ln204                | seteq     | auto                     | 0       |
|  + pool2                                    | 1   |        |                           |           |                          |         |
|    add_ln229_fu_396_p2                      |     |        | add_ln229                 | add       | fabric                   | 0       |
|    select_ln229_fu_402_p3                   |     |        | select_ln229              | select    | auto_sel                 | 0       |
|    xor_ln229_fu_410_p2                      |     |        | xor_ln229                 | xor       | auto                     | 0       |
|    and_ln229_fu_416_p2                      |     |        | and_ln229                 | and       | auto                     | 0       |
|    i_fu_422_p3                              |     |        | i                         | select    | auto_sel                 | 0       |
|    add_ln230_fu_454_p2                      |     |        | add_ln230                 | add       | fabric                   | 0       |
|    empty_fu_459_p2                          |     |        | empty                     | or        | auto                     | 0       |
|    m_mid2_fu_464_p3                         |     |        | m_mid2                    | select    | auto_sel                 | 0       |
|    j_fu_472_p3                              |     |        | j                         | select    | auto_sel                 | 0       |
|    mac_muladd_7ns_6ns_7ns_13_4_1_U67        | 1   |        | mul_ln239                 | mul       | dsp_slice                | 3       |
|    mul_7ns_9ns_15_1_1_U61                   |     |        | mul_ln233                 | mul       | auto                     | 0       |
|    mul_7ns_9ns_15_1_1_U62                   |     |        | mul_ln234                 | mul       | auto                     | 0       |
|    mac_muladd_7ns_6ns_7ns_13_4_1_U67        | 1   |        | add_ln239                 | add       | dsp_slice                | 3       |
|    add_ln233_fu_507_p2                      |     |        | add_ln233                 | add       | fabric                   | 0       |
|    add_ln234_fu_512_p2                      |     |        | add_ln234                 | add       | fabric                   | 0       |
|    add_ln235_fu_530_p2                      |     |        | add_ln235                 | add       | fabric                   | 0       |
|    add_ln236_fu_535_p2                      |     |        | add_ln236                 | add       | fabric                   | 0       |
|    sparsemux_9_2_32_1_1_U63                 |     |        | m0                        | sparsemux | compactencoding_dontcare | 0       |
|    sparsemux_9_2_32_1_1_U65                 |     |        | m1                        | sparsemux | compactencoding_dontcare | 0       |
|    sparsemux_9_2_32_1_1_U64                 |     |        | m2                        | sparsemux | compactencoding_dontcare | 0       |
|    sparsemux_9_2_32_1_1_U66                 |     |        | m3                        | sparsemux | compactencoding_dontcare | 0       |
|    icmp_ln237_fu_822_p2                     |     |        | icmp_ln237                | setne     | auto                     | 0       |
|    icmp_ln237_1_fu_828_p2                   |     |        | icmp_ln237_1              | seteq     | auto                     | 0       |
|    or_ln237_fu_834_p2                       |     |        | or_ln237                  | or        | auto                     | 0       |
|    icmp_ln237_2_fu_840_p2                   |     |        | icmp_ln237_2              | setne     | auto                     | 0       |
|    icmp_ln237_3_fu_846_p2                   |     |        | icmp_ln237_3              | seteq     | auto                     | 0       |
|    or_ln237_1_fu_852_p2                     |     |        | or_ln237_1                | or        | auto                     | 0       |
|    and_ln237_fu_858_p2                      |     |        | and_ln237                 | and       | auto                     | 0       |
|    fcmp_32ns_32ns_1_2_no_dsp_1_U60          |     |        | tmp_2                     | fcmp      | auto                     | 1       |
|    and_ln237_1_fu_864_p2                    |     |        | and_ln237_1               | and       | auto                     | 0       |
|    mx_fu_870_p3                             |     |        | mx                        | select    | auto_sel                 | 0       |
|    icmp_ln238_fu_910_p2                     |     |        | icmp_ln238                | setne     | auto                     | 0       |
|    icmp_ln238_1_fu_916_p2                   |     |        | icmp_ln238_1              | seteq     | auto                     | 0       |
|    or_ln238_fu_922_p2                       |     |        | or_ln238                  | or        | auto                     | 0       |
|    icmp_ln238_2_fu_928_p2                   |     |        | icmp_ln238_2              | setne     | auto                     | 0       |
|    icmp_ln238_3_fu_934_p2                   |     |        | icmp_ln238_3              | seteq     | auto                     | 0       |
|    or_ln238_1_fu_940_p2                     |     |        | or_ln238_1                | or        | auto                     | 0       |
|    and_ln238_fu_946_p2                      |     |        | and_ln238                 | and       | auto                     | 0       |
|    fcmp_32ns_32ns_1_2_no_dsp_1_U60          |     |        | tmp_5                     | fcmp      | auto                     | 1       |
|    and_ln238_1_fu_952_p2                    |     |        | and_ln238_1               | and       | auto                     | 0       |
|    my_fu_958_p3                             |     |        | my                        | select    | auto_sel                 | 0       |
|    icmp_ln239_fu_1004_p2                    |     |        | icmp_ln239                | setne     | auto                     | 0       |
|    icmp_ln239_1_fu_1010_p2                  |     |        | icmp_ln239_1              | seteq     | auto                     | 0       |
|    or_ln239_fu_1016_p2                      |     |        | or_ln239                  | or        | auto                     | 0       |
|    icmp_ln239_2_fu_1022_p2                  |     |        | icmp_ln239_2              | setne     | auto                     | 0       |
|    icmp_ln239_3_fu_1028_p2                  |     |        | icmp_ln239_3              | seteq     | auto                     | 0       |
|    or_ln239_1_fu_1034_p2                    |     |        | or_ln239_1                | or        | auto                     | 0       |
|    and_ln239_fu_1040_p2                     |     |        | and_ln239                 | and       | auto                     | 0       |
|    fcmp_32ns_32ns_1_2_no_dsp_1_U60          |     |        | tmp_8                     | fcmp      | auto                     | 1       |
|    and_ln239_1_fu_1046_p2                   |     |        | and_ln239_1               | and       | auto                     | 0       |
|    select_ln239_fu_1052_p3                  |     |        | select_ln239              | select    | auto_sel                 | 0       |
|    add_ln229_1_fu_725_p2                    |     |        | add_ln229_1               | add       | fabric                   | 0       |
|    m_fu_597_p2                              |     |        | m                         | add       | fabric                   | 0       |
|    add_ln230_1_fu_603_p2                    |     |        | add_ln230_1               | add       | fabric                   | 0       |
|    select_ln230_1_fu_609_p3                 |     |        | select_ln230_1            | select    | auto_sel                 | 0       |
|    icmp_ln231_fu_617_p2                     |     |        | icmp_ln231                | seteq     | auto                     | 0       |
|    icmp_ln230_fu_623_p2                     |     |        | icmp_ln230                | seteq     | auto                     | 0       |
|    icmp_ln229_fu_731_p2                     |     |        | icmp_ln229                | seteq     | auto                     | 0       |
|  + flatten                                  | 1   |        |                           |           |                          |         |
|    add_ln251_fu_254_p2                      |     |        | add_ln251                 | add       | fabric                   | 0       |
|    select_ln251_fu_447_p3                   |     |        | select_ln251              | select    | auto_sel                 | 0       |
|    select_ln251_1_fu_298_p3                 |     |        | select_ln251_1            | select    | auto_sel                 | 0       |
|    select_ln251_2_fu_455_p3                 |     |        | select_ln251_2            | select    | auto_sel                 | 0       |
|    xor_ln251_fu_277_p2                      |     |        | xor_ln251                 | xor       | auto                     | 0       |
|    and_ln251_fu_283_p2                      |     |        | and_ln251                 | and       | auto                     | 0       |
|    select_ln251_3_fu_463_p3                 |     |        | select_ln251_3            | select    | auto_sel                 | 0       |
|    i_fu_260_p3                              |     |        | i                         | select    | auto_sel                 | 0       |
|    add_ln252_fu_306_p2                      |     |        | add_ln252                 | add       | fabric                   | 0       |
|    empty_fu_373_p2                          |     |        | empty                     | or        | auto                     | 0       |
|    m_mid2_fu_378_p3                         |     |        | m_mid2                    | select    | auto_sel                 | 0       |
|    indvars_iv_i_mid2_fu_471_p3              |     |        | indvars_iv_i_mid2         | select    | auto_sel                 | 0       |
|    select_ln252_fu_478_p3                   |     |        | select_ln252              | select    | auto_sel                 | 0       |
|    j_fu_312_p3                              |     |        | j                         | select    | auto_sel                 | 0       |
|    mac_muladd_7ns_6ns_7ns_13_4_1_U78        | 1   |        | mul_ln255                 | mul       | dsp_slice                | 3       |
|    mac_muladd_7ns_6ns_7ns_13_4_1_U78        | 1   |        | add_ln255_1               | add       | dsp_slice                | 3       |
|    sparsemux_9_2_32_1_1_U77                 |     |        | tmp_i                     | sparsemux | compactencoding_dontcare | 0       |
|    add_ln255_fu_514_p2                      |     |        | add_ln255                 | add       | fabric                   | 0       |
|    m_fu_415_p2                              |     |        | m                         | add       | fabric                   | 0       |
|    add_ln253_fu_520_p2                      |     |        | add_ln253                 | add       | fabric                   | 0       |
|    add_ln251_1_fu_526_p2                    |     |        | add_ln251_1               | add       | fabric                   | 0       |
|    add_ln252_1_fu_323_p2                    |     |        | add_ln252_1               | add       | fabric                   | 0       |
|    select_ln252_2_fu_329_p3                 |     |        | select_ln252_2            | select    | auto_sel                 | 0       |
|    add_ln251_2_fu_337_p2                    |     |        | add_ln251_2               | add       | fabric                   | 0       |
|    icmp_ln253_fu_421_p2                     |     |        | icmp_ln253                | seteq     | auto                     | 0       |
|    icmp_ln252_fu_343_p2                     |     |        | icmp_ln252                | seteq     | auto                     | 0       |
|    icmp_ln251_fu_349_p2                     |     |        | icmp_ln251                | seteq     | auto                     | 0       |
|  + fc1                                      | 39  |        |                           |           |                          |         |
|    icmp_ln267_fu_247_p2                     |     |        | icmp_ln267                | seteq     | auto                     | 0       |
|    add_ln267_fu_253_p2                      |     |        | add_ln267                 | add       | fabric                   | 0       |
|    icmp_ln270_fu_264_p2                     |     |        | icmp_ln270                | seteq     | auto                     | 0       |
|    add_ln270_fu_270_p2                      |     |        | add_ln270                 | add       | fabric                   | 0       |
|    fmul_32ns_32ns_32_4_max_dsp_1_U115       | 3   |        | mul9_i_i                  | fmul      | maxdsp                   | 3       |
|    faddfsub_32ns_32ns_32_5_full_dsp_1_U114  | 2   |        | acc_2                     | fadd      | fulldsp                  | 4       |
|   + generic_tanh_float_s                    | 34  |        |                           |           |                          |         |
|     icmp_ln36_fu_183_p2                     |     |        | icmp_ln36                 | seteq     | auto                     | 0       |
|     icmp_ln45_fu_189_p2                     |     |        | icmp_ln45                 | setlt     | auto                     | 0       |
|     icmp_ln46_fu_195_p2                     |     |        | icmp_ln46                 | seteq     | auto                     | 0       |
|     icmp_ln46_1_fu_201_p2                   |     |        | icmp_ln46_1               | seteq     | auto                     | 0       |
|     and_ln46_fu_207_p2                      |     |        | and_ln46                  | and       | auto                     | 0       |
|     icmp_ln51_fu_223_p2                     |     |        | icmp_ln51                 | setne     | auto                     | 0       |
|     or_ln51_fu_235_p2                       |     |        | or_ln51                   | or        | auto                     | 0       |
|     fcmp_32ns_32ns_1_2_no_dsp_1_U106        |     |        | tmp_7                     | fcmp      | auto                     | 1       |
|     and_ln51_fu_239_p2                      |     |        | and_ln51                  | and       | auto                     | 0       |
|     icmp_ln54_fu_245_p2                     |     |        | icmp_ln54                 | setlt     | auto                     | 0       |
|     faddfsub_32ns_32ns_32_5_full_dsp_1_U101 | 2   |        | x_1                       | fadd      | fulldsp                  | 4       |
|     x_3_fu_262_p3                           |     |        | x_3                       | select    | auto_sel                 | 0       |
|     icmp_ln9_fu_280_p2                      |     |        | icmp_ln9                  | seteq     | auto                     | 0       |
|     icmp_ln10_fu_286_p2                     |     |        | icmp_ln10                 | setlt     | auto                     | 0       |
|     fpext_32ns_64_2_no_dsp_1_U105           |     |        | xd                        | fpext     | auto                     | 1       |
|     dadd_64ns_64ns_64_5_full_dsp_1_U107     | 3   |        | sub_i                     | dadd      | fulldsp                  | 4       |
|     fptrunc_64ns_32_2_no_dsp_1_U104         |     |        | conv6_i                   | fptrunc   | auto                     | 1       |
|     fdiv_32ns_32ns_32_12_no_dsp_1_U103      |     |        | div                       | fdiv      | fabric                   | 11      |
|     faddfsub_32ns_32ns_32_5_full_dsp_1_U101 | 2   |        | resultf_2                 | fadd      | fulldsp                  | 4       |
|     xor_ln66_fu_304_p2                      |     |        | xor_ln66                  | xor       | auto                     | 0       |
|     fdiv_32ns_32ns_32_12_no_dsp_1_U103      |     |        | resultf_1                 | fdiv      | fabric                   | 11      |
|     icmp_ln38_fu_229_p2                     |     |        | icmp_ln38                 | setne     | auto                     | 0       |
|     select_ln38_fu_325_p3                   |     |        | select_ln38               | select    | auto_sel                 | 0       |
|     xor_ln83_fu_345_p2                      |     |        | xor_ln83                  | xor       | auto                     | 0       |
|     ap_return                               |     |        | select_ln79               | select    | auto_sel                 | 0       |
|    + exp_generic_double_s                   | 29  |        |                           |           |                          |         |
|      icmp_ln18_fu_304_p2                    |     |        | icmp_ln18                 | seteq     | auto                     | 0       |
|      icmp_ln18_1_fu_310_p2                  |     |        | icmp_ln18_1               | setne     | auto                     | 0       |
|      x_is_NaN_fu_316_p2                     |     |        | x_is_NaN                  | and       | auto                     | 0       |
|      icmp_ln18_2_fu_322_p2                  |     |        | icmp_ln18_2               | seteq     | auto                     | 0       |
|      x_is_inf_fu_328_p2                     |     |        | x_is_inf                  | and       | auto                     | 0       |
|      xor_ln182_fu_925_p2                    |     |        | xor_ln182                 | xor       | auto                     | 0       |
|      x_is_pinf_fu_930_p2                    |     |        | x_is_pinf                 | and       | auto                     | 0       |
|      or_ln185_fu_935_p2                     |     |        | or_ln185                  | or        | auto                     | 0       |
|      select_ln185_fu_940_p3                 |     |        | select_ln185              | select    | auto_sel                 | 0       |
|      or_ln185_1_fu_947_p2                   |     |        | or_ln185_1                | or        | auto                     | 0       |
|      retval_1_fu_1071_p2                    |     |        | select_ln185_1            | select    | auto_sel                 | 0       |
|      m_exp_fu_338_p2                        |     |        | m_exp                     | add       | fabric                   | 0       |
|      e_frac_1_fu_356_p2                     |     |        | e_frac_1                  | sub       | fabric                   | 0       |
|      e_frac_2_fu_362_p3                     |     |        | e_frac_2                  | select    | auto_sel                 | 0       |
|      sub_ln229_fu_378_p2                    |     |        | sub_ln229                 | sub       | fabric                   | 0       |
|      select_ln229_fu_388_p3                 |     |        | select_ln229              | select    | auto_sel                 | 0       |
|      ashr_ln229_fu_428_p2                   |     |        | ashr_ln229                | ashr      | auto_pipe                | 0       |
|      shl_ln229_fu_434_p2                    |     |        | shl_ln229                 | shl       | auto_pipe                | 0       |
|      m_fix_fu_440_p3                        |     |        | m_fix                     | select    | auto_sel                 | 0       |
|      shl_ln230_fu_486_p2                    |     |        | shl_ln230                 | shl       | auto_pipe                | 0       |
|      ashr_ln230_fu_491_p2                   |     |        | ashr_ln230                | ashr      | auto_pipe                | 0       |
|      mac_muladd_16s_15ns_19s_31_4_0_U89     | 1   |        | mul_ln243                 | mul       | dsp_slice                | 3       |
|      mac_muladd_16s_15ns_19s_31_4_0_U89     | 1   |        | add_ln243                 | add       | dsp_slice                | 3       |
|      icmp_ln243_fu_546_p2                   |     |        | icmp_ln243                | setne     | auto                     | 0       |
|      add_ln243_1_fu_552_p2                  |     |        | add_ln243_1               | add       | fabric                   | 0       |
|      select_ln243_fu_558_p3                 |     |        | select_ln243              | select    | auto_sel                 | 0       |
|      r_exp_fu_566_p3                        |     |        | r_exp                     | select    | auto_sel                 | 0       |
|      mul_13s_71s_71_5_0_U84                 | 4   |        | mul_ln249                 | mul       | auto                     | 4       |
|      sub_ln255_fu_595_p2                    |     |        | sub_ln255                 | sub       | fabric                   | 0       |
|      exp_Z4_m_1_fu_671_p2                   |     |        | exp_Z4_m_1                | add       | fabric                   | 0       |
|      mul_43ns_36ns_79_2_0_U85               | 6   |        | mul_ln123                 | mul       | auto                     | 1       |
|      mul_49ns_44ns_93_2_0_U86               | 9   |        | mul_ln142                 | mul       | auto                     | 1       |
|      add_ln297_fu_830_p2                    |     |        | add_ln297                 | add       | fabric                   | 0       |
|      mul_50ns_50ns_99_2_0_U87               | 9   |        | mul_ln297                 | mul       | auto                     | 1       |
|      add_ln297_1_fu_845_p2                  |     |        | add_ln297_1               | add       | fabric                   | 0       |
|      r_exp_1_fu_859_p2                      |     |        | r_exp_1                   | add       | fabric                   | 0       |
|      r_exp_2_fu_864_p3                      |     |        | r_exp_2                   | select    | auto_sel                 | 0       |
|      icmp_ln309_fu_396_p2                   |     |        | icmp_ln309                | setgt     | auto                     | 0       |
|      icmp_ln309_1_fu_881_p2                 |     |        | icmp_ln309_1              | setgt     | auto                     | 0       |
|      select_ln230_fu_496_p3                 |     |        | select_ln230              | select    | auto_sel                 | 0       |
|      icmp_ln309_2_fu_511_p2                 |     |        | icmp_ln309_2              | setne     | auto                     | 0       |
|      or_ln309_fu_959_p2                     |     |        | or_ln309                  | or        | auto                     | 0       |
|      retval_1_fu_1071_p4                    |     |        | select_ln310              | select    | auto_sel                 | 0       |
|      icmp_ln326_fu_887_p2                   |     |        | icmp_ln326                | setlt     | auto                     | 0       |
|      out_exp_fu_970_p2                      |     |        | out_exp                   | add       | fabric                   | 0       |
|      select_ln303_fu_917_p3                 |     |        | select_ln303              | select    | auto_sel                 | 0       |
|      and_ln309_fu_990_p2                    |     |        | and_ln309                 | and       | auto                     | 0       |
|      xor_ln309_fu_995_p2                    |     |        | xor_ln309                 | xor       | auto                     | 0       |
|      and_ln309_1_fu_1000_p2                 |     |        | and_ln309_1               | and       | auto                     | 0       |
|      or_ln309_1_fu_1005_p2                  |     |        | or_ln309_1                | or        | auto                     | 0       |
|      xor_ln185_fu_1011_p2                   |     |        | xor_ln185                 | xor       | auto                     | 0       |
|      and_ln309_2_fu_1017_p2                 |     |        | and_ln309_2               | and       | auto                     | 0       |
|      xor_ln309_1_fu_1023_p2                 |     |        | xor_ln309_1               | xor       | auto                     | 0       |
|      and_ln309_3_fu_1029_p2                 |     |        | and_ln309_3               | and       | auto                     | 0       |
|      or_ln309_2_fu_1034_p2                  |     |        | or_ln309_2                | or        | auto                     | 0       |
|      xor_ln309_2_fu_1038_p2                 |     |        | xor_ln309_2               | xor       | auto                     | 0       |
|      or_ln309_3_fu_1044_p2                  |     |        | or_ln309_3                | or        | auto                     | 0       |
|      and_ln309_4_fu_1050_p2                 |     |        | and_ln309_4               | and       | auto                     | 0       |
|      and_ln309_5_fu_1056_p2                 |     |        | and_ln309_5               | and       | auto                     | 0       |
|      sparsemux_9_3_64_1_0_U88               |     |        | retval_1                  | sparsemux | onehotencoding_realdef   | 0       |
|  + fc2                                      | 12  |        |                           |           |                          |         |
|    xor_ln290_fu_241_p2                      |     |        | xor_ln290                 | xor       | auto                     | 0       |
|    fexp_32ns_32ns_32_8_full_dsp_1_U133      | 7   |        | tmp_i                     | fexp      | fulldsp                  | 7       |
|    fadd_32ns_32ns_32_5_full_dsp_1_U130      | 2   |        | add4_i_i                  | fadd      | fulldsp                  | 4       |
|    fdiv_32ns_32ns_32_12_no_dsp_1_U131       |     |        | prob                      | fdiv      | fabric                   | 11      |
|    icmp_ln291_fu_279_p2                     |     |        | icmp_ln291                | setne     | auto                     | 0       |
|    icmp_ln291_1_fu_285_p2                   |     |        | icmp_ln291_1              | seteq     | auto                     | 0       |
|    or_ln291_fu_291_p2                       |     |        | or_ln291                  | or        | auto                     | 0       |
|    fcmp_32ns_32ns_1_2_no_dsp_1_U132         |     |        | tmp_s                     | fcmp      | auto                     | 1       |
|    flag_fu_295_p2                           |     |        | flag                      | and       | auto                     | 0       |
|   + fc2_Pipeline_FC2_LOOP                   | 3   |        |                           |           |                          |         |
|     fmul_32ns_32ns_32_4_max_dsp_1_U124      | 3   |        | mul_i_i                   | fmul      | maxdsp                   | 3       |
|     i_fu_142_p2                             |     |        | i                         | add       | fabric                   | 0       |
|     icmp_ln286_fu_148_p2                    |     |        | icmp_ln286                | seteq     | auto                     | 0       |
+---------------------------------------------+-----+--------+---------------------------+-----------+--------------------------+---------+


================================================================
== Storage Report
================================================================
+--------------------------------------------------------------------+----------------+-----------+-------+------+--------+-------------------------------------------------------------+------+---------+------------------+
| Name                                                               | Usage          | Type      | BRAM  | URAM | Pragma | Variable                                                    | Impl | Latency | Bitwidth, Depth, |
|                                                                    |                |           |       |      |        |                                                             |      |         | Banks            |
+--------------------------------------------------------------------+----------------+-----------+-------+------+--------+-------------------------------------------------------------+------+---------+------------------+
| + cnn_accel                                                        |                |           | 10265 | 0    |        |                                                             |      |         |                  |
|   control_s_axi_U                                                  | interface      | s_axilite |       |      |        |                                                             |      |         |                  |
|   B1mem_m_axi_U                                                    | interface      | m_axi     | 2     |      |        |                                                             |      |         |                  |
|   B2mem_m_axi_U                                                    | interface      | m_axi     | 2     |      |        |                                                             |      |         |                  |
|   B3mem_m_axi_U                                                    | interface      | m_axi     | 2     |      |        |                                                             |      |         |                  |
|   B4mem_m_axi_U                                                    | interface      | m_axi     | 2     |      |        |                                                             |      |         |                  |
|   Foutmem_m_axi_U                                                  | interface      | m_axi     |       |      |        |                                                             |      |         |                  |
|   IMGmem_m_axi_U                                                   | interface      | m_axi     | 2     |      |        |                                                             |      |         |                  |
|   W1mem_m_axi_U                                                    | interface      | m_axi     | 2     |      |        |                                                             |      |         |                  |
|   W2mem_m_axi_U                                                    | interface      | m_axi     | 2     |      |        |                                                             |      |         |                  |
|   W3mem_m_axi_U                                                    | interface      | m_axi     | 2     |      |        |                                                             |      |         |                  |
|   W4mem_m_axi_U                                                    | interface      | m_axi     | 2     |      |        |                                                             |      |         |                  |
|   local_img_U                                                      | ram_2p channel | pipo      | 1024  |      |        | local_img                                                   | auto | 1       | 32, 153600, 2    |
|   local_img_1_U                                                    | ram_2p channel | pipo      | 1024  |      |        | local_img_1                                                 | auto | 1       | 32, 153600, 2    |
|   feat1_U                                                          | ram_2p channel | pipo      | 1024  |      |        | feat1                                                       | auto | 1       | 32, 151368, 2    |
|   feat1_2_U                                                        | ram_2p channel | pipo      | 1024  |      |        | feat1_2                                                     | auto | 1       | 32, 151368, 2    |
|   feat1_3_U                                                        | ram_2p channel | pipo      | 1024  |      |        | feat1_3                                                     | auto | 1       | 32, 151368, 2    |
|   feat1_4_U                                                        | ram_2p channel | pipo      | 1024  |      |        | feat1_4                                                     | auto | 1       | 32, 151368, 2    |
|   feat1_p_U                                                        | ram_2p channel | pipo      | 256   |      |        | feat1_p                                                     | auto | 1       | 32, 37842, 2     |
|   feat1_p_5_U                                                      | ram_2p channel | pipo      | 256   |      |        | feat1_p_5                                                   | auto | 1       | 32, 37842, 2     |
|   feat1_p_6_U                                                      | ram_2p channel | pipo      | 256   |      |        | feat1_p_6                                                   | auto | 1       | 32, 37842, 2     |
|   feat1_p_7_U                                                      | ram_2p channel | pipo      | 256   |      |        | feat1_p_7                                                   | auto | 1       | 32, 37842, 2     |
|   feat2_U                                                          | ram_2p channel | pipo      | 512   |      |        | feat2                                                       | auto | 1       | 32, 73476, 2     |
|   feat2_10_U                                                       | ram_2p channel | pipo      | 512   |      |        | feat2_10                                                    | auto | 1       | 32, 73476, 2     |
|   feat2_8_U                                                        | ram_2p channel | pipo      | 512   |      |        | feat2_8                                                     | auto | 1       | 32, 73476, 2     |
|   feat2_9_U                                                        | ram_2p channel | pipo      | 512   |      |        | feat2_9                                                     | auto | 1       | 32, 73476, 2     |
|   feat2_p_U                                                        | ram_1p channel | pipo      | 128   |      |        | feat2_p                                                     | auto | 1       | 32, 18096, 2     |
|   feat2_p_11_U                                                     | ram_1p channel | pipo      | 128   |      |        | feat2_p_11                                                  | auto | 1       | 32, 18096, 2     |
|   feat2_p_12_U                                                     | ram_1p channel | pipo      | 128   |      |        | feat2_p_12                                                  | auto | 1       | 32, 18096, 2     |
|   feat2_p_13_U                                                     | ram_1p channel | pipo      | 128   |      |        | feat2_p_13                                                  | auto | 1       | 32, 18096, 2     |
|   vec1_U                                                           | ram_1p channel | pipo      | 512   |      |        | vec1                                                        | auto | 1       | 32, 72384, 2     |
|   vec2_U                                                           | ram_1p channel | pipo      | 1     |      |        | vec2                                                        | auto | 1       | 32, 32, 2        |
|  + fc1                                                             |                |           | 5     | 0    |        |                                                             |      |         |                  |
|   + generic_tanh_float_s                                           |                |           | 5     | 0    |        |                                                             |      |         |                  |
|    + exp_generic_double_s                                          |                |           | 5     | 0    |        |                                                             |      |         |                  |
|      table_exp_Z1_ap_ufixed_58_1_ap_q_mode_5_ap_o_mode_3_0_array_U | rom_1p         |           | 2     |      |        | table_exp_Z1_ap_ufixed_58_1_ap_q_mode_5_ap_o_mode_3_0_array | auto | 1       | 58, 256, 1       |
|      table_f_Z3_ap_ufixed_59_0_ap_q_mode_5_ap_o_mode_3_0_array_U   | rom_2p         |           | 1     |      |        | table_f_Z3_ap_ufixed_59_0_ap_q_mode_5_ap_o_mode_3_0_array   | auto | 1       | 26, 256, 1       |
|      table_f_Z2_ap_ufixed_59_0_ap_q_mode_5_ap_o_mode_3_0_array_U   | rom_1p         |           | 2     |      |        | table_f_Z2_ap_ufixed_59_0_ap_q_mode_5_ap_o_mode_3_0_array   | auto | 1       | 42, 256, 1       |
+--------------------------------------------------------------------+----------------+-----------+-------+------+--------+-------------------------------------------------------------+------+---------+------------------+


================================================================
== Pragma Report
================================================================
* Valid Pragma Syntax
+-----------------+----------------------------------------------------------------------------------------------------------------+--------------------------------------------------------+
| Type            | Options                                                                                                        | Location                                               |
+-----------------+----------------------------------------------------------------------------------------------------------------+--------------------------------------------------------+
| INTERFACE       | m_axi port=img_in offset=slave bundle=IMGmem depth=240*320*3                                                   | ../hls_files/conv_pool.cpp:67 in cnn_accel, img_in     |
| INTERFACE       | m_axi port=weights1 offset=slave bundle=W1mem depth=8*3*3*3                                                    | ../hls_files/conv_pool.cpp:68 in cnn_accel, weights1   |
| INTERFACE       | m_axi port=bias1 offset=slave bundle=B1mem depth=8                                                             | ../hls_files/conv_pool.cpp:69 in cnn_accel, bias1      |
| INTERFACE       | m_axi port=weights2 offset=slave bundle=W2mem depth=16*8*3*3                                                   | ../hls_files/conv_pool.cpp:70 in cnn_accel, weights2   |
| INTERFACE       | m_axi port=bias2 offset=slave bundle=B2mem depth=16                                                            | ../hls_files/conv_pool.cpp:71 in cnn_accel, bias2      |
| INTERFACE       | m_axi port=FC1_W offset=slave bundle=W3mem depth=32*(16*((((240 -3 +1)/2)-3 +1)/2)*((((320 -3 +1)/2)-3 +1)/2)) | ../hls_files/conv_pool.cpp:72 in cnn_accel, FC1_W      |
| INTERFACE       | m_axi port=FC1_B offset=slave bundle=B3mem depth=32                                                            | ../hls_files/conv_pool.cpp:73 in cnn_accel, FC1_B      |
| INTERFACE       | m_axi port=FC2_W offset=slave bundle=W4mem depth=32                                                            | ../hls_files/conv_pool.cpp:74 in cnn_accel, FC2_W      |
| INTERFACE       | m_axi port=FC2_B offset=slave bundle=B4mem depth=1                                                             | ../hls_files/conv_pool.cpp:75 in cnn_accel, FC2_B      |
| INTERFACE       | m_axi port=flag_out offset=slave bundle=Foutmem depth=1                                                        | ../hls_files/conv_pool.cpp:76 in cnn_accel, flag_out   |
| INTERFACE       | s_axilite port=img_in bundle=control                                                                           | ../hls_files/conv_pool.cpp:78 in cnn_accel, img_in     |
| INTERFACE       | s_axilite port=weights1 bundle=control                                                                         | ../hls_files/conv_pool.cpp:79 in cnn_accel, weights1   |
| INTERFACE       | s_axilite port=bias1 bundle=control                                                                            | ../hls_files/conv_pool.cpp:80 in cnn_accel, bias1      |
| INTERFACE       | s_axilite port=weights2 bundle=control                                                                         | ../hls_files/conv_pool.cpp:81 in cnn_accel, weights2   |
| INTERFACE       | s_axilite port=bias2 bundle=control                                                                            | ../hls_files/conv_pool.cpp:82 in cnn_accel, bias2      |
| INTERFACE       | s_axilite port=FC1_W bundle=control                                                                            | ../hls_files/conv_pool.cpp:83 in cnn_accel, FC1_W      |
| INTERFACE       | s_axilite port=FC1_B bundle=control                                                                            | ../hls_files/conv_pool.cpp:84 in cnn_accel, FC1_B      |
| INTERFACE       | s_axilite port=FC2_W bundle=control                                                                            | ../hls_files/conv_pool.cpp:85 in cnn_accel, FC2_W      |
| INTERFACE       | s_axilite port=FC2_B bundle=control                                                                            | ../hls_files/conv_pool.cpp:86 in cnn_accel, FC2_B      |
| INTERFACE       | s_axilite port=flag_out bundle=control                                                                         | ../hls_files/conv_pool.cpp:87 in cnn_accel, flag_out   |
| INTERFACE       | s_axilite port=ctrl bundle=control                                                                             | ../hls_files/conv_pool.cpp:88 in cnn_accel, ctrl       |
| INTERFACE       | s_axilite port=return bundle=control                                                                           | ../hls_files/conv_pool.cpp:89 in cnn_accel, return     |
| ARRAY_PARTITION | variable=local_img block factor=2 dim=3                                                                        | ../hls_files/conv_pool.cpp:102 in cnn_accel, local_img |
| ARRAY_PARTITION | variable=feat1 block factor=4 dim=3                                                                            | ../hls_files/conv_pool.cpp:103 in cnn_accel, feat1     |
| ARRAY_PARTITION | variable=feat1_p block factor=4 dim=3                                                                          | ../hls_files/conv_pool.cpp:104 in cnn_accel, feat1_p   |
| ARRAY_PARTITION | variable=feat2 block factor=4 dim=3                                                                            | ../hls_files/conv_pool.cpp:105 in cnn_accel, feat2     |
| ARRAY_PARTITION | variable=feat2_p block factor=4 dim=3                                                                          | ../hls_files/conv_pool.cpp:106 in cnn_accel, feat2_p   |
| DATAFLOW        |                                                                                                                | ../hls_files/conv_pool.cpp:108 in cnn_accel            |
| PIPELINE        | ii=3                                                                                                           | ../hls_files/conv_pool.cpp:142 in load_img             |
| PIPELINE        | ii=3                                                                                                           | ../hls_files/conv_pool.cpp:159 in conv1                |
| UNROLL          | factor=2                                                                                                       | ../hls_files/conv_pool.cpp:164 in conv1                |
| PIPELINE        | ii=3                                                                                                           | ../hls_files/conv_pool.cpp:185 in pool1                |
| PIPELINE        | ii=3                                                                                                           | ../hls_files/conv_pool.cpp:207 in conv2                |
| UNROLL          | factor=2                                                                                                       | ../hls_files/conv_pool.cpp:212 in conv2                |
| PIPELINE        | ii=3                                                                                                           | ../hls_files/conv_pool.cpp:232 in pool2                |
| PIPELINE        | ii=3                                                                                                           | ../hls_files/conv_pool.cpp:254 in flatten              |
| PIPELINE        | ii=3                                                                                                           | ../hls_files/conv_pool.cpp:268 in fc1                  |
| UNROLL          | factor=2                                                                                                       | ../hls_files/conv_pool.cpp:271 in fc1                  |
| PIPELINE        | ii=3                                                                                                           | ../hls_files/conv_pool.cpp:287 in fc2                  |
+-----------------+----------------------------------------------------------------------------------------------------------------+--------------------------------------------------------+


