instrumenter::INFOR: [Instrumenter - Initialization] Checking for the existence of the required environment variables
instrumenter::INFOR: [Instrumenter - Initialization] Loading the supported wrappers for standard library functions
instrumenter::INFOR: [Instrumenter - Initialization] Adding static information
instrumenter::VERBO: [Instrumenter - IRBuilder] Instruction has no debug information, defaulting to function/basic block info
instrumenter::VERBO: [Instrumenter - IRBuilder] Instruction has no debug information, defaulting to function/basic block info
instrumenter::VERBO: [Instrumenter - IRBuilder] Instruction has no debug information, defaulting to function/basic block info
instrumenter::VERBO: [Instrumenter - IRBuilder] Instruction has no debug information, defaulting to function/basic block info
instrumenter::VERBO: [Instrumenter - IRBuilder] Instruction has no debug information, defaulting to function/basic block info
instrumenter::VERBO: [Instrumenter - IRBuilder] Instruction has no debug information, defaulting to function/basic block info
instrumenter::VERBO: [Instrumenter - IRBuilder] Instruction has no debug information, defaulting to function/basic block info
instrumenter::VERBO: [Instrumenter - IRBuilder] Instruction has no debug information, defaulting to function/basic block info
instrumenter::VERBO: [Instrumenter - IRBuilder] Instruction has no debug information, defaulting to function/basic block info
instrumenter::VERBO: [Instrumenter - IRBuilder] Instruction has no debug information, defaulting to function/basic block info
instrumenter::VERBO: [Instrumenter - IRBuilder] Instruction has no debug information, defaulting to function/basic block info
instrumenter::VERBO: [Instrumenter - IRBuilder] Instruction has no debug information, defaulting to function/basic block info
instrumenter::VERBO: [Instrumenter - IRBuilder] Instruction has no debug information, defaulting to function/basic block info
instrumenter::VERBO: [Instrumenter - IRBuilder] Instruction has no debug information, defaulting to function/basic block info
instrumenter::VERBO: [Instrumenter - IRBuilder] Instruction has no debug information, defaulting to function/basic block info
instrumenter::VERBO: [Instrumenter - IRBuilder] Instruction has no debug information, defaulting to function/basic block info
instrumenter::VERBO: [Instrumenter - IRBuilder] Instruction has no debug information, defaulting to function/basic block info
instrumenter::VERBO: [Instrumenter - IRBuilder] Instruction has no debug information, defaulting to function/basic block info
instrumenter::VERBO: [Instrumenter - IRBuilder] Instruction has no debug information, defaulting to function/basic block info
instrumenter::VERBO: [Instrumenter - IRBuilder] Instruction has no debug information, defaulting to function/basic block info
instrumenter::VERBO: [Instrumenter - IRBuilder] Instruction has no debug information, defaulting to function/basic block info
instrumenter::VERBO: [Instrumenter - IRBuilder] Instruction has no debug information, defaulting to function/basic block info
instrumenter::VERBO: [Instrumenter - IRBuilder] Instruction has no debug information, defaulting to function/basic block info
instrumenter::VERBO: [Instrumenter - IRBuilder] Instruction has no debug information, defaulting to function/basic block info
instrumenter::VERBO: [Instrumenter - IRBuilder] Instruction has no debug information, defaulting to function/basic block info
instrumenter::VERBO: [Instrumenter - IRBuilder] Instruction has no debug information, defaulting to function/basic block info
instrumenter::VERBO: [Instrumenter - IRBuilder] Instruction has no debug information, defaulting to function/basic block info
instrumenter::VERBO: [Instrumenter - IRBuilder] Instruction has no debug information, defaulting to function/basic block info
instrumenter::VERBO: [Instrumenter - IRBuilder] Instruction has no debug information, defaulting to function/basic block info
instrumenter::VERBO: [Instrumenter - IRBuilder] Instruction has no debug information, defaulting to function/basic block info
instrumenter::VERBO: [Instrumenter - IRBuilder] Instruction has no debug information, defaulting to function/basic block info
instrumenter::VERBO: [Instrumenter - IRBuilder] Instruction has no debug information, defaulting to function/basic block info
instrumenter::VERBO: [Instrumenter - IRBuilder] Instruction has no debug information, defaulting to function/basic block info
instrumenter::VERBO: [Instrumenter - IRBuilder] Instruction has no debug information, defaulting to function/basic block info
instrumenter::VERBO: [Instrumenter - IRBuilder] Instruction has no debug information, defaulting to function/basic block info
instrumenter::VERBO: [Instrumenter - IRBuilder] Instruction has no debug information, defaulting to function/basic block info
instrumenter::VERBO: [Instrumenter - IRBuilder] Instruction has no debug information, defaulting to function/basic block info
instrumenter::VERBO: [Instrumenter - IRBuilder] Instruction has no debug information, defaulting to function/basic block info
instrumenter::VERBO: [Instrumenter - IRBuilder] Instruction has no debug information, defaulting to function/basic block info
instrumenter::VERBO: [Instrumenter - IRBuilder] Instruction has no debug information, defaulting to function/basic block info
instrumenter::VERBO: [Instrumenter - IRBuilder] Instruction has no debug information, defaulting to function/basic block info
instrumenter::VERBO: [Instrumenter - IRBuilder] Instruction has no debug information, defaulting to function/basic block info
instrumenter::VERBO: [Instrumenter - IRBuilder] Instruction has no debug information, defaulting to function/basic block info
instrumenter::VERBO: [Instrumenter - IRBuilder] Instruction has no debug information, defaulting to function/basic block info
instrumenter::VERBO: [Instrumenter - IRBuilder] Instruction has no debug information, defaulting to function/basic block info
instrumenter::VERBO: [Instrumenter - IRBuilder] Instruction has no debug information, defaulting to function/basic block info
instrumenter::VERBO: [Instrumenter - IRBuilder] Instruction has no debug information, defaulting to function/basic block info
instrumenter::VERBO: [Instrumenter - IRBuilder] Instruction has no debug information, defaulting to function/basic block info
instrumenter::VERBO: [Instrumenter - IRBuilder] Instruction has no debug information, defaulting to function/basic block info
instrumenter::VERBO: [Instrumenter - IRBuilder] Instruction has no debug information, defaulting to function/basic block info
instrumenter::VERBO: [Instrumenter - IRBuilder] Instruction has no debug information, defaulting to function/basic block info
instrumenter::VERBO: [Instrumenter - IRBuilder] Instruction has no debug information, defaulting to function/basic block info
instrumenter::VERBO: [Instrumenter - IRBuilder] Instruction has no debug information, defaulting to function/basic block info
instrumenter::VERBO: [Instrumenter - IRBuilder] Instruction has no debug information, defaulting to function/basic block info
instrumenter::VERBO: [Instrumenter - IRBuilder] Instruction has no debug information, defaulting to function/basic block info
instrumenter::VERBO: [Instrumenter - IRBuilder] Instruction has no debug information, defaulting to function/basic block info
instrumenter::VERBO: [Instrumenter - IRBuilder] Instruction has no debug information, defaulting to function/basic block info
instrumenter::VERBO: [Instrumenter - IRBuilder] Instruction has no debug information, defaulting to function/basic block info
instrumenter::VERBO: [Instrumenter - IRBuilder] Instruction has no debug information, defaulting to function/basic block info
instrumenter::VERBO: [Instrumenter - IRBuilder] Instruction has no debug information, defaulting to function/basic block info
instrumenter::VERBO: [Instrumenter - IRBuilder] Instruction has no debug information, defaulting to function/basic block info
instrumenter::VERBO: [Instrumenter - IRBuilder] Instruction has no debug information, defaulting to function/basic block info
instrumenter::VERBO: [Instrumenter - IRBuilder] Instruction has no debug information, defaulting to function/basic block info
instrumenter::VERBO: [Instrumenter - IRBuilder] Instruction has no debug information, defaulting to function/basic block info
instrumenter::VERBO: [Instrumenter - IRBuilder] Instruction has no debug information, defaulting to function/basic block info
instrumenter::VERBO: [Instrumenter - IRBuilder] Instruction has no debug information, defaulting to function/basic block info
instrumenter::VERBO: [Instrumenter - IRBuilder] Instruction has no debug information, defaulting to function/basic block info
instrumenter::VERBO: [Instrumenter - IRBuilder] Instruction has no debug information, defaulting to function/basic block info
instrumenter::VERBO: [Instrumenter - IRBuilder] Instruction has no debug information, defaulting to function/basic block info
instrumenter::VERBO: [Instrumenter - IRBuilder] Instruction has no debug information, defaulting to function/basic block info
instrumenter::VERBO: [Instrumenter - IRBuilder] Instruction has no debug information, defaulting to function/basic block info
instrumenter::VERBO: [Instrumenter - IRBuilder] Instruction has no debug information, defaulting to function/basic block info
instrumenter::VERBO: [Instrumenter - IRBuilder] Instruction has no debug information, defaulting to function/basic block info
instrumenter::VERBO: [Instrumenter - IRBuilder] Instruction has no debug information, defaulting to function/basic block info
instrumenter::VERBO: [Instrumenter - IRBuilder] Instruction has no debug information, defaulting to function/basic block info
instrumenter::VERBO: [Instrumenter - IRBuilder] Instruction has no debug information, defaulting to function/basic block info
instrumenter::VERBO: [Instrumenter - IRBuilder] Instruction has no debug information, defaulting to function/basic block info
instrumenter::VERBO: spec:0:0: warning: [IRBuilder] Function/Basic Block for the instruction has no debug information, recompile and retry (13)
instrumenter::VERBO: [Instrumenter - IRBuilder] Instruction has no debug information, defaulting to function/basic block info
instrumenter::VERBO: spec:0:0: warning: [IRBuilder] Function/Basic Block for the instruction has no debug information, recompile and retry (13)
instrumenter::VERBO: [Instrumenter - IRBuilder] Instruction has no debug information, defaulting to function/basic block info
instrumenter::VERBO: [Instrumenter - IRBuilder] Instruction has no debug information, defaulting to function/basic block info
instrumenter::VERBO: [Instrumenter - IRBuilder] Instruction has no debug information, defaulting to function/basic block info
instrumenter::VERBO: [Instrumenter - IRBuilder] Instruction has no debug information, defaulting to function/basic block info
instrumenter::VERBO: [Instrumenter - IRBuilder] Instruction has no debug information, defaulting to function/basic block info
instrumenter::VERBO: [Instrumenter - IRBuilder] Instruction has no debug information, defaulting to function/basic block info
instrumenter::VERBO: [Instrumenter - IRBuilder] Instruction has no debug information, defaulting to function/basic block info
instrumenter::VERBO: [Instrumenter - IRBuilder] Instruction has no debug information, defaulting to function/basic block info
instrumenter::VERBO: [Instrumenter - IRBuilder] Instruction has no debug information, defaulting to function/basic block info
instrumenter::VERBO: [Instrumenter - IRBuilder] Instruction has no debug information, defaulting to function/basic block info
instrumenter::VERBO: [Instrumenter - IRBuilder] Instruction has no debug information, defaulting to function/basic block info
instrumenter::VERBO: [Instrumenter - IRBuilder] Instruction has no debug information, defaulting to function/basic block info
instrumenter::VERBO: [Instrumenter - IRBuilder] Instruction has no debug information, defaulting to function/basic block info
instrumenter::VERBO: [Instrumenter - IRBuilder] Instruction has no debug information, defaulting to function/basic block info
instrumenter::VERBO: [Instrumenter - IRBuilder] Instruction has no debug information, defaulting to function/basic block info
instrumenter::VERBO: [Instrumenter - IRBuilder] Instruction has no debug information, defaulting to function/basic block info
instrumenter::VERBO: [Instrumenter - IRBuilder] Instruction has no debug information, defaulting to function/basic block info
instrumenter::VERBO: [Instrumenter - IRBuilder] Instruction has no debug information, defaulting to function/basic block info
instrumenter::VERBO: [Instrumenter - IRBuilder] Instruction has no debug information, defaulting to function/basic block info
instrumenter::VERBO: [Instrumenter - IRBuilder] Instruction has no debug information, defaulting to function/basic block info
instrumenter::VERBO: [Instrumenter - IRBuilder] Instruction has no debug information, defaulting to function/basic block info
instrumenter::VERBO: [Instrumenter - IRBuilder] Instruction has no debug information, defaulting to function/basic block info
instrumenter::VERBO: [Instrumenter - IRBuilder] Instruction has no debug information, defaulting to function/basic block info
instrumenter::VERBO: [Instrumenter - IRBuilder] Instruction has no debug information, defaulting to function/basic block info
instrumenter::VERBO: [Instrumenter - IRBuilder] Instruction has no debug information, defaulting to function/basic block info
instrumenter::VERBO: [Instrumenter - IRBuilder] Instruction has no debug information, defaulting to function/basic block info
instrumenter::VERBO: [Instrumenter - IRBuilder] Instruction has no debug information, defaulting to function/basic block info
instrumenter::VERBO: [Instrumenter - IRBuilder] Instruction has no debug information, defaulting to function/basic block info
instrumenter::VERBO: [Instrumenter - IRBuilder] Instruction has no debug information, defaulting to function/basic block info
instrumenter::VERBO: [Instrumenter - IRBuilder] Instruction has no debug information, defaulting to function/basic block info
instrumenter::VERBO: [Instrumenter - IRBuilder] Instruction has no debug information, defaulting to function/basic block info
instrumenter::VERBO: [Instrumenter - IRBuilder] Instruction has no debug information, defaulting to function/basic block info
instrumenter::VERBO: [Instrumenter - IRBuilder] Instruction has no debug information, defaulting to function/basic block info
instrumenter::VERBO: [Instrumenter - IRBuilder] Instruction has no debug information, defaulting to function/basic block info
instrumenter::VERBO: [Instrumenter - IRBuilder] Instruction has no debug information, defaulting to function/basic block info
instrumenter::VERBO: [Instrumenter - IRBuilder] Instruction has no debug information, defaulting to function/basic block info
instrumenter::VERBO: [Instrumenter - IRBuilder] Instruction has no debug information, defaulting to function/basic block info
instrumenter::VERBO: [Instrumenter - IRBuilder] Instruction has no debug information, defaulting to function/basic block info
instrumenter::VERBO: [Instrumenter - IRBuilder] Instruction has no debug information, defaulting to function/basic block info
instrumenter::VERBO: [Instrumenter - IRBuilder] Instruction has no debug information, defaulting to function/basic block info
instrumenter::VERBO: [Instrumenter - IRBuilder] Instruction has no debug information, defaulting to function/basic block info
instrumenter::VERBO: [Instrumenter - IRBuilder] Instruction has no debug information, defaulting to function/basic block info
instrumenter::VERBO: [Instrumenter - IRBuilder] Instruction has no debug information, defaulting to function/basic block info
instrumenter::VERBO: [Instrumenter - IRBuilder] Instruction has no debug information, defaulting to function/basic block info
instrumenter::VERBO: [Instrumenter - IRBuilder] Instruction has no debug information, defaulting to function/basic block info
instrumenter::VERBO: [Instrumenter - IRBuilder] Instruction has no debug information, defaulting to function/basic block info
instrumenter::VERBO: [Instrumenter - IRBuilder] Instruction has no debug information, defaulting to function/basic block info
instrumenter::VERBO: [Instrumenter - IRBuilder] Instruction has no debug information, defaulting to function/basic block info
instrumenter::VERBO: [Instrumenter - IRBuilder] Instruction has no debug information, defaulting to function/basic block info
instrumenter::VERBO: [Instrumenter - IRBuilder] Instruction has no debug information, defaulting to function/basic block info
instrumenter::VERBO: [Instrumenter - IRBuilder] Instruction has no debug information, defaulting to function/basic block info
instrumenter::VERBO: [Instrumenter - IRBuilder] Instruction has no debug information, defaulting to function/basic block info
instrumenter::VERBO: [Instrumenter - IRBuilder] Instruction has no debug information, defaulting to function/basic block info
instrumenter::VERBO: [Instrumenter - IRBuilder] Instruction has no debug information, defaulting to function/basic block info
instrumenter::VERBO: [Instrumenter - IRBuilder] Instruction has no debug information, defaulting to function/basic block info
instrumenter::VERBO: [Instrumenter - IRBuilder] Instruction has no debug information, defaulting to function/basic block info
instrumenter::VERBO: [Instrumenter - IRBuilder] Instruction has no debug information, defaulting to function/basic block info
instrumenter::VERBO: [Instrumenter - IRBuilder] Instruction has no debug information, defaulting to function/basic block info
instrumenter::VERBO: [Instrumenter - IRBuilder] Instruction has no debug information, defaulting to function/basic block info
instrumenter::VERBO: [Instrumenter - IRBuilder] Instruction has no debug information, defaulting to function/basic block info
instrumenter::VERBO: [Instrumenter - IRBuilder] Instruction has no debug information, defaulting to function/basic block info
instrumenter::VERBO: [Instrumenter - IRBuilder] Instruction has no debug information, defaulting to function/basic block info
instrumenter::VERBO: [Instrumenter - IRBuilder] Instruction has no debug information, defaulting to function/basic block info
instrumenter::VERBO: [Instrumenter - IRBuilder] Instruction has no debug information, defaulting to function/basic block info
instrumenter::VERBO: [Instrumenter - IRBuilder] Instruction has no debug information, defaulting to function/basic block info
instrumenter::VERBO: [Instrumenter - IRBuilder] Instruction has no debug information, defaulting to function/basic block info
instrumenter::VERBO: [Instrumenter - IRBuilder] Instruction has no debug information, defaulting to function/basic block info
instrumenter::VERBO: [Instrumenter - IRBuilder] Instruction has no debug information, defaulting to function/basic block info
instrumenter::VERBO: [Instrumenter - IRBuilder] Instruction has no debug information, defaulting to function/basic block info
instrumenter::VERBO: [Instrumenter - IRBuilder] Instruction has no debug information, defaulting to function/basic block info
instrumenter::VERBO: [Instrumenter - IRBuilder] Instruction has no debug information, defaulting to function/basic block info
instrumenter::VERBO: [Instrumenter - IRBuilder] Instruction has no debug information, defaulting to function/basic block info
instrumenter::VERBO: [Instrumenter - IRBuilder] Instruction has no debug information, defaulting to function/basic block info
instrumenter::VERBO: [Instrumenter - IRBuilder] Instruction has no debug information, defaulting to function/basic block info
instrumenter::VERBO: [Instrumenter - IRBuilder] Instruction has no debug information, defaulting to function/basic block info
instrumenter::VERBO: [Instrumenter - IRBuilder] Instruction has no debug information, defaulting to function/basic block info
instrumenter::VERBO: [Instrumenter - IRBuilder] Instruction has no debug information, defaulting to function/basic block info
instrumenter::VERBO: [Instrumenter - IRBuilder] Instruction has no debug information, defaulting to function/basic block info
instrumenter::VERBO: [Instrumenter - IRBuilder] Instruction has no debug information, defaulting to function/basic block info
instrumenter::VERBO: [Instrumenter - IRBuilder] Instruction has no debug information, defaulting to function/basic block info
instrumenter::VERBO: [Instrumenter - IRBuilder] Instruction has no debug information, defaulting to function/basic block info
instrumenter::VERBO: [Instrumenter - IRBuilder] Instruction has no debug information, defaulting to function/basic block info
instrumenter::VERBO: [Instrumenter - IRBuilder] Instruction has no debug information, defaulting to function/basic block info
instrumenter::VERBO: [Instrumenter - IRBuilder] Instruction has no debug information, defaulting to function/basic block info
instrumenter::VERBO: [Instrumenter - IRBuilder] Instruction has no debug information, defaulting to function/basic block info
instrumenter::VERBO: [Instrumenter - IRBuilder] Instruction has no debug information, defaulting to function/basic block info
instrumenter::VERBO: [Instrumenter - IRBuilder] Instruction has no debug information, defaulting to function/basic block info
instrumenter::VERBO: [Instrumenter - IRBuilder] Instruction has no debug information, defaulting to function/basic block info
instrumenter::VERBO: [Instrumenter - IRBuilder] Instruction has no debug information, defaulting to function/basic block info
instrumenter::VERBO: [Instrumenter - IRBuilder] Instruction has no debug information, defaulting to function/basic block info
instrumenter::VERBO: [Instrumenter - IRBuilder] Instruction has no debug information, defaulting to function/basic block info
instrumenter::VERBO: [Instrumenter - IRBuilder] Instruction has no debug information, defaulting to function/basic block info
instrumenter::VERBO: [Instrumenter - IRBuilder] Instruction has no debug information, defaulting to function/basic block info
instrumenter::VERBO: [Instrumenter - IRBuilder] Instruction has no debug information, defaulting to function/basic block info
instrumenter::VERBO: [Instrumenter - IRBuilder] Instruction has no debug information, defaulting to function/basic block info
instrumenter::VERBO: [Instrumenter - IRBuilder] Instruction has no debug information, defaulting to function/basic block info
instrumenter::VERBO: [Instrumenter - IRBuilder] Instruction has no debug information, defaulting to function/basic block info
instrumenter::VERBO: [Instrumenter - IRBuilder] Instruction has no debug information, defaulting to function/basic block info
instrumenter::VERBO: [Instrumenter - IRBuilder] Instruction has no debug information, defaulting to function/basic block info
instrumenter::VERBO: [Instrumenter - IRBuilder] Instruction has no debug information, defaulting to function/basic block info
instrumenter::VERBO: [Instrumenter - IRBuilder] Instruction has no debug information, defaulting to function/basic block info
instrumenter::VERBO: [Instrumenter - IRBuilder] Instruction has no debug information, defaulting to function/basic block info
instrumenter::VERBO: [Instrumenter - IRBuilder] Instruction has no debug information, defaulting to function/basic block info
instrumenter::VERBO: [Instrumenter - IRBuilder] Instruction has no debug information, defaulting to function/basic block info
instrumenter::VERBO: [Instrumenter - IRBuilder] Instruction has no debug information, defaulting to function/basic block info
instrumenter::VERBO: [Instrumenter - IRBuilder] Instruction has no debug information, defaulting to function/basic block info
instrumenter::VERBO: [Instrumenter - IRBuilder] Instruction has no debug information, defaulting to function/basic block info
instrumenter::VERBO: [Instrumenter - IRBuilder] Instruction has no debug information, defaulting to function/basic block info
instrumenter::VERBO: [Instrumenter - IRBuilder] Instruction has no debug information, defaulting to function/basic block info
instrumenter::VERBO: [Instrumenter - IRBuilder] Instruction has no debug information, defaulting to function/basic block info
instrumenter::VERBO: [Instrumenter - IRBuilder] Instruction has no debug information, defaulting to function/basic block info
instrumenter::VERBO: [Instrumenter - IRBuilder] Instruction has no debug information, defaulting to function/basic block info
instrumenter::VERBO: [Instrumenter - IRBuilder] Instruction has no debug information, defaulting to function/basic block info
instrumenter::VERBO: [Instrumenter - IRBuilder] Instruction has no debug information, defaulting to function/basic block info
instrumenter::VERBO: [Instrumenter - IRBuilder] Instruction has no debug information, defaulting to function/basic block info
instrumenter::VERBO: [Instrumenter - IRBuilder] Instruction has no debug information, defaulting to function/basic block info
instrumenter::VERBO: [Instrumenter - IRBuilder] Instruction has no debug information, defaulting to function/basic block info
instrumenter::VERBO: [Instrumenter - IRBuilder] Instruction has no debug information, defaulting to function/basic block info
instrumenter::VERBO: [Instrumenter - IRBuilder] Instruction has no debug information, defaulting to function/basic block info
instrumenter::VERBO: [Instrumenter - IRBuilder] Instruction has no debug information, defaulting to function/basic block info
instrumenter::VERBO: [Instrumenter - IRBuilder] Instruction has no debug information, defaulting to function/basic block info
instrumenter::VERBO: [Instrumenter - IRBuilder] Instruction has no debug information, defaulting to function/basic block info
instrumenter::VERBO: [Instrumenter - IRBuilder] Instruction has no debug information, defaulting to function/basic block info
instrumenter::VERBO: [Instrumenter - IRBuilder] Instruction has no debug information, defaulting to function/basic block info
instrumenter::VERBO: [Instrumenter - IRBuilder] Instruction has no debug information, defaulting to function/basic block info
instrumenter::VERBO: [Instrumenter - IRBuilder] Instruction has no debug information, defaulting to function/basic block info
instrumenter::VERBO: [Instrumenter - IRBuilder] Instruction has no debug information, defaulting to function/basic block info
instrumenter::VERBO: [Instrumenter - IRBuilder] Instruction has no debug information, defaulting to function/basic block info
instrumenter::VERBO: [Instrumenter - IRBuilder] Instruction has no debug information, defaulting to function/basic block info
instrumenter::VERBO: [Instrumenter - IRBuilder] Instruction has no debug information, defaulting to function/basic block info
instrumenter::VERBO: [Instrumenter - IRBuilder] Instruction has no debug information, defaulting to function/basic block info
instrumenter::VERBO: [Instrumenter - IRBuilder] Instruction has no debug information, defaulting to function/basic block info
instrumenter::VERBO: [Instrumenter - IRBuilder] Instruction has no debug information, defaulting to function/basic block info
instrumenter::VERBO: [Instrumenter - IRBuilder] Instruction has no debug information, defaulting to function/basic block info
instrumenter::VERBO: [Instrumenter - IRBuilder] Instruction has no debug information, defaulting to function/basic block info
instrumenter::VERBO: [Instrumenter - IRBuilder] Instruction has no debug information, defaulting to function/basic block info
instrumenter::VERBO: [Instrumenter - IRBuilder] Instruction has no debug information, defaulting to function/basic block info
instrumenter::VERBO: [Instrumenter - IRBuilder] Instruction has no debug information, defaulting to function/basic block info
instrumenter::VERBO: [Instrumenter - IRBuilder] Instruction has no debug information, defaulting to function/basic block info
instrumenter::VERBO: [Instrumenter - IRBuilder] Instruction has no debug information, defaulting to function/basic block info
instrumenter::VERBO: [Instrumenter - IRBuilder] Instruction has no debug information, defaulting to function/basic block info
instrumenter::VERBO: [Instrumenter - IRBuilder] Instruction has no debug information, defaulting to function/basic block info
instrumenter::VERBO: [Instrumenter - IRBuilder] Instruction has no debug information, defaulting to function/basic block info
instrumenter::VERBO: [Instrumenter - IRBuilder] Instruction has no debug information, defaulting to function/basic block info
instrumenter::VERBO: [Instrumenter - IRBuilder] Instruction has no debug information, defaulting to function/basic block info
instrumenter::VERBO: [Instrumenter - IRBuilder] Instruction has no debug information, defaulting to function/basic block info
instrumenter::VERBO: [Instrumenter - IRBuilder] Instruction has no debug information, defaulting to function/basic block info
instrumenter::VERBO: [Instrumenter - IRBuilder] Instruction has no debug information, defaulting to function/basic block info
instrumenter::VERBO: [Instrumenter - IRBuilder] Instruction has no debug information, defaulting to function/basic block info
instrumenter::VERBO: [Instrumenter - IRBuilder] Instruction has no debug information, defaulting to function/basic block info
instrumenter::VERBO: [Instrumenter - IRBuilder] Instruction has no debug information, defaulting to function/basic block info
instrumenter::VERBO: [Instrumenter - IRBuilder] Instruction has no debug information, defaulting to function/basic block info
instrumenter::VERBO: [Instrumenter - IRBuilder] Instruction has no debug information, defaulting to function/basic block info
instrumenter::VERBO: [Instrumenter - IRBuilder] Instruction has no debug information, defaulting to function/basic block info
instrumenter::VERBO: [Instrumenter - IRBuilder] Instruction has no debug information, defaulting to function/basic block info
instrumenter::VERBO: [Instrumenter - IRBuilder] Instruction has no debug information, defaulting to function/basic block info
instrumenter::VERBO: [Instrumenter - IRBuilder] Instruction has no debug information, defaulting to function/basic block info
instrumenter::VERBO: [Instrumenter - IRBuilder] Instruction has no debug information, defaulting to function/basic block info
instrumenter::VERBO: [Instrumenter - IRBuilder] Instruction has no debug information, defaulting to function/basic block info
instrumenter::VERBO: [Instrumenter - IRBuilder] Instruction has no debug information, defaulting to function/basic block info
instrumenter::VERBO: [Instrumenter - IRBuilder] Instruction has no debug information, defaulting to function/basic block info
instrumenter::VERBO: [Instrumenter - IRBuilder] Instruction has no debug information, defaulting to function/basic block info
instrumenter::VERBO: [Instrumenter - IRBuilder] Instruction has no debug information, defaulting to function/basic block info
instrumenter::VERBO: [Instrumenter - IRBuilder] Instruction has no debug information, defaulting to function/basic block info
instrumenter::VERBO: [Instrumenter - IRBuilder] Instruction has no debug information, defaulting to function/basic block info
instrumenter::VERBO: [Instrumenter - IRBuilder] Instruction has no debug information, defaulting to function/basic block info
instrumenter::VERBO: [Instrumenter - IRBuilder] Instruction has no debug information, defaulting to function/basic block info
instrumenter::VERBO: [Instrumenter - IRBuilder] Instruction has no debug information, defaulting to function/basic block info
instrumenter::VERBO: [Instrumenter - IRBuilder] Instruction has no debug information, defaulting to function/basic block info
instrumenter::VERBO: [Instrumenter - IRBuilder] Instruction has no debug information, defaulting to function/basic block info
instrumenter::VERBO: [Instrumenter - IRBuilder] Instruction has no debug information, defaulting to function/basic block info
instrumenter::VERBO: [Instrumenter - IRBuilder] Instruction has no debug information, defaulting to function/basic block info
instrumenter::VERBO: [Instrumenter - IRBuilder] Instruction has no debug information, defaulting to function/basic block info
instrumenter::VERBO: [Instrumenter - IRBuilder] Instruction has no debug information, defaulting to function/basic block info
instrumenter::VERBO: [Instrumenter - IRBuilder] Instruction has no debug information, defaulting to function/basic block info
instrumenter::VERBO: [Instrumenter - IRBuilder] Instruction has no debug information, defaulting to function/basic block info
instrumenter::VERBO: [Instrumenter - IRBuilder] Instruction has no debug information, defaulting to function/basic block info
instrumenter::VERBO: [Instrumenter - IRBuilder] Instruction has no debug information, defaulting to function/basic block info
instrumenter::VERBO: [Instrumenter - IRBuilder] Instruction has no debug information, defaulting to function/basic block info
instrumenter::VERBO: [Instrumenter - IRBuilder] Instruction has no debug information, defaulting to function/basic block info
instrumenter::VERBO: [Instrumenter - IRBuilder] Instruction has no debug information, defaulting to function/basic block info
instrumenter::VERBO: [Instrumenter - IRBuilder] Instruction has no debug information, defaulting to function/basic block info
instrumenter::VERBO: [Instrumenter - IRBuilder] Instruction has no debug information, defaulting to function/basic block info
instrumenter::VERBO: [Instrumenter - IRBuilder] Instruction has no debug information, defaulting to function/basic block info
instrumenter::VERBO: [Instrumenter - IRBuilder] Instruction has no debug information, defaulting to function/basic block info
instrumenter::VERBO: [Instrumenter - IRBuilder] Instruction has no debug information, defaulting to function/basic block info
instrumenter::VERBO: [Instrumenter - IRBuilder] Instruction has no debug information, defaulting to function/basic block info
instrumenter::VERBO: [Instrumenter - IRBuilder] Instruction has no debug information, defaulting to function/basic block info
instrumenter::VERBO: [Instrumenter - IRBuilder] Instruction has no debug information, defaulting to function/basic block info
instrumenter::VERBO: [Instrumenter - IRBuilder] Instruction has no debug information, defaulting to function/basic block info
instrumenter::VERBO: [Instrumenter - IRBuilder] Instruction has no debug information, defaulting to function/basic block info
instrumenter::VERBO: [Instrumenter - IRBuilder] Instruction has no debug information, defaulting to function/basic block info
instrumenter::VERBO: [Instrumenter - IRBuilder] Instruction has no debug information, defaulting to function/basic block info
instrumenter::VERBO: [Instrumenter - IRBuilder] Instruction has no debug information, defaulting to function/basic block info
instrumenter::VERBO: [Instrumenter - IRBuilder] Instruction has no debug information, defaulting to function/basic block info
instrumenter::VERBO: [Instrumenter - IRBuilder] Instruction has no debug information, defaulting to function/basic block info
instrumenter::VERBO: [Instrumenter - IRBuilder] Instruction has no debug information, defaulting to function/basic block info
instrumenter::VERBO: [Instrumenter - IRBuilder] Instruction has no debug information, defaulting to function/basic block info
instrumenter::VERBO: [Instrumenter - IRBuilder] Instruction has no debug information, defaulting to function/basic block info
instrumenter::VERBO: [Instrumenter - IRBuilder] Instruction has no debug information, defaulting to function/basic block info
instrumenter::VERBO: [Instrumenter - IRBuilder] Instruction has no debug information, defaulting to function/basic block info
instrumenter::VERBO: [Instrumenter - IRBuilder] Instruction has no debug information, defaulting to function/basic block info
instrumenter::VERBO: [Instrumenter - IRBuilder] Instruction has no debug information, defaulting to function/basic block info
instrumenter::VERBO: [Instrumenter - IRBuilder] Instruction has no debug information, defaulting to function/basic block info
instrumenter::VERBO: [Instrumenter - IRBuilder] Instruction has no debug information, defaulting to function/basic block info
instrumenter::VERBO: [Instrumenter - IRBuilder] Instruction has no debug information, defaulting to function/basic block info
instrumenter::VERBO: [Instrumenter - IRBuilder] Instruction has no debug information, defaulting to function/basic block info
instrumenter::VERBO: [Instrumenter - IRBuilder] Instruction has no debug information, defaulting to function/basic block info
instrumenter::VERBO: [Instrumenter - IRBuilder] Instruction has no debug information, defaulting to function/basic block info
instrumenter::VERBO: [Instrumenter - IRBuilder] Instruction has no debug information, defaulting to function/basic block info
instrumenter::VERBO: [Instrumenter - IRBuilder] Instruction has no debug information, defaulting to function/basic block info
instrumenter::VERBO: [Instrumenter - IRBuilder] Instruction has no debug information, defaulting to function/basic block info
instrumenter::VERBO: [Instrumenter - IRBuilder] Instruction has no debug information, defaulting to function/basic block info
instrumenter::VERBO: [Instrumenter - IRBuilder] Instruction has no debug information, defaulting to function/basic block info
instrumenter::VERBO: [Instrumenter - IRBuilder] Instruction has no debug information, defaulting to function/basic block info
instrumenter::VERBO: [Instrumenter - IRBuilder] Instruction has no debug information, defaulting to function/basic block info
instrumenter::VERBO: [Instrumenter - IRBuilder] Instruction has no debug information, defaulting to function/basic block info
instrumenter::VERBO: [Instrumenter - IRBuilder] Instruction has no debug information, defaulting to function/basic block info
instrumenter::VERBO: [Instrumenter - IRBuilder] Instruction has no debug information, defaulting to function/basic block info
instrumenter::VERBO: [Instrumenter - IRBuilder] Instruction has no debug information, defaulting to function/basic block info
instrumenter::VERBO: [Instrumenter - IRBuilder] Instruction has no debug information, defaulting to function/basic block info
instrumenter::VERBO: [Instrumenter - IRBuilder] Instruction has no debug information, defaulting to function/basic block info
instrumenter::VERBO: [Instrumenter - IRBuilder] Instruction has no debug information, defaulting to function/basic block info
instrumenter::VERBO: [Instrumenter - IRBuilder] Instruction has no debug information, defaulting to function/basic block info
instrumenter::VERBO: [Instrumenter - IRBuilder] Instruction has no debug information, defaulting to function/basic block info
instrumenter::VERBO: [Instrumenter - IRBuilder] Instruction has no debug information, defaulting to function/basic block info
instrumenter::VERBO: [Instrumenter - IRBuilder] Instruction has no debug information, defaulting to function/basic block info
instrumenter::VERBO: [Instrumenter - IRBuilder] Instruction has no debug information, defaulting to function/basic block info
instrumenter::VERBO: [Instrumenter - IRBuilder] Instruction has no debug information, defaulting to function/basic block info
instrumenter::VERBO: [Instrumenter - IRBuilder] Instruction has no debug information, defaulting to function/basic block info
instrumenter::VERBO: [Instrumenter - IRBuilder] Instruction has no debug information, defaulting to function/basic block info
instrumenter::VERBO: [Instrumenter - IRBuilder] Instruction has no debug information, defaulting to function/basic block info
instrumenter::VERBO: [Instrumenter - IRBuilder] Instruction has no debug information, defaulting to function/basic block info
instrumenter::VERBO: [Instrumenter - IRBuilder] Instruction has no debug information, defaulting to function/basic block info
instrumenter::VERBO: [Instrumenter - IRBuilder] Instruction has no debug information, defaulting to function/basic block info
instrumenter::VERBO: [Instrumenter - IRBuilder] Instruction has no debug information, defaulting to function/basic block info
instrumenter::VERBO: [Instrumenter - IRBuilder] Instruction has no debug information, defaulting to function/basic block info
instrumenter::VERBO: [Instrumenter - IRBuilder] Instruction has no debug information, defaulting to function/basic block info
instrumenter::VERBO: [Instrumenter - IRBuilder] Instruction has no debug information, defaulting to function/basic block info
instrumenter::VERBO: [Instrumenter - IRBuilder] Instruction has no debug information, defaulting to function/basic block info
instrumenter::VERBO: [Instrumenter - IRBuilder] Instruction has no debug information, defaulting to function/basic block info
instrumenter::VERBO: [Instrumenter - IRBuilder] Instruction has no debug information, defaulting to function/basic block info
instrumenter::VERBO: [Instrumenter - IRBuilder] Instruction has no debug information, defaulting to function/basic block info
instrumenter::VERBO: [Instrumenter - IRBuilder] Instruction has no debug information, defaulting to function/basic block info
instrumenter::VERBO: [Instrumenter - IRBuilder] Instruction has no debug information, defaulting to function/basic block info
instrumenter::VERBO: [Instrumenter - IRBuilder] Instruction has no debug information, defaulting to function/basic block info
instrumenter::VERBO: [Instrumenter - IRBuilder] Instruction has no debug information, defaulting to function/basic block info
instrumenter::VERBO: [Instrumenter - IRBuilder] Instruction has no debug information, defaulting to function/basic block info
instrumenter::VERBO: [Instrumenter - IRBuilder] Instruction has no debug information, defaulting to function/basic block info
instrumenter::VERBO: [Instrumenter - IRBuilder] Instruction has no debug information, defaulting to function/basic block info
instrumenter::VERBO: [Instrumenter - IRBuilder] Instruction has no debug information, defaulting to function/basic block info
instrumenter::VERBO: [Instrumenter - IRBuilder] Instruction has no debug information, defaulting to function/basic block info
instrumenter::VERBO: [Instrumenter - IRBuilder] Instruction has no debug information, defaulting to function/basic block info
instrumenter::VERBO: [Instrumenter - IRBuilder] Instruction has no debug information, defaulting to function/basic block info
instrumenter::VERBO: [Instrumenter - IRBuilder] Instruction has no debug information, defaulting to function/basic block info
instrumenter::VERBO: [Instrumenter - IRBuilder] Instruction has no debug information, defaulting to function/basic block info
instrumenter::VERBO: [Instrumenter - IRBuilder] Instruction has no debug information, defaulting to function/basic block info
instrumenter::VERBO: [Instrumenter - IRBuilder] Instruction has no debug information, defaulting to function/basic block info
instrumenter::VERBO: [Instrumenter - IRBuilder] Instruction has no debug information, defaulting to function/basic block info
instrumenter::VERBO: [Instrumenter - IRBuilder] Instruction has no debug information, defaulting to function/basic block info
instrumenter::VERBO: [Instrumenter - IRBuilder] Instruction has no debug information, defaulting to function/basic block info
instrumenter::VERBO: [Instrumenter - IRBuilder] Instruction has no debug information, defaulting to function/basic block info
instrumenter::VERBO: [Instrumenter - IRBuilder] Instruction has no debug information, defaulting to function/basic block info
instrumenter::VERBO: [Instrumenter - IRBuilder] Instruction has no debug information, defaulting to function/basic block info
instrumenter::VERBO: [Instrumenter - IRBuilder] Instruction has no debug information, defaulting to function/basic block info
instrumenter::VERBO: [Instrumenter - IRBuilder] Instruction has no debug information, defaulting to function/basic block info
instrumenter::VERBO: [Instrumenter - IRBuilder] Instruction has no debug information, defaulting to function/basic block info
instrumenter::VERBO: [Instrumenter - IRBuilder] Instruction has no debug information, defaulting to function/basic block info
instrumenter::VERBO: [Instrumenter - IRBuilder] Instruction has no debug information, defaulting to function/basic block info
instrumenter::VERBO: [Instrumenter - IRBuilder] Instruction has no debug information, defaulting to function/basic block info
instrumenter::VERBO: [Instrumenter - IRBuilder] Instruction has no debug information, defaulting to function/basic block info
instrumenter::VERBO: [Instrumenter - IRBuilder] Instruction has no debug information, defaulting to function/basic block info
instrumenter::VERBO: [Instrumenter - IRBuilder] Instruction has no debug information, defaulting to function/basic block info
instrumenter::VERBO: [Instrumenter - IRBuilder] Instruction has no debug information, defaulting to function/basic block info
instrumenter::VERBO: [Instrumenter - IRBuilder] Instruction has no debug information, defaulting to function/basic block info
instrumenter::VERBO: [Instrumenter - IRBuilder] Instruction has no debug information, defaulting to function/basic block info
instrumenter::VERBO: [Instrumenter - IRBuilder] Instruction has no debug information, defaulting to function/basic block info
instrumenter::VERBO: [Instrumenter - IRBuilder] Instruction has no debug information, defaulting to function/basic block info
instrumenter::VERBO: [Instrumenter - IRBuilder] Instruction has no debug information, defaulting to function/basic block info
instrumenter::VERBO: [Instrumenter - IRBuilder] Instruction has no debug information, defaulting to function/basic block info
instrumenter::VERBO: [Instrumenter - IRBuilder] Instruction has no debug information, defaulting to function/basic block info
instrumenter::VERBO: [Instrumenter - IRBuilder] Instruction has no debug information, defaulting to function/basic block info
instrumenter::VERBO: [Instrumenter - IRBuilder] Instruction has no debug information, defaulting to function/basic block info
instrumenter::VERBO: [Instrumenter - IRBuilder] Instruction has no debug information, defaulting to function/basic block info
instrumenter::VERBO: [Instrumenter - IRBuilder] Instruction has no debug information, defaulting to function/basic block info
instrumenter::VERBO: [Instrumenter - IRBuilder] Instruction has no debug information, defaulting to function/basic block info
instrumenter::VERBO: [Instrumenter - IRBuilder] Instruction has no debug information, defaulting to function/basic block info
instrumenter::VERBO: [Instrumenter - IRBuilder] Instruction has no debug information, defaulting to function/basic block info
instrumenter::VERBO: [Instrumenter - IRBuilder] Instruction has no debug information, defaulting to function/basic block info
instrumenter::VERBO: [Instrumenter - IRBuilder] Instruction has no debug information, defaulting to function/basic block info
instrumenter::VERBO: [Instrumenter - IRBuilder] Instruction has no debug information, defaulting to function/basic block info
instrumenter::VERBO: [Instrumenter - IRBuilder] Instruction has no debug information, defaulting to function/basic block info
instrumenter::VERBO: [Instrumenter - IRBuilder] Instruction has no debug information, defaulting to function/basic block info
instrumenter::VERBO: [Instrumenter - IRBuilder] Instruction has no debug information, defaulting to function/basic block info
instrumenter::VERBO: [Instrumenter - IRBuilder] Instruction has no debug information, defaulting to function/basic block info
instrumenter::VERBO: [Instrumenter - IRBuilder] Instruction has no debug information, defaulting to function/basic block info
instrumenter::VERBO: [Instrumenter - IRBuilder] Instruction has no debug information, defaulting to function/basic block info
instrumenter::VERBO: [Instrumenter - IRBuilder] Instruction has no debug information, defaulting to function/basic block info
instrumenter::VERBO: [Instrumenter - IRBuilder] Instruction has no debug information, defaulting to function/basic block info
instrumenter::VERBO: [Instrumenter - IRBuilder] Instruction has no debug information, defaulting to function/basic block info
instrumenter::VERBO: [Instrumenter - IRBuilder] Instruction has no debug information, defaulting to function/basic block info
instrumenter::VERBO: [Instrumenter - IRBuilder] Instruction has no debug information, defaulting to function/basic block info
instrumenter::VERBO: [Instrumenter - IRBuilder] Instruction has no debug information, defaulting to function/basic block info
instrumenter::VERBO: [Instrumenter - IRBuilder] Instruction has no debug information, defaulting to function/basic block info
instrumenter::VERBO: [Instrumenter - IRBuilder] Instruction has no debug information, defaulting to function/basic block info
instrumenter::VERBO: [Instrumenter - IRBuilder] Instruction has no debug information, defaulting to function/basic block info
instrumenter::VERBO: [Instrumenter - IRBuilder] Instruction has no debug information, defaulting to function/basic block info
instrumenter::VERBO: [Instrumenter - IRBuilder] Instruction has no debug information, defaulting to function/basic block info
instrumenter::VERBO: [Instrumenter - IRBuilder] Instruction has no debug information, defaulting to function/basic block info
instrumenter::VERBO: [Instrumenter - IRBuilder] Instruction has no debug information, defaulting to function/basic block info
instrumenter::VERBO: [Instrumenter - IRBuilder] Instruction has no debug information, defaulting to function/basic block info
instrumenter::VERBO: [Instrumenter - IRBuilder] Instruction has no debug information, defaulting to function/basic block info
instrumenter::VERBO: [Instrumenter - IRBuilder] Instruction has no debug information, defaulting to function/basic block info
instrumenter::VERBO: [Instrumenter - IRBuilder] Instruction has no debug information, defaulting to function/basic block info
instrumenter::VERBO: [Instrumenter - IRBuilder] Instruction has no debug information, defaulting to function/basic block info
instrumenter::VERBO: [Instrumenter - IRBuilder] Instruction has no debug information, defaulting to function/basic block info
instrumenter::VERBO: [Instrumenter - IRBuilder] Instruction has no debug information, defaulting to function/basic block info
instrumenter::VERBO: [Instrumenter - IRBuilder] Instruction has no debug information, defaulting to function/basic block info
instrumenter::VERBO: [Instrumenter - IRBuilder] Instruction has no debug information, defaulting to function/basic block info
instrumenter::VERBO: [Instrumenter - IRBuilder] Instruction has no debug information, defaulting to function/basic block info
instrumenter::VERBO: [Instrumenter - IRBuilder] Instruction has no debug information, defaulting to function/basic block info
instrumenter::VERBO: [Instrumenter - IRBuilder] Instruction has no debug information, defaulting to function/basic block info
instrumenter::VERBO: [Instrumenter - IRBuilder] Instruction has no debug information, defaulting to function/basic block info
instrumenter::VERBO: [Instrumenter - IRBuilder] Instruction has no debug information, defaulting to function/basic block info
instrumenter::VERBO: [Instrumenter - IRBuilder] Instruction has no debug information, defaulting to function/basic block info
instrumenter::VERBO: [Instrumenter - IRBuilder] Instruction has no debug information, defaulting to function/basic block info
instrumenter::VERBO: [Instrumenter - IRBuilder] Instruction has no debug information, defaulting to function/basic block info
instrumenter::VERBO: [Instrumenter - IRBuilder] Instruction has no debug information, defaulting to function/basic block info
instrumenter::VERBO: [Instrumenter - IRBuilder] Instruction has no debug information, defaulting to function/basic block info
instrumenter::VERBO: [Instrumenter - IRBuilder] Instruction has no debug information, defaulting to function/basic block info
instrumenter::VERBO: [Instrumenter - IRBuilder] Instruction has no debug information, defaulting to function/basic block info
instrumenter::VERBO: [Instrumenter - IRBuilder] Instruction has no debug information, defaulting to function/basic block info
instrumenter::VERBO: [Instrumenter - IRBuilder] Instruction has no debug information, defaulting to function/basic block info
instrumenter::VERBO: [Instrumenter - IRBuilder] Instruction has no debug information, defaulting to function/basic block info
instrumenter::VERBO: [Instrumenter - IRBuilder] Instruction has no debug information, defaulting to function/basic block info
instrumenter::VERBO: [Instrumenter - IRBuilder] Instruction has no debug information, defaulting to function/basic block info
instrumenter::VERBO: [Instrumenter - IRBuilder] Instruction has no debug information, defaulting to function/basic block info
instrumenter::VERBO: [Instrumenter - IRBuilder] Instruction has no debug information, defaulting to function/basic block info
instrumenter::VERBO: [Instrumenter - IRBuilder] Instruction has no debug information, defaulting to function/basic block info
instrumenter::VERBO: [Instrumenter - IRBuilder] Instruction has no debug information, defaulting to function/basic block info
instrumenter::VERBO: [Instrumenter - IRBuilder] Instruction has no debug information, defaulting to function/basic block info
instrumenter::VERBO: [Instrumenter - IRBuilder] Instruction has no debug information, defaulting to function/basic block info
instrumenter::VERBO: [Instrumenter - IRBuilder] Instruction has no debug information, defaulting to function/basic block info
instrumenter::VERBO: [Instrumenter - IRBuilder] Instruction has no debug information, defaulting to function/basic block info
instrumenter::VERBO: [Instrumenter - IRBuilder] Instruction has no debug information, defaulting to function/basic block info
instrumenter::VERBO: [Instrumenter - IRBuilder] Instruction has no debug information, defaulting to function/basic block info
instrumenter::VERBO: [Instrumenter - IRBuilder] Instruction has no debug information, defaulting to function/basic block info
instrumenter::VERBO: [Instrumenter - IRBuilder] Instruction has no debug information, defaulting to function/basic block info
instrumenter::VERBO: [Instrumenter - IRBuilder] Instruction has no debug information, defaulting to function/basic block info
instrumenter::VERBO: [Instrumenter - IRBuilder] Instruction has no debug information, defaulting to function/basic block info
instrumenter::VERBO: [Instrumenter - IRBuilder] Instruction has no debug information, defaulting to function/basic block info
instrumenter::VERBO: [Instrumenter - IRBuilder] Instruction has no debug information, defaulting to function/basic block info
instrumenter::VERBO: [Instrumenter - IRBuilder] Instruction has no debug information, defaulting to function/basic block info
instrumenter::VERBO: [Instrumenter - IRBuilder] Instruction has no debug information, defaulting to function/basic block info
instrumenter::VERBO: [Instrumenter - IRBuilder] Instruction has no debug information, defaulting to function/basic block info
instrumenter::VERBO: [Instrumenter - IRBuilder] Instruction has no debug information, defaulting to function/basic block info
instrumenter::VERBO: [Instrumenter - IRBuilder] Instruction has no debug information, defaulting to function/basic block info
instrumenter::VERBO: [Instrumenter - IRBuilder] Instruction has no debug information, defaulting to function/basic block info
instrumenter::VERBO: [Instrumenter - IRBuilder] Instruction has no debug information, defaulting to function/basic block info
instrumenter::VERBO: [Instrumenter - IRBuilder] Instruction has no debug information, defaulting to function/basic block info
instrumenter::VERBO: [Instrumenter - IRBuilder] Instruction has no debug information, defaulting to function/basic block info
instrumenter::VERBO: [Instrumenter - IRBuilder] Instruction has no debug information, defaulting to function/basic block info
instrumenter::VERBO: [Instrumenter - IRBuilder] Instruction has no debug information, defaulting to function/basic block info
instrumenter::VERBO: [Instrumenter - IRBuilder] Instruction has no debug information, defaulting to function/basic block info
instrumenter::VERBO: [Instrumenter - IRBuilder] Instruction has no debug information, defaulting to function/basic block info
instrumenter::VERBO: [Instrumenter - IRBuilder] Instruction has no debug information, defaulting to function/basic block info
instrumenter::VERBO: [Instrumenter - IRBuilder] Instruction has no debug information, defaulting to function/basic block info
instrumenter::VERBO: [Instrumenter - IRBuilder] Instruction has no debug information, defaulting to function/basic block info
instrumenter::VERBO: [Instrumenter - IRBuilder] Instruction has no debug information, defaulting to function/basic block info
instrumenter::VERBO: [Instrumenter - IRBuilder] Instruction has no debug information, defaulting to function/basic block info
instrumenter::VERBO: [Instrumenter - IRBuilder] Instruction has no debug information, defaulting to function/basic block info
instrumenter::VERBO: [Instrumenter - IRBuilder] Instruction has no debug information, defaulting to function/basic block info
instrumenter::VERBO: [Instrumenter - IRBuilder] Instruction has no debug information, defaulting to function/basic block info
instrumenter::VERBO: [Instrumenter - IRBuilder] Instruction has no debug information, defaulting to function/basic block info
instrumenter::VERBO: [Instrumenter - IRBuilder] Instruction has no debug information, defaulting to function/basic block info
instrumenter::VERBO: [Instrumenter - IRBuilder] Instruction has no debug information, defaulting to function/basic block info
instrumenter::VERBO: [Instrumenter - IRBuilder] Instruction has no debug information, defaulting to function/basic block info
instrumenter::VERBO: [Instrumenter - IRBuilder] Instruction has no debug information, defaulting to function/basic block info
instrumenter::VERBO: [Instrumenter - IRBuilder] Instruction has no debug information, defaulting to function/basic block info
instrumenter::VERBO: [Instrumenter - IRBuilder] Instruction has no debug information, defaulting to function/basic block info
instrumenter::VERBO: [Instrumenter - IRBuilder] Instruction has no debug information, defaulting to function/basic block info
instrumenter::VERBO: [Instrumenter - IRBuilder] Instruction has no debug information, defaulting to function/basic block info
instrumenter::VERBO: [Instrumenter - IRBuilder] Instruction has no debug information, defaulting to function/basic block info
instrumenter::VERBO: [Instrumenter - IRBuilder] Instruction has no debug information, defaulting to function/basic block info
instrumenter::VERBO: [Instrumenter - IRBuilder] Instruction has no debug information, defaulting to function/basic block info
instrumenter::VERBO: [Instrumenter - IRBuilder] Instruction has no debug information, defaulting to function/basic block info
instrumenter::VERBO: [Instrumenter - IRBuilder] Instruction has no debug information, defaulting to function/basic block info
instrumenter::VERBO: [Instrumenter - IRBuilder] Instruction has no debug information, defaulting to function/basic block info
instrumenter::VERBO: [Instrumenter - IRBuilder] Instruction has no debug information, defaulting to function/basic block info
instrumenter::VERBO: [Instrumenter - IRBuilder] Instruction has no debug information, defaulting to function/basic block info
instrumenter::VERBO: [Instrumenter - IRBuilder] Instruction has no debug information, defaulting to function/basic block info
instrumenter::VERBO: [Instrumenter - IRBuilder] Instruction has no debug information, defaulting to function/basic block info
instrumenter::VERBO: [Instrumenter - IRBuilder] Instruction has no debug information, defaulting to function/basic block info
instrumenter::VERBO: [Instrumenter - IRBuilder] Instruction has no debug information, defaulting to function/basic block info
instrumenter::VERBO: [Instrumenter - IRBuilder] Instruction has no debug information, defaulting to function/basic block info
instrumenter::VERBO: [Instrumenter - IRBuilder] Instruction has no debug information, defaulting to function/basic block info
instrumenter::VERBO: [Instrumenter - IRBuilder] Instruction has no debug information, defaulting to function/basic block info
instrumenter::VERBO: [Instrumenter - IRBuilder] Instruction has no debug information, defaulting to function/basic block info
instrumenter::VERBO: [Instrumenter - IRBuilder] Instruction has no debug information, defaulting to function/basic block info
instrumenter::VERBO: [Instrumenter - IRBuilder] Instruction has no debug information, defaulting to function/basic block info
instrumenter::VERBO: [Instrumenter - IRBuilder] Instruction has no debug information, defaulting to function/basic block info
instrumenter::VERBO: [Instrumenter - IRBuilder] Instruction has no debug information, defaulting to function/basic block info
instrumenter::VERBO: [Instrumenter - IRBuilder] Instruction has no debug information, defaulting to function/basic block info
instrumenter::VERBO: [Instrumenter - IRBuilder] Instruction has no debug information, defaulting to function/basic block info
instrumenter::VERBO: [Instrumenter - IRBuilder] Instruction has no debug information, defaulting to function/basic block info
instrumenter::VERBO: [Instrumenter - IRBuilder] Instruction has no debug information, defaulting to function/basic block info
instrumenter::VERBO: [Instrumenter - IRBuilder] Instruction has no debug information, defaulting to function/basic block info
instrumenter::VERBO: [Instrumenter - IRBuilder] Instruction has no debug information, defaulting to function/basic block info
instrumenter::VERBO: [Instrumenter - IRBuilder] Instruction has no debug information, defaulting to function/basic block info
instrumenter::VERBO: [Instrumenter - IRBuilder] Instruction has no debug information, defaulting to function/basic block info
instrumenter::VERBO: [Instrumenter - IRBuilder] Instruction has no debug information, defaulting to function/basic block info
instrumenter::VERBO: [Instrumenter - IRBuilder] Instruction has no debug information, defaulting to function/basic block info
instrumenter::VERBO: [Instrumenter - IRBuilder] Instruction has no debug information, defaulting to function/basic block info
instrumenter::VERBO: [Instrumenter - IRBuilder] Instruction has no debug information, defaulting to function/basic block info
instrumenter::VERBO: [Instrumenter - IRBuilder] Instruction has no debug information, defaulting to function/basic block info
instrumenter::VERBO: [Instrumenter - IRBuilder] Instruction has no debug information, defaulting to function/basic block info
instrumenter::VERBO: [Instrumenter - IRBuilder] Instruction has no debug information, defaulting to function/basic block info
instrumenter::VERBO: [Instrumenter - IRBuilder] Instruction has no debug information, defaulting to function/basic block info
instrumenter::VERBO: [Instrumenter - IRBuilder] Instruction has no debug information, defaulting to function/basic block info
instrumenter::VERBO: [Instrumenter - IRBuilder] Instruction has no debug information, defaulting to function/basic block info
instrumenter::VERBO: [Instrumenter - IRBuilder] Instruction has no debug information, defaulting to function/basic block info
instrumenter::VERBO: [Instrumenter - IRBuilder] Instruction has no debug information, defaulting to function/basic block info
instrumenter::VERBO: [Instrumenter - IRBuilder] Instruction has no debug information, defaulting to function/basic block info
instrumenter::VERBO: [Instrumenter - IRBuilder] Instruction has no debug information, defaulting to function/basic block info
instrumenter::VERBO: [Instrumenter - IRBuilder] Instruction has no debug information, defaulting to function/basic block info
instrumenter::VERBO: [Instrumenter - IRBuilder] Instruction has no debug information, defaulting to function/basic block info
instrumenter::VERBO: [Instrumenter - IRBuilder] Instruction has no debug information, defaulting to function/basic block info
instrumenter::VERBO: [Instrumenter - IRBuilder] Instruction has no debug information, defaulting to function/basic block info
instrumenter::VERBO: [Instrumenter - IRBuilder] Instruction has no debug information, defaulting to function/basic block info
instrumenter::VERBO: [Instrumenter - IRBuilder] Instruction has no debug information, defaulting to function/basic block info
instrumenter::VERBO: [Instrumenter - IRBuilder] Instruction has no debug information, defaulting to function/basic block info
instrumenter::VERBO: [Instrumenter - IRBuilder] Instruction has no debug information, defaulting to function/basic block info
instrumenter::VERBO: [Instrumenter - IRBuilder] Instruction has no debug information, defaulting to function/basic block info
instrumenter::VERBO: [Instrumenter - IRBuilder] Instruction has no debug information, defaulting to function/basic block info
instrumenter::VERBO: [Instrumenter - IRBuilder] Instruction has no debug information, defaulting to function/basic block info
instrumenter::VERBO: [Instrumenter - IRBuilder] Instruction has no debug information, defaulting to function/basic block info
instrumenter::VERBO: [Instrumenter - IRBuilder] Instruction has no debug information, defaulting to function/basic block info
instrumenter::VERBO: [Instrumenter - IRBuilder] Instruction has no debug information, defaulting to function/basic block info
instrumenter::VERBO: [Instrumenter - IRBuilder] Instruction has no debug information, defaulting to function/basic block info
instrumenter::VERBO: [Instrumenter - IRBuilder] Instruction has no debug information, defaulting to function/basic block info
instrumenter::VERBO: [Instrumenter - IRBuilder] Instruction has no debug information, defaulting to function/basic block info
instrumenter::VERBO: [Instrumenter - IRBuilder] Instruction has no debug information, defaulting to function/basic block info
instrumenter::VERBO: [Instrumenter - IRBuilder] Instruction has no debug information, defaulting to function/basic block info
instrumenter::VERBO: [Instrumenter - IRBuilder] Instruction has no debug information, defaulting to function/basic block info
instrumenter::VERBO: [Instrumenter - IRBuilder] Instruction has no debug information, defaulting to function/basic block info
instrumenter::VERBO: [Instrumenter - IRBuilder] Instruction has no debug information, defaulting to function/basic block info
instrumenter::VERBO: [Instrumenter - IRBuilder] Instruction has no debug information, defaulting to function/basic block info
instrumenter::VERBO: [Instrumenter - IRBuilder] Instruction has no debug information, defaulting to function/basic block info
instrumenter::VERBO: [Instrumenter - IRBuilder] Instruction has no debug information, defaulting to function/basic block info
instrumenter::VERBO: [Instrumenter - IRBuilder] Instruction has no debug information, defaulting to function/basic block info
instrumenter::VERBO: [Instrumenter - IRBuilder] Instruction has no debug information, defaulting to function/basic block info
instrumenter::VERBO: [Instrumenter - IRBuilder] Instruction has no debug information, defaulting to function/basic block info
instrumenter::VERBO: [Instrumenter - IRBuilder] Instruction has no debug information, defaulting to function/basic block info
instrumenter::VERBO: [Instrumenter - IRBuilder] Instruction has no debug information, defaulting to function/basic block info
instrumenter::VERBO: [Instrumenter - IRBuilder] Instruction has no debug information, defaulting to function/basic block info
instrumenter::VERBO: [Instrumenter - IRBuilder] Instruction has no debug information, defaulting to function/basic block info
instrumenter::VERBO: [Instrumenter - IRBuilder] Instruction has no debug information, defaulting to function/basic block info
instrumenter::VERBO: [Instrumenter - IRBuilder] Instruction has no debug information, defaulting to function/basic block info
instrumenter::VERBO: [Instrumenter - IRBuilder] Instruction has no debug information, defaulting to function/basic block info
instrumenter::VERBO: [Instrumenter - IRBuilder] Instruction has no debug information, defaulting to function/basic block info
instrumenter::VERBO: [Instrumenter - IRBuilder] Instruction has no debug information, defaulting to function/basic block info
instrumenter::VERBO: [Instrumenter - IRBuilder] Instruction has no debug information, defaulting to function/basic block info
instrumenter::VERBO: [Instrumenter - IRBuilder] Instruction has no debug information, defaulting to function/basic block info
instrumenter::VERBO: [Instrumenter - IRBuilder] Instruction has no debug information, defaulting to function/basic block info
instrumenter::VERBO: [Instrumenter - IRBuilder] Instruction has no debug information, defaulting to function/basic block info
instrumenter::VERBO: [Instrumenter - IRBuilder] Instruction has no debug information, defaulting to function/basic block info
instrumenter::VERBO: [Instrumenter - IRBuilder] Instruction has no debug information, defaulting to function/basic block info
instrumenter::VERBO: [Instrumenter - IRBuilder] Instruction has no debug information, defaulting to function/basic block info
instrumenter::VERBO: [Instrumenter - IRBuilder] Instruction has no debug information, defaulting to function/basic block info
instrumenter::VERBO: [Instrumenter - IRBuilder] Instruction has no debug information, defaulting to function/basic block info
instrumenter::VERBO: [Instrumenter - IRBuilder] Instruction has no debug information, defaulting to function/basic block info
instrumenter::VERBO: [Instrumenter - IRBuilder] Instruction has no debug information, defaulting to function/basic block info
instrumenter::VERBO: [Instrumenter - IRBuilder] Instruction has no debug information, defaulting to function/basic block info
instrumenter::VERBO: [Instrumenter - IRBuilder] Instruction has no debug information, defaulting to function/basic block info
instrumenter::VERBO: [Instrumenter - IRBuilder] Instruction has no debug information, defaulting to function/basic block info
instrumenter::VERBO: [Instrumenter - IRBuilder] Instruction has no debug information, defaulting to function/basic block info
instrumenter::VERBO: [Instrumenter - IRBuilder] Instruction has no debug information, defaulting to function/basic block info
instrumenter::VERBO: [Instrumenter - IRBuilder] Instruction has no debug information, defaulting to function/basic block info
instrumenter::VERBO: [Instrumenter - IRBuilder] Instruction has no debug information, defaulting to function/basic block info
instrumenter::VERBO: [Instrumenter - IRBuilder] Instruction has no debug information, defaulting to function/basic block info
instrumenter::VERBO: [Instrumenter - IRBuilder] Instruction has no debug information, defaulting to function/basic block info
instrumenter::VERBO: [Instrumenter - IRBuilder] Instruction has no debug information, defaulting to function/basic block info
instrumenter::VERBO: [Instrumenter - IRBuilder] Instruction has no debug information, defaulting to function/basic block info
instrumenter::VERBO: [Instrumenter - IRBuilder] Instruction has no debug information, defaulting to function/basic block info
instrumenter::VERBO: [Instrumenter - IRBuilder] Instruction has no debug information, defaulting to function/basic block info
instrumenter::VERBO: [Instrumenter - IRBuilder] Instruction has no debug information, defaulting to function/basic block info
instrumenter::VERBO: [Instrumenter - IRBuilder] Instruction has no debug information, defaulting to function/basic block info
instrumenter::VERBO: [Instrumenter - IRBuilder] Instruction has no debug information, defaulting to function/basic block info
instrumenter::VERBO: [Instrumenter - IRBuilder] Instruction has no debug information, defaulting to function/basic block info
instrumenter::VERBO: [Instrumenter - IRBuilder] Instruction has no debug information, defaulting to function/basic block info
instrumenter::VERBO: [Instrumenter - IRBuilder] Instruction has no debug information, defaulting to function/basic block info
instrumenter::VERBO: [Instrumenter - IRBuilder] Instruction has no debug information, defaulting to function/basic block info
instrumenter::VERBO: [Instrumenter - IRBuilder] Instruction has no debug information, defaulting to function/basic block info
instrumenter::VERBO: [Instrumenter - IRBuilder] Instruction has no debug information, defaulting to function/basic block info
instrumenter::VERBO: [Instrumenter - IRBuilder] Instruction has no debug information, defaulting to function/basic block info
instrumenter::VERBO: [Instrumenter - IRBuilder] Instruction has no debug information, defaulting to function/basic block info
instrumenter::VERBO: [Instrumenter - IRBuilder] Instruction has no debug information, defaulting to function/basic block info
instrumenter::VERBO: [Instrumenter - IRBuilder] Instruction has no debug information, defaulting to function/basic block info
instrumenter::VERBO: [Instrumenter - IRBuilder] Instruction has no debug information, defaulting to function/basic block info
instrumenter::VERBO: [Instrumenter - IRBuilder] Instruction has no debug information, defaulting to function/basic block info
instrumenter::VERBO: [Instrumenter - IRBuilder] Instruction has no debug information, defaulting to function/basic block info
instrumenter::VERBO: [Instrumenter - IRBuilder] Instruction has no debug information, defaulting to function/basic block info
instrumenter::VERBO: [Instrumenter - IRBuilder] Instruction has no debug information, defaulting to function/basic block info
instrumenter::VERBO: [Instrumenter - IRBuilder] Instruction has no debug information, defaulting to function/basic block info
instrumenter::VERBO: [Instrumenter - IRBuilder] Instruction has no debug information, defaulting to function/basic block info
instrumenter::VERBO: [Instrumenter - IRBuilder] Instruction has no debug information, defaulting to function/basic block info
instrumenter::VERBO: [Instrumenter - IRBuilder] Instruction has no debug information, defaulting to function/basic block info
instrumenter::VERBO: [Instrumenter - IRBuilder] Instruction has no debug information, defaulting to function/basic block info
instrumenter::VERBO: [Instrumenter - IRBuilder] Instruction has no debug information, defaulting to function/basic block info
instrumenter::VERBO: [Instrumenter - IRBuilder] Instruction has no debug information, defaulting to function/basic block info
instrumenter::VERBO: [Instrumenter - IRBuilder] Instruction has no debug information, defaulting to function/basic block info
instrumenter::VERBO: [Instrumenter - IRBuilder] Instruction has no debug information, defaulting to function/basic block info
instrumenter::VERBO: [Instrumenter - IRBuilder] Instruction has no debug information, defaulting to function/basic block info
instrumenter::VERBO: [Instrumenter - IRBuilder] Instruction has no debug information, defaulting to function/basic block info
instrumenter::VERBO: [Instrumenter - IRBuilder] Instruction has no debug information, defaulting to function/basic block info
instrumenter::VERBO: [Instrumenter - IRBuilder] Instruction has no debug information, defaulting to function/basic block info
instrumenter::VERBO: [Instrumenter - IRBuilder] Instruction has no debug information, defaulting to function/basic block info
instrumenter::VERBO: [Instrumenter - IRBuilder] Instruction has no debug information, defaulting to function/basic block info
instrumenter::VERBO: [Instrumenter - IRBuilder] Instruction has no debug information, defaulting to function/basic block info
instrumenter::VERBO: [Instrumenter - IRBuilder] Instruction has no debug information, defaulting to function/basic block info
instrumenter::VERBO: [Instrumenter - IRBuilder] Instruction has no debug information, defaulting to function/basic block info
instrumenter::VERBO: [Instrumenter - IRBuilder] Instruction has no debug information, defaulting to function/basic block info
instrumenter::VERBO: [Instrumenter - IRBuilder] Instruction has no debug information, defaulting to function/basic block info
instrumenter::VERBO: [Instrumenter - IRBuilder] Instruction has no debug information, defaulting to function/basic block info
instrumenter::VERBO: [Instrumenter - IRBuilder] Instruction has no debug information, defaulting to function/basic block info
instrumenter::VERBO: [Instrumenter - IRBuilder] Instruction has no debug information, defaulting to function/basic block info
instrumenter::VERBO: [Instrumenter - IRBuilder] Instruction has no debug information, defaulting to function/basic block info
instrumenter::VERBO: [Instrumenter - IRBuilder] Instruction has no debug information, defaulting to function/basic block info
instrumenter::VERBO: [Instrumenter - IRBuilder] Instruction has no debug information, defaulting to function/basic block info
instrumenter::VERBO: [Instrumenter - IRBuilder] Instruction has no debug information, defaulting to function/basic block info
instrumenter::VERBO: [Instrumenter - IRBuilder] Instruction has no debug information, defaulting to function/basic block info
instrumenter::VERBO: [Instrumenter - IRBuilder] Instruction has no debug information, defaulting to function/basic block info
instrumenter::VERBO: [Instrumenter - IRBuilder] Instruction has no debug information, defaulting to function/basic block info
instrumenter::VERBO: [Instrumenter - IRBuilder] Instruction has no debug information, defaulting to function/basic block info
instrumenter::VERBO: [Instrumenter - IRBuilder] Instruction has no debug information, defaulting to function/basic block info
instrumenter::VERBO: [Instrumenter - IRBuilder] Instruction has no debug information, defaulting to function/basic block info
instrumenter::VERBO: [Instrumenter - IRBuilder] Instruction has no debug information, defaulting to function/basic block info
instrumenter::VERBO: [Instrumenter - IRBuilder] Instruction has no debug information, defaulting to function/basic block info
instrumenter::VERBO: [Instrumenter - IRBuilder] Instruction has no debug information, defaulting to function/basic block info
instrumenter::VERBO: [Instrumenter - IRBuilder] Instruction has no debug information, defaulting to function/basic block info
instrumenter::VERBO: [Instrumenter - IRBuilder] Instruction has no debug information, defaulting to function/basic block info
instrumenter::VERBO: [Instrumenter - IRBuilder] Instruction has no debug information, defaulting to function/basic block info
instrumenter::VERBO: [Instrumenter - IRBuilder] Instruction has no debug information, defaulting to function/basic block info
instrumenter::VERBO: [Instrumenter - IRBuilder] Instruction has no debug information, defaulting to function/basic block info
instrumenter::VERBO: [Instrumenter - IRBuilder] Instruction has no debug information, defaulting to function/basic block info
instrumenter::VERBO: [Instrumenter - IRBuilder] Instruction has no debug information, defaulting to function/basic block info
instrumenter::VERBO: [Instrumenter - IRBuilder] Instruction has no debug information, defaulting to function/basic block info
instrumenter::VERBO: [Instrumenter - IRBuilder] Instruction has no debug information, defaulting to function/basic block info
instrumenter::VERBO: [Instrumenter - IRBuilder] Instruction has no debug information, defaulting to function/basic block info
instrumenter::VERBO: [Instrumenter - IRBuilder] Instruction has no debug information, defaulting to function/basic block info
instrumenter::VERBO: [Instrumenter - IRBuilder] Instruction has no debug information, defaulting to function/basic block info
instrumenter::VERBO: [Instrumenter - IRBuilder] Instruction has no debug information, defaulting to function/basic block info
instrumenter::VERBO: [Instrumenter - IRBuilder] Instruction has no debug information, defaulting to function/basic block info
instrumenter::VERBO: [Instrumenter - IRBuilder] Instruction has no debug information, defaulting to function/basic block info
instrumenter::VERBO: [Instrumenter - IRBuilder] Instruction has no debug information, defaulting to function/basic block info
instrumenter::VERBO: [Instrumenter - IRBuilder] Instruction has no debug information, defaulting to function/basic block info
instrumenter::VERBO: [Instrumenter - IRBuilder] Instruction has no debug information, defaulting to function/basic block info
instrumenter::VERBO: [Instrumenter - IRBuilder] Instruction has no debug information, defaulting to function/basic block info
instrumenter::VERBO: [Instrumenter - IRBuilder] Instruction has no debug information, defaulting to function/basic block info
instrumenter::VERBO: [Instrumenter - IRBuilder] Instruction has no debug information, defaulting to function/basic block info
instrumenter::VERBO: [Instrumenter - IRBuilder] Instruction has no debug information, defaulting to function/basic block info
instrumenter::VERBO: [Instrumenter - IRBuilder] Instruction has no debug information, defaulting to function/basic block info
instrumenter::VERBO: [Instrumenter - IRBuilder] Instruction has no debug information, defaulting to function/basic block info
instrumenter::VERBO: [Instrumenter - IRBuilder] Instruction has no debug information, defaulting to function/basic block info
instrumenter::VERBO: [Instrumenter - IRBuilder] Instruction has no debug information, defaulting to function/basic block info
instrumenter::VERBO: [Instrumenter - IRBuilder] Instruction has no debug information, defaulting to function/basic block info
instrumenter::VERBO: [Instrumenter - IRBuilder] Instruction has no debug information, defaulting to function/basic block info
instrumenter::VERBO: [Instrumenter - IRBuilder] Instruction has no debug information, defaulting to function/basic block info
instrumenter::VERBO: [Instrumenter - IRBuilder] Instruction has no debug information, defaulting to function/basic block info
instrumenter::VERBO: [Instrumenter - IRBuilder] Instruction has no debug information, defaulting to function/basic block info
instrumenter::VERBO: [Instrumenter - IRBuilder] Instruction has no debug information, defaulting to function/basic block info
instrumenter::VERBO: [Instrumenter - IRBuilder] Instruction has no debug information, defaulting to function/basic block info
instrumenter::VERBO: [Instrumenter - IRBuilder] Instruction has no debug information, defaulting to function/basic block info
instrumenter::VERBO: [Instrumenter - IRBuilder] Instruction has no debug information, defaulting to function/basic block info
instrumenter::VERBO: [Instrumenter - IRBuilder] Instruction has no debug information, defaulting to function/basic block info
instrumenter::VERBO: [Instrumenter - IRBuilder] Instruction has no debug information, defaulting to function/basic block info
instrumenter::VERBO: [Instrumenter - IRBuilder] Instruction has no debug information, defaulting to function/basic block info
instrumenter::VERBO: [Instrumenter - IRBuilder] Instruction has no debug information, defaulting to function/basic block info
instrumenter::VERBO: [Instrumenter - IRBuilder] Instruction has no debug information, defaulting to function/basic block info
instrumenter::VERBO: [Instrumenter - IRBuilder] Instruction has no debug information, defaulting to function/basic block info
instrumenter::VERBO: [Instrumenter - IRBuilder] Instruction has no debug information, defaulting to function/basic block info
instrumenter::VERBO: [Instrumenter - IRBuilder] Instruction has no debug information, defaulting to function/basic block info
instrumenter::VERBO: [Instrumenter - IRBuilder] Instruction has no debug information, defaulting to function/basic block info
instrumenter::VERBO: [Instrumenter - IRBuilder] Instruction has no debug information, defaulting to function/basic block info
instrumenter::VERBO: [Instrumenter - IRBuilder] Instruction has no debug information, defaulting to function/basic block info
instrumenter::VERBO: [Instrumenter - IRBuilder] Instruction has no debug information, defaulting to function/basic block info
instrumenter::VERBO: [Instrumenter - IRBuilder] Instruction has no debug information, defaulting to function/basic block info
instrumenter::VERBO: [Instrumenter - IRBuilder] Instruction has no debug information, defaulting to function/basic block info
instrumenter::VERBO: [Instrumenter - IRBuilder] Instruction has no debug information, defaulting to function/basic block info
instrumenter::VERBO: [Instrumenter - IRBuilder] Instruction has no debug information, defaulting to function/basic block info
instrumenter::VERBO: [Instrumenter - IRBuilder] Instruction has no debug information, defaulting to function/basic block info
instrumenter::VERBO: [Instrumenter - IRBuilder] Instruction has no debug information, defaulting to function/basic block info
instrumenter::VERBO: [Instrumenter - IRBuilder] Instruction has no debug information, defaulting to function/basic block info
instrumenter::VERBO: [Instrumenter - IRBuilder] Instruction has no debug information, defaulting to function/basic block info
instrumenter::VERBO: [Instrumenter - IRBuilder] Instruction has no debug information, defaulting to function/basic block info
instrumenter::VERBO: [Instrumenter - IRBuilder] Instruction has no debug information, defaulting to function/basic block info
instrumenter::VERBO: [Instrumenter - IRBuilder] Instruction has no debug information, defaulting to function/basic block info
instrumenter::VERBO: [Instrumenter - IRBuilder] Instruction has no debug information, defaulting to function/basic block info
instrumenter::VERBO: [Instrumenter - IRBuilder] Instruction has no debug information, defaulting to function/basic block info
instrumenter::VERBO: [Instrumenter - IRBuilder] Instruction has no debug information, defaulting to function/basic block info
instrumenter::VERBO: [Instrumenter - IRBuilder] Instruction has no debug information, defaulting to function/basic block info
instrumenter::VERBO: [Instrumenter - IRBuilder] Instruction has no debug information, defaulting to function/basic block info
instrumenter::VERBO: [Instrumenter - IRBuilder] Instruction has no debug information, defaulting to function/basic block info
instrumenter::VERBO: [Instrumenter - IRBuilder] Instruction has no debug information, defaulting to function/basic block info
instrumenter::VERBO: [Instrumenter - IRBuilder] Instruction has no debug information, defaulting to function/basic block info
instrumenter::VERBO: [Instrumenter - IRBuilder] Instruction has no debug information, defaulting to function/basic block info
instrumenter::VERBO: [Instrumenter - IRBuilder] Instruction has no debug information, defaulting to function/basic block info
instrumenter::VERBO: [Instrumenter - IRBuilder] Instruction has no debug information, defaulting to function/basic block info
instrumenter::VERBO: [Instrumenter - IRBuilder] Instruction has no debug information, defaulting to function/basic block info
instrumenter::VERBO: [Instrumenter - IRBuilder] Instruction has no debug information, defaulting to function/basic block info
instrumenter::VERBO: [Instrumenter - IRBuilder] Instruction has no debug information, defaulting to function/basic block info
instrumenter::VERBO: [Instrumenter - IRBuilder] Instruction has no debug information, defaulting to function/basic block info
instrumenter::VERBO: [Instrumenter - IRBuilder] Instruction has no debug information, defaulting to function/basic block info
instrumenter::VERBO: [Instrumenter - IRBuilder] Instruction has no debug information, defaulting to function/basic block info
instrumenter::VERBO: [Instrumenter - IRBuilder] Instruction has no debug information, defaulting to function/basic block info
instrumenter::VERBO: [Instrumenter - IRBuilder] Instruction has no debug information, defaulting to function/basic block info
instrumenter::VERBO: [Instrumenter - IRBuilder] Instruction has no debug information, defaulting to function/basic block info
instrumenter::VERBO: [Instrumenter - IRBuilder] Instruction has no debug information, defaulting to function/basic block info
instrumenter::VERBO: [Instrumenter - IRBuilder] Instruction has no debug information, defaulting to function/basic block info
instrumenter::VERBO: [Instrumenter - IRBuilder] Instruction has no debug information, defaulting to function/basic block info
instrumenter::VERBO: [Instrumenter - IRBuilder] Instruction has no debug information, defaulting to function/basic block info
instrumenter::VERBO: [Instrumenter - IRBuilder] Instruction has no debug information, defaulting to function/basic block info
instrumenter::VERBO: [Instrumenter - IRBuilder] Instruction has no debug information, defaulting to function/basic block info
instrumenter::VERBO: [Instrumenter - IRBuilder] Instruction has no debug information, defaulting to function/basic block info
instrumenter::VERBO: [Instrumenter - IRBuilder] Instruction has no debug information, defaulting to function/basic block info
instrumenter::VERBO: [Instrumenter - IRBuilder] Instruction has no debug information, defaulting to function/basic block info
instrumenter::VERBO: [Instrumenter - IRBuilder] Instruction has no debug information, defaulting to function/basic block info
instrumenter::VERBO: [Instrumenter - IRBuilder] Instruction has no debug information, defaulting to function/basic block info
instrumenter::VERBO: [Instrumenter - IRBuilder] Instruction has no debug information, defaulting to function/basic block info
instrumenter::VERBO: [Instrumenter - IRBuilder] Instruction has no debug information, defaulting to function/basic block info
instrumenter::VERBO: [Instrumenter - IRBuilder] Instruction has no debug information, defaulting to function/basic block info
instrumenter::VERBO: [Instrumenter - IRBuilder] Instruction has no debug information, defaulting to function/basic block info
instrumenter::VERBO: [Instrumenter - IRBuilder] Instruction has no debug information, defaulting to function/basic block info
instrumenter::VERBO: [Instrumenter - IRBuilder] Instruction has no debug information, defaulting to function/basic block info
instrumenter::VERBO: [Instrumenter - IRBuilder] Instruction has no debug information, defaulting to function/basic block info
instrumenter::VERBO: [Instrumenter - IRBuilder] Instruction has no debug information, defaulting to function/basic block info
instrumenter::VERBO: [Instrumenter - IRBuilder] Instruction has no debug information, defaulting to function/basic block info
instrumenter::VERBO: [Instrumenter - IRBuilder] Instruction has no debug information, defaulting to function/basic block info
instrumenter::VERBO: [Instrumenter - IRBuilder] Instruction has no debug information, defaulting to function/basic block info
instrumenter::VERBO: [Instrumenter - IRBuilder] Instruction has no debug information, defaulting to function/basic block info
instrumenter::VERBO: [Instrumenter - IRBuilder] Instruction has no debug information, defaulting to function/basic block info
instrumenter::VERBO: [Instrumenter - IRBuilder] Instruction has no debug information, defaulting to function/basic block info
instrumenter::VERBO: [Instrumenter - IRBuilder] Instruction has no debug information, defaulting to function/basic block info
instrumenter::VERBO: [Instrumenter - IRBuilder] Instruction has no debug information, defaulting to function/basic block info
instrumenter::VERBO: [Instrumenter - IRBuilder] Instruction has no debug information, defaulting to function/basic block info
instrumenter::VERBO: [Instrumenter - IRBuilder] Instruction has no debug information, defaulting to function/basic block info
instrumenter::VERBO: [Instrumenter - IRBuilder] Instruction has no debug information, defaulting to function/basic block info
instrumenter::VERBO: [Instrumenter - IRBuilder] Instruction has no debug information, defaulting to function/basic block info
instrumenter::VERBO: [Instrumenter - IRBuilder] Instruction has no debug information, defaulting to function/basic block info
instrumenter::VERBO: [Instrumenter - IRBuilder] Instruction has no debug information, defaulting to function/basic block info
instrumenter::VERBO: [Instrumenter - IRBuilder] Instruction has no debug information, defaulting to function/basic block info
instrumenter::VERBO: [Instrumenter - IRBuilder] Instruction has no debug information, defaulting to function/basic block info
instrumenter::VERBO: [Instrumenter - IRBuilder] Instruction has no debug information, defaulting to function/basic block info
instrumenter::VERBO: [Instrumenter - IRBuilder] Instruction has no debug information, defaulting to function/basic block info
instrumenter::VERBO: [Instrumenter - IRBuilder] Instruction has no debug information, defaulting to function/basic block info
instrumenter::VERBO: [Instrumenter - IRBuilder] Instruction has no debug information, defaulting to function/basic block info
instrumenter::VERBO: [Instrumenter - IRBuilder] Instruction has no debug information, defaulting to function/basic block info
instrumenter::VERBO: [Instrumenter - IRBuilder] Instruction has no debug information, defaulting to function/basic block info
instrumenter::VERBO: [Instrumenter - IRBuilder] Instruction has no debug information, defaulting to function/basic block info
instrumenter::VERBO: [Instrumenter - IRBuilder] Instruction has no debug information, defaulting to function/basic block info
instrumenter::VERBO: [Instrumenter - IRBuilder] Instruction has no debug information, defaulting to function/basic block info
instrumenter::VERBO: [Instrumenter - IRBuilder] Instruction has no debug information, defaulting to function/basic block info
instrumenter::VERBO: [Instrumenter - IRBuilder] Instruction has no debug information, defaulting to function/basic block info
instrumenter::VERBO: [Instrumenter - IRBuilder] Instruction has no debug information, defaulting to function/basic block info
instrumenter::VERBO: [Instrumenter - IRBuilder] Instruction has no debug information, defaulting to function/basic block info
instrumenter::VERBO: [Instrumenter - IRBuilder] Instruction has no debug information, defaulting to function/basic block info
instrumenter::VERBO: [Instrumenter - IRBuilder] Instruction has no debug information, defaulting to function/basic block info
instrumenter::VERBO: [Instrumenter - IRBuilder] Instruction has no debug information, defaulting to function/basic block info
instrumenter::VERBO: [Instrumenter - IRBuilder] Instruction has no debug information, defaulting to function/basic block info
instrumenter::VERBO: [Instrumenter - IRBuilder] Instruction has no debug information, defaulting to function/basic block info
instrumenter::VERBO: [Instrumenter - IRBuilder] Instruction has no debug information, defaulting to function/basic block info
instrumenter::VERBO: [Instrumenter - IRBuilder] Instruction has no debug information, defaulting to function/basic block info
instrumenter::VERBO: [Instrumenter - IRBuilder] Instruction has no debug information, defaulting to function/basic block info
instrumenter::VERBO: [Instrumenter - IRBuilder] Instruction has no debug information, defaulting to function/basic block info
instrumenter::VERBO: [Instrumenter - IRBuilder] Instruction has no debug information, defaulting to function/basic block info
instrumenter::VERBO: [Instrumenter - IRBuilder] Instruction has no debug information, defaulting to function/basic block info
instrumenter::VERBO: [Instrumenter - IRBuilder] Instruction has no debug information, defaulting to function/basic block info
instrumenter::VERBO: [Instrumenter - IRBuilder] Instruction has no debug information, defaulting to function/basic block info
instrumenter::VERBO: [Instrumenter - IRBuilder] Instruction has no debug information, defaulting to function/basic block info
instrumenter::VERBO: [Instrumenter - IRBuilder] Instruction has no debug information, defaulting to function/basic block info
instrumenter::VERBO: [Instrumenter - IRBuilder] Instruction has no debug information, defaulting to function/basic block info
instrumenter::VERBO: [Instrumenter - IRBuilder] Instruction has no debug information, defaulting to function/basic block info
instrumenter::VERBO: [Instrumenter - IRBuilder] Instruction has no debug information, defaulting to function/basic block info
instrumenter::VERBO: [Instrumenter - IRBuilder] Instruction has no debug information, defaulting to function/basic block info
instrumenter::VERBO: [Instrumenter - IRBuilder] Instruction has no debug information, defaulting to function/basic block info
instrumenter::VERBO: [Instrumenter - IRBuilder] Instruction has no debug information, defaulting to function/basic block info
instrumenter::VERBO: [Instrumenter - IRBuilder] Instruction has no debug information, defaulting to function/basic block info
instrumenter::VERBO: [Instrumenter - IRBuilder] Instruction has no debug information, defaulting to function/basic block info
instrumenter::VERBO: [Instrumenter - IRBuilder] Instruction has no debug information, defaulting to function/basic block info
instrumenter::VERBO: [Instrumenter - IRBuilder] Instruction has no debug information, defaulting to function/basic block info
instrumenter::VERBO: [Instrumenter - IRBuilder] Instruction has no debug information, defaulting to function/basic block info
instrumenter::VERBO: [Instrumenter - IRBuilder] Instruction has no debug information, defaulting to function/basic block info
instrumenter::VERBO: [Instrumenter - IRBuilder] Instruction has no debug information, defaulting to function/basic block info
instrumenter::VERBO: [Instrumenter - IRBuilder] Instruction has no debug information, defaulting to function/basic block info
instrumenter::VERBO: [Instrumenter - IRBuilder] Instruction has no debug information, defaulting to function/basic block info
instrumenter::VERBO: [Instrumenter - IRBuilder] Instruction has no debug information, defaulting to function/basic block info
instrumenter::VERBO: [Instrumenter - IRBuilder] Instruction has no debug information, defaulting to function/basic block info
instrumenter::VERBO: [Instrumenter - IRBuilder] Instruction has no debug information, defaulting to function/basic block info
instrumenter::VERBO: [Instrumenter - IRBuilder] Instruction has no debug information, defaulting to function/basic block info
instrumenter::VERBO: [Instrumenter - IRBuilder] Instruction has no debug information, defaulting to function/basic block info
instrumenter::VERBO: [Instrumenter - IRBuilder] Instruction has no debug information, defaulting to function/basic block info
instrumenter::VERBO: [Instrumenter - IRBuilder] Instruction has no debug information, defaulting to function/basic block info
instrumenter::VERBO: [Instrumenter - IRBuilder] Instruction has no debug information, defaulting to function/basic block info
instrumenter::VERBO: [Instrumenter - IRBuilder] Instruction has no debug information, defaulting to function/basic block info
instrumenter::VERBO: [Instrumenter - IRBuilder] Instruction has no debug information, defaulting to function/basic block info
instrumenter::VERBO: [Instrumenter - IRBuilder] Instruction has no debug information, defaulting to function/basic block info
instrumenter::VERBO: [Instrumenter - IRBuilder] Instruction has no debug information, defaulting to function/basic block info
instrumenter::VERBO: [Instrumenter - IRBuilder] Instruction has no debug information, defaulting to function/basic block info
instrumenter::VERBO: [Instrumenter - IRBuilder] Instruction has no debug information, defaulting to function/basic block info
instrumenter::VERBO: [Instrumenter - IRBuilder] Instruction has no debug information, defaulting to function/basic block info
instrumenter::VERBO: [Instrumenter - IRBuilder] Instruction has no debug information, defaulting to function/basic block info
instrumenter::VERBO: [Instrumenter - IRBuilder] Instruction has no debug information, defaulting to function/basic block info
instrumenter::VERBO: [Instrumenter - IRBuilder] Instruction has no debug information, defaulting to function/basic block info
instrumenter::VERBO: [Instrumenter - IRBuilder] Instruction has no debug information, defaulting to function/basic block info
instrumenter::VERBO: [Instrumenter - IRBuilder] Instruction has no debug information, defaulting to function/basic block info
instrumenter::VERBO: [Instrumenter - IRBuilder] Instruction has no debug information, defaulting to function/basic block info
instrumenter::VERBO: [Instrumenter - IRBuilder] Instruction has no debug information, defaulting to function/basic block info
instrumenter::VERBO: [Instrumenter - IRBuilder] Instruction has no debug information, defaulting to function/basic block info
instrumenter::VERBO: [Instrumenter - IRBuilder] Instruction has no debug information, defaulting to function/basic block info
instrumenter::VERBO: [Instrumenter - IRBuilder] Instruction has no debug information, defaulting to function/basic block info
instrumenter::VERBO: [Instrumenter - IRBuilder] Instruction has no debug information, defaulting to function/basic block info
instrumenter::VERBO: [Instrumenter - IRBuilder] Instruction has no debug information, defaulting to function/basic block info
instrumenter::VERBO: [Instrumenter - IRBuilder] Instruction has no debug information, defaulting to function/basic block info
instrumenter::VERBO: [Instrumenter - IRBuilder] Instruction has no debug information, defaulting to function/basic block info
instrumenter::VERBO: [Instrumenter - IRBuilder] Instruction has no debug information, defaulting to function/basic block info
instrumenter::VERBO: [Instrumenter - IRBuilder] Instruction has no debug information, defaulting to function/basic block info
instrumenter::VERBO: [Instrumenter - IRBuilder] Instruction has no debug information, defaulting to function/basic block info
instrumenter::VERBO: [Instrumenter - IRBuilder] Instruction has no debug information, defaulting to function/basic block info
instrumenter::VERBO: [Instrumenter - IRBuilder] Instruction has no debug information, defaulting to function/basic block info
instrumenter::VERBO: [Instrumenter - IRBuilder] Instruction has no debug information, defaulting to function/basic block info
instrumenter::VERBO: [Instrumenter - IRBuilder] Instruction has no debug information, defaulting to function/basic block info
instrumenter::VERBO: [Instrumenter - IRBuilder] Instruction has no debug information, defaulting to function/basic block info
instrumenter::VERBO: [Instrumenter - IRBuilder] Instruction has no debug information, defaulting to function/basic block info
instrumenter::VERBO: [Instrumenter - IRBuilder] Instruction has no debug information, defaulting to function/basic block info
instrumenter::VERBO: [Instrumenter - IRBuilder] Instruction has no debug information, defaulting to function/basic block info
instrumenter::VERBO: [Instrumenter - IRBuilder] Instruction has no debug information, defaulting to function/basic block info
instrumenter::VERBO: [Instrumenter - IRBuilder] Instruction has no debug information, defaulting to function/basic block info
instrumenter::VERBO: [Instrumenter - IRBuilder] Instruction has no debug information, defaulting to function/basic block info
instrumenter::VERBO: [Instrumenter - IRBuilder] Instruction has no debug information, defaulting to function/basic block info
instrumenter::VERBO: [Instrumenter - IRBuilder] Instruction has no debug information, defaulting to function/basic block info
instrumenter::VERBO: [Instrumenter - IRBuilder] Instruction has no debug information, defaulting to function/basic block info
instrumenter::VERBO: [Instrumenter - IRBuilder] Instruction has no debug information, defaulting to function/basic block info
instrumenter::VERBO: [Instrumenter - IRBuilder] Instruction has no debug information, defaulting to function/basic block info
instrumenter::VERBO: [Instrumenter - IRBuilder] Instruction has no debug information, defaulting to function/basic block info
instrumenter::VERBO: [Instrumenter - IRBuilder] Instruction has no debug information, defaulting to function/basic block info
instrumenter::VERBO: [Instrumenter - IRBuilder] Instruction has no debug information, defaulting to function/basic block info
instrumenter::VERBO: [Instrumenter - IRBuilder] Instruction has no debug information, defaulting to function/basic block info
instrumenter::VERBO: [Instrumenter - IRBuilder] Instruction has no debug information, defaulting to function/basic block info
instrumenter::VERBO: [Instrumenter - IRBuilder] Instruction has no debug information, defaulting to function/basic block info
instrumenter::VERBO: [Instrumenter - IRBuilder] Instruction has no debug information, defaulting to function/basic block info
instrumenter::VERBO: [Instrumenter - IRBuilder] Instruction has no debug information, defaulting to function/basic block info
instrumenter::VERBO: [Instrumenter - IRBuilder] Instruction has no debug information, defaulting to function/basic block info
instrumenter::VERBO: [Instrumenter - IRBuilder] Instruction has no debug information, defaulting to function/basic block info
instrumenter::VERBO: [Instrumenter - IRBuilder] Instruction has no debug information, defaulting to function/basic block info
instrumenter::VERBO: [Instrumenter - IRBuilder] Instruction has no debug information, defaulting to function/basic block info
instrumenter::VERBO: [Instrumenter - IRBuilder] Instruction has no debug information, defaulting to function/basic block info
instrumenter::VERBO: [Instrumenter - IRBuilder] Instruction has no debug information, defaulting to function/basic block info
instrumenter::VERBO: [Instrumenter - IRBuilder] Instruction has no debug information, defaulting to function/basic block info
instrumenter::VERBO: [Instrumenter - IRBuilder] Instruction has no debug information, defaulting to function/basic block info
instrumenter::VERBO: [Instrumenter - IRBuilder] Instruction has no debug information, defaulting to function/basic block info
instrumenter::VERBO: [Instrumenter - IRBuilder] Instruction has no debug information, defaulting to function/basic block info
instrumenter::VERBO: [Instrumenter - IRBuilder] Instruction has no debug information, defaulting to function/basic block info
instrumenter::VERBO: [Instrumenter - IRBuilder] Instruction has no debug information, defaulting to function/basic block info
instrumenter::VERBO: [Instrumenter - IRBuilder] Instruction has no debug information, defaulting to function/basic block info
instrumenter::VERBO: [Instrumenter - IRBuilder] Instruction has no debug information, defaulting to function/basic block info
instrumenter::VERBO: [Instrumenter - IRBuilder] Instruction has no debug information, defaulting to function/basic block info
instrumenter::VERBO: [Instrumenter - IRBuilder] Instruction has no debug information, defaulting to function/basic block info
instrumenter::VERBO: [Instrumenter - IRBuilder] Instruction has no debug information, defaulting to function/basic block info
instrumenter::VERBO: [Instrumenter - IRBuilder] Instruction has no debug information, defaulting to function/basic block info
instrumenter::VERBO: [Instrumenter - IRBuilder] Instruction has no debug information, defaulting to function/basic block info
instrumenter::VERBO: [Instrumenter - IRBuilder] Instruction has no debug information, defaulting to function/basic block info
instrumenter::VERBO: [Instrumenter - IRBuilder] Instruction has no debug information, defaulting to function/basic block info
instrumenter::VERBO: [Instrumenter - IRBuilder] Instruction has no debug information, defaulting to function/basic block info
instrumenter::VERBO: [Instrumenter - IRBuilder] Instruction has no debug information, defaulting to function/basic block info
instrumenter::VERBO: [Instrumenter - IRBuilder] Instruction has no debug information, defaulting to function/basic block info
instrumenter::VERBO: [Instrumenter - IRBuilder] Instruction has no debug information, defaulting to function/basic block info
instrumenter::VERBO: [Instrumenter - IRBuilder] Instruction has no debug information, defaulting to function/basic block info
instrumenter::VERBO: [Instrumenter - IRBuilder] Instruction has no debug information, defaulting to function/basic block info
instrumenter::VERBO: [Instrumenter - IRBuilder] Instruction has no debug information, defaulting to function/basic block info
instrumenter::VERBO: [Instrumenter - IRBuilder] Instruction has no debug information, defaulting to function/basic block info
instrumenter::VERBO: [Instrumenter - IRBuilder] Instruction has no debug information, defaulting to function/basic block info
instrumenter::VERBO: [Instrumenter - IRBuilder] Instruction has no debug information, defaulting to function/basic block info
instrumenter::VERBO: [Instrumenter - IRBuilder] Instruction has no debug information, defaulting to function/basic block info
instrumenter::VERBO: [Instrumenter - IRBuilder] Instruction has no debug information, defaulting to function/basic block info
instrumenter::VERBO: [Instrumenter - IRBuilder] Instruction has no debug information, defaulting to function/basic block info
instrumenter::VERBO: [Instrumenter - IRBuilder] Instruction has no debug information, defaulting to function/basic block info
instrumenter::VERBO: [Instrumenter - IRBuilder] Instruction has no debug information, defaulting to function/basic block info
instrumenter::VERBO: [Instrumenter - IRBuilder] Instruction has no debug information, defaulting to function/basic block info
instrumenter::VERBO: [Instrumenter - IRBuilder] Instruction has no debug information, defaulting to function/basic block info
instrumenter::VERBO: [Instrumenter - IRBuilder] Instruction has no debug information, defaulting to function/basic block info
instrumenter::VERBO: [Instrumenter - IRBuilder] Instruction has no debug information, defaulting to function/basic block info
instrumenter::VERBO: [Instrumenter - IRBuilder] Instruction has no debug information, defaulting to function/basic block info
instrumenter::VERBO: [Instrumenter - IRBuilder] Instruction has no debug information, defaulting to function/basic block info
instrumenter::VERBO: [Instrumenter - IRBuilder] Instruction has no debug information, defaulting to function/basic block info
instrumenter::VERBO: [Instrumenter - IRBuilder] Instruction has no debug information, defaulting to function/basic block info
instrumenter::VERBO: [Instrumenter - IRBuilder] Instruction has no debug information, defaulting to function/basic block info
instrumenter::VERBO: [Instrumenter - IRBuilder] Instruction has no debug information, defaulting to function/basic block info
instrumenter::VERBO: [Instrumenter - IRBuilder] Instruction has no debug information, defaulting to function/basic block info
instrumenter::VERBO: [Instrumenter - IRBuilder] Instruction has no debug information, defaulting to function/basic block info
instrumenter::VERBO: [Instrumenter - IRBuilder] Instruction has no debug information, defaulting to function/basic block info
instrumenter::VERBO: [Instrumenter - IRBuilder] Instruction has no debug information, defaulting to function/basic block info
instrumenter::VERBO: [Instrumenter - IRBuilder] Instruction has no debug information, defaulting to function/basic block info
instrumenter::VERBO: [Instrumenter - IRBuilder] Instruction has no debug information, defaulting to function/basic block info
instrumenter::VERBO: [Instrumenter - IRBuilder] Instruction has no debug information, defaulting to function/basic block info
instrumenter::VERBO: [Instrumenter - IRBuilder] Instruction has no debug information, defaulting to function/basic block info
instrumenter::VERBO: [Instrumenter - IRBuilder] Instruction has no debug information, defaulting to function/basic block info
instrumenter::VERBO: [Instrumenter - IRBuilder] Instruction has no debug information, defaulting to function/basic block info
instrumenter::VERBO: [Instrumenter - IRBuilder] Instruction has no debug information, defaulting to function/basic block info
instrumenter::VERBO: [Instrumenter - IRBuilder] Instruction has no debug information, defaulting to function/basic block info
instrumenter::VERBO: [Instrumenter - IRBuilder] Instruction has no debug information, defaulting to function/basic block info
instrumenter::VERBO: [Instrumenter - IRBuilder] Instruction has no debug information, defaulting to function/basic block info
instrumenter::VERBO: [Instrumenter - IRBuilder] Instruction has no debug information, defaulting to function/basic block info
instrumenter::VERBO: [Instrumenter - IRBuilder] Instruction has no debug information, defaulting to function/basic block info
instrumenter::VERBO: [Instrumenter - IRBuilder] Instruction has no debug information, defaulting to function/basic block info
instrumenter::VERBO: [Instrumenter - IRBuilder] Instruction has no debug information, defaulting to function/basic block info
instrumenter::VERBO: [Instrumenter - IRBuilder] Instruction has no debug information, defaulting to function/basic block info
instrumenter::VERBO: [Instrumenter - IRBuilder] Instruction has no debug information, defaulting to function/basic block info
instrumenter::VERBO: [Instrumenter - IRBuilder] Instruction has no debug information, defaulting to function/basic block info
instrumenter::VERBO: [Instrumenter - IRBuilder] Instruction has no debug information, defaulting to function/basic block info
instrumenter::VERBO: [Instrumenter - IRBuilder] Instruction has no debug information, defaulting to function/basic block info
instrumenter::VERBO: [Instrumenter - IRBuilder] Instruction has no debug information, defaulting to function/basic block info
instrumenter::VERBO: [Instrumenter - IRBuilder] Instruction has no debug information, defaulting to function/basic block info
instrumenter::VERBO: [Instrumenter - IRBuilder] Instruction has no debug information, defaulting to function/basic block info
instrumenter::VERBO: [Instrumenter - IRBuilder] Instruction has no debug information, defaulting to function/basic block info
instrumenter::VERBO: [Instrumenter - IRBuilder] Instruction has no debug information, defaulting to function/basic block info
instrumenter::VERBO: [Instrumenter - IRBuilder] Instruction has no debug information, defaulting to function/basic block info
instrumenter::VERBO: [Instrumenter - IRBuilder] Instruction has no debug information, defaulting to function/basic block info
instrumenter::VERBO: [Instrumenter - IRBuilder] Instruction has no debug information, defaulting to function/basic block info
instrumenter::VERBO: [Instrumenter - IRBuilder] Instruction has no debug information, defaulting to function/basic block info
instrumenter::VERBO: [Instrumenter - IRBuilder] Instruction has no debug information, defaulting to function/basic block info
instrumenter::VERBO: [Instrumenter - IRBuilder] Instruction has no debug information, defaulting to function/basic block info
instrumenter::VERBO: [Instrumenter - IRBuilder] Instruction has no debug information, defaulting to function/basic block info
instrumenter::VERBO: [Instrumenter - IRBuilder] Instruction has no debug information, defaulting to function/basic block info
instrumenter::VERBO: [Instrumenter - IRBuilder] Instruction has no debug information, defaulting to function/basic block info
instrumenter::VERBO: [Instrumenter - IRBuilder] Instruction has no debug information, defaulting to function/basic block info
instrumenter::VERBO: [Instrumenter - IRBuilder] Instruction has no debug information, defaulting to function/basic block info
instrumenter::VERBO: [Instrumenter - IRBuilder] Instruction has no debug information, defaulting to function/basic block info
instrumenter::VERBO: [Instrumenter - IRBuilder] Instruction has no debug information, defaulting to function/basic block info
instrumenter::VERBO: [Instrumenter - IRBuilder] Instruction has no debug information, defaulting to function/basic block info
instrumenter::VERBO: [Instrumenter - IRBuilder] Instruction has no debug information, defaulting to function/basic block info
instrumenter::VERBO: [Instrumenter - IRBuilder] Instruction has no debug information, defaulting to function/basic block info
instrumenter::VERBO: [Instrumenter - IRBuilder] Instruction has no debug information, defaulting to function/basic block info
instrumenter::VERBO: [Instrumenter - IRBuilder] Instruction has no debug information, defaulting to function/basic block info
instrumenter::VERBO: [Instrumenter - IRBuilder] Instruction has no debug information, defaulting to function/basic block info
instrumenter::VERBO: [Instrumenter - IRBuilder] Instruction has no debug information, defaulting to function/basic block info
instrumenter::VERBO: [Instrumenter - IRBuilder] Instruction has no debug information, defaulting to function/basic block info
instrumenter::VERBO: [Instrumenter - IRBuilder] Instruction has no debug information, defaulting to function/basic block info
instrumenter::VERBO: [Instrumenter - IRBuilder] Instruction has no debug information, defaulting to function/basic block info
instrumenter::VERBO: [Instrumenter - IRBuilder] Instruction has no debug information, defaulting to function/basic block info
instrumenter::VERBO: [Instrumenter - IRBuilder] Instruction has no debug information, defaulting to function/basic block info
instrumenter::VERBO: [Instrumenter - IRBuilder] Instruction has no debug information, defaulting to function/basic block info
instrumenter::VERBO: [Instrumenter - IRBuilder] Instruction has no debug information, defaulting to function/basic block info
instrumenter::VERBO: [Instrumenter - IRBuilder] Instruction has no debug information, defaulting to function/basic block info
instrumenter::VERBO: [Instrumenter - IRBuilder] Instruction has no debug information, defaulting to function/basic block info
instrumenter::VERBO: [Instrumenter - IRBuilder] Instruction has no debug information, defaulting to function/basic block info
instrumenter::VERBO: [Instrumenter - IRBuilder] Instruction has no debug information, defaulting to function/basic block info
instrumenter::VERBO: [Instrumenter - IRBuilder] Instruction has no debug information, defaulting to function/basic block info
instrumenter::VERBO: [Instrumenter - IRBuilder] Instruction has no debug information, defaulting to function/basic block info
instrumenter::VERBO: [Instrumenter - IRBuilder] Instruction has no debug information, defaulting to function/basic block info
instrumenter::VERBO: [Instrumenter - IRBuilder] Instruction has no debug information, defaulting to function/basic block info
instrumenter::VERBO: [Instrumenter - IRBuilder] Instruction has no debug information, defaulting to function/basic block info
instrumenter::VERBO: [Instrumenter - IRBuilder] Instruction has no debug information, defaulting to function/basic block info
instrumenter::VERBO: [Instrumenter - IRBuilder] Instruction has no debug information, defaulting to function/basic block info
instrumenter::VERBO: [Instrumenter - IRBuilder] Instruction has no debug information, defaulting to function/basic block info
instrumenter::VERBO: [Instrumenter - IRBuilder] Instruction has no debug information, defaulting to function/basic block info
instrumenter::VERBO: [Instrumenter - IRBuilder] Instruction has no debug information, defaulting to function/basic block info
instrumenter::VERBO: [Instrumenter - IRBuilder] Instruction has no debug information, defaulting to function/basic block info
instrumenter::VERBO: [Instrumenter - IRBuilder] Instruction has no debug information, defaulting to function/basic block info
instrumenter::VERBO: [Instrumenter - IRBuilder] Instruction has no debug information, defaulting to function/basic block info
instrumenter::VERBO: [Instrumenter - IRBuilder] Instruction has no debug information, defaulting to function/basic block info
instrumenter::VERBO: [Instrumenter - IRBuilder] Instruction has no debug information, defaulting to function/basic block info
instrumenter::VERBO: [Instrumenter - IRBuilder] Instruction has no debug information, defaulting to function/basic block info
instrumenter::VERBO: [Instrumenter - IRBuilder] Instruction has no debug information, defaulting to function/basic block info
instrumenter::VERBO: [Instrumenter - IRBuilder] Instruction has no debug information, defaulting to function/basic block info
instrumenter::VERBO: [Instrumenter - IRBuilder] Instruction has no debug information, defaulting to function/basic block info
instrumenter::VERBO: [Instrumenter - IRBuilder] Instruction has no debug information, defaulting to function/basic block info
instrumenter::VERBO: [Instrumenter - IRBuilder] Instruction has no debug information, defaulting to function/basic block info
instrumenter::VERBO: [Instrumenter - IRBuilder] Instruction has no debug information, defaulting to function/basic block info
instrumenter::VERBO: [Instrumenter - IRBuilder] Instruction has no debug information, defaulting to function/basic block info
instrumenter::VERBO: [Instrumenter - IRBuilder] Instruction has no debug information, defaulting to function/basic block info
instrumenter::VERBO: [Instrumenter - IRBuilder] Instruction has no debug information, defaulting to function/basic block info
instrumenter::VERBO: [Instrumenter - IRBuilder] Instruction has no debug information, defaulting to function/basic block info
instrumenter::VERBO: [Instrumenter - IRBuilder] Instruction has no debug information, defaulting to function/basic block info
instrumenter::VERBO: [Instrumenter - IRBuilder] Instruction has no debug information, defaulting to function/basic block info
instrumenter::VERBO: [Instrumenter - IRBuilder] Instruction has no debug information, defaulting to function/basic block info
instrumenter::VERBO: [Instrumenter - IRBuilder] Instruction has no debug information, defaulting to function/basic block info
instrumenter::VERBO: [Instrumenter - IRBuilder] Instruction has no debug information, defaulting to function/basic block info
instrumenter::VERBO: [Instrumenter - IRBuilder] Instruction has no debug information, defaulting to function/basic block info
instrumenter::VERBO: [Instrumenter - IRBuilder] Instruction has no debug information, defaulting to function/basic block info
instrumenter::VERBO: [Instrumenter - IRBuilder] Instruction has no debug information, defaulting to function/basic block info
instrumenter::VERBO: [Instrumenter - IRBuilder] Instruction has no debug information, defaulting to function/basic block info
instrumenter::VERBO: [Instrumenter - IRBuilder] Instruction has no debug information, defaulting to function/basic block info
instrumenter::VERBO: [Instrumenter - IRBuilder] Instruction has no debug information, defaulting to function/basic block info
instrumenter::VERBO: [Instrumenter - IRBuilder] Instruction has no debug information, defaulting to function/basic block info
instrumenter::VERBO: [Instrumenter - IRBuilder] Instruction has no debug information, defaulting to function/basic block info
instrumenter::VERBO: [Instrumenter - IRBuilder] Instruction has no debug information, defaulting to function/basic block info
instrumenter::VERBO: [Instrumenter - IRBuilder] Instruction has no debug information, defaulting to function/basic block info
instrumenter::VERBO: [Instrumenter - IRBuilder] Instruction has no debug information, defaulting to function/basic block info
instrumenter::VERBO: [Instrumenter - IRBuilder] Instruction has no debug information, defaulting to function/basic block info
instrumenter::VERBO: [Instrumenter - IRBuilder] Instruction has no debug information, defaulting to function/basic block info
instrumenter::VERBO: [Instrumenter - IRBuilder] Instruction has no debug information, defaulting to function/basic block info
instrumenter::VERBO: [Instrumenter - IRBuilder] Instruction has no debug information, defaulting to function/basic block info
instrumenter::VERBO: [Instrumenter - IRBuilder] Instruction has no debug information, defaulting to function/basic block info
instrumenter::VERBO: [Instrumenter - IRBuilder] Instruction has no debug information, defaulting to function/basic block info
instrumenter::VERBO: [Instrumenter - IRBuilder] Instruction has no debug information, defaulting to function/basic block info
instrumenter::VERBO: [Instrumenter - IRBuilder] Instruction has no debug information, defaulting to function/basic block info
instrumenter::VERBO: [Instrumenter - IRBuilder] Instruction has no debug information, defaulting to function/basic block info
instrumenter::VERBO: [Instrumenter - IRBuilder] Instruction has no debug information, defaulting to function/basic block info
instrumenter::VERBO: [Instrumenter - IRBuilder] Instruction has no debug information, defaulting to function/basic block info
instrumenter::VERBO: [Instrumenter - IRBuilder] Instruction has no debug information, defaulting to function/basic block info
instrumenter::VERBO: [Instrumenter - IRBuilder] Instruction has no debug information, defaulting to function/basic block info
instrumenter::VERBO: [Instrumenter - IRBuilder] Instruction has no debug information, defaulting to function/basic block info
instrumenter::VERBO: [Instrumenter - IRBuilder] Instruction has no debug information, defaulting to function/basic block info
instrumenter::VERBO: [Instrumenter - IRBuilder] Instruction has no debug information, defaulting to function/basic block info
instrumenter::VERBO: [Instrumenter - IRBuilder] Instruction has no debug information, defaulting to function/basic block info
instrumenter::VERBO: [Instrumenter - IRBuilder] Instruction has no debug information, defaulting to function/basic block info
instrumenter::VERBO: [Instrumenter - IRBuilder] Instruction has no debug information, defaulting to function/basic block info
instrumenter::VERBO: [Instrumenter - IRBuilder] Instruction has no debug information, defaulting to function/basic block info
instrumenter::VERBO: [Instrumenter - IRBuilder] Instruction has no debug information, defaulting to function/basic block info
instrumenter::VERBO: [Instrumenter - IRBuilder] Instruction has no debug information, defaulting to function/basic block info
instrumenter::VERBO: [Instrumenter - IRBuilder] Instruction has no debug information, defaulting to function/basic block info
instrumenter::VERBO: [Instrumenter - IRBuilder] Instruction has no debug information, defaulting to function/basic block info
instrumenter::VERBO: [Instrumenter - IRBuilder] Instruction has no debug information, defaulting to function/basic block info
instrumenter::VERBO: [Instrumenter - IRBuilder] Instruction has no debug information, defaulting to function/basic block info
instrumenter::VERBO: [Instrumenter - IRBuilder] Instruction has no debug information, defaulting to function/basic block info
instrumenter::VERBO: [Instrumenter - IRBuilder] Instruction has no debug information, defaulting to function/basic block info
instrumenter::VERBO: [Instrumenter - IRBuilder] Instruction has no debug information, defaulting to function/basic block info
instrumenter::VERBO: [Instrumenter - IRBuilder] Instruction has no debug information, defaulting to function/basic block info
instrumenter::VERBO: [Instrumenter - IRBuilder] Instruction has no debug information, defaulting to function/basic block info
instrumenter::VERBO: [Instrumenter - IRBuilder] Instruction has no debug information, defaulting to function/basic block info
instrumenter::VERBO: [Instrumenter - IRBuilder] Instruction has no debug information, defaulting to function/basic block info
instrumenter::VERBO: [Instrumenter - IRBuilder] Instruction has no debug information, defaulting to function/basic block info
instrumenter::VERBO: [Instrumenter - IRBuilder] Instruction has no debug information, defaulting to function/basic block info
instrumenter::VERBO: [Instrumenter - IRBuilder] Instruction has no debug information, defaulting to function/basic block info
instrumenter::VERBO: [Instrumenter - IRBuilder] Instruction has no debug information, defaulting to function/basic block info
instrumenter::VERBO: [Instrumenter - IRBuilder] Instruction has no debug information, defaulting to function/basic block info
instrumenter::VERBO: [Instrumenter - IRBuilder] Instruction has no debug information, defaulting to function/basic block info
instrumenter::VERBO: [Instrumenter - IRBuilder] Instruction has no debug information, defaulting to function/basic block info
instrumenter::VERBO: [Instrumenter - IRBuilder] Instruction has no debug information, defaulting to function/basic block info
instrumenter::VERBO: [Instrumenter - IRBuilder] Instruction has no debug information, defaulting to function/basic block info
instrumenter::VERBO: [Instrumenter - IRBuilder] Instruction has no debug information, defaulting to function/basic block info
instrumenter::VERBO: [Instrumenter - IRBuilder] Instruction has no debug information, defaulting to function/basic block info
instrumenter::VERBO: [Instrumenter - IRBuilder] Instruction has no debug information, defaulting to function/basic block info
instrumenter::VERBO: [Instrumenter - IRBuilder] Instruction has no debug information, defaulting to function/basic block info
instrumenter::VERBO: [Instrumenter - IRBuilder] Instruction has no debug information, defaulting to function/basic block info
instrumenter::VERBO: [Instrumenter - IRBuilder] Instruction has no debug information, defaulting to function/basic block info
instrumenter::VERBO: [Instrumenter - IRBuilder] Instruction has no debug information, defaulting to function/basic block info
instrumenter::VERBO: [Instrumenter - IRBuilder] Instruction has no debug information, defaulting to function/basic block info
instrumenter::VERBO: [Instrumenter - IRBuilder] Instruction has no debug information, defaulting to function/basic block info
instrumenter::VERBO: [Instrumenter - IRBuilder] Instruction has no debug information, defaulting to function/basic block info
instrumenter::VERBO: [Instrumenter - IRBuilder] Instruction has no debug information, defaulting to function/basic block info
instrumenter::VERBO: [Instrumenter - IRBuilder] Instruction has no debug information, defaulting to function/basic block info
instrumenter::VERBO: [Instrumenter - IRBuilder] Instruction has no debug information, defaulting to function/basic block info
instrumenter::VERBO: [Instrumenter - IRBuilder] Instruction has no debug information, defaulting to function/basic block info
instrumenter::VERBO: [Instrumenter - IRBuilder] Instruction has no debug information, defaulting to function/basic block info
instrumenter::VERBO: [Instrumenter - IRBuilder] Instruction has no debug information, defaulting to function/basic block info
instrumenter::VERBO: [Instrumenter - IRBuilder] Instruction has no debug information, defaulting to function/basic block info
instrumenter::VERBO: [Instrumenter - IRBuilder] Instruction has no debug information, defaulting to function/basic block info
instrumenter::VERBO: [Instrumenter - IRBuilder] Instruction has no debug information, defaulting to function/basic block info
instrumenter::VERBO: [Instrumenter - IRBuilder] Instruction has no debug information, defaulting to function/basic block info
instrumenter::VERBO: [Instrumenter - IRBuilder] Instruction has no debug information, defaulting to function/basic block info
instrumenter::VERBO: [Instrumenter - IRBuilder] Instruction has no debug information, defaulting to function/basic block info
instrumenter::VERBO: [Instrumenter - IRBuilder] Instruction has no debug information, defaulting to function/basic block info
instrumenter::VERBO: [Instrumenter - IRBuilder] Instruction has no debug information, defaulting to function/basic block info
instrumenter::VERBO: [Instrumenter - IRBuilder] Instruction has no debug information, defaulting to function/basic block info
instrumenter::VERBO: [Instrumenter - IRBuilder] Instruction has no debug information, defaulting to function/basic block info
instrumenter::VERBO: [Instrumenter - IRBuilder] Instruction has no debug information, defaulting to function/basic block info
instrumenter::VERBO: [Instrumenter - IRBuilder] Instruction has no debug information, defaulting to function/basic block info
instrumenter::VERBO: [Instrumenter - IRBuilder] Instruction has no debug information, defaulting to function/basic block info
instrumenter::VERBO: [Instrumenter - IRBuilder] Instruction has no debug information, defaulting to function/basic block info
instrumenter::VERBO: [Instrumenter - IRBuilder] Instruction has no debug information, defaulting to function/basic block info
instrumenter::VERBO: [Instrumenter - IRBuilder] Instruction has no debug information, defaulting to function/basic block info
instrumenter::VERBO: [Instrumenter - IRBuilder] Instruction has no debug information, defaulting to function/basic block info
instrumenter::VERBO: [Instrumenter - IRBuilder] Instruction has no debug information, defaulting to function/basic block info
instrumenter::VERBO: [Instrumenter - IRBuilder] Instruction has no debug information, defaulting to function/basic block info
instrumenter::VERBO: [Instrumenter - IRBuilder] Instruction has no debug information, defaulting to function/basic block info
instrumenter::VERBO: [Instrumenter - IRBuilder] Instruction has no debug information, defaulting to function/basic block info
instrumenter::VERBO: [Instrumenter - IRBuilder] Instruction has no debug information, defaulting to function/basic block info
instrumenter::VERBO: [Instrumenter - IRBuilder] Instruction has no debug information, defaulting to function/basic block info
instrumenter::VERBO: [Instrumenter - IRBuilder] Instruction has no debug information, defaulting to function/basic block info
instrumenter::VERBO: [Instrumenter - IRBuilder] Instruction has no debug information, defaulting to function/basic block info
instrumenter::VERBO: [Instrumenter - IRBuilder] Instruction has no debug information, defaulting to function/basic block info
instrumenter::VERBO: [Instrumenter - IRBuilder] Instruction has no debug information, defaulting to function/basic block info
instrumenter::VERBO: [Instrumenter - IRBuilder] Instruction has no debug information, defaulting to function/basic block info
instrumenter::VERBO: [Instrumenter - IRBuilder] Instruction has no debug information, defaulting to function/basic block info
instrumenter::VERBO: [Instrumenter - IRBuilder] Instruction has no debug information, defaulting to function/basic block info
instrumenter::VERBO: [Instrumenter - IRBuilder] Instruction has no debug information, defaulting to function/basic block info
instrumenter::VERBO: [Instrumenter - IRBuilder] Instruction has no debug information, defaulting to function/basic block info
instrumenter::VERBO: [Instrumenter - IRBuilder] Instruction has no debug information, defaulting to function/basic block info
instrumenter::VERBO: [Instrumenter - IRBuilder] Instruction has no debug information, defaulting to function/basic block info
instrumenter::VERBO: [Instrumenter - IRBuilder] Instruction has no debug information, defaulting to function/basic block info
instrumenter::VERBO: [Instrumenter - IRBuilder] Instruction has no debug information, defaulting to function/basic block info
instrumenter::VERBO: [Instrumenter - IRBuilder] Instruction has no debug information, defaulting to function/basic block info
instrumenter::VERBO: [Instrumenter - IRBuilder] Instruction has no debug information, defaulting to function/basic block info
instrumenter::VERBO: [Instrumenter - IRBuilder] Instruction has no debug information, defaulting to function/basic block info
instrumenter::VERBO: [Instrumenter - IRBuilder] Instruction has no debug information, defaulting to function/basic block info
instrumenter::VERBO: [Instrumenter - IRBuilder] Instruction has no debug information, defaulting to function/basic block info
instrumenter::VERBO: [Instrumenter - IRBuilder] Instruction has no debug information, defaulting to function/basic block info
instrumenter::VERBO: [Instrumenter - IRBuilder] Instruction has no debug information, defaulting to function/basic block info
instrumenter::VERBO: [Instrumenter - IRBuilder] Instruction has no debug information, defaulting to function/basic block info
instrumenter::VERBO: [Instrumenter - IRBuilder] Instruction has no debug information, defaulting to function/basic block info
instrumenter::VERBO: [Instrumenter - IRBuilder] Instruction has no debug information, defaulting to function/basic block info
instrumenter::VERBO: [Instrumenter - IRBuilder] Instruction has no debug information, defaulting to function/basic block info
instrumenter::VERBO: [Instrumenter - IRBuilder] Instruction has no debug information, defaulting to function/basic block info
instrumenter::VERBO: [Instrumenter - IRBuilder] Instruction has no debug information, defaulting to function/basic block info
instrumenter::VERBO: [Instrumenter - IRBuilder] Instruction has no debug information, defaulting to function/basic block info
instrumenter::VERBO: [Instrumenter - IRBuilder] Instruction has no debug information, defaulting to function/basic block info
instrumenter::VERBO: [Instrumenter - IRBuilder] Instruction has no debug information, defaulting to function/basic block info
instrumenter::VERBO: [Instrumenter - IRBuilder] Instruction has no debug information, defaulting to function/basic block info
instrumenter::VERBO: [Instrumenter - IRBuilder] Instruction has no debug information, defaulting to function/basic block info
instrumenter::VERBO: [Instrumenter - IRBuilder] Instruction has no debug information, defaulting to function/basic block info
instrumenter::VERBO: [Instrumenter - IRBuilder] Instruction has no debug information, defaulting to function/basic block info
instrumenter::VERBO: [Instrumenter - IRBuilder] Instruction has no debug information, defaulting to function/basic block info
instrumenter::VERBO: [Instrumenter - IRBuilder] Instruction has no debug information, defaulting to function/basic block info
instrumenter::VERBO: [Instrumenter - IRBuilder] Instruction has no debug information, defaulting to function/basic block info
instrumenter::VERBO: [Instrumenter - IRBuilder] Instruction has no debug information, defaulting to function/basic block info
instrumenter::VERBO: [Instrumenter - IRBuilder] Instruction has no debug information, defaulting to function/basic block info
instrumenter::VERBO: [Instrumenter - IRBuilder] Instruction has no debug information, defaulting to function/basic block info
instrumenter::VERBO: [Instrumenter - IRBuilder] Instruction has no debug information, defaulting to function/basic block info
instrumenter::VERBO: [Instrumenter - IRBuilder] Instruction has no debug information, defaulting to function/basic block info
instrumenter::VERBO: [Instrumenter - IRBuilder] Instruction has no debug information, defaulting to function/basic block info
instrumenter::VERBO: [Instrumenter - IRBuilder] Instruction has no debug information, defaulting to function/basic block info
instrumenter::VERBO: [Instrumenter - IRBuilder] Instruction has no debug information, defaulting to function/basic block info
instrumenter::VERBO: [Instrumenter - IRBuilder] Instruction has no debug information, defaulting to function/basic block info
instrumenter::VERBO: [Instrumenter - IRBuilder] Instruction has no debug information, defaulting to function/basic block info
instrumenter::VERBO: [Instrumenter - IRBuilder] Instruction has no debug information, defaulting to function/basic block info
instrumenter::VERBO: [Instrumenter - IRBuilder] Instruction has no debug information, defaulting to function/basic block info
instrumenter::VERBO: [Instrumenter - IRBuilder] Instruction has no debug information, defaulting to function/basic block info
instrumenter::VERBO: [Instrumenter - IRBuilder] Instruction has no debug information, defaulting to function/basic block info
instrumenter::VERBO: [Instrumenter - IRBuilder] Instruction has no debug information, defaulting to function/basic block info
instrumenter::VERBO: [Instrumenter - IRBuilder] Instruction has no debug information, defaulting to function/basic block info
instrumenter::VERBO: [Instrumenter - IRBuilder] Instruction has no debug information, defaulting to function/basic block info
instrumenter::VERBO: [Instrumenter - IRBuilder] Instruction has no debug information, defaulting to function/basic block info
instrumenter::VERBO: [Instrumenter - IRBuilder] Instruction has no debug information, defaulting to function/basic block info
instrumenter::VERBO: [Instrumenter - IRBuilder] Instruction has no debug information, defaulting to function/basic block info
instrumenter::VERBO: [Instrumenter - IRBuilder] Instruction has no debug information, defaulting to function/basic block info
instrumenter::VERBO: [Instrumenter - IRBuilder] Instruction has no debug information, defaulting to function/basic block info
instrumenter::VERBO: [Instrumenter - IRBuilder] Instruction has no debug information, defaulting to function/basic block info
instrumenter::VERBO: [Instrumenter - IRBuilder] Instruction has no debug information, defaulting to function/basic block info
instrumenter::VERBO: [Instrumenter - IRBuilder] Instruction has no debug information, defaulting to function/basic block info
instrumenter::VERBO: [Instrumenter - IRBuilder] Instruction has no debug information, defaulting to function/basic block info
instrumenter::VERBO: [Instrumenter - IRBuilder] Instruction has no debug information, defaulting to function/basic block info
instrumenter::VERBO: [Instrumenter - IRBuilder] Instruction has no debug information, defaulting to function/basic block info
instrumenter::VERBO: [Instrumenter - IRBuilder] Instruction has no debug information, defaulting to function/basic block info
instrumenter::VERBO: [Instrumenter - IRBuilder] Instruction has no debug information, defaulting to function/basic block info
instrumenter::VERBO: [Instrumenter - IRBuilder] Instruction has no debug information, defaulting to function/basic block info
instrumenter::VERBO: [Instrumenter - IRBuilder] Instruction has no debug information, defaulting to function/basic block info
instrumenter::VERBO: [Instrumenter - IRBuilder] Instruction has no debug information, defaulting to function/basic block info
instrumenter::VERBO: [Instrumenter - IRBuilder] Instruction has no debug information, defaulting to function/basic block info
instrumenter::VERBO: [Instrumenter - IRBuilder] Instruction has no debug information, defaulting to function/basic block info
instrumenter::VERBO: [Instrumenter - IRBuilder] Instruction has no debug information, defaulting to function/basic block info
instrumenter::VERBO: [Instrumenter - IRBuilder] Instruction has no debug information, defaulting to function/basic block info
instrumenter::VERBO: [Instrumenter - IRBuilder] Instruction has no debug information, defaulting to function/basic block info
instrumenter::VERBO: [Instrumenter - IRBuilder] Instruction has no debug information, defaulting to function/basic block info
instrumenter::VERBO: [Instrumenter - IRBuilder] Instruction has no debug information, defaulting to function/basic block info
instrumenter::VERBO: [Instrumenter - IRBuilder] Instruction has no debug information, defaulting to function/basic block info
instrumenter::VERBO: [Instrumenter - IRBuilder] Instruction has no debug information, defaulting to function/basic block info
instrumenter::VERBO: [Instrumenter - IRBuilder] Instruction has no debug information, defaulting to function/basic block info
instrumenter::VERBO: [Instrumenter - IRBuilder] Instruction has no debug information, defaulting to function/basic block info
instrumenter::VERBO: [Instrumenter - IRBuilder] Instruction has no debug information, defaulting to function/basic block info
instrumenter::VERBO: [Instrumenter - IRBuilder] Instruction has no debug information, defaulting to function/basic block info
instrumenter::VERBO: [Instrumenter - IRBuilder] Instruction has no debug information, defaulting to function/basic block info
instrumenter::VERBO: [Instrumenter - IRBuilder] Instruction has no debug information, defaulting to function/basic block info
instrumenter::VERBO: [Instrumenter - IRBuilder] Instruction has no debug information, defaulting to function/basic block info
instrumenter::VERBO: [Instrumenter - IRBuilder] Instruction has no debug information, defaulting to function/basic block info
instrumenter::VERBO: [Instrumenter - IRBuilder] Instruction has no debug information, defaulting to function/basic block info
instrumenter::VERBO: [Instrumenter - IRBuilder] Instruction has no debug information, defaulting to function/basic block info
instrumenter::VERBO: [Instrumenter - IRBuilder] Instruction has no debug information, defaulting to function/basic block info
instrumenter::VERBO: [Instrumenter - IRBuilder] Instruction has no debug information, defaulting to function/basic block info
instrumenter::VERBO: [Instrumenter - IRBuilder] Instruction has no debug information, defaulting to function/basic block info
instrumenter::VERBO: [Instrumenter - IRBuilder] Instruction has no debug information, defaulting to function/basic block info
instrumenter::VERBO: [Instrumenter - IRBuilder] Instruction has no debug information, defaulting to function/basic block info
instrumenter::VERBO: [Instrumenter - IRBuilder] Instruction has no debug information, defaulting to function/basic block info
instrumenter::VERBO: [Instrumenter - IRBuilder] Instruction has no debug information, defaulting to function/basic block info
instrumenter::VERBO: [Instrumenter - IRBuilder] Instruction has no debug information, defaulting to function/basic block info
instrumenter::VERBO: [Instrumenter - IRBuilder] Instruction has no debug information, defaulting to function/basic block info
instrumenter::VERBO: [Instrumenter - IRBuilder] Instruction has no debug information, defaulting to function/basic block info
instrumenter::VERBO: [Instrumenter - IRBuilder] Instruction has no debug information, defaulting to function/basic block info
instrumenter::VERBO: [Instrumenter - IRBuilder] Instruction has no debug information, defaulting to function/basic block info
instrumenter::VERBO: [Instrumenter - IRBuilder] Instruction has no debug information, defaulting to function/basic block info
instrumenter::VERBO: [Instrumenter - IRBuilder] Instruction has no debug information, defaulting to function/basic block info
instrumenter::VERBO: [Instrumenter - IRBuilder] Instruction has no debug information, defaulting to function/basic block info
instrumenter::VERBO: [Instrumenter - IRBuilder] Instruction has no debug information, defaulting to function/basic block info
instrumenter::VERBO: [Instrumenter - IRBuilder] Instruction has no debug information, defaulting to function/basic block info
instrumenter::VERBO: [Instrumenter - IRBuilder] Instruction has no debug information, defaulting to function/basic block info
instrumenter::VERBO: [Instrumenter - IRBuilder] Instruction has no debug information, defaulting to function/basic block info
instrumenter::VERBO: [Instrumenter - IRBuilder] Instruction has no debug information, defaulting to function/basic block info
instrumenter::VERBO: [Instrumenter - IRBuilder] Instruction has no debug information, defaulting to function/basic block info
instrumenter::VERBO: [Instrumenter - IRBuilder] Instruction has no debug information, defaulting to function/basic block info
instrumenter::VERBO: [Instrumenter - IRBuilder] Instruction has no debug information, defaulting to function/basic block info
instrumenter::VERBO: [Instrumenter - IRBuilder] Instruction has no debug information, defaulting to function/basic block info
instrumenter::VERBO: [Instrumenter - IRBuilder] Instruction has no debug information, defaulting to function/basic block info
instrumenter::VERBO: [Instrumenter - IRBuilder] Instruction has no debug information, defaulting to function/basic block info
instrumenter::VERBO: [Instrumenter - IRBuilder] Instruction has no debug information, defaulting to function/basic block info
instrumenter::VERBO: [Instrumenter - IRBuilder] Instruction has no debug information, defaulting to function/basic block info
instrumenter::VERBO: [Instrumenter - IRBuilder] Instruction has no debug information, defaulting to function/basic block info
instrumenter::VERBO: [Instrumenter - IRBuilder] Instruction has no debug information, defaulting to function/basic block info
instrumenter::VERBO: [Instrumenter - IRBuilder] Instruction has no debug information, defaulting to function/basic block info
instrumenter::VERBO: [Instrumenter - IRBuilder] Instruction has no debug information, defaulting to function/basic block info
instrumenter::VERBO: [Instrumenter - IRBuilder] Instruction has no debug information, defaulting to function/basic block info
instrumenter::VERBO: [Instrumenter - IRBuilder] Instruction has no debug information, defaulting to function/basic block info
instrumenter::VERBO: [Instrumenter - IRBuilder] Instruction has no debug information, defaulting to function/basic block info
instrumenter::VERBO: [Instrumenter - IRBuilder] Instruction has no debug information, defaulting to function/basic block info
instrumenter::VERBO: [Instrumenter - IRBuilder] Instruction has no debug information, defaulting to function/basic block info
instrumenter::VERBO: [Instrumenter - IRBuilder] Instruction has no debug information, defaulting to function/basic block info
instrumenter::VERBO: [Instrumenter - IRBuilder] Instruction has no debug information, defaulting to function/basic block info
instrumenter::VERBO: [Instrumenter - IRBuilder] Instruction has no debug information, defaulting to function/basic block info
instrumenter::VERBO: [Instrumenter - IRBuilder] Instruction has no debug information, defaulting to function/basic block info
instrumenter::VERBO: [Instrumenter - IRBuilder] Instruction has no debug information, defaulting to function/basic block info
instrumenter::VERBO: [Instrumenter - IRBuilder] Instruction has no debug information, defaulting to function/basic block info
instrumenter::VERBO: [Instrumenter - IRBuilder] Instruction has no debug information, defaulting to function/basic block info
instrumenter::VERBO: [Instrumenter - IRBuilder] Instruction has no debug information, defaulting to function/basic block info
instrumenter::VERBO: [Instrumenter - IRBuilder] Instruction has no debug information, defaulting to function/basic block info
instrumenter::VERBO: [Instrumenter - IRBuilder] Instruction has no debug information, defaulting to function/basic block info
instrumenter::VERBO: [Instrumenter - IRBuilder] Instruction has no debug information, defaulting to function/basic block info
instrumenter::VERBO: [Instrumenter - IRBuilder] Instruction has no debug information, defaulting to function/basic block info
instrumenter::VERBO: [Instrumenter - IRBuilder] Instruction has no debug information, defaulting to function/basic block info
instrumenter::VERBO: [Instrumenter - IRBuilder] Instruction has no debug information, defaulting to function/basic block info
instrumenter::VERBO: [Instrumenter - IRBuilder] Instruction has no debug information, defaulting to function/basic block info
instrumenter::VERBO: [Instrumenter - IRBuilder] Instruction has no debug information, defaulting to function/basic block info
instrumenter::VERBO: [Instrumenter - IRBuilder] Instruction has no debug information, defaulting to function/basic block info
instrumenter::VERBO: [Instrumenter - IRBuilder] Instruction has no debug information, defaulting to function/basic block info
instrumenter::VERBO: [Instrumenter - IRBuilder] Instruction has no debug information, defaulting to function/basic block info
instrumenter::VERBO: [Instrumenter - IRBuilder] Instruction has no debug information, defaulting to function/basic block info
instrumenter::VERBO: [Instrumenter - IRBuilder] Instruction has no debug information, defaulting to function/basic block info
instrumenter::VERBO: [Instrumenter - IRBuilder] Instruction has no debug information, defaulting to function/basic block info
instrumenter::VERBO: [Instrumenter - IRBuilder] Instruction has no debug information, defaulting to function/basic block info
instrumenter::VERBO: [Instrumenter - IRBuilder] Instruction has no debug information, defaulting to function/basic block info
instrumenter::VERBO: [Instrumenter - IRBuilder] Instruction has no debug information, defaulting to function/basic block info
instrumenter::VERBO: [Instrumenter - IRBuilder] Instruction has no debug information, defaulting to function/basic block info
instrumenter::VERBO: [Instrumenter - IRBuilder] Instruction has no debug information, defaulting to function/basic block info
instrumenter::VERBO: [Instrumenter - IRBuilder] Instruction has no debug information, defaulting to function/basic block info
instrumenter::VERBO: [Instrumenter - IRBuilder] Instruction has no debug information, defaulting to function/basic block info
instrumenter::VERBO: [Instrumenter - IRBuilder] Instruction has no debug information, defaulting to function/basic block info
instrumenter::VERBO: [Instrumenter - IRBuilder] Instruction has no debug information, defaulting to function/basic block info
instrumenter::VERBO: [Instrumenter - IRBuilder] Instruction has no debug information, defaulting to function/basic block info
instrumenter::VERBO: [Instrumenter - IRBuilder] Instruction has no debug information, defaulting to function/basic block info
instrumenter::VERBO: [Instrumenter - IRBuilder] Instruction has no debug information, defaulting to function/basic block info
instrumenter::VERBO: [Instrumenter - IRBuilder] Instruction has no debug information, defaulting to function/basic block info
instrumenter::VERBO: [Instrumenter - IRBuilder] Instruction has no debug information, defaulting to function/basic block info
instrumenter::VERBO: [Instrumenter - IRBuilder] Instruction has no debug information, defaulting to function/basic block info
instrumenter::VERBO: [Instrumenter - IRBuilder] Instruction has no debug information, defaulting to function/basic block info
instrumenter::VERBO: [Instrumenter - IRBuilder] Instruction has no debug information, defaulting to function/basic block info
instrumenter::VERBO: [Instrumenter - IRBuilder] Instruction has no debug information, defaulting to function/basic block info
instrumenter::VERBO: [Instrumenter - IRBuilder] Instruction has no debug information, defaulting to function/basic block info
instrumenter::VERBO: [Instrumenter - IRBuilder] Instruction has no debug information, defaulting to function/basic block info
instrumenter::VERBO: [Instrumenter - IRBuilder] Instruction has no debug information, defaulting to function/basic block info
instrumenter::VERBO: [Instrumenter - IRBuilder] Instruction has no debug information, defaulting to function/basic block info
instrumenter::VERBO: [Instrumenter - IRBuilder] Instruction has no debug information, defaulting to function/basic block info
instrumenter::VERBO: [Instrumenter - IRBuilder] Instruction has no debug information, defaulting to function/basic block info
instrumenter::VERBO: [Instrumenter - IRBuilder] Instruction has no debug information, defaulting to function/basic block info
instrumenter::VERBO: [Instrumenter - IRBuilder] Instruction has no debug information, defaulting to function/basic block info
instrumenter::VERBO: [Instrumenter - IRBuilder] Instruction has no debug information, defaulting to function/basic block info
instrumenter::VERBO: [Instrumenter - IRBuilder] Instruction has no debug information, defaulting to function/basic block info
instrumenter::VERBO: [Instrumenter - IRBuilder] Instruction has no debug information, defaulting to function/basic block info
instrumenter::VERBO: [Instrumenter - IRBuilder] Instruction has no debug information, defaulting to function/basic block info
instrumenter::VERBO: [Instrumenter - IRBuilder] Instruction has no debug information, defaulting to function/basic block info
instrumenter::VERBO: [Instrumenter - IRBuilder] Instruction has no debug information, defaulting to function/basic block info
instrumenter::VERBO: [Instrumenter - IRBuilder] Instruction has no debug information, defaulting to function/basic block info
instrumenter::VERBO: [Instrumenter - IRBuilder] Instruction has no debug information, defaulting to function/basic block info
instrumenter::VERBO: [Instrumenter - IRBuilder] Instruction has no debug information, defaulting to function/basic block info
instrumenter::VERBO: [Instrumenter - IRBuilder] Instruction has no debug information, defaulting to function/basic block info
instrumenter::VERBO: [Instrumenter - IRBuilder] Instruction has no debug information, defaulting to function/basic block info
instrumenter::VERBO: [Instrumenter - IRBuilder] Instruction has no debug information, defaulting to function/basic block info
instrumenter::VERBO: [Instrumenter - IRBuilder] Instruction has no debug information, defaulting to function/basic block info
instrumenter::VERBO: [Instrumenter - IRBuilder] Instruction has no debug information, defaulting to function/basic block info
instrumenter::VERBO: [Instrumenter - IRBuilder] Instruction has no debug information, defaulting to function/basic block info
instrumenter::VERBO: [Instrumenter - IRBuilder] Instruction has no debug information, defaulting to function/basic block info
instrumenter::VERBO: [Instrumenter - IRBuilder] Instruction has no debug information, defaulting to function/basic block info
instrumenter::VERBO: [Instrumenter - IRBuilder] Instruction has no debug information, defaulting to function/basic block info
instrumenter::VERBO: [Instrumenter - IRBuilder] Instruction has no debug information, defaulting to function/basic block info
instrumenter::VERBO: [Instrumenter - IRBuilder] Instruction has no debug information, defaulting to function/basic block info
instrumenter::VERBO: [Instrumenter - IRBuilder] Instruction has no debug information, defaulting to function/basic block info
instrumenter::VERBO: [Instrumenter - IRBuilder] Instruction has no debug information, defaulting to function/basic block info
instrumenter::VERBO: [Instrumenter - IRBuilder] Instruction has no debug information, defaulting to function/basic block info
instrumenter::VERBO: [Instrumenter - IRBuilder] Instruction has no debug information, defaulting to function/basic block info
instrumenter::VERBO: [Instrumenter - IRBuilder] Instruction has no debug information, defaulting to function/basic block info
instrumenter::VERBO: [Instrumenter - IRBuilder] Instruction has no debug information, defaulting to function/basic block info
instrumenter::VERBO: [Instrumenter - IRBuilder] Instruction has no debug information, defaulting to function/basic block info
instrumenter::VERBO: [Instrumenter - IRBuilder] Instruction has no debug information, defaulting to function/basic block info
instrumenter::VERBO: [Instrumenter - IRBuilder] Instruction has no debug information, defaulting to function/basic block info
instrumenter::VERBO: [Instrumenter - IRBuilder] Instruction has no debug information, defaulting to function/basic block info
instrumenter::VERBO: [Instrumenter - IRBuilder] Instruction has no debug information, defaulting to function/basic block info
instrumenter::VERBO: [Instrumenter - IRBuilder] Instruction has no debug information, defaulting to function/basic block info
instrumenter::VERBO: [Instrumenter - IRBuilder] Instruction has no debug information, defaulting to function/basic block info
instrumenter::VERBO: [Instrumenter - IRBuilder] Instruction has no debug information, defaulting to function/basic block info
instrumenter::VERBO: [Instrumenter - IRBuilder] Instruction has no debug information, defaulting to function/basic block info
instrumenter::VERBO: [Instrumenter - IRBuilder] Instruction has no debug information, defaulting to function/basic block info
instrumenter::VERBO: [Instrumenter - IRBuilder] Instruction has no debug information, defaulting to function/basic block info
instrumenter::VERBO: [Instrumenter - IRBuilder] Instruction has no debug information, defaulting to function/basic block info
instrumenter::VERBO: [Instrumenter - IRBuilder] Instruction has no debug information, defaulting to function/basic block info
instrumenter::VERBO: [Instrumenter - IRBuilder] Instruction has no debug information, defaulting to function/basic block info
instrumenter::VERBO: [Instrumenter - IRBuilder] Instruction has no debug information, defaulting to function/basic block info
instrumenter::VERBO: [Instrumenter - IRBuilder] Instruction has no debug information, defaulting to function/basic block info
instrumenter::VERBO: [Instrumenter - IRBuilder] Instruction has no debug information, defaulting to function/basic block info
instrumenter::VERBO: [Instrumenter - IRBuilder] Instruction has no debug information, defaulting to function/basic block info
instrumenter::VERBO: [Instrumenter - IRBuilder] Instruction has no debug information, defaulting to function/basic block info
instrumenter::VERBO: [Instrumenter - IRBuilder] Instruction has no debug information, defaulting to function/basic block info
instrumenter::VERBO: [Instrumenter - IRBuilder] Instruction has no debug information, defaulting to function/basic block info
instrumenter::VERBO: [Instrumenter - IRBuilder] Instruction has no debug information, defaulting to function/basic block info
instrumenter::VERBO: [Instrumenter - IRBuilder] Instruction has no debug information, defaulting to function/basic block info
instrumenter::VERBO: [Instrumenter - IRBuilder] Instruction has no debug information, defaulting to function/basic block info
instrumenter::VERBO: [Instrumenter - IRBuilder] Instruction has no debug information, defaulting to function/basic block info
instrumenter::VERBO: [Instrumenter - IRBuilder] Instruction has no debug information, defaulting to function/basic block info
instrumenter::VERBO: [Instrumenter - IRBuilder] Instruction has no debug information, defaulting to function/basic block info
instrumenter::VERBO: [Instrumenter - IRBuilder] Instruction has no debug information, defaulting to function/basic block info
instrumenter::VERBO: [Instrumenter - IRBuilder] Instruction has no debug information, defaulting to function/basic block info
instrumenter::VERBO: [Instrumenter - IRBuilder] Instruction has no debug information, defaulting to function/basic block info
instrumenter::VERBO: [Instrumenter - IRBuilder] Instruction has no debug information, defaulting to function/basic block info
instrumenter::VERBO: [Instrumenter - IRBuilder] Instruction has no debug information, defaulting to function/basic block info
instrumenter::VERBO: [Instrumenter - IRBuilder] Instruction has no debug information, defaulting to function/basic block info
instrumenter::VERBO: [Instrumenter - IRBuilder] Instruction has no debug information, defaulting to function/basic block info
instrumenter::VERBO: [Instrumenter - IRBuilder] Instruction has no debug information, defaulting to function/basic block info
instrumenter::VERBO: [Instrumenter - IRBuilder] Instruction has no debug information, defaulting to function/basic block info
instrumenter::VERBO: [Instrumenter - IRBuilder] Instruction has no debug information, defaulting to function/basic block info
instrumenter::VERBO: [Instrumenter - IRBuilder] Instruction has no debug information, defaulting to function/basic block info
instrumenter::VERBO: [Instrumenter - IRBuilder] Instruction has no debug information, defaulting to function/basic block info
instrumenter::VERBO: [Instrumenter - IRBuilder] Instruction has no debug information, defaulting to function/basic block info
instrumenter::VERBO: [Instrumenter - IRBuilder] Instruction has no debug information, defaulting to function/basic block info
instrumenter::VERBO: [Instrumenter - IRBuilder] Instruction has no debug information, defaulting to function/basic block info
instrumenter::VERBO: [Instrumenter - IRBuilder] Instruction has no debug information, defaulting to function/basic block info
instrumenter::VERBO: [Instrumenter - IRBuilder] Instruction has no debug information, defaulting to function/basic block info
instrumenter::VERBO: [Instrumenter - IRBuilder] Instruction has no debug information, defaulting to function/basic block info
instrumenter::VERBO: [Instrumenter - IRBuilder] Instruction has no debug information, defaulting to function/basic block info
instrumenter::VERBO: [Instrumenter - IRBuilder] Instruction has no debug information, defaulting to function/basic block info
instrumenter::VERBO: [Instrumenter - IRBuilder] Instruction has no debug information, defaulting to function/basic block info
instrumenter::VERBO: [Instrumenter - IRBuilder] Instruction has no debug information, defaulting to function/basic block info
instrumenter::VERBO: [Instrumenter - IRBuilder] Instruction has no debug information, defaulting to function/basic block info
instrumenter::VERBO: [Instrumenter - IRBuilder] Instruction has no debug information, defaulting to function/basic block info
instrumenter::VERBO: [Instrumenter - IRBuilder] Instruction has no debug information, defaulting to function/basic block info
instrumenter::VERBO: [Instrumenter - IRBuilder] Instruction has no debug information, defaulting to function/basic block info
instrumenter::VERBO: [Instrumenter - IRBuilder] Instruction has no debug information, defaulting to function/basic block info
instrumenter::VERBO: [Instrumenter - IRBuilder] Instruction has no debug information, defaulting to function/basic block info
instrumenter::VERBO: [Instrumenter - IRBuilder] Instruction has no debug information, defaulting to function/basic block info
instrumenter::VERBO: [Instrumenter - IRBuilder] Instruction has no debug information, defaulting to function/basic block info
instrumenter::VERBO: [Instrumenter - IRBuilder] Instruction has no debug information, defaulting to function/basic block info
instrumenter::VERBO: [Instrumenter - IRBuilder] Instruction has no debug information, defaulting to function/basic block info
instrumenter::VERBO: [Instrumenter - IRBuilder] Instruction has no debug information, defaulting to function/basic block info
instrumenter::VERBO: [Instrumenter - IRBuilder] Instruction has no debug information, defaulting to function/basic block info
instrumenter::VERBO: [Instrumenter - IRBuilder] Instruction has no debug information, defaulting to function/basic block info
instrumenter::VERBO: [Instrumenter - IRBuilder] Instruction has no debug information, defaulting to function/basic block info
instrumenter::VERBO: [Instrumenter - IRBuilder] Instruction has no debug information, defaulting to function/basic block info
instrumenter::VERBO: [Instrumenter - IRBuilder] Instruction has no debug information, defaulting to function/basic block info
instrumenter::VERBO: [Instrumenter - IRBuilder] Instruction has no debug information, defaulting to function/basic block info
instrumenter::VERBO: [Instrumenter - IRBuilder] Instruction has no debug information, defaulting to function/basic block info
instrumenter::VERBO: [Instrumenter - IRBuilder] Instruction has no debug information, defaulting to function/basic block info
instrumenter::VERBO: [Instrumenter - IRBuilder] Instruction has no debug information, defaulting to function/basic block info
instrumenter::VERBO: [Instrumenter - IRBuilder] Instruction has no debug information, defaulting to function/basic block info
instrumenter::VERBO: [Instrumenter - IRBuilder] Instruction has no debug information, defaulting to function/basic block info
instrumenter::VERBO: [Instrumenter - IRBuilder] Instruction has no debug information, defaulting to function/basic block info
instrumenter::VERBO: [Instrumenter - IRBuilder] Instruction has no debug information, defaulting to function/basic block info
instrumenter::VERBO: [Instrumenter - IRBuilder] Instruction has no debug information, defaulting to function/basic block info
instrumenter::VERBO: [Instrumenter - IRBuilder] Instruction has no debug information, defaulting to function/basic block info
instrumenter::VERBO: [Instrumenter - IRBuilder] Instruction has no debug information, defaulting to function/basic block info
instrumenter::VERBO: [Instrumenter - IRBuilder] Instruction has no debug information, defaulting to function/basic block info
instrumenter::VERBO: [Instrumenter - IRBuilder] Instruction has no debug information, defaulting to function/basic block info
instrumenter::VERBO: [Instrumenter - IRBuilder] Instruction has no debug information, defaulting to function/basic block info
instrumenter::VERBO: [Instrumenter - IRBuilder] Instruction has no debug information, defaulting to function/basic block info
instrumenter::VERBO: [Instrumenter - IRBuilder] Instruction has no debug information, defaulting to function/basic block info
instrumenter::VERBO: [Instrumenter - IRBuilder] Instruction has no debug information, defaulting to function/basic block info
instrumenter::VERBO: [Instrumenter - IRBuilder] Instruction has no debug information, defaulting to function/basic block info
instrumenter::VERBO: [Instrumenter - IRBuilder] Instruction has no debug information, defaulting to function/basic block info
instrumenter::VERBO: [Instrumenter - IRBuilder] Instruction has no debug information, defaulting to function/basic block info
instrumenter::VERBO: [Instrumenter - IRBuilder] Instruction has no debug information, defaulting to function/basic block info
instrumenter::VERBO: [Instrumenter - IRBuilder] Instruction has no debug information, defaulting to function/basic block info
instrumenter::VERBO: [Instrumenter - IRBuilder] Instruction has no debug information, defaulting to function/basic block info
instrumenter::VERBO: [Instrumenter - IRBuilder] Instruction has no debug information, defaulting to function/basic block info
instrumenter::VERBO: [Instrumenter - IRBuilder] Instruction has no debug information, defaulting to function/basic block info
instrumenter::VERBO: [Instrumenter - IRBuilder] Instruction has no debug information, defaulting to function/basic block info
instrumenter::VERBO: [Instrumenter - IRBuilder] Instruction has no debug information, defaulting to function/basic block info
instrumenter::VERBO: [Instrumenter - IRBuilder] Instruction has no debug information, defaulting to function/basic block info
instrumenter::VERBO: [Instrumenter - IRBuilder] Instruction has no debug information, defaulting to function/basic block info
instrumenter::VERBO: [Instrumenter - IRBuilder] Instruction has no debug information, defaulting to function/basic block info
instrumenter::VERBO: [Instrumenter - IRBuilder] Instruction has no debug information, defaulting to function/basic block info
instrumenter::VERBO: [Instrumenter - IRBuilder] Instruction has no debug information, defaulting to function/basic block info
instrumenter::VERBO: [Instrumenter - IRBuilder] Instruction has no debug information, defaulting to function/basic block info
instrumenter::VERBO: [Instrumenter - IRBuilder] Instruction has no debug information, defaulting to function/basic block info
instrumenter::VERBO: [Instrumenter - IRBuilder] Instruction has no debug information, defaulting to function/basic block info
instrumenter::VERBO: [Instrumenter - IRBuilder] Instruction has no debug information, defaulting to function/basic block info
instrumenter::VERBO: [Instrumenter - IRBuilder] Instruction has no debug information, defaulting to function/basic block info
instrumenter::VERBO: [Instrumenter - IRBuilder] Instruction has no debug information, defaulting to function/basic block info
instrumenter::VERBO: [Instrumenter - IRBuilder] Instruction has no debug information, defaulting to function/basic block info
instrumenter::VERBO: [Instrumenter - IRBuilder] Instruction has no debug information, defaulting to function/basic block info
instrumenter::VERBO: [Instrumenter - IRBuilder] Instruction has no debug information, defaulting to function/basic block info
instrumenter::VERBO: [Instrumenter - IRBuilder] Instruction has no debug information, defaulting to function/basic block info
instrumenter::VERBO: [Instrumenter - IRBuilder] Instruction has no debug information, defaulting to function/basic block info
instrumenter::VERBO: [Instrumenter - IRBuilder] Instruction has no debug information, defaulting to function/basic block info
instrumenter::VERBO: [Instrumenter - IRBuilder] Instruction has no debug information, defaulting to function/basic block info
instrumenter::VERBO: [Instrumenter - IRBuilder] Instruction has no debug information, defaulting to function/basic block info
instrumenter::VERBO: [Instrumenter - IRBuilder] Instruction has no debug information, defaulting to function/basic block info
instrumenter::VERBO: [Instrumenter - IRBuilder] Instruction has no debug information, defaulting to function/basic block info
instrumenter::VERBO: [Instrumenter - IRBuilder] Instruction has no debug information, defaulting to function/basic block info
instrumenter::VERBO: [Instrumenter - IRBuilder] Instruction has no debug information, defaulting to function/basic block info
instrumenter::VERBO: [Instrumenter - IRBuilder] Instruction has no debug information, defaulting to function/basic block info
instrumenter::VERBO: [Instrumenter - IRBuilder] Instruction has no debug information, defaulting to function/basic block info
instrumenter::VERBO: [Instrumenter - IRBuilder] Instruction has no debug information, defaulting to function/basic block info
instrumenter::VERBO: [Instrumenter - IRBuilder] Instruction has no debug information, defaulting to function/basic block info
instrumenter::VERBO: [Instrumenter - IRBuilder] Instruction has no debug information, defaulting to function/basic block info
instrumenter::VERBO: [Instrumenter - IRBuilder] Instruction has no debug information, defaulting to function/basic block info
instrumenter::VERBO: [Instrumenter - IRBuilder] Instruction has no debug information, defaulting to function/basic block info
instrumenter::VERBO: [Instrumenter - IRBuilder] Instruction has no debug information, defaulting to function/basic block info
instrumenter::VERBO: [Instrumenter - IRBuilder] Instruction has no debug information, defaulting to function/basic block info
instrumenter::VERBO: [Instrumenter - IRBuilder] Instruction has no debug information, defaulting to function/basic block info
instrumenter::VERBO: [Instrumenter - IRBuilder] Instruction has no debug information, defaulting to function/basic block info
instrumenter::VERBO: [Instrumenter - IRBuilder] Instruction has no debug information, defaulting to function/basic block info
instrumenter::VERBO: [Instrumenter - IRBuilder] Instruction has no debug information, defaulting to function/basic block info
instrumenter::VERBO: [Instrumenter - IRBuilder] Instruction has no debug information, defaulting to function/basic block info
instrumenter::VERBO: [Instrumenter - IRBuilder] Instruction has no debug information, defaulting to function/basic block info
instrumenter::VERBO: [Instrumenter - IRBuilder] Instruction has no debug information, defaulting to function/basic block info
instrumenter::VERBO: [Instrumenter - IRBuilder] Instruction has no debug information, defaulting to function/basic block info
instrumenter::VERBO: [Instrumenter - IRBuilder] Instruction has no debug information, defaulting to function/basic block info
instrumenter::VERBO: [Instrumenter - IRBuilder] Instruction has no debug information, defaulting to function/basic block info
instrumenter::VERBO: [Instrumenter - IRBuilder] Instruction has no debug information, defaulting to function/basic block info
instrumenter::VERBO: [Instrumenter - IRBuilder] Instruction has no debug information, defaulting to function/basic block info
instrumenter::VERBO: [Instrumenter - IRBuilder] Instruction has no debug information, defaulting to function/basic block info
instrumenter::VERBO: [Instrumenter - IRBuilder] Instruction has no debug information, defaulting to function/basic block info
instrumenter::VERBO: [Instrumenter - IRBuilder] Instruction has no debug information, defaulting to function/basic block info
instrumenter::VERBO: [Instrumenter - IRBuilder] Instruction has no debug information, defaulting to function/basic block info
instrumenter::VERBO: [Instrumenter - IRBuilder] Instruction has no debug information, defaulting to function/basic block info
instrumenter::VERBO: [Instrumenter - IRBuilder] Instruction has no debug information, defaulting to function/basic block info
instrumenter::VERBO: [Instrumenter - IRBuilder] Instruction has no debug information, defaulting to function/basic block info
instrumenter::VERBO: [Instrumenter - IRBuilder] Instruction has no debug information, defaulting to function/basic block info
instrumenter::VERBO: [Instrumenter - IRBuilder] Instruction has no debug information, defaulting to function/basic block info
instrumenter::VERBO: [Instrumenter - IRBuilder] Instruction has no debug information, defaulting to function/basic block info
instrumenter::VERBO: [Instrumenter - IRBuilder] Instruction has no debug information, defaulting to function/basic block info
instrumenter::VERBO: [Instrumenter - IRBuilder] Instruction has no debug information, defaulting to function/basic block info
instrumenter::VERBO: [Instrumenter - IRBuilder] Instruction has no debug information, defaulting to function/basic block info
instrumenter::VERBO: [Instrumenter - IRBuilder] Instruction has no debug information, defaulting to function/basic block info
instrumenter::VERBO: [Instrumenter - IRBuilder] Instruction has no debug information, defaulting to function/basic block info
instrumenter::VERBO: [Instrumenter - IRBuilder] Instruction has no debug information, defaulting to function/basic block info
instrumenter::VERBO: [Instrumenter - IRBuilder] Instruction has no debug information, defaulting to function/basic block info
instrumenter::VERBO: [Instrumenter - IRBuilder] Instruction has no debug information, defaulting to function/basic block info
instrumenter::VERBO: [Instrumenter - IRBuilder] Instruction has no debug information, defaulting to function/basic block info
instrumenter::VERBO: [Instrumenter - IRBuilder] Instruction has no debug information, defaulting to function/basic block info
instrumenter::VERBO: [Instrumenter - IRBuilder] Instruction has no debug information, defaulting to function/basic block info
instrumenter::VERBO: [Instrumenter - IRBuilder] Instruction has no debug information, defaulting to function/basic block info
instrumenter::VERBO: [Instrumenter - IRBuilder] Instruction has no debug information, defaulting to function/basic block info
instrumenter::VERBO: [Instrumenter - IRBuilder] Instruction has no debug information, defaulting to function/basic block info
instrumenter::VERBO: [Instrumenter - IRBuilder] Instruction has no debug information, defaulting to function/basic block info
instrumenter::VERBO: [Instrumenter - IRBuilder] Instruction has no debug information, defaulting to function/basic block info
instrumenter::VERBO: [Instrumenter - IRBuilder] Instruction has no debug information, defaulting to function/basic block info
instrumenter::VERBO: [Instrumenter - IRBuilder] Instruction has no debug information, defaulting to function/basic block info
instrumenter::VERBO: [Instrumenter - IRBuilder] Instruction has no debug information, defaulting to function/basic block info
instrumenter::VERBO: [Instrumenter - IRBuilder] Instruction has no debug information, defaulting to function/basic block info
instrumenter::VERBO: [Instrumenter - IRBuilder] Instruction has no debug information, defaulting to function/basic block info
instrumenter::VERBO: [Instrumenter - IRBuilder] Instruction has no debug information, defaulting to function/basic block info
instrumenter::VERBO: [Instrumenter - IRBuilder] Instruction has no debug information, defaulting to function/basic block info
instrumenter::VERBO: [Instrumenter - IRBuilder] Instruction has no debug information, defaulting to function/basic block info
instrumenter::VERBO: [Instrumenter - IRBuilder] Instruction has no debug information, defaulting to function/basic block info
instrumenter::VERBO: [Instrumenter - IRBuilder] Instruction has no debug information, defaulting to function/basic block info
instrumenter::VERBO: [Instrumenter - IRBuilder] Instruction has no debug information, defaulting to function/basic block info
instrumenter::VERBO: [Instrumenter - IRBuilder] Instruction has no debug information, defaulting to function/basic block info
instrumenter::VERBO: [Instrumenter - IRBuilder] Instruction has no debug information, defaulting to function/basic block info
instrumenter::VERBO: [Instrumenter - IRBuilder] Instruction has no debug information, defaulting to function/basic block info
instrumenter::VERBO: [Instrumenter - IRBuilder] Instruction has no debug information, defaulting to function/basic block info
instrumenter::VERBO: [Instrumenter - IRBuilder] Instruction has no debug information, defaulting to function/basic block info
instrumenter::VERBO: [Instrumenter - IRBuilder] Instruction has no debug information, defaulting to function/basic block info
instrumenter::VERBO: [Instrumenter - IRBuilder] Instruction has no debug information, defaulting to function/basic block info
instrumenter::VERBO: [Instrumenter - IRBuilder] Instruction has no debug information, defaulting to function/basic block info
instrumenter::VERBO: [Instrumenter - IRBuilder] Instruction has no debug information, defaulting to function/basic block info
instrumenter::VERBO: [Instrumenter - IRBuilder] Instruction has no debug information, defaulting to function/basic block info
instrumenter::VERBO: [Instrumenter - IRBuilder] Instruction has no debug information, defaulting to function/basic block info
instrumenter::VERBO: [Instrumenter - IRBuilder] Instruction has no debug information, defaulting to function/basic block info
instrumenter::VERBO: [Instrumenter - IRBuilder] Instruction has no debug information, defaulting to function/basic block info
instrumenter::VERBO: [Instrumenter - IRBuilder] Instruction has no debug information, defaulting to function/basic block info
instrumenter::VERBO: [Instrumenter - IRBuilder] Instruction has no debug information, defaulting to function/basic block info
instrumenter::VERBO: [Instrumenter - IRBuilder] Instruction has no debug information, defaulting to function/basic block info
instrumenter::VERBO: [Instrumenter - IRBuilder] Instruction has no debug information, defaulting to function/basic block info
instrumenter::VERBO: [Instrumenter - IRBuilder] Instruction has no debug information, defaulting to function/basic block info
instrumenter::VERBO: [Instrumenter - IRBuilder] Instruction has no debug information, defaulting to function/basic block info
instrumenter::VERBO: [Instrumenter - IRBuilder] Instruction has no debug information, defaulting to function/basic block info
instrumenter::VERBO: [Instrumenter - IRBuilder] Instruction has no debug information, defaulting to function/basic block info
instrumenter::VERBO: [Instrumenter - IRBuilder] Instruction has no debug information, defaulting to function/basic block info
instrumenter::VERBO: [Instrumenter - IRBuilder] Instruction has no debug information, defaulting to function/basic block info
instrumenter::VERBO: [Instrumenter - IRBuilder] Instruction has no debug information, defaulting to function/basic block info
instrumenter::VERBO: [Instrumenter - IRBuilder] Instruction has no debug information, defaulting to function/basic block info
instrumenter::VERBO: [Instrumenter - IRBuilder] Instruction has no debug information, defaulting to function/basic block info
instrumenter::VERBO: [Instrumenter - IRBuilder] Instruction has no debug information, defaulting to function/basic block info
instrumenter::VERBO: [Instrumenter - IRBuilder] Instruction has no debug information, defaulting to function/basic block info
instrumenter::VERBO: [Instrumenter - IRBuilder] Instruction has no debug information, defaulting to function/basic block info
instrumenter::VERBO: [Instrumenter - IRBuilder] Instruction has no debug information, defaulting to function/basic block info
instrumenter::VERBO: [Instrumenter - IRBuilder] Instruction has no debug information, defaulting to function/basic block info
instrumenter::VERBO: [Instrumenter - IRBuilder] Instruction has no debug information, defaulting to function/basic block info
instrumenter::VERBO: [Instrumenter - IRBuilder] Instruction has no debug information, defaulting to function/basic block info
instrumenter::VERBO: [Instrumenter - IRBuilder] Instruction has no debug information, defaulting to function/basic block info
instrumenter::VERBO: [Instrumenter - IRBuilder] Instruction has no debug information, defaulting to function/basic block info
instrumenter::VERBO: [Instrumenter - IRBuilder] Instruction has no debug information, defaulting to function/basic block info
instrumenter::VERBO: [Instrumenter - IRBuilder] Instruction has no debug information, defaulting to function/basic block info
instrumenter::VERBO: [Instrumenter - IRBuilder] Instruction has no debug information, defaulting to function/basic block info
instrumenter::VERBO: [Instrumenter - IRBuilder] Instruction has no debug information, defaulting to function/basic block info
instrumenter::VERBO: [Instrumenter - IRBuilder] Instruction has no debug information, defaulting to function/basic block info
instrumenter::VERBO: [Instrumenter - IRBuilder] Instruction has no debug information, defaulting to function/basic block info
instrumenter::VERBO: [Instrumenter - IRBuilder] Instruction has no debug information, defaulting to function/basic block info
instrumenter::VERBO: [Instrumenter - IRBuilder] Instruction has no debug information, defaulting to function/basic block info
instrumenter::VERBO: [Instrumenter - IRBuilder] Instruction has no debug information, defaulting to function/basic block info
instrumenter::VERBO: [Instrumenter - IRBuilder] Instruction has no debug information, defaulting to function/basic block info
instrumenter::VERBO: [Instrumenter - IRBuilder] Instruction has no debug information, defaulting to function/basic block info
instrumenter::VERBO: [Instrumenter - IRBuilder] Instruction has no debug information, defaulting to function/basic block info
instrumenter::VERBO: [Instrumenter - IRBuilder] Instruction has no debug information, defaulting to function/basic block info
instrumenter::VERBO: [Instrumenter - IRBuilder] Instruction has no debug information, defaulting to function/basic block info
instrumenter::VERBO: [Instrumenter - IRBuilder] Instruction has no debug information, defaulting to function/basic block info
instrumenter::VERBO: [Instrumenter - IRBuilder] Instruction has no debug information, defaulting to function/basic block info
instrumenter::VERBO: [Instrumenter - IRBuilder] Instruction has no debug information, defaulting to function/basic block info
instrumenter::VERBO: [Instrumenter - IRBuilder] Instruction has no debug information, defaulting to function/basic block info
instrumenter::VERBO: [Instrumenter - IRBuilder] Instruction has no debug information, defaulting to function/basic block info
instrumenter::VERBO: [Instrumenter - IRBuilder] Instruction has no debug information, defaulting to function/basic block info
instrumenter::VERBO: [Instrumenter - IRBuilder] Instruction has no debug information, defaulting to function/basic block info
instrumenter::VERBO: [Instrumenter - IRBuilder] Instruction has no debug information, defaulting to function/basic block info
instrumenter::VERBO: [Instrumenter - IRBuilder] Instruction has no debug information, defaulting to function/basic block info
instrumenter::VERBO: [Instrumenter - IRBuilder] Instruction has no debug information, defaulting to function/basic block info
instrumenter::VERBO: [Instrumenter - IRBuilder] Instruction has no debug information, defaulting to function/basic block info
instrumenter::VERBO: [Instrumenter - IRBuilder] Instruction has no debug information, defaulting to function/basic block info
instrumenter::VERBO: [Instrumenter - IRBuilder] Instruction has no debug information, defaulting to function/basic block info
instrumenter::VERBO: [Instrumenter - IRBuilder] Instruction has no debug information, defaulting to function/basic block info
instrumenter::VERBO: [Instrumenter - IRBuilder] Instruction has no debug information, defaulting to function/basic block info
instrumenter::VERBO: [Instrumenter - IRBuilder] Instruction has no debug information, defaulting to function/basic block info
instrumenter::VERBO: [Instrumenter - IRBuilder] Instruction has no debug information, defaulting to function/basic block info
instrumenter::VERBO: [Instrumenter - IRBuilder] Instruction has no debug information, defaulting to function/basic block info
instrumenter::VERBO: [Instrumenter - IRBuilder] Instruction has no debug information, defaulting to function/basic block info
instrumenter::VERBO: [Instrumenter - IRBuilder] Instruction has no debug information, defaulting to function/basic block info
instrumenter::VERBO: [Instrumenter - IRBuilder] Instruction has no debug information, defaulting to function/basic block info
instrumenter::VERBO: [Instrumenter - IRBuilder] Instruction has no debug information, defaulting to function/basic block info
instrumenter::VERBO: [Instrumenter - IRBuilder] Instruction has no debug information, defaulting to function/basic block info
instrumenter::VERBO: [Instrumenter - IRBuilder] Instruction has no debug information, defaulting to function/basic block info
instrumenter::VERBO: [Instrumenter - IRBuilder] Instruction has no debug information, defaulting to function/basic block info
instrumenter::VERBO: [Instrumenter - IRBuilder] Instruction has no debug information, defaulting to function/basic block info
instrumenter::VERBO: [Instrumenter - IRBuilder] Instruction has no debug information, defaulting to function/basic block info
instrumenter::VERBO: [Instrumenter - IRBuilder] Instruction has no debug information, defaulting to function/basic block info
instrumenter::VERBO: [Instrumenter - IRBuilder] Instruction has no debug information, defaulting to function/basic block info
instrumenter::VERBO: [Instrumenter - IRBuilder] Instruction has no debug information, defaulting to function/basic block info
instrumenter::VERBO: [Instrumenter - IRBuilder] Instruction has no debug information, defaulting to function/basic block info
instrumenter::VERBO: [Instrumenter - IRBuilder] Instruction has no debug information, defaulting to function/basic block info
instrumenter::VERBO: [Instrumenter - IRBuilder] Instruction has no debug information, defaulting to function/basic block info
instrumenter::VERBO: [Instrumenter - IRBuilder] Instruction has no debug information, defaulting to function/basic block info
instrumenter::VERBO: [Instrumenter - IRBuilder] Instruction has no debug information, defaulting to function/basic block info
instrumenter::VERBO: [Instrumenter - IRBuilder] Instruction has no debug information, defaulting to function/basic block info
instrumenter::VERBO: [Instrumenter - IRBuilder] Instruction has no debug information, defaulting to function/basic block info
instrumenter::VERBO: [Instrumenter - IRBuilder] Instruction has no debug information, defaulting to function/basic block info
instrumenter::VERBO: [Instrumenter - IRBuilder] Instruction has no debug information, defaulting to function/basic block info
instrumenter::VERBO: [Instrumenter - IRBuilder] Instruction has no debug information, defaulting to function/basic block info
instrumenter::VERBO: [Instrumenter - IRBuilder] Instruction has no debug information, defaulting to function/basic block info
instrumenter::VERBO: [Instrumenter - IRBuilder] Instruction has no debug information, defaulting to function/basic block info
instrumenter::VERBO: [Instrumenter - IRBuilder] Instruction has no debug information, defaulting to function/basic block info
instrumenter::VERBO: [Instrumenter - IRBuilder] Instruction has no debug information, defaulting to function/basic block info
instrumenter::VERBO: [Instrumenter - IRBuilder] Instruction has no debug information, defaulting to function/basic block info
instrumenter::VERBO: [Instrumenter - IRBuilder] Instruction has no debug information, defaulting to function/basic block info
instrumenter::VERBO: [Instrumenter - IRBuilder] Instruction has no debug information, defaulting to function/basic block info
instrumenter::VERBO: [Instrumenter - IRBuilder] Instruction has no debug information, defaulting to function/basic block info
instrumenter::VERBO: [Instrumenter - IRBuilder] Instruction has no debug information, defaulting to function/basic block info
instrumenter::VERBO: [Instrumenter - IRBuilder] Instruction has no debug information, defaulting to function/basic block info
instrumenter::VERBO: [Instrumenter - IRBuilder] Instruction has no debug information, defaulting to function/basic block info
instrumenter::VERBO: [Instrumenter - IRBuilder] Instruction has no debug information, defaulting to function/basic block info
instrumenter::VERBO: [Instrumenter - IRBuilder] Instruction has no debug information, defaulting to function/basic block info
instrumenter::VERBO: [Instrumenter - IRBuilder] Instruction has no debug information, defaulting to function/basic block info
instrumenter::VERBO: [Instrumenter - IRBuilder] Instruction has no debug information, defaulting to function/basic block info
instrumenter::VERBO: [Instrumenter - IRBuilder] Instruction has no debug information, defaulting to function/basic block info
instrumenter::VERBO: [Instrumenter - IRBuilder] Instruction has no debug information, defaulting to function/basic block info
instrumenter::VERBO: [Instrumenter - IRBuilder] Instruction has no debug information, defaulting to function/basic block info
instrumenter::VERBO: [Instrumenter - IRBuilder] Instruction has no debug information, defaulting to function/basic block info
instrumenter::VERBO: [Instrumenter - IRBuilder] Instruction has no debug information, defaulting to function/basic block info
instrumenter::VERBO: [Instrumenter - IRBuilder] Instruction has no debug information, defaulting to function/basic block info
instrumenter::VERBO: [Instrumenter - IRBuilder] Instruction has no debug information, defaulting to function/basic block info
instrumenter::VERBO: [Instrumenter - IRBuilder] Instruction has no debug information, defaulting to function/basic block info
instrumenter::VERBO: [Instrumenter - IRBuilder] Instruction has no debug information, defaulting to function/basic block info
instrumenter::VERBO: [Instrumenter - IRBuilder] Instruction has no debug information, defaulting to function/basic block info
instrumenter::VERBO: [Instrumenter - IRBuilder] Instruction has no debug information, defaulting to function/basic block info
instrumenter::VERBO: [Instrumenter - IRBuilder] Instruction has no debug information, defaulting to function/basic block info
instrumenter::VERBO: [Instrumenter - IRBuilder] Instruction has no debug information, defaulting to function/basic block info
instrumenter::VERBO: [Instrumenter - IRBuilder] Instruction has no debug information, defaulting to function/basic block info
instrumenter::VERBO: [Instrumenter - IRBuilder] Instruction has no debug information, defaulting to function/basic block info
instrumenter::VERBO: [Instrumenter - IRBuilder] Instruction has no debug information, defaulting to function/basic block info
instrumenter::VERBO: [Instrumenter - IRBuilder] Instruction has no debug information, defaulting to function/basic block info
instrumenter::VERBO: [Instrumenter - IRBuilder] Instruction has no debug information, defaulting to function/basic block info
instrumenter::VERBO: [Instrumenter - IRBuilder] Instruction has no debug information, defaulting to function/basic block info
instrumenter::VERBO: [Instrumenter - IRBuilder] Instruction has no debug information, defaulting to function/basic block info
instrumenter::VERBO: [Instrumenter - IRBuilder] Instruction has no debug information, defaulting to function/basic block info
instrumenter::VERBO: [Instrumenter - IRBuilder] Instruction has no debug information, defaulting to function/basic block info
instrumenter::VERBO: [Instrumenter - IRBuilder] Instruction has no debug information, defaulting to function/basic block info
instrumenter::VERBO: [Instrumenter - IRBuilder] Instruction has no debug information, defaulting to function/basic block info
instrumenter::VERBO: [Instrumenter - IRBuilder] Instruction has no debug information, defaulting to function/basic block info
instrumenter::VERBO: [Instrumenter - IRBuilder] Instruction has no debug information, defaulting to function/basic block info
instrumenter::VERBO: [Instrumenter - IRBuilder] Instruction has no debug information, defaulting to function/basic block info
instrumenter::VERBO: [Instrumenter - IRBuilder] Instruction has no debug information, defaulting to function/basic block info
instrumenter::VERBO: [Instrumenter - IRBuilder] Instruction has no debug information, defaulting to function/basic block info
instrumenter::VERBO: [Instrumenter - IRBuilder] Instruction has no debug information, defaulting to function/basic block info
instrumenter::VERBO: [Instrumenter - IRBuilder] Instruction has no debug information, defaulting to function/basic block info
instrumenter::VERBO: [Instrumenter - IRBuilder] Instruction has no debug information, defaulting to function/basic block info
instrumenter::VERBO: [Instrumenter - IRBuilder] Instruction has no debug information, defaulting to function/basic block info
instrumenter::VERBO: [Instrumenter - IRBuilder] Instruction has no debug information, defaulting to function/basic block info
instrumenter::VERBO: [Instrumenter - IRBuilder] Instruction has no debug information, defaulting to function/basic block info
instrumenter::VERBO: [Instrumenter - IRBuilder] Instruction has no debug information, defaulting to function/basic block info
instrumenter::VERBO: [Instrumenter - IRBuilder] Instruction has no debug information, defaulting to function/basic block info
instrumenter::VERBO: [Instrumenter - IRBuilder] Instruction has no debug information, defaulting to function/basic block info
instrumenter::VERBO: [Instrumenter - IRBuilder] Instruction has no debug information, defaulting to function/basic block info
instrumenter::VERBO: [Instrumenter - IRBuilder] Instruction has no debug information, defaulting to function/basic block info
instrumenter::VERBO: [Instrumenter - IRBuilder] Instruction has no debug information, defaulting to function/basic block info
instrumenter::VERBO: [Instrumenter - IRBuilder] Instruction has no debug information, defaulting to function/basic block info
instrumenter::VERBO: [Instrumenter - IRBuilder] Instruction has no debug information, defaulting to function/basic block info
instrumenter::VERBO: [Instrumenter - IRBuilder] Instruction has no debug information, defaulting to function/basic block info
instrumenter::VERBO: [Instrumenter - IRBuilder] Instruction has no debug information, defaulting to function/basic block info
instrumenter::VERBO: [Instrumenter - IRBuilder] Instruction has no debug information, defaulting to function/basic block info
instrumenter::VERBO: [Instrumenter - IRBuilder] Instruction has no debug information, defaulting to function/basic block info
instrumenter::VERBO: [Instrumenter - IRBuilder] Instruction has no debug information, defaulting to function/basic block info
instrumenter::VERBO: [Instrumenter - IRBuilder] Instruction has no debug information, defaulting to function/basic block info
instrumenter::VERBO: [Instrumenter - IRBuilder] Instruction has no debug information, defaulting to function/basic block info
instrumenter::VERBO: [Instrumenter - IRBuilder] Instruction has no debug information, defaulting to function/basic block info
instrumenter::VERBO: [Instrumenter - IRBuilder] Instruction has no debug information, defaulting to function/basic block info
instrumenter::VERBO: [Instrumenter - IRBuilder] Instruction has no debug information, defaulting to function/basic block info
instrumenter::VERBO: [Instrumenter - IRBuilder] Instruction has no debug information, defaulting to function/basic block info
instrumenter::VERBO: [Instrumenter - IRBuilder] Instruction has no debug information, defaulting to function/basic block info
instrumenter::VERBO: [Instrumenter - IRBuilder] Instruction has no debug information, defaulting to function/basic block info
instrumenter::VERBO: [Instrumenter - IRBuilder] Instruction has no debug information, defaulting to function/basic block info
instrumenter::VERBO: [Instrumenter - IRBuilder] Instruction has no debug information, defaulting to function/basic block info
instrumenter::VERBO: [Instrumenter - IRBuilder] Instruction has no debug information, defaulting to function/basic block info
instrumenter::VERBO: [Instrumenter - IRBuilder] Instruction has no debug information, defaulting to function/basic block info
instrumenter::VERBO: [Instrumenter - IRBuilder] Instruction has no debug information, defaulting to function/basic block info
instrumenter::VERBO: [Instrumenter - IRBuilder] Instruction has no debug information, defaulting to function/basic block info
instrumenter::VERBO: [Instrumenter - IRBuilder] Instruction has no debug information, defaulting to function/basic block info
instrumenter::VERBO: [Instrumenter - IRBuilder] Instruction has no debug information, defaulting to function/basic block info
instrumenter::VERBO: [Instrumenter - IRBuilder] Instruction has no debug information, defaulting to function/basic block info
instrumenter::VERBO: [Instrumenter - IRBuilder] Instruction has no debug information, defaulting to function/basic block info
instrumenter::VERBO: [Instrumenter - IRBuilder] Instruction has no debug information, defaulting to function/basic block info
instrumenter::VERBO: [Instrumenter - IRBuilder] Instruction has no debug information, defaulting to function/basic block info
instrumenter::VERBO: [Instrumenter - IRBuilder] Instruction has no debug information, defaulting to function/basic block info
instrumenter::VERBO: [Instrumenter - IRBuilder] Instruction has no debug information, defaulting to function/basic block info
instrumenter::VERBO: [Instrumenter - IRBuilder] Instruction has no debug information, defaulting to function/basic block info
instrumenter::VERBO: [Instrumenter - IRBuilder] Instruction has no debug information, defaulting to function/basic block info
instrumenter::VERBO: [Instrumenter - IRBuilder] Instruction has no debug information, defaulting to function/basic block info
instrumenter::VERBO: [Instrumenter - IRBuilder] Instruction has no debug information, defaulting to function/basic block info
instrumenter::VERBO: [Instrumenter - IRBuilder] Instruction has no debug information, defaulting to function/basic block info
instrumenter::VERBO: [Instrumenter - IRBuilder] Instruction has no debug information, defaulting to function/basic block info
instrumenter::VERBO: [Instrumenter - IRBuilder] Instruction has no debug information, defaulting to function/basic block info
instrumenter::VERBO: [Instrumenter - IRBuilder] Instruction has no debug information, defaulting to function/basic block info
instrumenter::VERBO: [Instrumenter - IRBuilder] Instruction has no debug information, defaulting to function/basic block info
instrumenter::VERBO: [Instrumenter - IRBuilder] Instruction has no debug information, defaulting to function/basic block info
instrumenter::VERBO: [Instrumenter - IRBuilder] Instruction has no debug information, defaulting to function/basic block info
instrumenter::VERBO: [Instrumenter - IRBuilder] Instruction has no debug information, defaulting to function/basic block info
instrumenter::VERBO: [Instrumenter - IRBuilder] Instruction has no debug information, defaulting to function/basic block info
instrumenter::VERBO: [Instrumenter - IRBuilder] Instruction has no debug information, defaulting to function/basic block info
instrumenter::VERBO: [Instrumenter - IRBuilder] Instruction has no debug information, defaulting to function/basic block info
instrumenter::VERBO: [Instrumenter - IRBuilder] Instruction has no debug information, defaulting to function/basic block info
instrumenter::VERBO: [Instrumenter - IRBuilder] Instruction has no debug information, defaulting to function/basic block info
instrumenter::VERBO: [Instrumenter - IRBuilder] Instruction has no debug information, defaulting to function/basic block info
instrumenter::VERBO: [Instrumenter - IRBuilder] Instruction has no debug information, defaulting to function/basic block info
instrumenter::VERBO: [Instrumenter - IRBuilder] Instruction has no debug information, defaulting to function/basic block info
instrumenter::VERBO: [Instrumenter - IRBuilder] Instruction has no debug information, defaulting to function/basic block info
instrumenter::VERBO: [Instrumenter - IRBuilder] Instruction has no debug information, defaulting to function/basic block info
instrumenter::VERBO: [Instrumenter - IRBuilder] Instruction has no debug information, defaulting to function/basic block info
instrumenter::VERBO: [Instrumenter - IRBuilder] Instruction has no debug information, defaulting to function/basic block info
instrumenter::VERBO: [Instrumenter - IRBuilder] Instruction has no debug information, defaulting to function/basic block info
instrumenter::VERBO: [Instrumenter - IRBuilder] Instruction has no debug information, defaulting to function/basic block info
instrumenter::VERBO: [Instrumenter - IRBuilder] Instruction has no debug information, defaulting to function/basic block info
instrumenter::VERBO: [Instrumenter - IRBuilder] Instruction has no debug information, defaulting to function/basic block info
instrumenter::VERBO: [Instrumenter - IRBuilder] Instruction has no debug information, defaulting to function/basic block info
instrumenter::VERBO: [Instrumenter - IRBuilder] Instruction has no debug information, defaulting to function/basic block info
instrumenter::VERBO: [Instrumenter - IRBuilder] Instruction has no debug information, defaulting to function/basic block info
instrumenter::VERBO: [Instrumenter - IRBuilder] Instruction has no debug information, defaulting to function/basic block info
instrumenter::VERBO: [Instrumenter - IRBuilder] Instruction has no debug information, defaulting to function/basic block info
instrumenter::VERBO: [Instrumenter - IRBuilder] Instruction has no debug information, defaulting to function/basic block info
instrumenter::VERBO: [Instrumenter - IRBuilder] Instruction has no debug information, defaulting to function/basic block info
instrumenter::VERBO: [Instrumenter - IRBuilder] Instruction has no debug information, defaulting to function/basic block info
instrumenter::VERBO: [Instrumenter - IRBuilder] Instruction has no debug information, defaulting to function/basic block info
instrumenter::VERBO: [Instrumenter - IRBuilder] Instruction has no debug information, defaulting to function/basic block info
instrumenter::VERBO: [Instrumenter - IRBuilder] Instruction has no debug information, defaulting to function/basic block info
instrumenter::VERBO: [Instrumenter - IRBuilder] Instruction has no debug information, defaulting to function/basic block info
instrumenter::VERBO: [Instrumenter - IRBuilder] Instruction has no debug information, defaulting to function/basic block info
instrumenter::VERBO: [Instrumenter - IRBuilder] Instruction has no debug information, defaulting to function/basic block info
instrumenter::VERBO: [Instrumenter - IRBuilder] Instruction has no debug information, defaulting to function/basic block info
instrumenter::VERBO: [Instrumenter - IRBuilder] Instruction has no debug information, defaulting to function/basic block info
instrumenter::VERBO: [Instrumenter - IRBuilder] Instruction has no debug information, defaulting to function/basic block info
instrumenter::VERBO: [Instrumenter - IRBuilder] Instruction has no debug information, defaulting to function/basic block info
instrumenter::VERBO: [Instrumenter - IRBuilder] Instruction has no debug information, defaulting to function/basic block info
instrumenter::VERBO: [Instrumenter - IRBuilder] Instruction has no debug information, defaulting to function/basic block info
instrumenter::VERBO: [Instrumenter - IRBuilder] Instruction has no debug information, defaulting to function/basic block info
instrumenter::VERBO: [Instrumenter - IRBuilder] Instruction has no debug information, defaulting to function/basic block info
instrumenter::VERBO: [Instrumenter - IRBuilder] Instruction has no debug information, defaulting to function/basic block info
instrumenter::VERBO: [Instrumenter - IRBuilder] Instruction has no debug information, defaulting to function/basic block info
instrumenter::VERBO: [Instrumenter - IRBuilder] Instruction has no debug information, defaulting to function/basic block info
instrumenter::VERBO: [Instrumenter - IRBuilder] Instruction has no debug information, defaulting to function/basic block info
instrumenter::VERBO: [Instrumenter - IRBuilder] Instruction has no debug information, defaulting to function/basic block info
instrumenter::VERBO: [Instrumenter - IRBuilder] Instruction has no debug information, defaulting to function/basic block info
instrumenter::VERBO: [Instrumenter - IRBuilder] Instruction has no debug information, defaulting to function/basic block info
instrumenter::VERBO: [Instrumenter - IRBuilder] Instruction has no debug information, defaulting to function/basic block info
instrumenter::VERBO: [Instrumenter - IRBuilder] Instruction has no debug information, defaulting to function/basic block info
instrumenter::VERBO: [Instrumenter - IRBuilder] Instruction has no debug information, defaulting to function/basic block info
instrumenter::VERBO: [Instrumenter - IRBuilder] Instruction has no debug information, defaulting to function/basic block info
instrumenter::VERBO: [Instrumenter - IRBuilder] Instruction has no debug information, defaulting to function/basic block info
instrumenter::VERBO: [Instrumenter - IRBuilder] Instruction has no debug information, defaulting to function/basic block info
instrumenter::VERBO: [Instrumenter - IRBuilder] Instruction has no debug information, defaulting to function/basic block info
instrumenter::VERBO: [Instrumenter - IRBuilder] Instruction has no debug information, defaulting to function/basic block info
instrumenter::VERBO: [Instrumenter - IRBuilder] Instruction has no debug information, defaulting to function/basic block info
instrumenter::VERBO: [Instrumenter - IRBuilder] Instruction has no debug information, defaulting to function/basic block info
instrumenter::VERBO: [Instrumenter - IRBuilder] Instruction has no debug information, defaulting to function/basic block info
instrumenter::VERBO: [Instrumenter - IRBuilder] Instruction has no debug information, defaulting to function/basic block info
instrumenter::VERBO: [Instrumenter - IRBuilder] Instruction has no debug information, defaulting to function/basic block info
instrumenter::VERBO: [Instrumenter - IRBuilder] Instruction has no debug information, defaulting to function/basic block info
instrumenter::VERBO: [Instrumenter - IRBuilder] Instruction has no debug information, defaulting to function/basic block info
instrumenter::VERBO: [Instrumenter - IRBuilder] Instruction has no debug information, defaulting to function/basic block info
instrumenter::VERBO: [Instrumenter - IRBuilder] Instruction has no debug information, defaulting to function/basic block info
instrumenter::VERBO: [Instrumenter - IRBuilder] Instruction has no debug information, defaulting to function/basic block info
instrumenter::VERBO: [Instrumenter - IRBuilder] Instruction has no debug information, defaulting to function/basic block info
instrumenter::VERBO: [Instrumenter - IRBuilder] Instruction has no debug information, defaulting to function/basic block info
instrumenter::VERBO: [Instrumenter - IRBuilder] Instruction has no debug information, defaulting to function/basic block info
instrumenter::VERBO: [Instrumenter - IRBuilder] Instruction has no debug information, defaulting to function/basic block info
instrumenter::VERBO: [Instrumenter - IRBuilder] Instruction has no debug information, defaulting to function/basic block info
instrumenter::VERBO: [Instrumenter - IRBuilder] Instruction has no debug information, defaulting to function/basic block info
instrumenter::VERBO: [Instrumenter - IRBuilder] Instruction has no debug information, defaulting to function/basic block info
instrumenter::VERBO: [Instrumenter - IRBuilder] Instruction has no debug information, defaulting to function/basic block info
instrumenter::VERBO: [Instrumenter - IRBuilder] Instruction has no debug information, defaulting to function/basic block info
instrumenter::VERBO: [Instrumenter - IRBuilder] Instruction has no debug information, defaulting to function/basic block info
instrumenter::VERBO: [Instrumenter - IRBuilder] Instruction has no debug information, defaulting to function/basic block info
instrumenter::VERBO: [Instrumenter - IRBuilder] Instruction has no debug information, defaulting to function/basic block info
instrumenter::VERBO: [Instrumenter - IRBuilder] Instruction has no debug information, defaulting to function/basic block info
instrumenter::VERBO: [Instrumenter - IRBuilder] Instruction has no debug information, defaulting to function/basic block info
instrumenter::VERBO: [Instrumenter - IRBuilder] Instruction has no debug information, defaulting to function/basic block info
instrumenter::VERBO: [Instrumenter - IRBuilder] Instruction has no debug information, defaulting to function/basic block info
instrumenter::VERBO: [Instrumenter - IRBuilder] Instruction has no debug information, defaulting to function/basic block info
instrumenter::VERBO: [Instrumenter - IRBuilder] Instruction has no debug information, defaulting to function/basic block info
instrumenter::VERBO: [Instrumenter - IRBuilder] Instruction has no debug information, defaulting to function/basic block info
instrumenter::VERBO: [Instrumenter - IRBuilder] Instruction has no debug information, defaulting to function/basic block info
instrumenter::VERBO: [Instrumenter - IRBuilder] Instruction has no debug information, defaulting to function/basic block info
instrumenter::VERBO: [Instrumenter - IRBuilder] Instruction has no debug information, defaulting to function/basic block info
instrumenter::VERBO: [Instrumenter - IRBuilder] Instruction has no debug information, defaulting to function/basic block info
instrumenter::VERBO: [Instrumenter - IRBuilder] Instruction has no debug information, defaulting to function/basic block info
instrumenter::VERBO: [Instrumenter - IRBuilder] Instruction has no debug information, defaulting to function/basic block info
instrumenter::VERBO: [Instrumenter - IRBuilder] Instruction has no debug information, defaulting to function/basic block info
instrumenter::VERBO: [Instrumenter - IRBuilder] Instruction has no debug information, defaulting to function/basic block info
instrumenter::VERBO: [Instrumenter - IRBuilder] Instruction has no debug information, defaulting to function/basic block info
instrumenter::VERBO: [Instrumenter - IRBuilder] Instruction has no debug information, defaulting to function/basic block info
instrumenter::VERBO: [Instrumenter - IRBuilder] Instruction has no debug information, defaulting to function/basic block info
instrumenter::VERBO: [Instrumenter - IRBuilder] Instruction has no debug information, defaulting to function/basic block info
instrumenter::VERBO: [Instrumenter - IRBuilder] Instruction has no debug information, defaulting to function/basic block info
instrumenter::VERBO: [Instrumenter - IRBuilder] Instruction has no debug information, defaulting to function/basic block info
instrumenter::VERBO: [Instrumenter - IRBuilder] Instruction has no debug information, defaulting to function/basic block info
instrumenter::VERBO: [Instrumenter - IRBuilder] Instruction has no debug information, defaulting to function/basic block info
instrumenter::VERBO: [Instrumenter - IRBuilder] Instruction has no debug information, defaulting to function/basic block info
instrumenter::VERBO: [Instrumenter - IRBuilder] Instruction has no debug information, defaulting to function/basic block info
instrumenter::VERBO: [Instrumenter - IRBuilder] Instruction has no debug information, defaulting to function/basic block info
instrumenter::VERBO: [Instrumenter - IRBuilder] Instruction has no debug information, defaulting to function/basic block info
instrumenter::VERBO: [Instrumenter - IRBuilder] Instruction has no debug information, defaulting to function/basic block info
instrumenter::VERBO: [Instrumenter - IRBuilder] Instruction has no debug information, defaulting to function/basic block info
instrumenter::VERBO: [Instrumenter - IRBuilder] Instruction has no debug information, defaulting to function/basic block info
instrumenter::VERBO: [Instrumenter - IRBuilder] Instruction has no debug information, defaulting to function/basic block info
instrumenter::VERBO: [Instrumenter - IRBuilder] Instruction has no debug information, defaulting to function/basic block info
instrumenter::VERBO: [Instrumenter - IRBuilder] Instruction has no debug information, defaulting to function/basic block info
instrumenter::VERBO: [Instrumenter - IRBuilder] Instruction has no debug information, defaulting to function/basic block info
instrumenter::VERBO: [Instrumenter - IRBuilder] Instruction has no debug information, defaulting to function/basic block info
instrumenter::VERBO: [Instrumenter - IRBuilder] Instruction has no debug information, defaulting to function/basic block info
instrumenter::VERBO: [Instrumenter - IRBuilder] Instruction has no debug information, defaulting to function/basic block info
instrumenter::VERBO: [Instrumenter - IRBuilder] Instruction has no debug information, defaulting to function/basic block info
instrumenter::VERBO: [Instrumenter - IRBuilder] Instruction has no debug information, defaulting to function/basic block info
instrumenter::VERBO: [Instrumenter - IRBuilder] Instruction has no debug information, defaulting to function/basic block info
instrumenter::VERBO: [Instrumenter - IRBuilder] Instruction has no debug information, defaulting to function/basic block info
instrumenter::VERBO: [Instrumenter - IRBuilder] Instruction has no debug information, defaulting to function/basic block info
instrumenter::VERBO: [Instrumenter - IRBuilder] Instruction has no debug information, defaulting to function/basic block info
instrumenter::VERBO: [Instrumenter - IRBuilder] Instruction has no debug information, defaulting to function/basic block info
instrumenter::VERBO: [Instrumenter - IRBuilder] Instruction has no debug information, defaulting to function/basic block info
instrumenter::VERBO: [Instrumenter - IRBuilder] Instruction has no debug information, defaulting to function/basic block info
instrumenter::VERBO: [Instrumenter - IRBuilder] Instruction has no debug information, defaulting to function/basic block info
instrumenter::VERBO: [Instrumenter - IRBuilder] Instruction has no debug information, defaulting to function/basic block info
instrumenter::VERBO: [Instrumenter - IRBuilder] Instruction has no debug information, defaulting to function/basic block info
instrumenter::VERBO: [Instrumenter - IRBuilder] Instruction has no debug information, defaulting to function/basic block info
instrumenter::VERBO: [Instrumenter - IRBuilder] Instruction has no debug information, defaulting to function/basic block info
instrumenter::VERBO: [Instrumenter - IRBuilder] Instruction has no debug information, defaulting to function/basic block info
instrumenter::VERBO: [Instrumenter - IRBuilder] Instruction has no debug information, defaulting to function/basic block info
instrumenter::VERBO: [Instrumenter - IRBuilder] Instruction has no debug information, defaulting to function/basic block info
instrumenter::VERBO: [Instrumenter - IRBuilder] Instruction has no debug information, defaulting to function/basic block info
instrumenter::VERBO: [Instrumenter - IRBuilder] Instruction has no debug information, defaulting to function/basic block info
instrumenter::VERBO: [Instrumenter - IRBuilder] Instruction has no debug information, defaulting to function/basic block info
instrumenter::VERBO: [Instrumenter - IRBuilder] Instruction has no debug information, defaulting to function/basic block info
instrumenter::VERBO: [Instrumenter - IRBuilder] Instruction has no debug information, defaulting to function/basic block info
instrumenter::VERBO: [Instrumenter - IRBuilder] Instruction has no debug information, defaulting to function/basic block info
instrumenter::VERBO: [Instrumenter - IRBuilder] Instruction has no debug information, defaulting to function/basic block info
instrumenter::VERBO: [Instrumenter - IRBuilder] Instruction has no debug information, defaulting to function/basic block info
instrumenter::VERBO: [Instrumenter - IRBuilder] Instruction has no debug information, defaulting to function/basic block info
instrumenter::VERBO: [Instrumenter - IRBuilder] Instruction has no debug information, defaulting to function/basic block info
instrumenter::VERBO: [Instrumenter - IRBuilder] Instruction has no debug information, defaulting to function/basic block info
instrumenter::VERBO: [Instrumenter - IRBuilder] Instruction has no debug information, defaulting to function/basic block info
instrumenter::VERBO: [Instrumenter - IRBuilder] Instruction has no debug information, defaulting to function/basic block info
instrumenter::VERBO: [Instrumenter - IRBuilder] Instruction has no debug information, defaulting to function/basic block info
instrumenter::VERBO: [Instrumenter - IRBuilder] Instruction has no debug information, defaulting to function/basic block info
instrumenter::VERBO: [Instrumenter - IRBuilder] Instruction has no debug information, defaulting to function/basic block info
instrumenter::VERBO: [Instrumenter - IRBuilder] Instruction has no debug information, defaulting to function/basic block info
instrumenter::VERBO: [Instrumenter - IRBuilder] Instruction has no debug information, defaulting to function/basic block info
instrumenter::VERBO: [Instrumenter - IRBuilder] Instruction has no debug information, defaulting to function/basic block info
instrumenter::VERBO: [Instrumenter - IRBuilder] Instruction has no debug information, defaulting to function/basic block info
instrumenter::VERBO: [Instrumenter - IRBuilder] Instruction has no debug information, defaulting to function/basic block info
instrumenter::VERBO: [Instrumenter - IRBuilder] Instruction has no debug information, defaulting to function/basic block info
instrumenter::VERBO: [Instrumenter - IRBuilder] Instruction has no debug information, defaulting to function/basic block info
instrumenter::VERBO: [Instrumenter - IRBuilder] Instruction has no debug information, defaulting to function/basic block info
instrumenter::VERBO: [Instrumenter - IRBuilder] Instruction has no debug information, defaulting to function/basic block info
instrumenter::VERBO: [Instrumenter - IRBuilder] Instruction has no debug information, defaulting to function/basic block info
instrumenter::VERBO: [Instrumenter - IRBuilder] Instruction has no debug information, defaulting to function/basic block info
instrumenter::VERBO: [Instrumenter - IRBuilder] Instruction has no debug information, defaulting to function/basic block info
instrumenter::VERBO: [Instrumenter - IRBuilder] Instruction has no debug information, defaulting to function/basic block info
instrumenter::VERBO: [Instrumenter - IRBuilder] Instruction has no debug information, defaulting to function/basic block info
instrumenter::VERBO: [Instrumenter - IRBuilder] Instruction has no debug information, defaulting to function/basic block info
instrumenter::VERBO: [Instrumenter - IRBuilder] Instruction has no debug information, defaulting to function/basic block info
instrumenter::VERBO: [Instrumenter - IRBuilder] Instruction has no debug information, defaulting to function/basic block info
instrumenter::VERBO: [Instrumenter - IRBuilder] Instruction has no debug information, defaulting to function/basic block info
instrumenter::VERBO: [Instrumenter - IRBuilder] Instruction has no debug information, defaulting to function/basic block info
instrumenter::VERBO: [Instrumenter - IRBuilder] Instruction has no debug information, defaulting to function/basic block info
instrumenter::VERBO: [Instrumenter - IRBuilder] Instruction has no debug information, defaulting to function/basic block info
instrumenter::VERBO: [Instrumenter - IRBuilder] Instruction has no debug information, defaulting to function/basic block info
instrumenter::VERBO: [Instrumenter - IRBuilder] Instruction has no debug information, defaulting to function/basic block info
instrumenter::VERBO: [Instrumenter - IRBuilder] Instruction has no debug information, defaulting to function/basic block info
instrumenter::VERBO: [Instrumenter - IRBuilder] Instruction has no debug information, defaulting to function/basic block info
instrumenter::VERBO: [Instrumenter - IRBuilder] Instruction has no debug information, defaulting to function/basic block info
instrumenter::VERBO: [Instrumenter - IRBuilder] Instruction has no debug information, defaulting to function/basic block info
instrumenter::VERBO: [Instrumenter - IRBuilder] Instruction has no debug information, defaulting to function/basic block info
instrumenter::VERBO: [Instrumenter - IRBuilder] Instruction has no debug information, defaulting to function/basic block info
instrumenter::VERBO: [Instrumenter - IRBuilder] Instruction has no debug information, defaulting to function/basic block info
instrumenter::VERBO: [Instrumenter - IRBuilder] Instruction has no debug information, defaulting to function/basic block info
instrumenter::VERBO: [Instrumenter - IRBuilder] Instruction has no debug information, defaulting to function/basic block info
instrumenter::VERBO: [Instrumenter - IRBuilder] Instruction has no debug information, defaulting to function/basic block info
instrumenter::VERBO: [Instrumenter - IRBuilder] Instruction has no debug information, defaulting to function/basic block info
instrumenter::VERBO: [Instrumenter - IRBuilder] Instruction has no debug information, defaulting to function/basic block info
instrumenter::VERBO: [Instrumenter - IRBuilder] Instruction has no debug information, defaulting to function/basic block info
instrumenter::VERBO: [Instrumenter - IRBuilder] Instruction has no debug information, defaulting to function/basic block info
instrumenter::VERBO: [Instrumenter - IRBuilder] Instruction has no debug information, defaulting to function/basic block info
instrumenter::VERBO: [Instrumenter - IRBuilder] Instruction has no debug information, defaulting to function/basic block info
instrumenter::VERBO: [Instrumenter - IRBuilder] Instruction has no debug information, defaulting to function/basic block info
instrumenter::VERBO: [Instrumenter - IRBuilder] Instruction has no debug information, defaulting to function/basic block info
instrumenter::VERBO: [Instrumenter - IRBuilder] Instruction has no debug information, defaulting to function/basic block info
instrumenter::VERBO: [Instrumenter - IRBuilder] Instruction has no debug information, defaulting to function/basic block info
instrumenter::VERBO: [Instrumenter - IRBuilder] Instruction has no debug information, defaulting to function/basic block info
instrumenter::VERBO: [Instrumenter - IRBuilder] Instruction has no debug information, defaulting to function/basic block info
instrumenter::VERBO: [Instrumenter - IRBuilder] Instruction has no debug information, defaulting to function/basic block info
instrumenter::VERBO: [Instrumenter - IRBuilder] Instruction has no debug information, defaulting to function/basic block info
instrumenter::VERBO: [Instrumenter - IRBuilder] Instruction has no debug information, defaulting to function/basic block info
instrumenter::VERBO: [Instrumenter - IRBuilder] Instruction has no debug information, defaulting to function/basic block info
instrumenter::VERBO: [Instrumenter - IRBuilder] Instruction has no debug information, defaulting to function/basic block info
instrumenter::VERBO: [Instrumenter - IRBuilder] Instruction has no debug information, defaulting to function/basic block info
instrumenter::VERBO: [Instrumenter - IRBuilder] Instruction has no debug information, defaulting to function/basic block info
instrumenter::VERBO: [Instrumenter - IRBuilder] Instruction has no debug information, defaulting to function/basic block info
instrumenter::VERBO: [Instrumenter - IRBuilder] Instruction has no debug information, defaulting to function/basic block info
instrumenter::VERBO: [Instrumenter - IRBuilder] Instruction has no debug information, defaulting to function/basic block info
instrumenter::VERBO: [Instrumenter - IRBuilder] Instruction has no debug information, defaulting to function/basic block info
instrumenter::VERBO: [Instrumenter - IRBuilder] Instruction has no debug information, defaulting to function/basic block info
instrumenter::VERBO: [Instrumenter - IRBuilder] Instruction has no debug information, defaulting to function/basic block info
instrumenter::VERBO: [Instrumenter - IRBuilder] Instruction has no debug information, defaulting to function/basic block info
instrumenter::VERBO: [Instrumenter - IRBuilder] Instruction has no debug information, defaulting to function/basic block info
instrumenter::VERBO: [Instrumenter - IRBuilder] Instruction has no debug information, defaulting to function/basic block info
instrumenter::VERBO: [Instrumenter - IRBuilder] Instruction has no debug information, defaulting to function/basic block info
instrumenter::VERBO: [Instrumenter - IRBuilder] Instruction has no debug information, defaulting to function/basic block info
instrumenter::VERBO: [Instrumenter - IRBuilder] Instruction has no debug information, defaulting to function/basic block info
instrumenter::VERBO: [Instrumenter - IRBuilder] Instruction has no debug information, defaulting to function/basic block info
instrumenter::VERBO: [Instrumenter - IRBuilder] Instruction has no debug information, defaulting to function/basic block info
instrumenter::VERBO: [Instrumenter - IRBuilder] Instruction has no debug information, defaulting to function/basic block info
instrumenter::VERBO: [Instrumenter - IRBuilder] Instruction has no debug information, defaulting to function/basic block info
instrumenter::VERBO: [Instrumenter - IRBuilder] Instruction has no debug information, defaulting to function/basic block info
instrumenter::VERBO: [Instrumenter - IRBuilder] Instruction has no debug information, defaulting to function/basic block info
instrumenter::VERBO: [Instrumenter - IRBuilder] Instruction has no debug information, defaulting to function/basic block info
instrumenter::VERBO: [Instrumenter - IRBuilder] Instruction has no debug information, defaulting to function/basic block info
instrumenter::VERBO: [Instrumenter - IRBuilder] Instruction has no debug information, defaulting to function/basic block info
instrumenter::VERBO: [Instrumenter - IRBuilder] Instruction has no debug information, defaulting to function/basic block info
instrumenter::VERBO: [Instrumenter - IRBuilder] Instruction has no debug information, defaulting to function/basic block info
instrumenter::VERBO: [Instrumenter - IRBuilder] Instruction has no debug information, defaulting to function/basic block info
instrumenter::VERBO: [Instrumenter - IRBuilder] Instruction has no debug information, defaulting to function/basic block info
instrumenter::VERBO: [Instrumenter - IRBuilder] Instruction has no debug information, defaulting to function/basic block info
instrumenter::VERBO: [Instrumenter - IRBuilder] Instruction has no debug information, defaulting to function/basic block info
instrumenter::VERBO: [Instrumenter - IRBuilder] Instruction has no debug information, defaulting to function/basic block info
instrumenter::VERBO: [Instrumenter - IRBuilder] Instruction has no debug information, defaulting to function/basic block info
instrumenter::VERBO: [Instrumenter - IRBuilder] Instruction has no debug information, defaulting to function/basic block info
instrumenter::VERBO: [Instrumenter - IRBuilder] Instruction has no debug information, defaulting to function/basic block info
instrumenter::VERBO: [Instrumenter - IRBuilder] Instruction has no debug information, defaulting to function/basic block info
instrumenter::VERBO: [Instrumenter - IRBuilder] Instruction has no debug information, defaulting to function/basic block info
instrumenter::VERBO: [Instrumenter - IRBuilder] Instruction has no debug information, defaulting to function/basic block info
instrumenter::VERBO: [Instrumenter - IRBuilder] Instruction has no debug information, defaulting to function/basic block info
instrumenter::VERBO: [Instrumenter - IRBuilder] Instruction has no debug information, defaulting to function/basic block info
instrumenter::VERBO: [Instrumenter - IRBuilder] Instruction has no debug information, defaulting to function/basic block info
instrumenter::VERBO: [Instrumenter - IRBuilder] Instruction has no debug information, defaulting to function/basic block info
instrumenter::VERBO: [Instrumenter - IRBuilder] Instruction has no debug information, defaulting to function/basic block info
instrumenter::VERBO: [Instrumenter - IRBuilder] Instruction has no debug information, defaulting to function/basic block info
instrumenter::VERBO: [Instrumenter - IRBuilder] Instruction has no debug information, defaulting to function/basic block info
instrumenter::VERBO: [Instrumenter - IRBuilder] Instruction has no debug information, defaulting to function/basic block info
instrumenter::VERBO: [Instrumenter - IRBuilder] Instruction has no debug information, defaulting to function/basic block info
instrumenter::VERBO: [Instrumenter - IRBuilder] Instruction has no debug information, defaulting to function/basic block info
instrumenter::VERBO: [Instrumenter - IRBuilder] Instruction has no debug information, defaulting to function/basic block info
instrumenter::VERBO: [Instrumenter - IRBuilder] Instruction has no debug information, defaulting to function/basic block info
instrumenter::VERBO: [Instrumenter - IRBuilder] Instruction has no debug information, defaulting to function/basic block info
instrumenter::VERBO: [Instrumenter - IRBuilder] Instruction has no debug information, defaulting to function/basic block info
instrumenter::VERBO: [Instrumenter - IRBuilder] Instruction has no debug information, defaulting to function/basic block info
instrumenter::VERBO: [Instrumenter - IRBuilder] Instruction has no debug information, defaulting to function/basic block info
instrumenter::VERBO: [Instrumenter - IRBuilder] Instruction has no debug information, defaulting to function/basic block info
instrumenter::VERBO: [Instrumenter - IRBuilder] Instruction has no debug information, defaulting to function/basic block info
instrumenter::VERBO: [Instrumenter - IRBuilder] Instruction has no debug information, defaulting to function/basic block info
instrumenter::VERBO: [Instrumenter - IRBuilder] Instruction has no debug information, defaulting to function/basic block info
instrumenter::VERBO: [Instrumenter - IRBuilder] Instruction has no debug information, defaulting to function/basic block info
instrumenter::VERBO: [Instrumenter - IRBuilder] Instruction has no debug information, defaulting to function/basic block info
instrumenter::VERBO: [Instrumenter - IRBuilder] Instruction has no debug information, defaulting to function/basic block info
instrumenter::VERBO: [Instrumenter - IRBuilder] Instruction has no debug information, defaulting to function/basic block info
instrumenter::VERBO: [Instrumenter - IRBuilder] Instruction has no debug information, defaulting to function/basic block info
instrumenter::VERBO: [Instrumenter - IRBuilder] Instruction has no debug information, defaulting to function/basic block info
instrumenter::VERBO: [Instrumenter - IRBuilder] Instruction has no debug information, defaulting to function/basic block info
instrumenter::VERBO: [Instrumenter - IRBuilder] Instruction has no debug information, defaulting to function/basic block info
instrumenter::VERBO: [Instrumenter - IRBuilder] Instruction has no debug information, defaulting to function/basic block info
instrumenter::VERBO: [Instrumenter - IRBuilder] Instruction has no debug information, defaulting to function/basic block info
instrumenter::VERBO: [Instrumenter - IRBuilder] Instruction has no debug information, defaulting to function/basic block info
instrumenter::VERBO: [Instrumenter - IRBuilder] Instruction has no debug information, defaulting to function/basic block info
instrumenter::VERBO: [Instrumenter - IRBuilder] Instruction has no debug information, defaulting to function/basic block info
instrumenter::VERBO: [Instrumenter - IRBuilder] Instruction has no debug information, defaulting to function/basic block info
instrumenter::VERBO: [Instrumenter - IRBuilder] Instruction has no debug information, defaulting to function/basic block info
instrumenter::VERBO: [Instrumenter - IRBuilder] Instruction has no debug information, defaulting to function/basic block info
instrumenter::VERBO: [Instrumenter - IRBuilder] Instruction has no debug information, defaulting to function/basic block info
instrumenter::VERBO: [Instrumenter - IRBuilder] Instruction has no debug information, defaulting to function/basic block info
instrumenter::VERBO: [Instrumenter - IRBuilder] Instruction has no debug information, defaulting to function/basic block info
instrumenter::VERBO: [Instrumenter - IRBuilder] Instruction has no debug information, defaulting to function/basic block info
instrumenter::VERBO: [Instrumenter - IRBuilder] Instruction has no debug information, defaulting to function/basic block info
instrumenter::VERBO: [Instrumenter - IRBuilder] Instruction has no debug information, defaulting to function/basic block info
instrumenter::VERBO: [Instrumenter - IRBuilder] Instruction has no debug information, defaulting to function/basic block info
instrumenter::VERBO: [Instrumenter - IRBuilder] Instruction has no debug information, defaulting to function/basic block info
instrumenter::VERBO: [Instrumenter - IRBuilder] Instruction has no debug information, defaulting to function/basic block info
instrumenter::VERBO: [Instrumenter - IRBuilder] Instruction has no debug information, defaulting to function/basic block info
instrumenter::VERBO: [Instrumenter - IRBuilder] Instruction has no debug information, defaulting to function/basic block info
instrumenter::VERBO: [Instrumenter - IRBuilder] Instruction has no debug information, defaulting to function/basic block info
instrumenter::VERBO: [Instrumenter - IRBuilder] Instruction has no debug information, defaulting to function/basic block info
instrumenter::VERBO: [Instrumenter - IRBuilder] Instruction has no debug information, defaulting to function/basic block info
instrumenter::VERBO: [Instrumenter - IRBuilder] Instruction has no debug information, defaulting to function/basic block info
instrumenter::VERBO: [Instrumenter - IRBuilder] Instruction has no debug information, defaulting to function/basic block info
instrumenter::VERBO: [Instrumenter - IRBuilder] Instruction has no debug information, defaulting to function/basic block info
instrumenter::VERBO: [Instrumenter - IRBuilder] Instruction has no debug information, defaulting to function/basic block info
instrumenter::VERBO: [Instrumenter - IRBuilder] Instruction has no debug information, defaulting to function/basic block info
instrumenter::VERBO: [Instrumenter - IRBuilder] Instruction has no debug information, defaulting to function/basic block info
instrumenter::VERBO: [Instrumenter - IRBuilder] Instruction has no debug information, defaulting to function/basic block info
instrumenter::VERBO: [Instrumenter - IRBuilder] Instruction has no debug information, defaulting to function/basic block info
instrumenter::VERBO: [Instrumenter - IRBuilder] Instruction has no debug information, defaulting to function/basic block info
instrumenter::VERBO: [Instrumenter - IRBuilder] Instruction has no debug information, defaulting to function/basic block info
instrumenter::VERBO: [Instrumenter - IRBuilder] Instruction has no debug information, defaulting to function/basic block info
instrumenter::VERBO: [Instrumenter - IRBuilder] Instruction has no debug information, defaulting to function/basic block info
instrumenter::VERBO: [Instrumenter - IRBuilder] Instruction has no debug information, defaulting to function/basic block info
instrumenter::VERBO: [Instrumenter - IRBuilder] Instruction has no debug information, defaulting to function/basic block info
instrumenter::VERBO: [Instrumenter - IRBuilder] Instruction has no debug information, defaulting to function/basic block info
instrumenter::VERBO: [Instrumenter - IRBuilder] Instruction has no debug information, defaulting to function/basic block info
instrumenter::VERBO: [Instrumenter - IRBuilder] Instruction has no debug information, defaulting to function/basic block info
instrumenter::VERBO: [Instrumenter - IRBuilder] Instruction has no debug information, defaulting to function/basic block info
instrumenter::VERBO: [Instrumenter - IRBuilder] Instruction has no debug information, defaulting to function/basic block info
instrumenter::VERBO: [Instrumenter - IRBuilder] Instruction has no debug information, defaulting to function/basic block info
instrumenter::VERBO: [Instrumenter - IRBuilder] Instruction has no debug information, defaulting to function/basic block info
instrumenter::VERBO: [Instrumenter - IRBuilder] Instruction has no debug information, defaulting to function/basic block info
instrumenter::VERBO: [Instrumenter - IRBuilder] Instruction has no debug information, defaulting to function/basic block info
instrumenter::VERBO: [Instrumenter - IRBuilder] Instruction has no debug information, defaulting to function/basic block info
instrumenter::VERBO: [Instrumenter - IRBuilder] Instruction has no debug information, defaulting to function/basic block info
instrumenter::VERBO: [Instrumenter - IRBuilder] Instruction has no debug information, defaulting to function/basic block info
instrumenter::VERBO: [Instrumenter - IRBuilder] Instruction has no debug information, defaulting to function/basic block info
instrumenter::VERBO: [Instrumenter - IRBuilder] Instruction has no debug information, defaulting to function/basic block info
instrumenter::VERBO: [Instrumenter - IRBuilder] Instruction has no debug information, defaulting to function/basic block info
instrumenter::VERBO: [Instrumenter - IRBuilder] Instruction has no debug information, defaulting to function/basic block info
instrumenter::VERBO: [Instrumenter - IRBuilder] Instruction has no debug information, defaulting to function/basic block info
instrumenter::VERBO: [Instrumenter - IRBuilder] Instruction has no debug information, defaulting to function/basic block info
instrumenter::VERBO: [Instrumenter - IRBuilder] Instruction has no debug information, defaulting to function/basic block info
instrumenter::VERBO: [Instrumenter - IRBuilder] Instruction has no debug information, defaulting to function/basic block info
instrumenter::VERBO: [Instrumenter - IRBuilder] Instruction has no debug information, defaulting to function/basic block info
instrumenter::VERBO: [Instrumenter - IRBuilder] Instruction has no debug information, defaulting to function/basic block info
instrumenter::VERBO: [Instrumenter - IRBuilder] Instruction has no debug information, defaulting to function/basic block info
instrumenter::VERBO: [Instrumenter - IRBuilder] Instruction has no debug information, defaulting to function/basic block info
instrumenter::VERBO: [Instrumenter - IRBuilder] Instruction has no debug information, defaulting to function/basic block info
instrumenter::VERBO: [Instrumenter - IRBuilder] Instruction has no debug information, defaulting to function/basic block info
instrumenter::VERBO: [Instrumenter - IRBuilder] Instruction has no debug information, defaulting to function/basic block info
instrumenter::VERBO: [Instrumenter - IRBuilder] Instruction has no debug information, defaulting to function/basic block info
instrumenter::VERBO: [Instrumenter - IRBuilder] Instruction has no debug information, defaulting to function/basic block info
instrumenter::VERBO: [Instrumenter - IRBuilder] Instruction has no debug information, defaulting to function/basic block info
instrumenter::VERBO: [Instrumenter - IRBuilder] Instruction has no debug information, defaulting to function/basic block info
instrumenter::VERBO: [Instrumenter - IRBuilder] Instruction has no debug information, defaulting to function/basic block info
instrumenter::VERBO: [Instrumenter - IRBuilder] Instruction has no debug information, defaulting to function/basic block info
instrumenter::VERBO: [Instrumenter - IRBuilder] Instruction has no debug information, defaulting to function/basic block info
instrumenter::VERBO: [Instrumenter - IRBuilder] Instruction has no debug information, defaulting to function/basic block info
instrumenter::VERBO: [Instrumenter - IRBuilder] Instruction has no debug information, defaulting to function/basic block info
instrumenter::VERBO: [Instrumenter - IRBuilder] Instruction has no debug information, defaulting to function/basic block info
instrumenter::VERBO: [Instrumenter - IRBuilder] Instruction has no debug information, defaulting to function/basic block info
instrumenter::VERBO: [Instrumenter - IRBuilder] Instruction has no debug information, defaulting to function/basic block info
instrumenter::VERBO: [Instrumenter - IRBuilder] Instruction has no debug information, defaulting to function/basic block info
instrumenter::VERBO: [Instrumenter - IRBuilder] Instruction has no debug information, defaulting to function/basic block info
instrumenter::VERBO: [Instrumenter - IRBuilder] Instruction has no debug information, defaulting to function/basic block info
instrumenter::VERBO: [Instrumenter - IRBuilder] Instruction has no debug information, defaulting to function/basic block info
instrumenter::VERBO: [Instrumenter - IRBuilder] Instruction has no debug information, defaulting to function/basic block info
instrumenter::VERBO: [Instrumenter - IRBuilder] Instruction has no debug information, defaulting to function/basic block info
instrumenter::VERBO: [Instrumenter - IRBuilder] Instruction has no debug information, defaulting to function/basic block info
instrumenter::VERBO: [Instrumenter - IRBuilder] Instruction has no debug information, defaulting to function/basic block info
instrumenter::VERBO: [Instrumenter - IRBuilder] Instruction has no debug information, defaulting to function/basic block info
instrumenter::VERBO: [Instrumenter - IRBuilder] Instruction has no debug information, defaulting to function/basic block info
instrumenter::VERBO: [Instrumenter - IRBuilder] Instruction has no debug information, defaulting to function/basic block info
instrumenter::VERBO: [Instrumenter - IRBuilder] Instruction has no debug information, defaulting to function/basic block info
instrumenter::VERBO: [Instrumenter - IRBuilder] Instruction has no debug information, defaulting to function/basic block info
instrumenter::VERBO: [Instrumenter - IRBuilder] Instruction has no debug information, defaulting to function/basic block info
instrumenter::VERBO: [Instrumenter - IRBuilder] Instruction has no debug information, defaulting to function/basic block info
instrumenter::VERBO: [Instrumenter - IRBuilder] Instruction has no debug information, defaulting to function/basic block info
instrumenter::VERBO: [Instrumenter - IRBuilder] Instruction has no debug information, defaulting to function/basic block info
instrumenter::VERBO: [Instrumenter - IRBuilder] Instruction has no debug information, defaulting to function/basic block info
instrumenter::VERBO: [Instrumenter - IRBuilder] Instruction has no debug information, defaulting to function/basic block info
instrumenter::VERBO: [Instrumenter - IRBuilder] Instruction has no debug information, defaulting to function/basic block info
instrumenter::VERBO: [Instrumenter - IRBuilder] Instruction has no debug information, defaulting to function/basic block info
instrumenter::VERBO: [Instrumenter - IRBuilder] Instruction has no debug information, defaulting to function/basic block info
instrumenter::VERBO: [Instrumenter - IRBuilder] Instruction has no debug information, defaulting to function/basic block info
instrumenter::VERBO: [Instrumenter - IRBuilder] Instruction has no debug information, defaulting to function/basic block info
instrumenter::VERBO: [Instrumenter - IRBuilder] Instruction has no debug information, defaulting to function/basic block info
instrumenter::VERBO: [Instrumenter - IRBuilder] Instruction has no debug information, defaulting to function/basic block info
instrumenter::VERBO: [Instrumenter - IRBuilder] Instruction has no debug information, defaulting to function/basic block info
instrumenter::VERBO: [Instrumenter - IRBuilder] Instruction has no debug information, defaulting to function/basic block info
instrumenter::VERBO: [Instrumenter - IRBuilder] Instruction has no debug information, defaulting to function/basic block info
instrumenter::VERBO: [Instrumenter - IRBuilder] Instruction has no debug information, defaulting to function/basic block info
instrumenter::VERBO: [Instrumenter - IRBuilder] Instruction has no debug information, defaulting to function/basic block info
instrumenter::VERBO: [Instrumenter - IRBuilder] Instruction has no debug information, defaulting to function/basic block info
instrumenter::VERBO: [Instrumenter - IRBuilder] Instruction has no debug information, defaulting to function/basic block info
instrumenter::VERBO: [Instrumenter - IRBuilder] Instruction has no debug information, defaulting to function/basic block info
instrumenter::VERBO: [Instrumenter - IRBuilder] Instruction has no debug information, defaulting to function/basic block info
instrumenter::VERBO: [Instrumenter - IRBuilder] Instruction has no debug information, defaulting to function/basic block info
instrumenter::VERBO: [Instrumenter - IRBuilder] Instruction has no debug information, defaulting to function/basic block info
instrumenter::VERBO: [Instrumenter - IRBuilder] Instruction has no debug information, defaulting to function/basic block info
instrumenter::VERBO: [Instrumenter - IRBuilder] Instruction has no debug information, defaulting to function/basic block info
instrumenter::VERBO: [Instrumenter - IRBuilder] Instruction has no debug information, defaulting to function/basic block info
instrumenter::VERBO: [Instrumenter - IRBuilder] Instruction has no debug information, defaulting to function/basic block info
instrumenter::VERBO: [Instrumenter - IRBuilder] Instruction has no debug information, defaulting to function/basic block info
instrumenter::VERBO: [Instrumenter - IRBuilder] Instruction has no debug information, defaulting to function/basic block info
instrumenter::VERBO: [Instrumenter - IRBuilder] Instruction has no debug information, defaulting to function/basic block info
instrumenter::VERBO: [Instrumenter - IRBuilder] Instruction has no debug information, defaulting to function/basic block info
instrumenter::VERBO: [Instrumenter - IRBuilder] Instruction has no debug information, defaulting to function/basic block info
instrumenter::VERBO: [Instrumenter - IRBuilder] Instruction has no debug information, defaulting to function/basic block info
instrumenter::VERBO: [Instrumenter - IRBuilder] Instruction has no debug information, defaulting to function/basic block info
instrumenter::VERBO: [Instrumenter - IRBuilder] Instruction has no debug information, defaulting to function/basic block info
instrumenter::VERBO: [Instrumenter - IRBuilder] Instruction has no debug information, defaulting to function/basic block info
instrumenter::VERBO: [Instrumenter - IRBuilder] Instruction has no debug information, defaulting to function/basic block info
instrumenter::VERBO: [Instrumenter - IRBuilder] Instruction has no debug information, defaulting to function/basic block info
instrumenter::VERBO: [Instrumenter - IRBuilder] Instruction has no debug information, defaulting to function/basic block info
instrumenter::VERBO: [Instrumenter - IRBuilder] Instruction has no debug information, defaulting to function/basic block info
instrumenter::VERBO: [Instrumenter - IRBuilder] Instruction has no debug information, defaulting to function/basic block info
instrumenter::VERBO: [Instrumenter - IRBuilder] Instruction has no debug information, defaulting to function/basic block info
instrumenter::VERBO: [Instrumenter - IRBuilder] Instruction has no debug information, defaulting to function/basic block info
instrumenter::VERBO: [Instrumenter - IRBuilder] Instruction has no debug information, defaulting to function/basic block info
instrumenter::VERBO: [Instrumenter - IRBuilder] Instruction has no debug information, defaulting to function/basic block info
instrumenter::VERBO: [Instrumenter - IRBuilder] Instruction has no debug information, defaulting to function/basic block info
instrumenter::VERBO: [Instrumenter - IRBuilder] Instruction has no debug information, defaulting to function/basic block info
instrumenter::VERBO: [Instrumenter - IRBuilder] Instruction has no debug information, defaulting to function/basic block info
instrumenter::VERBO: [Instrumenter - IRBuilder] Instruction has no debug information, defaulting to function/basic block info
instrumenter::VERBO: [Instrumenter - IRBuilder] Instruction has no debug information, defaulting to function/basic block info
instrumenter::VERBO: [Instrumenter - IRBuilder] Instruction has no debug information, defaulting to function/basic block info
instrumenter::VERBO: [Instrumenter - IRBuilder] Instruction has no debug information, defaulting to function/basic block info
instrumenter::VERBO: [Instrumenter - IRBuilder] Instruction has no debug information, defaulting to function/basic block info
instrumenter::VERBO: [Instrumenter - IRBuilder] Instruction has no debug information, defaulting to function/basic block info
instrumenter::VERBO: [Instrumenter - IRBuilder] Instruction has no debug information, defaulting to function/basic block info
instrumenter::VERBO: [Instrumenter - IRBuilder] Instruction has no debug information, defaulting to function/basic block info
instrumenter::VERBO: [Instrumenter - IRBuilder] Instruction has no debug information, defaulting to function/basic block info
instrumenter::VERBO: [Instrumenter - IRBuilder] Instruction has no debug information, defaulting to function/basic block info
instrumenter::VERBO: [Instrumenter - IRBuilder] Instruction has no debug information, defaulting to function/basic block info
instrumenter::VERBO: [Instrumenter - IRBuilder] Instruction has no debug information, defaulting to function/basic block info
instrumenter::VERBO: [Instrumenter - IRBuilder] Instruction has no debug information, defaulting to function/basic block info
instrumenter::VERBO: [Instrumenter - IRBuilder] Instruction has no debug information, defaulting to function/basic block info
instrumenter::VERBO: [Instrumenter - IRBuilder] Instruction has no debug information, defaulting to function/basic block info
instrumenter::VERBO: [Instrumenter - IRBuilder] Instruction has no debug information, defaulting to function/basic block info
instrumenter::VERBO: [Instrumenter - IRBuilder] Instruction has no debug information, defaulting to function/basic block info
instrumenter::VERBO: [Instrumenter - IRBuilder] Instruction has no debug information, defaulting to function/basic block info
instrumenter::VERBO: [Instrumenter - IRBuilder] Instruction has no debug information, defaulting to function/basic block info
instrumenter::VERBO: [Instrumenter - IRBuilder] Instruction has no debug information, defaulting to function/basic block info
instrumenter::VERBO: [Instrumenter - IRBuilder] Instruction has no debug information, defaulting to function/basic block info
instrumenter::VERBO: [Instrumenter - IRBuilder] Instruction has no debug information, defaulting to function/basic block info
instrumenter::VERBO: [Instrumenter - IRBuilder] Instruction has no debug information, defaulting to function/basic block info
instrumenter::VERBO: [Instrumenter - IRBuilder] Instruction has no debug information, defaulting to function/basic block info
instrumenter::VERBO: [Instrumenter - IRBuilder] Instruction has no debug information, defaulting to function/basic block info
instrumenter::VERBO: [Instrumenter - IRBuilder] Instruction has no debug information, defaulting to function/basic block info
instrumenter::VERBO: [Instrumenter - IRBuilder] Instruction has no debug information, defaulting to function/basic block info
instrumenter::VERBO: [Instrumenter - IRBuilder] Instruction has no debug information, defaulting to function/basic block info
instrumenter::VERBO: [Instrumenter - IRBuilder] Instruction has no debug information, defaulting to function/basic block info
instrumenter::VERBO: [Instrumenter - IRBuilder] Instruction has no debug information, defaulting to function/basic block info
instrumenter::VERBO: [Instrumenter - IRBuilder] Instruction has no debug information, defaulting to function/basic block info
instrumenter::VERBO: [Instrumenter - IRBuilder] Instruction has no debug information, defaulting to function/basic block info
instrumenter::VERBO: [Instrumenter - IRBuilder] Instruction has no debug information, defaulting to function/basic block info
instrumenter::VERBO: [Instrumenter - IRBuilder] Instruction has no debug information, defaulting to function/basic block info
instrumenter::VERBO: [Instrumenter - IRBuilder] Instruction has no debug information, defaulting to function/basic block info
instrumenter::VERBO: [Instrumenter - IRBuilder] Instruction has no debug information, defaulting to function/basic block info
instrumenter::VERBO: [Instrumenter - IRBuilder] Instruction has no debug information, defaulting to function/basic block info
instrumenter::VERBO: [Instrumenter - IRBuilder] Instruction has no debug information, defaulting to function/basic block info
instrumenter::VERBO: [Instrumenter - IRBuilder] Instruction has no debug information, defaulting to function/basic block info
instrumenter::VERBO: [Instrumenter - IRBuilder] Instruction has no debug information, defaulting to function/basic block info
instrumenter::VERBO: [Instrumenter - IRBuilder] Instruction has no debug information, defaulting to function/basic block info
instrumenter::VERBO: [Instrumenter - IRBuilder] Instruction has no debug information, defaulting to function/basic block info
instrumenter::VERBO: [Instrumenter - IRBuilder] Instruction has no debug information, defaulting to function/basic block info
instrumenter::VERBO: [Instrumenter - IRBuilder] Instruction has no debug information, defaulting to function/basic block info
instrumenter::VERBO: [Instrumenter - IRBuilder] Instruction has no debug information, defaulting to function/basic block info
instrumenter::VERBO: [Instrumenter - IRBuilder] Instruction has no debug information, defaulting to function/basic block info
instrumenter::VERBO: [Instrumenter - IRBuilder] Instruction has no debug information, defaulting to function/basic block info
instrumenter::VERBO: [Instrumenter - IRBuilder] Instruction has no debug information, defaulting to function/basic block info
instrumenter::VERBO: [Instrumenter - IRBuilder] Instruction has no debug information, defaulting to function/basic block info
instrumenter::VERBO: [Instrumenter - IRBuilder] Instruction has no debug information, defaulting to function/basic block info
instrumenter::VERBO: [Instrumenter - IRBuilder] Instruction has no debug information, defaulting to function/basic block info
instrumenter::VERBO: [Instrumenter - IRBuilder] Instruction has no debug information, defaulting to function/basic block info
instrumenter::VERBO: [Instrumenter - IRBuilder] Instruction has no debug information, defaulting to function/basic block info
instrumenter::VERBO: [Instrumenter - IRBuilder] Instruction has no debug information, defaulting to function/basic block info
instrumenter::VERBO: [Instrumenter - IRBuilder] Instruction has no debug information, defaulting to function/basic block info
instrumenter::VERBO: [Instrumenter - IRBuilder] Instruction has no debug information, defaulting to function/basic block info
instrumenter::VERBO: [Instrumenter - IRBuilder] Instruction has no debug information, defaulting to function/basic block info
instrumenter::VERBO: [Instrumenter - IRBuilder] Instruction has no debug information, defaulting to function/basic block info
instrumenter::VERBO: [Instrumenter - IRBuilder] Instruction has no debug information, defaulting to function/basic block info
instrumenter::VERBO: [Instrumenter - IRBuilder] Instruction has no debug information, defaulting to function/basic block info
instrumenter::VERBO: [Instrumenter - IRBuilder] Instruction has no debug information, defaulting to function/basic block info
instrumenter::VERBO: [Instrumenter - IRBuilder] Instruction has no debug information, defaulting to function/basic block info
instrumenter::VERBO: [Instrumenter - IRBuilder] Instruction has no debug information, defaulting to function/basic block info
instrumenter::VERBO: [Instrumenter - IRBuilder] Instruction has no debug information, defaulting to function/basic block info
instrumenter::VERBO: [Instrumenter - IRBuilder] Instruction has no debug information, defaulting to function/basic block info
instrumenter::VERBO: [Instrumenter - IRBuilder] Instruction has no debug information, defaulting to function/basic block info
instrumenter::VERBO: [Instrumenter - IRBuilder] Instruction has no debug information, defaulting to function/basic block info
instrumenter::VERBO: [Instrumenter - IRBuilder] Instruction has no debug information, defaulting to function/basic block info
instrumenter::VERBO: [Instrumenter - IRBuilder] Instruction has no debug information, defaulting to function/basic block info
instrumenter::VERBO: [Instrumenter - IRBuilder] Instruction has no debug information, defaulting to function/basic block info
instrumenter::VERBO: [Instrumenter - IRBuilder] Instruction has no debug information, defaulting to function/basic block info
instrumenter::VERBO: [Instrumenter - IRBuilder] Instruction has no debug information, defaulting to function/basic block info
instrumenter::VERBO: [Instrumenter - IRBuilder] Instruction has no debug information, defaulting to function/basic block info
instrumenter::VERBO: [Instrumenter - IRBuilder] Instruction has no debug information, defaulting to function/basic block info
instrumenter::VERBO: [Instrumenter - IRBuilder] Instruction has no debug information, defaulting to function/basic block info
instrumenter::VERBO: [Instrumenter - IRBuilder] Instruction has no debug information, defaulting to function/basic block info
instrumenter::VERBO: [Instrumenter - IRBuilder] Instruction has no debug information, defaulting to function/basic block info
instrumenter::VERBO: [Instrumenter - IRBuilder] Instruction has no debug information, defaulting to function/basic block info
instrumenter::VERBO: [Instrumenter - IRBuilder] Instruction has no debug information, defaulting to function/basic block info
instrumenter::VERBO: [Instrumenter - IRBuilder] Instruction has no debug information, defaulting to function/basic block info
instrumenter::VERBO: [Instrumenter - IRBuilder] Instruction has no debug information, defaulting to function/basic block info
instrumenter::VERBO: [Instrumenter - IRBuilder] Instruction has no debug information, defaulting to function/basic block info
instrumenter::VERBO: [Instrumenter - IRBuilder] Instruction has no debug information, defaulting to function/basic block info
instrumenter::VERBO: [Instrumenter - IRBuilder] Instruction has no debug information, defaulting to function/basic block info
instrumenter::VERBO: [Instrumenter - IRBuilder] Instruction has no debug information, defaulting to function/basic block info
instrumenter::VERBO: [Instrumenter - IRBuilder] Instruction has no debug information, defaulting to function/basic block info
instrumenter::VERBO: [Instrumenter - IRBuilder] Instruction has no debug information, defaulting to function/basic block info
instrumenter::VERBO: [Instrumenter - IRBuilder] Instruction has no debug information, defaulting to function/basic block info
instrumenter::VERBO: [Instrumenter - IRBuilder] Instruction has no debug information, defaulting to function/basic block info
instrumenter::VERBO: [Instrumenter - IRBuilder] Instruction has no debug information, defaulting to function/basic block info
instrumenter::VERBO: [Instrumenter - IRBuilder] Instruction has no debug information, defaulting to function/basic block info
instrumenter::VERBO: [Instrumenter - IRBuilder] Instruction has no debug information, defaulting to function/basic block info
instrumenter::VERBO: [Instrumenter - IRBuilder] Instruction has no debug information, defaulting to function/basic block info
instrumenter::VERBO: [Instrumenter - IRBuilder] Instruction has no debug information, defaulting to function/basic block info
instrumenter::VERBO: [Instrumenter - IRBuilder] Instruction has no debug information, defaulting to function/basic block info
instrumenter::VERBO: [Instrumenter - IRBuilder] Instruction has no debug information, defaulting to function/basic block info
instrumenter::VERBO: [Instrumenter - IRBuilder] Instruction has no debug information, defaulting to function/basic block info
instrumenter::VERBO: [Instrumenter - IRBuilder] Instruction has no debug information, defaulting to function/basic block info
instrumenter::VERBO: [Instrumenter - IRBuilder] Instruction has no debug information, defaulting to function/basic block info
instrumenter::VERBO: [Instrumenter - IRBuilder] Instruction has no debug information, defaulting to function/basic block info
instrumenter::VERBO: [Instrumenter - IRBuilder] Instruction has no debug information, defaulting to function/basic block info
instrumenter::VERBO: [Instrumenter - IRBuilder] Instruction has no debug information, defaulting to function/basic block info
instrumenter::VERBO: [Instrumenter - IRBuilder] Instruction has no debug information, defaulting to function/basic block info
instrumenter::VERBO: [Instrumenter - IRBuilder] Instruction has no debug information, defaulting to function/basic block info
instrumenter::VERBO: [Instrumenter - IRBuilder] Instruction has no debug information, defaulting to function/basic block info
instrumenter::VERBO: [Instrumenter - IRBuilder] Instruction has no debug information, defaulting to function/basic block info
instrumenter::VERBO: [Instrumenter - IRBuilder] Instruction has no debug information, defaulting to function/basic block info
instrumenter::VERBO: [Instrumenter - IRBuilder] Instruction has no debug information, defaulting to function/basic block info
instrumenter::VERBO: [Instrumenter - IRBuilder] Instruction has no debug information, defaulting to function/basic block info
instrumenter::VERBO: [Instrumenter - IRBuilder] Instruction has no debug information, defaulting to function/basic block info
instrumenter::VERBO: [Instrumenter - IRBuilder] Instruction has no debug information, defaulting to function/basic block info
instrumenter::VERBO: [Instrumenter - IRBuilder] Instruction has no debug information, defaulting to function/basic block info
instrumenter::VERBO: [Instrumenter - IRBuilder] Instruction has no debug information, defaulting to function/basic block info
instrumenter::VERBO: [Instrumenter - IRBuilder] Instruction has no debug information, defaulting to function/basic block info
instrumenter::VERBO: [Instrumenter - IRBuilder] Instruction has no debug information, defaulting to function/basic block info
instrumenter::VERBO: [Instrumenter - IRBuilder] Instruction has no debug information, defaulting to function/basic block info
instrumenter::VERBO: [Instrumenter - IRBuilder] Instruction has no debug information, defaulting to function/basic block info
instrumenter::VERBO: [Instrumenter - IRBuilder] Instruction has no debug information, defaulting to function/basic block info
instrumenter::VERBO: [Instrumenter - IRBuilder] Instruction has no debug information, defaulting to function/basic block info
instrumenter::VERBO: [Instrumenter - IRBuilder] Instruction has no debug information, defaulting to function/basic block info
instrumenter::VERBO: [Instrumenter - IRBuilder] Instruction has no debug information, defaulting to function/basic block info
instrumenter::VERBO: [Instrumenter - IRBuilder] Instruction has no debug information, defaulting to function/basic block info
instrumenter::VERBO: [Instrumenter - IRBuilder] Instruction has no debug information, defaulting to function/basic block info
instrumenter::VERBO: [Instrumenter - IRBuilder] Instruction has no debug information, defaulting to function/basic block info
instrumenter::VERBO: [Instrumenter - IRBuilder] Instruction has no debug information, defaulting to function/basic block info
instrumenter::VERBO: [Instrumenter - IRBuilder] Instruction has no debug information, defaulting to function/basic block info
instrumenter::VERBO: [Instrumenter - IRBuilder] Instruction has no debug information, defaulting to function/basic block info
instrumenter::VERBO: [Instrumenter - IRBuilder] Instruction has no debug information, defaulting to function/basic block info
instrumenter::VERBO: [Instrumenter - IRBuilder] Instruction has no debug information, defaulting to function/basic block info
instrumenter::VERBO: [Instrumenter - IRBuilder] Instruction has no debug information, defaulting to function/basic block info
instrumenter::VERBO: [Instrumenter - IRBuilder] Instruction has no debug information, defaulting to function/basic block info
instrumenter::VERBO: [Instrumenter - IRBuilder] Instruction has no debug information, defaulting to function/basic block info
instrumenter::VERBO: [Instrumenter - IRBuilder] Instruction has no debug information, defaulting to function/basic block info
instrumenter::VERBO: [Instrumenter - IRBuilder] Instruction has no debug information, defaulting to function/basic block info
instrumenter::VERBO: [Instrumenter - IRBuilder] Instruction has no debug information, defaulting to function/basic block info
instrumenter::VERBO: [Instrumenter - IRBuilder] Instruction has no debug information, defaulting to function/basic block info
instrumenter::VERBO: [Instrumenter - IRBuilder] Instruction has no debug information, defaulting to function/basic block info
instrumenter::VERBO: [Instrumenter - IRBuilder] Instruction has no debug information, defaulting to function/basic block info
instrumenter::VERBO: [Instrumenter - IRBuilder] Instruction has no debug information, defaulting to function/basic block info
instrumenter::VERBO: [Instrumenter - IRBuilder] Instruction has no debug information, defaulting to function/basic block info
instrumenter::VERBO: [Instrumenter - IRBuilder] Instruction has no debug information, defaulting to function/basic block info
instrumenter::VERBO: [Instrumenter - IRBuilder] Instruction has no debug information, defaulting to function/basic block info
instrumenter::VERBO: [Instrumenter - IRBuilder] Instruction has no debug information, defaulting to function/basic block info
instrumenter::VERBO: [Instrumenter - IRBuilder] Instruction has no debug information, defaulting to function/basic block info
instrumenter::VERBO: [Instrumenter - IRBuilder] Instruction has no debug information, defaulting to function/basic block info
instrumenter::VERBO: [Instrumenter - IRBuilder] Instruction has no debug information, defaulting to function/basic block info
instrumenter::VERBO: [Instrumenter - IRBuilder] Instruction has no debug information, defaulting to function/basic block info
instrumenter::VERBO: [Instrumenter - IRBuilder] Instruction has no debug information, defaulting to function/basic block info
instrumenter::VERBO: [Instrumenter - IRBuilder] Instruction has no debug information, defaulting to function/basic block info
instrumenter::VERBO: [Instrumenter - IRBuilder] Instruction has no debug information, defaulting to function/basic block info
instrumenter::VERBO: [Instrumenter - IRBuilder] Instruction has no debug information, defaulting to function/basic block info
instrumenter::VERBO: [Instrumenter - IRBuilder] Instruction has no debug information, defaulting to function/basic block info
instrumenter::VERBO: [Instrumenter - IRBuilder] Instruction has no debug information, defaulting to function/basic block info
instrumenter::VERBO: [Instrumenter - IRBuilder] Instruction has no debug information, defaulting to function/basic block info
instrumenter::VERBO: [Instrumenter - IRBuilder] Instruction has no debug information, defaulting to function/basic block info
instrumenter::VERBO: [Instrumenter - IRBuilder] Instruction has no debug information, defaulting to function/basic block info
instrumenter::VERBO: [Instrumenter - IRBuilder] Instruction has no debug information, defaulting to function/basic block info
instrumenter::VERBO: [Instrumenter - IRBuilder] Instruction has no debug information, defaulting to function/basic block info
instrumenter::VERBO: [Instrumenter - IRBuilder] Instruction has no debug information, defaulting to function/basic block info
instrumenter::VERBO: [Instrumenter - IRBuilder] Instruction has no debug information, defaulting to function/basic block info
instrumenter::VERBO: [Instrumenter - IRBuilder] Instruction has no debug information, defaulting to function/basic block info
instrumenter::VERBO: [Instrumenter - IRBuilder] Instruction has no debug information, defaulting to function/basic block info
instrumenter::VERBO: [Instrumenter - IRBuilder] Instruction has no debug information, defaulting to function/basic block info
instrumenter::VERBO: [Instrumenter - IRBuilder] Instruction has no debug information, defaulting to function/basic block info
instrumenter::VERBO: [Instrumenter - IRBuilder] Instruction has no debug information, defaulting to function/basic block info
instrumenter::VERBO: [Instrumenter - IRBuilder] Instruction has no debug information, defaulting to function/basic block info
instrumenter::VERBO: [Instrumenter - IRBuilder] Instruction has no debug information, defaulting to function/basic block info
instrumenter::VERBO: [Instrumenter - IRBuilder] Instruction has no debug information, defaulting to function/basic block info
instrumenter::VERBO: [Instrumenter - IRBuilder] Instruction has no debug information, defaulting to function/basic block info
instrumenter::VERBO: [Instrumenter - IRBuilder] Instruction has no debug information, defaulting to function/basic block info
instrumenter::VERBO: [Instrumenter - IRBuilder] Instruction has no debug information, defaulting to function/basic block info
instrumenter::VERBO: [Instrumenter - IRBuilder] Instruction has no debug information, defaulting to function/basic block info
instrumenter::VERBO: [Instrumenter - IRBuilder] Instruction has no debug information, defaulting to function/basic block info
instrumenter::VERBO: [Instrumenter - IRBuilder] Instruction has no debug information, defaulting to function/basic block info
instrumenter::VERBO: [Instrumenter - IRBuilder] Instruction has no debug information, defaulting to function/basic block info
instrumenter::VERBO: [Instrumenter - IRBuilder] Instruction has no debug information, defaulting to function/basic block info
instrumenter::VERBO: [Instrumenter - IRBuilder] Instruction has no debug information, defaulting to function/basic block info
instrumenter::VERBO: [Instrumenter - IRBuilder] Instruction has no debug information, defaulting to function/basic block info
instrumenter::VERBO: [Instrumenter - IRBuilder] Instruction has no debug information, defaulting to function/basic block info
instrumenter::VERBO: [Instrumenter - IRBuilder] Instruction has no debug information, defaulting to function/basic block info
instrumenter::VERBO: [Instrumenter - IRBuilder] Instruction has no debug information, defaulting to function/basic block info
instrumenter::VERBO: [Instrumenter - IRBuilder] Instruction has no debug information, defaulting to function/basic block info
instrumenter::VERBO: [Instrumenter - IRBuilder] Instruction has no debug information, defaulting to function/basic block info
instrumenter::VERBO: [Instrumenter - IRBuilder] Instruction has no debug information, defaulting to function/basic block info
instrumenter::VERBO: [Instrumenter - IRBuilder] Instruction has no debug information, defaulting to function/basic block info
instrumenter::VERBO: [Instrumenter - IRBuilder] Instruction has no debug information, defaulting to function/basic block info
instrumenter::VERBO: [Instrumenter - IRBuilder] Instruction has no debug information, defaulting to function/basic block info
instrumenter::VERBO: [Instrumenter - IRBuilder] Instruction has no debug information, defaulting to function/basic block info
instrumenter::VERBO: [Instrumenter - IRBuilder] Instruction has no debug information, defaulting to function/basic block info
instrumenter::VERBO: [Instrumenter - IRBuilder] Instruction has no debug information, defaulting to function/basic block info
instrumenter::VERBO: [Instrumenter - IRBuilder] Instruction has no debug information, defaulting to function/basic block info
instrumenter::VERBO: [Instrumenter - IRBuilder] Instruction has no debug information, defaulting to function/basic block info
instrumenter::VERBO: [Instrumenter - IRBuilder] Instruction has no debug information, defaulting to function/basic block info
instrumenter::VERBO: [Instrumenter - IRBuilder] Instruction has no debug information, defaulting to function/basic block info
instrumenter::VERBO: [Instrumenter - IRBuilder] Instruction has no debug information, defaulting to function/basic block info
instrumenter::VERBO: [Instrumenter - IRBuilder] Instruction has no debug information, defaulting to function/basic block info
instrumenter::VERBO: [Instrumenter - IRBuilder] Instruction has no debug information, defaulting to function/basic block info
instrumenter::VERBO: [Instrumenter - IRBuilder] Instruction has no debug information, defaulting to function/basic block info
instrumenter::VERBO: [Instrumenter - IRBuilder] Instruction has no debug information, defaulting to function/basic block info
instrumenter::VERBO: [Instrumenter - IRBuilder] Instruction has no debug information, defaulting to function/basic block info
instrumenter::VERBO: [Instrumenter - IRBuilder] Instruction has no debug information, defaulting to function/basic block info
instrumenter::VERBO: [Instrumenter - IRBuilder] Instruction has no debug information, defaulting to function/basic block info
instrumenter::VERBO: [Instrumenter - IRBuilder] Instruction has no debug information, defaulting to function/basic block info
instrumenter::VERBO: [Instrumenter - IRBuilder] Instruction has no debug information, defaulting to function/basic block info
instrumenter::VERBO: [Instrumenter - IRBuilder] Instruction has no debug information, defaulting to function/basic block info
instrumenter::VERBO: [Instrumenter - IRBuilder] Instruction has no debug information, defaulting to function/basic block info
instrumenter::VERBO: [Instrumenter - IRBuilder] Instruction has no debug information, defaulting to function/basic block info
instrumenter::VERBO: [Instrumenter - IRBuilder] Instruction has no debug information, defaulting to function/basic block info
instrumenter::VERBO: [Instrumenter - IRBuilder] Instruction has no debug information, defaulting to function/basic block info
instrumenter::VERBO: [Instrumenter - IRBuilder] Instruction has no debug information, defaulting to function/basic block info
instrumenter::VERBO: [Instrumenter - IRBuilder] Instruction has no debug information, defaulting to function/basic block info
instrumenter::VERBO: [Instrumenter - IRBuilder] Instruction has no debug information, defaulting to function/basic block info
instrumenter::VERBO: [Instrumenter - IRBuilder] Instruction has no debug information, defaulting to function/basic block info
instrumenter::VERBO: [Instrumenter - IRBuilder] Instruction has no debug information, defaulting to function/basic block info
instrumenter::VERBO: [Instrumenter - IRBuilder] Instruction has no debug information, defaulting to function/basic block info
instrumenter::VERBO: [Instrumenter - IRBuilder] Instruction has no debug information, defaulting to function/basic block info
instrumenter::VERBO: [Instrumenter - IRBuilder] Instruction has no debug information, defaulting to function/basic block info
instrumenter::VERBO: [Instrumenter - IRBuilder] Instruction has no debug information, defaulting to function/basic block info
instrumenter::VERBO: [Instrumenter - IRBuilder] Instruction has no debug information, defaulting to function/basic block info
instrumenter::VERBO: [Instrumenter - IRBuilder] Instruction has no debug information, defaulting to function/basic block info
instrumenter::VERBO: [Instrumenter - IRBuilder] Instruction has no debug information, defaulting to function/basic block info
instrumenter::VERBO: [Instrumenter - IRBuilder] Instruction has no debug information, defaulting to function/basic block info
instrumenter::VERBO: [Instrumenter - IRBuilder] Instruction has no debug information, defaulting to function/basic block info
instrumenter::VERBO: [Instrumenter - IRBuilder] Instruction has no debug information, defaulting to function/basic block info
instrumenter::VERBO: [Instrumenter - IRBuilder] Instruction has no debug information, defaulting to function/basic block info
instrumenter::VERBO: [Instrumenter - IRBuilder] Instruction has no debug information, defaulting to function/basic block info
instrumenter::VERBO: [Instrumenter - IRBuilder] Instruction has no debug information, defaulting to function/basic block info
instrumenter::VERBO: [Instrumenter - IRBuilder] Instruction has no debug information, defaulting to function/basic block info
instrumenter::VERBO: [Instrumenter - IRBuilder] Instruction has no debug information, defaulting to function/basic block info
instrumenter::VERBO: [Instrumenter - IRBuilder] Instruction has no debug information, defaulting to function/basic block info
instrumenter::VERBO: [Instrumenter - IRBuilder] Instruction has no debug information, defaulting to function/basic block info
instrumenter::VERBO: [Instrumenter - IRBuilder] Instruction has no debug information, defaulting to function/basic block info
instrumenter::VERBO: [Instrumenter - IRBuilder] Instruction has no debug information, defaulting to function/basic block info
instrumenter::VERBO: [Instrumenter - IRBuilder] Instruction has no debug information, defaulting to function/basic block info
instrumenter::VERBO: [Instrumenter - IRBuilder] Instruction has no debug information, defaulting to function/basic block info
instrumenter::VERBO: [Instrumenter - IRBuilder] Instruction has no debug information, defaulting to function/basic block info
instrumenter::VERBO: [Instrumenter - IRBuilder] Instruction has no debug information, defaulting to function/basic block info
instrumenter::VERBO: [Instrumenter - IRBuilder] Instruction has no debug information, defaulting to function/basic block info
instrumenter::VERBO: [Instrumenter - IRBuilder] Instruction has no debug information, defaulting to function/basic block info
instrumenter::VERBO: [Instrumenter - IRBuilder] Instruction has no debug information, defaulting to function/basic block info
instrumenter::VERBO: [Instrumenter - IRBuilder] Instruction has no debug information, defaulting to function/basic block info
instrumenter::VERBO: [Instrumenter - IRBuilder] Instruction has no debug information, defaulting to function/basic block info
instrumenter::VERBO: [Instrumenter - IRBuilder] Instruction has no debug information, defaulting to function/basic block info
instrumenter::VERBO: [Instrumenter - IRBuilder] Instruction has no debug information, defaulting to function/basic block info
instrumenter::VERBO: [Instrumenter - IRBuilder] Instruction has no debug information, defaulting to function/basic block info
instrumenter::VERBO: [Instrumenter - IRBuilder] Instruction has no debug information, defaulting to function/basic block info
instrumenter::VERBO: [Instrumenter - IRBuilder] Instruction has no debug information, defaulting to function/basic block info
instrumenter::VERBO: [Instrumenter - IRBuilder] Instruction has no debug information, defaulting to function/basic block info
instrumenter::VERBO: [Instrumenter - IRBuilder] Instruction has no debug information, defaulting to function/basic block info
instrumenter::VERBO: [Instrumenter - IRBuilder] Instruction has no debug information, defaulting to function/basic block info
instrumenter::VERBO: [Instrumenter - IRBuilder] Instruction has no debug information, defaulting to function/basic block info
instrumenter::VERBO: [Instrumenter - IRBuilder] Instruction has no debug information, defaulting to function/basic block info
instrumenter::VERBO: [Instrumenter - IRBuilder] Instruction has no debug information, defaulting to function/basic block info
instrumenter::VERBO: [Instrumenter - IRBuilder] Instruction has no debug information, defaulting to function/basic block info
instrumenter::VERBO: [Instrumenter - IRBuilder] Instruction has no debug information, defaulting to function/basic block info
instrumenter::VERBO: [Instrumenter - IRBuilder] Instruction has no debug information, defaulting to function/basic block info
instrumenter::VERBO: [Instrumenter - IRBuilder] Instruction has no debug information, defaulting to function/basic block info
instrumenter::VERBO: [Instrumenter - IRBuilder] Instruction has no debug information, defaulting to function/basic block info
instrumenter::VERBO: [Instrumenter - IRBuilder] Instruction has no debug information, defaulting to function/basic block info
instrumenter::VERBO: [Instrumenter - IRBuilder] Instruction has no debug information, defaulting to function/basic block info
instrumenter::VERBO: [Instrumenter - IRBuilder] Instruction has no debug information, defaulting to function/basic block info
instrumenter::VERBO: [Instrumenter - IRBuilder] Instruction has no debug information, defaulting to function/basic block info
instrumenter::VERBO: [Instrumenter - IRBuilder] Instruction has no debug information, defaulting to function/basic block info
instrumenter::VERBO: [Instrumenter - IRBuilder] Instruction has no debug information, defaulting to function/basic block info
instrumenter::VERBO: [Instrumenter - IRBuilder] Instruction has no debug information, defaulting to function/basic block info
instrumenter::VERBO: [Instrumenter - IRBuilder] Instruction has no debug information, defaulting to function/basic block info
instrumenter::VERBO: [Instrumenter - IRBuilder] Instruction has no debug information, defaulting to function/basic block info
instrumenter::VERBO: [Instrumenter - IRBuilder] Instruction has no debug information, defaulting to function/basic block info
instrumenter::VERBO: [Instrumenter - IRBuilder] Instruction has no debug information, defaulting to function/basic block info
instrumenter::VERBO: [Instrumenter - IRBuilder] Instruction has no debug information, defaulting to function/basic block info
instrumenter::VERBO: [Instrumenter - IRBuilder] Instruction has no debug information, defaulting to function/basic block info
instrumenter::VERBO: [Instrumenter - IRBuilder] Instruction has no debug information, defaulting to function/basic block info
instrumenter::VERBO: [Instrumenter - IRBuilder] Instruction has no debug information, defaulting to function/basic block info
instrumenter::VERBO: [Instrumenter - IRBuilder] Instruction has no debug information, defaulting to function/basic block info
instrumenter::VERBO: [Instrumenter - IRBuilder] Instruction has no debug information, defaulting to function/basic block info
instrumenter::VERBO: [Instrumenter - IRBuilder] Instruction has no debug information, defaulting to function/basic block info
instrumenter::VERBO: [Instrumenter - IRBuilder] Instruction has no debug information, defaulting to function/basic block info
instrumenter::VERBO: [Instrumenter - IRBuilder] Instruction has no debug information, defaulting to function/basic block info
instrumenter::VERBO: [Instrumenter - IRBuilder] Instruction has no debug information, defaulting to function/basic block info
instrumenter::VERBO: [Instrumenter - IRBuilder] Instruction has no debug information, defaulting to function/basic block info
instrumenter::VERBO: [Instrumenter - IRBuilder] Instruction has no debug information, defaulting to function/basic block info
instrumenter::VERBO: [Instrumenter - IRBuilder] Instruction has no debug information, defaulting to function/basic block info
instrumenter::VERBO: [Instrumenter - IRBuilder] Instruction has no debug information, defaulting to function/basic block info
instrumenter::VERBO: [Instrumenter - IRBuilder] Instruction has no debug information, defaulting to function/basic block info
instrumenter::VERBO: [Instrumenter - IRBuilder] Instruction has no debug information, defaulting to function/basic block info
instrumenter::VERBO: [Instrumenter - IRBuilder] Instruction has no debug information, defaulting to function/basic block info
instrumenter::VERBO: [Instrumenter - IRBuilder] Instruction has no debug information, defaulting to function/basic block info
instrumenter::VERBO: [Instrumenter - IRBuilder] Instruction has no debug information, defaulting to function/basic block info
instrumenter::VERBO: [Instrumenter - IRBuilder] Instruction has no debug information, defaulting to function/basic block info
instrumenter::VERBO: [Instrumenter - IRBuilder] Instruction has no debug information, defaulting to function/basic block info
instrumenter::VERBO: [Instrumenter - IRBuilder] Instruction has no debug information, defaulting to function/basic block info
instrumenter::VERBO: [Instrumenter - IRBuilder] Instruction has no debug information, defaulting to function/basic block info
instrumenter::VERBO: [Instrumenter - IRBuilder] Instruction has no debug information, defaulting to function/basic block info
instrumenter::VERBO: [Instrumenter - IRBuilder] Instruction has no debug information, defaulting to function/basic block info
instrumenter::VERBO: [Instrumenter - IRBuilder] Instruction has no debug information, defaulting to function/basic block info
instrumenter::VERBO: [Instrumenter - IRBuilder] Instruction has no debug information, defaulting to function/basic block info
instrumenter::VERBO: [Instrumenter - IRBuilder] Instruction has no debug information, defaulting to function/basic block info
instrumenter::VERBO: [Instrumenter - IRBuilder] Instruction has no debug information, defaulting to function/basic block info
instrumenter::VERBO: [Instrumenter - IRBuilder] Instruction has no debug information, defaulting to function/basic block info
instrumenter::VERBO: [Instrumenter - IRBuilder] Instruction has no debug information, defaulting to function/basic block info
instrumenter::VERBO: [Instrumenter - IRBuilder] Instruction has no debug information, defaulting to function/basic block info
instrumenter::VERBO: [Instrumenter - IRBuilder] Instruction has no debug information, defaulting to function/basic block info
instrumenter::VERBO: [Instrumenter - IRBuilder] Instruction has no debug information, defaulting to function/basic block info
instrumenter::VERBO: [Instrumenter - IRBuilder] Instruction has no debug information, defaulting to function/basic block info
instrumenter::VERBO: [Instrumenter - IRBuilder] Instruction has no debug information, defaulting to function/basic block info
instrumenter::VERBO: [Instrumenter - IRBuilder] Instruction has no debug information, defaulting to function/basic block info
instrumenter::VERBO: [Instrumenter - IRBuilder] Instruction has no debug information, defaulting to function/basic block info
instrumenter::VERBO: [Instrumenter - IRBuilder] Instruction has no debug information, defaulting to function/basic block info
instrumenter::VERBO: [Instrumenter - IRBuilder] Instruction has no debug information, defaulting to function/basic block info
instrumenter::VERBO: [Instrumenter - IRBuilder] Instruction has no debug information, defaulting to function/basic block info
instrumenter::VERBO: [Instrumenter - IRBuilder] Instruction has no debug information, defaulting to function/basic block info
instrumenter::VERBO: [Instrumenter - IRBuilder] Instruction has no debug information, defaulting to function/basic block info
instrumenter::VERBO: [Instrumenter - IRBuilder] Instruction has no debug information, defaulting to function/basic block info
instrumenter::VERBO: [Instrumenter - IRBuilder] Instruction has no debug information, defaulting to function/basic block info
instrumenter::VERBO: [Instrumenter - IRBuilder] Instruction has no debug information, defaulting to function/basic block info
instrumenter::VERBO: [Instrumenter - IRBuilder] Instruction has no debug information, defaulting to function/basic block info
instrumenter::VERBO: [Instrumenter - IRBuilder] Instruction has no debug information, defaulting to function/basic block info
instrumenter::VERBO: [Instrumenter - IRBuilder] Instruction has no debug information, defaulting to function/basic block info
instrumenter::VERBO: [Instrumenter - IRBuilder] Instruction has no debug information, defaulting to function/basic block info
instrumenter::VERBO: [Instrumenter - IRBuilder] Instruction has no debug information, defaulting to function/basic block info
instrumenter::VERBO: [Instrumenter - IRBuilder] Instruction has no debug information, defaulting to function/basic block info
instrumenter::VERBO: [Instrumenter - IRBuilder] Instruction has no debug information, defaulting to function/basic block info
instrumenter::VERBO: [Instrumenter - IRBuilder] Instruction has no debug information, defaulting to function/basic block info
instrumenter::VERBO: [Instrumenter - IRBuilder] Instruction has no debug information, defaulting to function/basic block info
instrumenter::VERBO: [Instrumenter - IRBuilder] Instruction has no debug information, defaulting to function/basic block info
instrumenter::VERBO: [Instrumenter - IRBuilder] Instruction has no debug information, defaulting to function/basic block info
instrumenter::VERBO: [Instrumenter - IRBuilder] Instruction has no debug information, defaulting to function/basic block info
instrumenter::VERBO: [Instrumenter - IRBuilder] Instruction has no debug information, defaulting to function/basic block info
instrumenter::VERBO: [Instrumenter - IRBuilder] Instruction has no debug information, defaulting to function/basic block info
instrumenter::VERBO: [Instrumenter - IRBuilder] Instruction has no debug information, defaulting to function/basic block info
instrumenter::VERBO: [Instrumenter - IRBuilder] Instruction has no debug information, defaulting to function/basic block info
instrumenter::VERBO: [Instrumenter - IRBuilder] Instruction has no debug information, defaulting to function/basic block info
instrumenter::VERBO: [Instrumenter - IRBuilder] Instruction has no debug information, defaulting to function/basic block info
instrumenter::VERBO: [Instrumenter - IRBuilder] Instruction has no debug information, defaulting to function/basic block info
instrumenter::VERBO: [Instrumenter - IRBuilder] Instruction has no debug information, defaulting to function/basic block info
instrumenter::VERBO: [Instrumenter - IRBuilder] Instruction has no debug information, defaulting to function/basic block info
instrumenter::VERBO: [Instrumenter - IRBuilder] Instruction has no debug information, defaulting to function/basic block info
instrumenter::VERBO: [Instrumenter - IRBuilder] Instruction has no debug information, defaulting to function/basic block info
instrumenter::VERBO: [Instrumenter - IRBuilder] Instruction has no debug information, defaulting to function/basic block info
instrumenter::VERBO: [Instrumenter - IRBuilder] Instruction has no debug information, defaulting to function/basic block info
instrumenter::VERBO: [Instrumenter - IRBuilder] Instruction has no debug information, defaulting to function/basic block info
instrumenter::VERBO: [Instrumenter - IRBuilder] Instruction has no debug information, defaulting to function/basic block info
instrumenter::VERBO: [Instrumenter - IRBuilder] Instruction has no debug information, defaulting to function/basic block info
instrumenter::VERBO: [Instrumenter - IRBuilder] Instruction has no debug information, defaulting to function/basic block info
instrumenter::VERBO: [Instrumenter - IRBuilder] Instruction has no debug information, defaulting to function/basic block info
instrumenter::VERBO: [Instrumenter - IRBuilder] Instruction has no debug information, defaulting to function/basic block info
instrumenter::VERBO: [Instrumenter - IRBuilder] Instruction has no debug information, defaulting to function/basic block info
instrumenter::VERBO: [Instrumenter - IRBuilder] Instruction has no debug information, defaulting to function/basic block info
instrumenter::VERBO: [Instrumenter - IRBuilder] Instruction has no debug information, defaulting to function/basic block info
instrumenter::VERBO: [Instrumenter - IRBuilder] Instruction has no debug information, defaulting to function/basic block info
instrumenter::VERBO: [Instrumenter - IRBuilder] Instruction has no debug information, defaulting to function/basic block info
instrumenter::VERBO: [Instrumenter - IRBuilder] Instruction has no debug information, defaulting to function/basic block info
instrumenter::VERBO: [Instrumenter - IRBuilder] Instruction has no debug information, defaulting to function/basic block info
instrumenter::VERBO: [Instrumenter - IRBuilder] Instruction has no debug information, defaulting to function/basic block info
instrumenter::VERBO: [Instrumenter - IRBuilder] Instruction has no debug information, defaulting to function/basic block info
instrumenter::VERBO: [Instrumenter - IRBuilder] Instruction has no debug information, defaulting to function/basic block info
instrumenter::VERBO: [Instrumenter - IRBuilder] Instruction has no debug information, defaulting to function/basic block info
instrumenter::VERBO: [Instrumenter - IRBuilder] Instruction has no debug information, defaulting to function/basic block info
instrumenter::VERBO: [Instrumenter - IRBuilder] Instruction has no debug information, defaulting to function/basic block info
instrumenter::VERBO: [Instrumenter - IRBuilder] Instruction has no debug information, defaulting to function/basic block info
instrumenter::VERBO: [Instrumenter - IRBuilder] Instruction has no debug information, defaulting to function/basic block info
instrumenter::VERBO: [Instrumenter - IRBuilder] Instruction has no debug information, defaulting to function/basic block info
instrumenter::VERBO: [Instrumenter - IRBuilder] Instruction has no debug information, defaulting to function/basic block info
instrumenter::VERBO: [Instrumenter - IRBuilder] Instruction has no debug information, defaulting to function/basic block info
instrumenter::VERBO: [Instrumenter - IRBuilder] Instruction has no debug information, defaulting to function/basic block info
instrumenter::VERBO: [Instrumenter - IRBuilder] Instruction has no debug information, defaulting to function/basic block info
instrumenter::VERBO: [Instrumenter - IRBuilder] Instruction has no debug information, defaulting to function/basic block info
instrumenter::VERBO: [Instrumenter - IRBuilder] Instruction has no debug information, defaulting to function/basic block info
instrumenter::VERBO: [Instrumenter - IRBuilder] Instruction has no debug information, defaulting to function/basic block info
instrumenter::VERBO: [Instrumenter - IRBuilder] Instruction has no debug information, defaulting to function/basic block info
instrumenter::VERBO: [Instrumenter - IRBuilder] Instruction has no debug information, defaulting to function/basic block info
instrumenter::VERBO: [Instrumenter - IRBuilder] Instruction has no debug information, defaulting to function/basic block info
instrumenter::VERBO: [Instrumenter - IRBuilder] Instruction has no debug information, defaulting to function/basic block info
instrumenter::VERBO: [Instrumenter - IRBuilder] Instruction has no debug information, defaulting to function/basic block info
instrumenter::VERBO: [Instrumenter - IRBuilder] Instruction has no debug information, defaulting to function/basic block info
instrumenter::VERBO: [Instrumenter - IRBuilder] Instruction has no debug information, defaulting to function/basic block info
instrumenter::VERBO: [Instrumenter - IRBuilder] Instruction has no debug information, defaulting to function/basic block info
instrumenter::VERBO: [Instrumenter - IRBuilder] Instruction has no debug information, defaulting to function/basic block info
instrumenter::VERBO: [Instrumenter - IRBuilder] Instruction has no debug information, defaulting to function/basic block info
instrumenter::VERBO: [Instrumenter - IRBuilder] Instruction has no debug information, defaulting to function/basic block info
instrumenter::VERBO: [Instrumenter - IRBuilder] Instruction has no debug information, defaulting to function/basic block info
instrumenter::VERBO: [Instrumenter - IRBuilder] Instruction has no debug information, defaulting to function/basic block info
instrumenter::VERBO: [Instrumenter - IRBuilder] Instruction has no debug information, defaulting to function/basic block info
instrumenter::VERBO: [Instrumenter - IRBuilder] Instruction has no debug information, defaulting to function/basic block info
instrumenter::VERBO: [Instrumenter - IRBuilder] Instruction has no debug information, defaulting to function/basic block info
instrumenter::VERBO: [Instrumenter - IRBuilder] Instruction has no debug information, defaulting to function/basic block info
instrumenter::VERBO: [Instrumenter - IRBuilder] Instruction has no debug information, defaulting to function/basic block info
instrumenter::VERBO: [Instrumenter - IRBuilder] Instruction has no debug information, defaulting to function/basic block info
instrumenter::VERBO: [Instrumenter - IRBuilder] Instruction has no debug information, defaulting to function/basic block info
instrumenter::VERBO: [Instrumenter - IRBuilder] Instruction has no debug information, defaulting to function/basic block info
instrumenter::VERBO: [Instrumenter - IRBuilder] Instruction has no debug information, defaulting to function/basic block info
instrumenter::VERBO: [Instrumenter - IRBuilder] Instruction has no debug information, defaulting to function/basic block info
instrumenter::VERBO: [Instrumenter - IRBuilder] Instruction has no debug information, defaulting to function/basic block info
instrumenter::VERBO: [Instrumenter - IRBuilder] Instruction has no debug information, defaulting to function/basic block info
instrumenter::VERBO: [Instrumenter - IRBuilder] Instruction has no debug information, defaulting to function/basic block info
instrumenter::VERBO: [Instrumenter - IRBuilder] Instruction has no debug information, defaulting to function/basic block info
instrumenter::VERBO: [Instrumenter - IRBuilder] Instruction has no debug information, defaulting to function/basic block info
instrumenter::VERBO: [Instrumenter - IRBuilder] Instruction has no debug information, defaulting to function/basic block info
instrumenter::VERBO: [Instrumenter - IRBuilder] Instruction has no debug information, defaulting to function/basic block info
instrumenter::VERBO: [Instrumenter - IRBuilder] Instruction has no debug information, defaulting to function/basic block info
instrumenter::VERBO: [Instrumenter - IRBuilder] Instruction has no debug information, defaulting to function/basic block info
instrumenter::VERBO: [Instrumenter - IRBuilder] Instruction has no debug information, defaulting to function/basic block info
instrumenter::VERBO: [Instrumenter - IRBuilder] Instruction has no debug information, defaulting to function/basic block info
instrumenter::VERBO: [Instrumenter - IRBuilder] Instruction has no debug information, defaulting to function/basic block info
instrumenter::VERBO: [Instrumenter - IRBuilder] Instruction has no debug information, defaulting to function/basic block info
instrumenter::VERBO: [Instrumenter - IRBuilder] Instruction has no debug information, defaulting to function/basic block info
instrumenter::VERBO: [Instrumenter - IRBuilder] Instruction has no debug information, defaulting to function/basic block info
instrumenter::VERBO: [Instrumenter - IRBuilder] Instruction has no debug information, defaulting to function/basic block info
instrumenter::VERBO: [Instrumenter - IRBuilder] Instruction has no debug information, defaulting to function/basic block info
instrumenter::VERBO: [Instrumenter - IRBuilder] Instruction has no debug information, defaulting to function/basic block info
instrumenter::VERBO: [Instrumenter - IRBuilder] Instruction has no debug information, defaulting to function/basic block info
instrumenter::VERBO: [Instrumenter - IRBuilder] Instruction has no debug information, defaulting to function/basic block info
instrumenter::VERBO: [Instrumenter - IRBuilder] Instruction has no debug information, defaulting to function/basic block info
instrumenter::VERBO: [Instrumenter - IRBuilder] Instruction has no debug information, defaulting to function/basic block info
instrumenter::VERBO: [Instrumenter - IRBuilder] Instruction has no debug information, defaulting to function/basic block info
instrumenter::VERBO: [Instrumenter - IRBuilder] Instruction has no debug information, defaulting to function/basic block info
instrumenter::VERBO: [Instrumenter - IRBuilder] Instruction has no debug information, defaulting to function/basic block info
instrumenter::VERBO: [Instrumenter - IRBuilder] Instruction has no debug information, defaulting to function/basic block info
instrumenter::VERBO: [Instrumenter - IRBuilder] Instruction has no debug information, defaulting to function/basic block info
instrumenter::VERBO: [Instrumenter - IRBuilder] Instruction has no debug information, defaulting to function/basic block info
instrumenter::VERBO: [Instrumenter - IRBuilder] Instruction has no debug information, defaulting to function/basic block info
instrumenter::VERBO: [Instrumenter - IRBuilder] Instruction has no debug information, defaulting to function/basic block info
instrumenter::VERBO: [Instrumenter - IRBuilder] Instruction has no debug information, defaulting to function/basic block info
instrumenter::VERBO: [Instrumenter - IRBuilder] Instruction has no debug information, defaulting to function/basic block info
instrumenter::VERBO: [Instrumenter - IRBuilder] Instruction has no debug information, defaulting to function/basic block info
instrumenter::VERBO: [Instrumenter - IRBuilder] Instruction has no debug information, defaulting to function/basic block info
instrumenter::VERBO: [Instrumenter - IRBuilder] Instruction has no debug information, defaulting to function/basic block info
instrumenter::VERBO: [Instrumenter - IRBuilder] Instruction has no debug information, defaulting to function/basic block info
instrumenter::VERBO: [Instrumenter - IRBuilder] Instruction has no debug information, defaulting to function/basic block info
instrumenter::VERBO: [Instrumenter - IRBuilder] Instruction has no debug information, defaulting to function/basic block info
instrumenter::VERBO: [Instrumenter - IRBuilder] Instruction has no debug information, defaulting to function/basic block info
instrumenter::VERBO: [Instrumenter - IRBuilder] Instruction has no debug information, defaulting to function/basic block info
instrumenter::VERBO: [Instrumenter - IRBuilder] Instruction has no debug information, defaulting to function/basic block info
instrumenter::VERBO: [Instrumenter - IRBuilder] Instruction has no debug information, defaulting to function/basic block info
instrumenter::VERBO: [Instrumenter - IRBuilder] Instruction has no debug information, defaulting to function/basic block info
instrumenter::VERBO: [Instrumenter - IRBuilder] Instruction has no debug information, defaulting to function/basic block info
instrumenter::VERBO: [Instrumenter - IRBuilder] Instruction has no debug information, defaulting to function/basic block info
instrumenter::VERBO: [Instrumenter - IRBuilder] Instruction has no debug information, defaulting to function/basic block info
instrumenter::VERBO: [Instrumenter - IRBuilder] Instruction has no debug information, defaulting to function/basic block info
instrumenter::VERBO: [Instrumenter - IRBuilder] Instruction has no debug information, defaulting to function/basic block info
instrumenter::VERBO: [Instrumenter - IRBuilder] Instruction has no debug information, defaulting to function/basic block info
instrumenter::VERBO: [Instrumenter - IRBuilder] Instruction has no debug information, defaulting to function/basic block info
instrumenter::VERBO: [Instrumenter - IRBuilder] Instruction has no debug information, defaulting to function/basic block info
instrumenter::VERBO: [Instrumenter - IRBuilder] Instruction has no debug information, defaulting to function/basic block info
instrumenter::VERBO: [Instrumenter - IRBuilder] Instruction has no debug information, defaulting to function/basic block info
instrumenter::VERBO: [Instrumenter - IRBuilder] Instruction has no debug information, defaulting to function/basic block info
instrumenter::VERBO: [Instrumenter - IRBuilder] Instruction has no debug information, defaulting to function/basic block info
instrumenter::VERBO: [Instrumenter - IRBuilder] Instruction has no debug information, defaulting to function/basic block info
instrumenter::VERBO: [Instrumenter - IRBuilder] Instruction has no debug information, defaulting to function/basic block info
instrumenter::VERBO: [Instrumenter - IRBuilder] Instruction has no debug information, defaulting to function/basic block info
instrumenter::VERBO: [Instrumenter - IRBuilder] Instruction has no debug information, defaulting to function/basic block info
instrumenter::VERBO: [Instrumenter - IRBuilder] Instruction has no debug information, defaulting to function/basic block info
instrumenter::VERBO: [Instrumenter - IRBuilder] Instruction has no debug information, defaulting to function/basic block info
instrumenter::VERBO: [Instrumenter - IRBuilder] Instruction has no debug information, defaulting to function/basic block info
instrumenter::VERBO: [Instrumenter - IRBuilder] Instruction has no debug information, defaulting to function/basic block info
instrumenter::VERBO: [Instrumenter - IRBuilder] Instruction has no debug information, defaulting to function/basic block info
instrumenter::VERBO: [Instrumenter - IRBuilder] Instruction has no debug information, defaulting to function/basic block info
instrumenter::VERBO: [Instrumenter - IRBuilder] Instruction has no debug information, defaulting to function/basic block info
instrumenter::VERBO: [Instrumenter - IRBuilder] Instruction has no debug information, defaulting to function/basic block info
instrumenter::VERBO: [Instrumenter - IRBuilder] Instruction has no debug information, defaulting to function/basic block info
instrumenter::VERBO: [Instrumenter - IRBuilder] Instruction has no debug information, defaulting to function/basic block info
instrumenter::VERBO: [Instrumenter - IRBuilder] Instruction has no debug information, defaulting to function/basic block info
instrumenter::VERBO: [Instrumenter - IRBuilder] Instruction has no debug information, defaulting to function/basic block info
instrumenter::VERBO: [Instrumenter - IRBuilder] Instruction has no debug information, defaulting to function/basic block info
instrumenter::VERBO: [Instrumenter - IRBuilder] Instruction has no debug information, defaulting to function/basic block info
instrumenter::VERBO: [Instrumenter - IRBuilder] Instruction has no debug information, defaulting to function/basic block info
instrumenter::VERBO: [Instrumenter - IRBuilder] Instruction has no debug information, defaulting to function/basic block info
instrumenter::VERBO: [Instrumenter - IRBuilder] Instruction has no debug information, defaulting to function/basic block info
instrumenter::VERBO: [Instrumenter - IRBuilder] Instruction has no debug information, defaulting to function/basic block info
instrumenter::VERBO: [Instrumenter - IRBuilder] Instruction has no debug information, defaulting to function/basic block info
instrumenter::VERBO: [Instrumenter - IRBuilder] Instruction has no debug information, defaulting to function/basic block info
instrumenter::VERBO: [Instrumenter - IRBuilder] Instruction has no debug information, defaulting to function/basic block info
instrumenter::VERBO: [Instrumenter - IRBuilder] Instruction has no debug information, defaulting to function/basic block info
instrumenter::VERBO: [Instrumenter - IRBuilder] Instruction has no debug information, defaulting to function/basic block info
instrumenter::VERBO: [Instrumenter - IRBuilder] Instruction has no debug information, defaulting to function/basic block info
instrumenter::VERBO: [Instrumenter - IRBuilder] Instruction has no debug information, defaulting to function/basic block info
instrumenter::VERBO: [Instrumenter - IRBuilder] Instruction has no debug information, defaulting to function/basic block info
instrumenter::VERBO: [Instrumenter - IRBuilder] Instruction has no debug information, defaulting to function/basic block info
instrumenter::VERBO: [Instrumenter - IRBuilder] Instruction has no debug information, defaulting to function/basic block info
instrumenter::VERBO: [Instrumenter - IRBuilder] Instruction has no debug information, defaulting to function/basic block info
instrumenter::VERBO: [Instrumenter - IRBuilder] Instruction has no debug information, defaulting to function/basic block info
instrumenter::VERBO: [Instrumenter - IRBuilder] Instruction has no debug information, defaulting to function/basic block info
instrumenter::VERBO: [Instrumenter - IRBuilder] Instruction has no debug information, defaulting to function/basic block info
instrumenter::VERBO: [Instrumenter - IRBuilder] Instruction has no debug information, defaulting to function/basic block info
instrumenter::VERBO: [Instrumenter - IRBuilder] Instruction has no debug information, defaulting to function/basic block info
instrumenter::VERBO: [Instrumenter - IRBuilder] Instruction has no debug information, defaulting to function/basic block info
instrumenter::VERBO: [Instrumenter - IRBuilder] Instruction has no debug information, defaulting to function/basic block info
instrumenter::VERBO: [Instrumenter - IRBuilder] Instruction has no debug information, defaulting to function/basic block info
instrumenter::VERBO: [Instrumenter - IRBuilder] Instruction has no debug information, defaulting to function/basic block info
instrumenter::VERBO: [Instrumenter - IRBuilder] Instruction has no debug information, defaulting to function/basic block info
instrumenter::VERBO: [Instrumenter - IRBuilder] Instruction has no debug information, defaulting to function/basic block info
instrumenter::VERBO: [Instrumenter - IRBuilder] Instruction has no debug information, defaulting to function/basic block info
instrumenter::VERBO: [Instrumenter - IRBuilder] Instruction has no debug information, defaulting to function/basic block info
instrumenter::VERBO: [Instrumenter - IRBuilder] Instruction has no debug information, defaulting to function/basic block info
instrumenter::VERBO: [Instrumenter - IRBuilder] Instruction has no debug information, defaulting to function/basic block info
instrumenter::VERBO: [Instrumenter - IRBuilder] Instruction has no debug information, defaulting to function/basic block info
instrumenter::VERBO: [Instrumenter - IRBuilder] Instruction has no debug information, defaulting to function/basic block info
instrumenter::VERBO: [Instrumenter - IRBuilder] Instruction has no debug information, defaulting to function/basic block info
instrumenter::VERBO: [Instrumenter - IRBuilder] Instruction has no debug information, defaulting to function/basic block info
instrumenter::VERBO: [Instrumenter - IRBuilder] Instruction has no debug information, defaulting to function/basic block info
instrumenter::VERBO: [Instrumenter - IRBuilder] Instruction has no debug information, defaulting to function/basic block info
instrumenter::VERBO: [Instrumenter - IRBuilder] Instruction has no debug information, defaulting to function/basic block info
instrumenter::VERBO: [Instrumenter - IRBuilder] Instruction has no debug information, defaulting to function/basic block info
instrumenter::VERBO: [Instrumenter - IRBuilder] Instruction has no debug information, defaulting to function/basic block info
instrumenter::VERBO: [Instrumenter - IRBuilder] Instruction has no debug information, defaulting to function/basic block info
instrumenter::VERBO: [Instrumenter - IRBuilder] Instruction has no debug information, defaulting to function/basic block info
instrumenter::INFOR: [Instrumenter - Initialization] Finished adding static information
instrumenter::VERBO: [Instrumenter - Finalize] Dumping static data to .... "C:\Users\ozair\Documents\Code_Drive\Drone\hls_component\cnn_accel\hls\csim\code_analyzer/.internal/instrument/app_0\static.xml"
instrumenter::VERBO: [Instrumenter - GV] Global Variables Instrumentation
instrumenter::VERBO: [Instrumenter - WARNING] Global value llvm.global_ctors is not instrumentable
instrumenter::VERBO: [Instrumenter - WARNING] Global value .str is not instrumentable
instrumenter::VERBO: [Instrumenter - WARNING] Global value .str.1 is not instrumentable
instrumenter::VERBO: [Instrumenter - WARNING] Global value .str.2 is not instrumentable
instrumenter::VERBO: [Instrumenter - WARNING] Global value .str.3 is not instrumentable
instrumenter::VERBO: [Instrumenter - WARNING] Global value .str.4 is not instrumentable
instrumenter::VERBO: [Instrumenter - WARNING] Global value .str.5 is not instrumentable
instrumenter::VERBO: [Instrumenter - WARNING] Global value .str.6 is not instrumentable
instrumenter::VERBO: [Instrumenter - WARNING] Global value .str.7 is not instrumentable
instrumenter::VERBO: [Instrumenter - WARNING] Global value .str.8 is not instrumentable
instrumenter::VERBO: [Instrumenter - WARNING] Global value .str.9 is not instrumentable
instrumenter::VERBO: [Instrumenter - WARNING] Global value .str.10 is not instrumentable
instrumenter::VERBO: [Instrumenter - WARNING] Global value .str.11 is not instrumentable
instrumenter::VERBO: [Instrumenter - WARNING] Global value .str.12 is not instrumentable
instrumenter::VERBO: [Instrumenter - WARNING] Global value .str.13 is not instrumentable
instrumenter::VERBO: [Instrumenter - WARNING] Global value .str.14 is not instrumentable
instrumenter::VERBO: [Instrumenter - WARNING] Global value .str.15 is not instrumentable
instrumenter::VERBO: [Instrumenter - WARNING] Global value __PRETTY_FUNCTION__._ZN3hls6streamI7ap_uintILi48EELi0EEC2Ev is not instrumentable
instrumenter::VERBO: [Instrumenter - WARNING] Global value __PRETTY_FUNCTION__._ZN3hls6streamI8ap_fixedILi16ELi4EL9ap_q_mode5EL9ap_o_mode3ELi0EELi0EEC2Ev is not instrumentable
instrumenter::VERBO: [Instrumenter - WARNING] Global value .str.16 is not instrumentable
instrumenter::VERBO: [Instrumenter - WARNING] Global value .str.17 is not instrumentable
instrumenter::VERBO: [Instrumenter - WARNING] Global value .str.18 is not instrumentable
instrumenter::VERBO: [Instrumenter - WARNING] Global value .str.19 is not instrumentable
instrumenter::VERBO: [Instrumenter - WARNING] Global value .str.20 is not instrumentable
instrumenter::VERBO: [Instrumenter - WARNING] Global value .str.21 is not instrumentable
instrumenter::VERBO: [Instrumenter - WARNING] Global value .str.22 is not instrumentable
instrumenter::VERBO: [Instrumenter - WARNING] Global value .str.23 is not instrumentable
instrumenter::VERBO: [Instrumenter - WARNING] Global value .str.24 is not instrumentable
instrumenter::VERBO: [Instrumenter - WARNING] Global value .str.25 is not instrumentable
instrumenter::VERBO: [Instrumenter - WARNING] Global value .str.26 is not instrumentable
instrumenter::VERBO: [Instrumenter - WARNING] Global value .str.27 is not instrumentable
instrumenter::VERBO: [Instrumenter - WARNING] Global value .str.28 is not instrumentable
instrumenter::VERBO: [Instrumenter - WARNING] Global value .str.29 is not instrumentable
instrumenter::VERBO: [Instrumenter - WARNING] Global value .str.30 is not instrumentable
instrumenter::VERBO: [Instrumenter - WARNING] Global value .str.31 is not instrumentable
instrumenter::VERBO: [Instrumenter - WARNING] Global value .str.32 is not instrumentable
instrumenter::VERBO: [Instrumenter - WARNING] Global value .str.33 is not instrumentable
instrumenter::VERBO: [Instrumenter - WARNING] Global value .str.34 is not instrumentable
instrumenter::VERBO: [Instrumenter - WARNING] Global value .str.35 is not instrumentable
instrumenter::VERBO: [Instrumenter - WARNING] Global value .str.36 is not instrumentable
instrumenter::VERBO: [Instrumenter - WARNING] Global value .str.37 is not instrumentable
instrumenter::VERBO: [Instrumenter - WARNING] Global value .str.38 is not instrumentable
instrumenter::VERBO: [Instrumenter - WARNING] Global value .str.39 is not instrumentable
instrumenter::VERBO: [Instrumenter - WARNING] Global value .str.40 is not instrumentable
instrumenter::VERBO: [Instrumenter - WARNING] Global value .str.41 is not instrumentable
instrumenter::VERBO: [Instrumenter - WARNING] Global value .str.42 is not instrumentable
instrumenter::VERBO: [Instrumenter - WARNING] Global value .str.43 is not instrumentable
instrumenter::VERBO: [Instrumenter - WARNING] Global value .str.44 is not instrumentable
instrumenter::VERBO: [Instrumenter - WARNING] Global value .str.45 is not instrumentable
instrumenter::VERBO: [Instrumenter - WARNING] Global value .str.46 is not instrumentable
instrumenter::VERBO: [Instrumenter - WARNING] Global value .str.47 is not instrumentable
instrumenter::VERBO: [Instrumenter - WARNING] Global value .str.48 is not instrumentable
instrumenter::VERBO: [Instrumenter - WARNING] Global value .str.49 is not instrumentable
instrumenter::VERBO: [Instrumenter - WARNING] Global value .str.50 is not instrumentable
instrumenter::VERBO: [Instrumenter - WARNING] Global value .str.51 is not instrumentable
instrumenter::VERBO: [Instrumenter - WARNING] Global value .str.52 is not instrumentable
instrumenter::VERBO: spec:0:0: note: [Instrumenter - FN/BB] Function/BasicBlock profiling
instrumenter::VERBO: [Instrumenter - FN/BB] Inserting profiling calls for function/basic-blocks
instrumenter::INFOR: [Instrumenter - FN_TRACE] Adding the init function for the trace calls...
instrumenter::VERBO: [Instrumenter - BB] Instrumenting the function: _GLOBAL__sub_I_testbench.cpp
instrumenter::VERBO: [Instrumenter - BB] Instrumenting the function: __cxx_global_var_init
instrumenter::VERBO: [Instrumenter - BB] Instrumenting the function: _ZNSt8ios_base4InitC1Ev
instrumenter::VERBO: [Instrumenter - BB] Instrumenting the function: __dtor__ZStL8__ioinit
instrumenter::VERBO: [Instrumenter - BB] Instrumenting the function: atexit
instrumenter::VERBO: [Instrumenter - BB] Instrumenting the function: _ZNSt8ios_base4InitD1Ev
instrumenter::VERBO: [Instrumenter - BB] Instrumenting the function: main
instrumenter::VERBO: [Instrumenter - BB] Instrumenting the function: __gxx_personality_seh0
instrumenter::VERBO: [Instrumenter - BB] Skipping Function llvm.vcxx.region.start
instrumenter::VERBO: [Instrumenter - BB] Skipping Function llvm.dbg.declare
instrumenter::VERBO: [Instrumenter - BB] Instrumenting the function: _ZN3hls6streamI7ap_uintILi48EELi0EEC1Ev
instrumenter::VERBO: [Instrumenter - BB] Instrumenting the function: _ZN3hls6streamI8ap_fixedILi16ELi4EL9ap_q_mode5EL9ap_o_mode3ELi0EELi0EEC1Ev
instrumenter::VERBO: [Instrumenter - BB] Instrumenting the function: __cxa_guard_acquire
instrumenter::VERBO: [Instrumenter - BB] Instrumenting the function: _ZN8ap_fixedILi16ELi4EL9ap_q_mode5EL9ap_o_mode3ELi0EEC1Ev
instrumenter::VERBO: [Instrumenter - BB] Instrumenting the function: __cxa_guard_release
instrumenter::VERBO: [Instrumenter - BB] Instrumenting the function: _ZN8ap_fixedILi16ELi4EL9ap_q_mode5EL9ap_o_mode3ELi0EEC1Ei
instrumenter::VERBO: [Instrumenter - BB] Instrumenting the function: _ZN8ap_fixedILi16ELi4EL9ap_q_mode5EL9ap_o_mode3ELi0EEaSERKS2_
instrumenter::VERBO: [Instrumenter - BB] Instrumenting the function: __cxa_guard_abort
instrumenter::VERBO: [Instrumenter - BB] Instrumenting the function: _ZL10pack_pixelii
instrumenter::VERBO: [Instrumenter - BB] Instrumenting the function: _ZN3hls6streamI7ap_uintILi48EELi0EE5writeERKS2_
instrumenter::VERBO: [Instrumenter - BB] Instrumenting the function: _ZNSt6vectorI8ap_fixedILi16ELi4EL9ap_q_mode5EL9ap_o_mode3ELi0EESaIS3_EEC1Ev
instrumenter::VERBO: [Instrumenter - BB] Instrumenting the function: _ZNK3hls6streamI8ap_fixedILi16ELi4EL9ap_q_mode5EL9ap_o_mode3ELi0EELi0EE5emptyEv
instrumenter::VERBO: [Instrumenter - BB] Instrumenting the function: _ZN3hls6streamI8ap_fixedILi16ELi4EL9ap_q_mode5EL9ap_o_mode3ELi0EELi0EE4readEv
instrumenter::VERBO: [Instrumenter - BB] Instrumenting the function: _ZNSt6vectorI8ap_fixedILi16ELi4EL9ap_q_mode5EL9ap_o_mode3ELi0EESaIS3_EE9push_backEOS3_
instrumenter::VERBO: [Instrumenter - BB] Instrumenting the function: _ZNSt6vectorI8ap_fixedILi16ELi4EL9ap_q_mode5EL9ap_o_mode3ELi0EESaIS3_EED1Ev
instrumenter::VERBO: [Instrumenter - BB] Instrumenting the function: _ZStlsISt11char_traitsIcEERSt13basic_ostreamIcT_ES5_PKc
instrumenter::VERBO: [Instrumenter - BB] Instrumenting the function: _ZNKSt6vectorI8ap_fixedILi16ELi4EL9ap_q_mode5EL9ap_o_mode3ELi0EESaIS3_EE4sizeEv
instrumenter::VERBO: [Instrumenter - BB] Instrumenting the function: _ZNSolsEy
instrumenter::VERBO: [Instrumenter - BB] Instrumenting the function: _ZNSt6vectorI8ap_fixedILi16ELi4EL9ap_q_mode5EL9ap_o_mode3ELi0EESaIS3_EEixEy
instrumenter::VERBO: [Instrumenter - BB] Instrumenting the function: _ZlsILi16ELi4ELb1EL9ap_q_mode5EL9ap_o_mode3ELi0EERSoS2_RK13ap_fixed_baseIXT_EXT0_EXT1_EXT2_EXT3_EXT4_EE
instrumenter::VERBO: [Instrumenter - BB] Instrumenting the function: _ZN3hls6streamI8ap_fixedILi16ELi4EL9ap_q_mode5EL9ap_o_mode3ELi0EELi0EED1Ev
instrumenter::VERBO: [Instrumenter - BB] Instrumenting the function: _ZN3hls6streamI7ap_uintILi48EELi0EED1Ev
instrumenter::VERBO: [Instrumenter - BB] Instrumenting the function: _ZN3hls6streamI7ap_uintILi48EELi0EED2Ev
instrumenter::VERBO: [Instrumenter - BB] Instrumenting the function: slx_hls_stream_delete
instrumenter::VERBO: [Instrumenter - BB] Instrumenting the function: __clang_call_terminate
instrumenter::VERBO: [Instrumenter - BB] Instrumenting the function: __cxa_begin_catch
instrumenter::VERBO: [Instrumenter - BB] Instrumenting the function: _ZSt9terminatev
instrumenter::VERBO: [Instrumenter - BB] Instrumenting the function: _ZN3hls6streamI8ap_fixedILi16ELi4EL9ap_q_mode5EL9ap_o_mode3ELi0EELi0EED2Ev
instrumenter::VERBO: [Instrumenter - BB] Instrumenting the function: _ZNKSt8ios_base5widthEv
instrumenter::VERBO: [Instrumenter - BB] Instrumenting the function: _ZNKSt8ios_base9precisionEv
instrumenter::VERBO: [Instrumenter - BB] Instrumenting the function: _ZNKSt9basic_iosIcSt11char_traitsIcEE4fillEv
instrumenter::VERBO: [Instrumenter - BB] Instrumenting the function: _ZNK13ap_fixed_baseILi16ELi4ELb1EL9ap_q_mode5EL9ap_o_mode3ELi0EE9to_stringB5cxx11Ehb
instrumenter::VERBO: [Instrumenter - BB] Instrumenting the function: _Z17reduceToPrecisionRNSt7__cxx1112basic_stringIcSt11char_traitsIcESaIcEEEi
instrumenter::VERBO: [Instrumenter - BB] Instrumenting the function: _ZNSt7__cxx1112basic_stringIcSt11char_traitsIcESaIcEEaSEOS4_
instrumenter::VERBO: [Instrumenter - BB] Instrumenting the function: _ZNSt7__cxx1112basic_stringIcSt11char_traitsIcESaIcEED1Ev
instrumenter::VERBO: [Instrumenter - BB] Instrumenting the function: _ZNKSt7__cxx1112basic_stringIcSt11char_traitsIcESaIcEE6lengthEv
instrumenter::VERBO: [Instrumenter - BB] Instrumenting the function: _ZStlsISt11char_traitsIcEERSt13basic_ostreamIcT_ES5_c
instrumenter::VERBO: [Instrumenter - BB] Instrumenting the function: _ZStlsIcSt11char_traitsIcESaIcEERSt13basic_ostreamIT_T0_ES7_RKNSt7__cxx1112basic_stringIS4_S5_T1_EE
instrumenter::VERBO: [Instrumenter - BB] Instrumenting the function: _ZNSt7__cxx1112basic_stringIcSt11char_traitsIcESaIcEEixEy
instrumenter::VERBO: [Instrumenter - BB] Instrumenting the function: _ZNSaIcEC1Ev
instrumenter::VERBO: [Instrumenter - BB] Instrumenting the function: _ZNSt7__cxx1112basic_stringIcSt11char_traitsIcESaIcEEC1EPKcRKS3_
instrumenter::VERBO: [Instrumenter - BB] Instrumenting the function: _ZNSaIcED1Ev
instrumenter::VERBO: [Instrumenter - BB] Instrumenting the function: _ZNKSt7__cxx1112basic_stringIcSt11char_traitsIcESaIcEE4findEcy
instrumenter::VERBO: [Instrumenter - BB] Instrumenting the function: _ZNSt7__cxx1112basic_stringIcSt11char_traitsIcESaIcEEC1ERKS4_
instrumenter::VERBO: [Instrumenter - BB] Instrumenting the function: _ZNKSt7__cxx1112basic_stringIcSt11char_traitsIcESaIcEE6substrEyy
instrumenter::VERBO: [Instrumenter - BB] Instrumenting the function: _Z16scientificFormatRNSt7__cxx1112basic_stringIcSt11char_traitsIcESaIcEEE
instrumenter::VERBO: [Instrumenter - BB] Instrumenting the function: _ZStplIcSt11char_traitsIcESaIcEENSt7__cxx1112basic_stringIT_T0_T1_EEOS8_S9_
instrumenter::VERBO: [Instrumenter - BB] Instrumenting the function: _ZNSt7__cxx1112basic_stringIcSt11char_traitsIcESaIcEEpLEc
instrumenter::VERBO: [Instrumenter - BB] Instrumenting the function: _ZNSt7__cxx1112basic_stringIcSt11char_traitsIcESaIcEEpLERKS4_
instrumenter::VERBO: [Instrumenter - BB] Instrumenting the function: _ZNSt7__cxx1112basic_stringIcSt11char_traitsIcESaIcEEC1EOS4_
instrumenter::VERBO: [Instrumenter - BB] Instrumenting the function: _ZNKSt7__cxx1112basic_stringIcSt11char_traitsIcESaIcEE4sizeEv
instrumenter::VERBO: [Instrumenter - BB] Instrumenting the function: _ZNKSt7__cxx1112basic_stringIcSt11char_traitsIcESaIcEE8capacityEv
instrumenter::VERBO: [Instrumenter - BB] Instrumenting the function: _ZNSt7__cxx1112basic_stringIcSt11char_traitsIcESaIcEE6insertEyRKS4_
instrumenter::VERBO: [Instrumenter - BB] Instrumenting the function: _ZSt4moveIRNSt7__cxx1112basic_stringIcSt11char_traitsIcESaIcEEEEONSt16remove_referenceIT_E4typeEOS8_
instrumenter::VERBO: [Instrumenter - BB] Instrumenting the function: _ZNSt7__cxx1112basic_stringIcSt11char_traitsIcESaIcEE6appendERKS4_
instrumenter::VERBO: [Instrumenter - BB] Instrumenting the function: _ZNSt7__cxx1112basic_stringIcSt11char_traitsIcESaIcEEpLEPKc
instrumenter::VERBO: [Instrumenter - BB] Instrumenting the function: _ZNSt7__cxx1112basic_stringIcSt11char_traitsIcESaIcEEC1Ev
instrumenter::VERBO: [Instrumenter - BB] Instrumenting the function: _ZNSt7__cxx1119basic_ostringstreamIcSt11char_traitsIcESaIcEEC1Ev
instrumenter::VERBO: [Instrumenter - BB] Instrumenting the function: _ZNSolsEi
instrumenter::VERBO: [Instrumenter - BB] Instrumenting the function: _ZNKSt7__cxx1119basic_ostringstreamIcSt11char_traitsIcESaIcEE3strEv
instrumenter::VERBO: [Instrumenter - BB] Instrumenting the function: _ZNSt7__cxx1119basic_ostringstreamIcSt11char_traitsIcESaIcEED1Ev
instrumenter::VERBO: [Instrumenter - BB] Instrumenting the function: _ZNSt7__cxx1112basic_stringIcSt11char_traitsIcESaIcEE5clearEv
instrumenter::VERBO: [Instrumenter - BB] Instrumenting the function: _ZltILi16ELb1EEbRK10ap_privateIXT_EXT0_EXleT_Li64EEEi
instrumenter::VERBO: [Instrumenter - BB] Instrumenting the function: _ZN13ap_fixed_baseILi17ELi5ELb1EL9ap_q_mode5EL9ap_o_mode3ELi0EEC1ILi16ELi4ELb1ELS0_5ELS1_3ELi0EEERKS_IXT_EXT0_EXT1_EXT2_EXT3_EXT4_EE
instrumenter::VERBO: [Instrumenter - BB] Instrumenting the function: _ZNK13ap_fixed_baseILi17ELi5ELb1EL9ap_q_mode5EL9ap_o_mode3ELi0EEngEv
instrumenter::VERBO: [Instrumenter - BB] Instrumenting the function: _ZN13ap_fixed_baseILi17ELi5ELb1EL9ap_q_mode5EL9ap_o_mode3ELi0EEaSILi18ELi6ELb1ELS0_5ELS1_3ELi0EEERS2_RKS_IXT_EXT0_EXT1_EXT2_EXT3_EXT4_EE
instrumenter::VERBO: [Instrumenter - BB] Instrumenting the function: _ZNSt7__cxx1112basic_stringIcSt11char_traitsIcESaIcEEaSEPKc
instrumenter::VERBO: [Instrumenter - BB] Instrumenting the function: _ZN11ap_int_baseILi5ELb0EEC1Ev
instrumenter::VERBO: [Instrumenter - BB] Instrumenting the function: _ZN10ap_privateILi17ELb1ELb1EE5rangeEii
instrumenter::VERBO: [Instrumenter - BB] Instrumenting the function: _ZN10ap_privateILi5ELb0ELb1EEaSILi17ELb1EEERS0_RK18_private_range_refIXT_EXT0_EE
instrumenter::VERBO: [Instrumenter - BB] Instrumenting the function: _ZNK11ap_int_baseILi5ELb0EE9to_stringB5cxx11Eab
instrumenter::VERBO: [Instrumenter - BB] Instrumenting the function: _ZN13ap_fixed_baseILi12ELi0ELb0EL9ap_q_mode5EL9ap_o_mode3ELi0EEC1ILi17ELi5ELb1ELS0_5ELS1_3ELi0EEERKS_IXT_EXT0_EXT1_EXT2_EXT3_EXT4_EE
instrumenter::VERBO: [Instrumenter - BB] Instrumenting the function: _ZneILi12ELi0ELb0EL9ap_q_mode5EL9ap_o_mode3ELi0EEbRK13ap_fixed_baseIXT_EXT0_EXT1_EXT2_EXT3_EXT4_EEi
instrumenter::VERBO: [Instrumenter - BB] Instrumenting the function: _ZmlILi12ELi0ELb0EL9ap_q_mode5EL9ap_o_mode3ELi0EEN13ap_fixed_baseIXT_EXT0_EXT1_ELS0_5ELS1_3ELi0EE5RTypeILi8ELi8ELb0EE4multERKS2_IXT_EXT0_EXT1_EXT2_EXT3_EXT4_EEh
instrumenter::VERBO: [Instrumenter - BB] Instrumenting the function: _ZNK13ap_fixed_baseILi20ELi8ELb0EL9ap_q_mode5EL9ap_o_mode3ELi0EE7to_charEv
instrumenter::VERBO: [Instrumenter - BB] Instrumenting the function: _ZmLILi12ELi0ELb0EL9ap_q_mode5EL9ap_o_mode3ELi0EER13ap_fixed_baseIXT_EXT0_EXT1_EXT2_EXT3_EXT4_EES4_h
instrumenter::VERBO: [Instrumenter - BB] Instrumenting the function: _ZN13ap_fixed_baseILi12ELi0ELb0EL9ap_q_mode5EL9ap_o_mode3ELi0EE5rangeEii
instrumenter::VERBO: [Instrumenter - BB] Instrumenting the function: _ZNK12af_range_refILi12ELi0ELb0EL9ap_q_mode5EL9ap_o_mode3ELi0EE7to_charEv
instrumenter::VERBO: [Instrumenter - BB] Instrumenting the function: _ZN10ap_privateILi12ELb0ELb1EE5rangeEii
instrumenter::VERBO: [Instrumenter - BB] Instrumenting the function: _ZNK18_private_range_refILi12ELb0EEcvyEv
instrumenter::VERBO: [Instrumenter - BB] Instrumenting the function: _ZNK18_private_range_refILi12ELb0EE9to_uint64Ev
instrumenter::VERBO: [Instrumenter - BB] Instrumenting the function: _ZNK18_private_range_refILi12ELb0EE3getEv
instrumenter::VERBO: [Instrumenter - BB] Instrumenting the function: _ZNK10ap_privateILi12ELb0ELb1EE9to_uint64Ev
instrumenter::VERBO: [Instrumenter - BB] Instrumenting the function: _ZNK10ap_privateILi12ELb0ELb1EE15get_cleared_VALEv
instrumenter::VERBO: [Instrumenter - BB] Instrumenting the function: _ZN10ap_privateILi12ELb0ELb1EEC1Ei
instrumenter::VERBO: [Instrumenter - BB] Instrumenting the function: _ZN10ap_privateILi12ELb0ELb1EEixEi
instrumenter::VERBO: [Instrumenter - BB] Instrumenting the function: _ZNK16_private_bit_refILi12ELb0EEcvbEv
instrumenter::VERBO: [Instrumenter - BB] Instrumenting the function: _ZN10ap_privateILi12ELb0ELb1EE3setEj
instrumenter::VERBO: [Instrumenter - BB] Instrumenting the function: _ZN10ap_privateILi12ELb0ELb1EEaSERKS0_
instrumenter::VERBO: [Instrumenter - BB] Instrumenting the function: _ZrSILi12ELb0EER10ap_privateIXT_EXT0_EXleT_Li64EEES2_i
instrumenter::VERBO: [Instrumenter - BB] Instrumenting the function: _ZN10ap_privateILi12ELb0ELb1EEaNEy
instrumenter::VERBO: [Instrumenter - BB] Instrumenting the function: _ZN10ap_privateILi12ELb0ELb1EE15clearUnusedBitsEv
instrumenter::VERBO: [Instrumenter - BB] Instrumenting the function: _ZNK10ap_privateILi12ELb0ELb1EErsEi
instrumenter::VERBO: [Instrumenter - BB] Instrumenting the function: _ZNK10ap_privateILi12ELb0ELb1EE10isNegativeEv
instrumenter::VERBO: [Instrumenter - BB] Instrumenting the function: _ZNK10ap_privateILi12ELb0ELb1EE4lshrEj
instrumenter::VERBO: [Instrumenter - BB] Instrumenting the function: _ZN10ap_privateILi12ELb0ELb1EEC1Ey
instrumenter::VERBO: [Instrumenter - BB] Instrumenting the function: _ZN10ap_privateILi12ELb0ELb1EEC2Ey
instrumenter::VERBO: [Instrumenter - BB] Instrumenting the function: _ZN10ap_privateILi12ELb0ELb1EE10set_canaryEv
instrumenter::VERBO: [Instrumenter - BB] Instrumenting the function: _ZN10ap_privateILi12ELb0ELb1EE12check_canaryEv
instrumenter::VERBO: [Instrumenter - BB] Instrumenting the function: _ZNK10ap_privateILi12ELb0ELb1EE7get_VALEv
instrumenter::VERBO: [Instrumenter - BB] Instrumenting the function: _ZNK10ap_privateILi12ELb0ELb1EE7get_bitEi
instrumenter::VERBO: [Instrumenter - BB] Instrumenting the function: _assert
instrumenter::VERBO: [Instrumenter - BB] Instrumenting the function: _ZN16_private_bit_refILi12ELb0EEC1ER10ap_privateILi12ELb0ELb1EEi
instrumenter::VERBO: [Instrumenter - BB] Instrumenting the function: _ZN16_private_bit_refILi12ELb0EEC2ER10ap_privateILi12ELb0ELb1EEi
instrumenter::VERBO: [Instrumenter - BB] Instrumenting the function: __acrt_iob_func
instrumenter::VERBO: [Instrumenter - BB] Instrumenting the function: _ZL7fprintfP6_iobufPKcz
instrumenter::VERBO: [Instrumenter - BB] Instrumenting the function: llvm.va_start
instrumenter::VERBO: [Instrumenter - BB] Instrumenting the function: __mingw_vfprintf
instrumenter::VERBO: [Instrumenter - BB] Instrumenting the function: llvm.va_end
instrumenter::VERBO: [Instrumenter - BB] Instrumenting the function: _ZN10ap_privateILi12ELb0ELb1EEC2Ei
instrumenter::VERBO: [Instrumenter - BB] Instrumenting the function: _ZN18_private_range_refILi12ELb0EEC1EP10ap_privateILi12ELb0ELb1EEii
instrumenter::VERBO: [Instrumenter - BB] Instrumenting the function: _ZN18_private_range_refILi12ELb0EEC2EP10ap_privateILi12ELb0ELb1EEii
instrumenter::VERBO: [Instrumenter - BB] Instrumenting the function: _ZN12af_range_refILi12ELi0ELb0EL9ap_q_mode5EL9ap_o_mode3ELi0EEC1EP13ap_fixed_baseILi12ELi0ELb0ELS0_5ELS1_3ELi0EEii
instrumenter::VERBO: [Instrumenter - BB] Instrumenting the function: _ZN12af_range_refILi12ELi0ELb0EL9ap_q_mode5EL9ap_o_mode3ELi0EEC2EP13ap_fixed_baseILi12ELi0ELb0ELS0_5ELS1_3ELi0EEii
instrumenter::VERBO: [Instrumenter - BB] Instrumenting the function: _ZN13ap_fixed_baseILi8ELi8ELb0EL9ap_q_mode5EL9ap_o_mode3ELi0EEC1Eh
instrumenter::VERBO: [Instrumenter - BB] Instrumenting the function: _ZN13ap_fixed_baseILi12ELi0ELb0EL9ap_q_mode5EL9ap_o_mode3ELi0EEmLILi8ELi8ELb0ELS0_5ELS1_3ELi0EEERS2_RKS_IXT_EXT0_EXT1_EXT2_EXT3_EXT4_EE
instrumenter::VERBO: [Instrumenter - BB] Instrumenting the function: _ZNK13ap_fixed_baseILi12ELi0ELb0EL9ap_q_mode5EL9ap_o_mode3ELi0EEmlILi8ELi8ELb0ELS0_5ELS1_3ELi0EEENS2_5RTypeIXT_EXT0_EXT1_EE4multERKS_IXT_EXT0_EXT1_EXT2_EXT3_EXT4_EE
instrumenter::VERBO: [Instrumenter - BB] Instrumenting the function: _ZN13ap_fixed_baseILi12ELi0ELb0EL9ap_q_mode5EL9ap_o_mode3ELi0EEaSILi20ELi8ELb0ELS0_5ELS1_3ELi0EEERS2_RKS_IXT_EXT0_EXT1_EXT2_EXT3_EXT4_EE
instrumenter::VERBO: [Instrumenter - BB] Instrumenting the function: _ZNK13ap_fixed_baseILi20ELi8ELb0EL9ap_q_mode5EL9ap_o_mode3ELi0EEntEv
instrumenter::VERBO: [Instrumenter - BB] Instrumenting the function: _ZN10ap_privateILi12ELb0ELb1EEaSEi
instrumenter::VERBO: [Instrumenter - BB] Instrumenting the function: _ZNK10ap_privateILi20ELb0ELb1EE7get_bitEi
instrumenter::VERBO: [Instrumenter - BB] Instrumenting the function: _ZN10ap_privateILi12ELb0ELb1EEaSILi20ELb0EEERS0_RKS_IXT_EXT0_EXleT_Li64EEE
instrumenter::VERBO: [Instrumenter - BB] Instrumenting the function: _ZNK10ap_privateILi20ELb0ELb1EE15get_cleared_VALEv
instrumenter::VERBO: [Instrumenter - BB] Instrumenting the function: _ZeqILi20ELb0EEbRK10ap_privateIXT_EXT0_EXleT_Li64EEEm
instrumenter::VERBO: [Instrumenter - BB] Instrumenting the function: _ZN10ap_privateILi32ELb0ELb1EEC1Em
instrumenter::VERBO: [Instrumenter - BB] Instrumenting the function: _ZNK10ap_privateILi20ELb0ELb1EEeqILi32ELb0EEEbRKS_IXT_EXT0_EXleT_Li64EEE
instrumenter::VERBO: [Instrumenter - BB] Instrumenting the function: _ZN10ap_privateILi20ELb0ELb1EE15clearUnusedBitsEv
instrumenter::VERBO: [Instrumenter - BB] Instrumenting the function: _ZN10ap_privateILi32ELb0ELb1EE15clearUnusedBitsEv
instrumenter::VERBO: [Instrumenter - BB] Instrumenting the function: _ZN10ap_privateILi32ELb0ELb1EEC1ILi20ELb0ELb1EEERKS_IXT_EXT0_EXT1_EE
instrumenter::VERBO: [Instrumenter - BB] Instrumenting the function: _ZN10ap_privateILi32ELb0ELb1EE7get_VALEv
instrumenter::VERBO: [Instrumenter - BB] Instrumenting the function: _ZN10ap_privateILi32ELb0ELb1EEC2ILi20ELb0ELb1EEERKS_IXT_EXT0_EXT1_EE
instrumenter::VERBO: [Instrumenter - BB] Instrumenting the function: _ZNK10ap_privateILi20ELb0ELb1EE7get_VALEv
instrumenter::VERBO: [Instrumenter - BB] Instrumenting the function: _ZN10ap_privateILi32ELb0ELb1EE10set_canaryEv
instrumenter::VERBO: [Instrumenter - BB] Instrumenting the function: _ZN10ap_privateILi32ELb0ELb1EE12check_canaryEv
instrumenter::VERBO: [Instrumenter - BB] Instrumenting the function: _ZN10ap_privateILi32ELb0ELb1EEC2Em
instrumenter::VERBO: [Instrumenter - BB] Instrumenting the function: _ZN13ap_fixed_baseILi20ELi8ELb0EL9ap_q_mode5EL9ap_o_mode3ELi0EEC1Ei
instrumenter::VERBO: [Instrumenter - BB] Instrumenting the function: _ZN10ap_privateILi20ELb0ELb1EEaSILi12ELb0EEERS0_RKS_IXT_EXT0_EXleT_Li64EEE
instrumenter::VERBO: [Instrumenter - BB] Instrumenting the function: _ZN10ap_privateILi20ELb0ELb1EEaSILi8ELb0EEERS0_RKS_IXT_EXT0_EXleT_Li64EEE
instrumenter::VERBO: [Instrumenter - BB] Instrumenting the function: _ZN10ap_privateILi20ELb0ELb1EEmLILi8ELb0EEERS0_RKS_IXT_EXT0_EXleT_Li64EEE
instrumenter::VERBO: [Instrumenter - BB] Instrumenting the function: _ZN9ap_ufixedILi20ELi8EL9ap_q_mode5EL9ap_o_mode3ELi0EEC1ILi20ELi8ELb0ELS0_5ELS1_3ELi0EEERK13ap_fixed_baseIXT_EXT0_EXT1_EXT2_EXT3_EXT4_EE
instrumenter::VERBO: [Instrumenter - BB] Instrumenting the function: _ZN9ap_ufixedILi20ELi8EL9ap_q_mode5EL9ap_o_mode3ELi0EEC2ILi20ELi8ELb0ELS0_5ELS1_3ELi0EEERK13ap_fixed_baseIXT_EXT0_EXT1_EXT2_EXT3_EXT4_EE
instrumenter::VERBO: [Instrumenter - BB] Instrumenting the function: _ZN10ap_privateILi20ELb0ELb1EE15get_cleared_VALEv
instrumenter::VERBO: [Instrumenter - BB] Instrumenting the function: _ZNK10ap_privateILi8ELb0ELb1EE15get_cleared_VALEv
instrumenter::VERBO: [Instrumenter - BB] Instrumenting the function: _ZN13ap_fixed_baseILi20ELi8ELb0EL9ap_q_mode5EL9ap_o_mode3ELi0EEC2Ei
instrumenter::VERBO: [Instrumenter - BB] Instrumenting the function: _ZN12ssdm_int_simILi20ELb0EEC2Ev
instrumenter::VERBO: [Instrumenter - BB] Instrumenting the function: _ZN13ap_fixed_baseILi32ELi32ELb1EL9ap_q_mode5EL9ap_o_mode3ELi0EEC1Ev
instrumenter::VERBO: [Instrumenter - BB] Instrumenting the function: _ZN10ap_privateILi32ELb1ELb1EEaSEi
instrumenter::VERBO: [Instrumenter - BB] Instrumenting the function: _ZN13ap_fixed_baseILi20ELi8ELb0EL9ap_q_mode5EL9ap_o_mode3ELi0EEaSILi32ELi32ELb1ELS0_5ELS1_3ELi0EEERS2_RKS_IXT_EXT0_EXT1_EXT2_EXT3_EXT4_EE
instrumenter::VERBO: [Instrumenter - BB] Instrumenting the function: _ZNK13ap_fixed_baseILi32ELi32ELb1EL9ap_q_mode5EL9ap_o_mode3ELi0EEntEv
instrumenter::VERBO: [Instrumenter - BB] Instrumenting the function: _ZN10ap_privateILi20ELb0ELb1EEaSEi
instrumenter::VERBO: [Instrumenter - BB] Instrumenting the function: _ZNK10ap_privateILi32ELb1ELb1EE7get_bitEi
instrumenter::VERBO: [Instrumenter - BB] Instrumenting the function: _ZNK10ap_privateILi32ELb1ELb1EElsEj
instrumenter::VERBO: [Instrumenter - BB] Instrumenting the function: _ZN10ap_privateILi20ELb0ELb1EEaSILi32ELb1EEERS0_RKS_IXT_EXT0_EXleT_Li64EEE
instrumenter::VERBO: [Instrumenter - BB] Instrumenting the function: _ZNK10ap_privateILi32ELb1ELb1EE15get_cleared_VALEv
instrumenter::VERBO: [Instrumenter - BB] Instrumenting the function: _ZN10ap_privateILi32ELb1ELb1EEC1Ei
instrumenter::VERBO: [Instrumenter - BB] Instrumenting the function: _ZNK10ap_privateILi32ELb1ELb1EE3shlEj
instrumenter::VERBO: [Instrumenter - BB] Instrumenting the function: _ZNK10ap_privateILi32ELb1ELb1EE10isNegativeEv
instrumenter::VERBO: [Instrumenter - BB] Instrumenting the function: _ZN10ap_privateILi32ELb1ELb1EEC1Ey
instrumenter::VERBO: [Instrumenter - BB] Instrumenting the function: _ZN10ap_privateILi32ELb1ELb1EEC2Ey
instrumenter::VERBO: [Instrumenter - BB] Instrumenting the function: _ZN10ap_privateILi32ELb1ELb1EE10set_canaryEv
instrumenter::VERBO: [Instrumenter - BB] Instrumenting the function: _ZN10ap_privateILi32ELb1ELb1EE15clearUnusedBitsEv
instrumenter::VERBO: [Instrumenter - BB] Instrumenting the function: _ZN10ap_privateILi32ELb1ELb1EE12check_canaryEv
instrumenter::VERBO: [Instrumenter - BB] Instrumenting the function: _ZN10ap_privateILi32ELb1ELb1EEC2Ei
instrumenter::VERBO: [Instrumenter - BB] Instrumenting the function: _ZN10ap_privateILi20ELb0ELb1EE10set_canaryEv
instrumenter::VERBO: [Instrumenter - BB] Instrumenting the function: _ZN10ap_privateILi20ELb0ELb1EE12check_canaryEv
instrumenter::VERBO: [Instrumenter - BB] Instrumenting the function: _ZeqILi32ELb1EEbRK10ap_privateIXT_EXT0_EXleT_Li64EEEm
instrumenter::VERBO: [Instrumenter - BB] Instrumenting the function: _ZNK10ap_privateILi32ELb1ELb1EEeqERKS_ILi32ELb0ELb1EE
instrumenter::VERBO: [Instrumenter - BB] Instrumenting the function: _ZNK10ap_privateILi32ELb0ELb1EE15get_cleared_VALEv
instrumenter::VERBO: [Instrumenter - BB] Instrumenting the function: _ZN13ap_fixed_baseILi32ELi32ELb1EL9ap_q_mode5EL9ap_o_mode3ELi0EEC2Ev
instrumenter::VERBO: [Instrumenter - BB] Instrumenting the function: _ZN12ssdm_int_simILi32ELb1EEC2Ev
instrumenter::VERBO: [Instrumenter - BB] Instrumenting the function: _ZN10ap_privateILi32ELb1ELb1EEC1Ev
instrumenter::VERBO: [Instrumenter - BB] Instrumenting the function: _ZN10ap_privateILi32ELb1ELb1EEC2Ev
instrumenter::VERBO: [Instrumenter - BB] Instrumenting the function: _ZN10ap_privateILi20ELb0ELb1EEC1Ev
instrumenter::VERBO: [Instrumenter - BB] Instrumenting the function: _ZN10ap_privateILi20ELb0ELb1EEC2Ev
instrumenter::VERBO: [Instrumenter - BB] Instrumenting the function: _ZN13ap_fixed_baseILi8ELi8ELb0EL9ap_q_mode5EL9ap_o_mode3ELi0EEC2Eh
instrumenter::VERBO: [Instrumenter - BB] Instrumenting the function: _ZN12ssdm_int_simILi8ELb0EEC2Ev
instrumenter::VERBO: [Instrumenter - BB] Instrumenting the function: _ZN13ap_fixed_baseILi8ELi8ELb0EL9ap_q_mode5EL9ap_o_mode3ELi0EEC1Ev
instrumenter::VERBO: [Instrumenter - BB] Instrumenting the function: _ZN10ap_privateILi8ELb0ELb1EEaSEh
instrumenter::VERBO: [Instrumenter - BB] Instrumenting the function: _ZN13ap_fixed_baseILi8ELi8ELb0EL9ap_q_mode5EL9ap_o_mode3ELi0EEaSERKS2_
instrumenter::VERBO: [Instrumenter - BB] Instrumenting the function: _ZN12ssdm_int_simILi8ELb0EEaSERKS0_
instrumenter::VERBO: [Instrumenter - BB] Instrumenting the function: _ZN10ap_privateILi8ELb0ELb1EEaSERKS0_
instrumenter::VERBO: [Instrumenter - BB] Instrumenting the function: _ZNK10ap_privateILi8ELb0ELb1EE7get_VALEv
instrumenter::VERBO: [Instrumenter - BB] Instrumenting the function: _ZN10ap_privateILi8ELb0ELb1EE15clearUnusedBitsEv
instrumenter::VERBO: [Instrumenter - BB] Instrumenting the function: _ZN10ap_privateILi8ELb0ELb1EE10set_canaryEv
instrumenter::VERBO: [Instrumenter - BB] Instrumenting the function: _ZN10ap_privateILi8ELb0ELb1EE12check_canaryEv
instrumenter::VERBO: [Instrumenter - BB] Instrumenting the function: _ZN13ap_fixed_baseILi8ELi8ELb0EL9ap_q_mode5EL9ap_o_mode3ELi0EEC2Ev
instrumenter::VERBO: [Instrumenter - BB] Instrumenting the function: _ZN10ap_privateILi8ELb0ELb1EEC1Ev
instrumenter::VERBO: [Instrumenter - BB] Instrumenting the function: _ZN10ap_privateILi8ELb0ELb1EEC2Ev
instrumenter::VERBO: [Instrumenter - BB] Instrumenting the function: _ZNK13ap_fixed_baseILi20ELi8ELb0EL9ap_q_mode5EL9ap_o_mode3ELi0EE14to_ap_int_baseEb
instrumenter::VERBO: [Instrumenter - BB] Instrumenting the function: _ZNK11ap_int_baseILi8ELb0EE7to_charEv
instrumenter::VERBO: [Instrumenter - BB] Instrumenting the function: _ZNK10ap_privateILi8ELb0ELb1EEcvhEv
instrumenter::VERBO: [Instrumenter - BB] Instrumenting the function: _ZN11ap_int_baseILi8ELb0EEC1Ei
instrumenter::VERBO: [Instrumenter - BB] Instrumenting the function: _ZNK10ap_privateILi20ELb0ELb1EE5rangeEii
instrumenter::VERBO: [Instrumenter - BB] Instrumenting the function: _ZN10ap_privateILi8ELb0ELb1EEaSILi20ELb0EEERS0_RK18_private_range_refIXT_EXT0_EE
instrumenter::VERBO: [Instrumenter - BB] Instrumenting the function: _ZN10ap_privateILi20ELb0ELb1EEC1ILi20ELb0EEERK18_private_range_refIXT_EXT0_EE
instrumenter::VERBO: [Instrumenter - BB] Instrumenting the function: _ZN10ap_privateILi8ELb0ELb1EEaSILi20ELb0EEERS0_RKS_IXT_EXT0_EXleT_Li64EEE
instrumenter::VERBO: [Instrumenter - BB] Instrumenting the function: _ZN10ap_privateILi20ELb0ELb1EEC2ILi20ELb0EEERK18_private_range_refIXT_EXT0_EE
instrumenter::VERBO: [Instrumenter - BB] Instrumenting the function: _ZNK18_private_range_refILi20ELb0EE3getEv
instrumenter::VERBO: [Instrumenter - BB] Instrumenting the function: _ZNK10ap_privateILi20ELb0ELb1EEcvjEv
instrumenter::VERBO: [Instrumenter - BB] Instrumenting the function: _ZN10ap_privateILi20ELb0ELb1EEaSERKS0_
instrumenter::VERBO: [Instrumenter - BB] Instrumenting the function: _ZN10ap_privateILi20ELb0ELb1EEC1Ei
instrumenter::VERBO: [Instrumenter - BB] Instrumenting the function: _ZN10ap_privateILi20ELb0ELb1EEixEi
instrumenter::VERBO: [Instrumenter - BB] Instrumenting the function: _ZNK16_private_bit_refILi20ELb0EEcvbEv
instrumenter::VERBO: [Instrumenter - BB] Instrumenting the function: _ZN10ap_privateILi20ELb0ELb1EE3setEj
instrumenter::VERBO: [Instrumenter - BB] Instrumenting the function: _ZrSILi20ELb0EER10ap_privateIXT_EXT0_EXleT_Li64EEES2_i
instrumenter::VERBO: [Instrumenter - BB] Instrumenting the function: _ZN10ap_privateILi20ELb0ELb1EEaNEy
instrumenter::VERBO: [Instrumenter - BB] Instrumenting the function: _ZNK10ap_privateILi20ELb0ELb1EErsEi
instrumenter::VERBO: [Instrumenter - BB] Instrumenting the function: _ZNK10ap_privateILi20ELb0ELb1EE10isNegativeEv
instrumenter::VERBO: [Instrumenter - BB] Instrumenting the function: _ZNK10ap_privateILi20ELb0ELb1EE4lshrEj
instrumenter::VERBO: [Instrumenter - BB] Instrumenting the function: _ZN10ap_privateILi20ELb0ELb1EEC1Ey
instrumenter::VERBO: [Instrumenter - BB] Instrumenting the function: _ZN10ap_privateILi20ELb0ELb1EEC2Ey
instrumenter::VERBO: [Instrumenter - BB] Instrumenting the function: _ZN16_private_bit_refILi20ELb0EEC1ER10ap_privateILi20ELb0ELb1EEi
instrumenter::VERBO: [Instrumenter - BB] Instrumenting the function: _ZN16_private_bit_refILi20ELb0EEC2ER10ap_privateILi20ELb0ELb1EEi
instrumenter::VERBO: [Instrumenter - BB] Instrumenting the function: _ZN10ap_privateILi20ELb0ELb1EEC2Ei
instrumenter::VERBO: [Instrumenter - BB] Instrumenting the function: _ZN18_private_range_refILi20ELb0EEC1EP10ap_privateILi20ELb0ELb1EEii
instrumenter::VERBO: [Instrumenter - BB] Instrumenting the function: _ZN18_private_range_refILi20ELb0EEC2EP10ap_privateILi20ELb0ELb1EEii
instrumenter::VERBO: [Instrumenter - BB] Instrumenting the function: _ZN11ap_int_baseILi8ELb0EEC2Ei
instrumenter::VERBO: [Instrumenter - BB] Instrumenting the function: _ZN10ap_privateILi8ELb0ELb1EEC1Ei
instrumenter::VERBO: [Instrumenter - BB] Instrumenting the function: _ZN12ssdm_int_simILi8ELb0EEC2E10ap_privateILi8ELb0ELb1EE
instrumenter::VERBO: [Instrumenter - BB] Instrumenting the function: _ZN10ap_privateILi8ELb0ELb1EEaSEi
instrumenter::VERBO: [Instrumenter - BB] Instrumenting the function: _ZN10ap_privateILi8ELb0ELb1EEC2Ei
instrumenter::VERBO: [Instrumenter - BB] Instrumenting the function: _ZN13ap_fixed_baseILi32ELi32ELb1EL9ap_q_mode5EL9ap_o_mode3ELi0EEC1Ei
instrumenter::VERBO: [Instrumenter - BB] Instrumenting the function: _ZNK13ap_fixed_baseILi12ELi0ELb0EL9ap_q_mode5EL9ap_o_mode3ELi0EEneILi32ELi32ELb1ELS0_5ELS1_3ELi0EEEbRKS_IXT_EXT0_EXT1_EXT2_EXT3_EXT4_EE
instrumenter::VERBO: [Instrumenter - BB] Instrumenting the function: _ZN13ap_fixed_baseILi44ELi32ELb1EL9ap_q_mode5EL9ap_o_mode3ELi0EEC1ILi32ELi32ELb1ELS0_5ELS1_3ELi0EEERKS_IXT_EXT0_EXT1_EXT2_EXT3_EXT4_EE
instrumenter::VERBO: [Instrumenter - BB] Instrumenting the function: _ZNK10ap_privateILi12ELb0ELb1EEneILi44ELb1EEEbRKS_IXT_EXT0_EXleT_Li64EEE
instrumenter::VERBO: [Instrumenter - BB] Instrumenting the function: _ZNK10ap_privateILi12ELb0ELb1EEeqILi44ELb1EEEbRKS_IXT_EXT0_EXleT_Li64EEE
instrumenter::VERBO: [Instrumenter - BB] Instrumenting the function: _ZN10ap_privateILi44ELb1ELb1EE15clearUnusedBitsEv
instrumenter::VERBO: [Instrumenter - BB] Instrumenting the function: _ZN10ap_privateILi44ELb0ELb1EEC1ILi12ELb0ELb1EEERKS_IXT_EXT0_EXT1_EE
instrumenter::VERBO: [Instrumenter - BB] Instrumenting the function: _ZN10ap_privateILi44ELb0ELb1EEC1ILi44ELb1ELb1EEERKS_IXT_EXT0_EXT1_EE
instrumenter::VERBO: [Instrumenter - BB] Instrumenting the function: _ZN10ap_privateILi44ELb0ELb1EE7get_VALEv
instrumenter::VERBO: [Instrumenter - BB] Instrumenting the function: _ZN10ap_privateILi44ELb0ELb1EEC2ILi44ELb1ELb1EEERKS_IXT_EXT0_EXT1_EE
instrumenter::VERBO: [Instrumenter - BB] Instrumenting the function: _ZNK10ap_privateILi44ELb1ELb1EE7get_VALEv
instrumenter::VERBO: [Instrumenter - BB] Instrumenting the function: _ZN10ap_privateILi44ELb0ELb1EE10set_canaryEv
instrumenter::VERBO: [Instrumenter - BB] Instrumenting the function: _ZN10ap_privateILi44ELb0ELb1EE15clearUnusedBitsEv
instrumenter::VERBO: [Instrumenter - BB] Instrumenting the function: _ZN10ap_privateILi44ELb0ELb1EE12check_canaryEv
instrumenter::VERBO: [Instrumenter - BB] Instrumenting the function: _ZN10ap_privateILi44ELb0ELb1EEC2ILi12ELb0ELb1EEERKS_IXT_EXT0_EXT1_EE
instrumenter::VERBO: [Instrumenter - BB] Instrumenting the function: _ZN13ap_fixed_baseILi44ELi32ELb1EL9ap_q_mode5EL9ap_o_mode3ELi0EEC2ILi32ELi32ELb1ELS0_5ELS1_3ELi0EEERKS_IXT_EXT0_EXT1_EXT2_EXT3_EXT4_EE
instrumenter::VERBO: [Instrumenter - BB] Instrumenting the function: _ZN10ap_privateILi44ELb1ELb1EEC1ILi32ELb1ELb1EEERKS_IXT_EXT0_EXT1_EE
instrumenter::VERBO: [Instrumenter - BB] Instrumenting the function: _ZN12ssdm_int_simILi44ELb1EEC2E10ap_privateILi44ELb1ELb1EE
instrumenter::VERBO: [Instrumenter - BB] Instrumenting the function: _ZN13ap_fixed_baseILi44ELi32ELb1EL9ap_q_mode5EL9ap_o_mode3ELi0EEaSILi32ELi32ELb1ELS0_5ELS1_3ELi0EEERS2_RKS_IXT_EXT0_EXT1_EXT2_EXT3_EXT4_EE
instrumenter::VERBO: [Instrumenter - BB] Instrumenting the function: _ZN13ap_fixed_baseILi44ELi32ELb1EL9ap_q_mode5EL9ap_o_mode3ELi0EE6reportEv
instrumenter::VERBO: [Instrumenter - BB] Instrumenting the function: _ZN10ap_privateILi44ELb1ELb1EEaSEi
instrumenter::VERBO: [Instrumenter - BB] Instrumenting the function: _ZN10ap_privateILi44ELb1ELb1EEaSILi32ELb1EEERS0_RKS_IXT_EXT0_EXleT_Li64EEE
instrumenter::VERBO: [Instrumenter - BB] Instrumenting the function: _ZN10ap_privateILi44ELb1ELb1EElSEj
instrumenter::VERBO: [Instrumenter - BB] Instrumenting the function: _ZNK10ap_privateILi44ELb1ELb1EElsEj
instrumenter::VERBO: [Instrumenter - BB] Instrumenting the function: _ZN10ap_privateILi44ELb1ELb1EEaSERKS0_
instrumenter::VERBO: [Instrumenter - BB] Instrumenting the function: _ZN10ap_privateILi44ELb1ELb1EEC1Ei
instrumenter::VERBO: [Instrumenter - BB] Instrumenting the function: _ZNK10ap_privateILi44ELb1ELb1EE3shlEj
instrumenter::VERBO: [Instrumenter - BB] Instrumenting the function: _ZNK10ap_privateILi44ELb1ELb1EE10isNegativeEv
instrumenter::VERBO: [Instrumenter - BB] Instrumenting the function: _ZNK10ap_privateILi44ELb1ELb1EE15get_cleared_VALEv
instrumenter::VERBO: [Instrumenter - BB] Instrumenting the function: _ZN10ap_privateILi44ELb1ELb1EEC1Ey
instrumenter::VERBO: [Instrumenter - BB] Instrumenting the function: _ZN10ap_privateILi44ELb1ELb1EEC2Ey
instrumenter::VERBO: [Instrumenter - BB] Instrumenting the function: _ZN10ap_privateILi44ELb1ELb1EE10set_canaryEv
instrumenter::VERBO: [Instrumenter - BB] Instrumenting the function: _ZN10ap_privateILi44ELb1ELb1EE12check_canaryEv
instrumenter::VERBO: [Instrumenter - BB] Instrumenting the function: _ZN10ap_privateILi44ELb1ELb1EEC2Ei
instrumenter::VERBO: [Instrumenter - BB] Instrumenting the function: _ZN10ap_privateILi44ELb1ELb1EEC2ILi32ELb1ELb1EEERKS_IXT_EXT0_EXT1_EE
instrumenter::VERBO: [Instrumenter - BB] Instrumenting the function: _ZNK10ap_privateILi32ELb1ELb1EE7get_VALEv
instrumenter::VERBO: [Instrumenter - BB] Instrumenting the function: _ZN13ap_fixed_baseILi32ELi32ELb1EL9ap_q_mode5EL9ap_o_mode3ELi0EEC2Ei
instrumenter::VERBO: [Instrumenter - BB] Instrumenting the function: _ZN13ap_fixed_baseILi32ELi32ELb1EL9ap_q_mode5EL9ap_o_mode3ELi0EEaSERKS2_
instrumenter::VERBO: [Instrumenter - BB] Instrumenting the function: _ZN12ssdm_int_simILi32ELb1EEaSERKS0_
instrumenter::VERBO: [Instrumenter - BB] Instrumenting the function: _ZN10ap_privateILi32ELb1ELb1EEaSERKS0_
instrumenter::VERBO: [Instrumenter - BB] Instrumenting the function: _ZN13ap_fixed_baseILi12ELi0ELb0EL9ap_q_mode5EL9ap_o_mode3ELi0EEC2ILi17ELi5ELb1ELS0_5ELS1_3ELi0EEERKS_IXT_EXT0_EXT1_EXT2_EXT3_EXT4_EE
instrumenter::VERBO: [Instrumenter - BB] Instrumenting the function: _ZN10ap_privateILi12ELb0ELb1EEC1ILi17ELb1ELb1EEERKS_IXT_EXT0_EXT1_EE
instrumenter::VERBO: [Instrumenter - BB] Instrumenting the function: _ZN12ssdm_int_simILi12ELb0EEC2E10ap_privateILi12ELb0ELb1EE
instrumenter::VERBO: [Instrumenter - BB] Instrumenting the function: _ZN13ap_fixed_baseILi12ELi0ELb0EL9ap_q_mode5EL9ap_o_mode3ELi0EEaSILi17ELi5ELb1ELS0_5ELS1_3ELi0EEERS2_RKS_IXT_EXT0_EXT1_EXT2_EXT3_EXT4_EE
instrumenter::VERBO: [Instrumenter - BB] Instrumenting the function: _ZN13ap_fixed_baseILi12ELi0ELb0EL9ap_q_mode5EL9ap_o_mode3ELi0EE6reportEv
instrumenter::VERBO: [Instrumenter - BB] Instrumenting the function: _ZNK13ap_fixed_baseILi17ELi5ELb1EL9ap_q_mode5EL9ap_o_mode3ELi0EEntEv
instrumenter::VERBO: [Instrumenter - BB] Instrumenting the function: _ZNK10ap_privateILi17ELb1ELb1EE7get_bitEi
instrumenter::VERBO: [Instrumenter - BB] Instrumenting the function: _ZN10ap_privateILi12ELb0ELb1EEaSILi17ELb1EEERS0_RKS_IXT_EXT0_EXleT_Li64EEE
instrumenter::VERBO: [Instrumenter - BB] Instrumenting the function: _ZNK10ap_privateILi17ELb1ELb1EE15get_cleared_VALEv
instrumenter::VERBO: [Instrumenter - BB] Instrumenting the function: _ZeqILi17ELb1EEbRK10ap_privateIXT_EXT0_EXleT_Li64EEEm
instrumenter::VERBO: [Instrumenter - BB] Instrumenting the function: _ZNK10ap_privateILi17ELb1ELb1EEeqILi32ELb0EEEbRKS_IXT_EXT0_EXleT_Li64EEE
instrumenter::VERBO: [Instrumenter - BB] Instrumenting the function: _ZN10ap_privateILi17ELb1ELb1EE15clearUnusedBitsEv
instrumenter::VERBO: [Instrumenter - BB] Instrumenting the function: _ZN10ap_privateILi32ELb0ELb1EEC1ILi17ELb1ELb1EEERKS_IXT_EXT0_EXT1_EE
instrumenter::VERBO: [Instrumenter - BB] Instrumenting the function: _ZN10ap_privateILi32ELb0ELb1EEC2ILi17ELb1ELb1EEERKS_IXT_EXT0_EXT1_EE
instrumenter::VERBO: [Instrumenter - BB] Instrumenting the function: _ZNK10ap_privateILi17ELb1ELb1EE7get_VALEv
instrumenter::VERBO: [Instrumenter - BB] Instrumenting the function: _ZN10ap_privateILi12ELb0ELb1EEC2ILi17ELb1ELb1EEERKS_IXT_EXT0_EXT1_EE
instrumenter::VERBO: [Instrumenter - BB] Instrumenting the function: _ZNK10ap_privateILi5ELb0ELb1EE9to_stringB5cxx11Ehb
instrumenter::VERBO: [Instrumenter - BB] Instrumenting the function: _ZNK10ap_privateILi5ELb0ELb1EE8toStringB5cxx11Ehb
instrumenter::VERBO: [Instrumenter - BB] Instrumenting the function: _ZNK10ap_privateILi5ELb0ELb1EEeqEy
instrumenter::VERBO: [Instrumenter - BB] Instrumenting the function: _ZNK10ap_privateILi5ELb0ELb1EE10isNegativeEv
instrumenter::VERBO: [Instrumenter - BB] Instrumenting the function: _ZN10ap_privateILi5ELb0ELb1EE4flipEv
instrumenter::VERBO: [Instrumenter - BB] Instrumenting the function: _ZN10ap_privateILi5ELb0ELb1EEppEi
instrumenter::VERBO: [Instrumenter - BB] Instrumenting the function: _ZN10ap_privateILi5ELb0ELb1EEC1Ei
instrumenter::VERBO: [Instrumenter - BB] Instrumenting the function: _ZNK10ap_privateILi5ELb0ELb1EE2neILi5ELb0EEEbRKS_IXT_EXT0_EXleT_Li64EEE
instrumenter::VERBO: [Instrumenter - BB] Instrumenting the function: _ZN10ap_privateILi5ELb0ELb1EE7get_VALEv
instrumenter::VERBO: [Instrumenter - BB] Instrumenting the function: _ZNSt7__cxx1112basic_stringIcSt11char_traitsIcESaIcEE6insertEyPKc
instrumenter::VERBO: [Instrumenter - BB] Instrumenting the function: _ZNK10ap_privateILi5ELb0ELb1EE4lshrEj
instrumenter::VERBO: [Instrumenter - BB] Instrumenting the function: _ZN10ap_privateILi5ELb0ELb1EEaSERKS0_
instrumenter::VERBO: [Instrumenter - BB] Instrumenting the function: _ZN10ap_privateILi6ELb0ELb1EEC1Eh
instrumenter::VERBO: [Instrumenter - BB] Instrumenting the function: _ZN10ap_privateILi5ELb0ELb1EEC1Ey
instrumenter::VERBO: [Instrumenter - BB] Instrumenting the function: _ZNK10ap_privateILi5ELb0ELb1EEeqERKS0_
instrumenter::VERBO: [Instrumenter - BB] Instrumenting the function: _ZNK10ap_privateILi5ELb0ELb1EErmILi6ELb0EEENS0_5RTypeIXT_EXT0_EE3modERKS_IXT_EXT0_EXleT_Li64EEE
instrumenter::VERBO: [Instrumenter - BB] Instrumenting the function: _ZNK10ap_privateILi5ELb0ELb1EEdvILi6ELb0EEENS0_5RTypeIXT_EXT0_EE3divERKS_IXT_EXT0_EXleT_Li64EEE
instrumenter::VERBO: [Instrumenter - BB] Instrumenting the function: _ZNK10ap_privateILi5ELb0ELb1EE12getZExtValueEv
instrumenter::VERBO: [Instrumenter - BB] Instrumenting the function: _ZNK10ap_privateILi5ELb0ELb1EE15get_cleared_VALEv
instrumenter::VERBO: [Instrumenter - BB] Instrumenting the function: _ZN10ap_privateILi6ELb0ELb1EEC1ILi5ELb0ELb1EEERKS_IXT_EXT0_EXT1_EE
instrumenter::VERBO: [Instrumenter - BB] Instrumenting the function: _ZNK10ap_privateILi6ELb0ELb1EE4sdivERKS0_
instrumenter::VERBO: [Instrumenter - BB] Instrumenting the function: _ZNK10ap_privateILi6ELb0ELb1EE4udivERKS0_
instrumenter::VERBO: [Instrumenter - BB] Instrumenting the function: _ZN10ap_privateILi5ELb0ELb1EEC1ILi6ELb0ELb1EEERKS_IXT_EXT0_EXT1_EE
instrumenter::VERBO: [Instrumenter - BB] Instrumenting the function: _ZN10ap_privateILi5ELb0ELb1EEC2ILi6ELb0ELb1EEERKS_IXT_EXT0_EXT1_EE
instrumenter::VERBO: [Instrumenter - BB] Instrumenting the function: _ZNK10ap_privateILi6ELb0ELb1EE7get_VALEv
instrumenter::VERBO: [Instrumenter - BB] Instrumenting the function: _ZN10ap_privateILi5ELb0ELb1EE10set_canaryEv
instrumenter::VERBO: [Instrumenter - BB] Instrumenting the function: _ZN10ap_privateILi5ELb0ELb1EE15clearUnusedBitsEv
instrumenter::VERBO: [Instrumenter - BB] Instrumenting the function: _ZN10ap_privateILi5ELb0ELb1EE12check_canaryEv
instrumenter::VERBO: [Instrumenter - BB] Instrumenting the function: _ZN10ap_privateILi6ELb0ELb1EE15clearUnusedBitsEv
instrumenter::VERBO: [Instrumenter - BB] Instrumenting the function: _ZN10ap_privateILi6ELb0ELb1EE7get_VALEv
instrumenter::VERBO: [Instrumenter - BB] Instrumenting the function: _ZN10ap_privateILi6ELb0ELb1EEC1Ey
instrumenter::VERBO: [Instrumenter - BB] Instrumenting the function: _ZN10ap_privateILi6ELb0ELb1EEC2Ey
instrumenter::VERBO: [Instrumenter - BB] Instrumenting the function: _ZN10ap_privateILi6ELb0ELb1EE10set_canaryEv
instrumenter::VERBO: [Instrumenter - BB] Instrumenting the function: _ZN10ap_privateILi6ELb0ELb1EE12check_canaryEv
instrumenter::VERBO: [Instrumenter - BB] Instrumenting the function: _ZNK10ap_privateILi6ELb0ELb1EE10isNegativeEv
instrumenter::VERBO: [Instrumenter - BB] Instrumenting the function: _ZmiILi6ELb0EEN10ap_privateILi32ELb1ELb1EE5RTypeIXT_EXT0_EE5minusEiRKS0_IXT_EXT0_EXleT_Li64EEE
instrumenter::VERBO: [Instrumenter - BB] Instrumenting the function: _ZNK10ap_privateILi33ELb1ELb1EEcvxEv
instrumenter::VERBO: [Instrumenter - BB] Instrumenting the function: _ZNK10ap_privateILi6ELb0ELb1EEcvhEv
instrumenter::VERBO: [Instrumenter - BB] Instrumenting the function: _ZN10ap_privateILi6ELb0ELb1EEC1ILi33ELb1ELb1EEERKS_IXT_EXT0_EXT1_EE
instrumenter::VERBO: [Instrumenter - BB] Instrumenting the function: _ZN10ap_privateILi6ELb0ELb1EEC2ILi33ELb1ELb1EEERKS_IXT_EXT0_EXT1_EE
instrumenter::VERBO: [Instrumenter - BB] Instrumenting the function: _ZNK10ap_privateILi33ELb1ELb1EE7get_VALEv
instrumenter::VERBO: [Instrumenter - BB] Instrumenting the function: _ZNK10ap_privateILi6ELb0ELb1EE15get_cleared_VALEv
instrumenter::VERBO: [Instrumenter - BB] Instrumenting the function: _ZNK10ap_privateILi33ELb1ELb1EE15get_cleared_VALEv
instrumenter::VERBO: [Instrumenter - BB] Instrumenting the function: _ZNK10ap_privateILi32ELb1ELb1EEmiILi6ELb0EEENS0_5RTypeIXT_EXT0_EE5minusERKS_IXT_EXT0_EXleT_Li64EEE
instrumenter::VERBO: [Instrumenter - BB] Instrumenting the function: _ZN10ap_privateILi33ELb1ELb1EEC1Ex
instrumenter::VERBO: [Instrumenter - BB] Instrumenting the function: _ZN10ap_privateILi33ELb1ELb1EEC2Ex
instrumenter::VERBO: [Instrumenter - BB] Instrumenting the function: _ZN10ap_privateILi33ELb1ELb1EE10set_canaryEv
instrumenter::VERBO: [Instrumenter - BB] Instrumenting the function: _ZN10ap_privateILi33ELb1ELb1EE15clearUnusedBitsEv
instrumenter::VERBO: [Instrumenter - BB] Instrumenting the function: _ZN10ap_privateILi33ELb1ELb1EE12check_canaryEv
instrumenter::VERBO: [Instrumenter - BB] Instrumenting the function: _ZN10ap_privateILi6ELb0ELb1EEC2ILi5ELb0ELb1EEERKS_IXT_EXT0_EXT1_EE
instrumenter::VERBO: [Instrumenter - BB] Instrumenting the function: _ZNK10ap_privateILi5ELb0ELb1EE7get_VALEv
instrumenter::VERBO: [Instrumenter - BB] Instrumenting the function: _ZNK10ap_privateILi6ELb0ELb1EE4sremILb0EEES0_RKS_ILi6EXT_ELb1EE
instrumenter::VERBO: [Instrumenter - BB] Instrumenting the function: _ZNK10ap_privateILi6ELb0ELb1EE4uremILb0EEES0_RKS_ILi6EXT_ELb1EE
instrumenter::VERBO: [Instrumenter - BB] Instrumenting the function: _ZN10ap_privateILi5ELb0ELb1EEC2Ey
instrumenter::VERBO: [Instrumenter - BB] Instrumenting the function: _ZN10ap_privateILi6ELb0ELb1EEC2Eh
instrumenter::VERBO: [Instrumenter - BB] Instrumenting the function: _ZN10ap_privateILi5ELb0ELb1EEC2Ei
instrumenter::VERBO: [Instrumenter - BB] Instrumenting the function: _ZN10ap_privateILi5ELb0ELb1EE15get_cleared_VALEv
instrumenter::VERBO: [Instrumenter - BB] Instrumenting the function: _ZN10ap_privateILi17ELb0ELb1EEC1ILi17ELb1EEERK18_private_range_refIXT_EXT0_EE
instrumenter::VERBO: [Instrumenter - BB] Instrumenting the function: _ZN10ap_privateILi5ELb0ELb1EEaSILi17ELb0EEERS0_RKS_IXT_EXT0_EXleT_Li64EEE
instrumenter::VERBO: [Instrumenter - BB] Instrumenting the function: _ZNK10ap_privateILi17ELb0ELb1EE15get_cleared_VALEv
instrumenter::VERBO: [Instrumenter - BB] Instrumenting the function: _ZN10ap_privateILi17ELb0ELb1EEC2ILi17ELb1EEERK18_private_range_refIXT_EXT0_EE
instrumenter::VERBO: [Instrumenter - BB] Instrumenting the function: _ZNK18_private_range_refILi17ELb1EE3getEv
instrumenter::VERBO: [Instrumenter - BB] Instrumenting the function: _ZNK10ap_privateILi17ELb0ELb1EEcvjEv
instrumenter::VERBO: [Instrumenter - BB] Instrumenting the function: _ZN10ap_privateILi17ELb0ELb1EE10set_canaryEv
instrumenter::VERBO: [Instrumenter - BB] Instrumenting the function: _ZN10ap_privateILi17ELb0ELb1EEaSERKS0_
instrumenter::VERBO: [Instrumenter - BB] Instrumenting the function: _ZN10ap_privateILi17ELb0ELb1EE12check_canaryEv
instrumenter::VERBO: [Instrumenter - BB] Instrumenting the function: _ZNK10ap_privateILi17ELb0ELb1EE7get_VALEv
instrumenter::VERBO: [Instrumenter - BB] Instrumenting the function: _ZN10ap_privateILi17ELb0ELb1EE15clearUnusedBitsEv
instrumenter::VERBO: [Instrumenter - BB] Instrumenting the function: _ZN10ap_privateILi17ELb0ELb1EEC1Ei
instrumenter::VERBO: [Instrumenter - BB] Instrumenting the function: _ZN10ap_privateILi17ELb1ELb1EEixEi
instrumenter::VERBO: [Instrumenter - BB] Instrumenting the function: _ZNK16_private_bit_refILi17ELb1EEcvbEv
instrumenter::VERBO: [Instrumenter - BB] Instrumenting the function: _ZN10ap_privateILi17ELb0ELb1EE3setEj
instrumenter::VERBO: [Instrumenter - BB] Instrumenting the function: _ZN10ap_privateILi17ELb0ELb1EEaSILi17ELb1EEERS0_RKS_IXT_EXT0_EXleT_Li64EEE
instrumenter::VERBO: [Instrumenter - BB] Instrumenting the function: _ZrSILi17ELb0EER10ap_privateIXT_EXT0_EXleT_Li64EEES2_i
instrumenter::VERBO: [Instrumenter - BB] Instrumenting the function: _ZN10ap_privateILi17ELb0ELb1EEaNEy
instrumenter::VERBO: [Instrumenter - BB] Instrumenting the function: _ZNK10ap_privateILi17ELb0ELb1EErsEi
instrumenter::VERBO: [Instrumenter - BB] Instrumenting the function: _ZNK10ap_privateILi17ELb0ELb1EE10isNegativeEv
instrumenter::VERBO: [Instrumenter - BB] Instrumenting the function: _ZNK10ap_privateILi17ELb0ELb1EE4lshrEj
instrumenter::VERBO: [Instrumenter - BB] Instrumenting the function: _ZN10ap_privateILi17ELb0ELb1EEC1Ey
instrumenter::VERBO: [Instrumenter - BB] Instrumenting the function: _ZN10ap_privateILi17ELb0ELb1EEC2Ey
instrumenter::VERBO: [Instrumenter - BB] Instrumenting the function: _ZN16_private_bit_refILi17ELb1EEC1ER10ap_privateILi17ELb1ELb1EEi
instrumenter::VERBO: [Instrumenter - BB] Instrumenting the function: _ZN16_private_bit_refILi17ELb1EEC2ER10ap_privateILi17ELb1ELb1EEi
instrumenter::VERBO: [Instrumenter - BB] Instrumenting the function: _ZN10ap_privateILi17ELb0ELb1EEC2Ei
instrumenter::VERBO: [Instrumenter - BB] Instrumenting the function: _ZN18_private_range_refILi17ELb1EEC1EP10ap_privateILi17ELb1ELb1EEii
instrumenter::VERBO: [Instrumenter - BB] Instrumenting the function: _ZN18_private_range_refILi17ELb1EEC2EP10ap_privateILi17ELb1ELb1EEii
instrumenter::VERBO: [Instrumenter - BB] Instrumenting the function: _ZN11ap_int_baseILi5ELb0EEC2Ev
instrumenter::VERBO: [Instrumenter - BB] Instrumenting the function: _ZN12ssdm_int_simILi5ELb0EEC2Ev
instrumenter::VERBO: [Instrumenter - BB] Instrumenting the function: _ZN10ap_privateILi5ELb0ELb1EEC1Ev
instrumenter::VERBO: [Instrumenter - BB] Instrumenting the function: _ZN10ap_privateILi5ELb0ELb1EEC2Ev
instrumenter::VERBO: [Instrumenter - BB] Instrumenting the function: _ZNK13ap_fixed_baseILi18ELi6ELb1EL9ap_q_mode5EL9ap_o_mode3ELi0EEntEv
instrumenter::VERBO: [Instrumenter - BB] Instrumenting the function: _ZN10ap_privateILi17ELb1ELb1EEaSEi
instrumenter::VERBO: [Instrumenter - BB] Instrumenting the function: _ZNK10ap_privateILi18ELb1ELb1EE7get_bitEi
instrumenter::VERBO: [Instrumenter - BB] Instrumenting the function: _ZN10ap_privateILi17ELb1ELb1EEaSILi18ELb1EEERS0_RKS_IXT_EXT0_EXleT_Li64EEE
instrumenter::VERBO: [Instrumenter - BB] Instrumenting the function: _ZNK10ap_privateILi18ELb1ELb1EE15get_cleared_VALEv
instrumenter::VERBO: [Instrumenter - BB] Instrumenting the function: _ZN10ap_privateILi17ELb1ELb1EE10set_canaryEv
instrumenter::VERBO: [Instrumenter - BB] Instrumenting the function: _ZN10ap_privateILi17ELb1ELb1EE12check_canaryEv
instrumenter::VERBO: [Instrumenter - BB] Instrumenting the function: _ZeqILi18ELb1EEbRK10ap_privateIXT_EXT0_EXleT_Li64EEEm
instrumenter::VERBO: [Instrumenter - BB] Instrumenting the function: _ZNK10ap_privateILi18ELb1ELb1EEeqILi32ELb0EEEbRKS_IXT_EXT0_EXleT_Li64EEE
instrumenter::VERBO: [Instrumenter - BB] Instrumenting the function: _ZN10ap_privateILi18ELb1ELb1EE15clearUnusedBitsEv
instrumenter::VERBO: [Instrumenter - BB] Instrumenting the function: _ZN10ap_privateILi32ELb0ELb1EEC1ILi18ELb1ELb1EEERKS_IXT_EXT0_EXT1_EE
instrumenter::VERBO: [Instrumenter - BB] Instrumenting the function: _ZN10ap_privateILi32ELb0ELb1EEC2ILi18ELb1ELb1EEERKS_IXT_EXT0_EXT1_EE
instrumenter::VERBO: [Instrumenter - BB] Instrumenting the function: _ZNK10ap_privateILi18ELb1ELb1EE7get_VALEv
instrumenter::VERBO: [Instrumenter - BB] Instrumenting the function: _ZN13ap_fixed_baseILi18ELi6ELb1EL9ap_q_mode5EL9ap_o_mode3ELi0EEC1ILi17ELi5ELb1ELS0_5ELS1_3ELi0EEERKS_IXT_EXT0_EXT1_EXT2_EXT3_EXT4_EE
instrumenter::VERBO: [Instrumenter - BB] Instrumenting the function: _ZNK10ap_privateILi18ELb1ELb1EEngEv
instrumenter::VERBO: [Instrumenter - BB] Instrumenting the function: _ZN10ap_privateILi18ELb1ELb1EEaSILi19ELb1EEERS0_RKS_IXT_EXT0_EXleT_Li64EEE
instrumenter::VERBO: [Instrumenter - BB] Instrumenting the function: _ZN8ap_fixedILi18ELi6EL9ap_q_mode5EL9ap_o_mode3ELi0EEC1ILi18ELi6ELb1ELS0_5ELS1_3ELi0EEERK13ap_fixed_baseIXT_EXT0_EXT1_EXT2_EXT3_EXT4_EE
instrumenter::VERBO: [Instrumenter - BB] Instrumenting the function: _ZN8ap_fixedILi18ELi6EL9ap_q_mode5EL9ap_o_mode3ELi0EEC2ILi18ELi6ELb1ELS0_5ELS1_3ELi0EEERK13ap_fixed_baseIXT_EXT0_EXT1_EXT2_EXT3_EXT4_EE
instrumenter::VERBO: [Instrumenter - BB] Instrumenting the function: _ZNK10ap_privateILi19ELb1ELb1EE15get_cleared_VALEv
instrumenter::VERBO: [Instrumenter - BB] Instrumenting the function: _ZN10ap_privateILi1ELb0ELb1EEC1Ei
instrumenter::VERBO: [Instrumenter - BB] Instrumenting the function: _ZNK10ap_privateILi1ELb0ELb1EEmiILi18ELb1EEENS0_5RTypeIXT_EXT0_EE5minusERKS_IXT_EXT0_EXleT_Li64EEE
instrumenter::VERBO: [Instrumenter - BB] Instrumenting the function: _ZNK10ap_privateILi1ELb0ELb1EE15get_cleared_VALEv
instrumenter::VERBO: [Instrumenter - BB] Instrumenting the function: _ZN10ap_privateILi19ELb1ELb1EEC1Ex
instrumenter::VERBO: [Instrumenter - BB] Instrumenting the function: _ZN10ap_privateILi19ELb1ELb1EEC2Ex
instrumenter::VERBO: [Instrumenter - BB] Instrumenting the function: _ZN10ap_privateILi19ELb1ELb1EE10set_canaryEv
instrumenter::VERBO: [Instrumenter - BB] Instrumenting the function: _ZN10ap_privateILi19ELb1ELb1EE15clearUnusedBitsEv
instrumenter::VERBO: [Instrumenter - BB] Instrumenting the function: _ZN10ap_privateILi19ELb1ELb1EE12check_canaryEv
instrumenter::VERBO: [Instrumenter - BB] Instrumenting the function: _ZN10ap_privateILi1ELb0ELb1EEC2Ei
instrumenter::VERBO: [Instrumenter - BB] Instrumenting the function: _ZN10ap_privateILi1ELb0ELb1EE10set_canaryEv
instrumenter::VERBO: [Instrumenter - BB] Instrumenting the function: _ZN10ap_privateILi1ELb0ELb1EE15clearUnusedBitsEv
instrumenter::VERBO: [Instrumenter - BB] Instrumenting the function: _ZN10ap_privateILi1ELb0ELb1EE12check_canaryEv
instrumenter::VERBO: [Instrumenter - BB] Instrumenting the function: _ZN13ap_fixed_baseILi18ELi6ELb1EL9ap_q_mode5EL9ap_o_mode3ELi0EEC2ILi17ELi5ELb1ELS0_5ELS1_3ELi0EEERKS_IXT_EXT0_EXT1_EXT2_EXT3_EXT4_EE
instrumenter::VERBO: [Instrumenter - BB] Instrumenting the function: _ZN10ap_privateILi18ELb1ELb1EEC1ILi17ELb1ELb1EEERKS_IXT_EXT0_EXT1_EE
instrumenter::VERBO: [Instrumenter - BB] Instrumenting the function: _ZN12ssdm_int_simILi18ELb1EEC2E10ap_privateILi18ELb1ELb1EE
instrumenter::VERBO: [Instrumenter - BB] Instrumenting the function: _ZN13ap_fixed_baseILi18ELi6ELb1EL9ap_q_mode5EL9ap_o_mode3ELi0EEaSILi17ELi5ELb1ELS0_5ELS1_3ELi0EEERS2_RKS_IXT_EXT0_EXT1_EXT2_EXT3_EXT4_EE
instrumenter::VERBO: [Instrumenter - BB] Instrumenting the function: _ZN13ap_fixed_baseILi18ELi6ELb1EL9ap_q_mode5EL9ap_o_mode3ELi0EE6reportEv
instrumenter::VERBO: [Instrumenter - BB] Instrumenting the function: _ZN10ap_privateILi18ELb1ELb1EEaSEi
instrumenter::VERBO: [Instrumenter - BB] Instrumenting the function: _ZN10ap_privateILi18ELb1ELb1EEaSILi17ELb1EEERS0_RKS_IXT_EXT0_EXleT_Li64EEE
instrumenter::VERBO: [Instrumenter - BB] Instrumenting the function: _ZN10ap_privateILi18ELb1ELb1EE10set_canaryEv
instrumenter::VERBO: [Instrumenter - BB] Instrumenting the function: _ZN10ap_privateILi18ELb1ELb1EE12check_canaryEv
instrumenter::VERBO: [Instrumenter - BB] Instrumenting the function: _ZN10ap_privateILi18ELb1ELb1EEC2ILi17ELb1ELb1EEERKS_IXT_EXT0_EXT1_EE
instrumenter::VERBO: [Instrumenter - BB] Instrumenting the function: _ZN13ap_fixed_baseILi17ELi5ELb1EL9ap_q_mode5EL9ap_o_mode3ELi0EEC2ILi16ELi4ELb1ELS0_5ELS1_3ELi0EEERKS_IXT_EXT0_EXT1_EXT2_EXT3_EXT4_EE
instrumenter::VERBO: [Instrumenter - BB] Instrumenting the function: _ZN10ap_privateILi17ELb1ELb1EEC1ILi16ELb1ELb1EEERKS_IXT_EXT0_EXT1_EE
instrumenter::VERBO: [Instrumenter - BB] Instrumenting the function: _ZN12ssdm_int_simILi17ELb1EEC2E10ap_privateILi17ELb1ELb1EE
instrumenter::VERBO: [Instrumenter - BB] Instrumenting the function: _ZN13ap_fixed_baseILi17ELi5ELb1EL9ap_q_mode5EL9ap_o_mode3ELi0EEaSILi16ELi4ELb1ELS0_5ELS1_3ELi0EEERS2_RKS_IXT_EXT0_EXT1_EXT2_EXT3_EXT4_EE
instrumenter::VERBO: [Instrumenter - BB] Instrumenting the function: _ZN13ap_fixed_baseILi17ELi5ELb1EL9ap_q_mode5EL9ap_o_mode3ELi0EE6reportEv
instrumenter::VERBO: [Instrumenter - BB] Instrumenting the function: _ZNK13ap_fixed_baseILi16ELi4ELb1EL9ap_q_mode5EL9ap_o_mode3ELi0EEntEv
instrumenter::VERBO: [Instrumenter - BB] Instrumenting the function: _ZNK10ap_privateILi16ELb1ELb1EE7get_bitEi
instrumenter::VERBO: [Instrumenter - BB] Instrumenting the function: _ZN10ap_privateILi17ELb1ELb1EEaSILi16ELb1EEERS0_RKS_IXT_EXT0_EXleT_Li64EEE
instrumenter::VERBO: [Instrumenter - BB] Instrumenting the function: _ZNK10ap_privateILi16ELb1ELb1EE15get_cleared_VALEv
instrumenter::VERBO: [Instrumenter - BB] Instrumenting the function: _ZeqILi16ELb1EEbRK10ap_privateIXT_EXT0_EXleT_Li64EEEm
instrumenter::VERBO: [Instrumenter - BB] Instrumenting the function: _ZNK10ap_privateILi16ELb1ELb1EEeqILi32ELb0EEEbRKS_IXT_EXT0_EXleT_Li64EEE
instrumenter::VERBO: [Instrumenter - BB] Instrumenting the function: _ZN10ap_privateILi16ELb1ELb1EE15clearUnusedBitsEv
instrumenter::VERBO: [Instrumenter - BB] Instrumenting the function: _ZN10ap_privateILi32ELb0ELb1EEC1ILi16ELb1ELb1EEERKS_IXT_EXT0_EXT1_EE
instrumenter::VERBO: [Instrumenter - BB] Instrumenting the function: _ZN10ap_privateILi32ELb0ELb1EEC2ILi16ELb1ELb1EEERKS_IXT_EXT0_EXT1_EE
instrumenter::VERBO: [Instrumenter - BB] Instrumenting the function: _ZNK10ap_privateILi16ELb1ELb1EE7get_VALEv
instrumenter::VERBO: [Instrumenter - BB] Instrumenting the function: _ZN10ap_privateILi17ELb1ELb1EEC2ILi16ELb1ELb1EEERKS_IXT_EXT0_EXT1_EE
instrumenter::VERBO: [Instrumenter - BB] Instrumenting the function: _ZNK10ap_privateILi16ELb1ELb1EEltILi32ELb1EEEbRKS_IXT_EXT0_EXleT_Li64EEE
instrumenter::VERBO: [Instrumenter - BB] Instrumenting the function: _ZN10ap_privateILi33ELb1ELb1EEC1ILi16ELb1ELb1EEERKS_IXT_EXT0_EXT1_EE
instrumenter::VERBO: [Instrumenter - BB] Instrumenting the function: _ZN10ap_privateILi33ELb1ELb1EEC1ILi32ELb1ELb1EEERKS_IXT_EXT0_EXT1_EE
instrumenter::VERBO: [Instrumenter - BB] Instrumenting the function: _ZNK10ap_privateILi33ELb1ELb1EE3sltILi33ELb1EEEbRKS_IXT_EXT0_EXleT_Li64EEE
instrumenter::VERBO: [Instrumenter - BB] Instrumenting the function: _ZN10ap_privateILi33ELb1ELb1EEC2ILi32ELb1ELb1EEERKS_IXT_EXT0_EXT1_EE
instrumenter::VERBO: [Instrumenter - BB] Instrumenting the function: _ZN10ap_privateILi33ELb1ELb1EEC2ILi16ELb1ELb1EEERKS_IXT_EXT0_EXT1_EE
instrumenter::VERBO: [Instrumenter - BB] Instrumenting the function: _ZNSt6vectorI8ap_fixedILi16ELi4EL9ap_q_mode5EL9ap_o_mode3ELi0EESaIS3_EED2Ev
instrumenter::VERBO: [Instrumenter - BB] Instrumenting the function: _ZNSt12_Vector_baseI8ap_fixedILi16ELi4EL9ap_q_mode5EL9ap_o_mode3ELi0EESaIS3_EE19_M_get_Tp_allocatorEv
instrumenter::VERBO: [Instrumenter - BB] Instrumenting the function: _ZSt8_DestroyIP8ap_fixedILi16ELi4EL9ap_q_mode5EL9ap_o_mode3ELi0EES3_EvT_S5_RSaIT0_E
instrumenter::VERBO: [Instrumenter - BB] Instrumenting the function: _ZNSt12_Vector_baseI8ap_fixedILi16ELi4EL9ap_q_mode5EL9ap_o_mode3ELi0EESaIS3_EED2Ev
instrumenter::VERBO: [Instrumenter - BB] Instrumenting the function: _ZNSt12_Vector_baseI8ap_fixedILi16ELi4EL9ap_q_mode5EL9ap_o_mode3ELi0EESaIS3_EE13_M_deallocateEPS3_y
instrumenter::VERBO: [Instrumenter - BB] Instrumenting the function: _ZNSt12_Vector_baseI8ap_fixedILi16ELi4EL9ap_q_mode5EL9ap_o_mode3ELi0EESaIS3_EE12_Vector_implD1Ev
instrumenter::VERBO: [Instrumenter - BB] Instrumenting the function: _ZNSt12_Vector_baseI8ap_fixedILi16ELi4EL9ap_q_mode5EL9ap_o_mode3ELi0EESaIS3_EE12_Vector_implD2Ev
instrumenter::VERBO: [Instrumenter - BB] Instrumenting the function: _ZNSaI8ap_fixedILi16ELi4EL9ap_q_mode5EL9ap_o_mode3ELi0EEED2Ev
instrumenter::VERBO: [Instrumenter - BB] Instrumenting the function: _ZN9__gnu_cxx13new_allocatorI8ap_fixedILi16ELi4EL9ap_q_mode5EL9ap_o_mode3ELi0EEED2Ev
instrumenter::VERBO: [Instrumenter - BB] Instrumenting the function: _ZNSt16allocator_traitsISaI8ap_fixedILi16ELi4EL9ap_q_mode5EL9ap_o_mode3ELi0EEEE10deallocateERS4_PS3_y
instrumenter::VERBO: [Instrumenter - BB] Instrumenting the function: _ZN9__gnu_cxx13new_allocatorI8ap_fixedILi16ELi4EL9ap_q_mode5EL9ap_o_mode3ELi0EEE10deallocateEPS4_y
instrumenter::VERBO: [Instrumenter - BB] Instrumenting the function: _ZdlPv
instrumenter::VERBO: [Instrumenter - BB] Instrumenting the function: _ZSt8_DestroyIP8ap_fixedILi16ELi4EL9ap_q_mode5EL9ap_o_mode3ELi0EEEvT_S5_
instrumenter::VERBO: [Instrumenter - BB] Instrumenting the function: _ZNSt12_Destroy_auxILb1EE9__destroyIP8ap_fixedILi16ELi4EL9ap_q_mode5EL9ap_o_mode3ELi0EEEEvT_S7_
instrumenter::VERBO: [Instrumenter - BB] Instrumenting the function: _ZSt4moveIR8ap_fixedILi16ELi4EL9ap_q_mode5EL9ap_o_mode3ELi0EEEONSt16remove_referenceIT_E4typeEOS6_
instrumenter::VERBO: [Instrumenter - BB] Instrumenting the function: _ZNSt6vectorI8ap_fixedILi16ELi4EL9ap_q_mode5EL9ap_o_mode3ELi0EESaIS3_EE12emplace_backIJS3_EEEvDpOT_
instrumenter::VERBO: [Instrumenter - BB] Instrumenting the function: _ZSt7forwardI8ap_fixedILi16ELi4EL9ap_q_mode5EL9ap_o_mode3ELi0EEEOT_RNSt16remove_referenceIS4_E4typeE
instrumenter::VERBO: [Instrumenter - BB] Instrumenting the function: _ZNSt16allocator_traitsISaI8ap_fixedILi16ELi4EL9ap_q_mode5EL9ap_o_mode3ELi0EEEE9constructIS3_JS3_EEEvRS4_PT_DpOT0_
instrumenter::VERBO: [Instrumenter - BB] Instrumenting the function: _ZNSt6vectorI8ap_fixedILi16ELi4EL9ap_q_mode5EL9ap_o_mode3ELi0EESaIS3_EE3endEv
instrumenter::VERBO: [Instrumenter - BB] Instrumenting the function: _ZNSt6vectorI8ap_fixedILi16ELi4EL9ap_q_mode5EL9ap_o_mode3ELi0EESaIS3_EE17_M_realloc_insertIJS3_EEEvN9__gnu_cxx17__normal_iteratorIPS3_S5_EEDpOT_
instrumenter::VERBO: [Instrumenter - BB] Instrumenting the function: _ZNKSt6vectorI8ap_fixedILi16ELi4EL9ap_q_mode5EL9ap_o_mode3ELi0EESaIS3_EE12_M_check_lenEyPKc
instrumenter::VERBO: [Instrumenter - BB] Instrumenting the function: _ZNSt6vectorI8ap_fixedILi16ELi4EL9ap_q_mode5EL9ap_o_mode3ELi0EESaIS3_EE5beginEv
instrumenter::VERBO: [Instrumenter - BB] Instrumenting the function: _ZN9__gnu_cxxmiIP8ap_fixedILi16ELi4EL9ap_q_mode5EL9ap_o_mode3ELi0EESt6vectorIS4_SaIS4_EEEENS_17__normal_iteratorIT_T0_E15difference_typeERKSC_SF_
instrumenter::VERBO: [Instrumenter - BB] Instrumenting the function: _ZNSt12_Vector_baseI8ap_fixedILi16ELi4EL9ap_q_mode5EL9ap_o_mode3ELi0EESaIS3_EE11_M_allocateEy
instrumenter::VERBO: [Instrumenter - BB] Instrumenting the function: _ZNK9__gnu_cxx17__normal_iteratorIP8ap_fixedILi16ELi4EL9ap_q_mode5EL9ap_o_mode3ELi0EESt6vectorIS4_SaIS4_EEE4baseEv
instrumenter::VERBO: [Instrumenter - BB] Instrumenting the function: _ZNSt6vectorI8ap_fixedILi16ELi4EL9ap_q_mode5EL9ap_o_mode3ELi0EESaIS3_EE11_S_relocateEPS3_S6_S6_RS4_
instrumenter::VERBO: [Instrumenter - BB] Instrumenting the function: _ZNSt6vectorI8ap_fixedILi16ELi4EL9ap_q_mode5EL9ap_o_mode3ELi0EESaIS3_EE14_S_do_relocateEPS3_S6_S6_RS4_St17integral_constantIbLb1EE
instrumenter::VERBO: [Instrumenter - BB] Instrumenting the function: _ZSt12__relocate_aIP8ap_fixedILi16ELi4EL9ap_q_mode5EL9ap_o_mode3ELi0EES4_SaIS3_EET0_T_S7_S6_RT1_
instrumenter::VERBO: [Instrumenter - BB] Instrumenting the function: _ZSt12__niter_baseIP8ap_fixedILi16ELi4EL9ap_q_mode5EL9ap_o_mode3ELi0EEET_S5_
instrumenter::VERBO: [Instrumenter - BB] Instrumenting the function: _ZSt14__relocate_a_1IP8ap_fixedILi16ELi4EL9ap_q_mode5EL9ap_o_mode3ELi0EES4_SaIS3_EET0_T_S7_S6_RT1_
instrumenter::VERBO: [Instrumenter - BB] Instrumenting the function: _ZSt11__addressofI8ap_fixedILi16ELi4EL9ap_q_mode5EL9ap_o_mode3ELi0EEEPT_RS4_
instrumenter::VERBO: [Instrumenter - BB] Instrumenting the function: _ZSt19__relocate_object_aI8ap_fixedILi16ELi4EL9ap_q_mode5EL9ap_o_mode3ELi0EES3_SaIS3_EEvPT_PT0_RT1_
instrumenter::VERBO: [Instrumenter - BB] Instrumenting the function: _ZNSt16allocator_traitsISaI8ap_fixedILi16ELi4EL9ap_q_mode5EL9ap_o_mode3ELi0EEEE7destroyIS3_EEvRS4_PT_
instrumenter::VERBO: [Instrumenter - BB] Instrumenting the function: _ZN9__gnu_cxx13new_allocatorI8ap_fixedILi16ELi4EL9ap_q_mode5EL9ap_o_mode3ELi0EEE7destroyIS4_EEvPT_
instrumenter::VERBO: [Instrumenter - BB] Instrumenting the function: _ZNSt16allocator_traitsISaI8ap_fixedILi16ELi4EL9ap_q_mode5EL9ap_o_mode3ELi0EEEE8allocateERS4_y
instrumenter::VERBO: [Instrumenter - BB] Instrumenting the function: _ZN9__gnu_cxx13new_allocatorI8ap_fixedILi16ELi4EL9ap_q_mode5EL9ap_o_mode3ELi0EEE8allocateEyPKv
instrumenter::VERBO: [Instrumenter - BB] Instrumenting the function: _ZNK9__gnu_cxx13new_allocatorI8ap_fixedILi16ELi4EL9ap_q_mode5EL9ap_o_mode3ELi0EEE8max_sizeEv
instrumenter::VERBO: [Instrumenter - BB] Instrumenting the function: _ZSt17__throw_bad_allocv
instrumenter::VERBO: [Instrumenter - BB] Instrumenting the function: _Znwy
instrumenter::VERBO: [Instrumenter - BB] Instrumenting the function: _ZN9__gnu_cxx17__normal_iteratorIP8ap_fixedILi16ELi4EL9ap_q_mode5EL9ap_o_mode3ELi0EESt6vectorIS4_SaIS4_EEEC1ERKS5_
instrumenter::VERBO: [Instrumenter - BB] Instrumenting the function: _ZN9__gnu_cxx17__normal_iteratorIP8ap_fixedILi16ELi4EL9ap_q_mode5EL9ap_o_mode3ELi0EESt6vectorIS4_SaIS4_EEEC2ERKS5_
instrumenter::VERBO: [Instrumenter - BB] Instrumenting the function: _ZNKSt6vectorI8ap_fixedILi16ELi4EL9ap_q_mode5EL9ap_o_mode3ELi0EESaIS3_EE8max_sizeEv
instrumenter::VERBO: [Instrumenter - BB] Instrumenting the function: _ZSt20__throw_length_errorPKc
instrumenter::VERBO: [Instrumenter - BB] Instrumenting the function: _ZSt3maxIyERKT_S2_S2_
instrumenter::VERBO: [Instrumenter - BB] Instrumenting the function: _ZNKSt12_Vector_baseI8ap_fixedILi16ELi4EL9ap_q_mode5EL9ap_o_mode3ELi0EESaIS3_EE19_M_get_Tp_allocatorEv
instrumenter::VERBO: [Instrumenter - BB] Instrumenting the function: _ZNSt6vectorI8ap_fixedILi16ELi4EL9ap_q_mode5EL9ap_o_mode3ELi0EESaIS3_EE11_S_max_sizeERKS4_
instrumenter::VERBO: [Instrumenter - BB] Instrumenting the function: _ZNSt16allocator_traitsISaI8ap_fixedILi16ELi4EL9ap_q_mode5EL9ap_o_mode3ELi0EEEE8max_sizeERKS4_
instrumenter::VERBO: [Instrumenter - BB] Instrumenting the function: _ZSt3minIyERKT_S2_S2_
instrumenter::VERBO: [Instrumenter - BB] Instrumenting the function: _ZN9__gnu_cxx13new_allocatorI8ap_fixedILi16ELi4EL9ap_q_mode5EL9ap_o_mode3ELi0EEE9constructIS4_JS4_EEEvPT_DpOT0_
instrumenter::VERBO: [Instrumenter - BB] Instrumenting the function: llvm.memset.p0i8.i64
instrumenter::VERBO: [Instrumenter - BB] Instrumenting the function: llvm.fpga.fifo.pop.s_struct.ap_fixeds.p0s_struct.ap_fixeds
instrumenter::VERBO: [Instrumenter - BB] Instrumenting the function: slx_hls_stream_empty
instrumenter::VERBO: [Instrumenter - BB] Instrumenting the function: _ZNSt6vectorI8ap_fixedILi16ELi4EL9ap_q_mode5EL9ap_o_mode3ELi0EESaIS3_EEC2Ev
instrumenter::VERBO: [Instrumenter - BB] Instrumenting the function: _ZNSt12_Vector_baseI8ap_fixedILi16ELi4EL9ap_q_mode5EL9ap_o_mode3ELi0EESaIS3_EEC2Ev
instrumenter::VERBO: [Instrumenter - BB] Instrumenting the function: _ZNSt12_Vector_baseI8ap_fixedILi16ELi4EL9ap_q_mode5EL9ap_o_mode3ELi0EESaIS3_EE12_Vector_implC1Ev
instrumenter::VERBO: [Instrumenter - BB] Instrumenting the function: _ZNSt12_Vector_baseI8ap_fixedILi16ELi4EL9ap_q_mode5EL9ap_o_mode3ELi0EESaIS3_EE12_Vector_implC2Ev
instrumenter::VERBO: [Instrumenter - BB] Instrumenting the function: _ZNSaI8ap_fixedILi16ELi4EL9ap_q_mode5EL9ap_o_mode3ELi0EEEC2Ev
instrumenter::VERBO: [Instrumenter - BB] Instrumenting the function: _ZNSt12_Vector_baseI8ap_fixedILi16ELi4EL9ap_q_mode5EL9ap_o_mode3ELi0EESaIS3_EE17_Vector_impl_dataC2Ev
instrumenter::VERBO: [Instrumenter - BB] Instrumenting the function: _ZN9__gnu_cxx13new_allocatorI8ap_fixedILi16ELi4EL9ap_q_mode5EL9ap_o_mode3ELi0EEEC2Ev
instrumenter::VERBO: [Instrumenter - BB] Instrumenting the function: llvm.fpga.fifo.push.s_struct.ap_uints.p0s_struct.ap_uints
instrumenter::VERBO: [Instrumenter - BB] Instrumenting the function: _ZN7ap_uintILi48EEC1Ei
instrumenter::VERBO: [Instrumenter - BB] Instrumenting the function: _ZN11ap_int_baseILi48ELb0EE5rangeEii
instrumenter::VERBO: [Instrumenter - BB] Instrumenting the function: _ZN12ap_range_refILi48ELb0EEaSILi16ELb0EEERS0_RK11ap_int_baseIXT_EXT0_EE
instrumenter::VERBO: [Instrumenter - BB] Instrumenting the function: _ZN11ap_int_baseILi48ELb0EEC1ILi16ELb0EEERKS_IXT_EXT0_EE
instrumenter::VERBO: [Instrumenter - BB] Instrumenting the function: _Z21_AP_ROOT_op_set_rangeI10ap_privateILi48ELb0ELb1EEiiS1_ERT_S3_RKT0_RKT1_RKT2_
instrumenter::VERBO: [Instrumenter - BB] Instrumenting the function: _ZN10ap_privateILi48ELb0ELb1EEaSERKS0_
instrumenter::VERBO: [Instrumenter - BB] Instrumenting the function: _ZNK10ap_privateILi48ELb0ELb1EE7get_VALEv
instrumenter::VERBO: [Instrumenter - BB] Instrumenting the function: _ZN10ap_privateILi48ELb0ELb1EE15clearUnusedBitsEv
instrumenter::VERBO: [Instrumenter - BB] Instrumenting the function: _ZN10ap_privateILi48ELb0ELb1EE5rangeEii
instrumenter::VERBO: [Instrumenter - BB] Instrumenting the function: _ZN18_private_range_refILi48ELb0EEaSILi48ELb0EEERS0_RK10ap_privateIXT_EXT0_EXleT_Li64EEE
instrumenter::VERBO: [Instrumenter - BB] Instrumenting the function: _ZN10ap_privateILi48ELb0ELb1EEixEi
instrumenter::VERBO: [Instrumenter - BB] Instrumenting the function: _ZNK16_private_bit_refILi48ELb0EEcvbEv
instrumenter::VERBO: [Instrumenter - BB] Instrumenting the function: _ZN10ap_privateILi48ELb0ELb1EE3setEj
instrumenter::VERBO: [Instrumenter - BB] Instrumenting the function: _ZN10ap_privateILi48ELb0ELb1EE5clearEj
instrumenter::VERBO: [Instrumenter - BB] Instrumenting the function: _ZNK10ap_privateILi48ELb0ELb1EElsEi
instrumenter::VERBO: [Instrumenter - BB] Instrumenting the function: _ZanILi48ELb0EEN10ap_privateILi64ELb0ELb1EE5RTypeIXT_EXT0_EE5logicEyRKS0_IXT_EXT0_EXleT_Li64EEE
instrumenter::VERBO: [Instrumenter - BB] Instrumenting the function: _ZN10ap_privateILi48ELb0ELb1EEaSILi64ELb0EEERS0_RKS_IXT_EXT0_EXleT_Li64EEE
instrumenter::VERBO: [Instrumenter - BB] Instrumenting the function: _ZN10ap_privateILi48ELb0ELb1EEaNEy
instrumenter::VERBO: [Instrumenter - BB] Instrumenting the function: _ZN10ap_privateILi48ELb0ELb1EEoRILi48ELb0EEERS0_RKS_IXT_EXT0_EXleT_Li64EEE
instrumenter::VERBO: [Instrumenter - BB] Instrumenting the function: _ZNK10ap_privateILi64ELb0ELb1EE15get_cleared_VALEv
instrumenter::VERBO: [Instrumenter - BB] Instrumenting the function: _ZN10ap_privateILi64ELb0ELb1EEC1Ey
instrumenter::VERBO: [Instrumenter - BB] Instrumenting the function: _ZNK10ap_privateILi64ELb0ELb1EEanILi48ELb0EEENS0_5RTypeIXT_EXT0_EE5logicERKS_IXT_EXT0_EXleT_Li64EEE
instrumenter::VERBO: [Instrumenter - BB] Instrumenting the function: _ZNK10ap_privateILi48ELb0ELb1EE15get_cleared_VALEv
instrumenter::VERBO: [Instrumenter - BB] Instrumenting the function: _ZN10ap_privateILi64ELb0ELb1EEC2Ey
instrumenter::VERBO: [Instrumenter - BB] Instrumenting the function: _ZN10ap_privateILi64ELb0ELb1EE10set_canaryEv
instrumenter::VERBO: [Instrumenter - BB] Instrumenting the function: _ZN10ap_privateILi64ELb0ELb1EE15clearUnusedBitsEv
instrumenter::VERBO: [Instrumenter - BB] Instrumenting the function: _ZN10ap_privateILi64ELb0ELb1EE12check_canaryEv
instrumenter::VERBO: [Instrumenter - BB] Instrumenting the function: _ZN10ap_privateILi48ELb0ELb1EEC1Ei
instrumenter::VERBO: [Instrumenter - BB] Instrumenting the function: _ZNK10ap_privateILi48ELb0ELb1EE3shlEj
instrumenter::VERBO: [Instrumenter - BB] Instrumenting the function: _ZNK10ap_privateILi48ELb0ELb1EE10isNegativeEv
instrumenter::VERBO: [Instrumenter - BB] Instrumenting the function: _ZN10ap_privateILi48ELb0ELb1EEC1Ey
instrumenter::VERBO: [Instrumenter - BB] Instrumenting the function: _ZN10ap_privateILi48ELb0ELb1EEC2Ey
instrumenter::VERBO: [Instrumenter - BB] Instrumenting the function: _ZN10ap_privateILi48ELb0ELb1EE10set_canaryEv
instrumenter::VERBO: [Instrumenter - BB] Instrumenting the function: _ZN10ap_privateILi48ELb0ELb1EE12check_canaryEv
instrumenter::VERBO: [Instrumenter - BB] Instrumenting the function: _ZN10ap_privateILi48ELb0ELb1EEC2Ei
instrumenter::VERBO: [Instrumenter - BB] Instrumenting the function: _ZNK10ap_privateILi48ELb0ELb1EE7get_bitEi
instrumenter::VERBO: [Instrumenter - BB] Instrumenting the function: _ZN16_private_bit_refILi48ELb0EEC1ER10ap_privateILi48ELb0ELb1EEi
instrumenter::VERBO: [Instrumenter - BB] Instrumenting the function: _ZN16_private_bit_refILi48ELb0EEC2ER10ap_privateILi48ELb0ELb1EEi
instrumenter::VERBO: [Instrumenter - BB] Instrumenting the function: _ZN18_private_range_refILi48ELb0EEC1EP10ap_privateILi48ELb0ELb1EEii
instrumenter::VERBO: [Instrumenter - BB] Instrumenting the function: _ZN18_private_range_refILi48ELb0EEC2EP10ap_privateILi48ELb0ELb1EEii
instrumenter::VERBO: [Instrumenter - BB] Instrumenting the function: _ZN11ap_int_baseILi48ELb0EEC2ILi16ELb0EEERKS_IXT_EXT0_EE
instrumenter::VERBO: [Instrumenter - BB] Instrumenting the function: _ZN10ap_privateILi48ELb0ELb1EEC1ILi16ELb0ELb1EEERKS_IXT_EXT0_EXT1_EE
instrumenter::VERBO: [Instrumenter - BB] Instrumenting the function: _ZN12ssdm_int_simILi48ELb0EEC2E10ap_privateILi48ELb0ELb1EE
instrumenter::VERBO: [Instrumenter - BB] Instrumenting the function: _ZN10ap_privateILi48ELb0ELb1EEaSILi16ELb0EEERS0_RKS_IXT_EXT0_EXleT_Li64EEE
instrumenter::VERBO: [Instrumenter - BB] Instrumenting the function: _ZNK10ap_privateILi16ELb0ELb1EE15get_cleared_VALEv
instrumenter::VERBO: [Instrumenter - BB] Instrumenting the function: _ZN10ap_privateILi48ELb0ELb1EEC2ILi16ELb0ELb1EEERKS_IXT_EXT0_EXT1_EE
instrumenter::VERBO: [Instrumenter - BB] Instrumenting the function: _ZNK10ap_privateILi16ELb0ELb1EE7get_VALEv
instrumenter::VERBO: [Instrumenter - BB] Instrumenting the function: abort
instrumenter::VERBO: [Instrumenter - BB] Instrumenting the function: _ZN12ap_range_refILi48ELb0EEC1EP11ap_int_baseILi48ELb0EEii
instrumenter::VERBO: [Instrumenter - BB] Instrumenting the function: _ZN12ap_range_refILi48ELb0EEC2EP11ap_int_baseILi48ELb0EEii
instrumenter::VERBO: [Instrumenter - BB] Instrumenting the function: _ZN7ap_uintILi48EEC2Ei
instrumenter::VERBO: [Instrumenter - BB] Instrumenting the function: _ZN11ap_int_baseILi48ELb0EEC2Ei
instrumenter::VERBO: [Instrumenter - BB] Instrumenting the function: _ZN11ap_int_baseILi48ELb0EE18checkOverflowBaseCIiEEvT_
instrumenter::VERBO: [Instrumenter - BB] Instrumenting the function: _ZN10ap_privateILi48ELb0ELb1EEaSEi
instrumenter::VERBO: [Instrumenter - BB] Instrumenting the function: _ZN13ap_fixed_baseILi16ELi4ELb1EL9ap_q_mode5EL9ap_o_mode3ELi0EEaSERKS2_
instrumenter::VERBO: [Instrumenter - BB] Instrumenting the function: _ZN12ssdm_int_simILi16ELb1EEaSERKS0_
instrumenter::VERBO: [Instrumenter - BB] Instrumenting the function: _ZN10ap_privateILi16ELb1ELb1EEaSERKS0_
instrumenter::VERBO: [Instrumenter - BB] Instrumenting the function: _ZN8ap_fixedILi16ELi4EL9ap_q_mode5EL9ap_o_mode3ELi0EEC2Ei
instrumenter::VERBO: [Instrumenter - BB] Instrumenting the function: _ZN13ap_fixed_baseILi16ELi4ELb1EL9ap_q_mode5EL9ap_o_mode3ELi0EEC2Ei
instrumenter::VERBO: [Instrumenter - BB] Instrumenting the function: _ZN12ssdm_int_simILi16ELb1EEC2Ev
instrumenter::VERBO: [Instrumenter - BB] Instrumenting the function: _ZN13ap_fixed_baseILi16ELi4ELb1EL9ap_q_mode5EL9ap_o_mode3ELi0EEaSILi32ELi32ELb1ELS0_5ELS1_3ELi0EEERS2_RKS_IXT_EXT0_EXT1_EXT2_EXT3_EXT4_EE
instrumenter::VERBO: [Instrumenter - BB] Instrumenting the function: _ZN10ap_privateILi16ELb1ELb1EEaSEi
instrumenter::VERBO: [Instrumenter - BB] Instrumenting the function: _ZN10ap_privateILi16ELb1ELb1EEaSILi32ELb1EEERS0_RKS_IXT_EXT0_EXleT_Li64EEE
instrumenter::VERBO: [Instrumenter - BB] Instrumenting the function: _ZN10ap_privateILi16ELb1ELb1EE10set_canaryEv
instrumenter::VERBO: [Instrumenter - BB] Instrumenting the function: _ZN10ap_privateILi16ELb1ELb1EE12check_canaryEv
instrumenter::VERBO: [Instrumenter - BB] Instrumenting the function: _ZN10ap_privateILi16ELb1ELb1EEC1Ev
instrumenter::VERBO: [Instrumenter - BB] Instrumenting the function: _ZN10ap_privateILi16ELb1ELb1EEC2Ev
instrumenter::VERBO: [Instrumenter - BB] Instrumenting the function: _ZN8ap_fixedILi16ELi4EL9ap_q_mode5EL9ap_o_mode3ELi0EEC2Ev
instrumenter::VERBO: [Instrumenter - BB] Instrumenting the function: _ZN13ap_fixed_baseILi16ELi4ELb1EL9ap_q_mode5EL9ap_o_mode3ELi0EEC2Ev
instrumenter::VERBO: [Instrumenter - BB] Instrumenting the function: _ZN3hls6streamI8ap_fixedILi16ELi4EL9ap_q_mode5EL9ap_o_mode3ELi0EELi0EEC2Ev
instrumenter::VERBO: [Instrumenter - BB] Instrumenting the function: slx_hls_stream_create
instrumenter::VERBO: [Instrumenter - BB] Instrumenting the function: _ZN3hls6streamI7ap_uintILi48EELi0EEC2Ev
instrumenter::VERBO: [Instrumenter - BB] Instrumenting the function: _GLOBAL__sub_I_conv_pool.cpp
instrumenter::VERBO: [Instrumenter - BB] Instrumenting the function: __cxx_global_var_init.2
instrumenter::VERBO: [Instrumenter - BB] Instrumenting the function: __dtor__ZStL8__ioinit.4
instrumenter::VERBO: [Instrumenter - BB] Instrumenting the function: _GLOBAL__sub_I_conv_pool.cpp.6
instrumenter::VERBO: [Instrumenter - BB] Instrumenting the function: __cxx_global_var_init.7
instrumenter::VERBO: [Instrumenter - BB] Instrumenting the function: __dtor__ZStL8__ioinit.9
instrumenter::VERBO: [Instrumenter - BB] Instrumenting the function: cnn_accel
instrumenter::VERBO: [Instrumenter - BB] Instrumenting the function: llvm.sideeffect
instrumenter::VERBO: [Instrumenter - BB] Skipping Function llvm.dbg.label
instrumenter::VERBO: [Instrumenter - BB] Instrumenting the function: _ZL12conv4_engineRK10window3d_tPA3_A3_A3_K8ap_fixedILi16ELi4EL9ap_q_mode5EL9ap_o_mode3ELi0EEPS6_PS5_
instrumenter::VERBO: [Instrumenter - BB] Instrumenting the function: llvm.fpga.fifo.push.s_struct.ap_fixed_bases.p0s_struct.ap_fixed_bases
instrumenter::VERBO: [Instrumenter - BB] Instrumenting the function: llvm.directive.scope.entry
instrumenter::VERBO: [Instrumenter - BB] Instrumenting the function: llvm.directive.scope.exit
instrumenter::VERBO: [Instrumenter - BB] Instrumenting the function: llvm.bitreverse.i48
instrumenter::VERBO: [Instrumenter - BB] Instrumenting the function: llvm.fpga.fifo.pop.s_struct.ap_uint.15s.p0s_struct.ap_uint.15s
instrumenter::VERBO: [Instrumenter - BB] Skipping Function llvm.dbg.value
instrumenter::VERBO: [Instrumenter - Finalize] Adding extra setup and memory access calls
instrumenter::VERBO: [Instrumenter - STD] Instrumenting function _ZdlPv
instrumenter::VERBO: [Instrumenter - STD] Instrumenting function _Znwy
instrumenter::VERBO: [Instrumenter - STD] Instrumenting function slx_hls_stream_blocking_read
instrumenter::VERBO: [Instrumenter - STD] Instrumenting function slx_hls_stream_blocking_write
