parallelismSelector::VERBO: Summary of inputs: 
parallelismSelector::VERBO: Output directory: "C:\Users\ozair\Documents\Code_Drive\Drone\hls_component\cnn_accel\hls\csim\code_analyzer\output"
parallelismSelector::VERBO: spec:0:0: info: Will use basepath at location C:\Users\ozair\Documents\Code_Drive\Drone\hls_component
parallelismSelector::VERBO: FPGA clock frequency is set to 100 MHz
parallelismSelector::VERBO: User-driven complete partitioning settings are disabled
parallelismSelector::VERBO: spec:0:0: info: Will use IR Module file at location C:\Users\ozair\Documents\Code_Drive\Drone\hls_component\cnn_accel\hls\csim\code_analyzer\.internal\instrument\app_0\annotated.bc
parallelismSelector::VERBO: FPGA frequency: 100000000 Hz
parallelismSelector::VERBO: Using FPGA frequency for HLS estimations: 100000000 Hz
parallelismSelector::VERBO: [Model Builder] Extracting logic model object from: C:\Xilinx\2025.1\Vitis\win64\tools\vcxx\data\platform\logic\artix7.logic
parallelismSelector::VERBO: Device characteristics: Area -- (LUTs: 63400, FFs: 126800, DSPs: 240, BRAMs: 270, URAMs: 0)
parallelismSelector::VERBO: Maximum area for the hardware functions: AreaConstraint -- (LUTs: 63400, FFs: 126800, DSPs: 240, BRAMs: 270, URAMs: 0)
parallelismSelector::VERBO: Code Analyzer Id: 1
parallelismSelector::VERBO: Dataflow Hardware Function: cnn_accel
parallelismSelector::VERBO: Adding outline as primary transformation
parallelismSelector::VERBO: RecipeFile: "C:\Users\ozair\Documents\Code_Drive\Drone\hls_component\cnn_accel\hls\csim\code_analyzer\.internal\dataflow\1\recipe.json"
parallelismSelector::VERBO: Applying transformation: (region_outline)
parallelismSelector::VERBO: Applying transformation: (outline)
parallelismSelector::VERBO: Alias Equivalence: (Var <- { Pointees })
                              105 <- {105}
                              106 <- {106}
                              107 <- {107}
                              108 <- {108}
                              109 <- {109}
                              110 <- {110}
                              111 <- {111}
                              112 <- {112}
                              113 <- {113}
                              114 <- {114}
                              115 <- {115}
                              117 <- {105, 187}
                              118 <- {15}
                              123 <- {15}
                              124 <- {106, 188}
                              125 <- {107, 189}
                              126 <- {16}
                              135 <- {16}
                              136 <- {17}
                              146 <- {17}
                              147 <- {108, 190}
                              148 <- {109, 191}
                              149 <- {18}
                              158 <- {18}
                              159 <- {19}
                              169 <- {19}
                              170 <- {20}
                              171 <- {116, 192}
                              175 <- {20}
                              177 <- {110, 194}
                              178 <- {111, 195}
                              179 <- {21}
                              183 <- {21}
                              184 <- {112, 196}
                              185 <- {113, 197}
                              186 <- {114, 198}
                              187 <- {105}
                              188 <- {106}
                              189 <- {107}
                              190 <- {108}
                              191 <- {109}
                              192 <- {116}
                              193 <- {116}
                              194 <- {110}
                              195 <- {111}
                              196 <- {112}
                              197 <- {113}
                              198 <- {114}
                            
parallelismSelector::VERBO: Distributing pragmas of Var:15
parallelismSelector::VERBO: Var:15 receives VariablePartitionReshapePragma PragmaType=ARRAY_PARTITION Type=block factor=2 Dimension=3 Function=227
parallelismSelector::VERBO: Distributing pragmas of Var:16
parallelismSelector::VERBO: Var:16 receives VariablePartitionReshapePragma PragmaType=ARRAY_PARTITION Type=block factor=4 Dimension=3 Function=227
parallelismSelector::VERBO: Distributing pragmas of Var:17
parallelismSelector::VERBO: Var:17 receives VariablePartitionReshapePragma PragmaType=ARRAY_PARTITION Type=block factor=4 Dimension=3 Function=227
parallelismSelector::VERBO: Distributing pragmas of Var:18
parallelismSelector::VERBO: Var:18 receives VariablePartitionReshapePragma PragmaType=ARRAY_PARTITION Type=block factor=4 Dimension=3 Function=227
parallelismSelector::VERBO: Distributing pragmas of Var:19
parallelismSelector::VERBO: Var:19 receives VariablePartitionReshapePragma PragmaType=ARRAY_PARTITION Type=block factor=4 Dimension=3 Function=227
parallelismSelector::WARNG: WARNING: [SIM 211-206] Code Analyzer does not display the impact of the partition pragma for dataflow channels (C:\Users\ozair\Documents\Code_Drive\Drone\hls_files\conv_pool.cpp:102:1)
parallelismSelector::WARNG: WARNING: [SIM 211-206] Code Analyzer does not display the impact of the partition pragma for dataflow channels (C:\Users\ozair\Documents\Code_Drive\Drone\hls_files\conv_pool.cpp:103:1)
parallelismSelector::WARNG: WARNING: [SIM 211-206] Code Analyzer does not display the impact of the partition pragma for dataflow channels (C:\Users\ozair\Documents\Code_Drive\Drone\hls_files\conv_pool.cpp:104:1)
parallelismSelector::WARNG: WARNING: [SIM 211-206] Code Analyzer does not display the impact of the partition pragma for dataflow channels (C:\Users\ozair\Documents\Code_Drive\Drone\hls_files\conv_pool.cpp:105:1)
parallelismSelector::WARNG: WARNING: [SIM 211-206] Code Analyzer does not display the impact of the partition pragma for dataflow channels (C:\Users\ozair\Documents\Code_Drive\Drone\hls_files\conv_pool.cpp:106:1)
parallelismSelector::WARNG: WARNING: [HLS 211-200] Invalid pragma detected: Code Analyzer will not display the impact of 'pipeline' (C:\Users\ozair\Documents\Code_Drive\Drone\hls_files\conv_pool.cpp:268:1) as loop pipeline pragma is only valid if:
                            - All the subloops of the loop to be pipelined can be fully unrolled
                            - All the subloops are perfectly nested in the loop to be pipelined.
parallelismSelector::WARNG: WARNING: [HLS 211-200] C:\Users\ozair\Documents\Code_Drive\Drone\hls_files\conv_pool.cpp:164:1: Ignoring pragma 'unroll' because it conflicts with pragma 'pipeline' (C:\Users\ozair\Documents\Code_Drive\Drone\hls_files\conv_pool.cpp:159:1). Reason: Inner loop cannot be partially unrolled because at least one outer loop has been pipelined
parallelismSelector::WARNG: WARNING: [HLS 211-200] C:\Users\ozair\Documents\Code_Drive\Drone\hls_files\conv_pool.cpp:212:1: Ignoring pragma 'unroll' because it conflicts with pragma 'pipeline' (C:\Users\ozair\Documents\Code_Drive\Drone\hls_files\conv_pool.cpp:207:1). Reason: Inner loop cannot be partially unrolled because at least one outer loop has been pipelined
parallelismSelector::VERBO: No optimization objective set
parallelismSelector::VERBO: Variable Infos:
parallelismSelector::VERBO:     'local_img' C:/Users/ozair/Documents/Code_Drive/Drone/hls_component\../hls_files/conv_pool.cpp:92:0 VariableId 15
                                  ElementBitsize=32
                                  IsHlsStream=no
                                  FunctionId= 227
                                  IsArray=yes
                                  IsValidArray=yes
                                  IsArgument=no
                                  Elements=[ 240,  320,  3 ]
                                  HasInsertionLoc=yes
                                  IsFromSystemFunction=no
parallelismSelector::VERBO:     'feat1' C:/Users/ozair/Documents/Code_Drive/Drone/hls_component\../hls_files/conv_pool.cpp:93:0 VariableId 16
                                  ElementBitsize=32
                                  IsHlsStream=no
                                  FunctionId= 227
                                  IsArray=yes
                                  IsValidArray=yes
                                  IsArgument=no
                                  Elements=[ 238,  318,  8 ]
                                  HasInsertionLoc=yes
                                  IsFromSystemFunction=no
parallelismSelector::VERBO:     'feat1_p' C:/Users/ozair/Documents/Code_Drive/Drone/hls_component\../hls_files/conv_pool.cpp:94:0 VariableId 17
                                  ElementBitsize=32
                                  IsHlsStream=no
                                  FunctionId= 227
                                  IsArray=yes
                                  IsValidArray=yes
                                  IsArgument=no
                                  Elements=[ 119,  159,  8 ]
                                  HasInsertionLoc=yes
                                  IsFromSystemFunction=no
parallelismSelector::VERBO:     'feat2' C:/Users/ozair/Documents/Code_Drive/Drone/hls_component\../hls_files/conv_pool.cpp:95:0 VariableId 18
                                  ElementBitsize=32
                                  IsHlsStream=no
                                  FunctionId= 227
                                  IsArray=yes
                                  IsValidArray=yes
                                  IsArgument=no
                                  Elements=[ 117,  157,  16 ]
                                  HasInsertionLoc=yes
                                  IsFromSystemFunction=no
parallelismSelector::VERBO:     'feat2_p' C:/Users/ozair/Documents/Code_Drive/Drone/hls_component\../hls_files/conv_pool.cpp:96:0 VariableId 19
                                  ElementBitsize=32
                                  IsHlsStream=no
                                  FunctionId= 227
                                  IsArray=yes
                                  IsValidArray=yes
                                  IsArgument=no
                                  Elements=[ 58,  78,  16 ]
                                  HasInsertionLoc=yes
                                  IsFromSystemFunction=no
parallelismSelector::VERBO:     'vec1' C:/Users/ozair/Documents/Code_Drive/Drone/hls_component\../hls_files/conv_pool.cpp:97:0 VariableId 20
                                  ElementBitsize=32
                                  IsHlsStream=no
                                  FunctionId= 227
                                  IsArray=yes
                                  IsValidArray=yes
                                  IsArgument=no
                                  Elements=[ 72384 ]
                                  HasInsertionLoc=yes
                                  IsFromSystemFunction=no
parallelismSelector::VERBO:     'vec2' C:/Users/ozair/Documents/Code_Drive/Drone/hls_component\../hls_files/conv_pool.cpp:98:0 VariableId 21
                                  ElementBitsize=32
                                  IsHlsStream=no
                                  FunctionId= 227
                                  IsArray=yes
                                  IsValidArray=yes
                                  IsArgument=no
                                  Elements=[ 32 ]
                                  HasInsertionLoc=yes
                                  IsFromSystemFunction=no
parallelismSelector::VERBO:     'img_in' C:/Users/ozair/Documents/Code_Drive/Drone/hls_component\../hls_files/conv_pool.cpp:54:0 VariableId 105
                                  ElementBitsize=32
                                  IsHlsStream=no
                                  FunctionId= 227
                                  IsArray=no
                                  IsValidArray=no
                                  IsArgument=yes
                                  Elements=[-- ]
                                  HasInsertionLoc=yes
                                  IsFromSystemFunction=no
parallelismSelector::VERBO:     'weights1' C:/Users/ozair/Documents/Code_Drive/Drone/hls_component\../hls_files/conv_pool.cpp:55:0 VariableId 106
                                  ElementBitsize=32
                                  IsHlsStream=no
                                  FunctionId= 227
                                  IsArray=no
                                  IsValidArray=no
                                  IsArgument=yes
                                  Elements=[-- ]
                                  HasInsertionLoc=yes
                                  IsFromSystemFunction=no
parallelismSelector::VERBO:     'bias1' C:/Users/ozair/Documents/Code_Drive/Drone/hls_component\../hls_files/conv_pool.cpp:56:0 VariableId 107
                                  ElementBitsize=32
                                  IsHlsStream=no
                                  FunctionId= 227
                                  IsArray=no
                                  IsValidArray=no
                                  IsArgument=yes
                                  Elements=[-- ]
                                  HasInsertionLoc=yes
                                  IsFromSystemFunction=no
parallelismSelector::VERBO:     'weights2' C:/Users/ozair/Documents/Code_Drive/Drone/hls_component\../hls_files/conv_pool.cpp:57:0 VariableId 108
                                  ElementBitsize=32
                                  IsHlsStream=no
                                  FunctionId= 227
                                  IsArray=no
                                  IsValidArray=no
                                  IsArgument=yes
                                  Elements=[-- ]
                                  HasInsertionLoc=yes
                                  IsFromSystemFunction=no
parallelismSelector::VERBO:     'bias2' C:/Users/ozair/Documents/Code_Drive/Drone/hls_component\../hls_files/conv_pool.cpp:58:0 VariableId 109
                                  ElementBitsize=32
                                  IsHlsStream=no
                                  FunctionId= 227
                                  IsArray=no
                                  IsValidArray=no
                                  IsArgument=yes
                                  Elements=[-- ]
                                  HasInsertionLoc=yes
                                  IsFromSystemFunction=no
parallelismSelector::VERBO:     'FC1_W' C:/Users/ozair/Documents/Code_Drive/Drone/hls_component\../hls_files/conv_pool.cpp:59:0 VariableId 110
                                  ElementBitsize=32
                                  IsHlsStream=no
                                  FunctionId= 227
                                  IsArray=no
                                  IsValidArray=no
                                  IsArgument=yes
                                  Elements=[-- ]
                                  HasInsertionLoc=yes
                                  IsFromSystemFunction=no
parallelismSelector::VERBO:     'FC1_B' C:/Users/ozair/Documents/Code_Drive/Drone/hls_component\../hls_files/conv_pool.cpp:60:0 VariableId 111
                                  ElementBitsize=32
                                  IsHlsStream=no
                                  FunctionId= 227
                                  IsArray=no
                                  IsValidArray=no
                                  IsArgument=yes
                                  Elements=[-- ]
                                  HasInsertionLoc=yes
                                  IsFromSystemFunction=no
parallelismSelector::VERBO:     'FC2_W' C:/Users/ozair/Documents/Code_Drive/Drone/hls_component\../hls_files/conv_pool.cpp:61:0 VariableId 112
                                  ElementBitsize=32
                                  IsHlsStream=no
                                  FunctionId= 227
                                  IsArray=no
                                  IsValidArray=no
                                  IsArgument=yes
                                  Elements=[-- ]
                                  HasInsertionLoc=yes
                                  IsFromSystemFunction=no
parallelismSelector::VERBO:     'FC2_B' C:/Users/ozair/Documents/Code_Drive/Drone/hls_component\../hls_files/conv_pool.cpp:62:0 VariableId 113
                                  ElementBitsize=32
                                  IsHlsStream=no
                                  FunctionId= 227
                                  IsArray=no
                                  IsValidArray=no
                                  IsArgument=yes
                                  Elements=[-- ]
                                  HasInsertionLoc=yes
                                  IsFromSystemFunction=no
parallelismSelector::VERBO:     'flag_out' C:/Users/ozair/Documents/Code_Drive/Drone/hls_component\../hls_files/conv_pool.cpp:63:0 VariableId 114
                                  ElementBitsize=8
                                  IsHlsStream=no
                                  FunctionId= 227
                                  IsArray=no
                                  IsValidArray=no
                                  IsArgument=yes
                                  Elements=[-- ]
                                  HasInsertionLoc=yes
                                  IsFromSystemFunction=no
parallelismSelector::VERBO:     'ctrl' C:/Users/ozair/Documents/Code_Drive/Drone/hls_component\../hls_files/conv_pool.cpp:65:0 VariableId 115
                                  ElementBitsize=32
                                  IsHlsStream=no
                                  FunctionId= 227
                                  IsArray=no
                                  IsValidArray=no
                                  IsArgument=yes
                                  Elements=[ ]
                                  HasInsertionLoc=yes
                                  IsFromSystemFunction=no
parallelismSelector::VERBO:     'cnt' C:/Users/ozair/Documents/Code_Drive/Drone/hls_component\../hls_files/conv_pool.cpp:99:0 VariableId 116
                                  ElementBitsize=32
                                  IsHlsStream=no
                                  FunctionId= 227
                                  IsArray=no
                                  IsValidArray=no
                                  IsArgument=no
                                  Elements=[ ]
                                  HasInsertionLoc=yes
                                  IsFromSystemFunction=no
parallelismSelector::VERBO:     'img_in' C:/Users/ozair/Documents/Code_Drive/Drone/hls_component\../hls_files/conv_pool.cpp:138:0 VariableId 117
                                  ElementBitsize=32
                                  IsHlsStream=no
                                  FunctionId= 228
                                  IsArray=no
                                  IsValidArray=no
                                  IsArgument=yes
                                  Elements=[-- ]
                                  HasInsertionLoc=yes
                                  IsFromSystemFunction=no
parallelismSelector::VERBO:     'local_img' unknown:0:0 VariableId 118
                                  ElementBitsize=32
                                  IsHlsStream=no
                                  FunctionId= 228
                                  IsArray=yes
                                  IsValidArray=yes
                                  IsArgument=yes
                                  Elements=[ 240,  320,  3 ]
                                  HasInsertionLoc=yes
                                  IsFromSystemFunction=no
parallelismSelector::VERBO:     'local_img' unknown:0:0 VariableId 123
                                  ElementBitsize=32
                                  IsHlsStream=no
                                  FunctionId= 229
                                  IsArray=yes
                                  IsValidArray=yes
                                  IsArgument=yes
                                  Elements=[ 240,  320,  3 ]
                                  HasInsertionLoc=yes
                                  IsFromSystemFunction=no
parallelismSelector::VERBO:     'weights1' C:/Users/ozair/Documents/Code_Drive/Drone/hls_component\../hls_files/conv_pool.cpp:153:0 VariableId 124
                                  ElementBitsize=32
                                  IsHlsStream=no
                                  FunctionId= 229
                                  IsArray=no
                                  IsValidArray=no
                                  IsArgument=yes
                                  Elements=[-- ]
                                  HasInsertionLoc=yes
                                  IsFromSystemFunction=no
parallelismSelector::VERBO:     'bias1' C:/Users/ozair/Documents/Code_Drive/Drone/hls_component\../hls_files/conv_pool.cpp:153:0 VariableId 125
                                  ElementBitsize=32
                                  IsHlsStream=no
                                  FunctionId= 229
                                  IsArray=no
                                  IsValidArray=no
                                  IsArgument=yes
                                  Elements=[-- ]
                                  HasInsertionLoc=yes
                                  IsFromSystemFunction=no
parallelismSelector::VERBO:     'feat1' unknown:0:0 VariableId 126
                                  ElementBitsize=32
                                  IsHlsStream=no
                                  FunctionId= 229
                                  IsArray=yes
                                  IsValidArray=yes
                                  IsArgument=yes
                                  Elements=[ 238,  318,  8 ]
                                  HasInsertionLoc=yes
                                  IsFromSystemFunction=no
parallelismSelector::VERBO:     'feat1' unknown:0:0 VariableId 135
                                  ElementBitsize=32
                                  IsHlsStream=no
                                  FunctionId= 230
                                  IsArray=yes
                                  IsValidArray=yes
                                  IsArgument=yes
                                  Elements=[ 238,  318,  8 ]
                                  HasInsertionLoc=yes
                                  IsFromSystemFunction=no
parallelismSelector::VERBO:     'feat1_p' unknown:0:0 VariableId 136
                                  ElementBitsize=32
                                  IsHlsStream=no
                                  FunctionId= 230
                                  IsArray=yes
                                  IsValidArray=yes
                                  IsArgument=yes
                                  Elements=[ 119,  159,  8 ]
                                  HasInsertionLoc=yes
                                  IsFromSystemFunction=no
parallelismSelector::VERBO:     'feat1_p' unknown:0:0 VariableId 146
                                  ElementBitsize=32
                                  IsHlsStream=no
                                  FunctionId= 231
                                  IsArray=yes
                                  IsValidArray=yes
                                  IsArgument=yes
                                  Elements=[ 119,  159,  8 ]
                                  HasInsertionLoc=yes
                                  IsFromSystemFunction=no
parallelismSelector::VERBO:     'weights2' C:/Users/ozair/Documents/Code_Drive/Drone/hls_component\../hls_files/conv_pool.cpp:201:0 VariableId 147
                                  ElementBitsize=32
                                  IsHlsStream=no
                                  FunctionId= 231
                                  IsArray=no
                                  IsValidArray=no
                                  IsArgument=yes
                                  Elements=[-- ]
                                  HasInsertionLoc=yes
                                  IsFromSystemFunction=no
parallelismSelector::VERBO:     'bias2' C:/Users/ozair/Documents/Code_Drive/Drone/hls_component\../hls_files/conv_pool.cpp:201:0 VariableId 148
                                  ElementBitsize=32
                                  IsHlsStream=no
                                  FunctionId= 231
                                  IsArray=no
                                  IsValidArray=no
                                  IsArgument=yes
                                  Elements=[-- ]
                                  HasInsertionLoc=yes
                                  IsFromSystemFunction=no
parallelismSelector::VERBO:     'feat2' unknown:0:0 VariableId 149
                                  ElementBitsize=32
                                  IsHlsStream=no
                                  FunctionId= 231
                                  IsArray=yes
                                  IsValidArray=yes
                                  IsArgument=yes
                                  Elements=[ 117,  157,  16 ]
                                  HasInsertionLoc=yes
                                  IsFromSystemFunction=no
parallelismSelector::VERBO:     'feat2' unknown:0:0 VariableId 158
                                  ElementBitsize=32
                                  IsHlsStream=no
                                  FunctionId= 232
                                  IsArray=yes
                                  IsValidArray=yes
                                  IsArgument=yes
                                  Elements=[ 117,  157,  16 ]
                                  HasInsertionLoc=yes
                                  IsFromSystemFunction=no
parallelismSelector::VERBO:     'feat2_p' unknown:0:0 VariableId 159
                                  ElementBitsize=32
                                  IsHlsStream=no
                                  FunctionId= 232
                                  IsArray=yes
                                  IsValidArray=yes
                                  IsArgument=yes
                                  Elements=[ 58,  78,  16 ]
                                  HasInsertionLoc=yes
                                  IsFromSystemFunction=no
parallelismSelector::VERBO:     'feat2_p' unknown:0:0 VariableId 169
                                  ElementBitsize=32
                                  IsHlsStream=no
                                  FunctionId= 233
                                  IsArray=yes
                                  IsValidArray=yes
                                  IsArgument=yes
                                  Elements=[ 58,  78,  16 ]
                                  HasInsertionLoc=yes
                                  IsFromSystemFunction=no
parallelismSelector::VERBO:     'vec1' unknown:0:0 VariableId 170
                                  ElementBitsize=32
                                  IsHlsStream=no
                                  FunctionId= 233
                                  IsArray=yes
                                  IsValidArray=yes
                                  IsArgument=yes
                                  Elements=[ 72384 ]
                                  HasInsertionLoc=yes
                                  IsFromSystemFunction=no
parallelismSelector::VERBO:     'cnt' C:/Users/ozair/Documents/Code_Drive/Drone/hls_component\../hls_files/conv_pool.cpp:248:0 VariableId 171
                                  ElementBitsize=32
                                  IsHlsStream=no
                                  FunctionId= 233
                                  IsArray=no
                                  IsValidArray=no
                                  IsArgument=yes
                                  Elements=[-- ]
                                  HasInsertionLoc=yes
                                  IsFromSystemFunction=no
parallelismSelector::VERBO:     'vec1' unknown:0:0 VariableId 175
                                  ElementBitsize=32
                                  IsHlsStream=no
                                  FunctionId= 234
                                  IsArray=yes
                                  IsValidArray=yes
                                  IsArgument=yes
                                  Elements=[ 72384 ]
                                  HasInsertionLoc=yes
                                  IsFromSystemFunction=no
parallelismSelector::VERBO:     'cnt' C:/Users/ozair/Documents/Code_Drive/Drone/hls_component\../hls_files/conv_pool.cpp:263:0 VariableId 176
                                  ElementBitsize=32
                                  IsHlsStream=no
                                  FunctionId= 234
                                  IsArray=no
                                  IsValidArray=no
                                  IsArgument=yes
                                  Elements=[ ]
                                  HasInsertionLoc=yes
                                  IsFromSystemFunction=no
parallelismSelector::VERBO:     'FC1_W' C:/Users/ozair/Documents/Code_Drive/Drone/hls_component\../hls_files/conv_pool.cpp:264:0 VariableId 177
                                  ElementBitsize=32
                                  IsHlsStream=no
                                  FunctionId= 234
                                  IsArray=no
                                  IsValidArray=no
                                  IsArgument=yes
                                  Elements=[-- ]
                                  HasInsertionLoc=yes
                                  IsFromSystemFunction=no
parallelismSelector::VERBO:     'FC1_B' C:/Users/ozair/Documents/Code_Drive/Drone/hls_component\../hls_files/conv_pool.cpp:264:0 VariableId 178
                                  ElementBitsize=32
                                  IsHlsStream=no
                                  FunctionId= 234
                                  IsArray=no
                                  IsValidArray=no
                                  IsArgument=yes
                                  Elements=[-- ]
                                  HasInsertionLoc=yes
                                  IsFromSystemFunction=no
parallelismSelector::VERBO:     'vec2' unknown:0:0 VariableId 179
                                  ElementBitsize=32
                                  IsHlsStream=no
                                  FunctionId= 234
                                  IsArray=yes
                                  IsValidArray=yes
                                  IsArgument=yes
                                  Elements=[ 32 ]
                                  HasInsertionLoc=yes
                                  IsFromSystemFunction=no
parallelismSelector::VERBO:     'vec2' unknown:0:0 VariableId 183
                                  ElementBitsize=32
                                  IsHlsStream=no
                                  FunctionId= 235
                                  IsArray=yes
                                  IsValidArray=yes
                                  IsArgument=yes
                                  Elements=[ 32 ]
                                  HasInsertionLoc=yes
                                  IsFromSystemFunction=no
parallelismSelector::VERBO:     'FC2_W' C:/Users/ozair/Documents/Code_Drive/Drone/hls_component\../hls_files/conv_pool.cpp:282:0 VariableId 184
                                  ElementBitsize=32
                                  IsHlsStream=no
                                  FunctionId= 235
                                  IsArray=no
                                  IsValidArray=no
                                  IsArgument=yes
                                  Elements=[-- ]
                                  HasInsertionLoc=yes
                                  IsFromSystemFunction=no
parallelismSelector::VERBO:     'flag_out' C:/Users/ozair/Documents/Code_Drive/Drone/hls_component\../hls_files/conv_pool.cpp:283:0 VariableId 186
                                  ElementBitsize=8
                                  IsHlsStream=no
                                  FunctionId= 235
                                  IsArray=no
                                  IsValidArray=no
                                  IsArgument=yes
                                  Elements=[-- ]
                                  HasInsertionLoc=yes
                                  IsFromSystemFunction=no
parallelismSelector::VERBO:     'img_in' C:/Users/ozair/Documents/Code_Drive/Drone/hls_component\../hls_files/conv_pool.cpp:54:0 VariableId 187
                                  ElementBitsize=32
                                  IsHlsStream=no
                                  FunctionId= 236
                                  IsArray=no
                                  IsValidArray=no
                                  IsArgument=yes
                                  Elements=[-- ]
                                  HasInsertionLoc=yes
                                  IsFromSystemFunction=no
parallelismSelector::VERBO:     'weights1' C:/Users/ozair/Documents/Code_Drive/Drone/hls_component\../hls_files/conv_pool.cpp:55:0 VariableId 188
                                  ElementBitsize=32
                                  IsHlsStream=no
                                  FunctionId= 237
                                  IsArray=no
                                  IsValidArray=no
                                  IsArgument=yes
                                  Elements=[-- ]
                                  HasInsertionLoc=yes
                                  IsFromSystemFunction=no
parallelismSelector::VERBO:     'bias1' C:/Users/ozair/Documents/Code_Drive/Drone/hls_component\../hls_files/conv_pool.cpp:56:0 VariableId 189
                                  ElementBitsize=32
                                  IsHlsStream=no
                                  FunctionId= 237
                                  IsArray=no
                                  IsValidArray=no
                                  IsArgument=yes
                                  Elements=[-- ]
                                  HasInsertionLoc=yes
                                  IsFromSystemFunction=no
parallelismSelector::VERBO:     'weights2' C:/Users/ozair/Documents/Code_Drive/Drone/hls_component\../hls_files/conv_pool.cpp:57:0 VariableId 190
                                  ElementBitsize=32
                                  IsHlsStream=no
                                  FunctionId= 239
                                  IsArray=no
                                  IsValidArray=no
                                  IsArgument=yes
                                  Elements=[-- ]
                                  HasInsertionLoc=yes
                                  IsFromSystemFunction=no
parallelismSelector::VERBO:     'bias2' C:/Users/ozair/Documents/Code_Drive/Drone/hls_component\../hls_files/conv_pool.cpp:58:0 VariableId 191
                                  ElementBitsize=32
                                  IsHlsStream=no
                                  FunctionId= 239
                                  IsArray=no
                                  IsValidArray=no
                                  IsArgument=yes
                                  Elements=[-- ]
                                  HasInsertionLoc=yes
                                  IsFromSystemFunction=no
parallelismSelector::VERBO:     'cnt' C:/Users/ozair/Documents/Code_Drive/Drone/hls_component\../hls_files/conv_pool.cpp:99:0 VariableId 192
                                  ElementBitsize=32
                                  IsHlsStream=no
                                  FunctionId= 241
                                  IsArray=no
                                  IsValidArray=no
                                  IsArgument=yes
                                  Elements=[-- ]
                                  HasInsertionLoc=yes
                                  IsFromSystemFunction=no
parallelismSelector::VERBO:     'FC1_W' C:/Users/ozair/Documents/Code_Drive/Drone/hls_component\../hls_files/conv_pool.cpp:59:0 VariableId 194
                                  ElementBitsize=32
                                  IsHlsStream=no
                                  FunctionId= 242
                                  IsArray=no
                                  IsValidArray=no
                                  IsArgument=yes
                                  Elements=[-- ]
                                  HasInsertionLoc=yes
                                  IsFromSystemFunction=no
parallelismSelector::VERBO:     'FC1_B' C:/Users/ozair/Documents/Code_Drive/Drone/hls_component\../hls_files/conv_pool.cpp:60:0 VariableId 195
                                  ElementBitsize=32
                                  IsHlsStream=no
                                  FunctionId= 242
                                  IsArray=no
                                  IsValidArray=no
                                  IsArgument=yes
                                  Elements=[-- ]
                                  HasInsertionLoc=yes
                                  IsFromSystemFunction=no
parallelismSelector::VERBO:     'FC2_W' C:/Users/ozair/Documents/Code_Drive/Drone/hls_component\../hls_files/conv_pool.cpp:61:0 VariableId 196
                                  ElementBitsize=32
                                  IsHlsStream=no
                                  FunctionId= 243
                                  IsArray=no
                                  IsValidArray=no
                                  IsArgument=yes
                                  Elements=[-- ]
                                  HasInsertionLoc=yes
                                  IsFromSystemFunction=no
parallelismSelector::VERBO:     'flag_out' C:/Users/ozair/Documents/Code_Drive/Drone/hls_component\../hls_files/conv_pool.cpp:63:0 VariableId 198
                                  ElementBitsize=8
                                  IsHlsStream=no
                                  FunctionId= 243
                                  IsArray=no
                                  IsValidArray=no
                                  IsArgument=yes
                                  Elements=[-- ]
                                  HasInsertionLoc=yes
                                  IsFromSystemFunction=no
parallelismSelector::VERBO:     'acc2' C:/Users/ozair/Documents/Code_Drive/Drone/hls_component\../hls_files/conv_pool.cpp:285:0 VariableId 206
                                  ElementBitsize=32
                                  IsHlsStream=no
                                  FunctionId= 235
                                  IsArray=no
                                  IsValidArray=no
                                  IsArgument=yes
                                  Elements=[ ]
                                  HasInsertionLoc=yes
                                  IsFromSystemFunction=no
parallelismSelector::VERBO:     'cnt.val' unknown:0:0 VariableId 210
                                  ElementBitsize=32
                                  IsHlsStream=no
                                  FunctionId= 242
                                  IsArray=no
                                  IsValidArray=no
                                  IsArgument=yes
                                  Elements=[ ]
                                  HasInsertionLoc=yes
                                  IsFromSystemFunction=no
parallelismSelector::VERBO:     'FC2_B.val1' unknown:0:0 VariableId 211
                                  ElementBitsize=32
                                  IsHlsStream=no
                                  FunctionId= 243
                                  IsArray=no
                                  IsValidArray=no
                                  IsArgument=yes
                                  Elements=[ ]
                                  HasInsertionLoc=yes
                                  IsFromSystemFunction=no
parallelismSelector::VERBO: Equivalence table
                             Object with value: 15 is mapped to the object with value: 15
                             Object with value: 16 is mapped to the object with value: 16
                             Object with value: 17 is mapped to the object with value: 17
                             Object with value: 18 is mapped to the object with value: 18
                             Object with value: 19 is mapped to the object with value: 19
                             Object with value: 20 is mapped to the object with value: 20
                             Object with value: 21 is mapped to the object with value: 21
                             Object with value: 118 is mapped to the object with value: 15
                             Object with value: 123 is mapped to the object with value: 15
                             Object with value: 126 is mapped to the object with value: 16
                             Object with value: 135 is mapped to the object with value: 16
                             Object with value: 136 is mapped to the object with value: 17
                             Object with value: 146 is mapped to the object with value: 17
                             Object with value: 149 is mapped to the object with value: 18
                             Object with value: 158 is mapped to the object with value: 18
                             Object with value: 159 is mapped to the object with value: 19
                             Object with value: 169 is mapped to the object with value: 19
                             Object with value: 170 is mapped to the object with value: 20
                             Object with value: 171 is mapped to the object with value: 116
                             Object with value: 175 is mapped to the object with value: 20
                             Object with value: 179 is mapped to the object with value: 21
                             Object with value: 183 is mapped to the object with value: 21
                             Object with value: 192 is mapped to the object with value: 116
                            
parallelismSelector::VERBO: Nesting structure:
                            +- Loop with id 36, Label=LOAD_IMG_ROWS, Trip Count: (Static=240, Dynamic [x1]), [PerfectNest], Loc=C:/Users/ozair/Documents/Code_Drive/Drone/hls_component\../hls_files/conv_pool.cpp:139:20
                               +- Loop with id 37, Label=LOAD_IMG_COLS, Trip Count: (Static=320, Dynamic [x240]), [PerfectNest], Loc=C:/Users/ozair/Documents/Code_Drive/Drone/hls_component\../hls_files/conv_pool.cpp:140:24
                                  +- Loop with id 38, Label=LOAD_IMG_CH, Trip Count: (Static=3, Dynamic [x76800]), Loc=C:/Users/ozair/Documents/Code_Drive/Drone/hls_component\../hls_files/conv_pool.cpp:141:26, Vars=15,117,
                            +- Loop with id 39, Label=CONV1_ROW, Trip Count: (Static=238, Dynamic [x1]), [PerfectNest], Loc=C:/Users/ozair/Documents/Code_Drive/Drone/hls_component\../hls_files/conv_pool.cpp:156:16
                               +- Loop with id 40, Label=CONV1_COL, Trip Count: (Static=318, Dynamic [x238]), [PerfectNest], Loc=C:/Users/ozair/Documents/Code_Drive/Drone/hls_component\../hls_files/conv_pool.cpp:157:20
                                  +- Loop with id 41, Label=CONV1_FIL, Trip Count: (Static=8, Dynamic [x75684]), Loc=C:/Users/ozair/Documents/Code_Drive/Drone/hls_component\../hls_files/conv_pool.cpp:158:24, Vars=16,125,
                                     +- Loop with id 42, Label=CONV1_KR, Trip Count: (Static=3, Dynamic [x605472]), [PerfectNest], [RAW], Loc=C:/Users/ozair/Documents/Code_Drive/Drone/hls_component\../hls_files/conv_pool.cpp:161:27
                                        +- Loop with id 43, Label=CONV1_KC, Trip Count: (Static=3, Dynamic [x1816416]), [PerfectNest], [RAW], Loc=C:/Users/ozair/Documents/Code_Drive/Drone/hls_component\../hls_files/conv_pool.cpp:162:31
                                           +- Loop with id 44, Label=CONV1_CH, Trip Count: (Static=3, Dynamic [x5449248]), [RAW], Loc=C:/Users/ozair/Documents/Code_Drive/Drone/hls_component\../hls_files/conv_pool.cpp:163:35, Vars=15,124,
                            +- Loop with id 45, Label=POOL1_ROW, Trip Count: (Static=119, Dynamic [x1]), [PerfectNest], Loc=C:/Users/ozair/Documents/Code_Drive/Drone/hls_component\../hls_files/conv_pool.cpp:182:16
                               +- Loop with id 46, Label=POOL1_COL, Trip Count: (Static=159, Dynamic [x119]), [PerfectNest], Loc=C:/Users/ozair/Documents/Code_Drive/Drone/hls_component\../hls_files/conv_pool.cpp:183:20
                                  +- Loop with id 47, Label=POOL1_CH, Trip Count: (Static=8, Dynamic [x18921]), Loc=C:/Users/ozair/Documents/Code_Drive/Drone/hls_component\../hls_files/conv_pool.cpp:184:23, Vars=16,17,
                            +- Loop with id 48, Label=CONV2_ROW, Trip Count: (Static=117, Dynamic [x1]), [PerfectNest], Loc=C:/Users/ozair/Documents/Code_Drive/Drone/hls_component\../hls_files/conv_pool.cpp:204:16
                               +- Loop with id 49, Label=CONV2_COL, Trip Count: (Static=157, Dynamic [x117]), [PerfectNest], Loc=C:/Users/ozair/Documents/Code_Drive/Drone/hls_component\../hls_files/conv_pool.cpp:205:20
                                  +- Loop with id 50, Label=CONV2_FIL, Trip Count: (Static=16, Dynamic [x18369]), Loc=C:/Users/ozair/Documents/Code_Drive/Drone/hls_component\../hls_files/conv_pool.cpp:206:24, Vars=18,148,
                                     +- Loop with id 51, Label=CONV2_KR, Trip Count: (Static=3, Dynamic [x293904]), [PerfectNest], [RAW], Loc=C:/Users/ozair/Documents/Code_Drive/Drone/hls_component\../hls_files/conv_pool.cpp:209:27
                                        +- Loop with id 52, Label=CONV2_KC, Trip Count: (Static=3, Dynamic [x881712]), [PerfectNest], [RAW], Loc=C:/Users/ozair/Documents/Code_Drive/Drone/hls_component\../hls_files/conv_pool.cpp:210:31
                                           +- Loop with id 53, Label=CONV2_CH, Trip Count: (Static=8, Dynamic [x2645136]), [RAW], Loc=C:/Users/ozair/Documents/Code_Drive/Drone/hls_component\../hls_files/conv_pool.cpp:211:35, Vars=17,147,
                            +- Loop with id 54, Label=POOL2_ROW, Trip Count: (Static=58, Dynamic [x1]), [PerfectNest], Loc=C:/Users/ozair/Documents/Code_Drive/Drone/hls_component\../hls_files/conv_pool.cpp:229:16
                               +- Loop with id 55, Label=POOL2_COL, Trip Count: (Static=78, Dynamic [x58]), [PerfectNest], Loc=C:/Users/ozair/Documents/Code_Drive/Drone/hls_component\../hls_files/conv_pool.cpp:230:20
                                  +- Loop with id 56, Label=POOL2_CH, Trip Count: (Static=16, Dynamic [x4524]), Loc=C:/Users/ozair/Documents/Code_Drive/Drone/hls_component\../hls_files/conv_pool.cpp:231:23, Vars=18,19,
                            +- Loop with id 57, Label=FLATTEN, Trip Count: (Static=58, Dynamic [x1]), [PerfectNest], [RAW], Loc=C:/Users/ozair/Documents/Code_Drive/Drone/hls_component\../hls_files/conv_pool.cpp:251:14
                               +- Loop with id 58, Trip Count: (Static=78, Dynamic [x58]), [PerfectNest], [RAW], Loc=C:/Users/ozair/Documents/Code_Drive/Drone/hls_component\../hls_files/conv_pool.cpp:252:9
                                  +- Loop with id 59, Trip Count: (Static=16, Dynamic [x4524]), Loc=C:/Users/ozair/Documents/Code_Drive/Drone/hls_component\../hls_files/conv_pool.cpp:253:13, Vars=19,20,
                            +- Loop with id 60, Label=FC1_OUT, Trip Count: (Static=32, Dynamic [x1]), Loc=C:/Users/ozair/Documents/Code_Drive/Drone/hls_component\../hls_files/conv_pool.cpp:267:14, Vars=21,178,
                               +- Loop with id 61, Trip Count: (0<=Static, Dynamic Min/Avg/Max=72384/72384/72384 [x32]), [RAW], Loc=C:/Users/ozair/Documents/Code_Drive/Drone/hls_component\../hls_files/conv_pool.cpp:270:9, Vars=20,177,
                            +- Loop with id 62, Label=FC2_LOOP, Trip Count: (Static=32, Dynamic [x1]), [RAW], Loc=C:/Users/ozair/Documents/Code_Drive/Drone/hls_component\../hls_files/conv_pool.cpp:286:15, Vars=21,184,
                            
parallelismSelector::VERBO: Nesting structure after dynamic trip count update:
                            +- Loop with id 36, Label=LOAD_IMG_ROWS, Trip Count: (Static=240, Dynamic [x1]), [PerfectNest], Loc=C:/Users/ozair/Documents/Code_Drive/Drone/hls_component\../hls_files/conv_pool.cpp:139:20
                               +- Loop with id 37, Label=LOAD_IMG_COLS, Trip Count: (Static=320, Dynamic [x240]), [PerfectNest], Loc=C:/Users/ozair/Documents/Code_Drive/Drone/hls_component\../hls_files/conv_pool.cpp:140:24
                                  +- Loop with id 38, Label=LOAD_IMG_CH, Trip Count: (Static=3, Dynamic [x76800]), Loc=C:/Users/ozair/Documents/Code_Drive/Drone/hls_component\../hls_files/conv_pool.cpp:141:26, Vars=15,117,
                            +- Loop with id 39, Label=CONV1_ROW, Trip Count: (Static=238, Dynamic [x1]), [PerfectNest], Loc=C:/Users/ozair/Documents/Code_Drive/Drone/hls_component\../hls_files/conv_pool.cpp:156:16
                               +- Loop with id 40, Label=CONV1_COL, Trip Count: (Static=318, Dynamic [x238]), [PerfectNest], Loc=C:/Users/ozair/Documents/Code_Drive/Drone/hls_component\../hls_files/conv_pool.cpp:157:20
                                  +- Loop with id 41, Label=CONV1_FIL, Trip Count: (Static=8, Dynamic [x75684]), Loc=C:/Users/ozair/Documents/Code_Drive/Drone/hls_component\../hls_files/conv_pool.cpp:158:24, Vars=16,125,
                                     +- Loop with id 42, Label=CONV1_KR, Trip Count: (Static=3, Dynamic [x605472]), [PerfectNest], [RAW], Loc=C:/Users/ozair/Documents/Code_Drive/Drone/hls_component\../hls_files/conv_pool.cpp:161:27
                                        +- Loop with id 43, Label=CONV1_KC, Trip Count: (Static=3, Dynamic [x1816416]), [PerfectNest], [RAW], Loc=C:/Users/ozair/Documents/Code_Drive/Drone/hls_component\../hls_files/conv_pool.cpp:162:31
                                           +- Loop with id 44, Label=CONV1_CH, Trip Count: (Static=3, Dynamic [x5449248]), [RAW], Loc=C:/Users/ozair/Documents/Code_Drive/Drone/hls_component\../hls_files/conv_pool.cpp:163:35, Vars=15,124,
                            +- Loop with id 45, Label=POOL1_ROW, Trip Count: (Static=119, Dynamic [x1]), [PerfectNest], Loc=C:/Users/ozair/Documents/Code_Drive/Drone/hls_component\../hls_files/conv_pool.cpp:182:16
                               +- Loop with id 46, Label=POOL1_COL, Trip Count: (Static=159, Dynamic [x119]), [PerfectNest], Loc=C:/Users/ozair/Documents/Code_Drive/Drone/hls_component\../hls_files/conv_pool.cpp:183:20
                                  +- Loop with id 47, Label=POOL1_CH, Trip Count: (Static=8, Dynamic [x18921]), Loc=C:/Users/ozair/Documents/Code_Drive/Drone/hls_component\../hls_files/conv_pool.cpp:184:23, Vars=16,17,
                            +- Loop with id 48, Label=CONV2_ROW, Trip Count: (Static=117, Dynamic [x1]), [PerfectNest], Loc=C:/Users/ozair/Documents/Code_Drive/Drone/hls_component\../hls_files/conv_pool.cpp:204:16
                               +- Loop with id 49, Label=CONV2_COL, Trip Count: (Static=157, Dynamic [x117]), [PerfectNest], Loc=C:/Users/ozair/Documents/Code_Drive/Drone/hls_component\../hls_files/conv_pool.cpp:205:20
                                  +- Loop with id 50, Label=CONV2_FIL, Trip Count: (Static=16, Dynamic [x18369]), Loc=C:/Users/ozair/Documents/Code_Drive/Drone/hls_component\../hls_files/conv_pool.cpp:206:24, Vars=18,148,
                                     +- Loop with id 51, Label=CONV2_KR, Trip Count: (Static=3, Dynamic [x293904]), [PerfectNest], [RAW], Loc=C:/Users/ozair/Documents/Code_Drive/Drone/hls_component\../hls_files/conv_pool.cpp:209:27
                                        +- Loop with id 52, Label=CONV2_KC, Trip Count: (Static=3, Dynamic [x881712]), [PerfectNest], [RAW], Loc=C:/Users/ozair/Documents/Code_Drive/Drone/hls_component\../hls_files/conv_pool.cpp:210:31
                                           +- Loop with id 53, Label=CONV2_CH, Trip Count: (Static=8, Dynamic [x2645136]), [RAW], Loc=C:/Users/ozair/Documents/Code_Drive/Drone/hls_component\../hls_files/conv_pool.cpp:211:35, Vars=17,147,
                            +- Loop with id 54, Label=POOL2_ROW, Trip Count: (Static=58, Dynamic [x1]), [PerfectNest], Loc=C:/Users/ozair/Documents/Code_Drive/Drone/hls_component\../hls_files/conv_pool.cpp:229:16
                               +- Loop with id 55, Label=POOL2_COL, Trip Count: (Static=78, Dynamic [x58]), [PerfectNest], Loc=C:/Users/ozair/Documents/Code_Drive/Drone/hls_component\../hls_files/conv_pool.cpp:230:20
                                  +- Loop with id 56, Label=POOL2_CH, Trip Count: (Static=16, Dynamic [x4524]), Loc=C:/Users/ozair/Documents/Code_Drive/Drone/hls_component\../hls_files/conv_pool.cpp:231:23, Vars=18,19,
                            +- Loop with id 57, Label=FLATTEN, Trip Count: (Static=58, Dynamic [x1]), [PerfectNest], [RAW], Loc=C:/Users/ozair/Documents/Code_Drive/Drone/hls_component\../hls_files/conv_pool.cpp:251:14
                               +- Loop with id 58, Trip Count: (Static=78, Dynamic [x58]), [PerfectNest], [RAW], Loc=C:/Users/ozair/Documents/Code_Drive/Drone/hls_component\../hls_files/conv_pool.cpp:252:9
                                  +- Loop with id 59, Trip Count: (Static=16, Dynamic [x4524]), Loc=C:/Users/ozair/Documents/Code_Drive/Drone/hls_component\../hls_files/conv_pool.cpp:253:13, Vars=19,20,
                            +- Loop with id 60, Label=FC1_OUT, Trip Count: (Static=32, Dynamic [x1]), Loc=C:/Users/ozair/Documents/Code_Drive/Drone/hls_component\../hls_files/conv_pool.cpp:267:14, Vars=21,178,
                               +- Loop with id 61, Trip Count: (0<=Static, Dynamic Min/Avg/Max=72384/72384/72384 [x32]), [RAW], Loc=C:/Users/ozair/Documents/Code_Drive/Drone/hls_component\../hls_files/conv_pool.cpp:270:9, Vars=20,177,
                            +- Loop with id 62, Label=FC2_LOOP, Trip Count: (Static=32, Dynamic [x1]), [RAW], Loc=C:/Users/ozair/Documents/Code_Drive/Drone/hls_component\../hls_files/conv_pool.cpp:286:15, Vars=21,184,
                            
parallelismSelector::VERBO: Function 'cnn_accel' not inlined as per top-levels
parallelismSelector::VERBO: Function 'Outline_T3_F227_R2_Call' not inlined as per dataflow task
parallelismSelector::VERBO: Function 'Outline_T4_F227_R3_Call' not inlined as per dataflow task
parallelismSelector::VERBO: Function 'Outline_T5_F227_R4_Call' not inlined as per dataflow task
parallelismSelector::VERBO: Function 'Outline_T6_F227_R5_Call' not inlined as per dataflow task
parallelismSelector::VERBO: Function 'Outline_T7_F227_R6_Call' not inlined as per dataflow task
parallelismSelector::VERBO: Function 'Outline_T8_F227_R7_Call' not inlined as per dataflow task
parallelismSelector::VERBO: Function 'Outline_T9_F227_R8_Call' not inlined as per dataflow task
parallelismSelector::VERBO: Function 'Outline_T10_F227_R9_Call' not inlined as per dataflow task
parallelismSelector::VERBO: Function 'load_img' inlined as per Vitis C++ heuristic
parallelismSelector::VERBO: Function 'conv1' inlined as per Vitis C++ heuristic
parallelismSelector::VERBO: Function 'pool1' inlined as per Vitis C++ heuristic
parallelismSelector::VERBO: Function 'conv2' inlined as per Vitis C++ heuristic
parallelismSelector::VERBO: Function 'pool2' inlined as per Vitis C++ heuristic
parallelismSelector::VERBO: Function 'flatten' inlined as per Vitis C++ heuristic
parallelismSelector::VERBO: Function 'fc1' inlined as per Vitis C++ heuristic
parallelismSelector::VERBO: Function 'fc2' inlined as per Vitis C++ heuristic
parallelismSelector::VERBO: Nesting structure after static trip count upper bound calculation for symbolically bounded loops:
                            +- Loop with id 36, Label=LOAD_IMG_ROWS, Trip Count: (Static=240, Dynamic [x1]), [PerfectNest], Loc=C:/Users/ozair/Documents/Code_Drive/Drone/hls_component\../hls_files/conv_pool.cpp:139:20
                               +- Loop with id 37, Label=LOAD_IMG_COLS, Trip Count: (Static=320, Dynamic [x240]), [PerfectNest], Loc=C:/Users/ozair/Documents/Code_Drive/Drone/hls_component\../hls_files/conv_pool.cpp:140:24
                                  +- Loop with id 38, Label=LOAD_IMG_CH, Trip Count: (Static=3, Dynamic [x76800]), Loc=C:/Users/ozair/Documents/Code_Drive/Drone/hls_component\../hls_files/conv_pool.cpp:141:26, Vars=15,117,
                            +- Loop with id 39, Label=CONV1_ROW, Trip Count: (Static=238, Dynamic [x1]), [PerfectNest], Loc=C:/Users/ozair/Documents/Code_Drive/Drone/hls_component\../hls_files/conv_pool.cpp:156:16
                               +- Loop with id 40, Label=CONV1_COL, Trip Count: (Static=318, Dynamic [x238]), [PerfectNest], Loc=C:/Users/ozair/Documents/Code_Drive/Drone/hls_component\../hls_files/conv_pool.cpp:157:20
                                  +- Loop with id 41, Label=CONV1_FIL, Trip Count: (Static=8, Dynamic [x75684]), Loc=C:/Users/ozair/Documents/Code_Drive/Drone/hls_component\../hls_files/conv_pool.cpp:158:24, Vars=16,125,
                                     +- Loop with id 42, Label=CONV1_KR, Trip Count: (Static=3, Dynamic [x605472]), [PerfectNest], [RAW], Loc=C:/Users/ozair/Documents/Code_Drive/Drone/hls_component\../hls_files/conv_pool.cpp:161:27
                                        +- Loop with id 43, Label=CONV1_KC, Trip Count: (Static=3, Dynamic [x1816416]), [PerfectNest], [RAW], Loc=C:/Users/ozair/Documents/Code_Drive/Drone/hls_component\../hls_files/conv_pool.cpp:162:31
                                           +- Loop with id 44, Label=CONV1_CH, Trip Count: (Static=3, Dynamic [x5449248]), [RAW], Loc=C:/Users/ozair/Documents/Code_Drive/Drone/hls_component\../hls_files/conv_pool.cpp:163:35, Vars=15,124,
                            +- Loop with id 45, Label=POOL1_ROW, Trip Count: (Static=119, Dynamic [x1]), [PerfectNest], Loc=C:/Users/ozair/Documents/Code_Drive/Drone/hls_component\../hls_files/conv_pool.cpp:182:16
                               +- Loop with id 46, Label=POOL1_COL, Trip Count: (Static=159, Dynamic [x119]), [PerfectNest], Loc=C:/Users/ozair/Documents/Code_Drive/Drone/hls_component\../hls_files/conv_pool.cpp:183:20
                                  +- Loop with id 47, Label=POOL1_CH, Trip Count: (Static=8, Dynamic [x18921]), Loc=C:/Users/ozair/Documents/Code_Drive/Drone/hls_component\../hls_files/conv_pool.cpp:184:23, Vars=16,17,
                            +- Loop with id 48, Label=CONV2_ROW, Trip Count: (Static=117, Dynamic [x1]), [PerfectNest], Loc=C:/Users/ozair/Documents/Code_Drive/Drone/hls_component\../hls_files/conv_pool.cpp:204:16
                               +- Loop with id 49, Label=CONV2_COL, Trip Count: (Static=157, Dynamic [x117]), [PerfectNest], Loc=C:/Users/ozair/Documents/Code_Drive/Drone/hls_component\../hls_files/conv_pool.cpp:205:20
                                  +- Loop with id 50, Label=CONV2_FIL, Trip Count: (Static=16, Dynamic [x18369]), Loc=C:/Users/ozair/Documents/Code_Drive/Drone/hls_component\../hls_files/conv_pool.cpp:206:24, Vars=18,148,
                                     +- Loop with id 51, Label=CONV2_KR, Trip Count: (Static=3, Dynamic [x293904]), [PerfectNest], [RAW], Loc=C:/Users/ozair/Documents/Code_Drive/Drone/hls_component\../hls_files/conv_pool.cpp:209:27
                                        +- Loop with id 52, Label=CONV2_KC, Trip Count: (Static=3, Dynamic [x881712]), [PerfectNest], [RAW], Loc=C:/Users/ozair/Documents/Code_Drive/Drone/hls_component\../hls_files/conv_pool.cpp:210:31
                                           +- Loop with id 53, Label=CONV2_CH, Trip Count: (Static=8, Dynamic [x2645136]), [RAW], Loc=C:/Users/ozair/Documents/Code_Drive/Drone/hls_component\../hls_files/conv_pool.cpp:211:35, Vars=17,147,
                            +- Loop with id 54, Label=POOL2_ROW, Trip Count: (Static=58, Dynamic [x1]), [PerfectNest], Loc=C:/Users/ozair/Documents/Code_Drive/Drone/hls_component\../hls_files/conv_pool.cpp:229:16
                               +- Loop with id 55, Label=POOL2_COL, Trip Count: (Static=78, Dynamic [x58]), [PerfectNest], Loc=C:/Users/ozair/Documents/Code_Drive/Drone/hls_component\../hls_files/conv_pool.cpp:230:20
                                  +- Loop with id 56, Label=POOL2_CH, Trip Count: (Static=16, Dynamic [x4524]), Loc=C:/Users/ozair/Documents/Code_Drive/Drone/hls_component\../hls_files/conv_pool.cpp:231:23, Vars=18,19,
                            +- Loop with id 57, Label=FLATTEN, Trip Count: (Static=58, Dynamic [x1]), [PerfectNest], [RAW], Loc=C:/Users/ozair/Documents/Code_Drive/Drone/hls_component\../hls_files/conv_pool.cpp:251:14
                               +- Loop with id 58, Trip Count: (Static=78, Dynamic [x58]), [PerfectNest], [RAW], Loc=C:/Users/ozair/Documents/Code_Drive/Drone/hls_component\../hls_files/conv_pool.cpp:252:9
                                  +- Loop with id 59, Trip Count: (Static=16, Dynamic [x4524]), Loc=C:/Users/ozair/Documents/Code_Drive/Drone/hls_component\../hls_files/conv_pool.cpp:253:13, Vars=19,20,
                            +- Loop with id 60, Label=FC1_OUT, Trip Count: (Static=32, Dynamic [x1]), Loc=C:/Users/ozair/Documents/Code_Drive/Drone/hls_component\../hls_files/conv_pool.cpp:267:14, Vars=21,178,
                               +- Loop with id 61, Trip Count: (0<=Static, Dynamic Min/Avg/Max=72384/72384/72384 [x32]), [RAW], Loc=C:/Users/ozair/Documents/Code_Drive/Drone/hls_component\../hls_files/conv_pool.cpp:270:9, Vars=20,177,
                            +- Loop with id 62, Label=FC2_LOOP, Trip Count: (Static=32, Dynamic [x1]), [RAW], Loc=C:/Users/ozair/Documents/Code_Drive/Drone/hls_component\../hls_files/conv_pool.cpp:286:15, Vars=21,184,
                            
parallelismSelector::VERBO: 
                            The following user pragmas were detected in the application:
parallelismSelector::VERBO: C:\Users\ozair\Documents\Code_Drive\Drone\hls_files\conv_pool.cpp:142:1: warning: User pragma 'pipeline' found in function load_img
parallelismSelector::VERBO: C:\Users\ozair\Documents\Code_Drive\Drone\hls_files\conv_pool.cpp:159:1: warning: User pragma 'pipeline' found in function conv1
parallelismSelector::VERBO: C:\Users\ozair\Documents\Code_Drive\Drone\hls_files\conv_pool.cpp:164:1: warning: User pragma 'unroll' found in function conv1
parallelismSelector::VERBO: C:\Users\ozair\Documents\Code_Drive\Drone\hls_files\conv_pool.cpp:185:1: warning: User pragma 'pipeline' found in function pool1
parallelismSelector::VERBO: C:\Users\ozair\Documents\Code_Drive\Drone\hls_files\conv_pool.cpp:207:1: warning: User pragma 'pipeline' found in function conv2
parallelismSelector::VERBO: C:\Users\ozair\Documents\Code_Drive\Drone\hls_files\conv_pool.cpp:212:1: warning: User pragma 'unroll' found in function conv2
parallelismSelector::VERBO: C:\Users\ozair\Documents\Code_Drive\Drone\hls_files\conv_pool.cpp:232:1: warning: User pragma 'pipeline' found in function pool2
parallelismSelector::VERBO: C:\Users\ozair\Documents\Code_Drive\Drone\hls_files\conv_pool.cpp:254:1: warning: User pragma 'pipeline' found in function flatten
parallelismSelector::VERBO: C:\Users\ozair\Documents\Code_Drive\Drone\hls_files\conv_pool.cpp:268:1: warning: User pragma 'pipeline' found in function fc1
parallelismSelector::VERBO: C:\Users\ozair\Documents\Code_Drive\Drone\hls_files\conv_pool.cpp:271:1: warning: User pragma 'unroll' found in function fc1
parallelismSelector::VERBO: C:\Users\ozair\Documents\Code_Drive\Drone\hls_files\conv_pool.cpp:287:1: warning: User pragma 'pipeline' found in function fc2
parallelismSelector::WARNG: WARNING: [SIM 211-200] C:/Users/ozair/Documents/Code_Drive/Drone/hls_component\../hls_files/conv_pool.cpp:270:9: the dynamic loop had a trip count of min=72384 max=72384 during C simulation. (#pragma HLS loop_tripcount min=72384 max=72384)
parallelismSelector::VERBO: Max iterations for loop 36 are 240
parallelismSelector::VERBO:  - loop 36 is "C:/Users/ozair/Documents/Code_Drive/Drone/hls_component\../hls_files/conv_pool.cpp":139:20
parallelismSelector::VERBO: Max iterations for loop 37 are 320
parallelismSelector::VERBO:  - loop 37 is "C:/Users/ozair/Documents/Code_Drive/Drone/hls_component\../hls_files/conv_pool.cpp":140:24
parallelismSelector::VERBO: Max iterations for loop 38 are 3
parallelismSelector::VERBO:  - loop 38 is "C:/Users/ozair/Documents/Code_Drive/Drone/hls_component\../hls_files/conv_pool.cpp":141:26
parallelismSelector::VERBO: Max iterations for loop 39 are 238
parallelismSelector::VERBO:  - loop 39 is "C:/Users/ozair/Documents/Code_Drive/Drone/hls_component\../hls_files/conv_pool.cpp":156:16
parallelismSelector::VERBO: Max iterations for loop 40 are 318
parallelismSelector::VERBO:  - loop 40 is "C:/Users/ozair/Documents/Code_Drive/Drone/hls_component\../hls_files/conv_pool.cpp":157:20
parallelismSelector::VERBO: Max iterations for loop 41 are 8
parallelismSelector::VERBO:  - loop 41 is "C:/Users/ozair/Documents/Code_Drive/Drone/hls_component\../hls_files/conv_pool.cpp":158:24
parallelismSelector::VERBO: Max iterations for loop 42 are 3
parallelismSelector::VERBO:  - loop 42 is "C:/Users/ozair/Documents/Code_Drive/Drone/hls_component\../hls_files/conv_pool.cpp":161:27
parallelismSelector::VERBO: Max iterations for loop 43 are 3
parallelismSelector::VERBO:  - loop 43 is "C:/Users/ozair/Documents/Code_Drive/Drone/hls_component\../hls_files/conv_pool.cpp":162:31
parallelismSelector::VERBO: Max iterations for loop 44 are 3
parallelismSelector::VERBO:  - loop 44 is "C:/Users/ozair/Documents/Code_Drive/Drone/hls_component\../hls_files/conv_pool.cpp":163:35
parallelismSelector::VERBO: Max iterations for loop 45 are 119
parallelismSelector::VERBO:  - loop 45 is "C:/Users/ozair/Documents/Code_Drive/Drone/hls_component\../hls_files/conv_pool.cpp":182:16
parallelismSelector::VERBO: Max iterations for loop 46 are 159
parallelismSelector::VERBO:  - loop 46 is "C:/Users/ozair/Documents/Code_Drive/Drone/hls_component\../hls_files/conv_pool.cpp":183:20
parallelismSelector::VERBO: Max iterations for loop 47 are 8
parallelismSelector::VERBO:  - loop 47 is "C:/Users/ozair/Documents/Code_Drive/Drone/hls_component\../hls_files/conv_pool.cpp":184:23
parallelismSelector::VERBO: Max iterations for loop 48 are 117
parallelismSelector::VERBO:  - loop 48 is "C:/Users/ozair/Documents/Code_Drive/Drone/hls_component\../hls_files/conv_pool.cpp":204:16
parallelismSelector::VERBO: Max iterations for loop 49 are 157
parallelismSelector::VERBO:  - loop 49 is "C:/Users/ozair/Documents/Code_Drive/Drone/hls_component\../hls_files/conv_pool.cpp":205:20
parallelismSelector::VERBO: Max iterations for loop 50 are 16
parallelismSelector::VERBO:  - loop 50 is "C:/Users/ozair/Documents/Code_Drive/Drone/hls_component\../hls_files/conv_pool.cpp":206:24
parallelismSelector::VERBO: Max iterations for loop 51 are 3
parallelismSelector::VERBO:  - loop 51 is "C:/Users/ozair/Documents/Code_Drive/Drone/hls_component\../hls_files/conv_pool.cpp":209:27
parallelismSelector::VERBO: Max iterations for loop 52 are 3
parallelismSelector::VERBO:  - loop 52 is "C:/Users/ozair/Documents/Code_Drive/Drone/hls_component\../hls_files/conv_pool.cpp":210:31
parallelismSelector::VERBO: Max iterations for loop 53 are 8
parallelismSelector::VERBO:  - loop 53 is "C:/Users/ozair/Documents/Code_Drive/Drone/hls_component\../hls_files/conv_pool.cpp":211:35
parallelismSelector::VERBO: Max iterations for loop 54 are 58
parallelismSelector::VERBO:  - loop 54 is "C:/Users/ozair/Documents/Code_Drive/Drone/hls_component\../hls_files/conv_pool.cpp":229:16
parallelismSelector::VERBO: Max iterations for loop 55 are 78
parallelismSelector::VERBO:  - loop 55 is "C:/Users/ozair/Documents/Code_Drive/Drone/hls_component\../hls_files/conv_pool.cpp":230:20
parallelismSelector::VERBO: Max iterations for loop 56 are 16
parallelismSelector::VERBO:  - loop 56 is "C:/Users/ozair/Documents/Code_Drive/Drone/hls_component\../hls_files/conv_pool.cpp":231:23
parallelismSelector::VERBO: Max iterations for loop 57 are 58
parallelismSelector::VERBO:  - loop 57 is "C:/Users/ozair/Documents/Code_Drive/Drone/hls_component\../hls_files/conv_pool.cpp":251:14
parallelismSelector::VERBO: Max iterations for loop 58 are 78
parallelismSelector::VERBO:  - loop 58 is "C:/Users/ozair/Documents/Code_Drive/Drone/hls_component\../hls_files/conv_pool.cpp":252:9
parallelismSelector::VERBO: Max iterations for loop 59 are 16
parallelismSelector::VERBO:  - loop 59 is "C:/Users/ozair/Documents/Code_Drive/Drone/hls_component\../hls_files/conv_pool.cpp":253:13
parallelismSelector::VERBO: Max iterations for loop 60 are 32
parallelismSelector::VERBO:  - loop 60 is "C:/Users/ozair/Documents/Code_Drive/Drone/hls_component\../hls_files/conv_pool.cpp":267:14
parallelismSelector::VERBO: Max iterations for loop 61 are 72384
parallelismSelector::VERBO:  - loop 61 is "C:/Users/ozair/Documents/Code_Drive/Drone/hls_component\../hls_files/conv_pool.cpp":270:9
parallelismSelector::VERBO: Max iterations for loop 62 are 32
parallelismSelector::VERBO:  - loop 62 is "C:/Users/ozair/Documents/Code_Drive/Drone/hls_component\../hls_files/conv_pool.cpp":286:15
parallelismSelector::VERBO: Partitioning variable 'local_img' C:/Users/ozair/Documents/Code_Drive/Drone/hls_component\../hls_files/conv_pool.cpp:92:0 VariableId 15
parallelismSelector::VERBO: Partitioning variable 'feat1' C:/Users/ozair/Documents/Code_Drive/Drone/hls_component\../hls_files/conv_pool.cpp:93:0 VariableId 16
parallelismSelector::VERBO: Partitioning variable 'feat1_p' C:/Users/ozair/Documents/Code_Drive/Drone/hls_component\../hls_files/conv_pool.cpp:94:0 VariableId 17
parallelismSelector::VERBO: Partitioning variable 'feat2' C:/Users/ozair/Documents/Code_Drive/Drone/hls_component\../hls_files/conv_pool.cpp:95:0 VariableId 18
parallelismSelector::VERBO: Partitioning variable 'feat2_p' C:/Users/ozair/Documents/Code_Drive/Drone/hls_component\../hls_files/conv_pool.cpp:96:0 VariableId 19
parallelismSelector::VERBO: Partitioning variable 'vec1' C:/Users/ozair/Documents/Code_Drive/Drone/hls_component\../hls_files/conv_pool.cpp:97:0 VariableId 20
parallelismSelector::VERBO: Partitioning variable 'vec2' C:/Users/ozair/Documents/Code_Drive/Drone/hls_component\../hls_files/conv_pool.cpp:98:0 VariableId 21
parallelismSelector::VERBO: Initial branch:
                            FunctionPipelineTopLevel: Maybe
                            Partition {dim 0: cyclic 1, 2, 3, 4, 5, 6, 8, 10, 12, 15, 16, 20, 24, 30, 40, 48, 60, 80, 120, dim 1: cyclic 1, 2, 4, 5, 8, 10, 16, 20, 32, 40, 64, 80, 160, dim 2: cyclic 1} (VariableName local_img) (VariableId 15)
                            Partition {dim 0: cyclic 1, 2, 7, 14, 17, 34, 119, dim 1: cyclic 1, 2, 3, 6, 53, 106, 159, dim 2: cyclic 1, 2, 4} (VariableName feat1) (VariableId 16)
                            Partition {dim 0: cyclic 1, 7, 17, dim 1: cyclic 1, 3, 53, dim 2: cyclic 1, 2, 4} (VariableName feat1_p) (VariableId 17)
                            Partition {dim 0: cyclic 1, 3, 9, 13, 39, dim 1: cyclic 1, dim 2: cyclic 1, 2, 4, 8} (VariableName feat2) (VariableId 18)
                            Partition {dim 0: cyclic 1, 2, 29, dim 1: cyclic 1, 2, 3, 6, 13, 26, 39, dim 2: cyclic 1, 2, 4, 8} (VariableName feat2_p) (VariableId 19)
                            Partition {dim 0: cyclic 1, 2, 3, 4, 6, 8, 12, 13, 16, 24, 26, 29, 32, 39, 48, 52, 58, 64, 78, 87, 96, 104, 116, 156, 174, 192, 208, 232, 312, 348, 377, 416, 464, 624, 696, 754, 832, 928} (VariableName vec1) (VariableId 20)
                            Partition {dim 0: cyclic 1, 2, 4, 8, 16 complete} (VariableName vec2) (VariableId 21)
                            +- pipeline, unroll with factors 1, 2, 3, 4, 5, 6, 8, 10, 12, 15, 16, 20, 24, 30, 40, 48, 60, 80, 120, 240, unroll/pipeline with factors 2, 3, 4, 5, 6, 8, 10, 12, 15, 16, 20, 24, 30, 40, 48, 60, 80, 120 (Label LOAD_IMG_ROWS) (LoopId 36)
                               +- pipeline, unroll with factors 1, 2, 4, 5, 8, 10, 16, 20, 32, 40, 64, 80, 160, 320, unroll/pipeline with factors 2, 4, 5, 8, 10, 16, 20, 32, 40, 64, 80, 160 (Label LOAD_IMG_COLS) (LoopId 37)
                                  +- pipeline, unroll with factors 1, 3 (Label LOAD_IMG_CH) (LoopId 38)
                            +- pipeline, unroll with factors 1, 2, 7, 14, 17, 34, 119, 238, unroll/pipeline with factors 2, 7, 14, 17, 34, 119 (Label CONV1_ROW) (LoopId 39)
                               +- pipeline, unroll with factors 1, 2, 3, 6, 53, 106, 159, 318, unroll/pipeline with factors 2, 3, 6, 53, 106, 159 (Label CONV1_COL) (LoopId 40)
                                  +- pipeline, unroll with factors 1, 2, 4, 8, unroll/pipeline with factors 2, 4 (Label CONV1_FIL) (LoopId 41)
                                     +- pipeline, unroll with factors 1, 3 (Label CONV1_KR) (LoopId 42)
                                        +- pipeline, unroll with factors 1, 3 (Label CONV1_KC) (LoopId 43)
                                           +- pipeline, unroll with factors 1, 3 (Label CONV1_CH) (LoopId 44)
                            +- pipeline, unroll with factors 1, 7, 17, 119, unroll/pipeline with factors 7, 17 (Label POOL1_ROW) (LoopId 45)
                               +- pipeline, unroll with factors 1, 3, 53, 159, unroll/pipeline with factors 3, 53 (Label POOL1_COL) (LoopId 46)
                                  +- pipeline, unroll with factors 1, 2, 4, 8, unroll/pipeline with factors 2, 4 (Label POOL1_CH) (LoopId 47)
                            +- pipeline, unroll with factors 1, 3, 9, 13, 39, 117, unroll/pipeline with factors 3, 9, 13, 39 (Label CONV2_ROW) (LoopId 48)
                               +- pipeline, unroll with factors 1, 157 (Label CONV2_COL) (LoopId 49)
                                  +- pipeline, unroll with factors 1, 2, 4, 8, 16, unroll/pipeline with factors 2, 4, 8 (Label CONV2_FIL) (LoopId 50)
                                     +- pipeline, unroll with factors 1, 3 (Label CONV2_KR) (LoopId 51)
                                        +- pipeline, unroll with factors 1, 3 (Label CONV2_KC) (LoopId 52)
                                           +- pipeline, unroll with factors 1, 8 (Label CONV2_CH) (LoopId 53)
                            +- pipeline, unroll with factors 1, 2, 29, 58, unroll/pipeline with factors 2, 29 (Label POOL2_ROW) (LoopId 54)
                               +- pipeline, unroll with factors 1, 2, 3, 6, 13, 26, 39, 78, unroll/pipeline with factors 2, 3, 6, 13, 26, 39 (Label POOL2_COL) (LoopId 55)
                                  +- pipeline, unroll with factors 1, 2, 4, 8, 16, unroll/pipeline with factors 2, 4, 8 (Label POOL2_CH) (LoopId 56)
                            +- pipeline, unroll with factors 1, 58 (Label FLATTEN) (LoopId 57)
                               +- pipeline, unroll with factors 1, 78 (LoopId 58)
                                  +- pipeline, unroll with factors 1, 2, 4, 8, 16, unroll/pipeline with factors 2, 4, 8 (LoopId 59)
                            +- pipeline, unroll with factors 1, 2, 4, 8, 16, 32, unroll/pipeline with factors 2, 4, 8, 16 (Label FC1_OUT) (LoopId 60)
                               +- pipeline, unroll with factors 1, 72384, unroll/pipeline with factors 72384 (LoopId 61)
                            +- pipeline, unroll with factors 1, 32 (Label FC2_LOOP) (LoopId 62)
                            
parallelismSelector::VERBO: Function pipeline is not legal because there are dataflow regions in the program
parallelismSelector::VERBO: Initial branch after first round of constraints:
                            FunctionPipelineTopLevel: No
                            Partition {dim 0: cyclic 1, 2, 3, 4, 5, 6, 8, 10, 12, 15, 16, 20, 24, 30, 40, 48, 60, 80, 120, dim 1: cyclic 1, 2, 4, 5, 8, 10, 16, 20, 32, 40, 64, 80, 160, dim 2: cyclic 1} (VariableName local_img) (VariableId 15)
                            Partition {dim 0: cyclic 1, 2, 7, 14, 17, 34, 119, dim 1: cyclic 1, 2, 3, 6, 53, 106, 159, dim 2: cyclic 1, 2, 4} (VariableName feat1) (VariableId 16)
                            Partition {dim 0: cyclic 1, 7, 17, dim 1: cyclic 1, 3, 53, dim 2: cyclic 1, 2, 4} (VariableName feat1_p) (VariableId 17)
                            Partition {dim 0: cyclic 1, 3, 9, 13, 39, dim 1: cyclic 1, dim 2: cyclic 1, 2, 4, 8} (VariableName feat2) (VariableId 18)
                            Partition {dim 0: cyclic 1, 2, 29, dim 1: cyclic 1, 2, 3, 6, 13, 26, 39, dim 2: cyclic 1, 2, 4, 8} (VariableName feat2_p) (VariableId 19)
                            Partition {dim 0: cyclic 1, 2, 3, 4, 6, 8, 12, 13, 16, 24, 26, 29, 32, 39, 48, 52, 58, 64, 78, 87, 96, 104, 116, 156, 174, 192, 208, 232, 312, 348, 377, 416, 464, 624, 696, 754, 832, 928} (VariableName vec1) (VariableId 20)
                            Partition {dim 0: cyclic 1, 2, 4, 8, 16 complete} (VariableName vec2) (VariableId 21)
                            +- pipeline, unroll with factors 1, 2, 3, 4, 5, 6, 8, 10, 12, 15, 16, 20, 24, 30, 40, 48, 60, 80, 120, 240, unroll/pipeline with factors 2, 3, 4, 5, 6, 8, 10, 12, 15, 16, 20, 24, 30, 40, 48, 60, 80, 120 (Label LOAD_IMG_ROWS) (LoopId 36)
                               +- pipeline, unroll with factors 1, 2, 4, 5, 8, 10, 16, 20, 32, 40, 64, 80, 160, 320, unroll/pipeline with factors 2, 4, 5, 8, 10, 16, 20, 32, 40, 64, 80, 160 (Label LOAD_IMG_COLS) (LoopId 37)
                                  +- pipeline, unroll with factors 1, 3 (Label LOAD_IMG_CH) (LoopId 38)
                            +- pipeline, unroll with factors 1, 2, 7, 14, 17, 34, 119, 238, unroll/pipeline with factors 2, 7, 14, 17, 34, 119 (Label CONV1_ROW) (LoopId 39)
                               +- pipeline, unroll with factors 1, 2, 3, 6, 53, 106, 159, 318, unroll/pipeline with factors 2, 3, 6, 53, 106, 159 (Label CONV1_COL) (LoopId 40)
                                  +- pipeline, unroll with factors 1, 2, 4, 8, unroll/pipeline with factors 2, 4 (Label CONV1_FIL) (LoopId 41)
                                     +- pipeline, unroll with factors 1, 3 (Label CONV1_KR) (LoopId 42)
                                        +- pipeline, unroll with factors 1, 3 (Label CONV1_KC) (LoopId 43)
                                           +- pipeline, unroll with factors 1, 3 (Label CONV1_CH) (LoopId 44)
                            +- pipeline, unroll with factors 1, 7, 17, 119, unroll/pipeline with factors 7, 17 (Label POOL1_ROW) (LoopId 45)
                               +- pipeline, unroll with factors 1, 3, 53, 159, unroll/pipeline with factors 3, 53 (Label POOL1_COL) (LoopId 46)
                                  +- pipeline, unroll with factors 1, 2, 4, 8, unroll/pipeline with factors 2, 4 (Label POOL1_CH) (LoopId 47)
                            +- pipeline, unroll with factors 1, 3, 9, 13, 39, 117, unroll/pipeline with factors 3, 9, 13, 39 (Label CONV2_ROW) (LoopId 48)
                               +- pipeline, unroll with factors 1, 157 (Label CONV2_COL) (LoopId 49)
                                  +- pipeline, unroll with factors 1, 2, 4, 8, 16, unroll/pipeline with factors 2, 4, 8 (Label CONV2_FIL) (LoopId 50)
                                     +- pipeline, unroll with factors 1, 3 (Label CONV2_KR) (LoopId 51)
                                        +- pipeline, unroll with factors 1, 3 (Label CONV2_KC) (LoopId 52)
                                           +- pipeline, unroll with factors 1, 8 (Label CONV2_CH) (LoopId 53)
                            +- pipeline, unroll with factors 1, 2, 29, 58, unroll/pipeline with factors 2, 29 (Label POOL2_ROW) (LoopId 54)
                               +- pipeline, unroll with factors 1, 2, 3, 6, 13, 26, 39, 78, unroll/pipeline with factors 2, 3, 6, 13, 26, 39 (Label POOL2_COL) (LoopId 55)
                                  +- pipeline, unroll with factors 1, 2, 4, 8, 16, unroll/pipeline with factors 2, 4, 8 (Label POOL2_CH) (LoopId 56)
                            +- pipeline, unroll with factors 1, 58 (Label FLATTEN) (LoopId 57)
                               +- pipeline, unroll with factors 1, 78 (LoopId 58)
                                  +- pipeline, unroll with factors 1, 2, 4, 8, 16, unroll/pipeline with factors 2, 4, 8 (LoopId 59)
                            +- pipeline, unroll with factors 1, 2, 4, 8, 16, 32, unroll/pipeline with factors 2, 4, 8, 16 (Label FC1_OUT) (LoopId 60)
                               +- pipeline, unroll with factors 1, 72384, unroll/pipeline with factors 72384 (LoopId 61)
                            +- pipeline, unroll with factors 1, 32 (Label FC2_LOOP) (LoopId 62)
                            
parallelismSelector::VERBO: Nesting structure after user pragma constraints:
                            +- Loop with id 36, Label=LOAD_IMG_ROWS, Trip Count: (Static=240, Dynamic [x1]), [PerfectNest], Loc=C:/Users/ozair/Documents/Code_Drive/Drone/hls_component\../hls_files/conv_pool.cpp:139:20
                               +- Loop with id 37, Label=LOAD_IMG_COLS, Trip Count: (Static=320, Dynamic [x240]), [PerfectNest], Loc=C:/Users/ozair/Documents/Code_Drive/Drone/hls_component\../hls_files/conv_pool.cpp:140:24
                                  +- Loop with id 38, Label=LOAD_IMG_CH, Trip Count: (Static=3, Dynamic [x76800]), [User Pragma], Loc=C:/Users/ozair/Documents/Code_Drive/Drone/hls_component\../hls_files/conv_pool.cpp:141:26, Vars=15,117,
                            +- Loop with id 39, Label=CONV1_ROW, Trip Count: (Static=238, Dynamic [x1]), [PerfectNest], Loc=C:/Users/ozair/Documents/Code_Drive/Drone/hls_component\../hls_files/conv_pool.cpp:156:16
                               +- Loop with id 40, Label=CONV1_COL, Trip Count: (Static=318, Dynamic [x238]), [PerfectNest], Loc=C:/Users/ozair/Documents/Code_Drive/Drone/hls_component\../hls_files/conv_pool.cpp:157:20
                                  +- Loop with id 41, Label=CONV1_FIL, Trip Count: (Static=8, Dynamic [x75684]), [User Pragma], Loc=C:/Users/ozair/Documents/Code_Drive/Drone/hls_component\../hls_files/conv_pool.cpp:158:24, Vars=16,125,
                                     +- Loop with id 42, Label=CONV1_KR, Trip Count: (Static=3, Dynamic [x605472]), [PerfectNest], [RAW], Loc=C:/Users/ozair/Documents/Code_Drive/Drone/hls_component\../hls_files/conv_pool.cpp:161:27
                                        +- Loop with id 43, Label=CONV1_KC, Trip Count: (Static=3, Dynamic [x1816416]), [PerfectNest], [RAW], Loc=C:/Users/ozair/Documents/Code_Drive/Drone/hls_component\../hls_files/conv_pool.cpp:162:31
                                           +- Loop with id 44, Label=CONV1_CH, Trip Count: (Static=3, Dynamic [x5449248]), [RAW], Loc=C:/Users/ozair/Documents/Code_Drive/Drone/hls_component\../hls_files/conv_pool.cpp:163:35, Vars=15,124,
                            +- Loop with id 45, Label=POOL1_ROW, Trip Count: (Static=119, Dynamic [x1]), [PerfectNest], Loc=C:/Users/ozair/Documents/Code_Drive/Drone/hls_component\../hls_files/conv_pool.cpp:182:16
                               +- Loop with id 46, Label=POOL1_COL, Trip Count: (Static=159, Dynamic [x119]), [PerfectNest], Loc=C:/Users/ozair/Documents/Code_Drive/Drone/hls_component\../hls_files/conv_pool.cpp:183:20
                                  +- Loop with id 47, Label=POOL1_CH, Trip Count: (Static=8, Dynamic [x18921]), [User Pragma], Loc=C:/Users/ozair/Documents/Code_Drive/Drone/hls_component\../hls_files/conv_pool.cpp:184:23, Vars=16,17,
                            +- Loop with id 48, Label=CONV2_ROW, Trip Count: (Static=117, Dynamic [x1]), [PerfectNest], Loc=C:/Users/ozair/Documents/Code_Drive/Drone/hls_component\../hls_files/conv_pool.cpp:204:16
                               +- Loop with id 49, Label=CONV2_COL, Trip Count: (Static=157, Dynamic [x117]), [PerfectNest], Loc=C:/Users/ozair/Documents/Code_Drive/Drone/hls_component\../hls_files/conv_pool.cpp:205:20
                                  +- Loop with id 50, Label=CONV2_FIL, Trip Count: (Static=16, Dynamic [x18369]), [User Pragma], Loc=C:/Users/ozair/Documents/Code_Drive/Drone/hls_component\../hls_files/conv_pool.cpp:206:24, Vars=18,148,
                                     +- Loop with id 51, Label=CONV2_KR, Trip Count: (Static=3, Dynamic [x293904]), [PerfectNest], [RAW], Loc=C:/Users/ozair/Documents/Code_Drive/Drone/hls_component\../hls_files/conv_pool.cpp:209:27
                                        +- Loop with id 52, Label=CONV2_KC, Trip Count: (Static=3, Dynamic [x881712]), [PerfectNest], [RAW], Loc=C:/Users/ozair/Documents/Code_Drive/Drone/hls_component\../hls_files/conv_pool.cpp:210:31
                                           +- Loop with id 53, Label=CONV2_CH, Trip Count: (Static=8, Dynamic [x2645136]), [RAW], Loc=C:/Users/ozair/Documents/Code_Drive/Drone/hls_component\../hls_files/conv_pool.cpp:211:35, Vars=17,147,
                            +- Loop with id 54, Label=POOL2_ROW, Trip Count: (Static=58, Dynamic [x1]), [PerfectNest], Loc=C:/Users/ozair/Documents/Code_Drive/Drone/hls_component\../hls_files/conv_pool.cpp:229:16
                               +- Loop with id 55, Label=POOL2_COL, Trip Count: (Static=78, Dynamic [x58]), [PerfectNest], Loc=C:/Users/ozair/Documents/Code_Drive/Drone/hls_component\../hls_files/conv_pool.cpp:230:20
                                  +- Loop with id 56, Label=POOL2_CH, Trip Count: (Static=16, Dynamic [x4524]), [User Pragma], Loc=C:/Users/ozair/Documents/Code_Drive/Drone/hls_component\../hls_files/conv_pool.cpp:231:23, Vars=18,19,
                            +- Loop with id 57, Label=FLATTEN, Trip Count: (Static=58, Dynamic [x1]), [PerfectNest], [RAW], Loc=C:/Users/ozair/Documents/Code_Drive/Drone/hls_component\../hls_files/conv_pool.cpp:251:14
                               +- Loop with id 58, Trip Count: (Static=78, Dynamic [x58]), [PerfectNest], [RAW], Loc=C:/Users/ozair/Documents/Code_Drive/Drone/hls_component\../hls_files/conv_pool.cpp:252:9
                                  +- Loop with id 59, Trip Count: (Static=16, Dynamic [x4524]), [User Pragma], Loc=C:/Users/ozair/Documents/Code_Drive/Drone/hls_component\../hls_files/conv_pool.cpp:253:13, Vars=19,20,
                            +- Loop with id 60, Label=FC1_OUT, Trip Count: (Static=32, Dynamic [x1]), Loc=C:/Users/ozair/Documents/Code_Drive/Drone/hls_component\../hls_files/conv_pool.cpp:267:14, Vars=21,178,
                               +- Loop with id 61, Trip Count: (0<=Static, Dynamic Min/Avg/Max=72384/72384/72384 [x32]), [User Pragma], [RAW], Loc=C:/Users/ozair/Documents/Code_Drive/Drone/hls_component\../hls_files/conv_pool.cpp:270:9, Vars=20,177,
                            +- Loop with id 62, Label=FC2_LOOP, Trip Count: (Static=32, Dynamic [x1]), [User Pragma], [RAW], Loc=C:/Users/ozair/Documents/Code_Drive/Drone/hls_component\../hls_files/conv_pool.cpp:286:15, Vars=21,184,
                            
parallelismSelector::VERBO: Initial branch after applying user pragma constraints:
                            FunctionPipelineTopLevel: No
                            Partition {dim 0: cyclic 1, 2, 3, 4, 5, 6, 8, 10, 12, 15, 16, 20, 24, 30, 40, 48, 60, 80, 120, dim 1: cyclic 1, 2, 4, 5, 8, 10, 16, 20, 32, 40, 64, 80, 160, dim 2: cyclic 1} (VariableName local_img) (VariableId 15)
                            Partition {dim 0: cyclic 1, 2, 7, 14, 17, 34, 119, dim 1: cyclic 1, 2, 3, 6, 53, 106, 159, dim 2: cyclic 1, 2, 4} (VariableName feat1) (VariableId 16)
                            Partition {dim 0: cyclic 1, 7, 17, dim 1: cyclic 1, 3, 53, dim 2: cyclic 1, 2, 4} (VariableName feat1_p) (VariableId 17)
                            Partition {dim 0: cyclic 1, 3, 9, 13, 39, dim 1: cyclic 1, dim 2: cyclic 1, 2, 4, 8} (VariableName feat2) (VariableId 18)
                            Partition {dim 0: cyclic 1, 2, 29, dim 1: cyclic 1, 2, 3, 6, 13, 26, 39, dim 2: cyclic 1, 2, 4, 8} (VariableName feat2_p) (VariableId 19)
                            Partition {dim 0: cyclic 1, 2, 3, 4, 6, 8, 12, 13, 16, 24, 26, 29, 32, 39, 48, 52, 58, 64, 78, 87, 96, 104, 116, 156, 174, 192, 208, 232, 312, 348, 377, 416, 464, 624, 696, 754, 832, 928} (VariableName vec1) (VariableId 20)
                            Partition {dim 0: cyclic 1, 2, 4, 8, 16 complete} (VariableName vec2) (VariableId 21)
                            +- pipeline, unroll with factors 1, 2, 3, 4, 5, 6, 8, 10, 12, 15, 16, 20, 24, 30, 40, 48, 60, 80, 120, 240, unroll/pipeline with factors 2, 3, 4, 5, 6, 8, 10, 12, 15, 16, 20, 24, 30, 40, 48, 60, 80, 120 (Label LOAD_IMG_ROWS) (LoopId 36)
                               +- pipeline, unroll with factors 1, 2, 4, 5, 8, 10, 16, 20, 32, 40, 64, 80, 160, 320, unroll/pipeline with factors 2, 4, 5, 8, 10, 16, 20, 32, 40, 64, 80, 160 (Label LOAD_IMG_COLS) (LoopId 37)
                                  +- pipeline (Label LOAD_IMG_CH) (LoopId 38)
                            +- pipeline, unroll with factors 1, 2, 7, 14, 17, 34, 119, 238, unroll/pipeline with factors 2, 7, 14, 17, 34, 119 (Label CONV1_ROW) (LoopId 39)
                               +- pipeline, unroll with factors 1, 2, 3, 6, 53, 106, 159, 318, unroll/pipeline with factors 2, 3, 6, 53, 106, 159 (Label CONV1_COL) (LoopId 40)
                                  +- pipeline (Label CONV1_FIL) (LoopId 41)
                                     +- pipeline, unroll with factors 1, 3 (Label CONV1_KR) (LoopId 42)
                                        +- pipeline, unroll with factors 1, 3 (Label CONV1_KC) (LoopId 43)
                                           +- pipeline, unroll with factors 1, 3 (Label CONV1_CH) (LoopId 44)
                            +- pipeline, unroll with factors 1, 7, 17, 119, unroll/pipeline with factors 7, 17 (Label POOL1_ROW) (LoopId 45)
                               +- pipeline, unroll with factors 1, 3, 53, 159, unroll/pipeline with factors 3, 53 (Label POOL1_COL) (LoopId 46)
                                  +- pipeline (Label POOL1_CH) (LoopId 47)
                            +- pipeline, unroll with factors 1, 3, 9, 13, 39, 117, unroll/pipeline with factors 3, 9, 13, 39 (Label CONV2_ROW) (LoopId 48)
                               +- pipeline, unroll with factors 1, 157 (Label CONV2_COL) (LoopId 49)
                                  +- pipeline (Label CONV2_FIL) (LoopId 50)
                                     +- pipeline, unroll with factors 1, 3 (Label CONV2_KR) (LoopId 51)
                                        +- pipeline, unroll with factors 1, 3 (Label CONV2_KC) (LoopId 52)
                                           +- pipeline, unroll with factors 1, 8 (Label CONV2_CH) (LoopId 53)
                            +- pipeline, unroll with factors 1, 2, 29, 58, unroll/pipeline with factors 2, 29 (Label POOL2_ROW) (LoopId 54)
                               +- pipeline, unroll with factors 1, 2, 3, 6, 13, 26, 39, 78, unroll/pipeline with factors 2, 3, 6, 13, 26, 39 (Label POOL2_COL) (LoopId 55)
                                  +- pipeline (Label POOL2_CH) (LoopId 56)
                            +- pipeline, unroll with factors 1, 58 (Label FLATTEN) (LoopId 57)
                               +- pipeline, unroll with factors 1, 78 (LoopId 58)
                                  +- pipeline (LoopId 59)
                            +- pipeline, unroll with factors 1, 2, 4, 8, 16, 32, unroll/pipeline with factors 2, 4, 8, 16 (Label FC1_OUT) (LoopId 60)
                               +- unroll with factors 2 (LoopId 61)
                            +- pipeline (Label FC2_LOOP) (LoopId 62)
                            
parallelismSelector::VERBO: Initial branch after applying Xilinx constraints:
                            FunctionPipelineTopLevel: No
                            Partition {dim 0: cyclic 1, 2, 3, 4, 5, 6, 8, 10, 12, 15, 16, 20, 24, 30, 40, 48, 60, 80, 120, dim 1: cyclic 1, 2, 4, 5, 8, 10, 16, 20, 32, 40, 64, 80, 160, dim 2: cyclic 1} (VariableName local_img) (VariableId 15)
                            Partition {dim 0: cyclic 1, 2, 7, 14, 17, 34, 119, dim 1: cyclic 1, 2, 3, 6, 53, 106, 159, dim 2: cyclic 1, 2, 4} (VariableName feat1) (VariableId 16)
                            Partition {dim 0: cyclic 1, 7, 17, dim 1: cyclic 1, 3, 53, dim 2: cyclic 1, 2, 4} (VariableName feat1_p) (VariableId 17)
                            Partition {dim 0: cyclic 1, 3, 9, 13, 39, dim 1: cyclic 1, dim 2: cyclic 1, 2, 4, 8} (VariableName feat2) (VariableId 18)
                            Partition {dim 0: cyclic 1, 2, 29, dim 1: cyclic 1, 2, 3, 6, 13, 26, 39, dim 2: cyclic 1, 2, 4, 8} (VariableName feat2_p) (VariableId 19)
                            Partition {dim 0: cyclic 1, 2, 3, 4, 6, 8, 12, 13, 16, 24, 26, 29, 32, 39, 48, 52, 58, 64, 78, 87, 96, 104, 116, 156, 174, 192, 208, 232, 312, 348, 377, 416, 464, 624, 696, 754, 832, 928} (VariableName vec1) (VariableId 20)
                            Partition {dim 0: cyclic 1, 2, 4, 8, 16 complete} (VariableName vec2) (VariableId 21)
                            +- unroll with factors 1 (Label LOAD_IMG_ROWS) (LoopId 36)
                               +- unroll with factors 1 (Label LOAD_IMG_COLS) (LoopId 37)
                                  +- pipeline (Label LOAD_IMG_CH) (LoopId 38)
                            +- unroll with factors 1 (Label CONV1_ROW) (LoopId 39)
                               +- unroll with factors 1 (Label CONV1_COL) (LoopId 40)
                                  +- pipeline (Label CONV1_FIL) (LoopId 41)
                                     +- unroll with factors 3 (Label CONV1_KR) (LoopId 42)
                                        +- unroll with factors 3 (Label CONV1_KC) (LoopId 43)
                                           +- unroll with factors 3 (Label CONV1_CH) (LoopId 44)
                            +- unroll with factors 1 (Label POOL1_ROW) (LoopId 45)
                               +- unroll with factors 1 (Label POOL1_COL) (LoopId 46)
                                  +- pipeline (Label POOL1_CH) (LoopId 47)
                            +- unroll with factors 1 (Label CONV2_ROW) (LoopId 48)
                               +- unroll with factors 1 (Label CONV2_COL) (LoopId 49)
                                  +- pipeline (Label CONV2_FIL) (LoopId 50)
                                     +- unroll with factors 3 (Label CONV2_KR) (LoopId 51)
                                        +- unroll with factors 3 (Label CONV2_KC) (LoopId 52)
                                           +- unroll with factors 8 (Label CONV2_CH) (LoopId 53)
                            +- unroll with factors 1 (Label POOL2_ROW) (LoopId 54)
                               +- unroll with factors 1 (Label POOL2_COL) (LoopId 55)
                                  +- pipeline (Label POOL2_CH) (LoopId 56)
                            +- unroll with factors 1 (Label FLATTEN) (LoopId 57)
                               +- unroll with factors 1 (LoopId 58)
                                  +- pipeline (LoopId 59)
                            +- unroll with factors 1 (Label FC1_OUT) (LoopId 60)
                               +- unroll with factors 2 (LoopId 61)
                            +- pipeline (Label FC2_LOOP) (LoopId 62)
                            
parallelismSelector::VERBO: DataflowConstrainer: Constraining Func/Loop with Id 227
parallelismSelector::VERBO: DataflowConstrainer: Has no VariableSettingSpace: VarId=105
parallelismSelector::VERBO: DataflowConstrainer: Has no VariableSettingSpace: VarId=106
parallelismSelector::VERBO: DataflowConstrainer: Has no VariableSettingSpace: VarId=107
parallelismSelector::VERBO: DataflowConstrainer: Has no VariableSettingSpace: VarId=108
parallelismSelector::VERBO: DataflowConstrainer: Has no VariableSettingSpace: VarId=109
parallelismSelector::VERBO: DataflowConstrainer: Has no VariableSettingSpace: VarId=110
parallelismSelector::VERBO: DataflowConstrainer: Has no VariableSettingSpace: VarId=111
parallelismSelector::VERBO: DataflowConstrainer: Has no VariableSettingSpace: VarId=116
parallelismSelector::VERBO: DataflowConstrainer: Has no VariableSettingSpace: VarId=112
parallelismSelector::VERBO: DataflowConstrainer: Has no VariableSettingSpace: VarId=113
parallelismSelector::VERBO: DataflowConstrainer: Has no VariableSettingSpace: VarId=114
parallelismSelector::VERBO: DataflowConstrainer: Not constrained: VarId=15
parallelismSelector::VERBO: DataflowConstrainer: Not constrained: VarId=16
parallelismSelector::VERBO: DataflowConstrainer: Not constrained: VarId=17
parallelismSelector::VERBO: DataflowConstrainer: Not constrained: VarId=18
parallelismSelector::VERBO: DataflowConstrainer: Not constrained: VarId=19
parallelismSelector::VERBO: DataflowConstrainer: Not constrained: VarId=20
parallelismSelector::VERBO: DataflowConstrainer: Not constrained: VarId=21
parallelismSelector::VERBO: Initial branch after applying dataflow constraints:
                            FunctionPipelineTopLevel: No
                            Partition {dim 0: cyclic 1, 2, 3, 4, 5, 6, 8, 10, 12, 15, 16, 20, 24, 30, 40, 48, 60, 80, 120, dim 1: cyclic 1, 2, 4, 5, 8, 10, 16, 20, 32, 40, 64, 80, 160, dim 2: cyclic 1} (VariableName local_img) (VariableId 15)
                            Partition {dim 0: cyclic 1, 2, 7, 14, 17, 34, 119, dim 1: cyclic 1, 2, 3, 6, 53, 106, 159, dim 2: cyclic 1, 2, 4} (VariableName feat1) (VariableId 16)
                            Partition {dim 0: cyclic 1, 7, 17, dim 1: cyclic 1, 3, 53, dim 2: cyclic 1, 2, 4} (VariableName feat1_p) (VariableId 17)
                            Partition {dim 0: cyclic 1, 3, 9, 13, 39, dim 1: cyclic 1, dim 2: cyclic 1, 2, 4, 8} (VariableName feat2) (VariableId 18)
                            Partition {dim 0: cyclic 1, 2, 29, dim 1: cyclic 1, 2, 3, 6, 13, 26, 39, dim 2: cyclic 1, 2, 4, 8} (VariableName feat2_p) (VariableId 19)
                            Partition {dim 0: cyclic 1, 2, 3, 4, 6, 8, 12, 13, 16, 24, 26, 29, 32, 39, 48, 52, 58, 64, 78, 87, 96, 104, 116, 156, 174, 192, 208, 232, 312, 348, 377, 416, 464, 624, 696, 754, 832, 928} (VariableName vec1) (VariableId 20)
                            Partition {dim 0: cyclic 1, 2, 4, 8, 16 complete} (VariableName vec2) (VariableId 21)
                            +- unroll with factors 1 (Label LOAD_IMG_ROWS) (LoopId 36)
                               +- unroll with factors 1 (Label LOAD_IMG_COLS) (LoopId 37)
                                  +- pipeline (Label LOAD_IMG_CH) (LoopId 38)
                            +- unroll with factors 1 (Label CONV1_ROW) (LoopId 39)
                               +- unroll with factors 1 (Label CONV1_COL) (LoopId 40)
                                  +- pipeline (Label CONV1_FIL) (LoopId 41)
                                     +- unroll with factors 3 (Label CONV1_KR) (LoopId 42)
                                        +- unroll with factors 3 (Label CONV1_KC) (LoopId 43)
                                           +- unroll with factors 3 (Label CONV1_CH) (LoopId 44)
                            +- unroll with factors 1 (Label POOL1_ROW) (LoopId 45)
                               +- unroll with factors 1 (Label POOL1_COL) (LoopId 46)
                                  +- pipeline (Label POOL1_CH) (LoopId 47)
                            +- unroll with factors 1 (Label CONV2_ROW) (LoopId 48)
                               +- unroll with factors 1 (Label CONV2_COL) (LoopId 49)
                                  +- pipeline (Label CONV2_FIL) (LoopId 50)
                                     +- unroll with factors 3 (Label CONV2_KR) (LoopId 51)
                                        +- unroll with factors 3 (Label CONV2_KC) (LoopId 52)
                                           +- unroll with factors 8 (Label CONV2_CH) (LoopId 53)
                            +- unroll with factors 1 (Label POOL2_ROW) (LoopId 54)
                               +- unroll with factors 1 (Label POOL2_COL) (LoopId 55)
                                  +- pipeline (Label POOL2_CH) (LoopId 56)
                            +- unroll with factors 1 (Label FLATTEN) (LoopId 57)
                               +- unroll with factors 1 (LoopId 58)
                                  +- pipeline (LoopId 59)
                            +- unroll with factors 1 (Label FC1_OUT) (LoopId 60)
                               +- unroll with factors 2 (LoopId 61)
                            +- pipeline (Label FC2_LOOP) (LoopId 62)
                            
parallelismSelector::VERBO: Removing reshape options from the design space because optimizing reshape is disabled
                            
parallelismSelector::VERBO: Initial branch after applying heuristic constraints:
                            FunctionPipelineTopLevel: No
                            Partition {dim 0: cyclic 1, 2, 3, 4, 5, 6, 8, 10, 12, 15, 16, 20, 24, 30, 40, 48, 60, 80, 120, dim 1: cyclic 1, 2, 4, 5, 8, 10, 16, 20, 32, 40, 64, 80, 160, dim 2: cyclic 1} (VariableName local_img) (VariableId 15)
                            Partition {dim 0: cyclic 1, 2, 7, 14, 17, 34, 119, dim 1: cyclic 1, 2, 3, 6, 53, 106, 159, dim 2: cyclic 1, 2, 4} (VariableName feat1) (VariableId 16)
                            Partition {dim 0: cyclic 1, 7, 17, dim 1: cyclic 1, 3, 53, dim 2: cyclic 1, 2, 4} (VariableName feat1_p) (VariableId 17)
                            Partition {dim 0: cyclic 1, 3, 9, 13, 39, dim 1: cyclic 1, dim 2: cyclic 1, 2, 4, 8} (VariableName feat2) (VariableId 18)
                            Partition {dim 0: cyclic 1, 2, 29, dim 1: cyclic 1, 2, 3, 6, 13, 26, 39, dim 2: cyclic 1, 2, 4, 8} (VariableName feat2_p) (VariableId 19)
                            Partition {dim 0: cyclic 1, 2, 3, 4, 6, 8, 12, 13, 16, 24, 26, 29, 32, 39, 48, 52, 58, 64, 78, 87, 96, 104, 116, 156, 174, 192, 208, 232, 312, 348, 377, 416, 464, 624, 696, 754, 832, 928} (VariableName vec1) (VariableId 20)
                            Partition {dim 0: cyclic 1, 2, 4, 8, 16 complete} (VariableName vec2) (VariableId 21)
                            +- unroll with factors 1 (Label LOAD_IMG_ROWS) (LoopId 36)
                               +- unroll with factors 1 (Label LOAD_IMG_COLS) (LoopId 37)
                                  +- pipeline (Label LOAD_IMG_CH) (LoopId 38)
                            +- unroll with factors 1 (Label CONV1_ROW) (LoopId 39)
                               +- unroll with factors 1 (Label CONV1_COL) (LoopId 40)
                                  +- pipeline (Label CONV1_FIL) (LoopId 41)
                                     +- unroll with factors 3 (Label CONV1_KR) (LoopId 42)
                                        +- unroll with factors 3 (Label CONV1_KC) (LoopId 43)
                                           +- unroll with factors 3 (Label CONV1_CH) (LoopId 44)
                            +- unroll with factors 1 (Label POOL1_ROW) (LoopId 45)
                               +- unroll with factors 1 (Label POOL1_COL) (LoopId 46)
                                  +- pipeline (Label POOL1_CH) (LoopId 47)
                            +- unroll with factors 1 (Label CONV2_ROW) (LoopId 48)
                               +- unroll with factors 1 (Label CONV2_COL) (LoopId 49)
                                  +- pipeline (Label CONV2_FIL) (LoopId 50)
                                     +- unroll with factors 3 (Label CONV2_KR) (LoopId 51)
                                        +- unroll with factors 3 (Label CONV2_KC) (LoopId 52)
                                           +- unroll with factors 8 (Label CONV2_CH) (LoopId 53)
                            +- unroll with factors 1 (Label POOL2_ROW) (LoopId 54)
                               +- unroll with factors 1 (Label POOL2_COL) (LoopId 55)
                                  +- pipeline (Label POOL2_CH) (LoopId 56)
                            +- unroll with factors 1 (Label FLATTEN) (LoopId 57)
                               +- unroll with factors 1 (LoopId 58)
                                  +- pipeline (LoopId 59)
                            +- unroll with factors 1 (Label FC1_OUT) (LoopId 60)
                               +- unroll with factors 2 (LoopId 61)
                            +- pipeline (Label FC2_LOOP) (LoopId 62)
                            
parallelismSelector::VERBO: Initial branch after applying second round of Xilinx constraints:
                            FunctionPipelineTopLevel: No
                            Partition {dim 0: cyclic 1, 2, 3, 4, 5, 6, 8, 10, 12, 15, 16, 20, 24, 30, 40, 48, 60, 80, 120, dim 1: cyclic 1, 2, 4, 5, 8, 10, 16, 20, 32, 40, 64, 80, 160, dim 2: cyclic 1} (VariableName local_img) (VariableId 15)
                            Partition {dim 0: cyclic 1, 2, 7, 14, 17, 34, 119, dim 1: cyclic 1, 2, 3, 6, 53, 106, 159, dim 2: cyclic 1, 2, 4} (VariableName feat1) (VariableId 16)
                            Partition {dim 0: cyclic 1, 7, 17, dim 1: cyclic 1, 3, 53, dim 2: cyclic 1, 2, 4} (VariableName feat1_p) (VariableId 17)
                            Partition {dim 0: cyclic 1, 3, 9, 13, 39, dim 1: cyclic 1, dim 2: cyclic 1, 2, 4, 8} (VariableName feat2) (VariableId 18)
                            Partition {dim 0: cyclic 1, 2, 29, dim 1: cyclic 1, 2, 3, 6, 13, 26, 39, dim 2: cyclic 1, 2, 4, 8} (VariableName feat2_p) (VariableId 19)
                            Partition {dim 0: cyclic 1, 2, 3, 4, 6, 8, 12, 13, 16, 24, 26, 29, 32, 39, 48, 52, 58, 64, 78, 87, 96, 104, 116, 156, 174, 192, 208, 232, 312, 348, 377, 416, 464, 624, 696, 754, 832, 928} (VariableName vec1) (VariableId 20)
                            Partition {dim 0: cyclic 1, 2, 4, 8, 16 complete} (VariableName vec2) (VariableId 21)
                            +- unroll with factors 1 (Label LOAD_IMG_ROWS) (LoopId 36)
                               +- unroll with factors 1 (Label LOAD_IMG_COLS) (LoopId 37)
                                  +- pipeline (Label LOAD_IMG_CH) (LoopId 38)
                            +- unroll with factors 1 (Label CONV1_ROW) (LoopId 39)
                               +- unroll with factors 1 (Label CONV1_COL) (LoopId 40)
                                  +- pipeline (Label CONV1_FIL) (LoopId 41)
                                     +- unroll with factors 3 (Label CONV1_KR) (LoopId 42)
                                        +- unroll with factors 3 (Label CONV1_KC) (LoopId 43)
                                           +- unroll with factors 3 (Label CONV1_CH) (LoopId 44)
                            +- unroll with factors 1 (Label POOL1_ROW) (LoopId 45)
                               +- unroll with factors 1 (Label POOL1_COL) (LoopId 46)
                                  +- pipeline (Label POOL1_CH) (LoopId 47)
                            +- unroll with factors 1 (Label CONV2_ROW) (LoopId 48)
                               +- unroll with factors 1 (Label CONV2_COL) (LoopId 49)
                                  +- pipeline (Label CONV2_FIL) (LoopId 50)
                                     +- unroll with factors 3 (Label CONV2_KR) (LoopId 51)
                                        +- unroll with factors 3 (Label CONV2_KC) (LoopId 52)
                                           +- unroll with factors 8 (Label CONV2_CH) (LoopId 53)
                            +- unroll with factors 1 (Label POOL2_ROW) (LoopId 54)
                               +- unroll with factors 1 (Label POOL2_COL) (LoopId 55)
                                  +- pipeline (Label POOL2_CH) (LoopId 56)
                            +- unroll with factors 1 (Label FLATTEN) (LoopId 57)
                               +- unroll with factors 1 (LoopId 58)
                                  +- pipeline (LoopId 59)
                            +- unroll with factors 1 (Label FC1_OUT) (LoopId 60)
                               +- unroll with factors 2 (LoopId 61)
                            +- pipeline (Label FC2_LOOP) (LoopId 62)
                            
parallelismSelector::VERBO: Initial branch after performance pragma constraints:
                            FunctionPipelineTopLevel: No
                            Partition {dim 0: cyclic 1, dim 1: cyclic 1, dim 2: cyclic 1} (VariableName local_img) (VariableId 15)
                            Partition {dim 0: cyclic 1, dim 1: cyclic 1, dim 2: cyclic 1} (VariableName feat1) (VariableId 16)
                            Partition {dim 0: cyclic 1, dim 1: cyclic 1, dim 2: cyclic 1} (VariableName feat1_p) (VariableId 17)
                            Partition {dim 0: cyclic 1, dim 1: cyclic 1, dim 2: cyclic 1} (VariableName feat2) (VariableId 18)
                            Partition {dim 0: cyclic 1, dim 1: cyclic 1, dim 2: cyclic 1} (VariableName feat2_p) (VariableId 19)
                            Partition {dim 0: cyclic 1} (VariableName vec1) (VariableId 20)
                            Partition {dim 0: cyclic 1} (VariableName vec2) (VariableId 21)
                            +- unroll with factors 1 (Label LOAD_IMG_ROWS) (LoopId 36)
                               +- unroll with factors 1 (Label LOAD_IMG_COLS) (LoopId 37)
                                  +- pipeline (Label LOAD_IMG_CH) (LoopId 38)
                            +- unroll with factors 1 (Label CONV1_ROW) (LoopId 39)
                               +- unroll with factors 1 (Label CONV1_COL) (LoopId 40)
                                  +- pipeline (Label CONV1_FIL) (LoopId 41)
                                     +- unroll with factors 3 (Label CONV1_KR) (LoopId 42)
                                        +- unroll with factors 3 (Label CONV1_KC) (LoopId 43)
                                           +- unroll with factors 3 (Label CONV1_CH) (LoopId 44)
                            +- unroll with factors 1 (Label POOL1_ROW) (LoopId 45)
                               +- unroll with factors 1 (Label POOL1_COL) (LoopId 46)
                                  +- pipeline (Label POOL1_CH) (LoopId 47)
                            +- unroll with factors 1 (Label CONV2_ROW) (LoopId 48)
                               +- unroll with factors 1 (Label CONV2_COL) (LoopId 49)
                                  +- pipeline (Label CONV2_FIL) (LoopId 50)
                                     +- unroll with factors 3 (Label CONV2_KR) (LoopId 51)
                                        +- unroll with factors 3 (Label CONV2_KC) (LoopId 52)
                                           +- unroll with factors 8 (Label CONV2_CH) (LoopId 53)
                            +- unroll with factors 1 (Label POOL2_ROW) (LoopId 54)
                               +- unroll with factors 1 (Label POOL2_COL) (LoopId 55)
                                  +- pipeline (Label POOL2_CH) (LoopId 56)
                            +- unroll with factors 1 (Label FLATTEN) (LoopId 57)
                               +- unroll with factors 1 (LoopId 58)
                                  +- pipeline (LoopId 59)
                            +- unroll with factors 1 (Label FC1_OUT) (LoopId 60)
                               +- unroll with factors 2 (LoopId 61)
                            +- pipeline (Label FC2_LOOP) (LoopId 62)
                            
parallelismSelector::VERBO: Initial branch after PerfEst evaluation constraints:
                            FunctionPipelineTopLevel: No
                            Partition {dim 0: cyclic 1, dim 1: cyclic 1, dim 2: cyclic 1} (VariableName local_img) (VariableId 15)
                            Partition {dim 0: cyclic 1, dim 1: cyclic 1, dim 2: cyclic 1} (VariableName feat1) (VariableId 16)
                            Partition {dim 0: cyclic 1, dim 1: cyclic 1, dim 2: cyclic 1} (VariableName feat1_p) (VariableId 17)
                            Partition {dim 0: cyclic 1, dim 1: cyclic 1, dim 2: cyclic 1} (VariableName feat2) (VariableId 18)
                            Partition {dim 0: cyclic 1, dim 1: cyclic 1, dim 2: cyclic 1} (VariableName feat2_p) (VariableId 19)
                            Partition {dim 0: cyclic 1} (VariableName vec1) (VariableId 20)
                            Partition {dim 0: cyclic 1} (VariableName vec2) (VariableId 21)
                            +- unroll with factors 1 (Label LOAD_IMG_ROWS) (LoopId 36)
                               +- unroll with factors 1 (Label LOAD_IMG_COLS) (LoopId 37)
                                  +- pipeline (Label LOAD_IMG_CH) (LoopId 38)
                            +- unroll with factors 1 (Label CONV1_ROW) (LoopId 39)
                               +- unroll with factors 1 (Label CONV1_COL) (LoopId 40)
                                  +- pipeline (Label CONV1_FIL) (LoopId 41)
                                     +- unroll with factors 3 (Label CONV1_KR) (LoopId 42)
                                        +- unroll with factors 3 (Label CONV1_KC) (LoopId 43)
                                           +- unroll with factors 3 (Label CONV1_CH) (LoopId 44)
                            +- unroll with factors 1 (Label POOL1_ROW) (LoopId 45)
                               +- unroll with factors 1 (Label POOL1_COL) (LoopId 46)
                                  +- pipeline (Label POOL1_CH) (LoopId 47)
                            +- unroll with factors 1 (Label CONV2_ROW) (LoopId 48)
                               +- unroll with factors 1 (Label CONV2_COL) (LoopId 49)
                                  +- pipeline (Label CONV2_FIL) (LoopId 50)
                                     +- unroll with factors 3 (Label CONV2_KR) (LoopId 51)
                                        +- unroll with factors 3 (Label CONV2_KC) (LoopId 52)
                                           +- unroll with factors 8 (Label CONV2_CH) (LoopId 53)
                            +- unroll with factors 1 (Label POOL2_ROW) (LoopId 54)
                               +- unroll with factors 1 (Label POOL2_COL) (LoopId 55)
                                  +- pipeline (Label POOL2_CH) (LoopId 56)
                            +- unroll with factors 1 (Label FLATTEN) (LoopId 57)
                               +- unroll with factors 1 (LoopId 58)
                                  +- pipeline (LoopId 59)
                            +- unroll with factors 1 (Label FC1_OUT) (LoopId 60)
                               +- unroll with factors 2 (LoopId 61)
                            +- pipeline (Label FC2_LOOP) (LoopId 62)
                            
parallelismSelector::VERBO: Initial constrained branch:
                            FunctionPipelineTopLevel: No
                            Partition {dim 0: cyclic 1, dim 1: cyclic 1, dim 2: cyclic 1} (VariableName local_img) (VariableId 15)
                            Partition {dim 0: cyclic 1, dim 1: cyclic 1, dim 2: cyclic 1} (VariableName feat1) (VariableId 16)
                            Partition {dim 0: cyclic 1, dim 1: cyclic 1, dim 2: cyclic 1} (VariableName feat1_p) (VariableId 17)
                            Partition {dim 0: cyclic 1, dim 1: cyclic 1, dim 2: cyclic 1} (VariableName feat2) (VariableId 18)
                            Partition {dim 0: cyclic 1, dim 1: cyclic 1, dim 2: cyclic 1} (VariableName feat2_p) (VariableId 19)
                            Partition {dim 0: cyclic 1} (VariableName vec1) (VariableId 20)
                            Partition {dim 0: cyclic 1} (VariableName vec2) (VariableId 21)
                            +- unroll with factors 1 (Label LOAD_IMG_ROWS) (LoopId 36)
                               +- unroll with factors 1 (Label LOAD_IMG_COLS) (LoopId 37)
                                  +- pipeline (Label LOAD_IMG_CH) (LoopId 38)
                            +- unroll with factors 1 (Label CONV1_ROW) (LoopId 39)
                               +- unroll with factors 1 (Label CONV1_COL) (LoopId 40)
                                  +- pipeline (Label CONV1_FIL) (LoopId 41)
                                     +- unroll with factors 3 (Label CONV1_KR) (LoopId 42)
                                        +- unroll with factors 3 (Label CONV1_KC) (LoopId 43)
                                           +- unroll with factors 3 (Label CONV1_CH) (LoopId 44)
                            +- unroll with factors 1 (Label POOL1_ROW) (LoopId 45)
                               +- unroll with factors 1 (Label POOL1_COL) (LoopId 46)
                                  +- pipeline (Label POOL1_CH) (LoopId 47)
                            +- unroll with factors 1 (Label CONV2_ROW) (LoopId 48)
                               +- unroll with factors 1 (Label CONV2_COL) (LoopId 49)
                                  +- pipeline (Label CONV2_FIL) (LoopId 50)
                                     +- unroll with factors 3 (Label CONV2_KR) (LoopId 51)
                                        +- unroll with factors 3 (Label CONV2_KC) (LoopId 52)
                                           +- unroll with factors 8 (Label CONV2_CH) (LoopId 53)
                            +- unroll with factors 1 (Label POOL2_ROW) (LoopId 54)
                               +- unroll with factors 1 (Label POOL2_COL) (LoopId 55)
                                  +- pipeline (Label POOL2_CH) (LoopId 56)
                            +- unroll with factors 1 (Label FLATTEN) (LoopId 57)
                               +- unroll with factors 1 (LoopId 58)
                                  +- pipeline (LoopId 59)
                            +- unroll with factors 1 (Label FC1_OUT) (LoopId 60)
                               +- unroll with factors 2 (LoopId 61)
                            +- pipeline (Label FC2_LOOP) (LoopId 62)
                            
parallelismSelector::VERBO: ../hls_files/conv_pool.cpp:275:19: warning: Call to external function '_ZN3hls4tanhEf' cannot be estimated
                            
parallelismSelector::VERBO: HPE - Calculating latency and area for design space...
                            Setting Space: FunctionPipelineTopLevel: No
                            Partition {dim 0: cyclic 1, dim 1: cyclic 1, dim 2: cyclic 1} (VariableId 15)
                            Partition {dim 0: cyclic 1, dim 1: cyclic 1, dim 2: cyclic 1} (VariableId 16)
                            Partition {dim 0: cyclic 1, dim 1: cyclic 1, dim 2: cyclic 1} (VariableId 17)
                            Partition {dim 0: cyclic 1, dim 1: cyclic 1, dim 2: cyclic 1} (VariableId 18)
                            Partition {dim 0: cyclic 1, dim 1: cyclic 1, dim 2: cyclic 1} (VariableId 19)
                            Partition {dim 0: cyclic 1} (VariableId 20)
                            Partition {dim 0: cyclic 1} (VariableId 21)
                            +- unroll with factors 1 (Label LOAD_IMG_ROWS) (LoopId 36)
                               +- unroll with factors 1 (Label LOAD_IMG_COLS) (LoopId 37)
                                  +- pipeline (Label LOAD_IMG_CH) (LoopId 38)
                            +- unroll with factors 1 (Label CONV1_ROW) (LoopId 39)
                               +- unroll with factors 1 (Label CONV1_COL) (LoopId 40)
                                  +- pipeline (Label CONV1_FIL) (LoopId 41)
                                     +- unroll with factors 3 (Label CONV1_KR) (LoopId 42)
                                        +- unroll with factors 3 (Label CONV1_KC) (LoopId 43)
                                           +- unroll with factors 3 (Label CONV1_CH) (LoopId 44)
                            +- unroll with factors 1 (Label POOL1_ROW) (LoopId 45)
                               +- unroll with factors 1 (Label POOL1_COL) (LoopId 46)
                                  +- pipeline (Label POOL1_CH) (LoopId 47)
                            +- unroll with factors 1 (Label CONV2_ROW) (LoopId 48)
                               +- unroll with factors 1 (Label CONV2_COL) (LoopId 49)
                                  +- pipeline (Label CONV2_FIL) (LoopId 50)
                                     +- unroll with factors 3 (Label CONV2_KR) (LoopId 51)
                                        +- unroll with factors 3 (Label CONV2_KC) (LoopId 52)
                                           +- unroll with factors 8 (Label CONV2_CH) (LoopId 53)
                            +- unroll with factors 1 (Label POOL2_ROW) (LoopId 54)
                               +- unroll with factors 1 (Label POOL2_COL) (LoopId 55)
                                  +- pipeline (Label POOL2_CH) (LoopId 56)
                            +- unroll with factors 1 (Label FLATTEN) (LoopId 57)
                               +- unroll with factors 1 (LoopId 58)
                                  +- pipeline (LoopId 59)
                            +- unroll with factors 1 (Label FC1_OUT) (LoopId 60)
                               +- unroll with factors 2 (LoopId 61)
                            +- pipeline (Label FC2_LOOP) (LoopId 62)
                            
parallelismSelector::VERBO: Calculating latency for top level hw function: cnn_accel
parallelismSelector::VERBO: [LatencyEstimationVisitor] CallSite: CS(3 F=236) (187->105)
parallelismSelector::VERBO: [LatencyEstimationVisitor] Equivalence table
                             Object with value: 187 is mapped to the object with value: 105
                            
parallelismSelector::VERBO: [LatencyEstimationVisitor] CallSite: CS(11 F=228) (117->187)(118->15)
parallelismSelector::VERBO: [LatencyEstimationVisitor] Equivalence table
                             Object with value: 117 is mapped to the object with value: 105
                             Object with value: 118 is mapped to the object with value: 15
                             Object with value: 187 is mapped to the object with value: 105
                            
parallelismSelector::VERBO: Analyzing Loop "LOAD_IMG_CH" (LoopId 38):
parallelismSelector::VERBO:     MARegionScheduler::finalize():
parallelismSelector::VERBO:        - LoopId: 38 Label: LOAD_IMG_CH
parallelismSelector::VERBO:          - EndCycles: for.body6 -> {1: 2}
parallelismSelector::VERBO:        - MaxEndCycle: {1: 2}
parallelismSelector::VERBO:        - Critical path: for.body6
parallelismSelector::VERBO:     hasRAW: 0
parallelismSelector::VERBO:        - IIMem: {1: 1}, OwnedIIMem: {1: 1}, NestedIIMem: {1: 0}
parallelismSelector::VERBO: 
parallelismSelector::VERBO: Analyzing Loop "LOAD_IMG_COLS" (LoopId 37):
parallelismSelector::VERBO:         LoopId: 38, Label: LOAD_IMG_CH, TC: 3, IL: {1: 2}, IIMem: {1: 1}, IIDep 0
parallelismSelector::VERBO:         Overall latency for nested loop (LoopId 38): 5
parallelismSelector::VERBO:     MARegionScheduler::finalize():
parallelismSelector::VERBO:        - LoopId: 37 Label: LOAD_IMG_COLS
parallelismSelector::VERBO:          - EndCycles: for.end -> {1: 5}
parallelismSelector::VERBO:          - EndCycles: for.body3 -> {1: 1}
parallelismSelector::VERBO:          - EndCycles: for.body6 -> {1: 5}
parallelismSelector::VERBO:        - MaxEndCycle: {1: 5}
parallelismSelector::VERBO:        - Critical path: for.end, for.body3, for.body6
parallelismSelector::VERBO:     hasRAW: 0
parallelismSelector::VERBO:        - IIMem: {1: 0}, OwnedIIMem: {1: 0}, NestedIIMem: {1: 0}
parallelismSelector::VERBO: 
parallelismSelector::VERBO: Analyzing Loop "LOAD_IMG_ROWS" (LoopId 36):
parallelismSelector::VERBO:         LoopId: 37, Label: LOAD_IMG_COLS, TC: 320, IL: {1: 5}, IIMem: {1: 0}, IIDep 0
parallelismSelector::VERBO:         Overall latency for nested loop (LoopId 37): 1600
parallelismSelector::VERBO:     MARegionScheduler::finalize():
parallelismSelector::VERBO:        - LoopId: 36 Label: LOAD_IMG_ROWS
parallelismSelector::VERBO:          - EndCycles: for.end -> {1: 1600}
parallelismSelector::VERBO:          - EndCycles: for.body -> {1: 1}
parallelismSelector::VERBO:          - EndCycles: for.end17 -> {1: 1600}
parallelismSelector::VERBO:        - MaxEndCycle: {1: 1600}
parallelismSelector::VERBO:        - Critical path: for.end, for.body, for.end17, for.body3
parallelismSelector::VERBO:     hasRAW: 0
parallelismSelector::VERBO:        - IIMem: {1: 0}, OwnedIIMem: {1: 0}, NestedIIMem: {1: 0}
parallelismSelector::VERBO: 
parallelismSelector::VERBO: Analyzing Function "load_img" (FunctionId 228):
parallelismSelector::VERBO:         LoopId: 36, Label: LOAD_IMG_ROWS, TC: 240, IL: {1: 1600}, IIMem: {1: 0}, IIDep 0
parallelismSelector::VERBO:         Overall latency for nested loop (LoopId 36): 384000
parallelismSelector::VERBO:     MARegionScheduler::finalize():
parallelismSelector::VERBO:        - Function: _Z8load_imgPKfPA320_A3_f
parallelismSelector::VERBO:          - EndCycles: entry -> {1: 1}
parallelismSelector::VERBO:          - EndCycles: for.end17 -> {1: 384001}
parallelismSelector::VERBO:          - EndCycles: for.end20 -> {1: 384001}
parallelismSelector::VERBO:        - MaxEndCycle: {1: 384001}
parallelismSelector::VERBO:        - Critical path: entry, for.body, for.end17, for.end20
parallelismSelector::VERBO: 
parallelismSelector::VERBO: Analyzing Function "Outline_T3_F227_R2_Call" (FunctionId 236):
parallelismSelector::VERBO:     MARegionScheduler::finalize():
parallelismSelector::VERBO:        - Function: Outline_T3_F227_R2_Call
parallelismSelector::VERBO:          - EndCycles: newFuncRoot_iso0 -> {1: 384002}
parallelismSelector::VERBO:          - EndCycles: newFuncRoot -> {1: 1}
parallelismSelector::VERBO:        - MaxEndCycle: {1: 384002}
parallelismSelector::VERBO:        - Critical path: newFuncRoot_iso0, newFuncRoot
parallelismSelector::VERBO: 
parallelismSelector::VERBO: [LatencyEstimationVisitor] CallSite: CS(4 F=237) (188->106)(189->107)
parallelismSelector::VERBO: [LatencyEstimationVisitor] Equivalence table
                             Object with value: 188 is mapped to the object with value: 106
                             Object with value: 189 is mapped to the object with value: 107
                            
parallelismSelector::VERBO: [LatencyEstimationVisitor] CallSite: CS(12 F=229) (123->15)(124->188)(125->189)(126->16)
parallelismSelector::VERBO: [LatencyEstimationVisitor] Equivalence table
                             Object with value: 123 is mapped to the object with value: 15
                             Object with value: 124 is mapped to the object with value: 106
                             Object with value: 125 is mapped to the object with value: 107
                             Object with value: 126 is mapped to the object with value: 16
                             Object with value: 188 is mapped to the object with value: 106
                             Object with value: 189 is mapped to the object with value: 107
                            
parallelismSelector::VERBO: Analyzing Loop "CONV1_CH" (LoopId 44):
parallelismSelector::VERBO:     MARegionScheduler::finalize():
parallelismSelector::VERBO:        - LoopId: 44 Label: CONV1_CH
parallelismSelector::VERBO:          - EndCycles: for.body15 -> {3: 9}
parallelismSelector::VERBO:        - MaxEndCycle: {3: 9}
parallelismSelector::VERBO:        - Critical path: for.body15
parallelismSelector::VERBO:     hasRAW: 1
parallelismSelector::VERBO:     Recurrence: Circuit=6:1 -> 6:26 -> 6:1
parallelismSelector::VERBO:       distance=4
parallelismSelector::VERBO:        - IIMem: {3: 0}, OwnedIIMem: {3: 0}, NestedIIMem: {3: 0}
parallelismSelector::VERBO: 
parallelismSelector::VERBO: Analyzing Loop "CONV1_KC" (LoopId 43):
parallelismSelector::VERBO:         LoopId: 44, Label: CONV1_CH, TC: 3, IL: {3: 9}, IIMem: {3: 0}, IIDep 4
parallelismSelector::VERBO:         Overall latency for nested loop (LoopId 44): 16
parallelismSelector::VERBO:     MARegionScheduler::finalize():
parallelismSelector::VERBO:        - LoopId: 43 Label: CONV1_KC
parallelismSelector::VERBO:          - EndCycles: for.body12 -> {3: 1}
parallelismSelector::VERBO:          - EndCycles: for.end -> {3: 16}
parallelismSelector::VERBO:          - EndCycles: for.body15 -> {3: 16}
parallelismSelector::VERBO:        - MaxEndCycle: {3: 16}
parallelismSelector::VERBO:        - Critical path: for.body12, for.end, for.body15
parallelismSelector::VERBO:     hasRAW: 1
parallelismSelector::VERBO:     Recurrence: Circuit=5:1 -> 6:1 -> 6:26 -> 7:0 -> 5:1
parallelismSelector::VERBO:       distance=4
parallelismSelector::VERBO:        - IIMem: {3: 0}, OwnedIIMem: {3: 0}, NestedIIMem: {3: 0}
parallelismSelector::VERBO: 
parallelismSelector::VERBO: Analyzing Loop "CONV1_KR" (LoopId 42):
parallelismSelector::VERBO:         LoopId: 43, Label: CONV1_KC, TC: 3, IL: {3: 16}, IIMem: {3: 0}, IIDep 4
parallelismSelector::VERBO:         Overall latency for nested loop (LoopId 43): 23
parallelismSelector::VERBO:     MARegionScheduler::finalize():
parallelismSelector::VERBO:        - LoopId: 42 Label: CONV1_KR
parallelismSelector::VERBO:          - EndCycles: for.body9 -> {3: 1}
parallelismSelector::VERBO:          - EndCycles: for.end -> {3: 23}
parallelismSelector::VERBO:          - EndCycles: for.end34 -> {3: 23}
parallelismSelector::VERBO:        - MaxEndCycle: {3: 23}
parallelismSelector::VERBO:        - Critical path: for.body12, for.body9, for.end, for.end34
parallelismSelector::VERBO:     hasRAW: 1
parallelismSelector::VERBO:     Recurrence: Circuit=4:1 -> 5:1 -> 6:1 -> 6:26 -> 7:0 -> 8:0 -> 4:1
parallelismSelector::VERBO:       distance=4
parallelismSelector::VERBO:        - IIMem: {3: 0}, OwnedIIMem: {3: 0}, NestedIIMem: {3: 0}
parallelismSelector::VERBO: 
parallelismSelector::VERBO: Analyzing Loop "CONV1_FIL" (LoopId 41):
parallelismSelector::VERBO:         LoopId: 42, Label: CONV1_KR, TC: 3, IL: {3: 23}, IIMem: {3: 0}, IIDep 4
parallelismSelector::VERBO:         Overall latency for nested loop (LoopId 42): 30
parallelismSelector::VERBO:     MARegionScheduler::finalize():
parallelismSelector::VERBO:        - LoopId: 41 Label: CONV1_FIL
parallelismSelector::VERBO:          - EndCycles: for.body6 -> {1: 2}
parallelismSelector::VERBO:          - EndCycles: cond.true -> {1: 32}
parallelismSelector::VERBO:          - EndCycles: for.end34 -> {1: 31}
parallelismSelector::VERBO:          - EndCycles: cond.false -> {1: 32}
parallelismSelector::VERBO:          - EndCycles: for.end37 -> {1: 31}
parallelismSelector::VERBO:          - EndCycles: cond.end -> {1: 33}
parallelismSelector::VERBO:        - MaxEndCycle: {1: 33}
parallelismSelector::VERBO:        - Critical path: for.body6, cond.true, for.body9, for.end34, cond.false, for.end37, cond.end
parallelismSelector::VERBO:     hasRAW: 0
parallelismSelector::VERBO:        - IIMem: {1: 28}, OwnedIIMem: {1: 1}, NestedIIMem: {1: 27}
parallelismSelector::VERBO: 
parallelismSelector::VERBO: Analyzing Loop "CONV1_COL" (LoopId 40):
parallelismSelector::VERBO:         LoopId: 41, Label: CONV1_FIL, TC: 8, IL: {1: 33}, IIMem: {1: 28}, IIDep 0
parallelismSelector::VERBO:         Overall latency for nested loop (LoopId 41): 257
parallelismSelector::VERBO:     MARegionScheduler::finalize():
parallelismSelector::VERBO:        - LoopId: 40 Label: CONV1_COL
parallelismSelector::VERBO:          - EndCycles: for.body3 -> {1: 1}
parallelismSelector::VERBO:          - EndCycles: for.end47 -> {1: 257}
parallelismSelector::VERBO:          - EndCycles: cond.end -> {1: 257}
parallelismSelector::VERBO:        - MaxEndCycle: {1: 257}
parallelismSelector::VERBO:        - Critical path: for.body6, for.body3, for.end47, cond.end
parallelismSelector::VERBO:     hasRAW: 0
parallelismSelector::VERBO:        - IIMem: {1: 0}, OwnedIIMem: {1: 0}, NestedIIMem: {1: 0}
parallelismSelector::VERBO: 
parallelismSelector::VERBO: Analyzing Loop "CONV1_ROW" (LoopId 39):
parallelismSelector::VERBO:         LoopId: 40, Label: CONV1_COL, TC: 318, IL: {1: 257}, IIMem: {1: 0}, IIDep 0
parallelismSelector::VERBO:         Overall latency for nested loop (LoopId 40): 81726
parallelismSelector::VERBO:     MARegionScheduler::finalize():
parallelismSelector::VERBO:        - LoopId: 39 Label: CONV1_ROW
parallelismSelector::VERBO:          - EndCycles: for.end50 -> {1: 81726}
parallelismSelector::VERBO:          - EndCycles: for.body -> {1: 1}
parallelismSelector::VERBO:          - EndCycles: for.end47 -> {1: 81726}
parallelismSelector::VERBO:        - MaxEndCycle: {1: 81726}
parallelismSelector::VERBO:        - Critical path: for.end50, for.body, for.body3, for.end47
parallelismSelector::VERBO:     hasRAW: 0
parallelismSelector::VERBO:        - IIMem: {1: 0}, OwnedIIMem: {1: 0}, NestedIIMem: {1: 0}
parallelismSelector::VERBO: 
parallelismSelector::VERBO: Analyzing Function "conv1" (FunctionId 229):
parallelismSelector::VERBO:         LoopId: 39, Label: CONV1_ROW, TC: 238, IL: {1: 81726}, IIMem: {1: 0}, IIDep 0
parallelismSelector::VERBO:         Overall latency for nested loop (LoopId 39): 19450788
parallelismSelector::VERBO:     MARegionScheduler::finalize():
parallelismSelector::VERBO:        - Function: _Z5conv1PA320_A3_KfPS_S3_PA318_A8_f
parallelismSelector::VERBO:          - EndCycles: for.end50 -> {1: 19450789}
parallelismSelector::VERBO:          - EndCycles: for.end53 -> {1: 19450789}
parallelismSelector::VERBO:          - EndCycles: entry -> {1: 1}
parallelismSelector::VERBO:        - MaxEndCycle: {1: 19450789}
parallelismSelector::VERBO:        - Critical path: for.end50, for.end53, for.body, entry
parallelismSelector::VERBO: 
parallelismSelector::VERBO: Analyzing Function "Outline_T4_F227_R3_Call" (FunctionId 237):
parallelismSelector::VERBO:     MARegionScheduler::finalize():
parallelismSelector::VERBO:        - Function: Outline_T4_F227_R3_Call
parallelismSelector::VERBO:          - EndCycles: newFuncRoot -> {1: 1}
parallelismSelector::VERBO:          - EndCycles: newFuncRoot_iso0 -> {1: 19450790}
parallelismSelector::VERBO:        - MaxEndCycle: {1: 19450790}
parallelismSelector::VERBO:        - Critical path: newFuncRoot, newFuncRoot_iso0
parallelismSelector::VERBO: 
parallelismSelector::VERBO: [LatencyEstimationVisitor] CallSite: CS(5 F=238) 
parallelismSelector::VERBO: [LatencyEstimationVisitor] Equivalence table
                            
parallelismSelector::VERBO: [LatencyEstimationVisitor] CallSite: CS(13 F=230) (135->16)(136->17)
parallelismSelector::VERBO: [LatencyEstimationVisitor] Equivalence table
                             Object with value: 135 is mapped to the object with value: 16
                             Object with value: 136 is mapped to the object with value: 17
                            
parallelismSelector::VERBO: Analyzing Loop "POOL1_CH" (LoopId 47):
parallelismSelector::VERBO:     MARegionScheduler::finalize():
parallelismSelector::VERBO:        - LoopId: 47 Label: POOL1_CH
parallelismSelector::VERBO:          - EndCycles: cond.false42 -> {1: 4}
parallelismSelector::VERBO:          - EndCycles: cond.true -> {1: 2}
parallelismSelector::VERBO:          - EndCycles: cond.end -> {1: 3}
parallelismSelector::VERBO:          - EndCycles: cond.false -> {1: 2}
parallelismSelector::VERBO:          - EndCycles: cond.false47 -> {1: 6}
parallelismSelector::VERBO:          - EndCycles: for.body6 -> {1: 2}
parallelismSelector::VERBO:          - EndCycles: cond.true41 -> {1: 4}
parallelismSelector::VERBO:          - EndCycles: cond.end43 -> {1: 5}
parallelismSelector::VERBO:          - EndCycles: cond.true46 -> {1: 6}
parallelismSelector::VERBO:          - EndCycles: cond.end48 -> {1: 7}
parallelismSelector::VERBO:        - MaxEndCycle: {1: 7}
parallelismSelector::VERBO:        - Critical path: cond.false42, cond.true, cond.end, cond.false, cond.false47, for.body6, cond.true41, cond.end43, cond.true46, cond.end48
parallelismSelector::VERBO:     hasRAW: 0
parallelismSelector::VERBO:        - IIMem: {1: 2}, OwnedIIMem: {1: 2}, NestedIIMem: {1: 0}
parallelismSelector::VERBO: 
parallelismSelector::VERBO: Analyzing Loop "POOL1_COL" (LoopId 46):
parallelismSelector::VERBO:         LoopId: 47, Label: POOL1_CH, TC: 8, IL: {1: 7}, IIMem: {1: 2}, IIDep 0
parallelismSelector::VERBO:         Overall latency for nested loop (LoopId 47): 23
parallelismSelector::VERBO:     MARegionScheduler::finalize():
parallelismSelector::VERBO:        - LoopId: 46 Label: POOL1_COL
parallelismSelector::VERBO:          - EndCycles: for.end -> {1: 23}
parallelismSelector::VERBO:          - EndCycles: for.body3 -> {1: 1}
parallelismSelector::VERBO:          - EndCycles: cond.end48 -> {1: 23}
parallelismSelector::VERBO:        - MaxEndCycle: {1: 23}
parallelismSelector::VERBO:        - Critical path: for.end, for.body3, for.body6, cond.end48
parallelismSelector::VERBO:     hasRAW: 0
parallelismSelector::VERBO:        - IIMem: {1: 0}, OwnedIIMem: {1: 0}, NestedIIMem: {1: 0}
parallelismSelector::VERBO: 
parallelismSelector::VERBO: Analyzing Loop "POOL1_ROW" (LoopId 45):
parallelismSelector::VERBO:         LoopId: 46, Label: POOL1_COL, TC: 159, IL: {1: 23}, IIMem: {1: 0}, IIDep 0
parallelismSelector::VERBO:         Overall latency for nested loop (LoopId 46): 3657
parallelismSelector::VERBO:     MARegionScheduler::finalize():
parallelismSelector::VERBO:        - LoopId: 45 Label: POOL1_ROW
parallelismSelector::VERBO:          - EndCycles: for.end -> {1: 3657}
parallelismSelector::VERBO:          - EndCycles: for.end58 -> {1: 3657}
parallelismSelector::VERBO:          - EndCycles: for.body -> {1: 1}
parallelismSelector::VERBO:        - MaxEndCycle: {1: 3657}
parallelismSelector::VERBO:        - Critical path: for.end, for.end58, for.body, for.body3
parallelismSelector::VERBO:     hasRAW: 0
parallelismSelector::VERBO:        - IIMem: {1: 0}, OwnedIIMem: {1: 0}, NestedIIMem: {1: 0}
parallelismSelector::VERBO: 
parallelismSelector::VERBO: Analyzing Function "pool1" (FunctionId 230):
parallelismSelector::VERBO:         LoopId: 45, Label: POOL1_ROW, TC: 119, IL: {1: 3657}, IIMem: {1: 0}, IIDep 0
parallelismSelector::VERBO:         Overall latency for nested loop (LoopId 45): 435183
parallelismSelector::VERBO:     MARegionScheduler::finalize():
parallelismSelector::VERBO:        - Function: _Z5pool1PA318_A8_KfPA159_A8_f
parallelismSelector::VERBO:          - EndCycles: for.end61 -> {1: 435184}
parallelismSelector::VERBO:          - EndCycles: entry -> {1: 1}
parallelismSelector::VERBO:          - EndCycles: for.end58 -> {1: 435184}
parallelismSelector::VERBO:        - MaxEndCycle: {1: 435184}
parallelismSelector::VERBO:        - Critical path: for.end61, entry, for.end58, for.body
parallelismSelector::VERBO: 
parallelismSelector::VERBO: Analyzing Function "Outline_T5_F227_R4_Call" (FunctionId 238):
parallelismSelector::VERBO:     MARegionScheduler::finalize():
parallelismSelector::VERBO:        - Function: Outline_T5_F227_R4_Call
parallelismSelector::VERBO:          - EndCycles: newFuncRoot -> {1: 435184}
parallelismSelector::VERBO:        - MaxEndCycle: {1: 435184}
parallelismSelector::VERBO:        - Critical path: newFuncRoot
parallelismSelector::VERBO: 
parallelismSelector::VERBO: [LatencyEstimationVisitor] CallSite: CS(6 F=239) (190->108)(191->109)
parallelismSelector::VERBO: [LatencyEstimationVisitor] Equivalence table
                             Object with value: 190 is mapped to the object with value: 108
                             Object with value: 191 is mapped to the object with value: 109
                            
parallelismSelector::VERBO: [LatencyEstimationVisitor] CallSite: CS(14 F=231) (146->17)(147->190)(148->191)(149->18)
parallelismSelector::VERBO: [LatencyEstimationVisitor] Equivalence table
                             Object with value: 146 is mapped to the object with value: 17
                             Object with value: 147 is mapped to the object with value: 108
                             Object with value: 148 is mapped to the object with value: 109
                             Object with value: 149 is mapped to the object with value: 18
                             Object with value: 190 is mapped to the object with value: 108
                             Object with value: 191 is mapped to the object with value: 109
                            
parallelismSelector::VERBO: Analyzing Loop "CONV2_CH" (LoopId 53):
parallelismSelector::VERBO:     MARegionScheduler::finalize():
parallelismSelector::VERBO:        - LoopId: 53 Label: CONV2_CH
parallelismSelector::VERBO:          - EndCycles: for.body15 -> {8: 9}
parallelismSelector::VERBO:        - MaxEndCycle: {8: 9}
parallelismSelector::VERBO:        - Critical path: for.body15
parallelismSelector::VERBO:     hasRAW: 1
parallelismSelector::VERBO:     Recurrence: Circuit=6:1 -> 6:26 -> 6:1
parallelismSelector::VERBO:       distance=4
parallelismSelector::VERBO:        - IIMem: {8: 0}, OwnedIIMem: {8: 0}, NestedIIMem: {8: 0}
parallelismSelector::VERBO: 
parallelismSelector::VERBO: Analyzing Loop "CONV2_KC" (LoopId 52):
parallelismSelector::VERBO:         LoopId: 53, Label: CONV2_CH, TC: 8, IL: {8: 9}, IIMem: {8: 0}, IIDep 4
parallelismSelector::VERBO:         Overall latency for nested loop (LoopId 53): 36
parallelismSelector::VERBO:     MARegionScheduler::finalize():
parallelismSelector::VERBO:        - LoopId: 52 Label: CONV2_KC
parallelismSelector::VERBO:          - EndCycles: for.end -> {3: 36}
parallelismSelector::VERBO:          - EndCycles: for.body12 -> {3: 1}
parallelismSelector::VERBO:          - EndCycles: for.body15 -> {3: 36}
parallelismSelector::VERBO:        - MaxEndCycle: {3: 36}
parallelismSelector::VERBO:        - Critical path: for.end, for.body12, for.body15
parallelismSelector::VERBO:     hasRAW: 1
parallelismSelector::VERBO:     Recurrence: Circuit=5:1 -> 6:1 -> 6:26 -> 7:0 -> 5:1
parallelismSelector::VERBO:       distance=4
parallelismSelector::VERBO:        - IIMem: {3: 0}, OwnedIIMem: {3: 0}, NestedIIMem: {3: 0}
parallelismSelector::VERBO: 
parallelismSelector::VERBO: Analyzing Loop "CONV2_KR" (LoopId 51):
parallelismSelector::VERBO:         LoopId: 52, Label: CONV2_KC, TC: 3, IL: {3: 36}, IIMem: {3: 0}, IIDep 4
parallelismSelector::VERBO:         Overall latency for nested loop (LoopId 52): 43
parallelismSelector::VERBO:     MARegionScheduler::finalize():
parallelismSelector::VERBO:        - LoopId: 51 Label: CONV2_KR
parallelismSelector::VERBO:          - EndCycles: for.end -> {3: 43}
parallelismSelector::VERBO:          - EndCycles: for.end34 -> {3: 43}
parallelismSelector::VERBO:          - EndCycles: for.body9 -> {3: 1}
parallelismSelector::VERBO:        - MaxEndCycle: {3: 43}
parallelismSelector::VERBO:        - Critical path: for.end, for.end34, for.body12, for.body9
parallelismSelector::VERBO:     hasRAW: 1
parallelismSelector::VERBO:     Recurrence: Circuit=4:1 -> 5:1 -> 6:1 -> 6:26 -> 7:0 -> 8:0 -> 4:1
parallelismSelector::VERBO:       distance=4
parallelismSelector::VERBO:        - IIMem: {3: 0}, OwnedIIMem: {3: 0}, NestedIIMem: {3: 0}
parallelismSelector::VERBO: 
parallelismSelector::VERBO: Analyzing Loop "CONV2_FIL" (LoopId 50):
parallelismSelector::VERBO:         LoopId: 51, Label: CONV2_KR, TC: 3, IL: {3: 43}, IIMem: {3: 0}, IIDep 4
parallelismSelector::VERBO:         Overall latency for nested loop (LoopId 51): 50
parallelismSelector::VERBO:     MARegionScheduler::finalize():
parallelismSelector::VERBO:        - LoopId: 50 Label: CONV2_FIL
parallelismSelector::VERBO:          - EndCycles: for.end37 -> {1: 51}
parallelismSelector::VERBO:          - EndCycles: cond.true -> {1: 52}
parallelismSelector::VERBO:          - EndCycles: cond.end -> {1: 53}
parallelismSelector::VERBO:          - EndCycles: cond.false -> {1: 52}
parallelismSelector::VERBO:          - EndCycles: for.end34 -> {1: 51}
parallelismSelector::VERBO:          - EndCycles: for.body6 -> {1: 2}
parallelismSelector::VERBO:        - MaxEndCycle: {1: 53}
parallelismSelector::VERBO:        - Critical path: for.end37, cond.true, cond.end, cond.false, for.end34, for.body6, for.body9
parallelismSelector::VERBO:     hasRAW: 0
parallelismSelector::VERBO:        - IIMem: {1: 73}, OwnedIIMem: {1: 1}, NestedIIMem: {1: 72}
parallelismSelector::VERBO: 
parallelismSelector::VERBO: Analyzing Loop "CONV2_COL" (LoopId 49):
parallelismSelector::VERBO:         LoopId: 50, Label: CONV2_FIL, TC: 16, IL: {1: 53}, IIMem: {1: 73}, IIDep 0
parallelismSelector::VERBO:         Overall latency for nested loop (LoopId 50): 1221
parallelismSelector::VERBO:     MARegionScheduler::finalize():
parallelismSelector::VERBO:        - LoopId: 49 Label: CONV2_COL
parallelismSelector::VERBO:          - EndCycles: cond.end -> {1: 1221}
parallelismSelector::VERBO:          - EndCycles: for.end47 -> {1: 1221}
parallelismSelector::VERBO:          - EndCycles: for.body3 -> {1: 1}
parallelismSelector::VERBO:        - MaxEndCycle: {1: 1221}
parallelismSelector::VERBO:        - Critical path: cond.end, for.end47, for.body3, for.body6
parallelismSelector::VERBO:     hasRAW: 0
parallelismSelector::VERBO:        - IIMem: {1: 0}, OwnedIIMem: {1: 0}, NestedIIMem: {1: 0}
parallelismSelector::VERBO: 
parallelismSelector::VERBO: Analyzing Loop "CONV2_ROW" (LoopId 48):
parallelismSelector::VERBO:         LoopId: 49, Label: CONV2_COL, TC: 157, IL: {1: 1221}, IIMem: {1: 0}, IIDep 0
parallelismSelector::VERBO:         Overall latency for nested loop (LoopId 49): 191697
parallelismSelector::VERBO:     MARegionScheduler::finalize():
parallelismSelector::VERBO:        - LoopId: 48 Label: CONV2_ROW
parallelismSelector::VERBO:          - EndCycles: for.end47 -> {1: 191697}
parallelismSelector::VERBO:          - EndCycles: for.end50 -> {1: 191697}
parallelismSelector::VERBO:          - EndCycles: for.body -> {1: 1}
parallelismSelector::VERBO:        - MaxEndCycle: {1: 191697}
parallelismSelector::VERBO:        - Critical path: for.end47, for.end50, for.body3, for.body
parallelismSelector::VERBO:     hasRAW: 0
parallelismSelector::VERBO:        - IIMem: {1: 0}, OwnedIIMem: {1: 0}, NestedIIMem: {1: 0}
parallelismSelector::VERBO: 
parallelismSelector::VERBO: Analyzing Function "conv2" (FunctionId 231):
parallelismSelector::VERBO:         LoopId: 48, Label: CONV2_ROW, TC: 117, IL: {1: 191697}, IIMem: {1: 0}, IIDep 0
parallelismSelector::VERBO:         Overall latency for nested loop (LoopId 48): 22428549
parallelismSelector::VERBO:     MARegionScheduler::finalize():
parallelismSelector::VERBO:        - Function: _Z5conv2PA159_A8_KfPS_S3_PA157_A16_f
parallelismSelector::VERBO:          - EndCycles: for.end50 -> {1: 22428550}
parallelismSelector::VERBO:          - EndCycles: for.end53 -> {1: 22428550}
parallelismSelector::VERBO:          - EndCycles: entry -> {1: 1}
parallelismSelector::VERBO:        - MaxEndCycle: {1: 22428550}
parallelismSelector::VERBO:        - Critical path: for.end50, for.end53, for.body, entry
parallelismSelector::VERBO: 
parallelismSelector::VERBO: Analyzing Function "Outline_T6_F227_R5_Call" (FunctionId 239):
parallelismSelector::VERBO:     MARegionScheduler::finalize():
parallelismSelector::VERBO:        - Function: Outline_T6_F227_R5_Call
parallelismSelector::VERBO:          - EndCycles: newFuncRoot -> {1: 1}
parallelismSelector::VERBO:          - EndCycles: newFuncRoot_iso0 -> {1: 22428551}
parallelismSelector::VERBO:        - MaxEndCycle: {1: 22428551}
parallelismSelector::VERBO:        - Critical path: newFuncRoot, newFuncRoot_iso0
parallelismSelector::VERBO: 
parallelismSelector::VERBO: [LatencyEstimationVisitor] CallSite: CS(7 F=240) 
parallelismSelector::VERBO: [LatencyEstimationVisitor] Equivalence table
                            
parallelismSelector::VERBO: [LatencyEstimationVisitor] CallSite: CS(15 F=232) (158->18)(159->19)
parallelismSelector::VERBO: [LatencyEstimationVisitor] Equivalence table
                             Object with value: 158 is mapped to the object with value: 18
                             Object with value: 159 is mapped to the object with value: 19
                            
parallelismSelector::VERBO: Analyzing Loop "POOL2_CH" (LoopId 56):
parallelismSelector::VERBO:     MARegionScheduler::finalize():
parallelismSelector::VERBO:        - LoopId: 56 Label: POOL2_CH
parallelismSelector::VERBO:          - EndCycles: for.body6 -> {1: 2}
parallelismSelector::VERBO:          - EndCycles: cond.end -> {1: 3}
parallelismSelector::VERBO:          - EndCycles: cond.true46 -> {1: 6}
parallelismSelector::VERBO:          - EndCycles: cond.false47 -> {1: 6}
parallelismSelector::VERBO:          - EndCycles: cond.false -> {1: 2}
parallelismSelector::VERBO:          - EndCycles: cond.true -> {1: 2}
parallelismSelector::VERBO:          - EndCycles: cond.true41 -> {1: 4}
parallelismSelector::VERBO:          - EndCycles: cond.false42 -> {1: 4}
parallelismSelector::VERBO:          - EndCycles: cond.end43 -> {1: 5}
parallelismSelector::VERBO:          - EndCycles: cond.end48 -> {1: 7}
parallelismSelector::VERBO:        - MaxEndCycle: {1: 7}
parallelismSelector::VERBO:        - Critical path: for.body6, cond.end, cond.true46, cond.false47, cond.false, cond.true, cond.true41, cond.false42, cond.end43, cond.end48
parallelismSelector::VERBO:     hasRAW: 0
parallelismSelector::VERBO:        - IIMem: {1: 2}, OwnedIIMem: {1: 2}, NestedIIMem: {1: 0}
parallelismSelector::VERBO: 
parallelismSelector::VERBO: Analyzing Loop "POOL2_COL" (LoopId 55):
parallelismSelector::VERBO:         LoopId: 56, Label: POOL2_CH, TC: 16, IL: {1: 7}, IIMem: {1: 2}, IIDep 0
parallelismSelector::VERBO:         Overall latency for nested loop (LoopId 56): 39
parallelismSelector::VERBO:     MARegionScheduler::finalize():
parallelismSelector::VERBO:        - LoopId: 55 Label: POOL2_COL
parallelismSelector::VERBO:          - EndCycles: for.body3 -> {1: 1}
parallelismSelector::VERBO:          - EndCycles: for.end -> {1: 39}
parallelismSelector::VERBO:          - EndCycles: cond.end48 -> {1: 39}
parallelismSelector::VERBO:        - MaxEndCycle: {1: 39}
parallelismSelector::VERBO:        - Critical path: for.body3, for.body6, for.end, cond.end48
parallelismSelector::VERBO:     hasRAW: 0
parallelismSelector::VERBO:        - IIMem: {1: 0}, OwnedIIMem: {1: 0}, NestedIIMem: {1: 0}
parallelismSelector::VERBO: 
parallelismSelector::VERBO: Analyzing Loop "POOL2_ROW" (LoopId 54):
parallelismSelector::VERBO:         LoopId: 55, Label: POOL2_COL, TC: 78, IL: {1: 39}, IIMem: {1: 0}, IIDep 0
parallelismSelector::VERBO:         Overall latency for nested loop (LoopId 55): 3042
parallelismSelector::VERBO:     MARegionScheduler::finalize():
parallelismSelector::VERBO:        - LoopId: 54 Label: POOL2_ROW
parallelismSelector::VERBO:          - EndCycles: for.body -> {1: 1}
parallelismSelector::VERBO:          - EndCycles: for.end -> {1: 3042}
parallelismSelector::VERBO:          - EndCycles: for.end58 -> {1: 3042}
parallelismSelector::VERBO:        - MaxEndCycle: {1: 3042}
parallelismSelector::VERBO:        - Critical path: for.body, for.body3, for.end, for.end58
parallelismSelector::VERBO:     hasRAW: 0
parallelismSelector::VERBO:        - IIMem: {1: 0}, OwnedIIMem: {1: 0}, NestedIIMem: {1: 0}
parallelismSelector::VERBO: 
parallelismSelector::VERBO: Analyzing Function "pool2" (FunctionId 232):
parallelismSelector::VERBO:         LoopId: 54, Label: POOL2_ROW, TC: 58, IL: {1: 3042}, IIMem: {1: 0}, IIDep 0
parallelismSelector::VERBO:         Overall latency for nested loop (LoopId 54): 176436
parallelismSelector::VERBO:     MARegionScheduler::finalize():
parallelismSelector::VERBO:        - Function: _Z5pool2PA157_A16_KfPA78_A16_f
parallelismSelector::VERBO:          - EndCycles: entry -> {1: 1}
parallelismSelector::VERBO:          - EndCycles: for.end58 -> {1: 176437}
parallelismSelector::VERBO:          - EndCycles: for.end61 -> {1: 176437}
parallelismSelector::VERBO:        - MaxEndCycle: {1: 176437}
parallelismSelector::VERBO:        - Critical path: entry, for.body, for.end58, for.end61
parallelismSelector::VERBO: 
parallelismSelector::VERBO: Analyzing Function "Outline_T7_F227_R6_Call" (FunctionId 240):
parallelismSelector::VERBO:     MARegionScheduler::finalize():
parallelismSelector::VERBO:        - Function: Outline_T7_F227_R6_Call
parallelismSelector::VERBO:          - EndCycles: newFuncRoot -> {1: 176437}
parallelismSelector::VERBO:        - MaxEndCycle: {1: 176437}
parallelismSelector::VERBO:        - Critical path: newFuncRoot
parallelismSelector::VERBO: 
parallelismSelector::VERBO: [LatencyEstimationVisitor] CallSite: CS(8 F=241) (192->116)
parallelismSelector::VERBO: [LatencyEstimationVisitor] Equivalence table
                             Object with value: 192 is mapped to the object with value: 116
                            
parallelismSelector::VERBO: [LatencyEstimationVisitor] CallSite: CS(16 F=233) (169->19)(170->20)(171->192)
parallelismSelector::VERBO: [LatencyEstimationVisitor] Equivalence table
                             Object with value: 169 is mapped to the object with value: 19
                             Object with value: 170 is mapped to the object with value: 20
                             Object with value: 171 is mapped to the object with value: 116
                             Object with value: 192 is mapped to the object with value: 116
                            
parallelismSelector::VERBO: Analyzing Loop "for.body6" (LoopId 59):
parallelismSelector::VERBO:     MARegionScheduler::finalize():
parallelismSelector::VERBO:        - LoopId: 59
parallelismSelector::VERBO:          - EndCycles: for.body6 -> {1: 2}
parallelismSelector::VERBO:        - MaxEndCycle: {1: 2}
parallelismSelector::VERBO:        - Critical path: for.body6
parallelismSelector::VERBO:     hasRAW: 1
parallelismSelector::VERBO:     Recurrence: Circuit=3:1 -> 3:10 -> 3:1
parallelismSelector::VERBO:       distance=1
parallelismSelector::VERBO:        - IIMem: {1: 0.5}, OwnedIIMem: {1: 0.5}, NestedIIMem: {1: 0}
parallelismSelector::VERBO: 
parallelismSelector::VERBO: Analyzing Loop "for.body3" (LoopId 58):
parallelismSelector::VERBO:         LoopId: 59, TC: 16, IL: {1: 2}, IIMem: {1: 0.5}, IIDep 1
parallelismSelector::VERBO:         Overall latency for nested loop (LoopId 59): 18
parallelismSelector::VERBO:     MARegionScheduler::finalize():
parallelismSelector::VERBO:        - LoopId: 58
parallelismSelector::VERBO:          - EndCycles: for.body3 -> {1: 1}
parallelismSelector::VERBO:          - EndCycles: for.body6 -> {1: 18}
parallelismSelector::VERBO:          - EndCycles: for.end -> {1: 18}
parallelismSelector::VERBO:        - MaxEndCycle: {1: 18}
parallelismSelector::VERBO:        - Critical path: for.body3, for.body6, for.end
parallelismSelector::VERBO:     hasRAW: 1
parallelismSelector::VERBO:     Recurrence: Circuit=2:0 -> 3:0 -> 3:6 -> 4:0 -> 2:0
parallelismSelector::VERBO:       distance=1
parallelismSelector::VERBO:        - IIMem: {1: 0}, OwnedIIMem: {1: 0}, NestedIIMem: {1: 0}
parallelismSelector::VERBO: 
parallelismSelector::VERBO: Analyzing Loop "FLATTEN" (LoopId 57):
parallelismSelector::VERBO:         LoopId: 58, TC: 78, IL: {1: 18}, IIMem: {1: 0}, IIDep 1
parallelismSelector::VERBO:         Overall latency for nested loop (LoopId 58): 1404
parallelismSelector::VERBO:     MARegionScheduler::finalize():
parallelismSelector::VERBO:        - LoopId: 57 Label: FLATTEN
parallelismSelector::VERBO:          - EndCycles: for.end16 -> {1: 1404}
parallelismSelector::VERBO:          - EndCycles: for.body -> {1: 1}
parallelismSelector::VERBO:          - EndCycles: for.end -> {1: 1404}
parallelismSelector::VERBO:        - MaxEndCycle: {1: 1404}
parallelismSelector::VERBO:        - Critical path: for.end16, for.body, for.body3, for.end
parallelismSelector::VERBO:     hasRAW: 1
parallelismSelector::VERBO:     Recurrence: Circuit=1:0 -> 2:0 -> 3:0 -> 3:6 -> 4:0 -> 5:0 -> 1:0
parallelismSelector::VERBO:       distance=1
parallelismSelector::VERBO:        - IIMem: {1: 0}, OwnedIIMem: {1: 0}, NestedIIMem: {1: 0}
parallelismSelector::VERBO: 
parallelismSelector::VERBO: Analyzing Function "flatten" (FunctionId 233):
parallelismSelector::VERBO:         LoopId: 57, Label: FLATTEN, TC: 58, IL: {1: 1404}, IIMem: {1: 0}, IIDep 1
parallelismSelector::VERBO:         Overall latency for nested loop (LoopId 57): 81432
parallelismSelector::VERBO:     MARegionScheduler::finalize():
parallelismSelector::VERBO:        - Function: _Z7flattenPA78_A16_KfPfRi
parallelismSelector::VERBO:          - EndCycles: for.end16 -> {1: 81433}
parallelismSelector::VERBO:          - EndCycles: for.end19 -> {1: 81433}
parallelismSelector::VERBO:          - EndCycles: entry -> {1: 1}
parallelismSelector::VERBO:        - MaxEndCycle: {1: 81433}
parallelismSelector::VERBO:        - Critical path: for.end16, for.end19, entry, for.body
parallelismSelector::VERBO: 
parallelismSelector::VERBO: Analyzing Function "Outline_T8_F227_R7_Call" (FunctionId 241):
parallelismSelector::VERBO:     MARegionScheduler::finalize():
parallelismSelector::VERBO:        - Function: Outline_T8_F227_R7_Call
parallelismSelector::VERBO:          - EndCycles: newFuncRoot_iso0 -> {1: 81434}
parallelismSelector::VERBO:          - EndCycles: newFuncRoot -> {1: 1}
parallelismSelector::VERBO:        - MaxEndCycle: {1: 81434}
parallelismSelector::VERBO:        - Critical path: newFuncRoot_iso0, newFuncRoot
parallelismSelector::VERBO: 
parallelismSelector::VERBO: [LatencyEstimationVisitor] CallSite: CS(9 F=242) (194->110)(195->111)
parallelismSelector::VERBO: [LatencyEstimationVisitor] Equivalence table
                             Object with value: 194 is mapped to the object with value: 110
                             Object with value: 195 is mapped to the object with value: 111
                            
parallelismSelector::VERBO: [LatencyEstimationVisitor] CallSite: CS(17 F=234) (175->20)(177->194)(178->195)(179->21)
parallelismSelector::VERBO: [LatencyEstimationVisitor] Equivalence table
                             Object with value: 175 is mapped to the object with value: 20
                             Object with value: 177 is mapped to the object with value: 110
                             Object with value: 178 is mapped to the object with value: 111
                             Object with value: 179 is mapped to the object with value: 21
                             Object with value: 194 is mapped to the object with value: 110
                             Object with value: 195 is mapped to the object with value: 111
                            
parallelismSelector::VERBO: Analyzing Loop "for.body3" (LoopId 61):
parallelismSelector::VERBO:     MARegionScheduler::finalize():
parallelismSelector::VERBO:        - LoopId: 61
parallelismSelector::VERBO:          - EndCycles: for.body3 -> {2: 9}
parallelismSelector::VERBO:        - MaxEndCycle: {2: 9}
parallelismSelector::VERBO:        - Critical path: for.body3
parallelismSelector::VERBO:     hasRAW: 1
parallelismSelector::VERBO:     Recurrence: Circuit=3:1 -> 3:13 -> 3:1
parallelismSelector::VERBO:       distance=4
parallelismSelector::VERBO:        - IIMem: {2: 1}, OwnedIIMem: {2: 1}, NestedIIMem: {2: 0}
parallelismSelector::VERBO: 
parallelismSelector::VERBO: Analyzing Loop "FC1_OUT" (LoopId 60):
parallelismSelector::VERBO:         LoopId: 61, TC: 72384, IL: {2: 9}, IIMem: {2: 1}, IIDep 4
parallelismSelector::VERBO:         Overall latency for nested loop (LoopId 61): 470496
parallelismSelector::VERBO:     MARegionScheduler::finalize():
parallelismSelector::VERBO:        - LoopId: 60 Label: FC1_OUT
parallelismSelector::VERBO:          - EndCycles: for.body3 -> {1: 470497}
parallelismSelector::VERBO:          - EndCycles: for.cond1.for.end_crit_edge -> {1: 470498}
parallelismSelector::VERBO:          - EndCycles: for.end -> {1: 470499}
parallelismSelector::VERBO:          - EndCycles: for.end_iso0 -> {1: 470500}
parallelismSelector::VERBO:          - EndCycles: for.end_iso1 -> {1: 470501}
parallelismSelector::VERBO:          - EndCycles: for.body -> {1: 2}
parallelismSelector::VERBO:          - EndCycles: for.body3.lr.ph -> {1: 2}
parallelismSelector::VERBO:        - MaxEndCycle: {1: 470501}
parallelismSelector::VERBO:        - Critical path: for.body3, for.cond1.for.end_crit_edge, for.end, for.end_iso0, for.end_iso1, for.body, for.body3.lr.ph
parallelismSelector::VERBO:     hasRAW: 0
parallelismSelector::VERBO:        - IIMem: {1: 1}, OwnedIIMem: {1: 1}, NestedIIMem: {1: 0}
parallelismSelector::VERBO: 
parallelismSelector::VERBO: Analyzing Function "fc1" (FunctionId 234):
parallelismSelector::VERBO:         LoopId: 60, Label: FC1_OUT, TC: 32, IL: {1: 470501}, IIMem: {1: 1}, IIDep 0
parallelismSelector::VERBO:         Overall latency for nested loop (LoopId 60): 15056032
parallelismSelector::VERBO:     MARegionScheduler::finalize():
parallelismSelector::VERBO:        - Function: _Z3fc1PKfiS0_S0_Pf
parallelismSelector::VERBO:          - EndCycles: for.end_iso1 -> {1: 15056033}
parallelismSelector::VERBO:          - EndCycles: for.end14 -> {1: 15056033}
parallelismSelector::VERBO:          - EndCycles: entry -> {1: 1}
parallelismSelector::VERBO:        - MaxEndCycle: {1: 15056033}
parallelismSelector::VERBO:        - Critical path: for.end_iso1, for.end14, for.body, entry
parallelismSelector::VERBO: 
parallelismSelector::VERBO: Analyzing Function "Outline_T9_F227_R8_Call" (FunctionId 242):
parallelismSelector::VERBO:     MARegionScheduler::finalize():
parallelismSelector::VERBO:        - Function: Outline_T9_F227_R8_Call
parallelismSelector::VERBO:          - EndCycles: newFuncRoot -> {1: 1}
parallelismSelector::VERBO:          - EndCycles: newFuncRoot_iso0 -> {1: 15056034}
parallelismSelector::VERBO:        - MaxEndCycle: {1: 15056034}
parallelismSelector::VERBO:        - Critical path: newFuncRoot, newFuncRoot_iso0
parallelismSelector::VERBO: 
parallelismSelector::VERBO: [LatencyEstimationVisitor] CallSite: CS(10 F=243) (196->112)(198->114)
parallelismSelector::VERBO: [LatencyEstimationVisitor] Equivalence table
                             Object with value: 196 is mapped to the object with value: 112
                             Object with value: 198 is mapped to the object with value: 114
                            
parallelismSelector::VERBO: [LatencyEstimationVisitor] CallSite: CS(18 F=235) (183->21)(184->196)(186->198)
parallelismSelector::VERBO: [LatencyEstimationVisitor] Equivalence table
                             Object with value: 183 is mapped to the object with value: 21
                             Object with value: 184 is mapped to the object with value: 112
                             Object with value: 186 is mapped to the object with value: 114
                             Object with value: 196 is mapped to the object with value: 112
                             Object with value: 198 is mapped to the object with value: 114
                            
parallelismSelector::VERBO: Analyzing Loop "FC2_LOOP" (LoopId 62):
parallelismSelector::VERBO:     MARegionScheduler::finalize():
parallelismSelector::VERBO:        - LoopId: 62 Label: FC2_LOOP
parallelismSelector::VERBO:          - EndCycles: for.body -> {1: 9}
parallelismSelector::VERBO:        - MaxEndCycle: {1: 9}
parallelismSelector::VERBO:        - Critical path: for.body
parallelismSelector::VERBO:     hasRAW: 1
parallelismSelector::VERBO:     Recurrence: Circuit=1:1 -> 1:11 -> 1:1
parallelismSelector::VERBO:       distance=4
parallelismSelector::VERBO:        - IIMem: {1: 1}, OwnedIIMem: {1: 1}, NestedIIMem: {1: 0}
parallelismSelector::VERBO: 
parallelismSelector::VERBO: Analyzing Function "fc2" (FunctionId 235):
parallelismSelector::VERBO:         LoopId: 62, Label: FC2_LOOP, TC: 32, IL: {1: 9}, IIMem: {1: 1}, IIDep 4
parallelismSelector::VERBO:         Overall latency for nested loop (LoopId 62): 134
parallelismSelector::VERBO:     MARegionScheduler::finalize():
parallelismSelector::VERBO:        - Function: _Z3fc2PKfS0_S0_Ph
parallelismSelector::VERBO:          - EndCycles: entry -> {1: 1}
parallelismSelector::VERBO:          - EndCycles: for.body -> {1: 135}
parallelismSelector::VERBO:          - EndCycles: for.end -> {1: 136}
parallelismSelector::VERBO:          - EndCycles: for.end_iso0 -> {1: 144}
parallelismSelector::VERBO:          - EndCycles: for.end_iso1 -> {1: 159}
parallelismSelector::VERBO:        - MaxEndCycle: {1: 159}
parallelismSelector::VERBO:        - Critical path: entry, for.body, for.end, for.end_iso0, for.end_iso1
parallelismSelector::VERBO: 
parallelismSelector::VERBO: Analyzing Function "Outline_T10_F227_R9_Call" (FunctionId 243):
parallelismSelector::VERBO:     MARegionScheduler::finalize():
parallelismSelector::VERBO:        - Function: Outline_T10_F227_R9_Call
parallelismSelector::VERBO:          - EndCycles: newFuncRoot -> {1: 1}
parallelismSelector::VERBO:          - EndCycles: newFuncRoot_iso0 -> {1: 160}
parallelismSelector::VERBO:        - MaxEndCycle: {1: 160}
parallelismSelector::VERBO:        - Critical path: newFuncRoot, newFuncRoot_iso0
parallelismSelector::VERBO: 
parallelismSelector::VERBO: Analyzing Function "cnn_accel" (FunctionId 227):
parallelismSelector::VERBO:     MARegionScheduler::finalize():
parallelismSelector::VERBO:        - Function: cnn_accel
parallelismSelector::VERBO:          - EndCycles: entry -> {1: 1}
parallelismSelector::VERBO:          - EndCycles: codeRepl -> {1: 384004}
parallelismSelector::VERBO:          - EndCycles: codeRepl1 -> {1: 19834795}
parallelismSelector::VERBO:          - EndCycles: codeRepl2 -> {1: 20269980}
parallelismSelector::VERBO:          - EndCycles: codeRepl4 -> {1: 42874970}
parallelismSelector::VERBO:          - EndCycles: entry_iso8 -> {1: 58012601}
parallelismSelector::VERBO:          - EndCycles: codeRepl3 -> {1: 42698532}
parallelismSelector::VERBO:          - EndCycles: codeRepl7 -> {1: 58012601}
parallelismSelector::VERBO:          - EndCycles: codeRepl5 -> {1: 42956405}
parallelismSelector::VERBO:          - EndCycles: codeRepl6 -> {1: 58012440}
parallelismSelector::VERBO:        - MaxEndCycle: {1: 58012601}
parallelismSelector::VERBO:        - Critical path: entry, codeRepl, codeRepl1, codeRepl2, codeRepl4, entry_iso8, codeRepl3, codeRepl7, codeRepl5, codeRepl6
parallelismSelector::VERBO: 
parallelismSelector::VERBO: Filling in timing metrics per region...
parallelismSelector::VERBO:     Collecting timing estimates for loop region with Id (38):
parallelismSelector::VERBO:     Initiation Interval:
parallelismSelector::VERBO:     LoopId: 38, Label: LOAD_IMG_CH, TC: 3, IL: {1: 2}, IIMem: {1: 1}, IIDep 0
parallelismSelector::VERBO:     	pipeline Cycles: 1
parallelismSelector::VERBO:     Latency:
parallelismSelector::VERBO:     LoopId: 38, Label: LOAD_IMG_CH, TC: 3, IL: {1: 2}, IIMem: {1: 1}, IIDep 0
parallelismSelector::VERBO:     	pipeline Cycles: 5
parallelismSelector::VERBO:     Mem Interval:
parallelismSelector::VERBO:     	pipeline Cycles: 1
parallelismSelector::VERBO:     Interval:
parallelismSelector::VERBO:     	pipeline Cycles: 3
parallelismSelector::VERBO:     Collecting timing estimates for loop region with Id (37):
parallelismSelector::VERBO:     Initiation Interval:
parallelismSelector::VERBO:     LoopId: 37, Label: LOAD_IMG_COLS, TC: 320, IL: {1: 5}, IIMem: {1: 0}, IIDep 0
parallelismSelector::VERBO:     	unroll 1 Cycles: 5
parallelismSelector::VERBO:     Latency:
parallelismSelector::VERBO:     LoopId: 37, Label: LOAD_IMG_COLS, TC: 320, IL: {1: 5}, IIMem: {1: 0}, IIDep 0
parallelismSelector::VERBO:     	unroll 1 Cycles: 1600
parallelismSelector::VERBO:     Mem Interval:
parallelismSelector::VERBO:     	unroll 1 Cycles: 0
parallelismSelector::VERBO:     Interval:
parallelismSelector::VERBO:     	unroll 1 Cycles: 1600
parallelismSelector::VERBO:     Collecting timing estimates for loop region with Id (36):
parallelismSelector::VERBO:     Initiation Interval:
parallelismSelector::VERBO:     LoopId: 36, Label: LOAD_IMG_ROWS, TC: 240, IL: {1: 1600}, IIMem: {1: 0}, IIDep 0
parallelismSelector::VERBO:     	unroll 1 Cycles: 1600
parallelismSelector::VERBO:     Latency:
parallelismSelector::VERBO:     LoopId: 36, Label: LOAD_IMG_ROWS, TC: 240, IL: {1: 1600}, IIMem: {1: 0}, IIDep 0
parallelismSelector::VERBO:     	unroll 1 Cycles: 384000
parallelismSelector::VERBO:     Mem Interval:
parallelismSelector::VERBO:     	unroll 1 Cycles: 0
parallelismSelector::VERBO:     Interval:
parallelismSelector::VERBO:     	unroll 1 Cycles: 384000
parallelismSelector::VERBO:     Collecting timing estimates for loop region with Id (44):
parallelismSelector::VERBO:     Initiation Interval:
parallelismSelector::VERBO:     LoopId: 44, Label: CONV1_CH, TC: 3, IL: {3: 9}, IIMem: {3: 0}, IIDep 4
parallelismSelector::VERBO:     	unroll 3 Cycles: 16
parallelismSelector::VERBO:     Latency:
parallelismSelector::VERBO:     LoopId: 44, Label: CONV1_CH, TC: 3, IL: {3: 9}, IIMem: {3: 0}, IIDep 4
parallelismSelector::VERBO:     	unroll 3 Cycles: 16
parallelismSelector::VERBO:     Mem Interval:
parallelismSelector::VERBO:     	unroll 3 Cycles: 0
parallelismSelector::VERBO:     Interval:
parallelismSelector::VERBO:     	unroll 3 Cycles: 16
parallelismSelector::VERBO:     Collecting timing estimates for loop region with Id (43):
parallelismSelector::VERBO:     Initiation Interval:
parallelismSelector::VERBO:     LoopId: 43, Label: CONV1_KC, TC: 3, IL: {3: 16}, IIMem: {3: 0}, IIDep 4
parallelismSelector::VERBO:     	unroll 3 Cycles: 23
parallelismSelector::VERBO:     Latency:
parallelismSelector::VERBO:     LoopId: 43, Label: CONV1_KC, TC: 3, IL: {3: 16}, IIMem: {3: 0}, IIDep 4
parallelismSelector::VERBO:     	unroll 3 Cycles: 23
parallelismSelector::VERBO:     Mem Interval:
parallelismSelector::VERBO:     	unroll 3 Cycles: 0
parallelismSelector::VERBO:     Interval:
parallelismSelector::VERBO:     	unroll 3 Cycles: 23
parallelismSelector::VERBO:     Collecting timing estimates for loop region with Id (42):
parallelismSelector::VERBO:     Initiation Interval:
parallelismSelector::VERBO:     LoopId: 42, Label: CONV1_KR, TC: 3, IL: {3: 23}, IIMem: {3: 0}, IIDep 4
parallelismSelector::VERBO:     	unroll 3 Cycles: 30
parallelismSelector::VERBO:     Latency:
parallelismSelector::VERBO:     LoopId: 42, Label: CONV1_KR, TC: 3, IL: {3: 23}, IIMem: {3: 0}, IIDep 4
parallelismSelector::VERBO:     	unroll 3 Cycles: 30
parallelismSelector::VERBO:     Mem Interval:
parallelismSelector::VERBO:     	unroll 3 Cycles: 0
parallelismSelector::VERBO:     Interval:
parallelismSelector::VERBO:     	unroll 3 Cycles: 30
parallelismSelector::VERBO:     Collecting timing estimates for loop region with Id (41):
parallelismSelector::VERBO:     Initiation Interval:
parallelismSelector::VERBO:     LoopId: 41, Label: CONV1_FIL, TC: 8, IL: {1: 33}, IIMem: {1: 28}, IIDep 0
parallelismSelector::VERBO:     	pipeline Cycles: 28
parallelismSelector::VERBO:     Latency:
parallelismSelector::VERBO:     LoopId: 41, Label: CONV1_FIL, TC: 8, IL: {1: 33}, IIMem: {1: 28}, IIDep 0
parallelismSelector::VERBO:     	pipeline Cycles: 257
parallelismSelector::VERBO:     Mem Interval:
parallelismSelector::VERBO:     	pipeline Cycles: 28
parallelismSelector::VERBO:     Interval:
parallelismSelector::VERBO:     	pipeline Cycles: 224
parallelismSelector::VERBO:     Collecting timing estimates for loop region with Id (40):
parallelismSelector::VERBO:     Initiation Interval:
parallelismSelector::VERBO:     LoopId: 40, Label: CONV1_COL, TC: 318, IL: {1: 257}, IIMem: {1: 0}, IIDep 0
parallelismSelector::VERBO:     	unroll 1 Cycles: 257
parallelismSelector::VERBO:     Latency:
parallelismSelector::VERBO:     LoopId: 40, Label: CONV1_COL, TC: 318, IL: {1: 257}, IIMem: {1: 0}, IIDep 0
parallelismSelector::VERBO:     	unroll 1 Cycles: 81726
parallelismSelector::VERBO:     Mem Interval:
parallelismSelector::VERBO:     	unroll 1 Cycles: 0
parallelismSelector::VERBO:     Interval:
parallelismSelector::VERBO:     	unroll 1 Cycles: 81726
parallelismSelector::VERBO:     Collecting timing estimates for loop region with Id (39):
parallelismSelector::VERBO:     Initiation Interval:
parallelismSelector::VERBO:     LoopId: 39, Label: CONV1_ROW, TC: 238, IL: {1: 81726}, IIMem: {1: 0}, IIDep 0
parallelismSelector::VERBO:     	unroll 1 Cycles: 81726
parallelismSelector::VERBO:     Latency:
parallelismSelector::VERBO:     LoopId: 39, Label: CONV1_ROW, TC: 238, IL: {1: 81726}, IIMem: {1: 0}, IIDep 0
parallelismSelector::VERBO:     	unroll 1 Cycles: 19450788
parallelismSelector::VERBO:     Mem Interval:
parallelismSelector::VERBO:     	unroll 1 Cycles: 0
parallelismSelector::VERBO:     Interval:
parallelismSelector::VERBO:     	unroll 1 Cycles: 19450788
parallelismSelector::VERBO:     Collecting timing estimates for loop region with Id (47):
parallelismSelector::VERBO:     Initiation Interval:
parallelismSelector::VERBO:     LoopId: 47, Label: POOL1_CH, TC: 8, IL: {1: 7}, IIMem: {1: 2}, IIDep 0
parallelismSelector::VERBO:     	pipeline Cycles: 2
parallelismSelector::VERBO:     Latency:
parallelismSelector::VERBO:     LoopId: 47, Label: POOL1_CH, TC: 8, IL: {1: 7}, IIMem: {1: 2}, IIDep 0
parallelismSelector::VERBO:     	pipeline Cycles: 23
parallelismSelector::VERBO:     Mem Interval:
parallelismSelector::VERBO:     	pipeline Cycles: 2
parallelismSelector::VERBO:     Interval:
parallelismSelector::VERBO:     	pipeline Cycles: 16
parallelismSelector::VERBO:     Collecting timing estimates for loop region with Id (46):
parallelismSelector::VERBO:     Initiation Interval:
parallelismSelector::VERBO:     LoopId: 46, Label: POOL1_COL, TC: 159, IL: {1: 23}, IIMem: {1: 0}, IIDep 0
parallelismSelector::VERBO:     	unroll 1 Cycles: 23
parallelismSelector::VERBO:     Latency:
parallelismSelector::VERBO:     LoopId: 46, Label: POOL1_COL, TC: 159, IL: {1: 23}, IIMem: {1: 0}, IIDep 0
parallelismSelector::VERBO:     	unroll 1 Cycles: 3657
parallelismSelector::VERBO:     Mem Interval:
parallelismSelector::VERBO:     	unroll 1 Cycles: 0
parallelismSelector::VERBO:     Interval:
parallelismSelector::VERBO:     	unroll 1 Cycles: 3657
parallelismSelector::VERBO:     Collecting timing estimates for loop region with Id (45):
parallelismSelector::VERBO:     Initiation Interval:
parallelismSelector::VERBO:     LoopId: 45, Label: POOL1_ROW, TC: 119, IL: {1: 3657}, IIMem: {1: 0}, IIDep 0
parallelismSelector::VERBO:     	unroll 1 Cycles: 3657
parallelismSelector::VERBO:     Latency:
parallelismSelector::VERBO:     LoopId: 45, Label: POOL1_ROW, TC: 119, IL: {1: 3657}, IIMem: {1: 0}, IIDep 0
parallelismSelector::VERBO:     	unroll 1 Cycles: 435183
parallelismSelector::VERBO:     Mem Interval:
parallelismSelector::VERBO:     	unroll 1 Cycles: 0
parallelismSelector::VERBO:     Interval:
parallelismSelector::VERBO:     	unroll 1 Cycles: 435183
parallelismSelector::VERBO:     Collecting timing estimates for loop region with Id (53):
parallelismSelector::VERBO:     Initiation Interval:
parallelismSelector::VERBO:     LoopId: 53, Label: CONV2_CH, TC: 8, IL: {8: 9}, IIMem: {8: 0}, IIDep 4
parallelismSelector::VERBO:     	unroll 8 Cycles: 36
parallelismSelector::VERBO:     Latency:
parallelismSelector::VERBO:     LoopId: 53, Label: CONV2_CH, TC: 8, IL: {8: 9}, IIMem: {8: 0}, IIDep 4
parallelismSelector::VERBO:     	unroll 8 Cycles: 36
parallelismSelector::VERBO:     Mem Interval:
parallelismSelector::VERBO:     	unroll 8 Cycles: 0
parallelismSelector::VERBO:     Interval:
parallelismSelector::VERBO:     	unroll 8 Cycles: 36
parallelismSelector::VERBO:     Collecting timing estimates for loop region with Id (52):
parallelismSelector::VERBO:     Initiation Interval:
parallelismSelector::VERBO:     LoopId: 52, Label: CONV2_KC, TC: 3, IL: {3: 36}, IIMem: {3: 0}, IIDep 4
parallelismSelector::VERBO:     	unroll 3 Cycles: 43
parallelismSelector::VERBO:     Latency:
parallelismSelector::VERBO:     LoopId: 52, Label: CONV2_KC, TC: 3, IL: {3: 36}, IIMem: {3: 0}, IIDep 4
parallelismSelector::VERBO:     	unroll 3 Cycles: 43
parallelismSelector::VERBO:     Mem Interval:
parallelismSelector::VERBO:     	unroll 3 Cycles: 0
parallelismSelector::VERBO:     Interval:
parallelismSelector::VERBO:     	unroll 3 Cycles: 43
parallelismSelector::VERBO:     Collecting timing estimates for loop region with Id (51):
parallelismSelector::VERBO:     Initiation Interval:
parallelismSelector::VERBO:     LoopId: 51, Label: CONV2_KR, TC: 3, IL: {3: 43}, IIMem: {3: 0}, IIDep 4
parallelismSelector::VERBO:     	unroll 3 Cycles: 50
parallelismSelector::VERBO:     Latency:
parallelismSelector::VERBO:     LoopId: 51, Label: CONV2_KR, TC: 3, IL: {3: 43}, IIMem: {3: 0}, IIDep 4
parallelismSelector::VERBO:     	unroll 3 Cycles: 50
parallelismSelector::VERBO:     Mem Interval:
parallelismSelector::VERBO:     	unroll 3 Cycles: 0
parallelismSelector::VERBO:     Interval:
parallelismSelector::VERBO:     	unroll 3 Cycles: 50
parallelismSelector::VERBO:     Collecting timing estimates for loop region with Id (50):
parallelismSelector::VERBO:     Initiation Interval:
parallelismSelector::VERBO:     LoopId: 50, Label: CONV2_FIL, TC: 16, IL: {1: 53}, IIMem: {1: 73}, IIDep 0
parallelismSelector::VERBO:     	pipeline Cycles: 73
parallelismSelector::VERBO:     Latency:
parallelismSelector::VERBO:     LoopId: 50, Label: CONV2_FIL, TC: 16, IL: {1: 53}, IIMem: {1: 73}, IIDep 0
parallelismSelector::VERBO:     	pipeline Cycles: 1221
parallelismSelector::VERBO:     Mem Interval:
parallelismSelector::VERBO:     	pipeline Cycles: 73
parallelismSelector::VERBO:     Interval:
parallelismSelector::VERBO:     	pipeline Cycles: 1168
parallelismSelector::VERBO:     Collecting timing estimates for loop region with Id (49):
parallelismSelector::VERBO:     Initiation Interval:
parallelismSelector::VERBO:     LoopId: 49, Label: CONV2_COL, TC: 157, IL: {1: 1221}, IIMem: {1: 0}, IIDep 0
parallelismSelector::VERBO:     	unroll 1 Cycles: 1221
parallelismSelector::VERBO:     Latency:
parallelismSelector::VERBO:     LoopId: 49, Label: CONV2_COL, TC: 157, IL: {1: 1221}, IIMem: {1: 0}, IIDep 0
parallelismSelector::VERBO:     	unroll 1 Cycles: 191697
parallelismSelector::VERBO:     Mem Interval:
parallelismSelector::VERBO:     	unroll 1 Cycles: 0
parallelismSelector::VERBO:     Interval:
parallelismSelector::VERBO:     	unroll 1 Cycles: 191697
parallelismSelector::VERBO:     Collecting timing estimates for loop region with Id (48):
parallelismSelector::VERBO:     Initiation Interval:
parallelismSelector::VERBO:     LoopId: 48, Label: CONV2_ROW, TC: 117, IL: {1: 191697}, IIMem: {1: 0}, IIDep 0
parallelismSelector::VERBO:     	unroll 1 Cycles: 191697
parallelismSelector::VERBO:     Latency:
parallelismSelector::VERBO:     LoopId: 48, Label: CONV2_ROW, TC: 117, IL: {1: 191697}, IIMem: {1: 0}, IIDep 0
parallelismSelector::VERBO:     	unroll 1 Cycles: 22428549
parallelismSelector::VERBO:     Mem Interval:
parallelismSelector::VERBO:     	unroll 1 Cycles: 0
parallelismSelector::VERBO:     Interval:
parallelismSelector::VERBO:     	unroll 1 Cycles: 22428549
parallelismSelector::VERBO:     Collecting timing estimates for loop region with Id (56):
parallelismSelector::VERBO:     Initiation Interval:
parallelismSelector::VERBO:     LoopId: 56, Label: POOL2_CH, TC: 16, IL: {1: 7}, IIMem: {1: 2}, IIDep 0
parallelismSelector::VERBO:     	pipeline Cycles: 2
parallelismSelector::VERBO:     Latency:
parallelismSelector::VERBO:     LoopId: 56, Label: POOL2_CH, TC: 16, IL: {1: 7}, IIMem: {1: 2}, IIDep 0
parallelismSelector::VERBO:     	pipeline Cycles: 39
parallelismSelector::VERBO:     Mem Interval:
parallelismSelector::VERBO:     	pipeline Cycles: 2
parallelismSelector::VERBO:     Interval:
parallelismSelector::VERBO:     	pipeline Cycles: 32
parallelismSelector::VERBO:     Collecting timing estimates for loop region with Id (55):
parallelismSelector::VERBO:     Initiation Interval:
parallelismSelector::VERBO:     LoopId: 55, Label: POOL2_COL, TC: 78, IL: {1: 39}, IIMem: {1: 0}, IIDep 0
parallelismSelector::VERBO:     	unroll 1 Cycles: 39
parallelismSelector::VERBO:     Latency:
parallelismSelector::VERBO:     LoopId: 55, Label: POOL2_COL, TC: 78, IL: {1: 39}, IIMem: {1: 0}, IIDep 0
parallelismSelector::VERBO:     	unroll 1 Cycles: 3042
parallelismSelector::VERBO:     Mem Interval:
parallelismSelector::VERBO:     	unroll 1 Cycles: 0
parallelismSelector::VERBO:     Interval:
parallelismSelector::VERBO:     	unroll 1 Cycles: 3042
parallelismSelector::VERBO:     Collecting timing estimates for loop region with Id (54):
parallelismSelector::VERBO:     Initiation Interval:
parallelismSelector::VERBO:     LoopId: 54, Label: POOL2_ROW, TC: 58, IL: {1: 3042}, IIMem: {1: 0}, IIDep 0
parallelismSelector::VERBO:     	unroll 1 Cycles: 3042
parallelismSelector::VERBO:     Latency:
parallelismSelector::VERBO:     LoopId: 54, Label: POOL2_ROW, TC: 58, IL: {1: 3042}, IIMem: {1: 0}, IIDep 0
parallelismSelector::VERBO:     	unroll 1 Cycles: 176436
parallelismSelector::VERBO:     Mem Interval:
parallelismSelector::VERBO:     	unroll 1 Cycles: 0
parallelismSelector::VERBO:     Interval:
parallelismSelector::VERBO:     	unroll 1 Cycles: 176436
parallelismSelector::VERBO:     Collecting timing estimates for loop region with Id (59):
parallelismSelector::VERBO:     Initiation Interval:
parallelismSelector::VERBO:     LoopId: 59, TC: 16, IL: {1: 2}, IIMem: {1: 0.5}, IIDep 1
parallelismSelector::VERBO:     	pipeline Cycles: 1
parallelismSelector::VERBO:     Latency:
parallelismSelector::VERBO:     LoopId: 59, TC: 16, IL: {1: 2}, IIMem: {1: 0.5}, IIDep 1
parallelismSelector::VERBO:     	pipeline Cycles: 18
parallelismSelector::VERBO:     Mem Interval:
parallelismSelector::VERBO:     	pipeline Cycles: 1
parallelismSelector::VERBO:     Interval:
parallelismSelector::VERBO:     	pipeline Cycles: 16
parallelismSelector::VERBO:     Collecting timing estimates for loop region with Id (58):
parallelismSelector::VERBO:     Initiation Interval:
parallelismSelector::VERBO:     LoopId: 58, TC: 78, IL: {1: 18}, IIMem: {1: 0}, IIDep 1
parallelismSelector::VERBO:     	unroll 1 Cycles: 18
parallelismSelector::VERBO:     Latency:
parallelismSelector::VERBO:     LoopId: 58, TC: 78, IL: {1: 18}, IIMem: {1: 0}, IIDep 1
parallelismSelector::VERBO:     	unroll 1 Cycles: 1404
parallelismSelector::VERBO:     Mem Interval:
parallelismSelector::VERBO:     	unroll 1 Cycles: 0
parallelismSelector::VERBO:     Interval:
parallelismSelector::VERBO:     	unroll 1 Cycles: 1404
parallelismSelector::VERBO:     Collecting timing estimates for loop region with Id (57):
parallelismSelector::VERBO:     Initiation Interval:
parallelismSelector::VERBO:     LoopId: 57, Label: FLATTEN, TC: 58, IL: {1: 1404}, IIMem: {1: 0}, IIDep 1
parallelismSelector::VERBO:     	unroll 1 Cycles: 1404
parallelismSelector::VERBO:     Latency:
parallelismSelector::VERBO:     LoopId: 57, Label: FLATTEN, TC: 58, IL: {1: 1404}, IIMem: {1: 0}, IIDep 1
parallelismSelector::VERBO:     	unroll 1 Cycles: 81432
parallelismSelector::VERBO:     Mem Interval:
parallelismSelector::VERBO:     	unroll 1 Cycles: 0
parallelismSelector::VERBO:     Interval:
parallelismSelector::VERBO:     	unroll 1 Cycles: 81432
parallelismSelector::VERBO:     Collecting timing estimates for loop region with Id (61):
parallelismSelector::VERBO:     Initiation Interval:
parallelismSelector::VERBO:     LoopId: 61, TC: 72384, IL: {2: 9}, IIMem: {2: 1}, IIDep 4
parallelismSelector::VERBO:     	unroll 2 Cycles: 13
parallelismSelector::VERBO:     Latency:
parallelismSelector::VERBO:     LoopId: 61, TC: 72384, IL: {2: 9}, IIMem: {2: 1}, IIDep 4
parallelismSelector::VERBO:     	unroll 2 Cycles: 470496
parallelismSelector::VERBO:     Mem Interval:
parallelismSelector::VERBO:     	unroll 2 Cycles: 1
parallelismSelector::VERBO:     Interval:
parallelismSelector::VERBO:     	unroll 2 Cycles: 470496
parallelismSelector::VERBO:     Collecting timing estimates for loop region with Id (60):
parallelismSelector::VERBO:     Initiation Interval:
parallelismSelector::VERBO:     LoopId: 60, Label: FC1_OUT, TC: 32, IL: {1: 470501}, IIMem: {1: 1}, IIDep 0
parallelismSelector::VERBO:     	unroll 1 Cycles: 470501
parallelismSelector::VERBO:     Latency:
parallelismSelector::VERBO:     LoopId: 60, Label: FC1_OUT, TC: 32, IL: {1: 470501}, IIMem: {1: 1}, IIDep 0
parallelismSelector::VERBO:     	unroll 1 Cycles: 15056032
parallelismSelector::VERBO:     Mem Interval:
parallelismSelector::VERBO:     	unroll 1 Cycles: 1
parallelismSelector::VERBO:     Interval:
parallelismSelector::VERBO:     	unroll 1 Cycles: 15056032
parallelismSelector::VERBO:     Collecting timing estimates for loop region with Id (62):
parallelismSelector::VERBO:     Initiation Interval:
parallelismSelector::VERBO:     LoopId: 62, Label: FC2_LOOP, TC: 32, IL: {1: 9}, IIMem: {1: 1}, IIDep 4
parallelismSelector::VERBO:     	pipeline Cycles: 4
parallelismSelector::VERBO:     Latency:
parallelismSelector::VERBO:     LoopId: 62, Label: FC2_LOOP, TC: 32, IL: {1: 9}, IIMem: {1: 1}, IIDep 4
parallelismSelector::VERBO:     	pipeline Cycles: 134
parallelismSelector::VERBO:     Mem Interval:
parallelismSelector::VERBO:     	pipeline Cycles: 1
parallelismSelector::VERBO:     Interval:
parallelismSelector::VERBO:     	pipeline Cycles: 128
parallelismSelector::VERBO: [AreaEstimationVisitor] Func: cnn_accel : 227
parallelismSelector::VERBO: [AreaEstimationVisitor] CallSite: CS(3 F=236) (187->105)
parallelismSelector::VERBO:   New Equivalence table
                             Object with value: 187 is mapped to the object with value: 105
                            
parallelismSelector::VERBO: [AreaEstimationVisitor] Func: Outline_T3_F227_R2_Call : 236
parallelismSelector::VERBO: [AreaEstimationVisitor] CallSite: CS(11 F=228) (117->187)(118->15)
parallelismSelector::VERBO:   New Equivalence table
                             Object with value: 117 is mapped to the object with value: 105
                             Object with value: 118 is mapped to the object with value: 15
                             Object with value: 187 is mapped to the object with value: 105
                            
parallelismSelector::VERBO: [AreaEstimationVisitor] Func: _Z8load_imgPKfPA320_A3_f : 228
parallelismSelector::VERBO: [AreaEstimationVisitor] Loop: 36
parallelismSelector::VERBO: [AreaEstimationVisitor] Loop: 37
parallelismSelector::VERBO: [AreaEstimationVisitor] Loop: 38
parallelismSelector::VERBO: [Finalize] Self shareable area: LUTs: 0 FFs: 0 DSPs: 0 BRAMs: 0
parallelismSelector::VERBO: [Finalize] ParallelOperationNumPerLoop: {38: 1}
parallelismSelector::VERBO: [Finalize] Contribution of this loop to shareable area: LUTs: 0 FFs: 0 DSPs: 0 BRAMs: 0
parallelismSelector::VERBO: [AreaEstimationVisitor] Total shareable area: LUTs: 0 FFs: 0 DSPs: 0 BRAMs: 0 Total unshareable area: LUTs: 96 FFs: 0 DSPs: 0 BRAMs: 0
parallelismSelector::VERBO: [AreaEstimationVisitor] Self shareable area: LUTs: 0 FFs: 0 DSPs: 0 BRAMs: 0 Self unshareable area: LUTs: 44 FFs: 0 DSPs: 0 BRAMs: 0
parallelismSelector::VERBO: [visitNestedHeader] Adding nested shareable area from loop(id) 38 LUTs: 0 FFs: 0 DSPs: 0 BRAMs: 0
parallelismSelector::VERBO: [Finalize] Self shareable area: LUTs: 0 FFs: 0 DSPs: 0 BRAMs: 0
parallelismSelector::VERBO: [Finalize] ParallelOperationNumPerLoop: {}
parallelismSelector::VERBO: [Finalize] Contribution of this loop to shareable area: LUTs: 0 FFs: 0 DSPs: 0 BRAMs: 0
parallelismSelector::VERBO: [AreaEstimationVisitor] Total shareable area: LUTs: 0 FFs: 0 DSPs: 0 BRAMs: 0 Total unshareable area: LUTs: 172 FFs: 0 DSPs: 0 BRAMs: 0
parallelismSelector::VERBO: [AreaEstimationVisitor] Self shareable area: LUTs: 0 FFs: 0 DSPs: 0 BRAMs: 0 Self unshareable area: LUTs: 76 FFs: 0 DSPs: 0 BRAMs: 0
parallelismSelector::VERBO: [visitNestedHeader] Adding nested shareable area from loop(id) 37 LUTs: 0 FFs: 0 DSPs: 0 BRAMs: 0
parallelismSelector::VERBO: [Finalize] Self shareable area: LUTs: 0 FFs: 0 DSPs: 0 BRAMs: 0
parallelismSelector::VERBO: [Finalize] ParallelOperationNumPerLoop: {}
parallelismSelector::VERBO: [Finalize] Contribution of this loop to shareable area: LUTs: 0 FFs: 0 DSPs: 0 BRAMs: 0
parallelismSelector::VERBO: [AreaEstimationVisitor] Total shareable area: LUTs: 0 FFs: 0 DSPs: 0 BRAMs: 0 Total unshareable area: LUTs: 216 FFs: 0 DSPs: 0 BRAMs: 0
parallelismSelector::VERBO: [AreaEstimationVisitor] Self shareable area: LUTs: 0 FFs: 0 DSPs: 0 BRAMs: 0 Self unshareable area: LUTs: 44 FFs: 0 DSPs: 0 BRAMs: 0
parallelismSelector::VERBO: [Finalize] Self shareable area: LUTs: 0 FFs: 0 DSPs: 0 BRAMs: 0
parallelismSelector::VERBO: [AreaEstimationVisitor] Total shareable area: LUTs: 0 FFs: 0 DSPs: 0 BRAMs: 0 Total unshareable area: LUTs: 216 FFs: 0 DSPs: 0 BRAMs: 0
parallelismSelector::VERBO: [AreaEstimationVisitor] Self shareable area: LUTs: 0 FFs: 0 DSPs: 0 BRAMs: 0 Self unshareable area: LUTs: 0 FFs: 0 DSPs: 0 BRAMs: 0
parallelismSelector::VERBO: [Finalize] Self shareable area: LUTs: 0 FFs: 0 DSPs: 0 BRAMs: 0
parallelismSelector::VERBO: [AreaEstimationVisitor] Total shareable area: LUTs: 0 FFs: 0 DSPs: 0 BRAMs: 0 Total unshareable area: LUTs: 216 FFs: 0 DSPs: 0 BRAMs: 0
parallelismSelector::VERBO: [AreaEstimationVisitor] Self shareable area: LUTs: 0 FFs: 0 DSPs: 0 BRAMs: 0 Self unshareable area: LUTs: 216 FFs: 0 DSPs: 0 BRAMs: 0
parallelismSelector::VERBO: [AreaEstimationVisitor] CallSite: CS(4 F=237) (188->106)(189->107)
parallelismSelector::VERBO:   New Equivalence table
                             Object with value: 188 is mapped to the object with value: 106
                             Object with value: 189 is mapped to the object with value: 107
                            
parallelismSelector::VERBO: [AreaEstimationVisitor] Func: Outline_T4_F227_R3_Call : 237
parallelismSelector::VERBO: [AreaEstimationVisitor] CallSite: CS(12 F=229) (123->15)(124->188)(125->189)(126->16)
parallelismSelector::VERBO:   New Equivalence table
                             Object with value: 123 is mapped to the object with value: 15
                             Object with value: 124 is mapped to the object with value: 106
                             Object with value: 125 is mapped to the object with value: 107
                             Object with value: 126 is mapped to the object with value: 16
                             Object with value: 188 is mapped to the object with value: 106
                             Object with value: 189 is mapped to the object with value: 107
                            
parallelismSelector::VERBO: [AreaEstimationVisitor] Func: _Z5conv1PA320_A3_KfPS_S3_PA318_A8_f : 229
parallelismSelector::VERBO: [AreaEstimationVisitor] Loop: 39
parallelismSelector::VERBO: [AreaEstimationVisitor] Loop: 40
parallelismSelector::VERBO: [AreaEstimationVisitor] Loop: 41
parallelismSelector::VERBO: [AreaEstimationVisitor] Loop: 42
parallelismSelector::VERBO: [AreaEstimationVisitor] Loop: 43
parallelismSelector::VERBO: [AreaEstimationVisitor] Loop: 44
parallelismSelector::VERBO: [Finalize] Self shareable area: LUTs: 759 FFs: 357 DSPs: 5 BRAMs: 0
parallelismSelector::VERBO: [AreaEstimationVisitor] Total shareable area: LUTs: 0 FFs: 0 DSPs: 0 BRAMs: 0 Total unshareable area: LUTs: 516 FFs: 0 DSPs: 0 BRAMs: 0
parallelismSelector::VERBO: [AreaEstimationVisitor] Self shareable area: LUTs: 759 FFs: 357 DSPs: 5 BRAMs: 0 Self unshareable area: LUTs: 172 FFs: 0 DSPs: 0 BRAMs: 0
parallelismSelector::VERBO: [visitNestedHeader] Adding nested shareable area from loop(id) 44 LUTs: 0 FFs: 0 DSPs: 0 BRAMs: 0
parallelismSelector::VERBO: [Finalize] Self shareable area: LUTs: 0 FFs: 0 DSPs: 0 BRAMs: 0
parallelismSelector::VERBO: [AreaEstimationVisitor] Total shareable area: LUTs: 0 FFs: 0 DSPs: 0 BRAMs: 0 Total unshareable area: LUTs: 1680 FFs: 0 DSPs: 0 BRAMs: 0
parallelismSelector::VERBO: [AreaEstimationVisitor] Self shareable area: LUTs: 0 FFs: 0 DSPs: 0 BRAMs: 0 Self unshareable area: LUTs: 44 FFs: 0 DSPs: 0 BRAMs: 0
parallelismSelector::VERBO: [visitNestedHeader] Adding nested shareable area from loop(id) 43 LUTs: 0 FFs: 0 DSPs: 0 BRAMs: 0
parallelismSelector::VERBO: [Finalize] Self shareable area: LUTs: 0 FFs: 0 DSPs: 0 BRAMs: 0
parallelismSelector::VERBO: [AreaEstimationVisitor] Total shareable area: LUTs: 0 FFs: 0 DSPs: 0 BRAMs: 0 Total unshareable area: LUTs: 5172 FFs: 0 DSPs: 0 BRAMs: 0
parallelismSelector::VERBO: [AreaEstimationVisitor] Self shareable area: LUTs: 0 FFs: 0 DSPs: 0 BRAMs: 0 Self unshareable area: LUTs: 44 FFs: 0 DSPs: 0 BRAMs: 0
parallelismSelector::VERBO: [visitNestedHeader] MinMaxParallelOperationNumPerLoop: {44: 2}
parallelismSelector::VERBO: [visitNestedHeader] Adding nested shareable area from loop(id) 42 LUTs: 759 FFs: 357 DSPs: 5 BRAMs: 0
parallelismSelector::VERBO: [Finalize] Self shareable area: LUTs: 0 FFs: 0 DSPs: 0 BRAMs: 0
parallelismSelector::VERBO: [Finalize] ParallelOperationNumPerLoop: {41: 1}
parallelismSelector::VERBO: [Finalize] Contribution of this loop to shareable area: LUTs: 0 FFs: 0 DSPs: 0 BRAMs: 0
parallelismSelector::VERBO: [AreaEstimationVisitor] Total shareable area: LUTs: 759 FFs: 357 DSPs: 5 BRAMs: 0 Total unshareable area: LUTs: 5820 FFs: 6 DSPs: 0 BRAMs: 0
parallelismSelector::VERBO: [AreaEstimationVisitor] Self shareable area: LUTs: 0 FFs: 0 DSPs: 0 BRAMs: 0 Self unshareable area: LUTs: 88 FFs: 6 DSPs: 0 BRAMs: 0
parallelismSelector::VERBO: [visitNestedHeader] Adding nested shareable area from loop(id) 41 LUTs: 759 FFs: 357 DSPs: 5 BRAMs: 0
parallelismSelector::VERBO: [Finalize] Self shareable area: LUTs: 0 FFs: 0 DSPs: 0 BRAMs: 0
parallelismSelector::VERBO: [Finalize] ParallelOperationNumPerLoop: {}
parallelismSelector::VERBO: [Finalize] Contribution of this loop to shareable area: LUTs: 0 FFs: 0 DSPs: 0 BRAMs: 0
parallelismSelector::VERBO: [AreaEstimationVisitor] Total shareable area: LUTs: 759 FFs: 357 DSPs: 5 BRAMs: 0 Total unshareable area: LUTs: 5832 FFs: 6 DSPs: 0 BRAMs: 0
parallelismSelector::VERBO: [AreaEstimationVisitor] Self shareable area: LUTs: 0 FFs: 0 DSPs: 0 BRAMs: 0 Self unshareable area: LUTs: 12 FFs: 0 DSPs: 0 BRAMs: 0
parallelismSelector::VERBO: [visitNestedHeader] Adding nested shareable area from loop(id) 40 LUTs: 759 FFs: 357 DSPs: 5 BRAMs: 0
parallelismSelector::VERBO: [Finalize] Self shareable area: LUTs: 0 FFs: 0 DSPs: 0 BRAMs: 0
parallelismSelector::VERBO: [Finalize] ParallelOperationNumPerLoop: {}
parallelismSelector::VERBO: [Finalize] Contribution of this loop to shareable area: LUTs: 0 FFs: 0 DSPs: 0 BRAMs: 0
parallelismSelector::VERBO: [AreaEstimationVisitor] Total shareable area: LUTs: 759 FFs: 357 DSPs: 5 BRAMs: 0 Total unshareable area: LUTs: 5844 FFs: 6 DSPs: 0 BRAMs: 0
parallelismSelector::VERBO: [AreaEstimationVisitor] Self shareable area: LUTs: 0 FFs: 0 DSPs: 0 BRAMs: 0 Self unshareable area: LUTs: 12 FFs: 0 DSPs: 0 BRAMs: 0
parallelismSelector::VERBO: [Finalize] Self shareable area: LUTs: 0 FFs: 0 DSPs: 0 BRAMs: 0
parallelismSelector::VERBO: [AreaEstimationVisitor] Total shareable area: LUTs: 759 FFs: 357 DSPs: 5 BRAMs: 0 Total unshareable area: LUTs: 5844 FFs: 6 DSPs: 0 BRAMs: 0
parallelismSelector::VERBO: [AreaEstimationVisitor] Self shareable area: LUTs: 0 FFs: 0 DSPs: 0 BRAMs: 0 Self unshareable area: LUTs: 0 FFs: 0 DSPs: 0 BRAMs: 0
parallelismSelector::VERBO: [Finalize] Self shareable area: LUTs: 759 FFs: 357 DSPs: 5 BRAMs: 0
parallelismSelector::VERBO: [AreaEstimationVisitor] Total shareable area: LUTs: 759 FFs: 357 DSPs: 5 BRAMs: 0 Total unshareable area: LUTs: 5844 FFs: 6 DSPs: 0 BRAMs: 0
parallelismSelector::VERBO: [AreaEstimationVisitor] Self shareable area: LUTs: 759 FFs: 357 DSPs: 5 BRAMs: 0 Self unshareable area: LUTs: 5844 FFs: 6 DSPs: 0 BRAMs: 0
parallelismSelector::VERBO: [AreaEstimationVisitor] CallSite: CS(5 F=238) 
parallelismSelector::VERBO:   New Equivalence table
                            
parallelismSelector::VERBO: [AreaEstimationVisitor] Func: Outline_T5_F227_R4_Call : 238
parallelismSelector::VERBO: [AreaEstimationVisitor] CallSite: CS(13 F=230) (135->16)(136->17)
parallelismSelector::VERBO:   New Equivalence table
                             Object with value: 135 is mapped to the object with value: 16
                             Object with value: 136 is mapped to the object with value: 17
                            
parallelismSelector::VERBO: [AreaEstimationVisitor] Func: _Z5pool1PA318_A8_KfPA159_A8_f : 230
parallelismSelector::VERBO: [AreaEstimationVisitor] Loop: 45
parallelismSelector::VERBO: [AreaEstimationVisitor] Loop: 46
parallelismSelector::VERBO: [AreaEstimationVisitor] Loop: 47
parallelismSelector::VERBO: [Finalize] Self shareable area: LUTs: 0 FFs: 0 DSPs: 0 BRAMs: 0
parallelismSelector::VERBO: [Finalize] ParallelOperationNumPerLoop: {47: 1}
parallelismSelector::VERBO: [Finalize] Contribution of this loop to shareable area: LUTs: 0 FFs: 0 DSPs: 0 BRAMs: 0
parallelismSelector::VERBO: [AreaEstimationVisitor] Total shareable area: LUTs: 0 FFs: 0 DSPs: 0 BRAMs: 0 Total unshareable area: LUTs: 284 FFs: 18 DSPs: 0 BRAMs: 0
parallelismSelector::VERBO: [AreaEstimationVisitor] Self shareable area: LUTs: 0 FFs: 0 DSPs: 0 BRAMs: 0 Self unshareable area: LUTs: 144 FFs: 18 DSPs: 0 BRAMs: 0
parallelismSelector::VERBO: [visitNestedHeader] Adding nested shareable area from loop(id) 47 LUTs: 0 FFs: 0 DSPs: 0 BRAMs: 0
parallelismSelector::VERBO: [Finalize] Self shareable area: LUTs: 0 FFs: 0 DSPs: 0 BRAMs: 0
parallelismSelector::VERBO: [Finalize] ParallelOperationNumPerLoop: {}
parallelismSelector::VERBO: [Finalize] Contribution of this loop to shareable area: LUTs: 0 FFs: 0 DSPs: 0 BRAMs: 0
parallelismSelector::VERBO: [AreaEstimationVisitor] Total shareable area: LUTs: 0 FFs: 0 DSPs: 0 BRAMs: 0 Total unshareable area: LUTs: 296 FFs: 18 DSPs: 0 BRAMs: 0
parallelismSelector::VERBO: [AreaEstimationVisitor] Self shareable area: LUTs: 0 FFs: 0 DSPs: 0 BRAMs: 0 Self unshareable area: LUTs: 12 FFs: 0 DSPs: 0 BRAMs: 0
parallelismSelector::VERBO: [visitNestedHeader] Adding nested shareable area from loop(id) 46 LUTs: 0 FFs: 0 DSPs: 0 BRAMs: 0
parallelismSelector::VERBO: [Finalize] Self shareable area: LUTs: 0 FFs: 0 DSPs: 0 BRAMs: 0
parallelismSelector::VERBO: [Finalize] ParallelOperationNumPerLoop: {}
parallelismSelector::VERBO: [Finalize] Contribution of this loop to shareable area: LUTs: 0 FFs: 0 DSPs: 0 BRAMs: 0
parallelismSelector::VERBO: [AreaEstimationVisitor] Total shareable area: LUTs: 0 FFs: 0 DSPs: 0 BRAMs: 0 Total unshareable area: LUTs: 308 FFs: 18 DSPs: 0 BRAMs: 0
parallelismSelector::VERBO: [AreaEstimationVisitor] Self shareable area: LUTs: 0 FFs: 0 DSPs: 0 BRAMs: 0 Self unshareable area: LUTs: 12 FFs: 0 DSPs: 0 BRAMs: 0
parallelismSelector::VERBO: [Finalize] Self shareable area: LUTs: 0 FFs: 0 DSPs: 0 BRAMs: 0
parallelismSelector::VERBO: [AreaEstimationVisitor] Total shareable area: LUTs: 0 FFs: 0 DSPs: 0 BRAMs: 0 Total unshareable area: LUTs: 308 FFs: 18 DSPs: 0 BRAMs: 0
parallelismSelector::VERBO: [AreaEstimationVisitor] Self shareable area: LUTs: 0 FFs: 0 DSPs: 0 BRAMs: 0 Self unshareable area: LUTs: 0 FFs: 0 DSPs: 0 BRAMs: 0
parallelismSelector::VERBO: [Finalize] Self shareable area: LUTs: 0 FFs: 0 DSPs: 0 BRAMs: 0
parallelismSelector::VERBO: [AreaEstimationVisitor] Total shareable area: LUTs: 0 FFs: 0 DSPs: 0 BRAMs: 0 Total unshareable area: LUTs: 308 FFs: 18 DSPs: 0 BRAMs: 0
parallelismSelector::VERBO: [AreaEstimationVisitor] Self shareable area: LUTs: 0 FFs: 0 DSPs: 0 BRAMs: 0 Self unshareable area: LUTs: 308 FFs: 18 DSPs: 0 BRAMs: 0
parallelismSelector::VERBO: [AreaEstimationVisitor] CallSite: CS(6 F=239) (190->108)(191->109)
parallelismSelector::VERBO:   New Equivalence table
                             Object with value: 190 is mapped to the object with value: 108
                             Object with value: 191 is mapped to the object with value: 109
                            
parallelismSelector::VERBO: [AreaEstimationVisitor] Func: Outline_T6_F227_R5_Call : 239
parallelismSelector::VERBO: [AreaEstimationVisitor] CallSite: CS(14 F=231) (146->17)(147->190)(148->191)(149->18)
parallelismSelector::VERBO:   New Equivalence table
                             Object with value: 146 is mapped to the object with value: 17
                             Object with value: 147 is mapped to the object with value: 108
                             Object with value: 148 is mapped to the object with value: 109
                             Object with value: 149 is mapped to the object with value: 18
                             Object with value: 190 is mapped to the object with value: 108
                             Object with value: 191 is mapped to the object with value: 109
                            
parallelismSelector::VERBO: [AreaEstimationVisitor] Func: _Z5conv2PA159_A8_KfPS_S3_PA157_A16_f : 231
parallelismSelector::VERBO: [AreaEstimationVisitor] Loop: 48
parallelismSelector::VERBO: [AreaEstimationVisitor] Loop: 49
parallelismSelector::VERBO: [AreaEstimationVisitor] Loop: 50
parallelismSelector::VERBO: [AreaEstimationVisitor] Loop: 51
parallelismSelector::VERBO: [AreaEstimationVisitor] Loop: 52
parallelismSelector::VERBO: [AreaEstimationVisitor] Loop: 53
parallelismSelector::VERBO: [Finalize] Self shareable area: LUTs: 759 FFs: 357 DSPs: 5 BRAMs: 0
parallelismSelector::VERBO: [AreaEstimationVisitor] Total shareable area: LUTs: 0 FFs: 0 DSPs: 0 BRAMs: 0 Total unshareable area: LUTs: 1376 FFs: 0 DSPs: 0 BRAMs: 0
parallelismSelector::VERBO: [AreaEstimationVisitor] Self shareable area: LUTs: 759 FFs: 357 DSPs: 5 BRAMs: 0 Self unshareable area: LUTs: 172 FFs: 0 DSPs: 0 BRAMs: 0
parallelismSelector::VERBO: [visitNestedHeader] Adding nested shareable area from loop(id) 53 LUTs: 0 FFs: 0 DSPs: 0 BRAMs: 0
parallelismSelector::VERBO: [Finalize] Self shareable area: LUTs: 0 FFs: 0 DSPs: 0 BRAMs: 0
parallelismSelector::VERBO: [AreaEstimationVisitor] Total shareable area: LUTs: 0 FFs: 0 DSPs: 0 BRAMs: 0 Total unshareable area: LUTs: 4260 FFs: 0 DSPs: 0 BRAMs: 0
parallelismSelector::VERBO: [AreaEstimationVisitor] Self shareable area: LUTs: 0 FFs: 0 DSPs: 0 BRAMs: 0 Self unshareable area: LUTs: 44 FFs: 0 DSPs: 0 BRAMs: 0
parallelismSelector::VERBO: [visitNestedHeader] Adding nested shareable area from loop(id) 52 LUTs: 0 FFs: 0 DSPs: 0 BRAMs: 0
parallelismSelector::VERBO: [Finalize] Self shareable area: LUTs: 0 FFs: 0 DSPs: 0 BRAMs: 0
parallelismSelector::VERBO: [AreaEstimationVisitor] Total shareable area: LUTs: 0 FFs: 0 DSPs: 0 BRAMs: 0 Total unshareable area: LUTs: 12912 FFs: 0 DSPs: 0 BRAMs: 0
parallelismSelector::VERBO: [AreaEstimationVisitor] Self shareable area: LUTs: 0 FFs: 0 DSPs: 0 BRAMs: 0 Self unshareable area: LUTs: 44 FFs: 0 DSPs: 0 BRAMs: 0
parallelismSelector::VERBO: [visitNestedHeader] MinMaxParallelOperationNumPerLoop: {53: 2}
parallelismSelector::VERBO: [visitNestedHeader] Adding nested shareable area from loop(id) 51 LUTs: 759 FFs: 357 DSPs: 5 BRAMs: 0
parallelismSelector::VERBO: [Finalize] Self shareable area: LUTs: 0 FFs: 0 DSPs: 0 BRAMs: 0
parallelismSelector::VERBO: [Finalize] ParallelOperationNumPerLoop: {50: 1}
parallelismSelector::VERBO: [Finalize] Contribution of this loop to shareable area: LUTs: 0 FFs: 0 DSPs: 0 BRAMs: 0
parallelismSelector::VERBO: [AreaEstimationVisitor] Total shareable area: LUTs: 759 FFs: 357 DSPs: 5 BRAMs: 0 Total unshareable area: LUTs: 14326 FFs: 6 DSPs: 0 BRAMs: 0
parallelismSelector::VERBO: [AreaEstimationVisitor] Self shareable area: LUTs: 0 FFs: 0 DSPs: 0 BRAMs: 0 Self unshareable area: LUTs: 56 FFs: 6 DSPs: 0 BRAMs: 0
parallelismSelector::VERBO: [visitNestedHeader] Adding nested shareable area from loop(id) 50 LUTs: 759 FFs: 357 DSPs: 5 BRAMs: 0
parallelismSelector::VERBO: [Finalize] Self shareable area: LUTs: 0 FFs: 0 DSPs: 0 BRAMs: 0
parallelismSelector::VERBO: [Finalize] ParallelOperationNumPerLoop: {}
parallelismSelector::VERBO: [Finalize] Contribution of this loop to shareable area: LUTs: 0 FFs: 0 DSPs: 0 BRAMs: 0
parallelismSelector::VERBO: [AreaEstimationVisitor] Total shareable area: LUTs: 759 FFs: 357 DSPs: 5 BRAMs: 0 Total unshareable area: LUTs: 14338 FFs: 6 DSPs: 0 BRAMs: 0
parallelismSelector::VERBO: [AreaEstimationVisitor] Self shareable area: LUTs: 0 FFs: 0 DSPs: 0 BRAMs: 0 Self unshareable area: LUTs: 12 FFs: 0 DSPs: 0 BRAMs: 0
parallelismSelector::VERBO: [visitNestedHeader] Adding nested shareable area from loop(id) 49 LUTs: 759 FFs: 357 DSPs: 5 BRAMs: 0
parallelismSelector::VERBO: [Finalize] Self shareable area: LUTs: 0 FFs: 0 DSPs: 0 BRAMs: 0
parallelismSelector::VERBO: [Finalize] ParallelOperationNumPerLoop: {}
parallelismSelector::VERBO: [Finalize] Contribution of this loop to shareable area: LUTs: 0 FFs: 0 DSPs: 0 BRAMs: 0
parallelismSelector::VERBO: [AreaEstimationVisitor] Total shareable area: LUTs: 759 FFs: 357 DSPs: 5 BRAMs: 0 Total unshareable area: LUTs: 14350 FFs: 6 DSPs: 0 BRAMs: 0
parallelismSelector::VERBO: [AreaEstimationVisitor] Self shareable area: LUTs: 0 FFs: 0 DSPs: 0 BRAMs: 0 Self unshareable area: LUTs: 12 FFs: 0 DSPs: 0 BRAMs: 0
parallelismSelector::VERBO: [Finalize] Self shareable area: LUTs: 0 FFs: 0 DSPs: 0 BRAMs: 0
parallelismSelector::VERBO: [AreaEstimationVisitor] Total shareable area: LUTs: 759 FFs: 357 DSPs: 5 BRAMs: 0 Total unshareable area: LUTs: 14350 FFs: 6 DSPs: 0 BRAMs: 0
parallelismSelector::VERBO: [AreaEstimationVisitor] Self shareable area: LUTs: 0 FFs: 0 DSPs: 0 BRAMs: 0 Self unshareable area: LUTs: 0 FFs: 0 DSPs: 0 BRAMs: 0
parallelismSelector::VERBO: [Finalize] Self shareable area: LUTs: 759 FFs: 357 DSPs: 5 BRAMs: 0
parallelismSelector::VERBO: [AreaEstimationVisitor] Total shareable area: LUTs: 759 FFs: 357 DSPs: 5 BRAMs: 0 Total unshareable area: LUTs: 14350 FFs: 6 DSPs: 0 BRAMs: 0
parallelismSelector::VERBO: [AreaEstimationVisitor] Self shareable area: LUTs: 759 FFs: 357 DSPs: 5 BRAMs: 0 Self unshareable area: LUTs: 14350 FFs: 6 DSPs: 0 BRAMs: 0
parallelismSelector::VERBO: [AreaEstimationVisitor] CallSite: CS(7 F=240) 
parallelismSelector::VERBO:   New Equivalence table
                            
parallelismSelector::VERBO: [AreaEstimationVisitor] Func: Outline_T7_F227_R6_Call : 240
parallelismSelector::VERBO: [AreaEstimationVisitor] CallSite: CS(15 F=232) (158->18)(159->19)
parallelismSelector::VERBO:   New Equivalence table
                             Object with value: 158 is mapped to the object with value: 18
                             Object with value: 159 is mapped to the object with value: 19
                            
parallelismSelector::VERBO: [AreaEstimationVisitor] Func: _Z5pool2PA157_A16_KfPA78_A16_f : 232
parallelismSelector::VERBO: [AreaEstimationVisitor] Loop: 54
parallelismSelector::VERBO: [AreaEstimationVisitor] Loop: 55
parallelismSelector::VERBO: [AreaEstimationVisitor] Loop: 56
parallelismSelector::VERBO: [Finalize] Self shareable area: LUTs: 0 FFs: 0 DSPs: 0 BRAMs: 0
parallelismSelector::VERBO: [Finalize] ParallelOperationNumPerLoop: {56: 1}
parallelismSelector::VERBO: [Finalize] Contribution of this loop to shareable area: LUTs: 0 FFs: 0 DSPs: 0 BRAMs: 0
parallelismSelector::VERBO: [AreaEstimationVisitor] Total shareable area: LUTs: 0 FFs: 0 DSPs: 0 BRAMs: 0 Total unshareable area: LUTs: 284 FFs: 18 DSPs: 0 BRAMs: 0
parallelismSelector::VERBO: [AreaEstimationVisitor] Self shareable area: LUTs: 0 FFs: 0 DSPs: 0 BRAMs: 0 Self unshareable area: LUTs: 144 FFs: 18 DSPs: 0 BRAMs: 0
parallelismSelector::VERBO: [visitNestedHeader] Adding nested shareable area from loop(id) 56 LUTs: 0 FFs: 0 DSPs: 0 BRAMs: 0
parallelismSelector::VERBO: [Finalize] Self shareable area: LUTs: 0 FFs: 0 DSPs: 0 BRAMs: 0
parallelismSelector::VERBO: [Finalize] ParallelOperationNumPerLoop: {}
parallelismSelector::VERBO: [Finalize] Contribution of this loop to shareable area: LUTs: 0 FFs: 0 DSPs: 0 BRAMs: 0
parallelismSelector::VERBO: [AreaEstimationVisitor] Total shareable area: LUTs: 0 FFs: 0 DSPs: 0 BRAMs: 0 Total unshareable area: LUTs: 296 FFs: 18 DSPs: 0 BRAMs: 0
parallelismSelector::VERBO: [AreaEstimationVisitor] Self shareable area: LUTs: 0 FFs: 0 DSPs: 0 BRAMs: 0 Self unshareable area: LUTs: 12 FFs: 0 DSPs: 0 BRAMs: 0
parallelismSelector::VERBO: [visitNestedHeader] Adding nested shareable area from loop(id) 55 LUTs: 0 FFs: 0 DSPs: 0 BRAMs: 0
parallelismSelector::VERBO: [Finalize] Self shareable area: LUTs: 0 FFs: 0 DSPs: 0 BRAMs: 0
parallelismSelector::VERBO: [Finalize] ParallelOperationNumPerLoop: {}
parallelismSelector::VERBO: [Finalize] Contribution of this loop to shareable area: LUTs: 0 FFs: 0 DSPs: 0 BRAMs: 0
parallelismSelector::VERBO: [AreaEstimationVisitor] Total shareable area: LUTs: 0 FFs: 0 DSPs: 0 BRAMs: 0 Total unshareable area: LUTs: 308 FFs: 18 DSPs: 0 BRAMs: 0
parallelismSelector::VERBO: [AreaEstimationVisitor] Self shareable area: LUTs: 0 FFs: 0 DSPs: 0 BRAMs: 0 Self unshareable area: LUTs: 12 FFs: 0 DSPs: 0 BRAMs: 0
parallelismSelector::VERBO: [Finalize] Self shareable area: LUTs: 0 FFs: 0 DSPs: 0 BRAMs: 0
parallelismSelector::VERBO: [AreaEstimationVisitor] Total shareable area: LUTs: 0 FFs: 0 DSPs: 0 BRAMs: 0 Total unshareable area: LUTs: 308 FFs: 18 DSPs: 0 BRAMs: 0
parallelismSelector::VERBO: [AreaEstimationVisitor] Self shareable area: LUTs: 0 FFs: 0 DSPs: 0 BRAMs: 0 Self unshareable area: LUTs: 0 FFs: 0 DSPs: 0 BRAMs: 0
parallelismSelector::VERBO: [Finalize] Self shareable area: LUTs: 0 FFs: 0 DSPs: 0 BRAMs: 0
parallelismSelector::VERBO: [AreaEstimationVisitor] Total shareable area: LUTs: 0 FFs: 0 DSPs: 0 BRAMs: 0 Total unshareable area: LUTs: 308 FFs: 18 DSPs: 0 BRAMs: 0
parallelismSelector::VERBO: [AreaEstimationVisitor] Self shareable area: LUTs: 0 FFs: 0 DSPs: 0 BRAMs: 0 Self unshareable area: LUTs: 308 FFs: 18 DSPs: 0 BRAMs: 0
parallelismSelector::VERBO: [AreaEstimationVisitor] CallSite: CS(8 F=241) (192->116)
parallelismSelector::VERBO:   New Equivalence table
                             Object with value: 192 is mapped to the object with value: 116
                            
parallelismSelector::VERBO: [AreaEstimationVisitor] Func: Outline_T8_F227_R7_Call : 241
parallelismSelector::VERBO: [AreaEstimationVisitor] CallSite: CS(16 F=233) (169->19)(170->20)(171->192)
parallelismSelector::VERBO:   New Equivalence table
                             Object with value: 169 is mapped to the object with value: 19
                             Object with value: 170 is mapped to the object with value: 20
                             Object with value: 171 is mapped to the object with value: 116
                             Object with value: 192 is mapped to the object with value: 116
                            
parallelismSelector::VERBO: [AreaEstimationVisitor] Func: _Z7flattenPA78_A16_KfPfRi : 233
parallelismSelector::VERBO: [AreaEstimationVisitor] Loop: 57
parallelismSelector::VERBO: [AreaEstimationVisitor] Loop: 58
parallelismSelector::VERBO: [AreaEstimationVisitor] Loop: 59
parallelismSelector::VERBO: [Finalize] Self shareable area: LUTs: 0 FFs: 0 DSPs: 0 BRAMs: 0
parallelismSelector::VERBO: [Finalize] ParallelOperationNumPerLoop: {59: 1}
parallelismSelector::VERBO: [Finalize] Contribution of this loop to shareable area: LUTs: 0 FFs: 0 DSPs: 0 BRAMs: 0
parallelismSelector::VERBO: [AreaEstimationVisitor] Total shareable area: LUTs: 0 FFs: 0 DSPs: 0 BRAMs: 0 Total unshareable area: LUTs: 68 FFs: 0 DSPs: 0 BRAMs: 0
parallelismSelector::VERBO: [AreaEstimationVisitor] Self shareable area: LUTs: 0 FFs: 0 DSPs: 0 BRAMs: 0 Self unshareable area: LUTs: 12 FFs: 0 DSPs: 0 BRAMs: 0
parallelismSelector::VERBO: [visitNestedHeader] Adding nested shareable area from loop(id) 59 LUTs: 0 FFs: 0 DSPs: 0 BRAMs: 0
parallelismSelector::VERBO: [Finalize] Self shareable area: LUTs: 0 FFs: 0 DSPs: 0 BRAMs: 0
parallelismSelector::VERBO: [Finalize] ParallelOperationNumPerLoop: {}
parallelismSelector::VERBO: [Finalize] Contribution of this loop to shareable area: LUTs: 0 FFs: 0 DSPs: 0 BRAMs: 0
parallelismSelector::VERBO: [AreaEstimationVisitor] Total shareable area: LUTs: 0 FFs: 0 DSPs: 0 BRAMs: 0 Total unshareable area: LUTs: 80 FFs: 0 DSPs: 0 BRAMs: 0
parallelismSelector::VERBO: [AreaEstimationVisitor] Self shareable area: LUTs: 0 FFs: 0 DSPs: 0 BRAMs: 0 Self unshareable area: LUTs: 12 FFs: 0 DSPs: 0 BRAMs: 0
parallelismSelector::VERBO: [visitNestedHeader] Adding nested shareable area from loop(id) 58 LUTs: 0 FFs: 0 DSPs: 0 BRAMs: 0
parallelismSelector::VERBO: [Finalize] Self shareable area: LUTs: 0 FFs: 0 DSPs: 0 BRAMs: 0
parallelismSelector::VERBO: [Finalize] ParallelOperationNumPerLoop: {}
parallelismSelector::VERBO: [Finalize] Contribution of this loop to shareable area: LUTs: 0 FFs: 0 DSPs: 0 BRAMs: 0
parallelismSelector::VERBO: [AreaEstimationVisitor] Total shareable area: LUTs: 0 FFs: 0 DSPs: 0 BRAMs: 0 Total unshareable area: LUTs: 92 FFs: 0 DSPs: 0 BRAMs: 0
parallelismSelector::VERBO: [AreaEstimationVisitor] Self shareable area: LUTs: 0 FFs: 0 DSPs: 0 BRAMs: 0 Self unshareable area: LUTs: 12 FFs: 0 DSPs: 0 BRAMs: 0
parallelismSelector::VERBO: [Finalize] Self shareable area: LUTs: 0 FFs: 0 DSPs: 0 BRAMs: 0
parallelismSelector::VERBO: [AreaEstimationVisitor] Total shareable area: LUTs: 0 FFs: 0 DSPs: 0 BRAMs: 0 Total unshareable area: LUTs: 92 FFs: 0 DSPs: 0 BRAMs: 0
parallelismSelector::VERBO: [AreaEstimationVisitor] Self shareable area: LUTs: 0 FFs: 0 DSPs: 0 BRAMs: 0 Self unshareable area: LUTs: 0 FFs: 0 DSPs: 0 BRAMs: 0
parallelismSelector::VERBO: [Finalize] Self shareable area: LUTs: 0 FFs: 0 DSPs: 0 BRAMs: 0
parallelismSelector::VERBO: [AreaEstimationVisitor] Total shareable area: LUTs: 0 FFs: 0 DSPs: 0 BRAMs: 0 Total unshareable area: LUTs: 92 FFs: 0 DSPs: 0 BRAMs: 0
parallelismSelector::VERBO: [AreaEstimationVisitor] Self shareable area: LUTs: 0 FFs: 0 DSPs: 0 BRAMs: 0 Self unshareable area: LUTs: 92 FFs: 0 DSPs: 0 BRAMs: 0
parallelismSelector::VERBO: [AreaEstimationVisitor] CallSite: CS(9 F=242) (194->110)(195->111)
parallelismSelector::VERBO:   New Equivalence table
                             Object with value: 194 is mapped to the object with value: 110
                             Object with value: 195 is mapped to the object with value: 111
                            
parallelismSelector::VERBO: [AreaEstimationVisitor] Func: Outline_T9_F227_R8_Call : 242
parallelismSelector::VERBO: [AreaEstimationVisitor] CallSite: CS(17 F=234) (175->20)(177->194)(178->195)(179->21)
parallelismSelector::VERBO:   New Equivalence table
                             Object with value: 175 is mapped to the object with value: 20
                             Object with value: 177 is mapped to the object with value: 110
                             Object with value: 178 is mapped to the object with value: 111
                             Object with value: 179 is mapped to the object with value: 21
                             Object with value: 194 is mapped to the object with value: 110
                             Object with value: 195 is mapped to the object with value: 111
                            
parallelismSelector::VERBO: [AreaEstimationVisitor] Func: _Z3fc1PKfiS0_S0_Pf : 234
parallelismSelector::VERBO: [AreaEstimationVisitor] Loop: 60
parallelismSelector::VERBO: [AreaEstimationVisitor] Loop: 61
parallelismSelector::VERBO: [Finalize] Self shareable area: LUTs: 759 FFs: 357 DSPs: 5 BRAMs: 0
parallelismSelector::VERBO: [Finalize] ParallelOperationNumPerLoop: {61: 2}
parallelismSelector::VERBO: [Finalize] Contribution of this loop to shareable area: LUTs: 759 FFs: 357 DSPs: 5 BRAMs: 0
parallelismSelector::VERBO: [AreaEstimationVisitor] Total shareable area: LUTs: 759 FFs: 357 DSPs: 5 BRAMs: 0 Total unshareable area: LUTs: 168 FFs: 0 DSPs: 0 BRAMs: 0
parallelismSelector::VERBO: [AreaEstimationVisitor] Self shareable area: LUTs: 759 FFs: 357 DSPs: 5 BRAMs: 0 Self unshareable area: LUTs: 44 FFs: 0 DSPs: 0 BRAMs: 0
parallelismSelector::VERBO: [visitNestedHeader] Adding nested shareable area from loop(id) 61 LUTs: 759 FFs: 357 DSPs: 5 BRAMs: 0
parallelismSelector::VERBO: [Finalize] Self shareable area: LUTs: 0 FFs: 0 DSPs: 0 BRAMs: 0
parallelismSelector::VERBO: [Finalize] ParallelOperationNumPerLoop: {60: 1}
parallelismSelector::VERBO: [Finalize] Contribution of this loop to shareable area: LUTs: 0 FFs: 0 DSPs: 0 BRAMs: 0
parallelismSelector::VERBO: [AreaEstimationVisitor] Total shareable area: LUTs: 759 FFs: 357 DSPs: 5 BRAMs: 0 Total unshareable area: LUTs: 253 FFs: 0 DSPs: 3 BRAMs: 0
parallelismSelector::VERBO: [AreaEstimationVisitor] Self shareable area: LUTs: 0 FFs: 0 DSPs: 0 BRAMs: 0 Self unshareable area: LUTs: 33 FFs: 0 DSPs: 3 BRAMs: 0
parallelismSelector::VERBO: [Finalize] Self shareable area: LUTs: 0 FFs: 0 DSPs: 0 BRAMs: 0
parallelismSelector::VERBO: [AreaEstimationVisitor] Total shareable area: LUTs: 759 FFs: 357 DSPs: 5 BRAMs: 0 Total unshareable area: LUTs: 265 FFs: 0 DSPs: 3 BRAMs: 0
parallelismSelector::VERBO: [AreaEstimationVisitor] Self shareable area: LUTs: 0 FFs: 0 DSPs: 0 BRAMs: 0 Self unshareable area: LUTs: 12 FFs: 0 DSPs: 0 BRAMs: 0
parallelismSelector::VERBO: [Finalize] Self shareable area: LUTs: 759 FFs: 357 DSPs: 5 BRAMs: 0
parallelismSelector::VERBO: [AreaEstimationVisitor] Total shareable area: LUTs: 759 FFs: 357 DSPs: 5 BRAMs: 0 Total unshareable area: LUTs: 265 FFs: 0 DSPs: 3 BRAMs: 0
parallelismSelector::VERBO: [AreaEstimationVisitor] Self shareable area: LUTs: 759 FFs: 357 DSPs: 5 BRAMs: 0 Self unshareable area: LUTs: 265 FFs: 0 DSPs: 3 BRAMs: 0
parallelismSelector::VERBO: [AreaEstimationVisitor] CallSite: CS(10 F=243) (196->112)(198->114)
parallelismSelector::VERBO:   New Equivalence table
                             Object with value: 196 is mapped to the object with value: 112
                             Object with value: 198 is mapped to the object with value: 114
                            
parallelismSelector::VERBO: [AreaEstimationVisitor] Func: Outline_T10_F227_R9_Call : 243
parallelismSelector::VERBO: [AreaEstimationVisitor] CallSite: CS(18 F=235) (183->21)(184->196)(186->198)
parallelismSelector::VERBO:   New Equivalence table
                             Object with value: 183 is mapped to the object with value: 21
                             Object with value: 184 is mapped to the object with value: 112
                             Object with value: 186 is mapped to the object with value: 114
                             Object with value: 196 is mapped to the object with value: 112
                             Object with value: 198 is mapped to the object with value: 114
                            
parallelismSelector::VERBO: [AreaEstimationVisitor] Func: _Z3fc2PKfS0_S0_Ph : 235
parallelismSelector::VERBO: [AreaEstimationVisitor] Loop: 62
parallelismSelector::VERBO: [Finalize] Self shareable area: LUTs: 759 FFs: 357 DSPs: 5 BRAMs: 0
parallelismSelector::VERBO: [Finalize] ParallelOperationNumPerLoop: {62: 1}
parallelismSelector::VERBO: [Finalize] Contribution of this loop to shareable area: LUTs: 759 FFs: 357 DSPs: 5 BRAMs: 0
parallelismSelector::VERBO: [AreaEstimationVisitor] Total shareable area: LUTs: 759 FFs: 357 DSPs: 5 BRAMs: 0 Total unshareable area: LUTs: 64 FFs: 0 DSPs: 0 BRAMs: 0
parallelismSelector::VERBO: [AreaEstimationVisitor] Self shareable area: LUTs: 759 FFs: 357 DSPs: 5 BRAMs: 0 Self unshareable area: LUTs: 12 FFs: 0 DSPs: 0 BRAMs: 0
parallelismSelector::VERBO: [Finalize] Self shareable area: LUTs: 1413 FFs: 554 DSPs: 9 BRAMs: 0
parallelismSelector::VERBO: [AreaEstimationVisitor] Total shareable area: LUTs: 2172 FFs: 911 DSPs: 14 BRAMs: 0 Total unshareable area: LUTs: 108 FFs: 6 DSPs: 0 BRAMs: 0
parallelismSelector::VERBO: [AreaEstimationVisitor] Self shareable area: LUTs: 1413 FFs: 554 DSPs: 9 BRAMs: 0 Self unshareable area: LUTs: 44 FFs: 6 DSPs: 0 BRAMs: 0
parallelismSelector::VERBO: [Finalize] Self shareable area: LUTs: 2172 FFs: 911 DSPs: 14 BRAMs: 0
parallelismSelector::VERBO: [AreaEstimationVisitor] Total shareable area: LUTs: 2172 FFs: 911 DSPs: 14 BRAMs: 0 Total unshareable area: LUTs: 108 FFs: 6 DSPs: 0 BRAMs: 0
parallelismSelector::VERBO: [AreaEstimationVisitor] Self shareable area: LUTs: 2172 FFs: 911 DSPs: 14 BRAMs: 0 Self unshareable area: LUTs: 108 FFs: 6 DSPs: 0 BRAMs: 0
parallelismSelector::VERBO: [Finalize] Self shareable area: LUTs: 0 FFs: 0 DSPs: 0 BRAMs: 0
parallelismSelector::VERBO: [AreaEstimationVisitor] Total shareable area: LUTs: 0 FFs: 0 DSPs: 0 BRAMs: 0 Total unshareable area: LUTs: 0 FFs: 0 DSPs: 0 BRAMs: 0
parallelismSelector::VERBO: [AreaEstimationVisitor] Self shareable area: LUTs: 0 FFs: 0 DSPs: 0 BRAMs: 0 Self unshareable area: LUTs: 0 FFs: 0 DSPs: 0 BRAMs: 0
parallelismSelector::VERBO: Calculate statically allocated area for variable ID 15
parallelismSelector::VERBO:     Array bits: 7372800. Elements: 230400. Element bits: 32
parallelismSelector::VERBO:     Estimate statically allocated area assuming the BRAM resource type
parallelismSelector::VERBO:         Would allocate 400 BRAMs according to the partition factor
parallelismSelector::VERBO: Calculate statically allocated area for variable ID 16
parallelismSelector::VERBO:     Array bits: 19375104. Elements: 605472. Element bits: 32
parallelismSelector::VERBO:     Estimate statically allocated area assuming the BRAM resource type
parallelismSelector::VERBO:         Would allocate 1052 BRAMs according to the partition factor
parallelismSelector::VERBO: Calculate statically allocated area for variable ID 17
parallelismSelector::VERBO:     Array bits: 4843776. Elements: 151368. Element bits: 32
parallelismSelector::VERBO:     Estimate statically allocated area assuming the BRAM resource type
parallelismSelector::VERBO:         Would allocate 263 BRAMs according to the partition factor
parallelismSelector::VERBO: Calculate statically allocated area for variable ID 18
parallelismSelector::VERBO:     Array bits: 9404928. Elements: 293904. Element bits: 32
parallelismSelector::VERBO:     Estimate statically allocated area assuming the BRAM resource type
parallelismSelector::VERBO:         Would allocate 511 BRAMs according to the partition factor
parallelismSelector::VERBO: Calculate statically allocated area for variable ID 19
parallelismSelector::VERBO:     Array bits: 2316288. Elements: 72384. Element bits: 32
parallelismSelector::VERBO:     Estimate statically allocated area assuming the BRAM resource type
parallelismSelector::VERBO:         Would allocate 126 BRAMs according to the partition factor
parallelismSelector::VERBO: Calculate statically allocated area for variable ID 20
parallelismSelector::VERBO:     Array bits: 2316288. Elements: 72384. Element bits: 32
parallelismSelector::VERBO:     Estimate statically allocated area assuming the BRAM resource type
parallelismSelector::VERBO:         Would allocate 126 BRAMs according to the partition factor
parallelismSelector::VERBO: Calculate statically allocated area for variable ID 21
parallelismSelector::VERBO:     Array bits: 1024. Elements: 32. Element bits: 32
parallelismSelector::VERBO:     Estimate statically allocated area assuming the BRAM resource type
parallelismSelector::VERBO:         Would allocate 1 BRAMs according to the partition factor
parallelismSelector::VERBO: Branch does not fit (min area: Area -- (LUTs: 25940, FFs: 2036, DSPs: 32, BRAMs: 2479, URAMs: 0))
parallelismSelector::VERBO: Initial constrained branch with estimates:
                            FunctionPipelineTopLevel: No
                            Partition {dim 0: cyclic 1, dim 1: cyclic 1, dim 2: cyclic 1} (VariableId 15)
                            Partition {dim 0: cyclic 1, dim 1: cyclic 1, dim 2: cyclic 1} (VariableId 16)
                               +- Penalty on LoopId 39: {1: lat/intv 0} (unroll: latency/interval)
                               +- Penalty on LoopId 40: {1: lat/intv 0} (unroll: latency/interval)
                               +- Penalty on LoopId 41: {1: lat/intv 0} (unroll: latency/interval)
                               +- Penalty on LoopId 45: {1: lat/intv 1} (unroll: latency/interval)
                               +- Penalty on LoopId 46: {1: lat/intv 1} (unroll: latency/interval)
                               +- Penalty on LoopId 47: {1: lat/intv 1} (unroll: latency/interval)
                            Partition {dim 0: cyclic 1, dim 1: cyclic 1, dim 2: cyclic 1} (VariableId 17)
                               +- Penalty on LoopId 45: {1: lat/intv 0} (unroll: latency/interval)
                               +- Penalty on LoopId 46: {1: lat/intv 0} (unroll: latency/interval)
                               +- Penalty on LoopId 47: {1: lat/intv 0} (unroll: latency/interval)
                            Partition {dim 0: cyclic 1, dim 1: cyclic 1, dim 2: cyclic 1} (VariableId 18)
                               +- Penalty on LoopId 48: {1: lat/intv 0} (unroll: latency/interval)
                               +- Penalty on LoopId 49: {1: lat/intv 0} (unroll: latency/interval)
                               +- Penalty on LoopId 50: {1: lat/intv 0} (unroll: latency/interval)
                               +- Penalty on LoopId 54: {1: lat/intv 1} (unroll: latency/interval)
                               +- Penalty on LoopId 55: {1: lat/intv 1} (unroll: latency/interval)
                               +- Penalty on LoopId 56: {1: lat/intv 1} (unroll: latency/interval)
                            Partition {dim 0: cyclic 1, dim 1: cyclic 1, dim 2: cyclic 1} (VariableId 19)
                               +- Penalty on LoopId 54: {1: lat/intv 0} (unroll: latency/interval)
                               +- Penalty on LoopId 55: {1: lat/intv 0} (unroll: latency/interval)
                               +- Penalty on LoopId 56: {1: lat/intv 0} (unroll: latency/interval)
                               +- Penalty on LoopId 57: {1: lat/intv 0} (unroll: latency/interval)
                               +- Penalty on LoopId 58: {1: lat/intv 0} (unroll: latency/interval)
                               +- Penalty on LoopId 59: {1: lat/intv 0} (unroll: latency/interval)
                            Partition {dim 0: cyclic 1} (VariableId 20)
                               +- Penalty on LoopId 57: {1: lat/intv 0} (unroll: latency/interval)
                               +- Penalty on LoopId 58: {1: lat/intv 0} (unroll: latency/interval)
                               +- Penalty on LoopId 59: {1: lat/intv 0} (unroll: latency/interval)
                            Partition {dim 0: cyclic 1} (VariableId 21)
                               +- Penalty on LoopId 60: {1: lat/intv 0} (unroll: latency/interval)
                            +- unroll with factors 1 (LoopId 36 [LOAD_IMG_ROWS]), min-max latency/interval: {unroll 1: lat/intv 384000}
                               +- Access to VariableId 105: {1: lat/intv 0} (unroll: latency/interval)
                               +- unroll with factors 1 (LoopId 37 [LOAD_IMG_COLS]), min-max latency/interval: {unroll 1: lat/intv 1600}
                                  +- Access to VariableId 105: {1: lat/intv 0} (unroll: latency/interval)
                                  +- pipeline (LoopId 38 [LOAD_IMG_CH]), min-max latency/interval: {pipeline: lat/intv 5}
                                     +- Access to VariableId 105: {1: lat/intv 0} (unroll: latency/interval)
                            +- unroll with factors 1 (LoopId 39 [CONV1_ROW]), min-max latency/interval: {unroll 1: lat/intv 19450788}
                               +- Access to VariableId 16: {1: lat/intv 0} (unroll: latency/interval)
                               +- Access to VariableId 106: {1: lat/intv 26} (unroll: latency/interval)
                               +- Access to VariableId 107: {1: lat/intv 0} (unroll: latency/interval)
                               +- unroll with factors 1 (LoopId 40 [CONV1_COL]), min-max latency/interval: {unroll 1: lat/intv 81726}
                                  +- Access to VariableId 16: {1: lat/intv 0} (unroll: latency/interval)
                                  +- Access to VariableId 106: {1: lat/intv 26} (unroll: latency/interval)
                                  +- Access to VariableId 107: {1: lat/intv 0} (unroll: latency/interval)
                                  +- pipeline (LoopId 41 [CONV1_FIL]), min-max latency/interval: {pipeline: lat/intv 257}
                                     +- Access to VariableId 16: {1: lat/intv 0} (unroll: latency/interval)
                                     +- Access to VariableId 106: {1: lat/intv 26} (unroll: latency/interval)
                                     +- Access to VariableId 107: {1: lat/intv 0} (unroll: latency/interval)
                                     +- unroll with factors 3 (LoopId 42 [CONV1_KR]), min-max latency/interval: {unroll 3: lat/intv 30}
                                        +- unroll with factors 3 (LoopId 43 [CONV1_KC]), min-max latency/interval: {unroll 3: lat/intv 23}
                                           +- unroll with factors 3 (LoopId 44 [CONV1_CH]), min-max latency/interval: {unroll 3: lat/intv 16}
                            +- unroll with factors 1 (LoopId 45 [POOL1_ROW]), min-max latency/interval: {unroll 1: lat/intv 435183}
                               +- Access to VariableId 16: {1: lat/intv 1} (unroll: latency/interval)
                               +- Access to VariableId 17: {1: lat/intv 0} (unroll: latency/interval)
                               +- unroll with factors 1 (LoopId 46 [POOL1_COL]), min-max latency/interval: {unroll 1: lat/intv 3657}
                                  +- Access to VariableId 16: {1: lat/intv 1} (unroll: latency/interval)
                                  +- Access to VariableId 17: {1: lat/intv 0} (unroll: latency/interval)
                                  +- pipeline (LoopId 47 [POOL1_CH]), min-max latency/interval: {pipeline: lat/intv 23}
                                     +- Access to VariableId 16: {1: lat/intv 1} (unroll: latency/interval)
                                     +- Access to VariableId 17: {1: lat/intv 0} (unroll: latency/interval)
                            +- unroll with factors 1 (LoopId 48 [CONV2_ROW]), min-max latency/interval: {unroll 1: lat/intv 22428549}
                               +- Access to VariableId 18: {1: lat/intv 0} (unroll: latency/interval)
                               +- Access to VariableId 108: {1: lat/intv 71} (unroll: latency/interval)
                               +- Access to VariableId 109: {1: lat/intv 0} (unroll: latency/interval)
                               +- unroll with factors 1 (LoopId 49 [CONV2_COL]), min-max latency/interval: {unroll 1: lat/intv 191697}
                                  +- Access to VariableId 18: {1: lat/intv 0} (unroll: latency/interval)
                                  +- Access to VariableId 108: {1: lat/intv 71} (unroll: latency/interval)
                                  +- Access to VariableId 109: {1: lat/intv 0} (unroll: latency/interval)
                                  +- pipeline (LoopId 50 [CONV2_FIL]), min-max latency/interval: {pipeline: lat/intv 1221}
                                     +- Access to VariableId 18: {1: lat/intv 0} (unroll: latency/interval)
                                     +- Access to VariableId 108: {1: lat/intv 71} (unroll: latency/interval)
                                     +- Access to VariableId 109: {1: lat/intv 0} (unroll: latency/interval)
                                     +- unroll with factors 3 (LoopId 51 [CONV2_KR]), min-max latency/interval: {unroll 3: lat/intv 50}
                                        +- unroll with factors 3 (LoopId 52 [CONV2_KC]), min-max latency/interval: {unroll 3: lat/intv 43}
                                           +- unroll with factors 8 (LoopId 53 [CONV2_CH]), min-max latency/interval: {unroll 8: lat/intv 36}
                            +- unroll with factors 1 (LoopId 54 [POOL2_ROW]), min-max latency/interval: {unroll 1: lat/intv 176436}
                               +- Access to VariableId 18: {1: lat/intv 1} (unroll: latency/interval)
                               +- Access to VariableId 19: {1: lat/intv 0} (unroll: latency/interval)
                               +- unroll with factors 1 (LoopId 55 [POOL2_COL]), min-max latency/interval: {unroll 1: lat/intv 3042}
                                  +- Access to VariableId 18: {1: lat/intv 1} (unroll: latency/interval)
                                  +- Access to VariableId 19: {1: lat/intv 0} (unroll: latency/interval)
                                  +- pipeline (LoopId 56 [POOL2_CH]), min-max latency/interval: {pipeline: lat/intv 39}
                                     +- Access to VariableId 18: {1: lat/intv 1} (unroll: latency/interval)
                                     +- Access to VariableId 19: {1: lat/intv 0} (unroll: latency/interval)
                            +- unroll with factors 1 (LoopId 57 [FLATTEN]), min-max latency/interval: {unroll 1: lat/intv 81432}
                               +- Access to VariableId 19: {1: lat/intv 0} (unroll: latency/interval)
                               +- Access to VariableId 20: {1: lat/intv 0} (unroll: latency/interval)
                               +- unroll with factors 1 (LoopId 58), min-max latency/interval: {unroll 1: lat/intv 1404}
                                  +- Access to VariableId 19: {1: lat/intv 0} (unroll: latency/interval)
                                  +- Access to VariableId 20: {1: lat/intv 0} (unroll: latency/interval)
                                  +- pipeline (LoopId 59), min-max latency/interval: {pipeline: lat/intv 18}
                                     +- Access to VariableId 19: {1: lat/intv 0} (unroll: latency/interval)
                                     +- Access to VariableId 20: {1: lat/intv 0} (unroll: latency/interval)
                            +- unroll with factors 1 (LoopId 60 [FC1_OUT]), min-max latency/interval: {unroll 1: lat/intv 15056032}
                               +- Access to VariableId 21: {1: lat/intv 0} (unroll: latency/interval)
                               +- Access to VariableId 110: {1: lat/intv 1} (unroll: latency/interval)
                               +- Access to VariableId 111: {1: lat/intv 0} (unroll: latency/interval)
                               +- unroll with factors 2 (LoopId 61), min-max latency/interval: {unroll 2: lat/intv 470496}
                                  +- Access to VariableId 110: {2: lat/intv 1} (unroll: latency/interval)
                            +- pipeline (LoopId 62 [FC2_LOOP]), min-max latency/interval: {pipeline: lat/intv 134}
                               +- Access to VariableId 112: {1: lat/intv 0} (unroll: latency/interval)
                            Id: 0 contains valid solution: --, min-max latency/interval:  lat 58012601 intv 58012602, min-max area:  LUTs: 25940 FFs: 2036 DSPs: 32 BRAMs: 2479
parallelismSelector::VERBO: Initial FPGA area occupied (min): Area -- (LUTs: 25940, FFs: 2036, DSPs: 32, BRAMs: 2479, URAMs: 0)
parallelismSelector::VERBO: Initial FPGA area occupied (max): Area -- (LUTs: 25940, FFs: 2036, DSPs: 32, BRAMs: 2479, URAMs: 0)
parallelismSelector::VERBO: HPE - Calculating latency and area for design space...
                            Setting Space: FunctionPipelineTopLevel: No
                            Partition {dim 0: cyclic 1, dim 1: cyclic 1, dim 2: cyclic 1} (VariableId 15)
                            Partition {dim 0: cyclic 1, dim 1: cyclic 1, dim 2: cyclic 1} (VariableId 16)
                            Partition {dim 0: cyclic 1, dim 1: cyclic 1, dim 2: cyclic 1} (VariableId 17)
                            Partition {dim 0: cyclic 1, dim 1: cyclic 1, dim 2: cyclic 1} (VariableId 18)
                            Partition {dim 0: cyclic 1, dim 1: cyclic 1, dim 2: cyclic 1} (VariableId 19)
                            Partition {dim 0: cyclic 1} (VariableId 20)
                            Partition {dim 0: cyclic 1} (VariableId 21)
                            +- unroll with factors 1 (Label LOAD_IMG_ROWS) (LoopId 36)
                               +- unroll with factors 1 (Label LOAD_IMG_COLS) (LoopId 37)
                                  +- pipeline (Label LOAD_IMG_CH) (LoopId 38)
                            +- unroll with factors 1 (Label CONV1_ROW) (LoopId 39)
                               +- unroll with factors 1 (Label CONV1_COL) (LoopId 40)
                                  +- pipeline (Label CONV1_FIL) (LoopId 41)
                                     +- unroll with factors 3 (Label CONV1_KR) (LoopId 42)
                                        +- unroll with factors 3 (Label CONV1_KC) (LoopId 43)
                                           +- unroll with factors 3 (Label CONV1_CH) (LoopId 44)
                            +- unroll with factors 1 (Label POOL1_ROW) (LoopId 45)
                               +- unroll with factors 1 (Label POOL1_COL) (LoopId 46)
                                  +- pipeline (Label POOL1_CH) (LoopId 47)
                            +- unroll with factors 1 (Label CONV2_ROW) (LoopId 48)
                               +- unroll with factors 1 (Label CONV2_COL) (LoopId 49)
                                  +- pipeline (Label CONV2_FIL) (LoopId 50)
                                     +- unroll with factors 3 (Label CONV2_KR) (LoopId 51)
                                        +- unroll with factors 3 (Label CONV2_KC) (LoopId 52)
                                           +- unroll with factors 8 (Label CONV2_CH) (LoopId 53)
                            +- unroll with factors 1 (Label POOL2_ROW) (LoopId 54)
                               +- unroll with factors 1 (Label POOL2_COL) (LoopId 55)
                                  +- pipeline (Label POOL2_CH) (LoopId 56)
                            +- unroll with factors 1 (Label FLATTEN) (LoopId 57)
                               +- unroll with factors 1 (LoopId 58)
                                  +- pipeline (LoopId 59)
                            +- unroll with factors 1 (Label FC1_OUT) (LoopId 60)
                               +- unroll with factors 2 (LoopId 61)
                            +- pipeline (Label FC2_LOOP) (LoopId 62)
                            
parallelismSelector::VERBO: Calculating latency for top level hw function: cnn_accel
parallelismSelector::VERBO: [LatencyEstimationVisitor] CallSite: CS(3 F=236) (187->105)
parallelismSelector::VERBO: [LatencyEstimationVisitor] Equivalence table
                             Object with value: 187 is mapped to the object with value: 105
                            
parallelismSelector::VERBO: [LatencyEstimationVisitor] CallSite: CS(11 F=228) (117->187)(118->15)
parallelismSelector::VERBO: [LatencyEstimationVisitor] Equivalence table
                             Object with value: 117 is mapped to the object with value: 105
                             Object with value: 118 is mapped to the object with value: 15
                             Object with value: 187 is mapped to the object with value: 105
                            
parallelismSelector::VERBO: Analyzing Loop "LOAD_IMG_CH" (LoopId 38):
parallelismSelector::VERBO:     MARegionScheduler::finalize():
parallelismSelector::VERBO:        - LoopId: 38 Label: LOAD_IMG_CH
parallelismSelector::VERBO:          - EndCycles: for.body6 -> {1: 2}
parallelismSelector::VERBO:        - MaxEndCycle: {1: 2}
parallelismSelector::VERBO:        - Critical path: for.body6
parallelismSelector::VERBO:     hasRAW: 0
parallelismSelector::VERBO:        - IIMem: {1: 1}, OwnedIIMem: {1: 1}, NestedIIMem: {1: 0}
parallelismSelector::VERBO: 
parallelismSelector::VERBO: Analyzing Loop "LOAD_IMG_COLS" (LoopId 37):
parallelismSelector::VERBO:         LoopId: 38, Label: LOAD_IMG_CH, TC: 3, IL: {1: 2}, IIMem: {1: 1}, IIDep 0
parallelismSelector::VERBO:         Overall latency for nested loop (LoopId 38): 5
parallelismSelector::VERBO:     MARegionScheduler::finalize():
parallelismSelector::VERBO:        - LoopId: 37 Label: LOAD_IMG_COLS
parallelismSelector::VERBO:          - EndCycles: for.end -> {1: 5}
parallelismSelector::VERBO:          - EndCycles: for.body3 -> {1: 1}
parallelismSelector::VERBO:          - EndCycles: for.body6 -> {1: 5}
parallelismSelector::VERBO:        - MaxEndCycle: {1: 5}
parallelismSelector::VERBO:        - Critical path: for.end, for.body3, for.body6
parallelismSelector::VERBO:     hasRAW: 0
parallelismSelector::VERBO:        - IIMem: {1: 0}, OwnedIIMem: {1: 0}, NestedIIMem: {1: 0}
parallelismSelector::VERBO: 
parallelismSelector::VERBO: Analyzing Loop "LOAD_IMG_ROWS" (LoopId 36):
parallelismSelector::VERBO:         LoopId: 37, Label: LOAD_IMG_COLS, TC: 320, IL: {1: 5}, IIMem: {1: 0}, IIDep 0
parallelismSelector::VERBO:         Overall latency for nested loop (LoopId 37): 1600
parallelismSelector::VERBO:     MARegionScheduler::finalize():
parallelismSelector::VERBO:        - LoopId: 36 Label: LOAD_IMG_ROWS
parallelismSelector::VERBO:          - EndCycles: for.end -> {1: 1600}
parallelismSelector::VERBO:          - EndCycles: for.body -> {1: 1}
parallelismSelector::VERBO:          - EndCycles: for.end17 -> {1: 1600}
parallelismSelector::VERBO:        - MaxEndCycle: {1: 1600}
parallelismSelector::VERBO:        - Critical path: for.end, for.body, for.end17, for.body3
parallelismSelector::VERBO:     hasRAW: 0
parallelismSelector::VERBO:        - IIMem: {1: 0}, OwnedIIMem: {1: 0}, NestedIIMem: {1: 0}
parallelismSelector::VERBO: 
parallelismSelector::VERBO: Analyzing Function "load_img" (FunctionId 228):
parallelismSelector::VERBO:         LoopId: 36, Label: LOAD_IMG_ROWS, TC: 240, IL: {1: 1600}, IIMem: {1: 0}, IIDep 0
parallelismSelector::VERBO:         Overall latency for nested loop (LoopId 36): 384000
parallelismSelector::VERBO:     MARegionScheduler::finalize():
parallelismSelector::VERBO:        - Function: _Z8load_imgPKfPA320_A3_f
parallelismSelector::VERBO:          - EndCycles: entry -> {1: 1}
parallelismSelector::VERBO:          - EndCycles: for.end17 -> {1: 384001}
parallelismSelector::VERBO:          - EndCycles: for.end20 -> {1: 384001}
parallelismSelector::VERBO:        - MaxEndCycle: {1: 384001}
parallelismSelector::VERBO:        - Critical path: entry, for.body, for.end17, for.end20
parallelismSelector::VERBO: 
parallelismSelector::VERBO: Analyzing Function "Outline_T3_F227_R2_Call" (FunctionId 236):
parallelismSelector::VERBO:     MARegionScheduler::finalize():
parallelismSelector::VERBO:        - Function: Outline_T3_F227_R2_Call
parallelismSelector::VERBO:          - EndCycles: newFuncRoot_iso0 -> {1: 384002}
parallelismSelector::VERBO:          - EndCycles: newFuncRoot -> {1: 1}
parallelismSelector::VERBO:        - MaxEndCycle: {1: 384002}
parallelismSelector::VERBO:        - Critical path: newFuncRoot_iso0, newFuncRoot
parallelismSelector::VERBO: 
parallelismSelector::VERBO: [LatencyEstimationVisitor] CallSite: CS(4 F=237) (188->106)(189->107)
parallelismSelector::VERBO: [LatencyEstimationVisitor] Equivalence table
                             Object with value: 188 is mapped to the object with value: 106
                             Object with value: 189 is mapped to the object with value: 107
                            
parallelismSelector::VERBO: [LatencyEstimationVisitor] CallSite: CS(12 F=229) (123->15)(124->188)(125->189)(126->16)
parallelismSelector::VERBO: [LatencyEstimationVisitor] Equivalence table
                             Object with value: 123 is mapped to the object with value: 15
                             Object with value: 124 is mapped to the object with value: 106
                             Object with value: 125 is mapped to the object with value: 107
                             Object with value: 126 is mapped to the object with value: 16
                             Object with value: 188 is mapped to the object with value: 106
                             Object with value: 189 is mapped to the object with value: 107
                            
parallelismSelector::VERBO: Analyzing Loop "CONV1_CH" (LoopId 44):
parallelismSelector::VERBO:     MARegionScheduler::finalize():
parallelismSelector::VERBO:        - LoopId: 44 Label: CONV1_CH
parallelismSelector::VERBO:          - EndCycles: for.body15 -> {3: 9}
parallelismSelector::VERBO:        - MaxEndCycle: {3: 9}
parallelismSelector::VERBO:        - Critical path: for.body15
parallelismSelector::VERBO:     hasRAW: 1
parallelismSelector::VERBO:     Recurrence: Circuit=6:1 -> 6:26 -> 6:1
parallelismSelector::VERBO:       distance=4
parallelismSelector::VERBO:        - IIMem: {3: 0}, OwnedIIMem: {3: 0}, NestedIIMem: {3: 0}
parallelismSelector::VERBO: 
parallelismSelector::VERBO: Analyzing Loop "CONV1_KC" (LoopId 43):
parallelismSelector::VERBO:         LoopId: 44, Label: CONV1_CH, TC: 3, IL: {3: 9}, IIMem: {3: 0}, IIDep 4
parallelismSelector::VERBO:         Overall latency for nested loop (LoopId 44): 16
parallelismSelector::VERBO:     MARegionScheduler::finalize():
parallelismSelector::VERBO:        - LoopId: 43 Label: CONV1_KC
parallelismSelector::VERBO:          - EndCycles: for.body12 -> {3: 1}
parallelismSelector::VERBO:          - EndCycles: for.end -> {3: 16}
parallelismSelector::VERBO:          - EndCycles: for.body15 -> {3: 16}
parallelismSelector::VERBO:        - MaxEndCycle: {3: 16}
parallelismSelector::VERBO:        - Critical path: for.body12, for.end, for.body15
parallelismSelector::VERBO:     hasRAW: 1
parallelismSelector::VERBO:     Recurrence: Circuit=5:1 -> 6:1 -> 6:26 -> 7:0 -> 5:1
parallelismSelector::VERBO:       distance=4
parallelismSelector::VERBO:        - IIMem: {3: 0}, OwnedIIMem: {3: 0}, NestedIIMem: {3: 0}
parallelismSelector::VERBO: 
parallelismSelector::VERBO: Analyzing Loop "CONV1_KR" (LoopId 42):
parallelismSelector::VERBO:         LoopId: 43, Label: CONV1_KC, TC: 3, IL: {3: 16}, IIMem: {3: 0}, IIDep 4
parallelismSelector::VERBO:         Overall latency for nested loop (LoopId 43): 23
parallelismSelector::VERBO:     MARegionScheduler::finalize():
parallelismSelector::VERBO:        - LoopId: 42 Label: CONV1_KR
parallelismSelector::VERBO:          - EndCycles: for.body9 -> {3: 1}
parallelismSelector::VERBO:          - EndCycles: for.end -> {3: 23}
parallelismSelector::VERBO:          - EndCycles: for.end34 -> {3: 23}
parallelismSelector::VERBO:        - MaxEndCycle: {3: 23}
parallelismSelector::VERBO:        - Critical path: for.body12, for.body9, for.end, for.end34
parallelismSelector::VERBO:     hasRAW: 1
parallelismSelector::VERBO:     Recurrence: Circuit=4:1 -> 5:1 -> 6:1 -> 6:26 -> 7:0 -> 8:0 -> 4:1
parallelismSelector::VERBO:       distance=4
parallelismSelector::VERBO:        - IIMem: {3: 0}, OwnedIIMem: {3: 0}, NestedIIMem: {3: 0}
parallelismSelector::VERBO: 
parallelismSelector::VERBO: Analyzing Loop "CONV1_FIL" (LoopId 41):
parallelismSelector::VERBO:         LoopId: 42, Label: CONV1_KR, TC: 3, IL: {3: 23}, IIMem: {3: 0}, IIDep 4
parallelismSelector::VERBO:         Overall latency for nested loop (LoopId 42): 30
parallelismSelector::VERBO:     MARegionScheduler::finalize():
parallelismSelector::VERBO:        - LoopId: 41 Label: CONV1_FIL
parallelismSelector::VERBO:          - EndCycles: for.body6 -> {1: 2}
parallelismSelector::VERBO:          - EndCycles: cond.true -> {1: 32}
parallelismSelector::VERBO:          - EndCycles: for.end34 -> {1: 31}
parallelismSelector::VERBO:          - EndCycles: cond.false -> {1: 32}
parallelismSelector::VERBO:          - EndCycles: for.end37 -> {1: 31}
parallelismSelector::VERBO:          - EndCycles: cond.end -> {1: 33}
parallelismSelector::VERBO:        - MaxEndCycle: {1: 33}
parallelismSelector::VERBO:        - Critical path: for.body6, cond.true, for.body9, for.end34, cond.false, for.end37, cond.end
parallelismSelector::VERBO:     hasRAW: 0
parallelismSelector::VERBO:        - IIMem: {1: 28}, OwnedIIMem: {1: 1}, NestedIIMem: {1: 27}
parallelismSelector::VERBO: 
parallelismSelector::VERBO: Analyzing Loop "CONV1_COL" (LoopId 40):
parallelismSelector::VERBO:         LoopId: 41, Label: CONV1_FIL, TC: 8, IL: {1: 33}, IIMem: {1: 28}, IIDep 0
parallelismSelector::VERBO:         Overall latency for nested loop (LoopId 41): 257
parallelismSelector::VERBO:     MARegionScheduler::finalize():
parallelismSelector::VERBO:        - LoopId: 40 Label: CONV1_COL
parallelismSelector::VERBO:          - EndCycles: for.body3 -> {1: 1}
parallelismSelector::VERBO:          - EndCycles: for.end47 -> {1: 257}
parallelismSelector::VERBO:          - EndCycles: cond.end -> {1: 257}
parallelismSelector::VERBO:        - MaxEndCycle: {1: 257}
parallelismSelector::VERBO:        - Critical path: for.body6, for.body3, for.end47, cond.end
parallelismSelector::VERBO:     hasRAW: 0
parallelismSelector::VERBO:        - IIMem: {1: 0}, OwnedIIMem: {1: 0}, NestedIIMem: {1: 0}
parallelismSelector::VERBO: 
parallelismSelector::VERBO: Analyzing Loop "CONV1_ROW" (LoopId 39):
parallelismSelector::VERBO:         LoopId: 40, Label: CONV1_COL, TC: 318, IL: {1: 257}, IIMem: {1: 0}, IIDep 0
parallelismSelector::VERBO:         Overall latency for nested loop (LoopId 40): 81726
parallelismSelector::VERBO:     MARegionScheduler::finalize():
parallelismSelector::VERBO:        - LoopId: 39 Label: CONV1_ROW
parallelismSelector::VERBO:          - EndCycles: for.end50 -> {1: 81726}
parallelismSelector::VERBO:          - EndCycles: for.body -> {1: 1}
parallelismSelector::VERBO:          - EndCycles: for.end47 -> {1: 81726}
parallelismSelector::VERBO:        - MaxEndCycle: {1: 81726}
parallelismSelector::VERBO:        - Critical path: for.end50, for.body, for.body3, for.end47
parallelismSelector::VERBO:     hasRAW: 0
parallelismSelector::VERBO:        - IIMem: {1: 0}, OwnedIIMem: {1: 0}, NestedIIMem: {1: 0}
parallelismSelector::VERBO: 
parallelismSelector::VERBO: Analyzing Function "conv1" (FunctionId 229):
parallelismSelector::VERBO:         LoopId: 39, Label: CONV1_ROW, TC: 238, IL: {1: 81726}, IIMem: {1: 0}, IIDep 0
parallelismSelector::VERBO:         Overall latency for nested loop (LoopId 39): 19450788
parallelismSelector::VERBO:     MARegionScheduler::finalize():
parallelismSelector::VERBO:        - Function: _Z5conv1PA320_A3_KfPS_S3_PA318_A8_f
parallelismSelector::VERBO:          - EndCycles: for.end50 -> {1: 19450789}
parallelismSelector::VERBO:          - EndCycles: for.end53 -> {1: 19450789}
parallelismSelector::VERBO:          - EndCycles: entry -> {1: 1}
parallelismSelector::VERBO:        - MaxEndCycle: {1: 19450789}
parallelismSelector::VERBO:        - Critical path: for.end50, for.end53, for.body, entry
parallelismSelector::VERBO: 
parallelismSelector::VERBO: Analyzing Function "Outline_T4_F227_R3_Call" (FunctionId 237):
parallelismSelector::VERBO:     MARegionScheduler::finalize():
parallelismSelector::VERBO:        - Function: Outline_T4_F227_R3_Call
parallelismSelector::VERBO:          - EndCycles: newFuncRoot -> {1: 1}
parallelismSelector::VERBO:          - EndCycles: newFuncRoot_iso0 -> {1: 19450790}
parallelismSelector::VERBO:        - MaxEndCycle: {1: 19450790}
parallelismSelector::VERBO:        - Critical path: newFuncRoot, newFuncRoot_iso0
parallelismSelector::VERBO: 
parallelismSelector::VERBO: [LatencyEstimationVisitor] CallSite: CS(5 F=238) 
parallelismSelector::VERBO: [LatencyEstimationVisitor] Equivalence table
                            
parallelismSelector::VERBO: [LatencyEstimationVisitor] CallSite: CS(13 F=230) (135->16)(136->17)
parallelismSelector::VERBO: [LatencyEstimationVisitor] Equivalence table
                             Object with value: 135 is mapped to the object with value: 16
                             Object with value: 136 is mapped to the object with value: 17
                            
parallelismSelector::VERBO: Analyzing Loop "POOL1_CH" (LoopId 47):
parallelismSelector::VERBO:     MARegionScheduler::finalize():
parallelismSelector::VERBO:        - LoopId: 47 Label: POOL1_CH
parallelismSelector::VERBO:          - EndCycles: cond.false42 -> {1: 4}
parallelismSelector::VERBO:          - EndCycles: cond.true -> {1: 2}
parallelismSelector::VERBO:          - EndCycles: cond.end -> {1: 3}
parallelismSelector::VERBO:          - EndCycles: cond.false -> {1: 2}
parallelismSelector::VERBO:          - EndCycles: cond.false47 -> {1: 6}
parallelismSelector::VERBO:          - EndCycles: for.body6 -> {1: 2}
parallelismSelector::VERBO:          - EndCycles: cond.true41 -> {1: 4}
parallelismSelector::VERBO:          - EndCycles: cond.end43 -> {1: 5}
parallelismSelector::VERBO:          - EndCycles: cond.true46 -> {1: 6}
parallelismSelector::VERBO:          - EndCycles: cond.end48 -> {1: 7}
parallelismSelector::VERBO:        - MaxEndCycle: {1: 7}
parallelismSelector::VERBO:        - Critical path: cond.false42, cond.true, cond.end, cond.false, cond.false47, for.body6, cond.true41, cond.end43, cond.true46, cond.end48
parallelismSelector::VERBO:     hasRAW: 0
parallelismSelector::VERBO:        - IIMem: {1: 2}, OwnedIIMem: {1: 2}, NestedIIMem: {1: 0}
parallelismSelector::VERBO: 
parallelismSelector::VERBO: Analyzing Loop "POOL1_COL" (LoopId 46):
parallelismSelector::VERBO:         LoopId: 47, Label: POOL1_CH, TC: 8, IL: {1: 7}, IIMem: {1: 2}, IIDep 0
parallelismSelector::VERBO:         Overall latency for nested loop (LoopId 47): 23
parallelismSelector::VERBO:     MARegionScheduler::finalize():
parallelismSelector::VERBO:        - LoopId: 46 Label: POOL1_COL
parallelismSelector::VERBO:          - EndCycles: for.end -> {1: 23}
parallelismSelector::VERBO:          - EndCycles: for.body3 -> {1: 1}
parallelismSelector::VERBO:          - EndCycles: cond.end48 -> {1: 23}
parallelismSelector::VERBO:        - MaxEndCycle: {1: 23}
parallelismSelector::VERBO:        - Critical path: for.end, for.body3, for.body6, cond.end48
parallelismSelector::VERBO:     hasRAW: 0
parallelismSelector::VERBO:        - IIMem: {1: 0}, OwnedIIMem: {1: 0}, NestedIIMem: {1: 0}
parallelismSelector::VERBO: 
parallelismSelector::VERBO: Analyzing Loop "POOL1_ROW" (LoopId 45):
parallelismSelector::VERBO:         LoopId: 46, Label: POOL1_COL, TC: 159, IL: {1: 23}, IIMem: {1: 0}, IIDep 0
parallelismSelector::VERBO:         Overall latency for nested loop (LoopId 46): 3657
parallelismSelector::VERBO:     MARegionScheduler::finalize():
parallelismSelector::VERBO:        - LoopId: 45 Label: POOL1_ROW
parallelismSelector::VERBO:          - EndCycles: for.end -> {1: 3657}
parallelismSelector::VERBO:          - EndCycles: for.end58 -> {1: 3657}
parallelismSelector::VERBO:          - EndCycles: for.body -> {1: 1}
parallelismSelector::VERBO:        - MaxEndCycle: {1: 3657}
parallelismSelector::VERBO:        - Critical path: for.end, for.end58, for.body, for.body3
parallelismSelector::VERBO:     hasRAW: 0
parallelismSelector::VERBO:        - IIMem: {1: 0}, OwnedIIMem: {1: 0}, NestedIIMem: {1: 0}
parallelismSelector::VERBO: 
parallelismSelector::VERBO: Analyzing Function "pool1" (FunctionId 230):
parallelismSelector::VERBO:         LoopId: 45, Label: POOL1_ROW, TC: 119, IL: {1: 3657}, IIMem: {1: 0}, IIDep 0
parallelismSelector::VERBO:         Overall latency for nested loop (LoopId 45): 435183
parallelismSelector::VERBO:     MARegionScheduler::finalize():
parallelismSelector::VERBO:        - Function: _Z5pool1PA318_A8_KfPA159_A8_f
parallelismSelector::VERBO:          - EndCycles: for.end61 -> {1: 435184}
parallelismSelector::VERBO:          - EndCycles: entry -> {1: 1}
parallelismSelector::VERBO:          - EndCycles: for.end58 -> {1: 435184}
parallelismSelector::VERBO:        - MaxEndCycle: {1: 435184}
parallelismSelector::VERBO:        - Critical path: for.end61, entry, for.end58, for.body
parallelismSelector::VERBO: 
parallelismSelector::VERBO: Analyzing Function "Outline_T5_F227_R4_Call" (FunctionId 238):
parallelismSelector::VERBO:     MARegionScheduler::finalize():
parallelismSelector::VERBO:        - Function: Outline_T5_F227_R4_Call
parallelismSelector::VERBO:          - EndCycles: newFuncRoot -> {1: 435184}
parallelismSelector::VERBO:        - MaxEndCycle: {1: 435184}
parallelismSelector::VERBO:        - Critical path: newFuncRoot
parallelismSelector::VERBO: 
parallelismSelector::VERBO: [LatencyEstimationVisitor] CallSite: CS(6 F=239) (190->108)(191->109)
parallelismSelector::VERBO: [LatencyEstimationVisitor] Equivalence table
                             Object with value: 190 is mapped to the object with value: 108
                             Object with value: 191 is mapped to the object with value: 109
                            
parallelismSelector::VERBO: [LatencyEstimationVisitor] CallSite: CS(14 F=231) (146->17)(147->190)(148->191)(149->18)
parallelismSelector::VERBO: [LatencyEstimationVisitor] Equivalence table
                             Object with value: 146 is mapped to the object with value: 17
                             Object with value: 147 is mapped to the object with value: 108
                             Object with value: 148 is mapped to the object with value: 109
                             Object with value: 149 is mapped to the object with value: 18
                             Object with value: 190 is mapped to the object with value: 108
                             Object with value: 191 is mapped to the object with value: 109
                            
parallelismSelector::VERBO: Analyzing Loop "CONV2_CH" (LoopId 53):
parallelismSelector::VERBO:     MARegionScheduler::finalize():
parallelismSelector::VERBO:        - LoopId: 53 Label: CONV2_CH
parallelismSelector::VERBO:          - EndCycles: for.body15 -> {8: 9}
parallelismSelector::VERBO:        - MaxEndCycle: {8: 9}
parallelismSelector::VERBO:        - Critical path: for.body15
parallelismSelector::VERBO:     hasRAW: 1
parallelismSelector::VERBO:     Recurrence: Circuit=6:1 -> 6:26 -> 6:1
parallelismSelector::VERBO:       distance=4
parallelismSelector::VERBO:        - IIMem: {8: 0}, OwnedIIMem: {8: 0}, NestedIIMem: {8: 0}
parallelismSelector::VERBO: 
parallelismSelector::VERBO: Analyzing Loop "CONV2_KC" (LoopId 52):
parallelismSelector::VERBO:         LoopId: 53, Label: CONV2_CH, TC: 8, IL: {8: 9}, IIMem: {8: 0}, IIDep 4
parallelismSelector::VERBO:         Overall latency for nested loop (LoopId 53): 36
parallelismSelector::VERBO:     MARegionScheduler::finalize():
parallelismSelector::VERBO:        - LoopId: 52 Label: CONV2_KC
parallelismSelector::VERBO:          - EndCycles: for.end -> {3: 36}
parallelismSelector::VERBO:          - EndCycles: for.body12 -> {3: 1}
parallelismSelector::VERBO:          - EndCycles: for.body15 -> {3: 36}
parallelismSelector::VERBO:        - MaxEndCycle: {3: 36}
parallelismSelector::VERBO:        - Critical path: for.end, for.body12, for.body15
parallelismSelector::VERBO:     hasRAW: 1
parallelismSelector::VERBO:     Recurrence: Circuit=5:1 -> 6:1 -> 6:26 -> 7:0 -> 5:1
parallelismSelector::VERBO:       distance=4
parallelismSelector::VERBO:        - IIMem: {3: 0}, OwnedIIMem: {3: 0}, NestedIIMem: {3: 0}
parallelismSelector::VERBO: 
parallelismSelector::VERBO: Analyzing Loop "CONV2_KR" (LoopId 51):
parallelismSelector::VERBO:         LoopId: 52, Label: CONV2_KC, TC: 3, IL: {3: 36}, IIMem: {3: 0}, IIDep 4
parallelismSelector::VERBO:         Overall latency for nested loop (LoopId 52): 43
parallelismSelector::VERBO:     MARegionScheduler::finalize():
parallelismSelector::VERBO:        - LoopId: 51 Label: CONV2_KR
parallelismSelector::VERBO:          - EndCycles: for.end -> {3: 43}
parallelismSelector::VERBO:          - EndCycles: for.end34 -> {3: 43}
parallelismSelector::VERBO:          - EndCycles: for.body9 -> {3: 1}
parallelismSelector::VERBO:        - MaxEndCycle: {3: 43}
parallelismSelector::VERBO:        - Critical path: for.end, for.end34, for.body12, for.body9
parallelismSelector::VERBO:     hasRAW: 1
parallelismSelector::VERBO:     Recurrence: Circuit=4:1 -> 5:1 -> 6:1 -> 6:26 -> 7:0 -> 8:0 -> 4:1
parallelismSelector::VERBO:       distance=4
parallelismSelector::VERBO:        - IIMem: {3: 0}, OwnedIIMem: {3: 0}, NestedIIMem: {3: 0}
parallelismSelector::VERBO: 
parallelismSelector::VERBO: Analyzing Loop "CONV2_FIL" (LoopId 50):
parallelismSelector::VERBO:         LoopId: 51, Label: CONV2_KR, TC: 3, IL: {3: 43}, IIMem: {3: 0}, IIDep 4
parallelismSelector::VERBO:         Overall latency for nested loop (LoopId 51): 50
parallelismSelector::VERBO:     MARegionScheduler::finalize():
parallelismSelector::VERBO:        - LoopId: 50 Label: CONV2_FIL
parallelismSelector::VERBO:          - EndCycles: for.end37 -> {1: 51}
parallelismSelector::VERBO:          - EndCycles: cond.true -> {1: 52}
parallelismSelector::VERBO:          - EndCycles: cond.end -> {1: 53}
parallelismSelector::VERBO:          - EndCycles: cond.false -> {1: 52}
parallelismSelector::VERBO:          - EndCycles: for.end34 -> {1: 51}
parallelismSelector::VERBO:          - EndCycles: for.body6 -> {1: 2}
parallelismSelector::VERBO:        - MaxEndCycle: {1: 53}
parallelismSelector::VERBO:        - Critical path: for.end37, cond.true, cond.end, cond.false, for.end34, for.body6, for.body9
parallelismSelector::VERBO:     hasRAW: 0
parallelismSelector::VERBO:        - IIMem: {1: 73}, OwnedIIMem: {1: 1}, NestedIIMem: {1: 72}
parallelismSelector::VERBO: 
parallelismSelector::VERBO: Analyzing Loop "CONV2_COL" (LoopId 49):
parallelismSelector::VERBO:         LoopId: 50, Label: CONV2_FIL, TC: 16, IL: {1: 53}, IIMem: {1: 73}, IIDep 0
parallelismSelector::VERBO:         Overall latency for nested loop (LoopId 50): 1221
parallelismSelector::VERBO:     MARegionScheduler::finalize():
parallelismSelector::VERBO:        - LoopId: 49 Label: CONV2_COL
parallelismSelector::VERBO:          - EndCycles: cond.end -> {1: 1221}
parallelismSelector::VERBO:          - EndCycles: for.end47 -> {1: 1221}
parallelismSelector::VERBO:          - EndCycles: for.body3 -> {1: 1}
parallelismSelector::VERBO:        - MaxEndCycle: {1: 1221}
parallelismSelector::VERBO:        - Critical path: cond.end, for.end47, for.body3, for.body6
parallelismSelector::VERBO:     hasRAW: 0
parallelismSelector::VERBO:        - IIMem: {1: 0}, OwnedIIMem: {1: 0}, NestedIIMem: {1: 0}
parallelismSelector::VERBO: 
parallelismSelector::VERBO: Analyzing Loop "CONV2_ROW" (LoopId 48):
parallelismSelector::VERBO:         LoopId: 49, Label: CONV2_COL, TC: 157, IL: {1: 1221}, IIMem: {1: 0}, IIDep 0
parallelismSelector::VERBO:         Overall latency for nested loop (LoopId 49): 191697
parallelismSelector::VERBO:     MARegionScheduler::finalize():
parallelismSelector::VERBO:        - LoopId: 48 Label: CONV2_ROW
parallelismSelector::VERBO:          - EndCycles: for.end47 -> {1: 191697}
parallelismSelector::VERBO:          - EndCycles: for.end50 -> {1: 191697}
parallelismSelector::VERBO:          - EndCycles: for.body -> {1: 1}
parallelismSelector::VERBO:        - MaxEndCycle: {1: 191697}
parallelismSelector::VERBO:        - Critical path: for.end47, for.end50, for.body3, for.body
parallelismSelector::VERBO:     hasRAW: 0
parallelismSelector::VERBO:        - IIMem: {1: 0}, OwnedIIMem: {1: 0}, NestedIIMem: {1: 0}
parallelismSelector::VERBO: 
parallelismSelector::VERBO: Analyzing Function "conv2" (FunctionId 231):
parallelismSelector::VERBO:         LoopId: 48, Label: CONV2_ROW, TC: 117, IL: {1: 191697}, IIMem: {1: 0}, IIDep 0
parallelismSelector::VERBO:         Overall latency for nested loop (LoopId 48): 22428549
parallelismSelector::VERBO:     MARegionScheduler::finalize():
parallelismSelector::VERBO:        - Function: _Z5conv2PA159_A8_KfPS_S3_PA157_A16_f
parallelismSelector::VERBO:          - EndCycles: for.end50 -> {1: 22428550}
parallelismSelector::VERBO:          - EndCycles: for.end53 -> {1: 22428550}
parallelismSelector::VERBO:          - EndCycles: entry -> {1: 1}
parallelismSelector::VERBO:        - MaxEndCycle: {1: 22428550}
parallelismSelector::VERBO:        - Critical path: for.end50, for.end53, for.body, entry
parallelismSelector::VERBO: 
parallelismSelector::VERBO: Analyzing Function "Outline_T6_F227_R5_Call" (FunctionId 239):
parallelismSelector::VERBO:     MARegionScheduler::finalize():
parallelismSelector::VERBO:        - Function: Outline_T6_F227_R5_Call
parallelismSelector::VERBO:          - EndCycles: newFuncRoot -> {1: 1}
parallelismSelector::VERBO:          - EndCycles: newFuncRoot_iso0 -> {1: 22428551}
parallelismSelector::VERBO:        - MaxEndCycle: {1: 22428551}
parallelismSelector::VERBO:        - Critical path: newFuncRoot, newFuncRoot_iso0
parallelismSelector::VERBO: 
parallelismSelector::VERBO: [LatencyEstimationVisitor] CallSite: CS(7 F=240) 
parallelismSelector::VERBO: [LatencyEstimationVisitor] Equivalence table
                            
parallelismSelector::VERBO: [LatencyEstimationVisitor] CallSite: CS(15 F=232) (158->18)(159->19)
parallelismSelector::VERBO: [LatencyEstimationVisitor] Equivalence table
                             Object with value: 158 is mapped to the object with value: 18
                             Object with value: 159 is mapped to the object with value: 19
                            
parallelismSelector::VERBO: Analyzing Loop "POOL2_CH" (LoopId 56):
parallelismSelector::VERBO:     MARegionScheduler::finalize():
parallelismSelector::VERBO:        - LoopId: 56 Label: POOL2_CH
parallelismSelector::VERBO:          - EndCycles: for.body6 -> {1: 2}
parallelismSelector::VERBO:          - EndCycles: cond.end -> {1: 3}
parallelismSelector::VERBO:          - EndCycles: cond.true46 -> {1: 6}
parallelismSelector::VERBO:          - EndCycles: cond.false47 -> {1: 6}
parallelismSelector::VERBO:          - EndCycles: cond.false -> {1: 2}
parallelismSelector::VERBO:          - EndCycles: cond.true -> {1: 2}
parallelismSelector::VERBO:          - EndCycles: cond.true41 -> {1: 4}
parallelismSelector::VERBO:          - EndCycles: cond.false42 -> {1: 4}
parallelismSelector::VERBO:          - EndCycles: cond.end43 -> {1: 5}
parallelismSelector::VERBO:          - EndCycles: cond.end48 -> {1: 7}
parallelismSelector::VERBO:        - MaxEndCycle: {1: 7}
parallelismSelector::VERBO:        - Critical path: for.body6, cond.end, cond.true46, cond.false47, cond.false, cond.true, cond.true41, cond.false42, cond.end43, cond.end48
parallelismSelector::VERBO:     hasRAW: 0
parallelismSelector::VERBO:        - IIMem: {1: 2}, OwnedIIMem: {1: 2}, NestedIIMem: {1: 0}
parallelismSelector::VERBO: 
parallelismSelector::VERBO: Analyzing Loop "POOL2_COL" (LoopId 55):
parallelismSelector::VERBO:         LoopId: 56, Label: POOL2_CH, TC: 16, IL: {1: 7}, IIMem: {1: 2}, IIDep 0
parallelismSelector::VERBO:         Overall latency for nested loop (LoopId 56): 39
parallelismSelector::VERBO:     MARegionScheduler::finalize():
parallelismSelector::VERBO:        - LoopId: 55 Label: POOL2_COL
parallelismSelector::VERBO:          - EndCycles: for.body3 -> {1: 1}
parallelismSelector::VERBO:          - EndCycles: for.end -> {1: 39}
parallelismSelector::VERBO:          - EndCycles: cond.end48 -> {1: 39}
parallelismSelector::VERBO:        - MaxEndCycle: {1: 39}
parallelismSelector::VERBO:        - Critical path: for.body3, for.body6, for.end, cond.end48
parallelismSelector::VERBO:     hasRAW: 0
parallelismSelector::VERBO:        - IIMem: {1: 0}, OwnedIIMem: {1: 0}, NestedIIMem: {1: 0}
parallelismSelector::VERBO: 
parallelismSelector::VERBO: Analyzing Loop "POOL2_ROW" (LoopId 54):
parallelismSelector::VERBO:         LoopId: 55, Label: POOL2_COL, TC: 78, IL: {1: 39}, IIMem: {1: 0}, IIDep 0
parallelismSelector::VERBO:         Overall latency for nested loop (LoopId 55): 3042
parallelismSelector::VERBO:     MARegionScheduler::finalize():
parallelismSelector::VERBO:        - LoopId: 54 Label: POOL2_ROW
parallelismSelector::VERBO:          - EndCycles: for.body -> {1: 1}
parallelismSelector::VERBO:          - EndCycles: for.end -> {1: 3042}
parallelismSelector::VERBO:          - EndCycles: for.end58 -> {1: 3042}
parallelismSelector::VERBO:        - MaxEndCycle: {1: 3042}
parallelismSelector::VERBO:        - Critical path: for.body, for.body3, for.end, for.end58
parallelismSelector::VERBO:     hasRAW: 0
parallelismSelector::VERBO:        - IIMem: {1: 0}, OwnedIIMem: {1: 0}, NestedIIMem: {1: 0}
parallelismSelector::VERBO: 
parallelismSelector::VERBO: Analyzing Function "pool2" (FunctionId 232):
parallelismSelector::VERBO:         LoopId: 54, Label: POOL2_ROW, TC: 58, IL: {1: 3042}, IIMem: {1: 0}, IIDep 0
parallelismSelector::VERBO:         Overall latency for nested loop (LoopId 54): 176436
parallelismSelector::VERBO:     MARegionScheduler::finalize():
parallelismSelector::VERBO:        - Function: _Z5pool2PA157_A16_KfPA78_A16_f
parallelismSelector::VERBO:          - EndCycles: entry -> {1: 1}
parallelismSelector::VERBO:          - EndCycles: for.end58 -> {1: 176437}
parallelismSelector::VERBO:          - EndCycles: for.end61 -> {1: 176437}
parallelismSelector::VERBO:        - MaxEndCycle: {1: 176437}
parallelismSelector::VERBO:        - Critical path: entry, for.body, for.end58, for.end61
parallelismSelector::VERBO: 
parallelismSelector::VERBO: Analyzing Function "Outline_T7_F227_R6_Call" (FunctionId 240):
parallelismSelector::VERBO:     MARegionScheduler::finalize():
parallelismSelector::VERBO:        - Function: Outline_T7_F227_R6_Call
parallelismSelector::VERBO:          - EndCycles: newFuncRoot -> {1: 176437}
parallelismSelector::VERBO:        - MaxEndCycle: {1: 176437}
parallelismSelector::VERBO:        - Critical path: newFuncRoot
parallelismSelector::VERBO: 
parallelismSelector::VERBO: [LatencyEstimationVisitor] CallSite: CS(8 F=241) (192->116)
parallelismSelector::VERBO: [LatencyEstimationVisitor] Equivalence table
                             Object with value: 192 is mapped to the object with value: 116
                            
parallelismSelector::VERBO: [LatencyEstimationVisitor] CallSite: CS(16 F=233) (169->19)(170->20)(171->192)
parallelismSelector::VERBO: [LatencyEstimationVisitor] Equivalence table
                             Object with value: 169 is mapped to the object with value: 19
                             Object with value: 170 is mapped to the object with value: 20
                             Object with value: 171 is mapped to the object with value: 116
                             Object with value: 192 is mapped to the object with value: 116
                            
parallelismSelector::VERBO: Analyzing Loop "for.body6" (LoopId 59):
parallelismSelector::VERBO:     MARegionScheduler::finalize():
parallelismSelector::VERBO:        - LoopId: 59
parallelismSelector::VERBO:          - EndCycles: for.body6 -> {1: 2}
parallelismSelector::VERBO:        - MaxEndCycle: {1: 2}
parallelismSelector::VERBO:        - Critical path: for.body6
parallelismSelector::VERBO:     hasRAW: 1
parallelismSelector::VERBO:     Recurrence: Circuit=3:1 -> 3:10 -> 3:1
parallelismSelector::VERBO:       distance=1
parallelismSelector::VERBO:        - IIMem: {1: 0.5}, OwnedIIMem: {1: 0.5}, NestedIIMem: {1: 0}
parallelismSelector::VERBO: 
parallelismSelector::VERBO: Analyzing Loop "for.body3" (LoopId 58):
parallelismSelector::VERBO:         LoopId: 59, TC: 16, IL: {1: 2}, IIMem: {1: 0.5}, IIDep 1
parallelismSelector::VERBO:         Overall latency for nested loop (LoopId 59): 18
parallelismSelector::VERBO:     MARegionScheduler::finalize():
parallelismSelector::VERBO:        - LoopId: 58
parallelismSelector::VERBO:          - EndCycles: for.body3 -> {1: 1}
parallelismSelector::VERBO:          - EndCycles: for.body6 -> {1: 18}
parallelismSelector::VERBO:          - EndCycles: for.end -> {1: 18}
parallelismSelector::VERBO:        - MaxEndCycle: {1: 18}
parallelismSelector::VERBO:        - Critical path: for.body3, for.body6, for.end
parallelismSelector::VERBO:     hasRAW: 1
parallelismSelector::VERBO:     Recurrence: Circuit=2:0 -> 3:0 -> 3:6 -> 4:0 -> 2:0
parallelismSelector::VERBO:       distance=1
parallelismSelector::VERBO:        - IIMem: {1: 0}, OwnedIIMem: {1: 0}, NestedIIMem: {1: 0}
parallelismSelector::VERBO: 
parallelismSelector::VERBO: Analyzing Loop "FLATTEN" (LoopId 57):
parallelismSelector::VERBO:         LoopId: 58, TC: 78, IL: {1: 18}, IIMem: {1: 0}, IIDep 1
parallelismSelector::VERBO:         Overall latency for nested loop (LoopId 58): 1404
parallelismSelector::VERBO:     MARegionScheduler::finalize():
parallelismSelector::VERBO:        - LoopId: 57 Label: FLATTEN
parallelismSelector::VERBO:          - EndCycles: for.end16 -> {1: 1404}
parallelismSelector::VERBO:          - EndCycles: for.body -> {1: 1}
parallelismSelector::VERBO:          - EndCycles: for.end -> {1: 1404}
parallelismSelector::VERBO:        - MaxEndCycle: {1: 1404}
parallelismSelector::VERBO:        - Critical path: for.end16, for.body, for.body3, for.end
parallelismSelector::VERBO:     hasRAW: 1
parallelismSelector::VERBO:     Recurrence: Circuit=1:0 -> 2:0 -> 3:0 -> 3:6 -> 4:0 -> 5:0 -> 1:0
parallelismSelector::VERBO:       distance=1
parallelismSelector::VERBO:        - IIMem: {1: 0}, OwnedIIMem: {1: 0}, NestedIIMem: {1: 0}
parallelismSelector::VERBO: 
parallelismSelector::VERBO: Analyzing Function "flatten" (FunctionId 233):
parallelismSelector::VERBO:         LoopId: 57, Label: FLATTEN, TC: 58, IL: {1: 1404}, IIMem: {1: 0}, IIDep 1
parallelismSelector::VERBO:         Overall latency for nested loop (LoopId 57): 81432
parallelismSelector::VERBO:     MARegionScheduler::finalize():
parallelismSelector::VERBO:        - Function: _Z7flattenPA78_A16_KfPfRi
parallelismSelector::VERBO:          - EndCycles: for.end16 -> {1: 81433}
parallelismSelector::VERBO:          - EndCycles: for.end19 -> {1: 81433}
parallelismSelector::VERBO:          - EndCycles: entry -> {1: 1}
parallelismSelector::VERBO:        - MaxEndCycle: {1: 81433}
parallelismSelector::VERBO:        - Critical path: for.end16, for.end19, entry, for.body
parallelismSelector::VERBO: 
parallelismSelector::VERBO: Analyzing Function "Outline_T8_F227_R7_Call" (FunctionId 241):
parallelismSelector::VERBO:     MARegionScheduler::finalize():
parallelismSelector::VERBO:        - Function: Outline_T8_F227_R7_Call
parallelismSelector::VERBO:          - EndCycles: newFuncRoot_iso0 -> {1: 81434}
parallelismSelector::VERBO:          - EndCycles: newFuncRoot -> {1: 1}
parallelismSelector::VERBO:        - MaxEndCycle: {1: 81434}
parallelismSelector::VERBO:        - Critical path: newFuncRoot_iso0, newFuncRoot
parallelismSelector::VERBO: 
parallelismSelector::VERBO: [LatencyEstimationVisitor] CallSite: CS(9 F=242) (194->110)(195->111)
parallelismSelector::VERBO: [LatencyEstimationVisitor] Equivalence table
                             Object with value: 194 is mapped to the object with value: 110
                             Object with value: 195 is mapped to the object with value: 111
                            
parallelismSelector::VERBO: [LatencyEstimationVisitor] CallSite: CS(17 F=234) (175->20)(177->194)(178->195)(179->21)
parallelismSelector::VERBO: [LatencyEstimationVisitor] Equivalence table
                             Object with value: 175 is mapped to the object with value: 20
                             Object with value: 177 is mapped to the object with value: 110
                             Object with value: 178 is mapped to the object with value: 111
                             Object with value: 179 is mapped to the object with value: 21
                             Object with value: 194 is mapped to the object with value: 110
                             Object with value: 195 is mapped to the object with value: 111
                            
parallelismSelector::VERBO: Analyzing Loop "for.body3" (LoopId 61):
parallelismSelector::VERBO:     MARegionScheduler::finalize():
parallelismSelector::VERBO:        - LoopId: 61
parallelismSelector::VERBO:          - EndCycles: for.body3 -> {2: 9}
parallelismSelector::VERBO:        - MaxEndCycle: {2: 9}
parallelismSelector::VERBO:        - Critical path: for.body3
parallelismSelector::VERBO:     hasRAW: 1
parallelismSelector::VERBO:     Recurrence: Circuit=3:1 -> 3:13 -> 3:1
parallelismSelector::VERBO:       distance=4
parallelismSelector::VERBO:        - IIMem: {2: 1}, OwnedIIMem: {2: 1}, NestedIIMem: {2: 0}
parallelismSelector::VERBO: 
parallelismSelector::VERBO: Analyzing Loop "FC1_OUT" (LoopId 60):
parallelismSelector::VERBO:         LoopId: 61, TC: 72384, IL: {2: 9}, IIMem: {2: 1}, IIDep 4
parallelismSelector::VERBO:         Overall latency for nested loop (LoopId 61): 470496
parallelismSelector::VERBO:     MARegionScheduler::finalize():
parallelismSelector::VERBO:        - LoopId: 60 Label: FC1_OUT
parallelismSelector::VERBO:          - EndCycles: for.body3 -> {1: 470497}
parallelismSelector::VERBO:          - EndCycles: for.cond1.for.end_crit_edge -> {1: 470498}
parallelismSelector::VERBO:          - EndCycles: for.end -> {1: 470499}
parallelismSelector::VERBO:          - EndCycles: for.end_iso0 -> {1: 470500}
parallelismSelector::VERBO:          - EndCycles: for.end_iso1 -> {1: 470501}
parallelismSelector::VERBO:          - EndCycles: for.body -> {1: 2}
parallelismSelector::VERBO:          - EndCycles: for.body3.lr.ph -> {1: 2}
parallelismSelector::VERBO:        - MaxEndCycle: {1: 470501}
parallelismSelector::VERBO:        - Critical path: for.body3, for.cond1.for.end_crit_edge, for.end, for.end_iso0, for.end_iso1, for.body, for.body3.lr.ph
parallelismSelector::VERBO:     hasRAW: 0
parallelismSelector::VERBO:        - IIMem: {1: 1}, OwnedIIMem: {1: 1}, NestedIIMem: {1: 0}
parallelismSelector::VERBO: 
parallelismSelector::VERBO: Analyzing Function "fc1" (FunctionId 234):
parallelismSelector::VERBO:         LoopId: 60, Label: FC1_OUT, TC: 32, IL: {1: 470501}, IIMem: {1: 1}, IIDep 0
parallelismSelector::VERBO:         Overall latency for nested loop (LoopId 60): 15056032
parallelismSelector::VERBO:     MARegionScheduler::finalize():
parallelismSelector::VERBO:        - Function: _Z3fc1PKfiS0_S0_Pf
parallelismSelector::VERBO:          - EndCycles: for.end_iso1 -> {1: 15056033}
parallelismSelector::VERBO:          - EndCycles: for.end14 -> {1: 15056033}
parallelismSelector::VERBO:          - EndCycles: entry -> {1: 1}
parallelismSelector::VERBO:        - MaxEndCycle: {1: 15056033}
parallelismSelector::VERBO:        - Critical path: for.end_iso1, for.end14, for.body, entry
parallelismSelector::VERBO: 
parallelismSelector::VERBO: Analyzing Function "Outline_T9_F227_R8_Call" (FunctionId 242):
parallelismSelector::VERBO:     MARegionScheduler::finalize():
parallelismSelector::VERBO:        - Function: Outline_T9_F227_R8_Call
parallelismSelector::VERBO:          - EndCycles: newFuncRoot -> {1: 1}
parallelismSelector::VERBO:          - EndCycles: newFuncRoot_iso0 -> {1: 15056034}
parallelismSelector::VERBO:        - MaxEndCycle: {1: 15056034}
parallelismSelector::VERBO:        - Critical path: newFuncRoot, newFuncRoot_iso0
parallelismSelector::VERBO: 
parallelismSelector::VERBO: [LatencyEstimationVisitor] CallSite: CS(10 F=243) (196->112)(198->114)
parallelismSelector::VERBO: [LatencyEstimationVisitor] Equivalence table
                             Object with value: 196 is mapped to the object with value: 112
                             Object with value: 198 is mapped to the object with value: 114
                            
parallelismSelector::VERBO: [LatencyEstimationVisitor] CallSite: CS(18 F=235) (183->21)(184->196)(186->198)
parallelismSelector::VERBO: [LatencyEstimationVisitor] Equivalence table
                             Object with value: 183 is mapped to the object with value: 21
                             Object with value: 184 is mapped to the object with value: 112
                             Object with value: 186 is mapped to the object with value: 114
                             Object with value: 196 is mapped to the object with value: 112
                             Object with value: 198 is mapped to the object with value: 114
                            
parallelismSelector::VERBO: Analyzing Loop "FC2_LOOP" (LoopId 62):
parallelismSelector::VERBO:     MARegionScheduler::finalize():
parallelismSelector::VERBO:        - LoopId: 62 Label: FC2_LOOP
parallelismSelector::VERBO:          - EndCycles: for.body -> {1: 9}
parallelismSelector::VERBO:        - MaxEndCycle: {1: 9}
parallelismSelector::VERBO:        - Critical path: for.body
parallelismSelector::VERBO:     hasRAW: 1
parallelismSelector::VERBO:     Recurrence: Circuit=1:1 -> 1:11 -> 1:1
parallelismSelector::VERBO:       distance=4
parallelismSelector::VERBO:        - IIMem: {1: 1}, OwnedIIMem: {1: 1}, NestedIIMem: {1: 0}
parallelismSelector::VERBO: 
parallelismSelector::VERBO: Analyzing Function "fc2" (FunctionId 235):
parallelismSelector::VERBO:         LoopId: 62, Label: FC2_LOOP, TC: 32, IL: {1: 9}, IIMem: {1: 1}, IIDep 4
parallelismSelector::VERBO:         Overall latency for nested loop (LoopId 62): 134
parallelismSelector::VERBO:     MARegionScheduler::finalize():
parallelismSelector::VERBO:        - Function: _Z3fc2PKfS0_S0_Ph
parallelismSelector::VERBO:          - EndCycles: entry -> {1: 1}
parallelismSelector::VERBO:          - EndCycles: for.body -> {1: 135}
parallelismSelector::VERBO:          - EndCycles: for.end -> {1: 136}
parallelismSelector::VERBO:          - EndCycles: for.end_iso0 -> {1: 144}
parallelismSelector::VERBO:          - EndCycles: for.end_iso1 -> {1: 159}
parallelismSelector::VERBO:        - MaxEndCycle: {1: 159}
parallelismSelector::VERBO:        - Critical path: entry, for.body, for.end, for.end_iso0, for.end_iso1
parallelismSelector::VERBO: 
parallelismSelector::VERBO: Analyzing Function "Outline_T10_F227_R9_Call" (FunctionId 243):
parallelismSelector::VERBO:     MARegionScheduler::finalize():
parallelismSelector::VERBO:        - Function: Outline_T10_F227_R9_Call
parallelismSelector::VERBO:          - EndCycles: newFuncRoot -> {1: 1}
parallelismSelector::VERBO:          - EndCycles: newFuncRoot_iso0 -> {1: 160}
parallelismSelector::VERBO:        - MaxEndCycle: {1: 160}
parallelismSelector::VERBO:        - Critical path: newFuncRoot, newFuncRoot_iso0
parallelismSelector::VERBO: 
parallelismSelector::VERBO: Analyzing Function "cnn_accel" (FunctionId 227):
parallelismSelector::VERBO:     MARegionScheduler::finalize():
parallelismSelector::VERBO:        - Function: cnn_accel
parallelismSelector::VERBO:          - EndCycles: entry -> {1: 1}
parallelismSelector::VERBO:          - EndCycles: codeRepl -> {1: 384004}
parallelismSelector::VERBO:          - EndCycles: codeRepl1 -> {1: 19834795}
parallelismSelector::VERBO:          - EndCycles: codeRepl2 -> {1: 20269980}
parallelismSelector::VERBO:          - EndCycles: codeRepl4 -> {1: 42874970}
parallelismSelector::VERBO:          - EndCycles: entry_iso8 -> {1: 58012601}
parallelismSelector::VERBO:          - EndCycles: codeRepl3 -> {1: 42698532}
parallelismSelector::VERBO:          - EndCycles: codeRepl7 -> {1: 58012601}
parallelismSelector::VERBO:          - EndCycles: codeRepl5 -> {1: 42956405}
parallelismSelector::VERBO:          - EndCycles: codeRepl6 -> {1: 58012440}
parallelismSelector::VERBO:        - MaxEndCycle: {1: 58012601}
parallelismSelector::VERBO:        - Critical path: entry, codeRepl, codeRepl1, codeRepl2, codeRepl4, entry_iso8, codeRepl3, codeRepl7, codeRepl5, codeRepl6
parallelismSelector::VERBO: 
parallelismSelector::VERBO: Filling in timing metrics per region...
parallelismSelector::VERBO:     Collecting timing estimates for loop region with Id (38):
parallelismSelector::VERBO:     Initiation Interval:
parallelismSelector::VERBO:     LoopId: 38, Label: LOAD_IMG_CH, TC: 3, IL: {1: 2}, IIMem: {1: 1}, IIDep 0
parallelismSelector::VERBO:     	pipeline Cycles: 1
parallelismSelector::VERBO:     Latency:
parallelismSelector::VERBO:     LoopId: 38, Label: LOAD_IMG_CH, TC: 3, IL: {1: 2}, IIMem: {1: 1}, IIDep 0
parallelismSelector::VERBO:     	pipeline Cycles: 5
parallelismSelector::VERBO:     Mem Interval:
parallelismSelector::VERBO:     	pipeline Cycles: 1
parallelismSelector::VERBO:     Interval:
parallelismSelector::VERBO:     	pipeline Cycles: 3
parallelismSelector::VERBO:     Collecting timing estimates for loop region with Id (37):
parallelismSelector::VERBO:     Initiation Interval:
parallelismSelector::VERBO:     LoopId: 37, Label: LOAD_IMG_COLS, TC: 320, IL: {1: 5}, IIMem: {1: 0}, IIDep 0
parallelismSelector::VERBO:     	unroll 1 Cycles: 5
parallelismSelector::VERBO:     Latency:
parallelismSelector::VERBO:     LoopId: 37, Label: LOAD_IMG_COLS, TC: 320, IL: {1: 5}, IIMem: {1: 0}, IIDep 0
parallelismSelector::VERBO:     	unroll 1 Cycles: 1600
parallelismSelector::VERBO:     Mem Interval:
parallelismSelector::VERBO:     	unroll 1 Cycles: 0
parallelismSelector::VERBO:     Interval:
parallelismSelector::VERBO:     	unroll 1 Cycles: 1600
parallelismSelector::VERBO:     Collecting timing estimates for loop region with Id (36):
parallelismSelector::VERBO:     Initiation Interval:
parallelismSelector::VERBO:     LoopId: 36, Label: LOAD_IMG_ROWS, TC: 240, IL: {1: 1600}, IIMem: {1: 0}, IIDep 0
parallelismSelector::VERBO:     	unroll 1 Cycles: 1600
parallelismSelector::VERBO:     Latency:
parallelismSelector::VERBO:     LoopId: 36, Label: LOAD_IMG_ROWS, TC: 240, IL: {1: 1600}, IIMem: {1: 0}, IIDep 0
parallelismSelector::VERBO:     	unroll 1 Cycles: 384000
parallelismSelector::VERBO:     Mem Interval:
parallelismSelector::VERBO:     	unroll 1 Cycles: 0
parallelismSelector::VERBO:     Interval:
parallelismSelector::VERBO:     	unroll 1 Cycles: 384000
parallelismSelector::VERBO:     Collecting timing estimates for loop region with Id (44):
parallelismSelector::VERBO:     Initiation Interval:
parallelismSelector::VERBO:     LoopId: 44, Label: CONV1_CH, TC: 3, IL: {3: 9}, IIMem: {3: 0}, IIDep 4
parallelismSelector::VERBO:     	unroll 3 Cycles: 16
parallelismSelector::VERBO:     Latency:
parallelismSelector::VERBO:     LoopId: 44, Label: CONV1_CH, TC: 3, IL: {3: 9}, IIMem: {3: 0}, IIDep 4
parallelismSelector::VERBO:     	unroll 3 Cycles: 16
parallelismSelector::VERBO:     Mem Interval:
parallelismSelector::VERBO:     	unroll 3 Cycles: 0
parallelismSelector::VERBO:     Interval:
parallelismSelector::VERBO:     	unroll 3 Cycles: 16
parallelismSelector::VERBO:     Collecting timing estimates for loop region with Id (43):
parallelismSelector::VERBO:     Initiation Interval:
parallelismSelector::VERBO:     LoopId: 43, Label: CONV1_KC, TC: 3, IL: {3: 16}, IIMem: {3: 0}, IIDep 4
parallelismSelector::VERBO:     	unroll 3 Cycles: 23
parallelismSelector::VERBO:     Latency:
parallelismSelector::VERBO:     LoopId: 43, Label: CONV1_KC, TC: 3, IL: {3: 16}, IIMem: {3: 0}, IIDep 4
parallelismSelector::VERBO:     	unroll 3 Cycles: 23
parallelismSelector::VERBO:     Mem Interval:
parallelismSelector::VERBO:     	unroll 3 Cycles: 0
parallelismSelector::VERBO:     Interval:
parallelismSelector::VERBO:     	unroll 3 Cycles: 23
parallelismSelector::VERBO:     Collecting timing estimates for loop region with Id (42):
parallelismSelector::VERBO:     Initiation Interval:
parallelismSelector::VERBO:     LoopId: 42, Label: CONV1_KR, TC: 3, IL: {3: 23}, IIMem: {3: 0}, IIDep 4
parallelismSelector::VERBO:     	unroll 3 Cycles: 30
parallelismSelector::VERBO:     Latency:
parallelismSelector::VERBO:     LoopId: 42, Label: CONV1_KR, TC: 3, IL: {3: 23}, IIMem: {3: 0}, IIDep 4
parallelismSelector::VERBO:     	unroll 3 Cycles: 30
parallelismSelector::VERBO:     Mem Interval:
parallelismSelector::VERBO:     	unroll 3 Cycles: 0
parallelismSelector::VERBO:     Interval:
parallelismSelector::VERBO:     	unroll 3 Cycles: 30
parallelismSelector::VERBO:     Collecting timing estimates for loop region with Id (41):
parallelismSelector::VERBO:     Initiation Interval:
parallelismSelector::VERBO:     LoopId: 41, Label: CONV1_FIL, TC: 8, IL: {1: 33}, IIMem: {1: 28}, IIDep 0
parallelismSelector::VERBO:     	pipeline Cycles: 28
parallelismSelector::VERBO:     Latency:
parallelismSelector::VERBO:     LoopId: 41, Label: CONV1_FIL, TC: 8, IL: {1: 33}, IIMem: {1: 28}, IIDep 0
parallelismSelector::VERBO:     	pipeline Cycles: 257
parallelismSelector::VERBO:     Mem Interval:
parallelismSelector::VERBO:     	pipeline Cycles: 28
parallelismSelector::VERBO:     Interval:
parallelismSelector::VERBO:     	pipeline Cycles: 224
parallelismSelector::VERBO:     Collecting timing estimates for loop region with Id (40):
parallelismSelector::VERBO:     Initiation Interval:
parallelismSelector::VERBO:     LoopId: 40, Label: CONV1_COL, TC: 318, IL: {1: 257}, IIMem: {1: 0}, IIDep 0
parallelismSelector::VERBO:     	unroll 1 Cycles: 257
parallelismSelector::VERBO:     Latency:
parallelismSelector::VERBO:     LoopId: 40, Label: CONV1_COL, TC: 318, IL: {1: 257}, IIMem: {1: 0}, IIDep 0
parallelismSelector::VERBO:     	unroll 1 Cycles: 81726
parallelismSelector::VERBO:     Mem Interval:
parallelismSelector::VERBO:     	unroll 1 Cycles: 0
parallelismSelector::VERBO:     Interval:
parallelismSelector::VERBO:     	unroll 1 Cycles: 81726
parallelismSelector::VERBO:     Collecting timing estimates for loop region with Id (39):
parallelismSelector::VERBO:     Initiation Interval:
parallelismSelector::VERBO:     LoopId: 39, Label: CONV1_ROW, TC: 238, IL: {1: 81726}, IIMem: {1: 0}, IIDep 0
parallelismSelector::VERBO:     	unroll 1 Cycles: 81726
parallelismSelector::VERBO:     Latency:
parallelismSelector::VERBO:     LoopId: 39, Label: CONV1_ROW, TC: 238, IL: {1: 81726}, IIMem: {1: 0}, IIDep 0
parallelismSelector::VERBO:     	unroll 1 Cycles: 19450788
parallelismSelector::VERBO:     Mem Interval:
parallelismSelector::VERBO:     	unroll 1 Cycles: 0
parallelismSelector::VERBO:     Interval:
parallelismSelector::VERBO:     	unroll 1 Cycles: 19450788
parallelismSelector::VERBO:     Collecting timing estimates for loop region with Id (47):
parallelismSelector::VERBO:     Initiation Interval:
parallelismSelector::VERBO:     LoopId: 47, Label: POOL1_CH, TC: 8, IL: {1: 7}, IIMem: {1: 2}, IIDep 0
parallelismSelector::VERBO:     	pipeline Cycles: 2
parallelismSelector::VERBO:     Latency:
parallelismSelector::VERBO:     LoopId: 47, Label: POOL1_CH, TC: 8, IL: {1: 7}, IIMem: {1: 2}, IIDep 0
parallelismSelector::VERBO:     	pipeline Cycles: 23
parallelismSelector::VERBO:     Mem Interval:
parallelismSelector::VERBO:     	pipeline Cycles: 2
parallelismSelector::VERBO:     Interval:
parallelismSelector::VERBO:     	pipeline Cycles: 16
parallelismSelector::VERBO:     Collecting timing estimates for loop region with Id (46):
parallelismSelector::VERBO:     Initiation Interval:
parallelismSelector::VERBO:     LoopId: 46, Label: POOL1_COL, TC: 159, IL: {1: 23}, IIMem: {1: 0}, IIDep 0
parallelismSelector::VERBO:     	unroll 1 Cycles: 23
parallelismSelector::VERBO:     Latency:
parallelismSelector::VERBO:     LoopId: 46, Label: POOL1_COL, TC: 159, IL: {1: 23}, IIMem: {1: 0}, IIDep 0
parallelismSelector::VERBO:     	unroll 1 Cycles: 3657
parallelismSelector::VERBO:     Mem Interval:
parallelismSelector::VERBO:     	unroll 1 Cycles: 0
parallelismSelector::VERBO:     Interval:
parallelismSelector::VERBO:     	unroll 1 Cycles: 3657
parallelismSelector::VERBO:     Collecting timing estimates for loop region with Id (45):
parallelismSelector::VERBO:     Initiation Interval:
parallelismSelector::VERBO:     LoopId: 45, Label: POOL1_ROW, TC: 119, IL: {1: 3657}, IIMem: {1: 0}, IIDep 0
parallelismSelector::VERBO:     	unroll 1 Cycles: 3657
parallelismSelector::VERBO:     Latency:
parallelismSelector::VERBO:     LoopId: 45, Label: POOL1_ROW, TC: 119, IL: {1: 3657}, IIMem: {1: 0}, IIDep 0
parallelismSelector::VERBO:     	unroll 1 Cycles: 435183
parallelismSelector::VERBO:     Mem Interval:
parallelismSelector::VERBO:     	unroll 1 Cycles: 0
parallelismSelector::VERBO:     Interval:
parallelismSelector::VERBO:     	unroll 1 Cycles: 435183
parallelismSelector::VERBO:     Collecting timing estimates for loop region with Id (53):
parallelismSelector::VERBO:     Initiation Interval:
parallelismSelector::VERBO:     LoopId: 53, Label: CONV2_CH, TC: 8, IL: {8: 9}, IIMem: {8: 0}, IIDep 4
parallelismSelector::VERBO:     	unroll 8 Cycles: 36
parallelismSelector::VERBO:     Latency:
parallelismSelector::VERBO:     LoopId: 53, Label: CONV2_CH, TC: 8, IL: {8: 9}, IIMem: {8: 0}, IIDep 4
parallelismSelector::VERBO:     	unroll 8 Cycles: 36
parallelismSelector::VERBO:     Mem Interval:
parallelismSelector::VERBO:     	unroll 8 Cycles: 0
parallelismSelector::VERBO:     Interval:
parallelismSelector::VERBO:     	unroll 8 Cycles: 36
parallelismSelector::VERBO:     Collecting timing estimates for loop region with Id (52):
parallelismSelector::VERBO:     Initiation Interval:
parallelismSelector::VERBO:     LoopId: 52, Label: CONV2_KC, TC: 3, IL: {3: 36}, IIMem: {3: 0}, IIDep 4
parallelismSelector::VERBO:     	unroll 3 Cycles: 43
parallelismSelector::VERBO:     Latency:
parallelismSelector::VERBO:     LoopId: 52, Label: CONV2_KC, TC: 3, IL: {3: 36}, IIMem: {3: 0}, IIDep 4
parallelismSelector::VERBO:     	unroll 3 Cycles: 43
parallelismSelector::VERBO:     Mem Interval:
parallelismSelector::VERBO:     	unroll 3 Cycles: 0
parallelismSelector::VERBO:     Interval:
parallelismSelector::VERBO:     	unroll 3 Cycles: 43
parallelismSelector::VERBO:     Collecting timing estimates for loop region with Id (51):
parallelismSelector::VERBO:     Initiation Interval:
parallelismSelector::VERBO:     LoopId: 51, Label: CONV2_KR, TC: 3, IL: {3: 43}, IIMem: {3: 0}, IIDep 4
parallelismSelector::VERBO:     	unroll 3 Cycles: 50
parallelismSelector::VERBO:     Latency:
parallelismSelector::VERBO:     LoopId: 51, Label: CONV2_KR, TC: 3, IL: {3: 43}, IIMem: {3: 0}, IIDep 4
parallelismSelector::VERBO:     	unroll 3 Cycles: 50
parallelismSelector::VERBO:     Mem Interval:
parallelismSelector::VERBO:     	unroll 3 Cycles: 0
parallelismSelector::VERBO:     Interval:
parallelismSelector::VERBO:     	unroll 3 Cycles: 50
parallelismSelector::VERBO:     Collecting timing estimates for loop region with Id (50):
parallelismSelector::VERBO:     Initiation Interval:
parallelismSelector::VERBO:     LoopId: 50, Label: CONV2_FIL, TC: 16, IL: {1: 53}, IIMem: {1: 73}, IIDep 0
parallelismSelector::VERBO:     	pipeline Cycles: 73
parallelismSelector::VERBO:     Latency:
parallelismSelector::VERBO:     LoopId: 50, Label: CONV2_FIL, TC: 16, IL: {1: 53}, IIMem: {1: 73}, IIDep 0
parallelismSelector::VERBO:     	pipeline Cycles: 1221
parallelismSelector::VERBO:     Mem Interval:
parallelismSelector::VERBO:     	pipeline Cycles: 73
parallelismSelector::VERBO:     Interval:
parallelismSelector::VERBO:     	pipeline Cycles: 1168
parallelismSelector::VERBO:     Collecting timing estimates for loop region with Id (49):
parallelismSelector::VERBO:     Initiation Interval:
parallelismSelector::VERBO:     LoopId: 49, Label: CONV2_COL, TC: 157, IL: {1: 1221}, IIMem: {1: 0}, IIDep 0
parallelismSelector::VERBO:     	unroll 1 Cycles: 1221
parallelismSelector::VERBO:     Latency:
parallelismSelector::VERBO:     LoopId: 49, Label: CONV2_COL, TC: 157, IL: {1: 1221}, IIMem: {1: 0}, IIDep 0
parallelismSelector::VERBO:     	unroll 1 Cycles: 191697
parallelismSelector::VERBO:     Mem Interval:
parallelismSelector::VERBO:     	unroll 1 Cycles: 0
parallelismSelector::VERBO:     Interval:
parallelismSelector::VERBO:     	unroll 1 Cycles: 191697
parallelismSelector::VERBO:     Collecting timing estimates for loop region with Id (48):
parallelismSelector::VERBO:     Initiation Interval:
parallelismSelector::VERBO:     LoopId: 48, Label: CONV2_ROW, TC: 117, IL: {1: 191697}, IIMem: {1: 0}, IIDep 0
parallelismSelector::VERBO:     	unroll 1 Cycles: 191697
parallelismSelector::VERBO:     Latency:
parallelismSelector::VERBO:     LoopId: 48, Label: CONV2_ROW, TC: 117, IL: {1: 191697}, IIMem: {1: 0}, IIDep 0
parallelismSelector::VERBO:     	unroll 1 Cycles: 22428549
parallelismSelector::VERBO:     Mem Interval:
parallelismSelector::VERBO:     	unroll 1 Cycles: 0
parallelismSelector::VERBO:     Interval:
parallelismSelector::VERBO:     	unroll 1 Cycles: 22428549
parallelismSelector::VERBO:     Collecting timing estimates for loop region with Id (56):
parallelismSelector::VERBO:     Initiation Interval:
parallelismSelector::VERBO:     LoopId: 56, Label: POOL2_CH, TC: 16, IL: {1: 7}, IIMem: {1: 2}, IIDep 0
parallelismSelector::VERBO:     	pipeline Cycles: 2
parallelismSelector::VERBO:     Latency:
parallelismSelector::VERBO:     LoopId: 56, Label: POOL2_CH, TC: 16, IL: {1: 7}, IIMem: {1: 2}, IIDep 0
parallelismSelector::VERBO:     	pipeline Cycles: 39
parallelismSelector::VERBO:     Mem Interval:
parallelismSelector::VERBO:     	pipeline Cycles: 2
parallelismSelector::VERBO:     Interval:
parallelismSelector::VERBO:     	pipeline Cycles: 32
parallelismSelector::VERBO:     Collecting timing estimates for loop region with Id (55):
parallelismSelector::VERBO:     Initiation Interval:
parallelismSelector::VERBO:     LoopId: 55, Label: POOL2_COL, TC: 78, IL: {1: 39}, IIMem: {1: 0}, IIDep 0
parallelismSelector::VERBO:     	unroll 1 Cycles: 39
parallelismSelector::VERBO:     Latency:
parallelismSelector::VERBO:     LoopId: 55, Label: POOL2_COL, TC: 78, IL: {1: 39}, IIMem: {1: 0}, IIDep 0
parallelismSelector::VERBO:     	unroll 1 Cycles: 3042
parallelismSelector::VERBO:     Mem Interval:
parallelismSelector::VERBO:     	unroll 1 Cycles: 0
parallelismSelector::VERBO:     Interval:
parallelismSelector::VERBO:     	unroll 1 Cycles: 3042
parallelismSelector::VERBO:     Collecting timing estimates for loop region with Id (54):
parallelismSelector::VERBO:     Initiation Interval:
parallelismSelector::VERBO:     LoopId: 54, Label: POOL2_ROW, TC: 58, IL: {1: 3042}, IIMem: {1: 0}, IIDep 0
parallelismSelector::VERBO:     	unroll 1 Cycles: 3042
parallelismSelector::VERBO:     Latency:
parallelismSelector::VERBO:     LoopId: 54, Label: POOL2_ROW, TC: 58, IL: {1: 3042}, IIMem: {1: 0}, IIDep 0
parallelismSelector::VERBO:     	unroll 1 Cycles: 176436
parallelismSelector::VERBO:     Mem Interval:
parallelismSelector::VERBO:     	unroll 1 Cycles: 0
parallelismSelector::VERBO:     Interval:
parallelismSelector::VERBO:     	unroll 1 Cycles: 176436
parallelismSelector::VERBO:     Collecting timing estimates for loop region with Id (59):
parallelismSelector::VERBO:     Initiation Interval:
parallelismSelector::VERBO:     LoopId: 59, TC: 16, IL: {1: 2}, IIMem: {1: 0.5}, IIDep 1
parallelismSelector::VERBO:     	pipeline Cycles: 1
parallelismSelector::VERBO:     Latency:
parallelismSelector::VERBO:     LoopId: 59, TC: 16, IL: {1: 2}, IIMem: {1: 0.5}, IIDep 1
parallelismSelector::VERBO:     	pipeline Cycles: 18
parallelismSelector::VERBO:     Mem Interval:
parallelismSelector::VERBO:     	pipeline Cycles: 1
parallelismSelector::VERBO:     Interval:
parallelismSelector::VERBO:     	pipeline Cycles: 16
parallelismSelector::VERBO:     Collecting timing estimates for loop region with Id (58):
parallelismSelector::VERBO:     Initiation Interval:
parallelismSelector::VERBO:     LoopId: 58, TC: 78, IL: {1: 18}, IIMem: {1: 0}, IIDep 1
parallelismSelector::VERBO:     	unroll 1 Cycles: 18
parallelismSelector::VERBO:     Latency:
parallelismSelector::VERBO:     LoopId: 58, TC: 78, IL: {1: 18}, IIMem: {1: 0}, IIDep 1
parallelismSelector::VERBO:     	unroll 1 Cycles: 1404
parallelismSelector::VERBO:     Mem Interval:
parallelismSelector::VERBO:     	unroll 1 Cycles: 0
parallelismSelector::VERBO:     Interval:
parallelismSelector::VERBO:     	unroll 1 Cycles: 1404
parallelismSelector::VERBO:     Collecting timing estimates for loop region with Id (57):
parallelismSelector::VERBO:     Initiation Interval:
parallelismSelector::VERBO:     LoopId: 57, Label: FLATTEN, TC: 58, IL: {1: 1404}, IIMem: {1: 0}, IIDep 1
parallelismSelector::VERBO:     	unroll 1 Cycles: 1404
parallelismSelector::VERBO:     Latency:
parallelismSelector::VERBO:     LoopId: 57, Label: FLATTEN, TC: 58, IL: {1: 1404}, IIMem: {1: 0}, IIDep 1
parallelismSelector::VERBO:     	unroll 1 Cycles: 81432
parallelismSelector::VERBO:     Mem Interval:
parallelismSelector::VERBO:     	unroll 1 Cycles: 0
parallelismSelector::VERBO:     Interval:
parallelismSelector::VERBO:     	unroll 1 Cycles: 81432
parallelismSelector::VERBO:     Collecting timing estimates for loop region with Id (61):
parallelismSelector::VERBO:     Initiation Interval:
parallelismSelector::VERBO:     LoopId: 61, TC: 72384, IL: {2: 9}, IIMem: {2: 1}, IIDep 4
parallelismSelector::VERBO:     	unroll 2 Cycles: 13
parallelismSelector::VERBO:     Latency:
parallelismSelector::VERBO:     LoopId: 61, TC: 72384, IL: {2: 9}, IIMem: {2: 1}, IIDep 4
parallelismSelector::VERBO:     	unroll 2 Cycles: 470496
parallelismSelector::VERBO:     Mem Interval:
parallelismSelector::VERBO:     	unroll 2 Cycles: 1
parallelismSelector::VERBO:     Interval:
parallelismSelector::VERBO:     	unroll 2 Cycles: 470496
parallelismSelector::VERBO:     Collecting timing estimates for loop region with Id (60):
parallelismSelector::VERBO:     Initiation Interval:
parallelismSelector::VERBO:     LoopId: 60, Label: FC1_OUT, TC: 32, IL: {1: 470501}, IIMem: {1: 1}, IIDep 0
parallelismSelector::VERBO:     	unroll 1 Cycles: 470501
parallelismSelector::VERBO:     Latency:
parallelismSelector::VERBO:     LoopId: 60, Label: FC1_OUT, TC: 32, IL: {1: 470501}, IIMem: {1: 1}, IIDep 0
parallelismSelector::VERBO:     	unroll 1 Cycles: 15056032
parallelismSelector::VERBO:     Mem Interval:
parallelismSelector::VERBO:     	unroll 1 Cycles: 1
parallelismSelector::VERBO:     Interval:
parallelismSelector::VERBO:     	unroll 1 Cycles: 15056032
parallelismSelector::VERBO:     Collecting timing estimates for loop region with Id (62):
parallelismSelector::VERBO:     Initiation Interval:
parallelismSelector::VERBO:     LoopId: 62, Label: FC2_LOOP, TC: 32, IL: {1: 9}, IIMem: {1: 1}, IIDep 4
parallelismSelector::VERBO:     	pipeline Cycles: 4
parallelismSelector::VERBO:     Latency:
parallelismSelector::VERBO:     LoopId: 62, Label: FC2_LOOP, TC: 32, IL: {1: 9}, IIMem: {1: 1}, IIDep 4
parallelismSelector::VERBO:     	pipeline Cycles: 134
parallelismSelector::VERBO:     Mem Interval:
parallelismSelector::VERBO:     	pipeline Cycles: 1
parallelismSelector::VERBO:     Interval:
parallelismSelector::VERBO:     	pipeline Cycles: 128
parallelismSelector::VERBO: [AreaEstimationVisitor] Func: cnn_accel : 227
parallelismSelector::VERBO: [AreaEstimationVisitor] CallSite: CS(3 F=236) (187->105)
parallelismSelector::VERBO:   New Equivalence table
                             Object with value: 187 is mapped to the object with value: 105
                            
parallelismSelector::VERBO: [AreaEstimationVisitor] Func: Outline_T3_F227_R2_Call : 236
parallelismSelector::VERBO: [AreaEstimationVisitor] CallSite: CS(11 F=228) (117->187)(118->15)
parallelismSelector::VERBO:   New Equivalence table
                             Object with value: 117 is mapped to the object with value: 105
                             Object with value: 118 is mapped to the object with value: 15
                             Object with value: 187 is mapped to the object with value: 105
                            
parallelismSelector::VERBO: [AreaEstimationVisitor] Func: _Z8load_imgPKfPA320_A3_f : 228
parallelismSelector::VERBO: [AreaEstimationVisitor] Loop: 36
parallelismSelector::VERBO: [AreaEstimationVisitor] Loop: 37
parallelismSelector::VERBO: [AreaEstimationVisitor] Loop: 38
parallelismSelector::VERBO: [Finalize] Self shareable area: LUTs: 0 FFs: 0 DSPs: 0 BRAMs: 0
parallelismSelector::VERBO: [Finalize] ParallelOperationNumPerLoop: {38: 1}
parallelismSelector::VERBO: [Finalize] Contribution of this loop to shareable area: LUTs: 0 FFs: 0 DSPs: 0 BRAMs: 0
parallelismSelector::VERBO: [AreaEstimationVisitor] Total shareable area: LUTs: 0 FFs: 0 DSPs: 0 BRAMs: 0 Total unshareable area: LUTs: 96 FFs: 0 DSPs: 0 BRAMs: 0
parallelismSelector::VERBO: [AreaEstimationVisitor] Self shareable area: LUTs: 0 FFs: 0 DSPs: 0 BRAMs: 0 Self unshareable area: LUTs: 44 FFs: 0 DSPs: 0 BRAMs: 0
parallelismSelector::VERBO: [visitNestedHeader] Adding nested shareable area from loop(id) 38 LUTs: 0 FFs: 0 DSPs: 0 BRAMs: 0
parallelismSelector::VERBO: [Finalize] Self shareable area: LUTs: 0 FFs: 0 DSPs: 0 BRAMs: 0
parallelismSelector::VERBO: [Finalize] ParallelOperationNumPerLoop: {}
parallelismSelector::VERBO: [Finalize] Contribution of this loop to shareable area: LUTs: 0 FFs: 0 DSPs: 0 BRAMs: 0
parallelismSelector::VERBO: [AreaEstimationVisitor] Total shareable area: LUTs: 0 FFs: 0 DSPs: 0 BRAMs: 0 Total unshareable area: LUTs: 172 FFs: 0 DSPs: 0 BRAMs: 0
parallelismSelector::VERBO: [AreaEstimationVisitor] Self shareable area: LUTs: 0 FFs: 0 DSPs: 0 BRAMs: 0 Self unshareable area: LUTs: 76 FFs: 0 DSPs: 0 BRAMs: 0
parallelismSelector::VERBO: [visitNestedHeader] Adding nested shareable area from loop(id) 37 LUTs: 0 FFs: 0 DSPs: 0 BRAMs: 0
parallelismSelector::VERBO: [Finalize] Self shareable area: LUTs: 0 FFs: 0 DSPs: 0 BRAMs: 0
parallelismSelector::VERBO: [Finalize] ParallelOperationNumPerLoop: {}
parallelismSelector::VERBO: [Finalize] Contribution of this loop to shareable area: LUTs: 0 FFs: 0 DSPs: 0 BRAMs: 0
parallelismSelector::VERBO: [AreaEstimationVisitor] Total shareable area: LUTs: 0 FFs: 0 DSPs: 0 BRAMs: 0 Total unshareable area: LUTs: 216 FFs: 0 DSPs: 0 BRAMs: 0
parallelismSelector::VERBO: [AreaEstimationVisitor] Self shareable area: LUTs: 0 FFs: 0 DSPs: 0 BRAMs: 0 Self unshareable area: LUTs: 44 FFs: 0 DSPs: 0 BRAMs: 0
parallelismSelector::VERBO: [Finalize] Self shareable area: LUTs: 0 FFs: 0 DSPs: 0 BRAMs: 0
parallelismSelector::VERBO: [AreaEstimationVisitor] Total shareable area: LUTs: 0 FFs: 0 DSPs: 0 BRAMs: 0 Total unshareable area: LUTs: 216 FFs: 0 DSPs: 0 BRAMs: 0
parallelismSelector::VERBO: [AreaEstimationVisitor] Self shareable area: LUTs: 0 FFs: 0 DSPs: 0 BRAMs: 0 Self unshareable area: LUTs: 0 FFs: 0 DSPs: 0 BRAMs: 0
parallelismSelector::VERBO: [Finalize] Self shareable area: LUTs: 0 FFs: 0 DSPs: 0 BRAMs: 0
parallelismSelector::VERBO: [AreaEstimationVisitor] Total shareable area: LUTs: 0 FFs: 0 DSPs: 0 BRAMs: 0 Total unshareable area: LUTs: 216 FFs: 0 DSPs: 0 BRAMs: 0
parallelismSelector::VERBO: [AreaEstimationVisitor] Self shareable area: LUTs: 0 FFs: 0 DSPs: 0 BRAMs: 0 Self unshareable area: LUTs: 216 FFs: 0 DSPs: 0 BRAMs: 0
parallelismSelector::VERBO: [AreaEstimationVisitor] CallSite: CS(4 F=237) (188->106)(189->107)
parallelismSelector::VERBO:   New Equivalence table
                             Object with value: 188 is mapped to the object with value: 106
                             Object with value: 189 is mapped to the object with value: 107
                            
parallelismSelector::VERBO: [AreaEstimationVisitor] Func: Outline_T4_F227_R3_Call : 237
parallelismSelector::VERBO: [AreaEstimationVisitor] CallSite: CS(12 F=229) (123->15)(124->188)(125->189)(126->16)
parallelismSelector::VERBO:   New Equivalence table
                             Object with value: 123 is mapped to the object with value: 15
                             Object with value: 124 is mapped to the object with value: 106
                             Object with value: 125 is mapped to the object with value: 107
                             Object with value: 126 is mapped to the object with value: 16
                             Object with value: 188 is mapped to the object with value: 106
                             Object with value: 189 is mapped to the object with value: 107
                            
parallelismSelector::VERBO: [AreaEstimationVisitor] Func: _Z5conv1PA320_A3_KfPS_S3_PA318_A8_f : 229
parallelismSelector::VERBO: [AreaEstimationVisitor] Loop: 39
parallelismSelector::VERBO: [AreaEstimationVisitor] Loop: 40
parallelismSelector::VERBO: [AreaEstimationVisitor] Loop: 41
parallelismSelector::VERBO: [AreaEstimationVisitor] Loop: 42
parallelismSelector::VERBO: [AreaEstimationVisitor] Loop: 43
parallelismSelector::VERBO: [AreaEstimationVisitor] Loop: 44
parallelismSelector::VERBO: [Finalize] Self shareable area: LUTs: 759 FFs: 357 DSPs: 5 BRAMs: 0
parallelismSelector::VERBO: [AreaEstimationVisitor] Total shareable area: LUTs: 0 FFs: 0 DSPs: 0 BRAMs: 0 Total unshareable area: LUTs: 516 FFs: 0 DSPs: 0 BRAMs: 0
parallelismSelector::VERBO: [AreaEstimationVisitor] Self shareable area: LUTs: 759 FFs: 357 DSPs: 5 BRAMs: 0 Self unshareable area: LUTs: 172 FFs: 0 DSPs: 0 BRAMs: 0
parallelismSelector::VERBO: [visitNestedHeader] Adding nested shareable area from loop(id) 44 LUTs: 0 FFs: 0 DSPs: 0 BRAMs: 0
parallelismSelector::VERBO: [Finalize] Self shareable area: LUTs: 0 FFs: 0 DSPs: 0 BRAMs: 0
parallelismSelector::VERBO: [AreaEstimationVisitor] Total shareable area: LUTs: 0 FFs: 0 DSPs: 0 BRAMs: 0 Total unshareable area: LUTs: 1680 FFs: 0 DSPs: 0 BRAMs: 0
parallelismSelector::VERBO: [AreaEstimationVisitor] Self shareable area: LUTs: 0 FFs: 0 DSPs: 0 BRAMs: 0 Self unshareable area: LUTs: 44 FFs: 0 DSPs: 0 BRAMs: 0
parallelismSelector::VERBO: [visitNestedHeader] Adding nested shareable area from loop(id) 43 LUTs: 0 FFs: 0 DSPs: 0 BRAMs: 0
parallelismSelector::VERBO: [Finalize] Self shareable area: LUTs: 0 FFs: 0 DSPs: 0 BRAMs: 0
parallelismSelector::VERBO: [AreaEstimationVisitor] Total shareable area: LUTs: 0 FFs: 0 DSPs: 0 BRAMs: 0 Total unshareable area: LUTs: 5172 FFs: 0 DSPs: 0 BRAMs: 0
parallelismSelector::VERBO: [AreaEstimationVisitor] Self shareable area: LUTs: 0 FFs: 0 DSPs: 0 BRAMs: 0 Self unshareable area: LUTs: 44 FFs: 0 DSPs: 0 BRAMs: 0
parallelismSelector::VERBO: [visitNestedHeader] MinMaxParallelOperationNumPerLoop: {44: 2}
parallelismSelector::VERBO: [visitNestedHeader] Adding nested shareable area from loop(id) 42 LUTs: 759 FFs: 357 DSPs: 5 BRAMs: 0
parallelismSelector::VERBO: [Finalize] Self shareable area: LUTs: 0 FFs: 0 DSPs: 0 BRAMs: 0
parallelismSelector::VERBO: [Finalize] ParallelOperationNumPerLoop: {41: 1}
parallelismSelector::VERBO: [Finalize] Contribution of this loop to shareable area: LUTs: 0 FFs: 0 DSPs: 0 BRAMs: 0
parallelismSelector::VERBO: [AreaEstimationVisitor] Total shareable area: LUTs: 759 FFs: 357 DSPs: 5 BRAMs: 0 Total unshareable area: LUTs: 5820 FFs: 6 DSPs: 0 BRAMs: 0
parallelismSelector::VERBO: [AreaEstimationVisitor] Self shareable area: LUTs: 0 FFs: 0 DSPs: 0 BRAMs: 0 Self unshareable area: LUTs: 88 FFs: 6 DSPs: 0 BRAMs: 0
parallelismSelector::VERBO: [visitNestedHeader] Adding nested shareable area from loop(id) 41 LUTs: 759 FFs: 357 DSPs: 5 BRAMs: 0
parallelismSelector::VERBO: [Finalize] Self shareable area: LUTs: 0 FFs: 0 DSPs: 0 BRAMs: 0
parallelismSelector::VERBO: [Finalize] ParallelOperationNumPerLoop: {}
parallelismSelector::VERBO: [Finalize] Contribution of this loop to shareable area: LUTs: 0 FFs: 0 DSPs: 0 BRAMs: 0
parallelismSelector::VERBO: [AreaEstimationVisitor] Total shareable area: LUTs: 759 FFs: 357 DSPs: 5 BRAMs: 0 Total unshareable area: LUTs: 5832 FFs: 6 DSPs: 0 BRAMs: 0
parallelismSelector::VERBO: [AreaEstimationVisitor] Self shareable area: LUTs: 0 FFs: 0 DSPs: 0 BRAMs: 0 Self unshareable area: LUTs: 12 FFs: 0 DSPs: 0 BRAMs: 0
parallelismSelector::VERBO: [visitNestedHeader] Adding nested shareable area from loop(id) 40 LUTs: 759 FFs: 357 DSPs: 5 BRAMs: 0
parallelismSelector::VERBO: [Finalize] Self shareable area: LUTs: 0 FFs: 0 DSPs: 0 BRAMs: 0
parallelismSelector::VERBO: [Finalize] ParallelOperationNumPerLoop: {}
parallelismSelector::VERBO: [Finalize] Contribution of this loop to shareable area: LUTs: 0 FFs: 0 DSPs: 0 BRAMs: 0
parallelismSelector::VERBO: [AreaEstimationVisitor] Total shareable area: LUTs: 759 FFs: 357 DSPs: 5 BRAMs: 0 Total unshareable area: LUTs: 5844 FFs: 6 DSPs: 0 BRAMs: 0
parallelismSelector::VERBO: [AreaEstimationVisitor] Self shareable area: LUTs: 0 FFs: 0 DSPs: 0 BRAMs: 0 Self unshareable area: LUTs: 12 FFs: 0 DSPs: 0 BRAMs: 0
parallelismSelector::VERBO: [Finalize] Self shareable area: LUTs: 0 FFs: 0 DSPs: 0 BRAMs: 0
parallelismSelector::VERBO: [AreaEstimationVisitor] Total shareable area: LUTs: 759 FFs: 357 DSPs: 5 BRAMs: 0 Total unshareable area: LUTs: 5844 FFs: 6 DSPs: 0 BRAMs: 0
parallelismSelector::VERBO: [AreaEstimationVisitor] Self shareable area: LUTs: 0 FFs: 0 DSPs: 0 BRAMs: 0 Self unshareable area: LUTs: 0 FFs: 0 DSPs: 0 BRAMs: 0
parallelismSelector::VERBO: [Finalize] Self shareable area: LUTs: 759 FFs: 357 DSPs: 5 BRAMs: 0
parallelismSelector::VERBO: [AreaEstimationVisitor] Total shareable area: LUTs: 759 FFs: 357 DSPs: 5 BRAMs: 0 Total unshareable area: LUTs: 5844 FFs: 6 DSPs: 0 BRAMs: 0
parallelismSelector::VERBO: [AreaEstimationVisitor] Self shareable area: LUTs: 759 FFs: 357 DSPs: 5 BRAMs: 0 Self unshareable area: LUTs: 5844 FFs: 6 DSPs: 0 BRAMs: 0
parallelismSelector::VERBO: [AreaEstimationVisitor] CallSite: CS(5 F=238) 
parallelismSelector::VERBO:   New Equivalence table
                            
parallelismSelector::VERBO: [AreaEstimationVisitor] Func: Outline_T5_F227_R4_Call : 238
parallelismSelector::VERBO: [AreaEstimationVisitor] CallSite: CS(13 F=230) (135->16)(136->17)
parallelismSelector::VERBO:   New Equivalence table
                             Object with value: 135 is mapped to the object with value: 16
                             Object with value: 136 is mapped to the object with value: 17
                            
parallelismSelector::VERBO: [AreaEstimationVisitor] Func: _Z5pool1PA318_A8_KfPA159_A8_f : 230
parallelismSelector::VERBO: [AreaEstimationVisitor] Loop: 45
parallelismSelector::VERBO: [AreaEstimationVisitor] Loop: 46
parallelismSelector::VERBO: [AreaEstimationVisitor] Loop: 47
parallelismSelector::VERBO: [Finalize] Self shareable area: LUTs: 0 FFs: 0 DSPs: 0 BRAMs: 0
parallelismSelector::VERBO: [Finalize] ParallelOperationNumPerLoop: {47: 1}
parallelismSelector::VERBO: [Finalize] Contribution of this loop to shareable area: LUTs: 0 FFs: 0 DSPs: 0 BRAMs: 0
parallelismSelector::VERBO: [AreaEstimationVisitor] Total shareable area: LUTs: 0 FFs: 0 DSPs: 0 BRAMs: 0 Total unshareable area: LUTs: 284 FFs: 18 DSPs: 0 BRAMs: 0
parallelismSelector::VERBO: [AreaEstimationVisitor] Self shareable area: LUTs: 0 FFs: 0 DSPs: 0 BRAMs: 0 Self unshareable area: LUTs: 144 FFs: 18 DSPs: 0 BRAMs: 0
parallelismSelector::VERBO: [visitNestedHeader] Adding nested shareable area from loop(id) 47 LUTs: 0 FFs: 0 DSPs: 0 BRAMs: 0
parallelismSelector::VERBO: [Finalize] Self shareable area: LUTs: 0 FFs: 0 DSPs: 0 BRAMs: 0
parallelismSelector::VERBO: [Finalize] ParallelOperationNumPerLoop: {}
parallelismSelector::VERBO: [Finalize] Contribution of this loop to shareable area: LUTs: 0 FFs: 0 DSPs: 0 BRAMs: 0
parallelismSelector::VERBO: [AreaEstimationVisitor] Total shareable area: LUTs: 0 FFs: 0 DSPs: 0 BRAMs: 0 Total unshareable area: LUTs: 296 FFs: 18 DSPs: 0 BRAMs: 0
parallelismSelector::VERBO: [AreaEstimationVisitor] Self shareable area: LUTs: 0 FFs: 0 DSPs: 0 BRAMs: 0 Self unshareable area: LUTs: 12 FFs: 0 DSPs: 0 BRAMs: 0
parallelismSelector::VERBO: [visitNestedHeader] Adding nested shareable area from loop(id) 46 LUTs: 0 FFs: 0 DSPs: 0 BRAMs: 0
parallelismSelector::VERBO: [Finalize] Self shareable area: LUTs: 0 FFs: 0 DSPs: 0 BRAMs: 0
parallelismSelector::VERBO: [Finalize] ParallelOperationNumPerLoop: {}
parallelismSelector::VERBO: [Finalize] Contribution of this loop to shareable area: LUTs: 0 FFs: 0 DSPs: 0 BRAMs: 0
parallelismSelector::VERBO: [AreaEstimationVisitor] Total shareable area: LUTs: 0 FFs: 0 DSPs: 0 BRAMs: 0 Total unshareable area: LUTs: 308 FFs: 18 DSPs: 0 BRAMs: 0
parallelismSelector::VERBO: [AreaEstimationVisitor] Self shareable area: LUTs: 0 FFs: 0 DSPs: 0 BRAMs: 0 Self unshareable area: LUTs: 12 FFs: 0 DSPs: 0 BRAMs: 0
parallelismSelector::VERBO: [Finalize] Self shareable area: LUTs: 0 FFs: 0 DSPs: 0 BRAMs: 0
parallelismSelector::VERBO: [AreaEstimationVisitor] Total shareable area: LUTs: 0 FFs: 0 DSPs: 0 BRAMs: 0 Total unshareable area: LUTs: 308 FFs: 18 DSPs: 0 BRAMs: 0
parallelismSelector::VERBO: [AreaEstimationVisitor] Self shareable area: LUTs: 0 FFs: 0 DSPs: 0 BRAMs: 0 Self unshareable area: LUTs: 0 FFs: 0 DSPs: 0 BRAMs: 0
parallelismSelector::VERBO: [Finalize] Self shareable area: LUTs: 0 FFs: 0 DSPs: 0 BRAMs: 0
parallelismSelector::VERBO: [AreaEstimationVisitor] Total shareable area: LUTs: 0 FFs: 0 DSPs: 0 BRAMs: 0 Total unshareable area: LUTs: 308 FFs: 18 DSPs: 0 BRAMs: 0
parallelismSelector::VERBO: [AreaEstimationVisitor] Self shareable area: LUTs: 0 FFs: 0 DSPs: 0 BRAMs: 0 Self unshareable area: LUTs: 308 FFs: 18 DSPs: 0 BRAMs: 0
parallelismSelector::VERBO: [AreaEstimationVisitor] CallSite: CS(6 F=239) (190->108)(191->109)
parallelismSelector::VERBO:   New Equivalence table
                             Object with value: 190 is mapped to the object with value: 108
                             Object with value: 191 is mapped to the object with value: 109
                            
parallelismSelector::VERBO: [AreaEstimationVisitor] Func: Outline_T6_F227_R5_Call : 239
parallelismSelector::VERBO: [AreaEstimationVisitor] CallSite: CS(14 F=231) (146->17)(147->190)(148->191)(149->18)
parallelismSelector::VERBO:   New Equivalence table
                             Object with value: 146 is mapped to the object with value: 17
                             Object with value: 147 is mapped to the object with value: 108
                             Object with value: 148 is mapped to the object with value: 109
                             Object with value: 149 is mapped to the object with value: 18
                             Object with value: 190 is mapped to the object with value: 108
                             Object with value: 191 is mapped to the object with value: 109
                            
parallelismSelector::VERBO: [AreaEstimationVisitor] Func: _Z5conv2PA159_A8_KfPS_S3_PA157_A16_f : 231
parallelismSelector::VERBO: [AreaEstimationVisitor] Loop: 48
parallelismSelector::VERBO: [AreaEstimationVisitor] Loop: 49
parallelismSelector::VERBO: [AreaEstimationVisitor] Loop: 50
parallelismSelector::VERBO: [AreaEstimationVisitor] Loop: 51
parallelismSelector::VERBO: [AreaEstimationVisitor] Loop: 52
parallelismSelector::VERBO: [AreaEstimationVisitor] Loop: 53
parallelismSelector::VERBO: [Finalize] Self shareable area: LUTs: 759 FFs: 357 DSPs: 5 BRAMs: 0
parallelismSelector::VERBO: [AreaEstimationVisitor] Total shareable area: LUTs: 0 FFs: 0 DSPs: 0 BRAMs: 0 Total unshareable area: LUTs: 1376 FFs: 0 DSPs: 0 BRAMs: 0
parallelismSelector::VERBO: [AreaEstimationVisitor] Self shareable area: LUTs: 759 FFs: 357 DSPs: 5 BRAMs: 0 Self unshareable area: LUTs: 172 FFs: 0 DSPs: 0 BRAMs: 0
parallelismSelector::VERBO: [visitNestedHeader] Adding nested shareable area from loop(id) 53 LUTs: 0 FFs: 0 DSPs: 0 BRAMs: 0
parallelismSelector::VERBO: [Finalize] Self shareable area: LUTs: 0 FFs: 0 DSPs: 0 BRAMs: 0
parallelismSelector::VERBO: [AreaEstimationVisitor] Total shareable area: LUTs: 0 FFs: 0 DSPs: 0 BRAMs: 0 Total unshareable area: LUTs: 4260 FFs: 0 DSPs: 0 BRAMs: 0
parallelismSelector::VERBO: [AreaEstimationVisitor] Self shareable area: LUTs: 0 FFs: 0 DSPs: 0 BRAMs: 0 Self unshareable area: LUTs: 44 FFs: 0 DSPs: 0 BRAMs: 0
parallelismSelector::VERBO: [visitNestedHeader] Adding nested shareable area from loop(id) 52 LUTs: 0 FFs: 0 DSPs: 0 BRAMs: 0
parallelismSelector::VERBO: [Finalize] Self shareable area: LUTs: 0 FFs: 0 DSPs: 0 BRAMs: 0
parallelismSelector::VERBO: [AreaEstimationVisitor] Total shareable area: LUTs: 0 FFs: 0 DSPs: 0 BRAMs: 0 Total unshareable area: LUTs: 12912 FFs: 0 DSPs: 0 BRAMs: 0
parallelismSelector::VERBO: [AreaEstimationVisitor] Self shareable area: LUTs: 0 FFs: 0 DSPs: 0 BRAMs: 0 Self unshareable area: LUTs: 44 FFs: 0 DSPs: 0 BRAMs: 0
parallelismSelector::VERBO: [visitNestedHeader] MinMaxParallelOperationNumPerLoop: {53: 2}
parallelismSelector::VERBO: [visitNestedHeader] Adding nested shareable area from loop(id) 51 LUTs: 759 FFs: 357 DSPs: 5 BRAMs: 0
parallelismSelector::VERBO: [Finalize] Self shareable area: LUTs: 0 FFs: 0 DSPs: 0 BRAMs: 0
parallelismSelector::VERBO: [Finalize] ParallelOperationNumPerLoop: {50: 1}
parallelismSelector::VERBO: [Finalize] Contribution of this loop to shareable area: LUTs: 0 FFs: 0 DSPs: 0 BRAMs: 0
parallelismSelector::VERBO: [AreaEstimationVisitor] Total shareable area: LUTs: 759 FFs: 357 DSPs: 5 BRAMs: 0 Total unshareable area: LUTs: 14326 FFs: 6 DSPs: 0 BRAMs: 0
parallelismSelector::VERBO: [AreaEstimationVisitor] Self shareable area: LUTs: 0 FFs: 0 DSPs: 0 BRAMs: 0 Self unshareable area: LUTs: 56 FFs: 6 DSPs: 0 BRAMs: 0
parallelismSelector::VERBO: [visitNestedHeader] Adding nested shareable area from loop(id) 50 LUTs: 759 FFs: 357 DSPs: 5 BRAMs: 0
parallelismSelector::VERBO: [Finalize] Self shareable area: LUTs: 0 FFs: 0 DSPs: 0 BRAMs: 0
parallelismSelector::VERBO: [Finalize] ParallelOperationNumPerLoop: {}
parallelismSelector::VERBO: [Finalize] Contribution of this loop to shareable area: LUTs: 0 FFs: 0 DSPs: 0 BRAMs: 0
parallelismSelector::VERBO: [AreaEstimationVisitor] Total shareable area: LUTs: 759 FFs: 357 DSPs: 5 BRAMs: 0 Total unshareable area: LUTs: 14338 FFs: 6 DSPs: 0 BRAMs: 0
parallelismSelector::VERBO: [AreaEstimationVisitor] Self shareable area: LUTs: 0 FFs: 0 DSPs: 0 BRAMs: 0 Self unshareable area: LUTs: 12 FFs: 0 DSPs: 0 BRAMs: 0
parallelismSelector::VERBO: [visitNestedHeader] Adding nested shareable area from loop(id) 49 LUTs: 759 FFs: 357 DSPs: 5 BRAMs: 0
parallelismSelector::VERBO: [Finalize] Self shareable area: LUTs: 0 FFs: 0 DSPs: 0 BRAMs: 0
parallelismSelector::VERBO: [Finalize] ParallelOperationNumPerLoop: {}
parallelismSelector::VERBO: [Finalize] Contribution of this loop to shareable area: LUTs: 0 FFs: 0 DSPs: 0 BRAMs: 0
parallelismSelector::VERBO: [AreaEstimationVisitor] Total shareable area: LUTs: 759 FFs: 357 DSPs: 5 BRAMs: 0 Total unshareable area: LUTs: 14350 FFs: 6 DSPs: 0 BRAMs: 0
parallelismSelector::VERBO: [AreaEstimationVisitor] Self shareable area: LUTs: 0 FFs: 0 DSPs: 0 BRAMs: 0 Self unshareable area: LUTs: 12 FFs: 0 DSPs: 0 BRAMs: 0
parallelismSelector::VERBO: [Finalize] Self shareable area: LUTs: 0 FFs: 0 DSPs: 0 BRAMs: 0
parallelismSelector::VERBO: [AreaEstimationVisitor] Total shareable area: LUTs: 759 FFs: 357 DSPs: 5 BRAMs: 0 Total unshareable area: LUTs: 14350 FFs: 6 DSPs: 0 BRAMs: 0
parallelismSelector::VERBO: [AreaEstimationVisitor] Self shareable area: LUTs: 0 FFs: 0 DSPs: 0 BRAMs: 0 Self unshareable area: LUTs: 0 FFs: 0 DSPs: 0 BRAMs: 0
parallelismSelector::VERBO: [Finalize] Self shareable area: LUTs: 759 FFs: 357 DSPs: 5 BRAMs: 0
parallelismSelector::VERBO: [AreaEstimationVisitor] Total shareable area: LUTs: 759 FFs: 357 DSPs: 5 BRAMs: 0 Total unshareable area: LUTs: 14350 FFs: 6 DSPs: 0 BRAMs: 0
parallelismSelector::VERBO: [AreaEstimationVisitor] Self shareable area: LUTs: 759 FFs: 357 DSPs: 5 BRAMs: 0 Self unshareable area: LUTs: 14350 FFs: 6 DSPs: 0 BRAMs: 0
parallelismSelector::VERBO: [AreaEstimationVisitor] CallSite: CS(7 F=240) 
parallelismSelector::VERBO:   New Equivalence table
                            
parallelismSelector::VERBO: [AreaEstimationVisitor] Func: Outline_T7_F227_R6_Call : 240
parallelismSelector::VERBO: [AreaEstimationVisitor] CallSite: CS(15 F=232) (158->18)(159->19)
parallelismSelector::VERBO:   New Equivalence table
                             Object with value: 158 is mapped to the object with value: 18
                             Object with value: 159 is mapped to the object with value: 19
                            
parallelismSelector::VERBO: [AreaEstimationVisitor] Func: _Z5pool2PA157_A16_KfPA78_A16_f : 232
parallelismSelector::VERBO: [AreaEstimationVisitor] Loop: 54
parallelismSelector::VERBO: [AreaEstimationVisitor] Loop: 55
parallelismSelector::VERBO: [AreaEstimationVisitor] Loop: 56
parallelismSelector::VERBO: [Finalize] Self shareable area: LUTs: 0 FFs: 0 DSPs: 0 BRAMs: 0
parallelismSelector::VERBO: [Finalize] ParallelOperationNumPerLoop: {56: 1}
parallelismSelector::VERBO: [Finalize] Contribution of this loop to shareable area: LUTs: 0 FFs: 0 DSPs: 0 BRAMs: 0
parallelismSelector::VERBO: [AreaEstimationVisitor] Total shareable area: LUTs: 0 FFs: 0 DSPs: 0 BRAMs: 0 Total unshareable area: LUTs: 284 FFs: 18 DSPs: 0 BRAMs: 0
parallelismSelector::VERBO: [AreaEstimationVisitor] Self shareable area: LUTs: 0 FFs: 0 DSPs: 0 BRAMs: 0 Self unshareable area: LUTs: 144 FFs: 18 DSPs: 0 BRAMs: 0
parallelismSelector::VERBO: [visitNestedHeader] Adding nested shareable area from loop(id) 56 LUTs: 0 FFs: 0 DSPs: 0 BRAMs: 0
parallelismSelector::VERBO: [Finalize] Self shareable area: LUTs: 0 FFs: 0 DSPs: 0 BRAMs: 0
parallelismSelector::VERBO: [Finalize] ParallelOperationNumPerLoop: {}
parallelismSelector::VERBO: [Finalize] Contribution of this loop to shareable area: LUTs: 0 FFs: 0 DSPs: 0 BRAMs: 0
parallelismSelector::VERBO: [AreaEstimationVisitor] Total shareable area: LUTs: 0 FFs: 0 DSPs: 0 BRAMs: 0 Total unshareable area: LUTs: 296 FFs: 18 DSPs: 0 BRAMs: 0
parallelismSelector::VERBO: [AreaEstimationVisitor] Self shareable area: LUTs: 0 FFs: 0 DSPs: 0 BRAMs: 0 Self unshareable area: LUTs: 12 FFs: 0 DSPs: 0 BRAMs: 0
parallelismSelector::VERBO: [visitNestedHeader] Adding nested shareable area from loop(id) 55 LUTs: 0 FFs: 0 DSPs: 0 BRAMs: 0
parallelismSelector::VERBO: [Finalize] Self shareable area: LUTs: 0 FFs: 0 DSPs: 0 BRAMs: 0
parallelismSelector::VERBO: [Finalize] ParallelOperationNumPerLoop: {}
parallelismSelector::VERBO: [Finalize] Contribution of this loop to shareable area: LUTs: 0 FFs: 0 DSPs: 0 BRAMs: 0
parallelismSelector::VERBO: [AreaEstimationVisitor] Total shareable area: LUTs: 0 FFs: 0 DSPs: 0 BRAMs: 0 Total unshareable area: LUTs: 308 FFs: 18 DSPs: 0 BRAMs: 0
parallelismSelector::VERBO: [AreaEstimationVisitor] Self shareable area: LUTs: 0 FFs: 0 DSPs: 0 BRAMs: 0 Self unshareable area: LUTs: 12 FFs: 0 DSPs: 0 BRAMs: 0
parallelismSelector::VERBO: [Finalize] Self shareable area: LUTs: 0 FFs: 0 DSPs: 0 BRAMs: 0
parallelismSelector::VERBO: [AreaEstimationVisitor] Total shareable area: LUTs: 0 FFs: 0 DSPs: 0 BRAMs: 0 Total unshareable area: LUTs: 308 FFs: 18 DSPs: 0 BRAMs: 0
parallelismSelector::VERBO: [AreaEstimationVisitor] Self shareable area: LUTs: 0 FFs: 0 DSPs: 0 BRAMs: 0 Self unshareable area: LUTs: 0 FFs: 0 DSPs: 0 BRAMs: 0
parallelismSelector::VERBO: [Finalize] Self shareable area: LUTs: 0 FFs: 0 DSPs: 0 BRAMs: 0
parallelismSelector::VERBO: [AreaEstimationVisitor] Total shareable area: LUTs: 0 FFs: 0 DSPs: 0 BRAMs: 0 Total unshareable area: LUTs: 308 FFs: 18 DSPs: 0 BRAMs: 0
parallelismSelector::VERBO: [AreaEstimationVisitor] Self shareable area: LUTs: 0 FFs: 0 DSPs: 0 BRAMs: 0 Self unshareable area: LUTs: 308 FFs: 18 DSPs: 0 BRAMs: 0
parallelismSelector::VERBO: [AreaEstimationVisitor] CallSite: CS(8 F=241) (192->116)
parallelismSelector::VERBO:   New Equivalence table
                             Object with value: 192 is mapped to the object with value: 116
                            
parallelismSelector::VERBO: [AreaEstimationVisitor] Func: Outline_T8_F227_R7_Call : 241
parallelismSelector::VERBO: [AreaEstimationVisitor] CallSite: CS(16 F=233) (169->19)(170->20)(171->192)
parallelismSelector::VERBO:   New Equivalence table
                             Object with value: 169 is mapped to the object with value: 19
                             Object with value: 170 is mapped to the object with value: 20
                             Object with value: 171 is mapped to the object with value: 116
                             Object with value: 192 is mapped to the object with value: 116
                            
parallelismSelector::VERBO: [AreaEstimationVisitor] Func: _Z7flattenPA78_A16_KfPfRi : 233
parallelismSelector::VERBO: [AreaEstimationVisitor] Loop: 57
parallelismSelector::VERBO: [AreaEstimationVisitor] Loop: 58
parallelismSelector::VERBO: [AreaEstimationVisitor] Loop: 59
parallelismSelector::VERBO: [Finalize] Self shareable area: LUTs: 0 FFs: 0 DSPs: 0 BRAMs: 0
parallelismSelector::VERBO: [Finalize] ParallelOperationNumPerLoop: {59: 1}
parallelismSelector::VERBO: [Finalize] Contribution of this loop to shareable area: LUTs: 0 FFs: 0 DSPs: 0 BRAMs: 0
parallelismSelector::VERBO: [AreaEstimationVisitor] Total shareable area: LUTs: 0 FFs: 0 DSPs: 0 BRAMs: 0 Total unshareable area: LUTs: 68 FFs: 0 DSPs: 0 BRAMs: 0
parallelismSelector::VERBO: [AreaEstimationVisitor] Self shareable area: LUTs: 0 FFs: 0 DSPs: 0 BRAMs: 0 Self unshareable area: LUTs: 12 FFs: 0 DSPs: 0 BRAMs: 0
parallelismSelector::VERBO: [visitNestedHeader] Adding nested shareable area from loop(id) 59 LUTs: 0 FFs: 0 DSPs: 0 BRAMs: 0
parallelismSelector::VERBO: [Finalize] Self shareable area: LUTs: 0 FFs: 0 DSPs: 0 BRAMs: 0
parallelismSelector::VERBO: [Finalize] ParallelOperationNumPerLoop: {}
parallelismSelector::VERBO: [Finalize] Contribution of this loop to shareable area: LUTs: 0 FFs: 0 DSPs: 0 BRAMs: 0
parallelismSelector::VERBO: [AreaEstimationVisitor] Total shareable area: LUTs: 0 FFs: 0 DSPs: 0 BRAMs: 0 Total unshareable area: LUTs: 80 FFs: 0 DSPs: 0 BRAMs: 0
parallelismSelector::VERBO: [AreaEstimationVisitor] Self shareable area: LUTs: 0 FFs: 0 DSPs: 0 BRAMs: 0 Self unshareable area: LUTs: 12 FFs: 0 DSPs: 0 BRAMs: 0
parallelismSelector::VERBO: [visitNestedHeader] Adding nested shareable area from loop(id) 58 LUTs: 0 FFs: 0 DSPs: 0 BRAMs: 0
parallelismSelector::VERBO: [Finalize] Self shareable area: LUTs: 0 FFs: 0 DSPs: 0 BRAMs: 0
parallelismSelector::VERBO: [Finalize] ParallelOperationNumPerLoop: {}
parallelismSelector::VERBO: [Finalize] Contribution of this loop to shareable area: LUTs: 0 FFs: 0 DSPs: 0 BRAMs: 0
parallelismSelector::VERBO: [AreaEstimationVisitor] Total shareable area: LUTs: 0 FFs: 0 DSPs: 0 BRAMs: 0 Total unshareable area: LUTs: 92 FFs: 0 DSPs: 0 BRAMs: 0
parallelismSelector::VERBO: [AreaEstimationVisitor] Self shareable area: LUTs: 0 FFs: 0 DSPs: 0 BRAMs: 0 Self unshareable area: LUTs: 12 FFs: 0 DSPs: 0 BRAMs: 0
parallelismSelector::VERBO: [Finalize] Self shareable area: LUTs: 0 FFs: 0 DSPs: 0 BRAMs: 0
parallelismSelector::VERBO: [AreaEstimationVisitor] Total shareable area: LUTs: 0 FFs: 0 DSPs: 0 BRAMs: 0 Total unshareable area: LUTs: 92 FFs: 0 DSPs: 0 BRAMs: 0
parallelismSelector::VERBO: [AreaEstimationVisitor] Self shareable area: LUTs: 0 FFs: 0 DSPs: 0 BRAMs: 0 Self unshareable area: LUTs: 0 FFs: 0 DSPs: 0 BRAMs: 0
parallelismSelector::VERBO: [Finalize] Self shareable area: LUTs: 0 FFs: 0 DSPs: 0 BRAMs: 0
parallelismSelector::VERBO: [AreaEstimationVisitor] Total shareable area: LUTs: 0 FFs: 0 DSPs: 0 BRAMs: 0 Total unshareable area: LUTs: 92 FFs: 0 DSPs: 0 BRAMs: 0
parallelismSelector::VERBO: [AreaEstimationVisitor] Self shareable area: LUTs: 0 FFs: 0 DSPs: 0 BRAMs: 0 Self unshareable area: LUTs: 92 FFs: 0 DSPs: 0 BRAMs: 0
parallelismSelector::VERBO: [AreaEstimationVisitor] CallSite: CS(9 F=242) (194->110)(195->111)
parallelismSelector::VERBO:   New Equivalence table
                             Object with value: 194 is mapped to the object with value: 110
                             Object with value: 195 is mapped to the object with value: 111
                            
parallelismSelector::VERBO: [AreaEstimationVisitor] Func: Outline_T9_F227_R8_Call : 242
parallelismSelector::VERBO: [AreaEstimationVisitor] CallSite: CS(17 F=234) (175->20)(177->194)(178->195)(179->21)
parallelismSelector::VERBO:   New Equivalence table
                             Object with value: 175 is mapped to the object with value: 20
                             Object with value: 177 is mapped to the object with value: 110
                             Object with value: 178 is mapped to the object with value: 111
                             Object with value: 179 is mapped to the object with value: 21
                             Object with value: 194 is mapped to the object with value: 110
                             Object with value: 195 is mapped to the object with value: 111
                            
parallelismSelector::VERBO: [AreaEstimationVisitor] Func: _Z3fc1PKfiS0_S0_Pf : 234
parallelismSelector::VERBO: [AreaEstimationVisitor] Loop: 60
parallelismSelector::VERBO: [AreaEstimationVisitor] Loop: 61
parallelismSelector::VERBO: [Finalize] Self shareable area: LUTs: 759 FFs: 357 DSPs: 5 BRAMs: 0
parallelismSelector::VERBO: [Finalize] ParallelOperationNumPerLoop: {61: 2}
parallelismSelector::VERBO: [Finalize] Contribution of this loop to shareable area: LUTs: 759 FFs: 357 DSPs: 5 BRAMs: 0
parallelismSelector::VERBO: [AreaEstimationVisitor] Total shareable area: LUTs: 759 FFs: 357 DSPs: 5 BRAMs: 0 Total unshareable area: LUTs: 168 FFs: 0 DSPs: 0 BRAMs: 0
parallelismSelector::VERBO: [AreaEstimationVisitor] Self shareable area: LUTs: 759 FFs: 357 DSPs: 5 BRAMs: 0 Self unshareable area: LUTs: 44 FFs: 0 DSPs: 0 BRAMs: 0
parallelismSelector::VERBO: [visitNestedHeader] Adding nested shareable area from loop(id) 61 LUTs: 759 FFs: 357 DSPs: 5 BRAMs: 0
parallelismSelector::VERBO: [Finalize] Self shareable area: LUTs: 0 FFs: 0 DSPs: 0 BRAMs: 0
parallelismSelector::VERBO: [Finalize] ParallelOperationNumPerLoop: {60: 1}
parallelismSelector::VERBO: [Finalize] Contribution of this loop to shareable area: LUTs: 0 FFs: 0 DSPs: 0 BRAMs: 0
parallelismSelector::VERBO: [AreaEstimationVisitor] Total shareable area: LUTs: 759 FFs: 357 DSPs: 5 BRAMs: 0 Total unshareable area: LUTs: 253 FFs: 0 DSPs: 3 BRAMs: 0
parallelismSelector::VERBO: [AreaEstimationVisitor] Self shareable area: LUTs: 0 FFs: 0 DSPs: 0 BRAMs: 0 Self unshareable area: LUTs: 33 FFs: 0 DSPs: 3 BRAMs: 0
parallelismSelector::VERBO: [Finalize] Self shareable area: LUTs: 0 FFs: 0 DSPs: 0 BRAMs: 0
parallelismSelector::VERBO: [AreaEstimationVisitor] Total shareable area: LUTs: 759 FFs: 357 DSPs: 5 BRAMs: 0 Total unshareable area: LUTs: 265 FFs: 0 DSPs: 3 BRAMs: 0
parallelismSelector::VERBO: [AreaEstimationVisitor] Self shareable area: LUTs: 0 FFs: 0 DSPs: 0 BRAMs: 0 Self unshareable area: LUTs: 12 FFs: 0 DSPs: 0 BRAMs: 0
parallelismSelector::VERBO: [Finalize] Self shareable area: LUTs: 759 FFs: 357 DSPs: 5 BRAMs: 0
parallelismSelector::VERBO: [AreaEstimationVisitor] Total shareable area: LUTs: 759 FFs: 357 DSPs: 5 BRAMs: 0 Total unshareable area: LUTs: 265 FFs: 0 DSPs: 3 BRAMs: 0
parallelismSelector::VERBO: [AreaEstimationVisitor] Self shareable area: LUTs: 759 FFs: 357 DSPs: 5 BRAMs: 0 Self unshareable area: LUTs: 265 FFs: 0 DSPs: 3 BRAMs: 0
parallelismSelector::VERBO: [AreaEstimationVisitor] CallSite: CS(10 F=243) (196->112)(198->114)
parallelismSelector::VERBO:   New Equivalence table
                             Object with value: 196 is mapped to the object with value: 112
                             Object with value: 198 is mapped to the object with value: 114
                            
parallelismSelector::VERBO: [AreaEstimationVisitor] Func: Outline_T10_F227_R9_Call : 243
parallelismSelector::VERBO: [AreaEstimationVisitor] CallSite: CS(18 F=235) (183->21)(184->196)(186->198)
parallelismSelector::VERBO:   New Equivalence table
                             Object with value: 183 is mapped to the object with value: 21
                             Object with value: 184 is mapped to the object with value: 112
                             Object with value: 186 is mapped to the object with value: 114
                             Object with value: 196 is mapped to the object with value: 112
                             Object with value: 198 is mapped to the object with value: 114
                            
parallelismSelector::VERBO: [AreaEstimationVisitor] Func: _Z3fc2PKfS0_S0_Ph : 235
parallelismSelector::VERBO: [AreaEstimationVisitor] Loop: 62
parallelismSelector::VERBO: [Finalize] Self shareable area: LUTs: 759 FFs: 357 DSPs: 5 BRAMs: 0
parallelismSelector::VERBO: [Finalize] ParallelOperationNumPerLoop: {62: 1}
parallelismSelector::VERBO: [Finalize] Contribution of this loop to shareable area: LUTs: 759 FFs: 357 DSPs: 5 BRAMs: 0
parallelismSelector::VERBO: [AreaEstimationVisitor] Total shareable area: LUTs: 759 FFs: 357 DSPs: 5 BRAMs: 0 Total unshareable area: LUTs: 64 FFs: 0 DSPs: 0 BRAMs: 0
parallelismSelector::VERBO: [AreaEstimationVisitor] Self shareable area: LUTs: 759 FFs: 357 DSPs: 5 BRAMs: 0 Self unshareable area: LUTs: 12 FFs: 0 DSPs: 0 BRAMs: 0
parallelismSelector::VERBO: [Finalize] Self shareable area: LUTs: 1413 FFs: 554 DSPs: 9 BRAMs: 0
parallelismSelector::VERBO: [AreaEstimationVisitor] Total shareable area: LUTs: 2172 FFs: 911 DSPs: 14 BRAMs: 0 Total unshareable area: LUTs: 108 FFs: 6 DSPs: 0 BRAMs: 0
parallelismSelector::VERBO: [AreaEstimationVisitor] Self shareable area: LUTs: 1413 FFs: 554 DSPs: 9 BRAMs: 0 Self unshareable area: LUTs: 44 FFs: 6 DSPs: 0 BRAMs: 0
parallelismSelector::VERBO: [Finalize] Self shareable area: LUTs: 2172 FFs: 911 DSPs: 14 BRAMs: 0
parallelismSelector::VERBO: [AreaEstimationVisitor] Total shareable area: LUTs: 2172 FFs: 911 DSPs: 14 BRAMs: 0 Total unshareable area: LUTs: 108 FFs: 6 DSPs: 0 BRAMs: 0
parallelismSelector::VERBO: [AreaEstimationVisitor] Self shareable area: LUTs: 2172 FFs: 911 DSPs: 14 BRAMs: 0 Self unshareable area: LUTs: 108 FFs: 6 DSPs: 0 BRAMs: 0
parallelismSelector::VERBO: [Finalize] Self shareable area: LUTs: 0 FFs: 0 DSPs: 0 BRAMs: 0
parallelismSelector::VERBO: [AreaEstimationVisitor] Total shareable area: LUTs: 0 FFs: 0 DSPs: 0 BRAMs: 0 Total unshareable area: LUTs: 0 FFs: 0 DSPs: 0 BRAMs: 0
parallelismSelector::VERBO: [AreaEstimationVisitor] Self shareable area: LUTs: 0 FFs: 0 DSPs: 0 BRAMs: 0 Self unshareable area: LUTs: 0 FFs: 0 DSPs: 0 BRAMs: 0
parallelismSelector::VERBO: Calculate statically allocated area for variable ID 15
parallelismSelector::VERBO:     Array bits: 7372800. Elements: 230400. Element bits: 32
parallelismSelector::VERBO:     Estimate statically allocated area assuming the BRAM resource type
parallelismSelector::VERBO:         Would allocate 400 BRAMs according to the partition factor
parallelismSelector::VERBO: Calculate statically allocated area for variable ID 16
parallelismSelector::VERBO:     Array bits: 19375104. Elements: 605472. Element bits: 32
parallelismSelector::VERBO:     Estimate statically allocated area assuming the BRAM resource type
parallelismSelector::VERBO:         Would allocate 1052 BRAMs according to the partition factor
parallelismSelector::VERBO: Calculate statically allocated area for variable ID 17
parallelismSelector::VERBO:     Array bits: 4843776. Elements: 151368. Element bits: 32
parallelismSelector::VERBO:     Estimate statically allocated area assuming the BRAM resource type
parallelismSelector::VERBO:         Would allocate 263 BRAMs according to the partition factor
parallelismSelector::VERBO: Calculate statically allocated area for variable ID 18
parallelismSelector::VERBO:     Array bits: 9404928. Elements: 293904. Element bits: 32
parallelismSelector::VERBO:     Estimate statically allocated area assuming the BRAM resource type
parallelismSelector::VERBO:         Would allocate 511 BRAMs according to the partition factor
parallelismSelector::VERBO: Calculate statically allocated area for variable ID 19
parallelismSelector::VERBO:     Array bits: 2316288. Elements: 72384. Element bits: 32
parallelismSelector::VERBO:     Estimate statically allocated area assuming the BRAM resource type
parallelismSelector::VERBO:         Would allocate 126 BRAMs according to the partition factor
parallelismSelector::VERBO: Calculate statically allocated area for variable ID 20
parallelismSelector::VERBO:     Array bits: 2316288. Elements: 72384. Element bits: 32
parallelismSelector::VERBO:     Estimate statically allocated area assuming the BRAM resource type
parallelismSelector::VERBO:         Would allocate 126 BRAMs according to the partition factor
parallelismSelector::VERBO: Calculate statically allocated area for variable ID 21
parallelismSelector::VERBO:     Array bits: 1024. Elements: 32. Element bits: 32
parallelismSelector::VERBO:     Estimate statically allocated area assuming the BRAM resource type
parallelismSelector::VERBO:         Would allocate 1 BRAMs according to the partition factor
parallelismSelector::VERBO: Estimated metrics for the application:
parallelismSelector::VERBO: Loop with Id 36:
parallelismSelector::VERBO:     Trip count: 240 - 240
parallelismSelector::VERBO:     II: 1600 - 1600
parallelismSelector::VERBO:     IsPipelinedRegion: false
parallelismSelector::VERBO:     
parallelismSelector::VERBO: Loop with Id 37:
parallelismSelector::VERBO:     Trip count: 320 - 320
parallelismSelector::VERBO:     II: 5 - 5
parallelismSelector::VERBO:     IsPipelinedRegion: false
parallelismSelector::VERBO:     
parallelismSelector::VERBO: Loop with Id 38:
parallelismSelector::VERBO:     Variable with Id 15 (local_img):
parallelismSelector::VERBO:         II mem: 1 - 1
                                    NumAvailMemPorts: 2 - 2
                                    NumRequiredMemPorts: 1 - 1
parallelismSelector::VERBO:     Variable with Id 117 (img_in):
parallelismSelector::VERBO:         II mem: 1 - 1
                                    NumAvailMemPorts: 1 - 1
                                    NumRequiredMemPorts: 1 - 1
parallelismSelector::VERBO:     Trip count: 3 - 3
parallelismSelector::VERBO:     II: 1 - 1
parallelismSelector::VERBO:     IsPipelinedRegion: true
parallelismSelector::VERBO:     
parallelismSelector::VERBO: Loop with Id 39:
parallelismSelector::VERBO:     Trip count: 238 - 238
parallelismSelector::VERBO:     II: 81726 - 81726
parallelismSelector::VERBO:     IsPipelinedRegion: false
parallelismSelector::VERBO:     
parallelismSelector::VERBO: Loop with Id 40:
parallelismSelector::VERBO:     Trip count: 318 - 318
parallelismSelector::VERBO:     II: 257 - 257
parallelismSelector::VERBO:     IsPipelinedRegion: false
parallelismSelector::VERBO:     
parallelismSelector::VERBO: Loop with Id 41:
parallelismSelector::VERBO:     Variable with Id 15 (local_img):
parallelismSelector::VERBO:         II mem: 14 - 14
                                    NumAvailMemPorts: 2 - 2
                                    NumRequiredMemPorts: 27 - 27
parallelismSelector::VERBO:     Variable with Id 16 (feat1):
parallelismSelector::VERBO:         II mem: 1 - 1
                                    NumAvailMemPorts: 2 - 2
                                    NumRequiredMemPorts: 1 - 1
parallelismSelector::VERBO:     Variable with Id 124 (weights1):
parallelismSelector::VERBO:         II mem: 27 - 27
                                    NumAvailMemPorts: 1 - 1
                                    NumRequiredMemPorts: 27 - 27
parallelismSelector::VERBO:     Variable with Id 125 (bias1):
parallelismSelector::VERBO:         II mem: 1 - 1
                                    NumAvailMemPorts: 1 - 1
                                    NumRequiredMemPorts: 1 - 1
parallelismSelector::VERBO:     Trip count: 8 - 8
parallelismSelector::VERBO:     II: 28 - 28
parallelismSelector::VERBO:     IsPipelinedRegion: true
parallelismSelector::VERBO:     
parallelismSelector::VERBO: Loop with Id 42:
parallelismSelector::VERBO:     Circuit: { acc [phi]; acc [phi]; acc [phi]; add31 [fadd]; add31 [phi]; add31 [phi] }, Cycles: 4
parallelismSelector::VERBO:     Trip count: 1 - 1
parallelismSelector::VERBO:     II: 30 - 30
parallelismSelector::VERBO:     IsPipelinedRegion: false
parallelismSelector::VERBO:     
parallelismSelector::VERBO: Loop with Id 43:
parallelismSelector::VERBO:     Circuit: { acc [phi]; acc [phi]; add31 [fadd]; add31 [phi] }, Cycles: 4
parallelismSelector::VERBO:     Trip count: 1 - 1
parallelismSelector::VERBO:     II: 23 - 23
parallelismSelector::VERBO:     IsPipelinedRegion: false
parallelismSelector::VERBO:     
parallelismSelector::VERBO: Loop with Id 44:
parallelismSelector::VERBO:     Circuit: { acc [phi]; add31 [fadd] }, Cycles: 4
parallelismSelector::VERBO:     Trip count: 1 - 1
parallelismSelector::VERBO:     II: 16 - 16
parallelismSelector::VERBO:     IsPipelinedRegion: false
parallelismSelector::VERBO:     
parallelismSelector::VERBO: Loop with Id 45:
parallelismSelector::VERBO:     Trip count: 119 - 119
parallelismSelector::VERBO:     II: 3657 - 3657
parallelismSelector::VERBO:     IsPipelinedRegion: false
parallelismSelector::VERBO:     
parallelismSelector::VERBO: Loop with Id 46:
parallelismSelector::VERBO:     Trip count: 159 - 159
parallelismSelector::VERBO:     II: 23 - 23
parallelismSelector::VERBO:     IsPipelinedRegion: false
parallelismSelector::VERBO:     
parallelismSelector::VERBO: Loop with Id 47:
parallelismSelector::VERBO:     Variable with Id 16 (feat1):
parallelismSelector::VERBO:         II mem: 2 - 2
                                    NumAvailMemPorts: 2 - 2
                                    NumRequiredMemPorts: 4 - 4
parallelismSelector::VERBO:     Variable with Id 17 (feat1_p):
parallelismSelector::VERBO:         II mem: 1 - 1
                                    NumAvailMemPorts: 2 - 2
                                    NumRequiredMemPorts: 1 - 1
parallelismSelector::VERBO:     Trip count: 8 - 8
parallelismSelector::VERBO:     II: 2 - 2
parallelismSelector::VERBO:     IsPipelinedRegion: true
parallelismSelector::VERBO:     
parallelismSelector::VERBO: Loop with Id 48:
parallelismSelector::VERBO:     Trip count: 117 - 117
parallelismSelector::VERBO:     II: 191697 - 191697
parallelismSelector::VERBO:     IsPipelinedRegion: false
parallelismSelector::VERBO:     
parallelismSelector::VERBO: Loop with Id 49:
parallelismSelector::VERBO:     Trip count: 157 - 157
parallelismSelector::VERBO:     II: 1221 - 1221
parallelismSelector::VERBO:     IsPipelinedRegion: false
parallelismSelector::VERBO:     
parallelismSelector::VERBO: Loop with Id 50:
parallelismSelector::VERBO:     Variable with Id 17 (feat1_p):
parallelismSelector::VERBO:         II mem: 36 - 36
                                    NumAvailMemPorts: 2 - 2
                                    NumRequiredMemPorts: 72 - 72
parallelismSelector::VERBO:     Variable with Id 18 (feat2):
parallelismSelector::VERBO:         II mem: 1 - 1
                                    NumAvailMemPorts: 2 - 2
                                    NumRequiredMemPorts: 1 - 1
parallelismSelector::VERBO:     Variable with Id 147 (weights2):
parallelismSelector::VERBO:         II mem: 72 - 72
                                    NumAvailMemPorts: 1 - 1
                                    NumRequiredMemPorts: 72 - 72
parallelismSelector::VERBO:     Variable with Id 148 (bias2):
parallelismSelector::VERBO:         II mem: 1 - 1
                                    NumAvailMemPorts: 1 - 1
                                    NumRequiredMemPorts: 1 - 1
parallelismSelector::VERBO:     Trip count: 16 - 16
parallelismSelector::VERBO:     II: 73 - 73
parallelismSelector::VERBO:     IsPipelinedRegion: true
parallelismSelector::VERBO:     
parallelismSelector::VERBO: Loop with Id 51:
parallelismSelector::VERBO:     Circuit: { acc [phi]; acc [phi]; acc [phi]; add31 [fadd]; add31 [phi]; add31 [phi] }, Cycles: 4
parallelismSelector::VERBO:     Trip count: 1 - 1
parallelismSelector::VERBO:     II: 50 - 50
parallelismSelector::VERBO:     IsPipelinedRegion: false
parallelismSelector::VERBO:     
parallelismSelector::VERBO: Loop with Id 52:
parallelismSelector::VERBO:     Circuit: { acc [phi]; acc [phi]; add31 [fadd]; add31 [phi] }, Cycles: 4
parallelismSelector::VERBO:     Trip count: 1 - 1
parallelismSelector::VERBO:     II: 43 - 43
parallelismSelector::VERBO:     IsPipelinedRegion: false
parallelismSelector::VERBO:     
parallelismSelector::VERBO: Loop with Id 53:
parallelismSelector::VERBO:     Circuit: { acc [phi]; add31 [fadd] }, Cycles: 4
parallelismSelector::VERBO:     Trip count: 1 - 1
parallelismSelector::VERBO:     II: 36 - 36
parallelismSelector::VERBO:     IsPipelinedRegion: false
parallelismSelector::VERBO:     
parallelismSelector::VERBO: Loop with Id 54:
parallelismSelector::VERBO:     Trip count: 58 - 58
parallelismSelector::VERBO:     II: 3042 - 3042
parallelismSelector::VERBO:     IsPipelinedRegion: false
parallelismSelector::VERBO:     
parallelismSelector::VERBO: Loop with Id 55:
parallelismSelector::VERBO:     Trip count: 78 - 78
parallelismSelector::VERBO:     II: 39 - 39
parallelismSelector::VERBO:     IsPipelinedRegion: false
parallelismSelector::VERBO:     
parallelismSelector::VERBO: Loop with Id 56:
parallelismSelector::VERBO:     Variable with Id 18 (feat2):
parallelismSelector::VERBO:         II mem: 2 - 2
                                    NumAvailMemPorts: 2 - 2
                                    NumRequiredMemPorts: 4 - 4
parallelismSelector::VERBO:     Variable with Id 19 (feat2_p):
parallelismSelector::VERBO:         II mem: 1 - 1
                                    NumAvailMemPorts: 2 - 2
                                    NumRequiredMemPorts: 1 - 1
parallelismSelector::VERBO:     Trip count: 16 - 16
parallelismSelector::VERBO:     II: 2 - 2
parallelismSelector::VERBO:     IsPipelinedRegion: true
parallelismSelector::VERBO:     
parallelismSelector::VERBO: Loop with Id 57:
parallelismSelector::VERBO:     Circuit: { inc [phi]; inc [phi]; inc4 [phi]; inc [add]; inc [phi]; inc [phi] }, Cycles: 1
parallelismSelector::VERBO:     Trip count: 58 - 58
parallelismSelector::VERBO:     II: 1404 - 1404
parallelismSelector::VERBO:     IsPipelinedRegion: false
parallelismSelector::VERBO:     
parallelismSelector::VERBO: Loop with Id 58:
parallelismSelector::VERBO:     Circuit: { inc [phi]; inc4 [phi]; inc [add]; inc [phi] }, Cycles: 1
parallelismSelector::VERBO:     Trip count: 78 - 78
parallelismSelector::VERBO:     II: 18 - 18
parallelismSelector::VERBO:     IsPipelinedRegion: false
parallelismSelector::VERBO:     
parallelismSelector::VERBO: Loop with Id 59:
parallelismSelector::VERBO:     Circuit: { m [phi]; inc13 [add] }, Cycles: 1
parallelismSelector::VERBO:     Variable with Id 19 (feat2_p):
parallelismSelector::VERBO:         II mem: 1 - 1
                                    NumAvailMemPorts: 2 - 2
                                    NumRequiredMemPorts: 1 - 1
parallelismSelector::VERBO:     Variable with Id 20 (vec1):
parallelismSelector::VERBO:         II mem: 1 - 1
                                    NumAvailMemPorts: 2 - 2
                                    NumRequiredMemPorts: 1 - 1
parallelismSelector::VERBO:     Trip count: 16 - 16
parallelismSelector::VERBO:     II: 1 - 1
parallelismSelector::VERBO:     IsPipelinedRegion: true
parallelismSelector::VERBO:     
parallelismSelector::VERBO: Loop with Id 60:
parallelismSelector::VERBO:     Variable with Id 21 (vec2):
parallelismSelector::VERBO:         II mem: 1 - 1
                                    NumAvailMemPorts: 2 - 2
                                    NumRequiredMemPorts: 1 - 1
parallelismSelector::VERBO:     Variable with Id 178 (FC1_B):
parallelismSelector::VERBO:         II mem: 1 - 1
                                    NumAvailMemPorts: 1 - 1
                                    NumRequiredMemPorts: 1 - 1
parallelismSelector::VERBO:     Trip count: 32 - 32
parallelismSelector::VERBO:     II: 470501 - 470501
parallelismSelector::VERBO:     IsPipelinedRegion: false
parallelismSelector::VERBO:     
parallelismSelector::VERBO: Loop with Id 61:
parallelismSelector::VERBO:     Circuit: { acc [phi]; add9 [fadd] }, Cycles: 4
parallelismSelector::VERBO:     Variable with Id 20 (vec1):
parallelismSelector::VERBO:         II mem: 1 - 1
                                    NumAvailMemPorts: 2 - 2
                                    NumRequiredMemPorts: 2 - 2
parallelismSelector::VERBO:     Variable with Id 177 (FC1_W):
parallelismSelector::VERBO:         II mem: 2 - 2
                                    NumAvailMemPorts: 1 - 1
                                    NumRequiredMemPorts: 2 - 2
parallelismSelector::VERBO:     Trip count: 36192 - 36192
parallelismSelector::VERBO:     II: 13 - 13
parallelismSelector::VERBO:     IsPipelinedRegion: false
parallelismSelector::VERBO:     
parallelismSelector::VERBO: Loop with Id 62:
parallelismSelector::VERBO:     Circuit: { acc2 [phi]; add [fadd] }, Cycles: 4
parallelismSelector::VERBO:     Variable with Id 21 (vec2):
parallelismSelector::VERBO:         II mem: 1 - 1
                                    NumAvailMemPorts: 2 - 2
                                    NumRequiredMemPorts: 1 - 1
parallelismSelector::VERBO:     Variable with Id 184 (FC2_W):
parallelismSelector::VERBO:         II mem: 1 - 1
                                    NumAvailMemPorts: 1 - 1
                                    NumRequiredMemPorts: 1 - 1
parallelismSelector::VERBO:     Trip count: 32 - 32
parallelismSelector::VERBO:     II: 4 - 4
parallelismSelector::VERBO:     IsPipelinedRegion: true
parallelismSelector::VERBO:     
parallelismSelector::VERBO: Function with Id 227:
parallelismSelector::VERBO:     Interval: 58012602 - 58012602
                                Latency: 58012601 - 58012601
parallelismSelector::VERBO: Function with Id 228:
parallelismSelector::VERBO:     Interval: 384002 - 384002
                                Latency: 384001 - 384001
parallelismSelector::VERBO: Function with Id 229:
parallelismSelector::VERBO:     Interval: 19450790 - 19450790
                                Latency: 19450789 - 19450789
parallelismSelector::VERBO: Function with Id 230:
parallelismSelector::VERBO:     Interval: 435185 - 435185
                                Latency: 435184 - 435184
parallelismSelector::VERBO: Function with Id 231:
parallelismSelector::VERBO:     Interval: 22428551 - 22428551
                                Latency: 22428550 - 22428550
parallelismSelector::VERBO: Function with Id 232:
parallelismSelector::VERBO:     Interval: 176438 - 176438
                                Latency: 176437 - 176437
parallelismSelector::VERBO: Function with Id 233:
parallelismSelector::VERBO:     Interval: 81434 - 81434
                                Latency: 81433 - 81433
parallelismSelector::VERBO: Function with Id 234:
parallelismSelector::VERBO:     Interval: 15056034 - 15056034
                                Latency: 15056033 - 15056033
parallelismSelector::VERBO: Function with Id 235:
parallelismSelector::VERBO:     Interval: 160 - 160
                                Latency: 159 - 159
parallelismSelector::VERBO: Function with Id 236:
parallelismSelector::VERBO:     Interval: 384003 - 384003
                                Latency: 384002 - 384002
parallelismSelector::VERBO: Function with Id 237:
parallelismSelector::VERBO:     Interval: 19450791 - 19450791
                                Latency: 19450790 - 19450790
parallelismSelector::VERBO: Function with Id 238:
parallelismSelector::VERBO:     Interval: 435185 - 435185
                                Latency: 435184 - 435184
parallelismSelector::VERBO: Function with Id 239:
parallelismSelector::VERBO:     Interval: 22428552 - 22428552
                                Latency: 22428551 - 22428551
parallelismSelector::VERBO: Function with Id 240:
parallelismSelector::VERBO:     Interval: 176438 - 176438
                                Latency: 176437 - 176437
parallelismSelector::VERBO: Function with Id 241:
parallelismSelector::VERBO:     Interval: 81435 - 81435
                                Latency: 81434 - 81434
parallelismSelector::VERBO: Function with Id 242:
parallelismSelector::VERBO:     Interval: 15056035 - 15056035
                                Latency: 15056034 - 15056034
parallelismSelector::VERBO: Function with Id 243:
parallelismSelector::VERBO:     Interval: 161 - 161
                                Latency: 160 - 160
parallelismSelector::VERBO: Adding CallGuidance(SourceRange: C:\Users\ozair\Documents\Code_Drive\Drone\hls_files\conv_pool.cpp:111-111:5-31, TI: 384002) for RegionTask 'Task(T3,F227,R2)'
parallelismSelector::VERBO: Adding CallGuidance(SourceRange: C:\Users\ozair\Documents\Code_Drive\Drone\hls_files\conv_pool.cpp:114-114:5-44, TI: 19450790) for RegionTask 'Task(T4,F227,R3)'
parallelismSelector::VERBO: Adding CallGuidance(SourceRange: C:\Users\ozair\Documents\Code_Drive\Drone\hls_files\conv_pool.cpp:117-117:5-25, TI: 435185) for RegionTask 'Task(T5,F227,R4)'
parallelismSelector::VERBO: Adding CallGuidance(SourceRange: C:\Users\ozair\Documents\Code_Drive\Drone\hls_files\conv_pool.cpp:120-120:5-42, TI: 22428551) for RegionTask 'Task(T6,F227,R5)'
parallelismSelector::VERBO: Adding CallGuidance(SourceRange: C:\Users\ozair\Documents\Code_Drive\Drone\hls_files\conv_pool.cpp:123-123:5-25, TI: 176438) for RegionTask 'Task(T7,F227,R6)'
parallelismSelector::VERBO: Adding CallGuidance(SourceRange: C:\Users\ozair\Documents\Code_Drive\Drone\hls_files\conv_pool.cpp:126-126:5-31, TI: 81434) for RegionTask 'Task(T8,F227,R7)'
parallelismSelector::VERBO: Adding CallGuidance(SourceRange: C:\Users\ozair\Documents\Code_Drive\Drone\hls_files\conv_pool.cpp:129-129:5-38, TI: 15056034) for RegionTask 'Task(T9,F227,R8)'
parallelismSelector::VERBO: Adding CallGuidance(SourceRange: C:\Users\ozair\Documents\Code_Drive\Drone\hls_files\conv_pool.cpp:132-132:5-37, TI: 160) for RegionTask 'Task(T10,F227,R9)'
